"ID","Gemeinde_color","Ja_Stimmen_In_Prozent","Nein_Stimmen_In_Prozent","Gemeinde_fr","Text_fr"
301,37.6,37.6,62.4,"Aarberg (BE)","La population d'Aarberg rejette à 62,4 pour cent des voix l'initiative ""Pas de Suisse à 10 millions!». Le résultat a peu changé par rapport au vote sur l'initiative ""pour une immigration modérée» en 2020. Aarberg avait alors dit non à 62 pour cent."
302,76.9,76.9,23.1,"Bargen (BE)","Les habitants de Bargen (BE) soutiennent à 76,9 pour cent l'initiative ""Pas de Suisse à 10 millions!». Avec ce résultat, Bargen (BE) bascule dans le camp du oui. En 2020, la commune avait rejeté l'initiative ""pour une immigration modérée» avec 51,1 pour cent des voix."
303,52,52,48,"Grossaffoltern (BE)","A Grossaffoltern, les habitants disent oui à 52 pour cent à l'initiative ""Pas de Suisse à 10 millions!». Avec ce résultat, Grossaffoltern bascule dans le camp du oui. En 2020, la commune avait rejeté l'initiative ""pour une immigration modérée» avec 60,1 pour cent des voix."
304,30.7,30.7,69.3,"Kallnach (BE)","L'initiative ""Pas de Suisse à 10 millions!» n'a pas convaincu à Kallnach. Les citoyens de la commune ont refusé le texte à 69,3 pour cent. En cinq ans, la commune a ainsi changé de camp sur la question de la limitation de l'immigration. Kallnach avait rejeté l'initiative ""pour une immigration modérée» à 48,4 pour cent en 2020."
305,71.4,71.4,28.6,"Kappelen (BE)","Les habitants de Kappelen soutiennent à 71,4 pour cent l'initiative ""Pas de Suisse à 10 millions!». Avec ce résultat, Kappelen bascule dans le camp du oui. En 2020, la commune avait rejeté l'initiative ""pour une immigration modérée» avec 51,1 pour cent des voix."
306,42.9,42.9,57.1,"Lyss (BE)","L'initiative ""Pas de Suisse à 10 millions!» est refusée à 57,1 pour cent à Lyss. Le rejet de l'initiative est toutefois moins marqué que celui enregistré lors de la votation sur l'initiative ""pour une immigration modérée» en 2020. Les habitants de Lyss avaient alors dit non à 64 pour cent."
307,82.5,82.5,17.5,"Meikirch (BE)","Meikirch dit oui à 82,5 pour cent à l'initiative ""Pas de Suisse à 10 millions!». Avec ce résultat, Meikirch bascule dans le camp du oui. En 2020, la commune avait rejeté l'initiative ""pour une immigration modérée» avec 64,6 pour cent des voix."
309,14.9,14.9,85.1,"Radelfingen (BE)","La population de Radelfingen rejette à 85,1 pour cent des voix l'initiative ""Pas de Suisse à 10 millions!». Le refus de l'initiative ""Pas de Suisse à 10 millions!» est plus fort que celui observé pour l'initiative ""pour une immigration modérée» en 2020. La proportion de non à Radelfingen était alors de 57,6 pour cent."
310,80.9,80.9,19.1,"Rapperswil (BE)","La population de Rapperswil (BE) approuve à 80,9 pour cent l'initiative ""Pas de Suisse à 10 millions!». Avec ce résultat, Rapperswil (BE) bascule dans le camp du oui. En 2020, la commune avait rejeté l'initiative ""pour une immigration modérée» avec 51,3 pour cent des voix."
311,49.3,49.3,50.7,"Schüpfen (BE)","A Schüpfen, les citoyens rejettent à 50,7 pour cent l'initiative ""Pas de Suisse à 10 millions!». Le rejet de l'initiative est toutefois moins marqué que celui enregistré lors de la votation sur l'initiative ""pour une immigration modérée» en 2020. Les habitants de Schüpfen avaient alors dit non à 59,7 pour cent."
312,36.2,36.2,63.8,"Seedorf (BE)","Les habitants de Seedorf (BE) s'opposent à l'initiative ""Pas de Suisse à 10 millions!» par 63,8 pour cent des voix. En cinq ans, la commune a ainsi changé de camp sur la question de la limitation de l'immigration. Seedorf (BE) avait rejeté l'initiative ""pour une immigration modérée» à 49,1 pour cent en 2020."
321,80.9,80.9,19.1,"Aarwangen (BE)","L'initiative ""Pas de Suisse à 10 millions!» passe la rampe avec 80,9 pour cent de oui à Aarwangen. Avec ce résultat, Aarwangen bascule dans le camp du oui. En 2020, la commune avait rejeté l'initiative ""pour une immigration modérée» avec 51,3 pour cent des voix."
322,18.2,18.2,81.8,"Auswil (BE)","L'initiative ""Pas de Suisse à 10 millions!» n'a pas convaincu à Auswil. Les citoyens de la commune ont refusé le texte à 81,8 pour cent. En cinq ans, la commune a ainsi changé de camp sur la question de la limitation de l'immigration. Auswil avait rejeté l'initiative ""pour une immigration modérée» à 32,4 pour cent en 2020."
323,65.1,65.1,34.9,"Bannwil (BE)","L'initiative ""Pas de Suisse à 10 millions!» est approuvée à Bannwil par 65,1 pour cent des votants. Le soutien à l'initiative ""Pas de Suisse à 10 millions!» a augmenté à Bannwil par rapport à l'initiative ""pour une immigration modérée» soumise au vote en 2020. Lors de cette votation, 55,9 pour cent des habitants de la commune avaient accepté ce texte."
324,40.5,40.5,59.5,"Bleienbach (BE)","Les habitants de Bleienbach s'opposent à l'initiative ""Pas de Suisse à 10 millions!» par 59,5 pour cent des voix. En cinq ans, la commune a ainsi changé de camp sur la question de la limitation de l'immigration. Bleienbach avait rejeté l'initiative ""pour une immigration modérée» à 42,3 pour cent en 2020."
325,63.8,63.8,36.2,"Busswil bei Melchnau (BE)","Les habitants de Busswil bei Melchnau soutiennent à 63,8 pour cent l'initiative ""Pas de Suisse à 10 millions!». Le soutien à l'initiative ""Pas de Suisse à 10 millions!» a augmenté à Busswil bei Melchnau par rapport à l'initiative ""pour une immigration modérée» soumise au vote en 2020. Lors de cette votation, 62,5 pour cent des habitants de la commune avaient accepté ce texte."
326,21.9,21.9,78.1,"Gondiswil (BE)","L'initiative ""Pas de Suisse à 10 millions!» n'a pas convaincu à Gondiswil. Les citoyens de la commune ont refusé le texte à 78,1 pour cent. En cinq ans, la commune a ainsi changé de camp sur la question de la limitation de l'immigration. Gondiswil avait rejeté l'initiative ""pour une immigration modérée» à 38,7 pour cent en 2020."
329,60,60,40,"Langenthal (BE)","Les habitants de Langenthal soutiennent à 60 pour cent l'initiative ""Pas de Suisse à 10 millions!». Avec ce résultat, Langenthal bascule dans le camp du oui. En 2020, la commune avait rejeté l'initiative ""pour une immigration modérée» avec 64,1 pour cent des voix."
331,17.4,17.4,82.6,"Lotzwil (BE)","Les habitants de Lotzwil s'opposent à l'initiative ""Pas de Suisse à 10 millions!» par 82,6 pour cent des voix. Le refus de l'initiative ""Pas de Suisse à 10 millions!» est plus fort que celui observé pour l'initiative ""pour une immigration modérée» en 2020. La proportion de non à Lotzwil était alors de 56,4 pour cent."
332,27.4,27.4,72.6,"Madiswil (BE)","A Madiswil, les citoyens rejettent à 72,6 pour cent l'initiative ""Pas de Suisse à 10 millions!». En cinq ans, la commune a ainsi changé de camp sur la question de la limitation de l'immigration. Madiswil avait rejeté l'initiative ""pour une immigration modérée» à 49,8 pour cent en 2020."
333,56,56,44,"Melchnau (BE)","L'initiative ""Pas de Suisse à 10 millions!» passe la rampe avec 56 pour cent de oui à Melchnau. Le soutien à l'initiative ""Pas de Suisse à 10 millions!» a augmenté à Melchnau par rapport à l'initiative ""pour une immigration modérée» soumise au vote en 2020. Lors de cette votation, 50,5 pour cent des habitants de la commune avaient accepté ce texte."
335,89.9,89.9,10.1,"Oeschenbach (BE)","Oeschenbach dit oui à 89,9 pour cent à l'initiative ""Pas de Suisse à 10 millions!». Le soutien à l'initiative ""Pas de Suisse à 10 millions!» a augmenté à Oeschenbach par rapport à l'initiative ""pour une immigration modérée» soumise au vote en 2020. Lors de cette votation, 62,9 pour cent des habitants de la commune avaient accepté ce texte."
336,45.4,45.4,54.6,"Reisiswil (BE)","A Reisiswil, les citoyens rejettent à 54,6 pour cent l'initiative ""Pas de Suisse à 10 millions!». En cinq ans, la commune a ainsi changé de camp sur la question de la limitation de l'immigration. Reisiswil avait rejeté l'initiative ""pour une immigration modérée» à 17,3 pour cent en 2020."
337,41.1,41.1,58.9,"Roggwil (BE)","C'est non à l'initiative ""Pas de Suisse à 10 millions!» à Roggwil (BE). Les habitants ont refusé le texte à 58,9 pour cent. Le refus de l'initiative ""Pas de Suisse à 10 millions!» est plus fort que celui observé pour l'initiative ""pour une immigration modérée» en 2020. La proportion de non à Roggwil (BE) était alors de 52,2 pour cent."
338,50.1,50.1,49.9,"Rohrbach (BE)","Rohrbach dit oui à 50,1 pour cent à l'initiative ""Pas de Suisse à 10 millions!». Le soutien à l'initiative ""Pas de Suisse à 10 millions!» est toutefois moins marqué que celui obtenu par l'initiative ""pour une immigration modérée» en 2020. Les habitants de Rohrbach avaient alors dit oui à 55,5 pour cent."
339,78.9,78.9,21.1,"Rohrbachgraben (BE)","L'initiative ""Pas de Suisse à 10 millions!» est approuvée à Rohrbachgraben par 78,9 pour cent des votants. Le soutien à l'initiative ""Pas de Suisse à 10 millions!» a augmenté à Rohrbachgraben par rapport à l'initiative ""pour une immigration modérée» soumise au vote en 2020. Lors de cette votation, 68,8 pour cent des habitants de la commune avaient accepté ce texte."
340,40.8,40.8,59.2,"Rütschelen (BE)","C'est non à l'initiative ""Pas de Suisse à 10 millions!» à Rütschelen. Les habitants ont refusé le texte à 59,2 pour cent. En cinq ans, la commune a ainsi changé de camp sur la question de la limitation de l'immigration. Rütschelen avait rejeté l'initiative ""pour une immigration modérée» à 44,8 pour cent en 2020."
341,51.9,51.9,48.1,"Schwarzhäusern (BE)","La population de Schwarzhäusern approuve à 51,9 pour cent l'initiative ""Pas de Suisse à 10 millions!». Le soutien à l'initiative ""Pas de Suisse à 10 millions!» est toutefois moins marqué que celui obtenu par l'initiative ""pour une immigration modérée» en 2020. Les habitants de Schwarzhäusern avaient alors dit oui à 57,9 pour cent."
342,76.1,76.1,23.9,"Thunstetten (BE)","Thunstetten dit oui à 76,1 pour cent à l'initiative ""Pas de Suisse à 10 millions!». Le soutien à l'initiative ""Pas de Suisse à 10 millions!» a augmenté à Thunstetten par rapport à l'initiative ""pour une immigration modérée» soumise au vote en 2020. Lors de cette votation, 52,3 pour cent des habitants de la commune avaient accepté ce texte."
344,15.5,15.5,84.5,"Ursenbach (BE)","A Ursenbach, les citoyens rejettent à 84,5 pour cent l'initiative ""Pas de Suisse à 10 millions!». En cinq ans, la commune a ainsi changé de camp sur la question de la limitation de l'immigration. Ursenbach avait rejeté l'initiative ""pour une immigration modérée» à 37,4 pour cent en 2020."
345,66.2,66.2,33.8,"Wynau (BE)","Les habitants de Wynau acceptent à 66,2 pour cent l'initiative ""Pas de Suisse à 10 millions!». Le soutien à l'initiative ""Pas de Suisse à 10 millions!» a augmenté à Wynau par rapport à l'initiative ""pour une immigration modérée» soumise au vote en 2020. Lors de cette votation, 50,2 pour cent des habitants de la commune avaient accepté ce texte."
351,2.3,2.3,97.7,"Berne (BE)","A Berne, les citoyens rejettent à 97,7 pour cent l'initiative ""Pas de Suisse à 10 millions!». Le refus de l'initiative ""Pas de Suisse à 10 millions!» est plus fort que celui observé pour l'initiative ""pour une immigration modérée» en 2020. La proportion de non à Berne était alors de 84 pour cent."
352,40.5,40.5,59.5,"Bolligen (BE)","L'initiative ""Pas de Suisse à 10 millions!» est refusée à 59,5 pour cent à Bolligen. Le rejet de l'initiative est toutefois moins marqué que celui enregistré lors de la votation sur l'initiative ""pour une immigration modérée» en 2020. Les habitants de Bolligen avaient alors dit non à 71,7 pour cent."
353,66.2,66.2,33.8,"Bremgarten bei Bern (BE)","Bremgarten bei Bern dit oui à 66,2 pour cent à l'initiative ""Pas de Suisse à 10 millions!». Avec ce résultat, Bremgarten bei Bern bascule dans le camp du oui. En 2020, la commune avait rejeté l'initiative ""pour une immigration modérée» avec 76 pour cent des voix."
354,47.3,47.3,52.7,"Kirchlindach (BE)","L'initiative ""Pas de Suisse à 10 millions!» n'a pas trouvé grâce aux yeux des citoyens de Kirchlindach. Ils ont refusé le texte à 52,7 pour cent. Le rejet de l'initiative est toutefois moins marqué que celui enregistré lors de la votation sur l'initiative ""pour une immigration modérée» en 2020. Les habitants de Kirchlindach avaient alors dit non à 68,9 pour cent."
355,35.1,35.1,64.9,"Köniz (BE)","L'initiative ""Pas de Suisse à 10 millions!» n'a pas convaincu à Köniz. Les citoyens de la commune ont refusé le texte à 64,9 pour cent. Le rejet de l'initiative est toutefois moins marqué que celui enregistré lors de la votation sur l'initiative ""pour une immigration modérée» en 2020. Les habitants de Köniz avaient alors dit non à 74,9 pour cent."
356,82.8,82.8,17.2,"Muri bei Bern (BE)","Muri bei Bern dit oui à 82,8 pour cent à l'initiative ""Pas de Suisse à 10 millions!». Avec ce résultat, Muri bei Bern bascule dans le camp du oui. En 2020, la commune avait rejeté l'initiative ""pour une immigration modérée» avec 73,8 pour cent des voix."
357,87.6,87.6,12.4,"Oberbalm (BE)","Les habitants d'Oberbalm soutiennent à 87,6 pour cent l'initiative ""Pas de Suisse à 10 millions!». Le soutien à l'initiative ""Pas de Suisse à 10 millions!» a augmenté à Oberbalm par rapport à l'initiative ""pour une immigration modérée» soumise au vote en 2020. Lors de cette votation, 64,9 pour cent des habitants de la commune avaient accepté ce texte."
358,51.2,51.2,48.8,"Stettlen (BE)","L'initiative ""Pas de Suisse à 10 millions!» passe la rampe avec 51,2 pour cent de oui à Stettlen. Avec ce résultat, Stettlen bascule dans le camp du oui. En 2020, la commune avait rejeté l'initiative ""pour une immigration modérée» avec 68,9 pour cent des voix."
359,95.3,95.3,4.7,"Vechigen (BE)","La population de Vechigen approuve à 95,3 pour cent l'initiative ""Pas de Suisse à 10 millions!». Avec ce résultat, Vechigen bascule dans le camp du oui. En 2020, la commune avait rejeté l'initiative ""pour une immigration modérée» avec 60,4 pour cent des voix."
360,38.1,38.1,61.9,"Wohlen bei Bern (BE)","Les habitants de Wohlen bei Bern s'opposent à l'initiative ""Pas de Suisse à 10 millions!» par 61,9 pour cent des voix. Le rejet de l'initiative est toutefois moins marqué que celui enregistré lors de la votation sur l'initiative ""pour une immigration modérée» en 2020. Les habitants de Wohlen bei Bern avaient alors dit non à 69,7 pour cent."
361,37,37,63,"Zollikofen (BE)","La population de Zollikofen rejette à 63 pour cent des voix l'initiative ""Pas de Suisse à 10 millions!». Le rejet de l'initiative est toutefois moins marqué que celui enregistré lors de la votation sur l'initiative ""pour une immigration modérée» en 2020. Les habitants de Zollikofen avaient alors dit non à 67 pour cent."
362,84.4,84.4,15.6,"Ittigen (BE)","L'initiative ""Pas de Suisse à 10 millions!» est approuvée à Ittigen par 84,4 pour cent des votants. Avec ce résultat, Ittigen bascule dans le camp du oui. En 2020, la commune avait rejeté l'initiative ""pour une immigration modérée» avec 68,9 pour cent des voix."
363,58.8,58.8,41.2,"Ostermundigen (BE)","La population d'Ostermundigen approuve à 58,8 pour cent l'initiative ""Pas de Suisse à 10 millions!». Avec ce résultat, Ostermundigen bascule dans le camp du oui. En 2020, la commune avait rejeté l'initiative ""pour une immigration modérée» avec 70 pour cent des voix."
371,51.7,51.7,48.3,"Bienne (BE)","Bienne dit oui à 51,7 pour cent à l'initiative ""Pas de Suisse à 10 millions!». Avec ce résultat, Bienne bascule dans le camp du oui. En 2020, la commune avait rejeté l'initiative ""pour une immigration modérée» avec 74,3 pour cent des voix."
372,84.1,84.1,15.9,"Evilard (BE)","Les habitants d'Evilard acceptent à 84,1 pour cent l'initiative ""Pas de Suisse à 10 millions!». Avec ce résultat, Evilard bascule dans le camp du oui. En 2020, la commune avait rejeté l'initiative ""pour une immigration modérée» avec 78,8 pour cent des voix."
381,57.3,57.3,42.7,"Arch (BE)","L'initiative ""Pas de Suisse à 10 millions!» passe la rampe avec 57,3 pour cent de oui à Arch. Le soutien à l'initiative ""Pas de Suisse à 10 millions!» a augmenté à Arch par rapport à l'initiative ""pour une immigration modérée» soumise au vote en 2020. Lors de cette votation, 52 pour cent des habitants de la commune avaient accepté ce texte."
382,62.1,62.1,37.9,"Büetigen (BE)","A Büetigen, les habitants disent oui à 62,1 pour cent à l'initiative ""Pas de Suisse à 10 millions!». Avec ce résultat, Büetigen bascule dans le camp du oui. En 2020, la commune avait rejeté l'initiative ""pour une immigration modérée» avec 50,9 pour cent des voix."
383,43.6,43.6,56.4,"Büren an der Aare (BE)","L'initiative ""Pas de Suisse à 10 millions!» n'a pas convaincu à Büren an der Aare. Les citoyens de la commune ont refusé le texte à 56,4 pour cent. Le résultat a peu changé par rapport au vote sur l'initiative ""pour une immigration modérée» en 2020. Büren an der Aare avait alors dit non à 56,7 pour cent."
385,47.7,47.7,52.3,"Diessbach bei Büren (BE)","L'initiative ""Pas de Suisse à 10 millions!» n'a pas trouvé grâce aux yeux des citoyens de Diessbach bei Büren. Ils ont refusé le texte à 52,3 pour cent. En cinq ans, la commune a ainsi changé de camp sur la question de la limitation de l'immigration. Diessbach bei Büren avait rejeté l'initiative ""pour une immigration modérée» à 46,6 pour cent en 2020."
386,64,64,36,"Dotzigen (BE)","Les habitants de Dotzigen soutiennent à 64 pour cent l'initiative ""Pas de Suisse à 10 millions!». Avec ce résultat, Dotzigen bascule dans le camp du oui. En 2020, la commune avait rejeté l'initiative ""pour une immigration modérée» avec 56,9 pour cent des voix."
387,54,54,46,"Longeau (BE)","L'initiative ""Pas de Suisse à 10 millions!» passe la rampe avec 54 pour cent de oui à Longeau. Avec ce résultat, Longeau bascule dans le camp du oui. En 2020, la commune avait rejeté l'initiative ""pour une immigration modérée» avec 50,5 pour cent des voix."
388,77.7,77.7,22.3,"Leuzigen (BE)","L'initiative ""Pas de Suisse à 10 millions!» est approuvée à Leuzigen par 77,7 pour cent des votants. Avec ce résultat, Leuzigen bascule dans le camp du oui. En 2020, la commune avait rejeté l'initiative ""pour une immigration modérée» avec 50,4 pour cent des voix."
390,72.4,72.4,27.6,"Meinisberg (BE)","Les habitants de Meinisberg acceptent à 72,4 pour cent l'initiative ""Pas de Suisse à 10 millions!»."
391,45.3,45.3,54.7,"Oberwil bei Büren (BE)","La population d'Oberwil bei Büren rejette à 54,7 pour cent des voix l'initiative ""Pas de Suisse à 10 millions!». Le refus de l'initiative ""Pas de Suisse à 10 millions!» est plus fort que celui observé pour l'initiative ""pour une immigration modérée» en 2020. La proportion de non à Oberwil bei Büren était alors de 50,2 pour cent."
392,54.8,54.8,45.2,"Perles (BE)","La population de Perles approuve à 54,8 pour cent l'initiative ""Pas de Suisse à 10 millions!». Avec ce résultat, Perles bascule dans le camp du oui. En 2020, la commune avait rejeté l'initiative ""pour une immigration modérée» avec 53,4 pour cent des voix."
393,73.1,73.1,26.9,"Rüti bei Büren (BE)","L'initiative ""Pas de Suisse à 10 millions!» passe la rampe avec 73,1 pour cent de oui à Rüti bei Büren. Le soutien à l'initiative ""Pas de Suisse à 10 millions!» a augmenté à Rüti bei Büren par rapport à l'initiative ""pour une immigration modérée» soumise au vote en 2020. Lors de cette votation, 50,7 pour cent des habitants de la commune avaient accepté ce texte."
394,84.4,84.4,15.6,"Wengi (BE)","La population de Wengi approuve à 84,4 pour cent l'initiative ""Pas de Suisse à 10 millions!». Le soutien à l'initiative ""Pas de Suisse à 10 millions!» a augmenté à Wengi par rapport à l'initiative ""pour une immigration modérée» soumise au vote en 2020. Lors de cette votation, 53,6 pour cent des habitants de la commune avaient accepté ce texte."
401,23.4,23.4,76.6,"Aefligen (BE)","C'est non à l'initiative ""Pas de Suisse à 10 millions!» à Aefligen. Les habitants ont refusé le texte à 76,6 pour cent. En cinq ans, la commune a ainsi changé de camp sur la question de la limitation de l'immigration. Aefligen avait rejeté l'initiative ""pour une immigration modérée» à 46,1 pour cent en 2020."
402,61.8,61.8,38.2,"Alchenstorf (BE)","La population d'Alchenstorf approuve à 61,8 pour cent l'initiative ""Pas de Suisse à 10 millions!». Le soutien à l'initiative ""Pas de Suisse à 10 millions!» a augmenté à Alchenstorf par rapport à l'initiative ""pour une immigration modérée» soumise au vote en 2020. Lors de cette votation, 55,3 pour cent des habitants de la commune avaient accepté ce texte."
403,54.5,54.5,45.5,"Bäriswil (BE)","L'initiative ""Pas de Suisse à 10 millions!» passe la rampe avec 54,5 pour cent de oui à Bäriswil. Avec ce résultat, Bäriswil bascule dans le camp du oui. En 2020, la commune avait rejeté l'initiative ""pour une immigration modérée» avec 54,6 pour cent des voix."
404,48.1,48.1,51.9,"Berthoud (BE)","A Berthoud, les citoyens rejettent à 51,9 pour cent l'initiative ""Pas de Suisse à 10 millions!». Le rejet de l'initiative est toutefois moins marqué que celui enregistré lors de la votation sur l'initiative ""pour une immigration modérée» en 2020. Les habitants de Berthoud avaient alors dit non à 70,7 pour cent."
405,81.5,81.5,18.5,"Ersigen (BE)","La population d'Ersigen approuve à 81,5 pour cent l'initiative ""Pas de Suisse à 10 millions!». Avec ce résultat, Ersigen bascule dans le camp du oui. En 2020, la commune avait rejeté l'initiative ""pour une immigration modérée» avec 50,1 pour cent des voix."
406,95.8,95.8,4.2,"Hasle bei Burgdorf (BE)","L'initiative ""Pas de Suisse à 10 millions!» est approuvée à Hasle bei Burgdorf par 95,8 pour cent des votants. Le soutien à l'initiative ""Pas de Suisse à 10 millions!» a augmenté à Hasle bei Burgdorf par rapport à l'initiative ""pour une immigration modérée» soumise au vote en 2020. Lors de cette votation, 50,2 pour cent des habitants de la commune avaient accepté ce texte."
407,76.4,76.4,23.6,"Heimiswil (BE)","A Heimiswil, les habitants disent oui à 76,4 pour cent à l'initiative ""Pas de Suisse à 10 millions!». Le soutien à l'initiative ""Pas de Suisse à 10 millions!» a augmenté à Heimiswil par rapport à l'initiative ""pour une immigration modérée» soumise au vote en 2020. Lors de cette votation, 56,6 pour cent des habitants de la commune avaient accepté ce texte."
409,92.3,92.3,7.7,"Hindelbank (BE)","Les habitants de Hindelbank soutiennent à 92,3 pour cent l'initiative ""Pas de Suisse à 10 millions!». Avec ce résultat, Hindelbank bascule dans le camp du oui. En 2020, la commune avait rejeté l'initiative ""pour une immigration modérée» avec 54,6 pour cent des voix."
410,93.8,93.8,6.2,"Höchstetten (BE)","L'initiative ""Pas de Suisse à 10 millions!» passe la rampe avec 93,8 pour cent de oui à Höchstetten. Le soutien à l'initiative ""Pas de Suisse à 10 millions!» a augmenté à Höchstetten par rapport à l'initiative ""pour une immigration modérée» soumise au vote en 2020. Lors de cette votation, 58,6 pour cent des habitants de la commune avaient accepté ce texte."
411,84.9,84.9,15.1,"Kernenried (BE)","L'initiative ""Pas de Suisse à 10 millions!» passe la rampe avec 84,9 pour cent de oui à Kernenried. Le soutien à l'initiative ""Pas de Suisse à 10 millions!» a augmenté à Kernenried par rapport à l'initiative ""pour une immigration modérée» soumise au vote en 2020. Lors de cette votation, 53,5 pour cent des habitants de la commune avaient accepté ce texte."
412,70.9,70.9,29.1,"Kirchberg (BE)","Les habitants de Kirchberg (BE) acceptent à 70,9 pour cent l'initiative ""Pas de Suisse à 10 millions!». Avec ce résultat, Kirchberg (BE) bascule dans le camp du oui. En 2020, la commune avait rejeté l'initiative ""pour une immigration modérée» avec 60,8 pour cent des voix."
413,44.6,44.6,55.4,"Koppigen (BE)","La population de Koppigen rejette à 55,4 pour cent des voix l'initiative ""Pas de Suisse à 10 millions!». Le résultat a peu changé par rapport au vote sur l'initiative ""pour une immigration modérée» en 2020. Koppigen avait alors dit non à 55,3 pour cent."
414,75.7,75.7,24.3,"Krauchthal (BE)","A Krauchthal, les habitants disent oui à 75,7 pour cent à l'initiative ""Pas de Suisse à 10 millions!». Avec ce résultat, Krauchthal bascule dans le camp du oui. En 2020, la commune avait rejeté l'initiative ""pour une immigration modérée» avec 52,1 pour cent des voix."
415,37.5,37.5,62.5,"Lyssach (BE)","Les habitants de Lyssach s'opposent à l'initiative ""Pas de Suisse à 10 millions!» par 62,5 pour cent des voix. Le refus de l'initiative ""Pas de Suisse à 10 millions!» est plus fort que celui observé pour l'initiative ""pour une immigration modérée» en 2020. La proportion de non à Lyssach était alors de 56,7 pour cent."
418,80,80,20,"Oberburg (BE)","L'initiative ""Pas de Suisse à 10 millions!» passe la rampe avec 80 pour cent de oui à Oberburg. Avec ce résultat, Oberburg bascule dans le camp du oui. En 2020, la commune avait rejeté l'initiative ""pour une immigration modérée» avec 51,3 pour cent des voix."
420,57.2,57.2,42.8,"Rüdtligen-Alchenflüh (BE)","Les habitants de Rüdtligen-Alchenflüh acceptent à 57,2 pour cent l'initiative ""Pas de Suisse à 10 millions!». Avec ce résultat, Rüdtligen-Alchenflüh bascule dans le camp du oui. En 2020, la commune avait rejeté l'initiative ""pour une immigration modérée» avec 51,2 pour cent des voix."
421,66.8,66.8,33.2,"Rumendingen (BE)","La population de Rumendingen approuve à 66,8 pour cent l'initiative ""Pas de Suisse à 10 millions!». Le soutien à l'initiative ""Pas de Suisse à 10 millions!» a augmenté à Rumendingen par rapport à l'initiative ""pour une immigration modérée» soumise au vote en 2020. Lors de cette votation, 56 pour cent des habitants de la commune avaient accepté ce texte."
422,1.5,1.5,98.5,"Rüti bei Lyssach (BE)","A Rüti bei Lyssach, les citoyens rejettent à 98,5 pour cent l'initiative ""Pas de Suisse à 10 millions!». Il n'est pas possible de comparer les résultats de cette votation à ceux de 2020 en raison de changements dans la structure de la commune de Rüti bei Lyssach."
423,47.8,47.8,52.2,"Willadingen (BE)","L'initiative ""Pas de Suisse à 10 millions!» n'a pas trouvé grâce aux yeux des citoyens de Willadingen. Ils ont refusé le texte à 52,2 pour cent."
424,65,65,35,"Wynigen (BE)","A Wynigen, les habitants disent oui à 65 pour cent à l'initiative ""Pas de Suisse à 10 millions!». Le soutien à l'initiative ""Pas de Suisse à 10 millions!» a augmenté à Wynigen par rapport à l'initiative ""pour une immigration modérée» soumise au vote en 2020. Lors de cette votation, 52,9 pour cent des habitants de la commune avaient accepté ce texte."
431,46.5,46.5,53.5,"Corgémont (BE)","A Corgémont, les citoyens rejettent à 53,5 pour cent l'initiative ""Pas de Suisse à 10 millions!». Le rejet de l'initiative est toutefois moins marqué que celui enregistré lors de la votation sur l'initiative ""pour une immigration modérée» en 2020. Les habitants de Corgémont avaient alors dit non à 56,1 pour cent."
432,53.4,53.4,46.6,"Cormoret (BE)","A Cormoret, les habitants disent oui à 53,4 pour cent à l'initiative ""Pas de Suisse à 10 millions!». Avec ce résultat, Cormoret bascule dans le camp du oui. En 2020, la commune avait rejeté l'initiative ""pour une immigration modérée» avec 65,5 pour cent des voix."
433,85.9,85.9,14.1,"Cortébert (BE)","L'initiative ""Pas de Suisse à 10 millions!» passe la rampe avec 85,9 pour cent de oui à Cortébert. Avec ce résultat, Cortébert bascule dans le camp du oui. En 2020, la commune avait rejeté l'initiative ""pour une immigration modérée» avec 54,2 pour cent des voix."
434,98.4,98.4,1.6,"Courtelary (BE)","A Courtelary, les habitants disent oui à 98,4 pour cent à l'initiative ""Pas de Suisse à 10 millions!». Avec ce résultat, Courtelary bascule dans le camp du oui. En 2020, la commune avait rejeté l'initiative ""pour une immigration modérée» avec 61,3 pour cent des voix."
435,19.2,19.2,80.8,"La Ferrière (BE)","La population de La Ferrière rejette à 80,8 pour cent des voix l'initiative ""Pas de Suisse à 10 millions!». Le refus de l'initiative ""Pas de Suisse à 10 millions!» est plus fort que celui observé pour l'initiative ""pour une immigration modérée» en 2020. La proportion de non à La Ferrière était alors de 55,8 pour cent."
437,92.1,92.1,7.9,"Mont-Tramelan (BE)","Mont-Tramelan dit oui à 92,1 pour cent à l'initiative ""Pas de Suisse à 10 millions!». Avec ce résultat, Mont-Tramelan bascule dans le camp du oui. En 2020, la commune avait rejeté l'initiative ""pour une immigration modérée» avec 59,6 pour cent des voix."
438,61.7,61.7,38.3,"Orvin (BE)","Orvin dit oui à 61,7 pour cent à l'initiative ""Pas de Suisse à 10 millions!». Avec ce résultat, Orvin bascule dans le camp du oui. En 2020, la commune avait rejeté l'initiative ""pour une immigration modérée» avec 58,6 pour cent des voix."
441,82.5,82.5,17.5,"Renan (BE)","Les habitants de Renan (BE) soutiennent à 82,5 pour cent l'initiative ""Pas de Suisse à 10 millions!». Avec ce résultat, Renan (BE) bascule dans le camp du oui. En 2020, la commune avait rejeté l'initiative ""pour une immigration modérée» avec 64,8 pour cent des voix."
442,58.1,58.1,41.9,"Romont (BE)","L'initiative ""Pas de Suisse à 10 millions!» passe la rampe avec 58,1 pour cent de oui à Romont (BE). Avec ce résultat, Romont (BE) bascule dans le camp du oui. En 2020, la commune avait rejeté l'initiative ""pour une immigration modérée» avec 58,9 pour cent des voix."
443,59.6,59.6,40.4,"Saint-Imier (BE)","A Saint-Imier, les habitants disent oui à 59,6 pour cent à l'initiative ""Pas de Suisse à 10 millions!». Avec ce résultat, Saint-Imier bascule dans le camp du oui. En 2020, la commune avait rejeté l'initiative ""pour une immigration modérée» avec 63,6 pour cent des voix."
444,51.8,51.8,48.2,"Sonceboz-Sombeval (BE)","L'initiative ""Pas de Suisse à 10 millions!» passe la rampe avec 51,8 pour cent de oui à Sonceboz-Sombeval. Avec ce résultat, Sonceboz-Sombeval bascule dans le camp du oui. En 2020, la commune avait rejeté l'initiative ""pour une immigration modérée» avec 54,6 pour cent des voix."
445,27.2,27.2,72.8,"Sonvilier (BE)","L'initiative ""Pas de Suisse à 10 millions!» n'a pas trouvé grâce aux yeux des citoyens de Sonvilier. Ils ont refusé le texte à 72,8 pour cent. Le refus de l'initiative ""Pas de Suisse à 10 millions!» est plus fort que celui observé pour l'initiative ""pour une immigration modérée» en 2020. La proportion de non à Sonvilier était alors de 52,2 pour cent."
446,87.8,87.8,12.2,"Tramelan (BE)","L'initiative ""Pas de Suisse à 10 millions!» passe la rampe avec 87,8 pour cent de oui à Tramelan. Avec ce résultat, Tramelan bascule dans le camp du oui. En 2020, la commune avait rejeté l'initiative ""pour une immigration modérée» avec 65,7 pour cent des voix."
448,19.5,19.5,80.5,"Villeret (BE)","L'initiative ""Pas de Suisse à 10 millions!» est refusée à 80,5 pour cent à Villeret. Le refus de l'initiative ""Pas de Suisse à 10 millions!» est plus fort que celui observé pour l'initiative ""pour une immigration modérée» en 2020. La proportion de non à Villeret était alors de 59,8 pour cent."
449,39.6,39.6,60.4,"Sauge (BE)","C'est non à l'initiative ""Pas de Suisse à 10 millions!» à Sauge. Les habitants ont refusé le texte à 60,4 pour cent. Le refus de l'initiative ""Pas de Suisse à 10 millions!» est plus fort que celui observé pour l'initiative ""pour une immigration modérée» en 2020. La proportion de non à Sauge était alors de 53 pour cent."
450,50.3,50.3,49.7,"Péry-La Heutte (BE)","L'initiative ""Pas de Suisse à 10 millions!» est approuvée à Péry-La Heutte par 50,3 pour cent des votants. Avec ce résultat, Péry-La Heutte bascule dans le camp du oui. En 2020, la commune avait rejeté l'initiative ""pour une immigration modérée» avec 57,5 pour cent des voix."
491,14.8,14.8,85.2,"Brüttelen (BE)","Les habitants de Brüttelen s'opposent à l'initiative ""Pas de Suisse à 10 millions!» par 85,2 pour cent des voix. Le refus de l'initiative ""Pas de Suisse à 10 millions!» est plus fort que celui observé pour l'initiative ""pour une immigration modérée» en 2020. La proportion de non à Brüttelen était alors de 56,9 pour cent."
492,11.9,11.9,88.1,"Cerlier (BE)","L'initiative ""Pas de Suisse à 10 millions!» n'a pas trouvé grâce aux yeux des citoyens de Cerlier. Ils ont refusé le texte à 88,1 pour cent. Le refus de l'initiative ""Pas de Suisse à 10 millions!» est plus fort que celui observé pour l'initiative ""pour une immigration modérée» en 2020. La proportion de non à Cerlier était alors de 69,2 pour cent."
493,70.4,70.4,29.6,"Finsterhennen (BE)","La population de Finsterhennen approuve à 70,4 pour cent l'initiative ""Pas de Suisse à 10 millions!». Avec ce résultat, Finsterhennen bascule dans le camp du oui. En 2020, la commune avait rejeté l'initiative ""pour une immigration modérée» avec 53,1 pour cent des voix."
494,33.4,33.4,66.6,"Gals (BE)","L'initiative ""Pas de Suisse à 10 millions!» n'a pas trouvé grâce aux yeux des citoyens de Gals. Ils ont refusé le texte à 66,6 pour cent. Le refus de l'initiative ""Pas de Suisse à 10 millions!» est plus fort que celui observé pour l'initiative ""pour une immigration modérée» en 2020. La proportion de non à Gals était alors de 61,8 pour cent."
495,50.7,50.7,49.3,"Champion (Gampelen) (BE)","L'initiative ""Pas de Suisse à 10 millions!» est approuvée à Champion (Gampelen) par 50,7 pour cent des votants. Avec ce résultat, Champion (Gampelen) bascule dans le camp du oui. En 2020, la commune avait rejeté l'initiative ""pour une immigration modérée» avec 52,7 pour cent des voix."
496,61.1,61.1,38.9,"Anet (BE)","Les habitants d'Anet acceptent à 61,1 pour cent l'initiative ""Pas de Suisse à 10 millions!». Avec ce résultat, Anet bascule dans le camp du oui. En 2020, la commune avait rejeté l'initiative ""pour une immigration modérée» avec 61,6 pour cent des voix."
497,41.6,41.6,58.4,"Lüscherz (BE)","A Lüscherz, les citoyens rejettent à 58,4 pour cent l'initiative ""Pas de Suisse à 10 millions!». Le refus de l'initiative ""Pas de Suisse à 10 millions!» est plus fort que celui observé pour l'initiative ""pour une immigration modérée» en 2020. La proportion de non à Lüscherz était alors de 50,4 pour cent."
498,44,44,56,"Müntschemier (BE)","La population de Müntschemier rejette à 56 pour cent des voix l'initiative ""Pas de Suisse à 10 millions!». En cinq ans, la commune a ainsi changé de camp sur la question de la limitation de l'immigration. Müntschemier avait rejeté l'initiative ""pour une immigration modérée» à 49 pour cent en 2020."
499,97.9,97.9,2.1,"Siselen (BE)","Les habitants de Siselen soutiennent à 97,9 pour cent l'initiative ""Pas de Suisse à 10 millions!». Avec ce résultat, Siselen bascule dans le camp du oui. En 2020, la commune avait rejeté l'initiative ""pour une immigration modérée» avec 51,8 pour cent des voix."
500,45.5,45.5,54.5,"Treiten (BE)","C'est non à l'initiative ""Pas de Suisse à 10 millions!» à Treiten. Les habitants ont refusé le texte à 54,5 pour cent. En cinq ans, la commune a ainsi changé de camp sur la question de la limitation de l'immigration. Treiten avait rejeté l'initiative ""pour une immigration modérée» à 48,7 pour cent en 2020."
501,61.6,61.6,38.4,"Tschugg (BE)","L'initiative ""Pas de Suisse à 10 millions!» passe la rampe avec 61,6 pour cent de oui à Tschugg. Avec ce résultat, Tschugg bascule dans le camp du oui. En 2020, la commune avait rejeté l'initiative ""pour une immigration modérée» avec 61,7 pour cent des voix."
502,62.6,62.6,37.4,"Vinelz (BE)","L'initiative ""Pas de Suisse à 10 millions!» passe la rampe avec 62,6 pour cent de oui à Vinelz. Avec ce résultat, Vinelz bascule dans le camp du oui. En 2020, la commune avait rejeté l'initiative ""pour une immigration modérée» avec 59,8 pour cent des voix."
533,74.3,74.3,25.7,"Bätterkinden (BE)","Les habitants de Bätterkinden acceptent à 74,3 pour cent l'initiative ""Pas de Suisse à 10 millions!». Avec ce résultat, Bätterkinden bascule dans le camp du oui. En 2020, la commune avait rejeté l'initiative ""pour une immigration modérée» avec 63,8 pour cent des voix."
538,62.8,62.8,37.2,"Fraubrunnen (BE)","Les habitants de Fraubrunnen acceptent à 62,8 pour cent l'initiative ""Pas de Suisse à 10 millions!». Avec ce résultat, Fraubrunnen bascule dans le camp du oui. En 2020, la commune avait rejeté l'initiative ""pour une immigration modérée» avec 60,8 pour cent des voix."
540,60.2,60.2,39.8,"Jegenstorf (BE)","Les habitants de Jegenstorf soutiennent à 60,2 pour cent l'initiative ""Pas de Suisse à 10 millions!». Avec ce résultat, Jegenstorf bascule dans le camp du oui. En 2020, la commune avait rejeté l'initiative ""pour une immigration modérée» avec 69,1 pour cent des voix."
541,23.2,23.2,76.8,"Iffwil (BE)","La population d'Iffwil rejette à 76,8 pour cent des voix l'initiative ""Pas de Suisse à 10 millions!». Le refus de l'initiative ""Pas de Suisse à 10 millions!» est plus fort que celui observé pour l'initiative ""pour une immigration modérée» en 2020. La proportion de non à Iffwil était alors de 53,6 pour cent."
543,28.8,28.8,71.2,"Mattstetten (BE)","C'est non à l'initiative ""Pas de Suisse à 10 millions!» à Mattstetten. Les habitants ont refusé le texte à 71,2 pour cent. Le refus de l'initiative ""Pas de Suisse à 10 millions!» est plus fort que celui observé pour l'initiative ""pour une immigration modérée» en 2020. La proportion de non à Mattstetten était alors de 54,1 pour cent."
544,77.1,77.1,22.9,"Moosseedorf (BE)","L'initiative ""Pas de Suisse à 10 millions!» est approuvée à Moosseedorf par 77,1 pour cent des votants. Avec ce résultat, Moosseedorf bascule dans le camp du oui. En 2020, la commune avait rejeté l'initiative ""pour une immigration modérée» avec 61,9 pour cent des voix."
546,41.2,41.2,58.8,"Münchenbuchsee (BE)","L'initiative ""Pas de Suisse à 10 millions!» n'a pas convaincu à Münchenbuchsee. Les citoyens de la commune ont refusé le texte à 58,8 pour cent. Le rejet de l'initiative est toutefois moins marqué que celui enregistré lors de la votation sur l'initiative ""pour une immigration modérée» en 2020. Les habitants de Münchenbuchsee avaient alors dit non à 66,7 pour cent."
551,57.7,57.7,42.3,"Urtenen-Schönbühl (BE)","Urtenen-Schönbühl dit oui à 57,7 pour cent à l'initiative ""Pas de Suisse à 10 millions!». Avec ce résultat, Urtenen-Schönbühl bascule dans le camp du oui. En 2020, la commune avait rejeté l'initiative ""pour une immigration modérée» avec 62,4 pour cent des voix."
552,47,47,53,"Utzenstorf (BE)","Les habitants d'Utzenstorf s'opposent à l'initiative ""Pas de Suisse à 10 millions!» par 53 pour cent des voix. Le rejet de l'initiative est toutefois moins marqué que celui enregistré lors de la votation sur l'initiative ""pour une immigration modérée» en 2020. Les habitants d'Utzenstorf avaient alors dit non à 58 pour cent."
553,56.9,56.9,43.1,"Wiggiswil (BE)","Les habitants de Wiggiswil soutiennent à 56,9 pour cent l'initiative ""Pas de Suisse à 10 millions!». Avec ce résultat, Wiggiswil bascule dans le camp du oui. En 2020, la commune avait rejeté l'initiative ""pour une immigration modérée» avec 51,6 pour cent des voix."
554,16.9,16.9,83.1,"Wiler bei Utzenstorf (BE)","L'initiative ""Pas de Suisse à 10 millions!» n'a pas convaincu à Wiler bei Utzenstorf. Les citoyens de la commune ont refusé le texte à 83,1 pour cent. Le refus de l'initiative ""Pas de Suisse à 10 millions!» est plus fort que celui observé pour l'initiative ""pour une immigration modérée» en 2020. La proportion de non à Wiler bei Utzenstorf était alors de 59,2 pour cent."
556,81.9,81.9,18.1,"Zielebach (BE)","Zielebach dit oui à 81,9 pour cent à l'initiative ""Pas de Suisse à 10 millions!». Le soutien à l'initiative ""Pas de Suisse à 10 millions!» a augmenté à Zielebach par rapport à l'initiative ""pour une immigration modérée» soumise au vote en 2020. Lors de cette votation, 54 pour cent des habitants de la commune avaient accepté ce texte."
557,74.2,74.2,25.8,"Zuzwil (BE)","Les habitants de Zuzwil (BE) acceptent à 74,2 pour cent l'initiative ""Pas de Suisse à 10 millions!». Avec ce résultat, Zuzwil (BE) bascule dans le camp du oui. En 2020, la commune avait rejeté l'initiative ""pour une immigration modérée» avec 62,2 pour cent des voix."
561,89,89,11,"Adelboden (BE)","La population d'Adelboden approuve à 89 pour cent l'initiative ""Pas de Suisse à 10 millions!». Le soutien à l'initiative ""Pas de Suisse à 10 millions!» a augmenté à Adelboden par rapport à l'initiative ""pour une immigration modérée» soumise au vote en 2020. Lors de cette votation, 62,2 pour cent des habitants de la commune avaient accepté ce texte."
562,32.5,32.5,67.5,"Aeschi bei Spiez (BE)","L'initiative ""Pas de Suisse à 10 millions!» est refusée à 67,5 pour cent à Aeschi bei Spiez. En cinq ans, la commune a ainsi changé de camp sur la question de la limitation de l'immigration. Aeschi bei Spiez avait rejeté l'initiative ""pour une immigration modérée» à 44,5 pour cent en 2020."
563,9,9,91,"Frutigen (BE)","La population de Frutigen rejette à 91 pour cent des voix l'initiative ""Pas de Suisse à 10 millions!». En cinq ans, la commune a ainsi changé de camp sur la question de la limitation de l'immigration. Frutigen avait rejeté l'initiative ""pour une immigration modérée» à 40,8 pour cent en 2020."
564,66.3,66.3,33.7,"Kandergrund (BE)","Les habitants de Kandergrund acceptent à 66,3 pour cent l'initiative ""Pas de Suisse à 10 millions!». Le soutien à l'initiative ""Pas de Suisse à 10 millions!» est toutefois moins marqué que celui obtenu par l'initiative ""pour une immigration modérée» en 2020. Les habitants de Kandergrund avaient alors dit oui à 69,5 pour cent."
565,70.1,70.1,29.9,"Kandersteg (BE)","Les habitants de Kandersteg acceptent à 70,1 pour cent l'initiative ""Pas de Suisse à 10 millions!». Avec ce résultat, Kandersteg bascule dans le camp du oui. En 2020, la commune avait rejeté l'initiative ""pour une immigration modérée» avec 53,4 pour cent des voix."
566,24.1,24.1,75.9,"Krattigen (BE)","C'est non à l'initiative ""Pas de Suisse à 10 millions!» à Krattigen. Les habitants ont refusé le texte à 75,9 pour cent. Le refus de l'initiative ""Pas de Suisse à 10 millions!» est plus fort que celui observé pour l'initiative ""pour une immigration modérée» en 2020. La proportion de non à Krattigen était alors de 55,7 pour cent."
567,37.9,37.9,62.1,"Reichenbach im Kandertal (BE)","L'initiative ""Pas de Suisse à 10 millions!» n'a pas convaincu à Reichenbach im Kandertal. Les citoyens de la commune ont refusé le texte à 62,1 pour cent. En cinq ans, la commune a ainsi changé de camp sur la question de la limitation de l'immigration. Reichenbach im Kandertal avait rejeté l'initiative ""pour une immigration modérée» à 38,6 pour cent en 2020."
571,38.7,38.7,61.3,"Beatenberg (BE)","L'initiative ""Pas de Suisse à 10 millions!» n'a pas trouvé grâce aux yeux des citoyens de Beatenberg. Ils ont refusé le texte à 61,3 pour cent. En cinq ans, la commune a ainsi changé de camp sur la question de la limitation de l'immigration. Beatenberg avait rejeté l'initiative ""pour une immigration modérée» à 42,9 pour cent en 2020."
572,60.1,60.1,39.9,"Bönigen (BE)","L'initiative ""Pas de Suisse à 10 millions!» est approuvée à Bönigen par 60,1 pour cent des votants. Avec ce résultat, Bönigen bascule dans le camp du oui. En 2020, la commune avait rejeté l'initiative ""pour une immigration modérée» avec 52,2 pour cent des voix."
573,56.2,56.2,43.8,"Brienz (BE)","Brienz (BE) dit oui à 56,2 pour cent à l'initiative ""Pas de Suisse à 10 millions!». Avec ce résultat, Brienz (BE) bascule dans le camp du oui. En 2020, la commune avait rejeté l'initiative ""pour une immigration modérée» avec 50,6 pour cent des voix."
574,9.7,9.7,90.3,"Brienzwiler (BE)","L'initiative ""Pas de Suisse à 10 millions!» est refusée à 90,3 pour cent à Brienzwiler. En cinq ans, la commune a ainsi changé de camp sur la question de la limitation de l'immigration. Brienzwiler avait rejeté l'initiative ""pour une immigration modérée» à 40,4 pour cent en 2020."
575,41.3,41.3,58.7,"Därligen (BE)","L'initiative ""Pas de Suisse à 10 millions!» n'a pas trouvé grâce aux yeux des citoyens de Därligen. Ils ont refusé le texte à 58,7 pour cent. Le refus de l'initiative ""Pas de Suisse à 10 millions!» est plus fort que celui observé pour l'initiative ""pour une immigration modérée» en 2020. La proportion de non à Därligen était alors de 54,6 pour cent."
576,46.4,46.4,53.6,"Grindelwald (BE)","Les habitants de Grindelwald s'opposent à l'initiative ""Pas de Suisse à 10 millions!» par 53,6 pour cent des voix. En cinq ans, la commune a ainsi changé de camp sur la question de la limitation de l'immigration. Grindelwald avait rejeté l'initiative ""pour une immigration modérée» à 39,9 pour cent en 2020."
577,8.5,8.5,91.5,"Gsteigwiler (BE)","L'initiative ""Pas de Suisse à 10 millions!» n'a pas convaincu à Gsteigwiler. Les citoyens de la commune ont refusé le texte à 91,5 pour cent. Le refus de l'initiative ""Pas de Suisse à 10 millions!» est plus fort que celui observé pour l'initiative ""pour une immigration modérée» en 2020. La proportion de non à Gsteigwiler était alors de 54 pour cent."
578,52.1,52.1,47.9,"Gündlischwand (BE)","L'initiative ""Pas de Suisse à 10 millions!» est approuvée à Gündlischwand par 52,1 pour cent des votants. Le soutien à l'initiative ""Pas de Suisse à 10 millions!» est toutefois moins marqué que celui obtenu par l'initiative ""pour une immigration modérée» en 2020. Les habitants de Gündlischwand avaient alors dit oui à 63,1 pour cent."
579,73,73,27,"Habkern (BE)","La population de Habkern approuve à 73 pour cent l'initiative ""Pas de Suisse à 10 millions!». Le soutien à l'initiative ""Pas de Suisse à 10 millions!» est toutefois moins marqué que celui obtenu par l'initiative ""pour une immigration modérée» en 2020. Les habitants de Habkern avaient alors dit oui à 74,6 pour cent."
580,84.2,84.2,15.8,"Hofstetten bei Brienz (BE)","L'initiative ""Pas de Suisse à 10 millions!» passe la rampe avec 84,2 pour cent de oui à Hofstetten bei Brienz. Le soutien à l'initiative ""Pas de Suisse à 10 millions!» a augmenté à Hofstetten bei Brienz par rapport à l'initiative ""pour une immigration modérée» soumise au vote en 2020. Lors de cette votation, 53,5 pour cent des habitants de la commune avaient accepté ce texte."
581,80.6,80.6,19.4,"Interlaken (BE)","Les habitants d'Interlaken acceptent à 80,6 pour cent l'initiative ""Pas de Suisse à 10 millions!». Avec ce résultat, Interlaken bascule dans le camp du oui. En 2020, la commune avait rejeté l'initiative ""pour une immigration modérée» avec 61,2 pour cent des voix."
582,67.2,67.2,32.8,"Iseltwald (BE)","A Iseltwald, les habitants disent oui à 67,2 pour cent à l'initiative ""Pas de Suisse à 10 millions!». Le soutien à l'initiative ""Pas de Suisse à 10 millions!» a augmenté à Iseltwald par rapport à l'initiative ""pour une immigration modérée» soumise au vote en 2020. Lors de cette votation, 56 pour cent des habitants de la commune avaient accepté ce texte."
584,10.2,10.2,89.8,"Lauterbrunnen (BE)","C'est non à l'initiative ""Pas de Suisse à 10 millions!» à Lauterbrunnen. Les habitants ont refusé le texte à 89,8 pour cent."
585,64.5,64.5,35.5,"Leissigen (BE)","La population de Leissigen approuve à 64,5 pour cent l'initiative ""Pas de Suisse à 10 millions!». Avec ce résultat, Leissigen bascule dans le camp du oui. En 2020, la commune avait rejeté l'initiative ""pour une immigration modérée» avec 52,1 pour cent des voix."
586,19.4,19.4,80.6,"Lütschental (BE)","Les habitants de Lütschental s'opposent à l'initiative ""Pas de Suisse à 10 millions!» par 80,6 pour cent des voix. En cinq ans, la commune a ainsi changé de camp sur la question de la limitation de l'immigration. Lütschental avait rejeté l'initiative ""pour une immigration modérée» à 23,2 pour cent en 2020."
587,33.7,33.7,66.3,"Matten bei Interlaken (BE)","L'initiative ""Pas de Suisse à 10 millions!» est refusée à 66,3 pour cent à Matten bei Interlaken. Le refus de l'initiative ""Pas de Suisse à 10 millions!» est plus fort que celui observé pour l'initiative ""pour une immigration modérée» en 2020. La proportion de non à Matten bei Interlaken était alors de 53,7 pour cent."
588,44.8,44.8,55.2,"Niederried bei Interlaken (BE)","C'est non à l'initiative ""Pas de Suisse à 10 millions!» à Niederried bei Interlaken. Les habitants ont refusé le texte à 55,2 pour cent. Le rejet de l'initiative est toutefois moins marqué que celui enregistré lors de la votation sur l'initiative ""pour une immigration modérée» en 2020. Les habitants de Niederried bei Interlaken avaient alors dit non à 57,8 pour cent."
589,74.5,74.5,25.5,"Oberried am Brienzersee (BE)","L'initiative ""Pas de Suisse à 10 millions!» est approuvée à Oberried am Brienzersee par 74,5 pour cent des votants. Avec ce résultat, Oberried am Brienzersee bascule dans le camp du oui. En 2020, la commune avait rejeté l'initiative ""pour une immigration modérée» avec 53,9 pour cent des voix."
590,52.9,52.9,47.1,"Ringgenberg (BE)","Les habitants de Ringgenberg (BE) soutiennent à 52,9 pour cent l'initiative ""Pas de Suisse à 10 millions!». Avec ce résultat, Ringgenberg (BE) bascule dans le camp du oui. En 2020, la commune avait rejeté l'initiative ""pour une immigration modérée» avec 51,9 pour cent des voix."
591,12.3,12.3,87.7,"Saxeten (BE)","L'initiative ""Pas de Suisse à 10 millions!» n'a pas trouvé grâce aux yeux des citoyens de Saxeten. Ils ont refusé le texte à 87,7 pour cent. En cinq ans, la commune a ainsi changé de camp sur la question de la limitation de l'immigration. Saxeten avait rejeté l'initiative ""pour une immigration modérée» à 31,6 pour cent en 2020."
592,36,36,64,"Schwanden bei Brienz (BE)","La population de Schwanden bei Brienz rejette à 64 pour cent des voix l'initiative ""Pas de Suisse à 10 millions!». Le refus de l'initiative ""Pas de Suisse à 10 millions!» est plus fort que celui observé pour l'initiative ""pour une immigration modérée» en 2020. La proportion de non à Schwanden bei Brienz était alors de 58,4 pour cent."
593,46.9,46.9,53.1,"Unterseen (BE)","Les habitants d'Unterseen s'opposent à l'initiative ""Pas de Suisse à 10 millions!» par 53,1 pour cent des voix. Le rejet de l'initiative est toutefois moins marqué que celui enregistré lors de la votation sur l'initiative ""pour une immigration modérée» en 2020. Les habitants d'Unterseen avaient alors dit non à 60,1 pour cent."
594,7.2,7.2,92.8,"Wilderswil (BE)","Les habitants de Wilderswil s'opposent à l'initiative ""Pas de Suisse à 10 millions!» par 92,8 pour cent des voix. Le refus de l'initiative ""Pas de Suisse à 10 millions!» est plus fort que celui observé pour l'initiative ""pour une immigration modérée» en 2020. La proportion de non à Wilderswil était alors de 50,6 pour cent."
602,40.9,40.9,59.1,"Arni (BE)","L'initiative ""Pas de Suisse à 10 millions!» n'a pas convaincu à Arni (BE). Les citoyens de la commune ont refusé le texte à 59,1 pour cent. En cinq ans, la commune a ainsi changé de camp sur la question de la limitation de l'immigration. Arni (BE) avait rejeté l'initiative ""pour une immigration modérée» à 37,8 pour cent en 2020."
603,54.1,54.1,45.9,"Biglen (BE)","Les habitants de Biglen acceptent à 54,1 pour cent l'initiative ""Pas de Suisse à 10 millions!». Avec ce résultat, Biglen bascule dans le camp du oui. En 2020, la commune avait rejeté l'initiative ""pour une immigration modérée» avec 55,1 pour cent des voix."
605,26.5,26.5,73.5,"Bowil (BE)","Les habitants de Bowil s'opposent à l'initiative ""Pas de Suisse à 10 millions!» par 73,5 pour cent des voix. En cinq ans, la commune a ainsi changé de camp sur la question de la limitation de l'immigration. Bowil avait rejeté l'initiative ""pour une immigration modérée» à 43,5 pour cent en 2020."
606,29.8,29.8,70.2,"Brenzikofen (BE)","L'initiative ""Pas de Suisse à 10 millions!» n'a pas trouvé grâce aux yeux des citoyens de Brenzikofen. Ils ont refusé le texte à 70,2 pour cent. En cinq ans, la commune a ainsi changé de camp sur la question de la limitation de l'immigration. Brenzikofen avait rejeté l'initiative ""pour une immigration modérée» à 43,7 pour cent en 2020."
607,73.6,73.6,26.4,"Freimettigen (BE)","Les habitants de Freimettigen soutiennent à 73,6 pour cent l'initiative ""Pas de Suisse à 10 millions!». Le soutien à l'initiative ""Pas de Suisse à 10 millions!» a augmenté à Freimettigen par rapport à l'initiative ""pour une immigration modérée» soumise au vote en 2020. Lors de cette votation, 51,6 pour cent des habitants de la commune avaient accepté ce texte."
608,20.6,20.6,79.4,"Grosshöchstetten (BE)","Les habitants de Grosshöchstetten s'opposent à l'initiative ""Pas de Suisse à 10 millions!» par 79,4 pour cent des voix. Le refus de l'initiative ""Pas de Suisse à 10 millions!» est plus fort que celui observé pour l'initiative ""pour une immigration modérée» en 2020. La proportion de non à Grosshöchstetten était alors de 60,9 pour cent."
609,64.2,64.2,35.8,"Häutligen (BE)","Häutligen dit oui à 64,2 pour cent à l'initiative ""Pas de Suisse à 10 millions!». Le soutien à l'initiative ""Pas de Suisse à 10 millions!» est toutefois moins marqué que celui obtenu par l'initiative ""pour une immigration modérée» en 2020. Les habitants de Häutligen avaient alors dit oui à 66,7 pour cent."
610,50.4,50.4,49.6,"Herbligen (BE)","A Herbligen, les habitants disent oui à 50,4 pour cent à l'initiative ""Pas de Suisse à 10 millions!». Le soutien à l'initiative ""Pas de Suisse à 10 millions!» est toutefois moins marqué que celui obtenu par l'initiative ""pour une immigration modérée» en 2020. Les habitants de Herbligen avaient alors dit oui à 56,6 pour cent."
611,79.4,79.4,20.6,"Kiesen (BE)","A Kiesen, les habitants disent oui à 79,4 pour cent à l'initiative ""Pas de Suisse à 10 millions!». Avec ce résultat, Kiesen bascule dans le camp du oui. En 2020, la commune avait rejeté l'initiative ""pour une immigration modérée» avec 55 pour cent des voix."
612,41.2,41.2,58.8,"Konolfingen (BE)","La population de Konolfingen rejette à 58,8 pour cent des voix l'initiative ""Pas de Suisse à 10 millions!». Le résultat a peu changé par rapport au vote sur l'initiative ""pour une immigration modérée» en 2020. Konolfingen avait alors dit non à 57,8 pour cent."
613,55.3,55.3,44.7,"Landiswil (BE)","Les habitants de Landiswil acceptent à 55,3 pour cent l'initiative ""Pas de Suisse à 10 millions!». Le soutien à l'initiative ""Pas de Suisse à 10 millions!» est toutefois moins marqué que celui obtenu par l'initiative ""pour une immigration modérée» en 2020. Les habitants de Landiswil avaient alors dit oui à 70,3 pour cent."
614,72.5,72.5,27.5,"Linden (BE)","Les habitants de Linden acceptent à 72,5 pour cent l'initiative ""Pas de Suisse à 10 millions!». Le soutien à l'initiative ""Pas de Suisse à 10 millions!» a augmenté à Linden par rapport à l'initiative ""pour une immigration modérée» soumise au vote en 2020. Lors de cette votation, 68 pour cent des habitants de la commune avaient accepté ce texte."
615,49.5,49.5,50.5,"Mirchel (BE)","L'initiative ""Pas de Suisse à 10 millions!» n'a pas trouvé grâce aux yeux des citoyens de Mirchel. Ils ont refusé le texte à 50,5 pour cent. En cinq ans, la commune a ainsi changé de camp sur la question de la limitation de l'immigration. Mirchel avait rejeté l'initiative ""pour une immigration modérée» à 40,5 pour cent en 2020."
616,19.8,19.8,80.2,"Münsingen (BE)","Les habitants de Münsingen s'opposent à l'initiative ""Pas de Suisse à 10 millions!» par 80,2 pour cent des voix. Le refus de l'initiative ""Pas de Suisse à 10 millions!» est plus fort que celui observé pour l'initiative ""pour une immigration modérée» en 2020. La proportion de non à Münsingen était alors de 67,2 pour cent."
617,74.9,74.9,25.1,"Niederhünigen (BE)","La population de Niederhünigen approuve à 74,9 pour cent l'initiative ""Pas de Suisse à 10 millions!». Avec ce résultat, Niederhünigen bascule dans le camp du oui. En 2020, la commune avait rejeté l'initiative ""pour une immigration modérée» avec 53,9 pour cent des voix."
619,72.4,72.4,27.6,"Oberdiessbach (BE)","Les habitants d'Oberdiessbach acceptent à 72,4 pour cent l'initiative ""Pas de Suisse à 10 millions!». Avec ce résultat, Oberdiessbach bascule dans le camp du oui. En 2020, la commune avait rejeté l'initiative ""pour une immigration modérée» avec 51,6 pour cent des voix."
620,79.2,79.2,20.8,"Oberthal (BE)","La population d'Oberthal approuve à 79,2 pour cent l'initiative ""Pas de Suisse à 10 millions!». Le soutien à l'initiative ""Pas de Suisse à 10 millions!» a augmenté à Oberthal par rapport à l'initiative ""pour une immigration modérée» soumise au vote en 2020. Lors de cette votation, 53,8 pour cent des habitants de la commune avaient accepté ce texte."
622,55.8,55.8,44.2,"Oppligen (BE)","L'initiative ""Pas de Suisse à 10 millions!» est approuvée à Oppligen par 55,8 pour cent des votants. Avec ce résultat, Oppligen bascule dans le camp du oui. En 2020, la commune avait rejeté l'initiative ""pour une immigration modérée» avec 57,5 pour cent des voix."
623,71.2,71.2,28.8,"Rubigen (BE)","Les habitants de Rubigen soutiennent à 71,2 pour cent l'initiative ""Pas de Suisse à 10 millions!». Avec ce résultat, Rubigen bascule dans le camp du oui. En 2020, la commune avait rejeté l'initiative ""pour une immigration modérée» avec 65,8 pour cent des voix."
626,95.5,95.5,4.5,"Walkringen (BE)","A Walkringen, les habitants disent oui à 95,5 pour cent à l'initiative ""Pas de Suisse à 10 millions!». Le soutien à l'initiative ""Pas de Suisse à 10 millions!» a augmenté à Walkringen par rapport à l'initiative ""pour une immigration modérée» soumise au vote en 2020. Lors de cette votation, 54,9 pour cent des habitants de la commune avaient accepté ce texte."
627,59.8,59.8,40.2,"Worb (BE)","La population de Worb approuve à 59,8 pour cent l'initiative ""Pas de Suisse à 10 millions!». Avec ce résultat, Worb bascule dans le camp du oui. En 2020, la commune avait rejeté l'initiative ""pour une immigration modérée» avec 63,9 pour cent des voix."
628,91,91,9,"Zäziwil (BE)","Zäziwil dit oui à 91 pour cent à l'initiative ""Pas de Suisse à 10 millions!». Avec ce résultat, Zäziwil bascule dans le camp du oui. En 2020, la commune avait rejeté l'initiative ""pour une immigration modérée» avec 52 pour cent des voix."
630,28.3,28.3,71.7,"Allmendingen (BE)","Les habitants d'Allmendingen s'opposent à l'initiative ""Pas de Suisse à 10 millions!» par 71,7 pour cent des voix. Le refus de l'initiative ""Pas de Suisse à 10 millions!» est plus fort que celui observé pour l'initiative ""pour une immigration modérée» en 2020. La proportion de non à Allmendingen était alors de 57,1 pour cent."
632,5.6,5.6,94.4,"Wichtrach (BE)","L'initiative ""Pas de Suisse à 10 millions!» n'a pas trouvé grâce aux yeux des citoyens de Wichtrach. Ils ont refusé le texte à 94,4 pour cent. Le refus de l'initiative ""Pas de Suisse à 10 millions!» est plus fort que celui observé pour l'initiative ""pour une immigration modérée» en 2020. La proportion de non à Wichtrach était alors de 56 pour cent."
662,59.5,59.5,40.5,"Ferenbalm (BE)","L'initiative ""Pas de Suisse à 10 millions!» est approuvée à Ferenbalm par 59,5 pour cent des votants. Le soutien à l'initiative ""Pas de Suisse à 10 millions!» a augmenté à Ferenbalm par rapport à l'initiative ""pour une immigration modérée» soumise au vote en 2020. Lors de cette votation, 54,7 pour cent des habitants de la commune avaient accepté ce texte."
663,16.5,16.5,83.5,"Frauenkappelen (BE)","Les habitants de Frauenkappelen s'opposent à l'initiative ""Pas de Suisse à 10 millions!» par 83,5 pour cent des voix. Le refus de l'initiative ""Pas de Suisse à 10 millions!» est plus fort que celui observé pour l'initiative ""pour une immigration modérée» en 2020. La proportion de non à Frauenkappelen était alors de 59,8 pour cent."
665,59.5,59.5,40.5,"Gurbrü (BE)","L'initiative ""Pas de Suisse à 10 millions!» est approuvée à Gurbrü par 59,5 pour cent des votants. Le soutien à l'initiative ""Pas de Suisse à 10 millions!» a augmenté à Gurbrü par rapport à l'initiative ""pour une immigration modérée» soumise au vote en 2020. Lors de cette votation, 54,5 pour cent des habitants de la commune avaient accepté ce texte."
666,43.6,43.6,56.4,"Kriechenwil (BE)","L'initiative ""Pas de Suisse à 10 millions!» n'a pas trouvé grâce aux yeux des citoyens de Kriechenwil. Ils ont refusé le texte à 56,4 pour cent. En cinq ans, la commune a ainsi changé de camp sur la question de la limitation de l'immigration. Kriechenwil avait rejeté l'initiative ""pour une immigration modérée» à 44,2 pour cent en 2020."
667,14.3,14.3,85.7,"Laupen (BE)","L'initiative ""Pas de Suisse à 10 millions!» n'a pas convaincu à Laupen. Les citoyens de la commune ont refusé le texte à 85,7 pour cent. Le refus de l'initiative ""Pas de Suisse à 10 millions!» est plus fort que celui observé pour l'initiative ""pour une immigration modérée» en 2020. La proportion de non à Laupen était alors de 66,4 pour cent."
668,47.3,47.3,52.7,"Mühleberg (BE)","A Mühleberg, les citoyens rejettent à 52,7 pour cent l'initiative ""Pas de Suisse à 10 millions!». En cinq ans, la commune a ainsi changé de camp sur la question de la limitation de l'immigration. Mühleberg avait rejeté l'initiative ""pour une immigration modérée» à 49 pour cent en 2020."
669,70,70,30,"Villars-les-Moines (BE)","L'initiative ""Pas de Suisse à 10 millions!» est approuvée à Villars-les-Moines par 70 pour cent des votants. Le soutien à l'initiative ""Pas de Suisse à 10 millions!» a augmenté à Villars-les-Moines par rapport à l'initiative ""pour une immigration modérée» soumise au vote en 2020. Lors de cette votation, 53,6 pour cent des habitants de la commune avaient accepté ce texte."
670,94.3,94.3,5.7,"Neuenegg (BE)","La population de Neuenegg approuve à 94,3 pour cent l'initiative ""Pas de Suisse à 10 millions!». Avec ce résultat, Neuenegg bascule dans le camp du oui. En 2020, la commune avait rejeté l'initiative ""pour une immigration modérée» avec 55,2 pour cent des voix."
671,43.2,43.2,56.8,"Wileroltigen (BE)","L'initiative ""Pas de Suisse à 10 millions!» est refusée à 56,8 pour cent à Wileroltigen. En cinq ans, la commune a ainsi changé de camp sur la question de la limitation de l'immigration. Wileroltigen avait rejeté l'initiative ""pour une immigration modérée» à 46,4 pour cent en 2020."
681,52.5,52.5,47.5,"Belprahon (BE)","L'initiative ""Pas de Suisse à 10 millions!» est approuvée à Belprahon par 52,5 pour cent des votants. Avec ce résultat, Belprahon bascule dans le camp du oui. En 2020, la commune avait rejeté l'initiative ""pour une immigration modérée» avec 58,6 pour cent des voix."
683,73.9,73.9,26.1,"Champoz (BE)","Les habitants de Champoz soutiennent à 73,9 pour cent l'initiative ""Pas de Suisse à 10 millions!». Le soutien à l'initiative ""Pas de Suisse à 10 millions!» a augmenté à Champoz par rapport à l'initiative ""pour une immigration modérée» soumise au vote en 2020. Lors de cette votation, 64 pour cent des habitants de la commune avaient accepté ce texte."
687,54.2,54.2,45.8,"Corcelles (BE)","L'initiative ""Pas de Suisse à 10 millions!» est approuvée à Corcelles (BE) par 54,2 pour cent des votants. Avec ce résultat, Corcelles (BE) bascule dans le camp du oui. En 2020, la commune avait rejeté l'initiative ""pour une immigration modérée» avec 51,3 pour cent des voix."
690,43.7,43.7,56.3,"Court (BE)","L'initiative ""Pas de Suisse à 10 millions!» est refusée à 56,3 pour cent à Court. En cinq ans, la commune a ainsi changé de camp sur la question de la limitation de l'immigration. Court avait rejeté l'initiative ""pour une immigration modérée» à 48,1 pour cent en 2020."
691,63.4,63.4,36.6,"Crémines (BE)","La population de Crémines approuve à 63,4 pour cent l'initiative ""Pas de Suisse à 10 millions!». Avec ce résultat, Crémines bascule dans le camp du oui. En 2020, la commune avait rejeté l'initiative ""pour une immigration modérée» avec 59,6 pour cent des voix."
692,18,18,82,"Eschert (BE)","La population d'Eschert rejette à 82 pour cent des voix l'initiative ""Pas de Suisse à 10 millions!». En cinq ans, la commune a ainsi changé de camp sur la question de la limitation de l'immigration. Eschert avait rejeté l'initiative ""pour une immigration modérée» à 47,8 pour cent en 2020."
694,21.1,21.1,78.9,"Grandval (BE)","La population de Grandval rejette à 78,9 pour cent des voix l'initiative ""Pas de Suisse à 10 millions!». En cinq ans, la commune a ainsi changé de camp sur la question de la limitation de l'immigration. Grandval avait rejeté l'initiative ""pour une immigration modérée» à 49 pour cent en 2020."
696,73.1,73.1,26.9,"Loveresse (BE)","L'initiative ""Pas de Suisse à 10 millions!» passe la rampe avec 73,1 pour cent de oui à Loveresse. Le soutien à l'initiative ""Pas de Suisse à 10 millions!» a augmenté à Loveresse par rapport à l'initiative ""pour une immigration modérée» soumise au vote en 2020. Lors de cette votation, 51,9 pour cent des habitants de la commune avaient accepté ce texte."
701,80.3,80.3,19.7,"Perrefitte (BE)","L'initiative ""Pas de Suisse à 10 millions!» est approuvée à Perrefitte par 80,3 pour cent des votants. Le soutien à l'initiative ""Pas de Suisse à 10 millions!» a augmenté à Perrefitte par rapport à l'initiative ""pour une immigration modérée» soumise au vote en 2020. Lors de cette votation, 51,1 pour cent des habitants de la commune avaient accepté ce texte."
703,32.7,32.7,67.3,"Reconvilier (BE)","A Reconvilier, les citoyens rejettent à 67,3 pour cent l'initiative ""Pas de Suisse à 10 millions!». Le refus de l'initiative ""Pas de Suisse à 10 millions!» est plus fort que celui observé pour l'initiative ""pour une immigration modérée» en 2020. La proportion de non à Reconvilier était alors de 52,7 pour cent."
704,78.2,78.2,21.8,"Roches (BE)","L'initiative ""Pas de Suisse à 10 millions!» est approuvée à Roches (BE) par 78,2 pour cent des votants. Le soutien à l'initiative ""Pas de Suisse à 10 millions!» a augmenté à Roches (BE) par rapport à l'initiative ""pour une immigration modérée» soumise au vote en 2020. Lors de cette votation, 54,4 pour cent des habitants de la commune avaient accepté ce texte."
706,76.3,76.3,23.7,"Saicourt (BE)","A Saicourt, les habitants disent oui à 76,3 pour cent à l'initiative ""Pas de Suisse à 10 millions!». Le soutien à l'initiative ""Pas de Suisse à 10 millions!» a augmenté à Saicourt par rapport à l'initiative ""pour une immigration modérée» soumise au vote en 2020. Lors de cette votation, 51,5 pour cent des habitants de la commune avaient accepté ce texte."
707,50.5,50.5,49.5,"Saules (BE)","Les habitants de Saules (BE) soutiennent à 50,5 pour cent l'initiative ""Pas de Suisse à 10 millions!». Le soutien à l'initiative ""Pas de Suisse à 10 millions!» est toutefois moins marqué que celui obtenu par l'initiative ""pour une immigration modérée» en 2020. Les habitants de Saules (BE) avaient alors dit oui à 61 pour cent."
708,44.4,44.4,55.6,"La Scheulte (BE)","La population de La Scheulte rejette à 55,6 pour cent des voix l'initiative ""Pas de Suisse à 10 millions!». En cinq ans, la commune a ainsi changé de camp sur la question de la limitation de l'immigration. La Scheulte avait rejeté l'initiative ""pour une immigration modérée» à 45,2 pour cent en 2020."
709,5.4,5.4,94.6,"Seehof (BE)","La population de Seehof rejette à 94,6 pour cent des voix l'initiative ""Pas de Suisse à 10 millions!». En cinq ans, la commune a ainsi changé de camp sur la question de la limitation de l'immigration. Seehof avait rejeté l'initiative ""pour une immigration modérée» à 24 pour cent en 2020."
711,45.3,45.3,54.7,"Sorvilier (BE)","L'initiative ""Pas de Suisse à 10 millions!» n'a pas trouvé grâce aux yeux des citoyens de Sorvilier. Ils ont refusé le texte à 54,7 pour cent. Le résultat a peu changé par rapport au vote sur l'initiative ""pour une immigration modérée» en 2020. Sorvilier avait alors dit non à 55 pour cent."
713,52.2,52.2,47.8,"Tavannes (BE)","L'initiative ""Pas de Suisse à 10 millions!» passe la rampe avec 52,2 pour cent de oui à Tavannes. Avec ce résultat, Tavannes bascule dans le camp du oui. En 2020, la commune avait rejeté l'initiative ""pour une immigration modérée» avec 60,9 pour cent des voix."
715,63.7,63.7,36.3,"Rebévelier (BE)","L'initiative ""Pas de Suisse à 10 millions!» est approuvée à Rebévelier par 63,7 pour cent des votants."
716,6.3,6.3,93.7,"Petit-Val (BE)","C'est non à l'initiative ""Pas de Suisse à 10 millions!» à Petit-Val. Les habitants ont refusé le texte à 93,7 pour cent."
717,49.9,49.9,50.1,"Valbirse (BE)","A Valbirse, les citoyens rejettent à 50,1 pour cent l'initiative ""Pas de Suisse à 10 millions!». Le rejet de l'initiative est toutefois moins marqué que celui enregistré lors de la votation sur l'initiative ""pour une immigration modérée» en 2020. Les habitants de Valbirse avaient alors dit non à 55,4 pour cent."
723,85.5,85.5,14.5,"La Neuveville (BE)","L'initiative ""Pas de Suisse à 10 millions!» passe la rampe avec 85,5 pour cent de oui à La Neuveville. Avec ce résultat, La Neuveville bascule dans le camp du oui. En 2020, la commune avait rejeté l'initiative ""pour une immigration modérée» avec 76,1 pour cent des voix."
724,25.8,25.8,74.2,"Nods (BE)","L'initiative ""Pas de Suisse à 10 millions!» n'a pas convaincu à Nods. Les citoyens de la commune ont refusé le texte à 74,2 pour cent. Le refus de l'initiative ""Pas de Suisse à 10 millions!» est plus fort que celui observé pour l'initiative ""pour une immigration modérée» en 2020. La proportion de non à Nods était alors de 58,9 pour cent."
726,60.3,60.3,39.7,"Plateau de Diesse (BE)","L'initiative ""Pas de Suisse à 10 millions!» passe la rampe avec 60,3 pour cent de oui à Plateau de Diesse. Avec ce résultat, Plateau de Diesse bascule dans le camp du oui. En 2020, la commune avait rejeté l'initiative ""pour une immigration modérée» avec 64,1 pour cent des voix."
731,77.7,77.7,22.3,"Aegerten (BE)","Aegerten dit oui à 77,7 pour cent à l'initiative ""Pas de Suisse à 10 millions!». Avec ce résultat, Aegerten bascule dans le camp du oui. En 2020, la commune avait rejeté l'initiative ""pour une immigration modérée» avec 56,6 pour cent des voix."
732,54.8,54.8,45.2,"Bellmund (BE)","La population de Bellmund approuve à 54,8 pour cent l'initiative ""Pas de Suisse à 10 millions!». Avec ce résultat, Bellmund bascule dans le camp du oui. En 2020, la commune avait rejeté l'initiative ""pour une immigration modérée» avec 64,5 pour cent des voix."
733,86.4,86.4,13.6,"Brügg (BE)","A Brügg, les habitants disent oui à 86,4 pour cent à l'initiative ""Pas de Suisse à 10 millions!». Avec ce résultat, Brügg bascule dans le camp du oui. En 2020, la commune avait rejeté l'initiative ""pour une immigration modérée» avec 59,4 pour cent des voix."
734,83.1,83.1,16.9,"Bühl (BE)","L'initiative ""Pas de Suisse à 10 millions!» passe la rampe avec 83,1 pour cent de oui à Bühl. Le soutien à l'initiative ""Pas de Suisse à 10 millions!» a augmenté à Bühl par rapport à l'initiative ""pour une immigration modérée» soumise au vote en 2020. Lors de cette votation, 52,7 pour cent des habitants de la commune avaient accepté ce texte."
735,51.6,51.6,48.4,"Epsach (BE)","La population d'Epsach approuve à 51,6 pour cent l'initiative ""Pas de Suisse à 10 millions!». Le soutien à l'initiative ""Pas de Suisse à 10 millions!» est toutefois moins marqué que celui obtenu par l'initiative ""pour une immigration modérée» en 2020. Les habitants d'Epsach avaient alors dit oui à 53,6 pour cent."
736,35.7,35.7,64.3,"Hagneck (BE)","L'initiative ""Pas de Suisse à 10 millions!» n'a pas trouvé grâce aux yeux des citoyens de Hagneck. Ils ont refusé le texte à 64,3 pour cent. En cinq ans, la commune a ainsi changé de camp sur la question de la limitation de l'immigration. Hagneck avait rejeté l'initiative ""pour une immigration modérée» à 49 pour cent en 2020."
737,81.1,81.1,18.9,"Hermrigen (BE)","L'initiative ""Pas de Suisse à 10 millions!» passe la rampe avec 81,1 pour cent de oui à Hermrigen. Le soutien à l'initiative ""Pas de Suisse à 10 millions!» a augmenté à Hermrigen par rapport à l'initiative ""pour une immigration modérée» soumise au vote en 2020. Lors de cette votation, 50,8 pour cent des habitants de la commune avaient accepté ce texte."
738,63.8,63.8,36.2,"Jens (BE)","L'initiative ""Pas de Suisse à 10 millions!» passe la rampe avec 63,8 pour cent de oui à Jens. Avec ce résultat, Jens bascule dans le camp du oui. En 2020, la commune avait rejeté l'initiative ""pour une immigration modérée» avec 60,1 pour cent des voix."
739,14.9,14.9,85.1,"Ipsach (BE)","L'initiative ""Pas de Suisse à 10 millions!» est refusée à 85,1 pour cent à Ipsach. Le refus de l'initiative ""Pas de Suisse à 10 millions!» est plus fort que celui observé pour l'initiative ""pour une immigration modérée» en 2020. La proportion de non à Ipsach était alors de 67,8 pour cent."
740,18.9,18.9,81.1,"Gléresse (BE)","L'initiative ""Pas de Suisse à 10 millions!» n'a pas convaincu à Gléresse. Les citoyens de la commune ont refusé le texte à 81,1 pour cent. Le refus de l'initiative ""Pas de Suisse à 10 millions!» est plus fort que celui observé pour l'initiative ""pour une immigration modérée» en 2020. La proportion de non à Gléresse était alors de 69,7 pour cent."
741,23.3,23.3,76.7,"Merzligen (BE)","C'est non à l'initiative ""Pas de Suisse à 10 millions!» à Merzligen. Les habitants ont refusé le texte à 76,7 pour cent. Le refus de l'initiative ""Pas de Suisse à 10 millions!» est plus fort que celui observé pour l'initiative ""pour une immigration modérée» en 2020. La proportion de non à Merzligen était alors de 67 pour cent."
742,63.1,63.1,36.9,"Mörigen (BE)","L'initiative ""Pas de Suisse à 10 millions!» est approuvée à Mörigen par 63,1 pour cent des votants. Avec ce résultat, Mörigen bascule dans le camp du oui. En 2020, la commune avait rejeté l'initiative ""pour une immigration modérée» avec 54,4 pour cent des voix."
743,48.4,48.4,51.6,"Nidau (BE)","L'initiative ""Pas de Suisse à 10 millions!» n'a pas convaincu à Nidau. Les citoyens de la commune ont refusé le texte à 51,6 pour cent. Le rejet de l'initiative est toutefois moins marqué que celui enregistré lors de la votation sur l'initiative ""pour une immigration modérée» en 2020. Les habitants de Nidau avaient alors dit non à 69,2 pour cent."
744,79.4,79.4,20.6,"Orpund (BE)","La population d'Orpund approuve à 79,4 pour cent l'initiative ""Pas de Suisse à 10 millions!». Avec ce résultat, Orpund bascule dans le camp du oui. En 2020, la commune avait rejeté l'initiative ""pour une immigration modérée» avec 53,1 pour cent des voix."
745,57.8,57.8,42.2,"Port (BE)","A Port, les habitants disent oui à 57,8 pour cent à l'initiative ""Pas de Suisse à 10 millions!». Avec ce résultat, Port bascule dans le camp du oui. En 2020, la commune avait rejeté l'initiative ""pour une immigration modérée» avec 62,8 pour cent des voix."
746,72,72,28,"Safnern (BE)","L'initiative ""Pas de Suisse à 10 millions!» est approuvée à Safnern par 72 pour cent des votants. Le soutien à l'initiative ""Pas de Suisse à 10 millions!» a augmenté à Safnern par rapport à l'initiative ""pour une immigration modérée» soumise au vote en 2020. Lors de cette votation, 50,1 pour cent des habitants de la commune avaient accepté ce texte."
747,59.3,59.3,40.7,"Scheuren (BE)","Scheuren dit oui à 59,3 pour cent à l'initiative ""Pas de Suisse à 10 millions!». Avec ce résultat, Scheuren bascule dans le camp du oui. En 2020, la commune avait rejeté l'initiative ""pour une immigration modérée» avec 52,1 pour cent des voix."
748,14.1,14.1,85.9,"Schwadernau (BE)","L'initiative ""Pas de Suisse à 10 millions!» est refusée à 85,9 pour cent à Schwadernau. Le refus de l'initiative ""Pas de Suisse à 10 millions!» est plus fort que celui observé pour l'initiative ""pour une immigration modérée» en 2020. La proportion de non à Schwadernau était alors de 52 pour cent."
749,58.9,58.9,41.1,"Studen (BE)","Les habitants de Studen (BE) soutiennent à 58,9 pour cent l'initiative ""Pas de Suisse à 10 millions!». Le soutien à l'initiative ""Pas de Suisse à 10 millions!» a augmenté à Studen (BE) par rapport à l'initiative ""pour une immigration modérée» soumise au vote en 2020. Lors de cette votation, 50,8 pour cent des habitants de la commune avaient accepté ce texte."
750,84.1,84.1,15.9,"Sutz-Lattrigen (BE)","Les habitants de Sutz-Lattrigen acceptent à 84,1 pour cent l'initiative ""Pas de Suisse à 10 millions!». Avec ce résultat, Sutz-Lattrigen bascule dans le camp du oui. En 2020, la commune avait rejeté l'initiative ""pour une immigration modérée» avec 64,9 pour cent des voix."
751,89.7,89.7,10.3,"Täuffelen (BE)","L'initiative ""Pas de Suisse à 10 millions!» passe la rampe avec 89,7 pour cent de oui à Täuffelen. Avec ce résultat, Täuffelen bascule dans le camp du oui. En 2020, la commune avait rejeté l'initiative ""pour une immigration modérée» avec 61 pour cent des voix."
754,30.2,30.2,69.8,"Walperswil (BE)","La population de Walperswil rejette à 69,8 pour cent des voix l'initiative ""Pas de Suisse à 10 millions!». En cinq ans, la commune a ainsi changé de camp sur la question de la limitation de l'immigration. Walperswil avait rejeté l'initiative ""pour une immigration modérée» à 46,8 pour cent en 2020."
755,63.6,63.6,36.4,"Worben (BE)","Les habitants de Worben soutiennent à 63,6 pour cent l'initiative ""Pas de Suisse à 10 millions!». Avec ce résultat, Worben bascule dans le camp du oui. En 2020, la commune avait rejeté l'initiative ""pour une immigration modérée» avec 54,5 pour cent des voix."
756,71.8,71.8,28.2,"Douanne-Daucher (BE)","Douanne-Daucher dit oui à 71,8 pour cent à l'initiative ""Pas de Suisse à 10 millions!». Avec ce résultat, Douanne-Daucher bascule dans le camp du oui. En 2020, la commune avait rejeté l'initiative ""pour une immigration modérée» avec 68,1 pour cent des voix."
761,29.7,29.7,70.3,"Därstetten (BE)","L'initiative ""Pas de Suisse à 10 millions!» n'a pas trouvé grâce aux yeux des citoyens de Därstetten. Ils ont refusé le texte à 70,3 pour cent. En cinq ans, la commune a ainsi changé de camp sur la question de la limitation de l'immigration. Därstetten avait rejeté l'initiative ""pour une immigration modérée» à 24,6 pour cent en 2020."
762,50.7,50.7,49.3,"Diemtigen (BE)","Les habitants de Diemtigen acceptent à 50,7 pour cent l'initiative ""Pas de Suisse à 10 millions!». Le soutien à l'initiative ""Pas de Suisse à 10 millions!» est toutefois moins marqué que celui obtenu par l'initiative ""pour une immigration modérée» en 2020. Les habitants de Diemtigen avaient alors dit oui à 73,1 pour cent."
763,66,66,34,"Erlenbach im Simmental (BE)","Les habitants d'Erlenbach im Simmental acceptent à 66 pour cent l'initiative ""Pas de Suisse à 10 millions!». Le soutien à l'initiative ""Pas de Suisse à 10 millions!» a augmenté à Erlenbach im Simmental par rapport à l'initiative ""pour une immigration modérée» soumise au vote en 2020. Lors de cette votation, 62,7 pour cent des habitants de la commune avaient accepté ce texte."
766,97.1,97.1,2.9,"Oberwil im Simmental (BE)","La population d'Oberwil im Simmental approuve à 97,1 pour cent l'initiative ""Pas de Suisse à 10 millions!». Le soutien à l'initiative ""Pas de Suisse à 10 millions!» a augmenté à Oberwil im Simmental par rapport à l'initiative ""pour une immigration modérée» soumise au vote en 2020. Lors de cette votation, 75,2 pour cent des habitants de la commune avaient accepté ce texte."
767,63.3,63.3,36.7,"Reutigen (BE)","Les habitants de Reutigen soutiennent à 63,3 pour cent l'initiative ""Pas de Suisse à 10 millions!». Le soutien à l'initiative ""Pas de Suisse à 10 millions!» a augmenté à Reutigen par rapport à l'initiative ""pour une immigration modérée» soumise au vote en 2020. Lors de cette votation, 56,9 pour cent des habitants de la commune avaient accepté ce texte."
768,60.1,60.1,39.9,"Spiez (BE)","L'initiative ""Pas de Suisse à 10 millions!» est approuvée à Spiez par 60,1 pour cent des votants. Avec ce résultat, Spiez bascule dans le camp du oui. En 2020, la commune avait rejeté l'initiative ""pour une immigration modérée» avec 60,1 pour cent des voix."
769,76.5,76.5,23.5,"Wimmis (BE)","A Wimmis, les habitants disent oui à 76,5 pour cent à l'initiative ""Pas de Suisse à 10 millions!». Le soutien à l'initiative ""Pas de Suisse à 10 millions!» a augmenté à Wimmis par rapport à l'initiative ""pour une immigration modérée» soumise au vote en 2020. Lors de cette votation, 58 pour cent des habitants de la commune avaient accepté ce texte."
770,50.9,50.9,49.1,"Stocken-Höfen (BE)","L'initiative ""Pas de Suisse à 10 millions!» passe la rampe avec 50,9 pour cent de oui à Stocken-Höfen. Le soutien à l'initiative ""Pas de Suisse à 10 millions!» est toutefois moins marqué que celui obtenu par l'initiative ""pour une immigration modérée» en 2020. Les habitants de Stocken-Höfen avaient alors dit oui à 61,3 pour cent."
782,43.2,43.2,56.8,"Guttannen (BE)","L'initiative ""Pas de Suisse à 10 millions!» est refusée à 56,8 pour cent à Guttannen. En cinq ans, la commune a ainsi changé de camp sur la question de la limitation de l'immigration. Guttannen avait rejeté l'initiative ""pour une immigration modérée» à 49 pour cent en 2020."
783,23,23,77,"Hasliberg (BE)","La population de Hasliberg rejette à 77 pour cent des voix l'initiative ""Pas de Suisse à 10 millions!». En cinq ans, la commune a ainsi changé de camp sur la question de la limitation de l'immigration. Hasliberg avait rejeté l'initiative ""pour une immigration modérée» à 45,8 pour cent en 2020."
784,58.5,58.5,41.5,"Innertkirchen (BE)","Innertkirchen dit oui à 58,5 pour cent à l'initiative ""Pas de Suisse à 10 millions!». Le soutien à l'initiative ""Pas de Suisse à 10 millions!» a augmenté à Innertkirchen par rapport à l'initiative ""pour une immigration modérée» soumise au vote en 2020. Lors de cette votation, 57,4 pour cent des habitants de la commune avaient accepté ce texte."
785,68.4,68.4,31.6,"Meiringen (BE)","A Meiringen, les habitants disent oui à 68,4 pour cent à l'initiative ""Pas de Suisse à 10 millions!». Avec ce résultat, Meiringen bascule dans le camp du oui. En 2020, la commune avait rejeté l'initiative ""pour une immigration modérée» avec 54,9 pour cent des voix."
786,24.8,24.8,75.2,"Schattenhalb (BE)","La population de Schattenhalb rejette à 75,2 pour cent des voix l'initiative ""Pas de Suisse à 10 millions!». En cinq ans, la commune a ainsi changé de camp sur la question de la limitation de l'immigration. Schattenhalb avait rejeté l'initiative ""pour une immigration modérée» à 44,5 pour cent en 2020."
791,22.3,22.3,77.7,"Boltigen (BE)","Les habitants de Boltigen s'opposent à l'initiative ""Pas de Suisse à 10 millions!» par 77,7 pour cent des voix. En cinq ans, la commune a ainsi changé de camp sur la question de la limitation de l'immigration. Boltigen avait rejeté l'initiative ""pour une immigration modérée» à 30,3 pour cent en 2020."
792,50.4,50.4,49.6,"Lenk (BE)","Les habitants de Lenk acceptent à 50,4 pour cent l'initiative ""Pas de Suisse à 10 millions!». Le soutien à l'initiative ""Pas de Suisse à 10 millions!» est toutefois moins marqué que celui obtenu par l'initiative ""pour une immigration modérée» en 2020. Les habitants de Lenk avaient alors dit oui à 55,7 pour cent."
793,49.7,49.7,50.3,"Saint-Etienne (BE)","Les habitants de Saint-Etienne s'opposent à l'initiative ""Pas de Suisse à 10 millions!» par 50,3 pour cent des voix. En cinq ans, la commune a ainsi changé de camp sur la question de la limitation de l'immigration. Saint-Etienne avait rejeté l'initiative ""pour une immigration modérée» à 26,4 pour cent en 2020."
794,4.7,4.7,95.3,"Zweisimmen (BE)","A Zweisimmen, les citoyens rejettent à 95,3 pour cent l'initiative ""Pas de Suisse à 10 millions!». En cinq ans, la commune a ainsi changé de camp sur la question de la limitation de l'immigration. Zweisimmen avait rejeté l'initiative ""pour une immigration modérée» à 47,2 pour cent en 2020."
841,14.4,14.4,85.6,"Gsteig (BE)","C'est non à l'initiative ""Pas de Suisse à 10 millions!» à Gsteig. Les habitants ont refusé le texte à 85,6 pour cent. En cinq ans, la commune a ainsi changé de camp sur la question de la limitation de l'immigration. Gsteig avait rejeté l'initiative ""pour une immigration modérée» à 40,4 pour cent en 2020."
842,4.3,4.3,95.7,"Lauenen (BE)","L'initiative ""Pas de Suisse à 10 millions!» n'a pas convaincu à Lauenen. Les citoyens de la commune ont refusé le texte à 95,7 pour cent. En cinq ans, la commune a ainsi changé de camp sur la question de la limitation de l'immigration. Lauenen avait rejeté l'initiative ""pour une immigration modérée» à 39,6 pour cent en 2020."
843,54.3,54.3,45.7,"Gessenay (BE)","L'initiative ""Pas de Suisse à 10 millions!» passe la rampe avec 54,3 pour cent de oui à Gessenay. Le soutien à l'initiative ""Pas de Suisse à 10 millions!» a augmenté à Gessenay par rapport à l'initiative ""pour une immigration modérée» soumise au vote en 2020. Lors de cette votation, 52,1 pour cent des habitants de la commune avaient accepté ce texte."
852,52.8,52.8,47.2,"Guggisberg (BE)","Guggisberg dit oui à 52,8 pour cent à l'initiative ""Pas de Suisse à 10 millions!». Le soutien à l'initiative ""Pas de Suisse à 10 millions!» est toutefois moins marqué que celui obtenu par l'initiative ""pour une immigration modérée» en 2020. Les habitants de Guggisberg avaient alors dit oui à 64,8 pour cent."
853,19.4,19.4,80.6,"Rüschegg (BE)","L'initiative ""Pas de Suisse à 10 millions!» est refusée à 80,6 pour cent à Rüschegg. En cinq ans, la commune a ainsi changé de camp sur la question de la limitation de l'immigration. Rüschegg avait rejeté l'initiative ""pour une immigration modérée» à 42,3 pour cent en 2020."
855,35.3,35.3,64.7,"Schwarzenburg (BE)","Les habitants de Schwarzenburg s'opposent à l'initiative ""Pas de Suisse à 10 millions!» par 64,7 pour cent des voix. Le refus de l'initiative ""Pas de Suisse à 10 millions!» est plus fort que celui observé pour l'initiative ""pour une immigration modérée» en 2020. La proportion de non à Schwarzenburg était alors de 55,1 pour cent."
861,70.5,70.5,29.5,"Belp (BE)","L'initiative ""Pas de Suisse à 10 millions!» est approuvée à Belp par 70,5 pour cent des votants. Avec ce résultat, Belp bascule dans le camp du oui. En 2020, la commune avait rejeté l'initiative ""pour une immigration modérée» avec 58,7 pour cent des voix."
863,54.8,54.8,45.2,"Burgistein (BE)","Les habitants de Burgistein acceptent à 54,8 pour cent l'initiative ""Pas de Suisse à 10 millions!». Le soutien à l'initiative ""Pas de Suisse à 10 millions!» a augmenté à Burgistein par rapport à l'initiative ""pour une immigration modérée» soumise au vote en 2020. Lors de cette votation, 51,7 pour cent des habitants de la commune avaient accepté ce texte."
866,77.7,77.7,22.3,"Gerzensee (BE)","La population de Gerzensee approuve à 77,7 pour cent l'initiative ""Pas de Suisse à 10 millions!». Avec ce résultat, Gerzensee bascule dans le camp du oui. En 2020, la commune avait rejeté l'initiative ""pour une immigration modérée» avec 55 pour cent des voix."
867,42.3,42.3,57.7,"Gurzelen (BE)","La population de Gurzelen rejette à 57,7 pour cent des voix l'initiative ""Pas de Suisse à 10 millions!». En cinq ans, la commune a ainsi changé de camp sur la question de la limitation de l'immigration. Gurzelen avait rejeté l'initiative ""pour une immigration modérée» à 44,1 pour cent en 2020."
868,37.9,37.9,62.1,"Jaberg (BE)","L'initiative ""Pas de Suisse à 10 millions!» n'a pas trouvé grâce aux yeux des citoyens de Jaberg. Ils ont refusé le texte à 62,1 pour cent. Le refus de l'initiative ""Pas de Suisse à 10 millions!» est plus fort que celui observé pour l'initiative ""pour une immigration modérée» en 2020. La proportion de non à Jaberg était alors de 55,9 pour cent."
869,70.3,70.3,29.7,"Kaufdorf (BE)","Les habitants de Kaufdorf acceptent à 70,3 pour cent l'initiative ""Pas de Suisse à 10 millions!». Avec ce résultat, Kaufdorf bascule dans le camp du oui. En 2020, la commune avait rejeté l'initiative ""pour une immigration modérée» avec 63,4 pour cent des voix."
870,46.8,46.8,53.2,"Kehrsatz (BE)","A Kehrsatz, les citoyens rejettent à 53,2 pour cent l'initiative ""Pas de Suisse à 10 millions!». Le rejet de l'initiative est toutefois moins marqué que celui enregistré lors de la votation sur l'initiative ""pour une immigration modérée» en 2020. Les habitants de Kehrsatz avaient alors dit non à 69 pour cent."
872,59.7,59.7,40.3,"Kirchdorf (BE)","L'initiative ""Pas de Suisse à 10 millions!» passe la rampe avec 59,7 pour cent de oui à Kirchdorf (BE). Avec ce résultat, Kirchdorf (BE) bascule dans le camp du oui. En 2020, la commune avait rejeté l'initiative ""pour une immigration modérée» avec 50,2 pour cent des voix."
879,23.2,23.2,76.8,"Riggisberg (BE)","Les habitants de Riggisberg s'opposent à l'initiative ""Pas de Suisse à 10 millions!» par 76,8 pour cent des voix. En cinq ans, la commune a ainsi changé de camp sur la question de la limitation de l'immigration. Riggisberg avait rejeté l'initiative ""pour une immigration modérée» à 46,9 pour cent en 2020."
880,16.2,16.2,83.8,"Rüeggisberg (BE)","L'initiative ""Pas de Suisse à 10 millions!» n'a pas convaincu à Rüeggisberg. Les citoyens de la commune ont refusé le texte à 83,8 pour cent. En cinq ans, la commune a ainsi changé de camp sur la question de la limitation de l'immigration. Rüeggisberg avait rejeté l'initiative ""pour une immigration modérée» à 39,7 pour cent en 2020."
883,77.2,77.2,22.8,"Seftigen (BE)","L'initiative ""Pas de Suisse à 10 millions!» passe la rampe avec 77,2 pour cent de oui à Seftigen. Avec ce résultat, Seftigen bascule dans le camp du oui. En 2020, la commune avait rejeté l'initiative ""pour une immigration modérée» avec 50 pour cent des voix."
884,55.9,55.9,44.1,"Toffen (BE)","Les habitants de Toffen acceptent à 55,9 pour cent l'initiative ""Pas de Suisse à 10 millions!». Avec ce résultat, Toffen bascule dans le camp du oui. En 2020, la commune avait rejeté l'initiative ""pour une immigration modérée» avec 56,1 pour cent des voix."
885,88.5,88.5,11.5,"Uttigen (BE)","La population d'Uttigen approuve à 88,5 pour cent l'initiative ""Pas de Suisse à 10 millions!». Avec ce résultat, Uttigen bascule dans le camp du oui. En 2020, la commune avait rejeté l'initiative ""pour une immigration modérée» avec 54,8 pour cent des voix."
886,45.7,45.7,54.3,"Wattenwil (BE)","L'initiative ""Pas de Suisse à 10 millions!» n'a pas convaincu à Wattenwil. Les citoyens de la commune ont refusé le texte à 54,3 pour cent. En cinq ans, la commune a ainsi changé de camp sur la question de la limitation de l'immigration. Wattenwil avait rejeté l'initiative ""pour une immigration modérée» à 47,1 pour cent en 2020."
888,55.6,55.6,44.4,"Wald (BE)","La population de Wald (BE) approuve à 55,6 pour cent l'initiative ""Pas de Suisse à 10 millions!». Le soutien à l'initiative ""Pas de Suisse à 10 millions!» a augmenté à Wald (BE) par rapport à l'initiative ""pour une immigration modérée» soumise au vote en 2020. Lors de cette votation, 50,4 pour cent des habitants de la commune avaient accepté ce texte."
889,39.3,39.3,60.7,"Thurnen (BE)","L'initiative ""Pas de Suisse à 10 millions!» n'a pas convaincu à Thurnen. Les citoyens de la commune ont refusé le texte à 60,7 pour cent. Le refus de l'initiative ""Pas de Suisse à 10 millions!» est plus fort que celui observé pour l'initiative ""pour une immigration modérée» en 2020. La proportion de non à Thurnen était alors de 57,8 pour cent."
901,10.1,10.1,89.9,"Eggiwil (BE)","Les habitants d'Eggiwil s'opposent à l'initiative ""Pas de Suisse à 10 millions!» par 89,9 pour cent des voix. En cinq ans, la commune a ainsi changé de camp sur la question de la limitation de l'immigration. Eggiwil avait rejeté l'initiative ""pour une immigration modérée» à 29,9 pour cent en 2020."
902,51.5,51.5,48.5,"Langnau im Emmental (BE)","L'initiative ""Pas de Suisse à 10 millions!» passe la rampe avec 51,5 pour cent de oui à Langnau im Emmental. Avec ce résultat, Langnau im Emmental bascule dans le camp du oui. En 2020, la commune avait rejeté l'initiative ""pour une immigration modérée» avec 59,9 pour cent des voix."
903,29.3,29.3,70.7,"Lauperswil (BE)","L'initiative ""Pas de Suisse à 10 millions!» n'a pas convaincu à Lauperswil. Les citoyens de la commune ont refusé le texte à 70,7 pour cent. En cinq ans, la commune a ainsi changé de camp sur la question de la limitation de l'immigration. Lauperswil avait rejeté l'initiative ""pour une immigration modérée» à 40,9 pour cent en 2020."
904,91.1,91.1,8.9,"Röthenbach im Emmental (BE)","La population de Röthenbach im Emmental approuve à 91,1 pour cent l'initiative ""Pas de Suisse à 10 millions!». Le soutien à l'initiative ""Pas de Suisse à 10 millions!» a augmenté à Röthenbach im Emmental par rapport à l'initiative ""pour une immigration modérée» soumise au vote en 2020. Lors de cette votation, 74,3 pour cent des habitants de la commune avaient accepté ce texte."
905,55.9,55.9,44.1,"Rüderswil (BE)","L'initiative ""Pas de Suisse à 10 millions!» passe la rampe avec 55,9 pour cent de oui à Rüderswil. Le soutien à l'initiative ""Pas de Suisse à 10 millions!» est toutefois moins marqué que celui obtenu par l'initiative ""pour une immigration modérée» en 2020. Les habitants de Rüderswil avaient alors dit oui à 57,9 pour cent."
906,57.3,57.3,42.7,"Schangnau (BE)","A Schangnau, les habitants disent oui à 57,3 pour cent à l'initiative ""Pas de Suisse à 10 millions!». Le soutien à l'initiative ""Pas de Suisse à 10 millions!» est toutefois moins marqué que celui obtenu par l'initiative ""pour une immigration modérée» en 2020. Les habitants de Schangnau avaient alors dit oui à 78,3 pour cent."
907,56.7,56.7,43.3,"Signau (BE)","L'initiative ""Pas de Suisse à 10 millions!» est approuvée à Signau par 56,7 pour cent des votants. Les avis restent ainsi stables sur la question de l'immigration à Signau. En 2020, la commune avait déjà voté oui à 56,6 pour cent à l'initiative ""pour une immigration modérée»."
908,38,38,62,"Trub (BE)","Les habitants de Trub s'opposent à l'initiative ""Pas de Suisse à 10 millions!» par 62 pour cent des voix. En cinq ans, la commune a ainsi changé de camp sur la question de la limitation de l'immigration. Trub avait rejeté l'initiative ""pour une immigration modérée» à 39,1 pour cent en 2020."
909,58.6,58.6,41.4,"Trubschachen (BE)","L'initiative ""Pas de Suisse à 10 millions!» passe la rampe avec 58,6 pour cent de oui à Trubschachen. Le soutien à l'initiative ""Pas de Suisse à 10 millions!» a augmenté à Trubschachen par rapport à l'initiative ""pour une immigration modérée» soumise au vote en 2020. Lors de cette votation, 52 pour cent des habitants de la commune avaient accepté ce texte."
921,18.2,18.2,81.8,"Amsoldingen (BE)","La population d'Amsoldingen rejette à 81,8 pour cent des voix l'initiative ""Pas de Suisse à 10 millions!». Le refus de l'initiative ""Pas de Suisse à 10 millions!» est plus fort que celui observé pour l'initiative ""pour une immigration modérée» en 2020. La proportion de non à Amsoldingen était alors de 53,1 pour cent."
922,51,51,49,"Blumenstein (BE)","L'initiative ""Pas de Suisse à 10 millions!» est approuvée à Blumenstein par 51 pour cent des votants. Le soutien à l'initiative ""Pas de Suisse à 10 millions!» est toutefois moins marqué que celui obtenu par l'initiative ""pour une immigration modérée» en 2020. Les habitants de Blumenstein avaient alors dit oui à 63,8 pour cent."
923,51.8,51.8,48.2,"Buchholterberg (BE)","A Buchholterberg, les habitants disent oui à 51,8 pour cent à l'initiative ""Pas de Suisse à 10 millions!». Le soutien à l'initiative ""Pas de Suisse à 10 millions!» est toutefois moins marqué que celui obtenu par l'initiative ""pour une immigration modérée» en 2020. Les habitants de Buchholterberg avaient alors dit oui à 71 pour cent."
924,47.8,47.8,52.2,"Eriz (BE)","Les habitants d'Eriz s'opposent à l'initiative ""Pas de Suisse à 10 millions!» par 52,2 pour cent des voix. En cinq ans, la commune a ainsi changé de camp sur la question de la limitation de l'immigration. Eriz avait rejeté l'initiative ""pour une immigration modérée» à 25,6 pour cent en 2020."
925,8.9,8.9,91.1,"Fahrni (BE)","Les habitants de Fahrni s'opposent à l'initiative ""Pas de Suisse à 10 millions!» par 91,1 pour cent des voix. En cinq ans, la commune a ainsi changé de camp sur la question de la limitation de l'immigration. Fahrni avait rejeté l'initiative ""pour une immigration modérée» à 39,9 pour cent en 2020."
927,25.8,25.8,74.2,"Heiligenschwendi (BE)","C'est non à l'initiative ""Pas de Suisse à 10 millions!» à Heiligenschwendi. Les habitants ont refusé le texte à 74,2 pour cent. En cinq ans, la commune a ainsi changé de camp sur la question de la limitation de l'immigration. Heiligenschwendi avait rejeté l'initiative ""pour une immigration modérée» à 49,4 pour cent en 2020."
928,97.2,97.2,2.8,"Heimberg (BE)","A Heimberg, les habitants disent oui à 97,2 pour cent à l'initiative ""Pas de Suisse à 10 millions!». Avec ce résultat, Heimberg bascule dans le camp du oui. En 2020, la commune avait rejeté l'initiative ""pour une immigration modérée» avec 51,9 pour cent des voix."
929,39.4,39.4,60.6,"Hilterfingen (BE)","L'initiative ""Pas de Suisse à 10 millions!» n'a pas trouvé grâce aux yeux des citoyens de Hilterfingen. Ils ont refusé le texte à 60,6 pour cent. Le rejet de l'initiative est toutefois moins marqué que celui enregistré lors de la votation sur l'initiative ""pour une immigration modérée» en 2020. Les habitants de Hilterfingen avaient alors dit non à 64,8 pour cent."
931,34.4,34.4,65.6,"Homberg (BE)","Les habitants de Homberg s'opposent à l'initiative ""Pas de Suisse à 10 millions!» par 65,6 pour cent des voix. En cinq ans, la commune a ainsi changé de camp sur la question de la limitation de l'immigration. Homberg avait rejeté l'initiative ""pour une immigration modérée» à 32,8 pour cent en 2020."
932,20.7,20.7,79.3,"Horrenbach-Buchen (BE)","L'initiative ""Pas de Suisse à 10 millions!» n'a pas trouvé grâce aux yeux des citoyens de Horrenbach-Buchen. Ils ont refusé le texte à 79,3 pour cent. En cinq ans, la commune a ainsi changé de camp sur la question de la limitation de l'immigration. Horrenbach-Buchen avait rejeté l'initiative ""pour une immigration modérée» à 23,3 pour cent en 2020."
934,40.4,40.4,59.6,"Oberhofen am Thunersee (BE)","L'initiative ""Pas de Suisse à 10 millions!» est refusée à 59,6 pour cent à Oberhofen am Thunersee. Le rejet de l'initiative est toutefois moins marqué que celui enregistré lors de la votation sur l'initiative ""pour une immigration modérée» en 2020. Les habitants d'Oberhofen am Thunersee avaient alors dit non à 61,7 pour cent."
935,7.5,7.5,92.5,"Oberlangenegg (BE)","C'est non à l'initiative ""Pas de Suisse à 10 millions!» à Oberlangenegg. Les habitants ont refusé le texte à 92,5 pour cent. En cinq ans, la commune a ainsi changé de camp sur la question de la limitation de l'immigration. Oberlangenegg avait rejeté l'initiative ""pour une immigration modérée» à 24 pour cent en 2020."
936,56.1,56.1,43.9,"Pohlern (BE)","L'initiative ""Pas de Suisse à 10 millions!» est approuvée à Pohlern par 56,1 pour cent des votants. Le soutien à l'initiative ""Pas de Suisse à 10 millions!» est toutefois moins marqué que celui obtenu par l'initiative ""pour une immigration modérée» en 2020. Les habitants de Pohlern avaient alors dit oui à 74,6 pour cent."
938,12.5,12.5,87.5,"Sigriswil (BE)","L'initiative ""Pas de Suisse à 10 millions!» n'a pas convaincu à Sigriswil. Les citoyens de la commune ont refusé le texte à 87,5 pour cent. En cinq ans, la commune a ainsi changé de camp sur la question de la limitation de l'immigration. Sigriswil avait rejeté l'initiative ""pour une immigration modérée» à 42,2 pour cent en 2020."
939,73.8,73.8,26.2,"Steffisburg (BE)","Steffisburg dit oui à 73,8 pour cent à l'initiative ""Pas de Suisse à 10 millions!». Avec ce résultat, Steffisburg bascule dans le camp du oui. En 2020, la commune avait rejeté l'initiative ""pour une immigration modérée» avec 59,6 pour cent des voix."
940,79.4,79.4,20.6,"Teuffenthal (BE)","L'initiative ""Pas de Suisse à 10 millions!» est approuvée à Teuffenthal (BE) par 79,4 pour cent des votants. Les avis restent ainsi stables sur la question de l'immigration à Teuffenthal (BE). En 2020, la commune avait déjà voté oui à 78,5 pour cent à l'initiative ""pour une immigration modérée»."
941,33.3,33.3,66.7,"Thierachern (BE)","L'initiative ""Pas de Suisse à 10 millions!» n'a pas convaincu à Thierachern. Les citoyens de la commune ont refusé le texte à 66,7 pour cent. Le refus de l'initiative ""Pas de Suisse à 10 millions!» est plus fort que celui observé pour l'initiative ""pour une immigration modérée» en 2020. La proportion de non à Thierachern était alors de 51,1 pour cent."
942,33.2,33.2,66.8,"Thoune (BE)","C'est non à l'initiative ""Pas de Suisse à 10 millions!» à Thoune. Les habitants ont refusé le texte à 66,8 pour cent. Le refus de l'initiative ""Pas de Suisse à 10 millions!» est plus fort que celui observé pour l'initiative ""pour une immigration modérée» en 2020. La proportion de non à Thoune était alors de 62,4 pour cent."
943,15.8,15.8,84.2,"Uebeschi (BE)","A Uebeschi, les citoyens rejettent à 84,2 pour cent l'initiative ""Pas de Suisse à 10 millions!». En cinq ans, la commune a ainsi changé de camp sur la question de la limitation de l'immigration. Uebeschi avait rejeté l'initiative ""pour une immigration modérée» à 39,6 pour cent en 2020."
944,52,52,48,"Uetendorf (BE)","L'initiative ""Pas de Suisse à 10 millions!» passe la rampe avec 52 pour cent de oui à Uetendorf. Le soutien à l'initiative ""Pas de Suisse à 10 millions!» est toutefois moins marqué que celui obtenu par l'initiative ""pour une immigration modérée» en 2020. Les habitants d'Uetendorf avaient alors dit oui à 53,9 pour cent."
945,54.2,54.2,45.8,"Unterlangenegg (BE)","Unterlangenegg dit oui à 54,2 pour cent à l'initiative ""Pas de Suisse à 10 millions!». Le soutien à l'initiative ""Pas de Suisse à 10 millions!» est toutefois moins marqué que celui obtenu par l'initiative ""pour une immigration modérée» en 2020. Les habitants d'Unterlangenegg avaient alors dit oui à 64,6 pour cent."
946,71.9,71.9,28.1,"Wachseldorn (BE)","Les habitants de Wachseldorn soutiennent à 71,9 pour cent l'initiative ""Pas de Suisse à 10 millions!». Le soutien à l'initiative ""Pas de Suisse à 10 millions!» est toutefois moins marqué que celui obtenu par l'initiative ""pour une immigration modérée» en 2020. Les habitants de Wachseldorn avaient alors dit oui à 82,1 pour cent."
948,11.1,11.1,88.9,"Forst-Längenbühl (BE)","L'initiative ""Pas de Suisse à 10 millions!» est refusée à 88,9 pour cent à Forst-Längenbühl. En cinq ans, la commune a ainsi changé de camp sur la question de la limitation de l'immigration. Forst-Längenbühl avait rejeté l'initiative ""pour une immigration modérée» à 42,4 pour cent en 2020."
951,92.1,92.1,7.9,"Affoltern im Emmental (BE)","Les habitants d'Affoltern im Emmental acceptent à 92,1 pour cent l'initiative ""Pas de Suisse à 10 millions!». Le soutien à l'initiative ""Pas de Suisse à 10 millions!» a augmenté à Affoltern im Emmental par rapport à l'initiative ""pour une immigration modérée» soumise au vote en 2020. Lors de cette votation, 63,4 pour cent des habitants de la commune avaient accepté ce texte."
952,51.6,51.6,48.4,"Dürrenroth (BE)","L'initiative ""Pas de Suisse à 10 millions!» est approuvée à Dürrenroth par 51,6 pour cent des votants. Le soutien à l'initiative ""Pas de Suisse à 10 millions!» est toutefois moins marqué que celui obtenu par l'initiative ""pour une immigration modérée» en 2020. Les habitants de Dürrenroth avaient alors dit oui à 62,4 pour cent."
953,70.2,70.2,29.8,"Eriswil (BE)","La population d'Eriswil approuve à 70,2 pour cent l'initiative ""Pas de Suisse à 10 millions!». Le soutien à l'initiative ""Pas de Suisse à 10 millions!» a augmenté à Eriswil par rapport à l'initiative ""pour une immigration modérée» soumise au vote en 2020. Lors de cette votation, 62,1 pour cent des habitants de la commune avaient accepté ce texte."
954,49.7,49.7,50.3,"Huttwil (BE)","A Huttwil, les citoyens rejettent à 50,3 pour cent l'initiative ""Pas de Suisse à 10 millions!». En cinq ans, la commune a ainsi changé de camp sur la question de la limitation de l'immigration. Huttwil avait rejeté l'initiative ""pour une immigration modérée» à 49,1 pour cent en 2020."
955,20.3,20.3,79.7,"Lützelflüh (BE)","L'initiative ""Pas de Suisse à 10 millions!» n'a pas convaincu à Lützelflüh. Les citoyens de la commune ont refusé le texte à 79,7 pour cent. En cinq ans, la commune a ainsi changé de camp sur la question de la limitation de l'immigration. Lützelflüh avait rejeté l'initiative ""pour une immigration modérée» à 48,1 pour cent en 2020."
956,30.6,30.6,69.4,"Rüegsau (BE)","L'initiative ""Pas de Suisse à 10 millions!» n'a pas trouvé grâce aux yeux des citoyens de Rüegsau. Ils ont refusé le texte à 69,4 pour cent. En cinq ans, la commune a ainsi changé de camp sur la question de la limitation de l'immigration. Rüegsau avait rejeté l'initiative ""pour une immigration modérée» à 47,9 pour cent en 2020."
957,80,80,20,"Sumiswald (BE)","Les habitants de Sumiswald soutiennent à 80 pour cent l'initiative ""Pas de Suisse à 10 millions!». Le soutien à l'initiative ""Pas de Suisse à 10 millions!» a augmenté à Sumiswald par rapport à l'initiative ""pour une immigration modérée» soumise au vote en 2020. Lors de cette votation, 52 pour cent des habitants de la commune avaient accepté ce texte."
958,50.4,50.4,49.6,"Trachselwald (BE)","L'initiative ""Pas de Suisse à 10 millions!» passe la rampe avec 50,4 pour cent de oui à Trachselwald. Le soutien à l'initiative ""Pas de Suisse à 10 millions!» est toutefois moins marqué que celui obtenu par l'initiative ""pour une immigration modérée» en 2020. Les habitants de Trachselwald avaient alors dit oui à 60,5 pour cent."
959,2.2,2.2,97.8,"Walterswil (BE)","L'initiative ""Pas de Suisse à 10 millions!» n'a pas trouvé grâce aux yeux des citoyens de Walterswil (BE). Ils ont refusé le texte à 97,8 pour cent. En cinq ans, la commune a ainsi changé de camp sur la question de la limitation de l'immigration. Walterswil (BE) avait rejeté l'initiative ""pour une immigration modérée» à 38,3 pour cent en 2020."
960,55.7,55.7,44.3,"Wyssachen (BE)","A Wyssachen, les habitants disent oui à 55,7 pour cent à l'initiative ""Pas de Suisse à 10 millions!». Le soutien à l'initiative ""Pas de Suisse à 10 millions!» est toutefois moins marqué que celui obtenu par l'initiative ""pour une immigration modérée» en 2020. Les habitants de Wyssachen avaient alors dit oui à 61,6 pour cent."
971,36.2,36.2,63.8,"Attiswil (BE)","L'initiative ""Pas de Suisse à 10 millions!» n'a pas trouvé grâce aux yeux des citoyens d'Attiswil. Ils ont refusé le texte à 63,8 pour cent. En cinq ans, la commune a ainsi changé de camp sur la question de la limitation de l'immigration. Attiswil avait rejeté l'initiative ""pour une immigration modérée» à 46,1 pour cent en 2020."
972,80.5,80.5,19.5,"Berken (BE)","Berken dit oui à 80,5 pour cent à l'initiative ""Pas de Suisse à 10 millions!». Le soutien à l'initiative ""Pas de Suisse à 10 millions!» a augmenté à Berken par rapport à l'initiative ""pour une immigration modérée» soumise au vote en 2020. Lors de cette votation, 73,3 pour cent des habitants de la commune avaient accepté ce texte."
973,67.4,67.4,32.6,"Bettenhausen (BE)","A Bettenhausen, les habitants disent oui à 67,4 pour cent à l'initiative ""Pas de Suisse à 10 millions!». Le soutien à l'initiative ""Pas de Suisse à 10 millions!» a augmenté à Bettenhausen par rapport à l'initiative ""pour une immigration modérée» soumise au vote en 2020. Lors de cette votation, 52,7 pour cent des habitants de la commune avaient accepté ce texte."
975,42.8,42.8,57.2,"Farnern (BE)","L'initiative ""Pas de Suisse à 10 millions!» n'a pas trouvé grâce aux yeux des citoyens de Farnern. Ils ont refusé le texte à 57,2 pour cent. En cinq ans, la commune a ainsi changé de camp sur la question de la limitation de l'immigration. Farnern avait rejeté l'initiative ""pour une immigration modérée» à 43,9 pour cent en 2020."
976,66.7,66.7,33.3,"Graben (BE)","Les habitants de Graben acceptent à 66,7 pour cent l'initiative ""Pas de Suisse à 10 millions!». Le soutien à l'initiative ""Pas de Suisse à 10 millions!» a augmenté à Graben par rapport à l'initiative ""pour une immigration modérée» soumise au vote en 2020. Lors de cette votation, 59,5 pour cent des habitants de la commune avaient accepté ce texte."
977,47.7,47.7,52.3,"Heimenhausen (BE)","L'initiative ""Pas de Suisse à 10 millions!» n'a pas trouvé grâce aux yeux des citoyens de Heimenhausen. Ils ont refusé le texte à 52,3 pour cent. En cinq ans, la commune a ainsi changé de camp sur la question de la limitation de l'immigration. Heimenhausen avait rejeté l'initiative ""pour une immigration modérée» à 48 pour cent en 2020."
979,42,42,58,"Herzogenbuchsee (BE)","L'initiative ""Pas de Suisse à 10 millions!» n'a pas trouvé grâce aux yeux des citoyens de Herzogenbuchsee. Ils ont refusé le texte à 58 pour cent. Le rejet de l'initiative est toutefois moins marqué que celui enregistré lors de la votation sur l'initiative ""pour une immigration modérée» en 2020. Les habitants de Herzogenbuchsee avaient alors dit non à 63,1 pour cent."
980,75.4,75.4,24.6,"Inkwil (BE)","La population d'Inkwil approuve à 75,4 pour cent l'initiative ""Pas de Suisse à 10 millions!». Le soutien à l'initiative ""Pas de Suisse à 10 millions!» a augmenté à Inkwil par rapport à l'initiative ""pour une immigration modérée» soumise au vote en 2020. Lors de cette votation, 55,3 pour cent des habitants de la commune avaient accepté ce texte."
981,91.7,91.7,8.3,"Niederbipp (BE)","L'initiative ""Pas de Suisse à 10 millions!» est approuvée à Niederbipp par 91,7 pour cent des votants. Le soutien à l'initiative ""Pas de Suisse à 10 millions!» a augmenté à Niederbipp par rapport à l'initiative ""pour une immigration modérée» soumise au vote en 2020. Lors de cette votation, 52,7 pour cent des habitants de la commune avaient accepté ce texte."
982,12.9,12.9,87.1,"Niederönz (BE)","Les habitants de Niederönz s'opposent à l'initiative ""Pas de Suisse à 10 millions!» par 87,1 pour cent des voix. Le refus de l'initiative ""Pas de Suisse à 10 millions!» est plus fort que celui observé pour l'initiative ""pour une immigration modérée» en 2020. La proportion de non à Niederönz était alors de 56,7 pour cent."
983,41.4,41.4,58.6,"Oberbipp (BE)","L'initiative ""Pas de Suisse à 10 millions!» est refusée à 58,6 pour cent à Oberbipp. En cinq ans, la commune a ainsi changé de camp sur la question de la limitation de l'immigration. Oberbipp avait rejeté l'initiative ""pour une immigration modérée» à 47,7 pour cent en 2020."
985,48.3,48.3,51.7,"Ochlenberg (BE)","L'initiative ""Pas de Suisse à 10 millions!» est refusée à 51,7 pour cent à Ochlenberg. En cinq ans, la commune a ainsi changé de camp sur la question de la limitation de l'immigration. Ochlenberg avait rejeté l'initiative ""pour une immigration modérée» à 44,2 pour cent en 2020."
987,71.6,71.6,28.4,"Rumisberg (BE)","Les habitants de Rumisberg soutiennent à 71,6 pour cent l'initiative ""Pas de Suisse à 10 millions!». Le soutien à l'initiative ""Pas de Suisse à 10 millions!» a augmenté à Rumisberg par rapport à l'initiative ""pour une immigration modérée» soumise au vote en 2020. Lors de cette votation, 61,4 pour cent des habitants de la commune avaient accepté ce texte."
988,51.2,51.2,48.8,"Seeberg (BE)","L'initiative ""Pas de Suisse à 10 millions!» est approuvée à Seeberg par 51,2 pour cent des votants. Les avis restent ainsi stables sur la question de l'immigration à Seeberg. En 2020, la commune avait déjà voté oui à 50,5 pour cent à l'initiative ""pour une immigration modérée»."
989,66.6,66.6,33.4,"Thörigen (BE)","L'initiative ""Pas de Suisse à 10 millions!» passe la rampe avec 66,6 pour cent de oui à Thörigen. Le soutien à l'initiative ""Pas de Suisse à 10 millions!» a augmenté à Thörigen par rapport à l'initiative ""pour une immigration modérée» soumise au vote en 2020. Lors de cette votation, 53,7 pour cent des habitants de la commune avaient accepté ce texte."
990,10.1,10.1,89.9,"Walliswil bei Niederbipp (BE)","L'initiative ""Pas de Suisse à 10 millions!» n'a pas convaincu à Walliswil bei Niederbipp. Les citoyens de la commune ont refusé le texte à 89,9 pour cent. En cinq ans, la commune a ainsi changé de camp sur la question de la limitation de l'immigration. Walliswil bei Niederbipp avait rejeté l'initiative ""pour une immigration modérée» à 42 pour cent en 2020."
991,56.1,56.1,43.9,"Walliswil bei Wangen (BE)","Les habitants de Walliswil bei Wangen soutiennent à 56,1 pour cent l'initiative ""Pas de Suisse à 10 millions!». Le soutien à l'initiative ""Pas de Suisse à 10 millions!» est toutefois moins marqué que celui obtenu par l'initiative ""pour une immigration modérée» en 2020. Les habitants de Walliswil bei Wangen avaient alors dit oui à 63 pour cent."
992,59.3,59.3,40.7,"Wangen an der Aare (BE)","Les habitants de Wangen an der Aare soutiennent à 59,3 pour cent l'initiative ""Pas de Suisse à 10 millions!». Avec ce résultat, Wangen an der Aare bascule dans le camp du oui. En 2020, la commune avait rejeté l'initiative ""pour une immigration modérée» avec 52,1 pour cent des voix."
995,18.5,18.5,81.5,"Wiedlisbach (BE)","C'est non à l'initiative ""Pas de Suisse à 10 millions!» à Wiedlisbach. Les habitants ont refusé le texte à 81,5 pour cent. Le refus de l'initiative ""Pas de Suisse à 10 millions!» est plus fort que celui observé pour l'initiative ""pour une immigration modérée» en 2020. La proportion de non à Wiedlisbach était alors de 50,4 pour cent."
