"ID","Gemeinde_color","Ja_Stimmen_In_Prozent","Nein_Stimmen_In_Prozent","Gemeinde_fr","Text_fr"
5401,55.8,55.8,44.2,"Aigle (VD)","L'initiative ""Pas de Suisse à 10 millions!» est approuvée à Aigle par 55,8 pour cent des votants. Avec ce résultat, Aigle bascule dans le camp du oui. En 2020, la commune avait rejeté l'initiative ""pour une immigration modérée» avec 64,2 pour cent des voix."
5402,41.1,41.1,58.9,"Bex (VD)","L'initiative ""Pas de Suisse à 10 millions!» est refusée à 58,9 pour cent à Bex. Le rejet de l'initiative est toutefois moins marqué que celui enregistré lors de la votation sur l'initiative ""pour une immigration modérée» en 2020. Les habitants de Bex avaient alors dit non à 63,1 pour cent."
5403,38.9,38.9,61.1,"Chessel (VD)","Les habitants de Chessel s'opposent à l'initiative ""Pas de Suisse à 10 millions!» par 61,1 pour cent des voix. Le refus de l'initiative ""Pas de Suisse à 10 millions!» est plus fort que celui observé pour l'initiative ""pour une immigration modérée» en 2020. La proportion de non à Chessel était alors de 51,4 pour cent."
5404,84.7,84.7,15.3,"Corbeyrier (VD)","Les habitants de Corbeyrier soutiennent à 84,7 pour cent l'initiative ""Pas de Suisse à 10 millions!». Avec ce résultat, Corbeyrier bascule dans le camp du oui. En 2020, la commune avait rejeté l'initiative ""pour une immigration modérée» avec 54,1 pour cent des voix."
5405,37.7,37.7,62.3,"Gryon (VD)","L'initiative ""Pas de Suisse à 10 millions!» n'a pas trouvé grâce aux yeux des citoyens de Gryon. Ils ont refusé le texte à 62,3 pour cent. Le rejet de l'initiative est toutefois moins marqué que celui enregistré lors de la votation sur l'initiative ""pour une immigration modérée» en 2020. Les habitants de Gryon avaient alors dit non à 65,8 pour cent."
5406,31.5,31.5,68.5,"Lavey-Morcles (VD)","A Lavey-Morcles, les citoyens rejettent à 68,5 pour cent l'initiative ""Pas de Suisse à 10 millions!». Le refus de l'initiative ""Pas de Suisse à 10 millions!» est plus fort que celui observé pour l'initiative ""pour une immigration modérée» en 2020. La proportion de non à Lavey-Morcles était alors de 60,4 pour cent."
5407,73.9,73.9,26.1,"Leysin (VD)","Les habitants de Leysin soutiennent à 73,9 pour cent l'initiative ""Pas de Suisse à 10 millions!». Avec ce résultat, Leysin bascule dans le camp du oui. En 2020, la commune avait rejeté l'initiative ""pour une immigration modérée» avec 71,5 pour cent des voix."
5408,98.7,98.7,1.3,"Noville (VD)","L'initiative ""Pas de Suisse à 10 millions!» passe la rampe avec 98,7 pour cent de oui à Noville. Avec ce résultat, Noville bascule dans le camp du oui. En 2020, la commune avait rejeté l'initiative ""pour une immigration modérée» avec 60 pour cent des voix."
5409,94.7,94.7,5.3,"Ollon (VD)","Les habitants d'Ollon soutiennent à 94,7 pour cent l'initiative ""Pas de Suisse à 10 millions!». Avec ce résultat, Ollon bascule dans le camp du oui. En 2020, la commune avait rejeté l'initiative ""pour une immigration modérée» avec 65,8 pour cent des voix."
5410,90.4,90.4,9.6,"Ormont-Dessous (VD)","La population d'Ormont-Dessous approuve à 90,4 pour cent l'initiative ""Pas de Suisse à 10 millions!». Avec ce résultat, Ormont-Dessous bascule dans le camp du oui. En 2020, la commune avait rejeté l'initiative ""pour une immigration modérée» avec 51,3 pour cent des voix."
5411,43.3,43.3,56.7,"Ormont-Dessus (VD)","C'est non à l'initiative ""Pas de Suisse à 10 millions!» à Ormont-Dessus. Les habitants ont refusé le texte à 56,7 pour cent. Le rejet de l'initiative est toutefois moins marqué que celui enregistré lors de la votation sur l'initiative ""pour une immigration modérée» en 2020. Les habitants d'Ormont-Dessus avaient alors dit non à 63,2 pour cent."
5412,58,58,42,"Rennaz (VD)","L'initiative ""Pas de Suisse à 10 millions!» passe la rampe avec 58 pour cent de oui à Rennaz. Avec ce résultat, Rennaz bascule dans le camp du oui. En 2020, la commune avait rejeté l'initiative ""pour une immigration modérée» avec 56,9 pour cent des voix."
5413,26.9,26.9,73.1,"Roche (VD)","A Roche (VD), les citoyens rejettent à 73,1 pour cent l'initiative ""Pas de Suisse à 10 millions!». Le refus de l'initiative ""Pas de Suisse à 10 millions!» est plus fort que celui observé pour l'initiative ""pour une immigration modérée» en 2020. La proportion de non à Roche (VD) était alors de 60 pour cent."
5414,20.8,20.8,79.2,"Villeneuve (VD)","A Villeneuve (VD), les citoyens rejettent à 79,2 pour cent l'initiative ""Pas de Suisse à 10 millions!». Le refus de l'initiative ""Pas de Suisse à 10 millions!» est plus fort que celui observé pour l'initiative ""pour une immigration modérée» en 2020. La proportion de non à Villeneuve (VD) était alors de 62,4 pour cent."
5415,33,33,67,"Yvorne (VD)","L'initiative ""Pas de Suisse à 10 millions!» n'a pas trouvé grâce aux yeux des citoyens d'Yvorne. Ils ont refusé le texte à 67 pour cent. Le refus de l'initiative ""Pas de Suisse à 10 millions!» est plus fort que celui observé pour l'initiative ""pour une immigration modérée» en 2020. La proportion de non à Yvorne était alors de 65,4 pour cent."
5422,40.3,40.3,59.7,"Aubonne (VD)","L'initiative ""Pas de Suisse à 10 millions!» n'a pas trouvé grâce aux yeux des citoyens d'Aubonne. Ils ont refusé le texte à 59,7 pour cent. Le rejet de l'initiative est toutefois moins marqué que celui enregistré lors de la votation sur l'initiative ""pour une immigration modérée» en 2020. Les habitants d'Aubonne avaient alors dit non à 73,6 pour cent."
5423,79.7,79.7,20.3,"Ballens (VD)","A Ballens, les habitants disent oui à 79,7 pour cent à l'initiative ""Pas de Suisse à 10 millions!». Avec ce résultat, Ballens bascule dans le camp du oui. En 2020, la commune avait rejeté l'initiative ""pour une immigration modérée» avec 61,8 pour cent des voix."
5424,12.4,12.4,87.6,"Berolle (VD)","L'initiative ""Pas de Suisse à 10 millions!» est refusée à 87,6 pour cent à Berolle. Le refus de l'initiative ""Pas de Suisse à 10 millions!» est plus fort que celui observé pour l'initiative ""pour une immigration modérée» en 2020. La proportion de non à Berolle était alors de 69 pour cent."
5425,43.5,43.5,56.5,"Bière (VD)","Les habitants de Bière s'opposent à l'initiative ""Pas de Suisse à 10 millions!» par 56,5 pour cent des voix. Le refus de l'initiative ""Pas de Suisse à 10 millions!» est plus fort que celui observé pour l'initiative ""pour une immigration modérée» en 2020. La proportion de non à Bière était alors de 54 pour cent."
5426,67.9,67.9,32.1,"Bougy-Villars (VD)","Les habitants de Bougy-Villars acceptent à 67,9 pour cent l'initiative ""Pas de Suisse à 10 millions!». Avec ce résultat, Bougy-Villars bascule dans le camp du oui. En 2020, la commune avait rejeté l'initiative ""pour une immigration modérée» avec 60,8 pour cent des voix."
5427,76.2,76.2,23.8,"Féchy (VD)","A Féchy, les habitants disent oui à 76,2 pour cent à l'initiative ""Pas de Suisse à 10 millions!». Avec ce résultat, Féchy bascule dans le camp du oui. En 2020, la commune avait rejeté l'initiative ""pour une immigration modérée» avec 68,7 pour cent des voix."
5428,50.9,50.9,49.1,"Gimel (VD)","L'initiative ""Pas de Suisse à 10 millions!» est approuvée à Gimel par 50,9 pour cent des votants. Avec ce résultat, Gimel bascule dans le camp du oui. En 2020, la commune avait rejeté l'initiative ""pour une immigration modérée» avec 65,2 pour cent des voix."
5429,96.6,96.6,3.4,"Longirod (VD)","La population de Longirod approuve à 96,6 pour cent l'initiative ""Pas de Suisse à 10 millions!». Avec ce résultat, Longirod bascule dans le camp du oui. En 2020, la commune avait rejeté l'initiative ""pour une immigration modérée» avec 68,6 pour cent des voix."
5430,81.4,81.4,18.6,"Marchissy (VD)","A Marchissy, les habitants disent oui à 81,4 pour cent à l'initiative ""Pas de Suisse à 10 millions!». Avec ce résultat, Marchissy bascule dans le camp du oui. En 2020, la commune avait rejeté l'initiative ""pour une immigration modérée» avec 68,4 pour cent des voix."
5431,95.4,95.4,4.6,"Mollens (VD)","Les habitants de Mollens (VD) soutiennent à 95,4 pour cent l'initiative ""Pas de Suisse à 10 millions!». Avec ce résultat, Mollens (VD) bascule dans le camp du oui. En 2020, la commune avait rejeté l'initiative ""pour une immigration modérée» avec 55,6 pour cent des voix."
5434,62.6,62.6,37.4,"Saint-George (VD)","Les habitants de Saint-George soutiennent à 62,6 pour cent l'initiative ""Pas de Suisse à 10 millions!». Avec ce résultat, Saint-George bascule dans le camp du oui. En 2020, la commune avait rejeté l'initiative ""pour une immigration modérée» avec 66,4 pour cent des voix."
5435,66.6,66.6,33.4,"Saint-Livres (VD)","L'initiative ""Pas de Suisse à 10 millions!» est approuvée à Saint-Livres par 66,6 pour cent des votants. Avec ce résultat, Saint-Livres bascule dans le camp du oui. En 2020, la commune avait rejeté l'initiative ""pour une immigration modérée» avec 64,5 pour cent des voix."
5436,85.3,85.3,14.7,"Saint-Oyens (VD)","Saint-Oyens dit oui à 85,3 pour cent à l'initiative ""Pas de Suisse à 10 millions!». Avec ce résultat, Saint-Oyens bascule dans le camp du oui. En 2020, la commune avait rejeté l'initiative ""pour une immigration modérée» avec 65,6 pour cent des voix."
5437,37.6,37.6,62.4,"Saubraz (VD)","A Saubraz, les citoyens rejettent à 62,4 pour cent l'initiative ""Pas de Suisse à 10 millions!». Le refus de l'initiative ""Pas de Suisse à 10 millions!» est plus fort que celui observé pour l'initiative ""pour une immigration modérée» en 2020. La proportion de non à Saubraz était alors de 60,8 pour cent."
5451,46.1,46.1,53.9,"Avenches (VD)","C'est non à l'initiative ""Pas de Suisse à 10 millions!» à Avenches. Les habitants ont refusé le texte à 53,9 pour cent. Le rejet de l'initiative est toutefois moins marqué que celui enregistré lors de la votation sur l'initiative ""pour une immigration modérée» en 2020. Les habitants d'Avenches avaient alors dit non à 58,1 pour cent."
5456,38.2,38.2,61.8,"Cudrefin (VD)","A Cudrefin, les citoyens rejettent à 61,8 pour cent l'initiative ""Pas de Suisse à 10 millions!». Le rejet de l'initiative est toutefois moins marqué que celui enregistré lors de la votation sur l'initiative ""pour une immigration modérée» en 2020. Les habitants de Cudrefin avaient alors dit non à 63,1 pour cent."
5458,59.8,59.8,40.2,"Faoug (VD)","L'initiative ""Pas de Suisse à 10 millions!» passe la rampe avec 59,8 pour cent de oui à Faoug. Avec ce résultat, Faoug bascule dans le camp du oui. En 2020, la commune avait rejeté l'initiative ""pour une immigration modérée» avec 70,8 pour cent des voix."
5464,60.3,60.3,39.7,"Vully-les-Lacs (VD)","A Vully-les-Lacs, les habitants disent oui à 60,3 pour cent à l'initiative ""Pas de Suisse à 10 millions!». Avec ce résultat, Vully-les-Lacs bascule dans le camp du oui. En 2020, la commune avait rejeté l'initiative ""pour une immigration modérée» avec 60,7 pour cent des voix."
5471,46.3,46.3,53.7,"Bettens (VD)","C'est non à l'initiative ""Pas de Suisse à 10 millions!» à Bettens. Les habitants ont refusé le texte à 53,7 pour cent. Le rejet de l'initiative est toutefois moins marqué que celui enregistré lors de la votation sur l'initiative ""pour une immigration modérée» en 2020. Les habitants de Bettens avaient alors dit non à 68,4 pour cent."
5472,5.9,5.9,94.1,"Bournens (VD)","Les habitants de Bournens s'opposent à l'initiative ""Pas de Suisse à 10 millions!» par 94,1 pour cent des voix. Le refus de l'initiative ""Pas de Suisse à 10 millions!» est plus fort que celui observé pour l'initiative ""pour une immigration modérée» en 2020. La proportion de non à Bournens était alors de 63 pour cent."
5473,32.2,32.2,67.8,"Boussens (VD)","L'initiative ""Pas de Suisse à 10 millions!» est refusée à 67,8 pour cent à Boussens. Le refus de l'initiative ""Pas de Suisse à 10 millions!» est plus fort que celui observé pour l'initiative ""pour une immigration modérée» en 2020. La proportion de non à Boussens était alors de 63,9 pour cent."
5474,38.7,38.7,61.3,"La Chaux (Cossonay) (VD)","La population de La Chaux (Cossonay) rejette à 61,3 pour cent des voix l'initiative ""Pas de Suisse à 10 millions!». Le rejet de l'initiative est toutefois moins marqué que celui enregistré lors de la votation sur l'initiative ""pour une immigration modérée» en 2020. Les habitants de La Chaux (Cossonay) avaient alors dit non à 68,1 pour cent."
5475,47.9,47.9,52.1,"Chavannes-le-Veyron (VD)","L'initiative ""Pas de Suisse à 10 millions!» est refusée à 52,1 pour cent à Chavannes-le-Veyron. Le rejet de l'initiative est toutefois moins marqué que celui enregistré lors de la votation sur l'initiative ""pour une immigration modérée» en 2020. Les habitants de Chavannes-le-Veyron avaient alors dit non à 70,7 pour cent."
5476,81.4,81.4,18.6,"Chevilly (VD)","L'initiative ""Pas de Suisse à 10 millions!» passe la rampe avec 81,4 pour cent de oui à Chevilly. Avec ce résultat, Chevilly bascule dans le camp du oui. En 2020, la commune avait rejeté l'initiative ""pour une immigration modérée» avec 73,2 pour cent des voix."
5477,6.4,6.4,93.6,"Cossonay (VD)","L'initiative ""Pas de Suisse à 10 millions!» est refusée à 93,6 pour cent à Cossonay. Le refus de l'initiative ""Pas de Suisse à 10 millions!» est plus fort que celui observé pour l'initiative ""pour une immigration modérée» en 2020. La proportion de non à Cossonay était alors de 74,2 pour cent."
5479,47.3,47.3,52.7,"Cuarnens (VD)","L'initiative ""Pas de Suisse à 10 millions!» n'a pas trouvé grâce aux yeux des citoyens de Cuarnens. Ils ont refusé le texte à 52,7 pour cent. Le rejet de l'initiative est toutefois moins marqué que celui enregistré lors de la votation sur l'initiative ""pour une immigration modérée» en 2020. Les habitants de Cuarnens avaient alors dit non à 63,7 pour cent."
5480,66.9,66.9,33.1,"Daillens (VD)","Daillens dit oui à 66,9 pour cent à l'initiative ""Pas de Suisse à 10 millions!». Avec ce résultat, Daillens bascule dans le camp du oui. En 2020, la commune avait rejeté l'initiative ""pour une immigration modérée» avec 66,3 pour cent des voix."
5481,66,66,34,"Dizy (VD)","Les habitants de Dizy acceptent à 66 pour cent l'initiative ""Pas de Suisse à 10 millions!». Avec ce résultat, Dizy bascule dans le camp du oui. En 2020, la commune avait rejeté l'initiative ""pour une immigration modérée» avec 60,9 pour cent des voix."
5482,30.5,30.5,69.5,"Eclépens (VD)","L'initiative ""Pas de Suisse à 10 millions!» est refusée à 69,5 pour cent à Eclépens. Le refus de l'initiative ""Pas de Suisse à 10 millions!» est plus fort que celui observé pour l'initiative ""pour une immigration modérée» en 2020. La proportion de non à Eclépens était alors de 64,3 pour cent."
5483,54,54,46,"Ferreyres (VD)","A Ferreyres, les habitants disent oui à 54 pour cent à l'initiative ""Pas de Suisse à 10 millions!». Avec ce résultat, Ferreyres bascule dans le camp du oui. En 2020, la commune avait rejeté l'initiative ""pour une immigration modérée» avec 68,5 pour cent des voix."
5484,67.2,67.2,32.8,"Gollion (VD)","L'initiative ""Pas de Suisse à 10 millions!» est approuvée à Gollion par 67,2 pour cent des votants. Avec ce résultat, Gollion bascule dans le camp du oui. En 2020, la commune avait rejeté l'initiative ""pour une immigration modérée» avec 66 pour cent des voix."
5485,51.4,51.4,48.6,"Grancy (VD)","Les habitants de Grancy acceptent à 51,4 pour cent l'initiative ""Pas de Suisse à 10 millions!». Avec ce résultat, Grancy bascule dans le camp du oui. En 2020, la commune avait rejeté l'initiative ""pour une immigration modérée» avec 71,7 pour cent des voix."
5486,80.7,80.7,19.3,"L'Isle (VD)","L'initiative ""Pas de Suisse à 10 millions!» passe la rampe avec 80,7 pour cent de oui à L'Isle. Avec ce résultat, L'Isle bascule dans le camp du oui. En 2020, la commune avait rejeté l'initiative ""pour une immigration modérée» avec 64,8 pour cent des voix."
5487,39.1,39.1,60.9,"Lussery-Villars (VD)","L'initiative ""Pas de Suisse à 10 millions!» est refusée à 60,9 pour cent à Lussery-Villars. Le rejet de l'initiative est toutefois moins marqué que celui enregistré lors de la votation sur l'initiative ""pour une immigration modérée» en 2020. Les habitants de Lussery-Villars avaient alors dit non à 69,1 pour cent."
5488,14.9,14.9,85.1,"Mauraz (VD)","L'initiative ""Pas de Suisse à 10 millions!» n'a pas convaincu à Mauraz. Les citoyens de la commune ont refusé le texte à 85,1 pour cent. Le refus de l'initiative ""Pas de Suisse à 10 millions!» est plus fort que celui observé pour l'initiative ""pour une immigration modérée» en 2020. La proportion de non à Mauraz était alors de 60,7 pour cent."
5489,23.7,23.7,76.3,"Mex (VD)","La population de Mex (VD) rejette à 76,3 pour cent des voix l'initiative ""Pas de Suisse à 10 millions!». Le refus de l'initiative ""Pas de Suisse à 10 millions!» est plus fort que celui observé pour l'initiative ""pour une immigration modérée» en 2020. La proportion de non à Mex (VD) était alors de 62,5 pour cent."
5490,79,79,21,"Moiry (VD)","Les habitants de Moiry acceptent à 79 pour cent l'initiative ""Pas de Suisse à 10 millions!». Avec ce résultat, Moiry bascule dans le camp du oui. En 2020, la commune avait rejeté l'initiative ""pour une immigration modérée» avec 64,1 pour cent des voix."
5491,45.2,45.2,54.8,"Mont-la-Ville (VD)","L'initiative ""Pas de Suisse à 10 millions!» n'a pas convaincu à Mont-la-Ville. Les citoyens de la commune ont refusé le texte à 54,8 pour cent. Le rejet de l'initiative est toutefois moins marqué que celui enregistré lors de la votation sur l'initiative ""pour une immigration modérée» en 2020. Les habitants de Mont-la-Ville avaient alors dit non à 59,9 pour cent."
5492,40.5,40.5,59.5,"Montricher (VD)","L'initiative ""Pas de Suisse à 10 millions!» n'a pas trouvé grâce aux yeux des citoyens de Montricher. Ils ont refusé le texte à 59,5 pour cent. Le rejet de l'initiative est toutefois moins marqué que celui enregistré lors de la votation sur l'initiative ""pour une immigration modérée» en 2020. Les habitants de Montricher avaient alors dit non à 65,8 pour cent."
5493,62.2,62.2,37.8,"Orny (VD)","Orny dit oui à 62,2 pour cent à l'initiative ""Pas de Suisse à 10 millions!». Avec ce résultat, Orny bascule dans le camp du oui. En 2020, la commune avait rejeté l'initiative ""pour une immigration modérée» avec 69,5 pour cent des voix."
5495,75.5,75.5,24.5,"Penthalaz (VD)","A Penthalaz, les habitants disent oui à 75,5 pour cent à l'initiative ""Pas de Suisse à 10 millions!». Avec ce résultat, Penthalaz bascule dans le camp du oui. En 2020, la commune avait rejeté l'initiative ""pour une immigration modérée» avec 66,9 pour cent des voix."
5496,10.1,10.1,89.9,"Penthaz (VD)","La population de Penthaz rejette à 89,9 pour cent des voix l'initiative ""Pas de Suisse à 10 millions!». Le refus de l'initiative ""Pas de Suisse à 10 millions!» est plus fort que celui observé pour l'initiative ""pour une immigration modérée» en 2020. La proportion de non à Penthaz était alors de 66,3 pour cent."
5497,64.1,64.1,35.9,"Pompaples (VD)","Les habitants de Pompaples soutiennent à 64,1 pour cent l'initiative ""Pas de Suisse à 10 millions!». Avec ce résultat, Pompaples bascule dans le camp du oui. En 2020, la commune avait rejeté l'initiative ""pour une immigration modérée» avec 64,9 pour cent des voix."
5498,65.7,65.7,34.3,"La Sarraz (VD)","Les habitants de La Sarraz soutiennent à 65,7 pour cent l'initiative ""Pas de Suisse à 10 millions!». Avec ce résultat, La Sarraz bascule dans le camp du oui. En 2020, la commune avait rejeté l'initiative ""pour une immigration modérée» avec 71,2 pour cent des voix."
5499,23.4,23.4,76.6,"Senarclens (VD)","L'initiative ""Pas de Suisse à 10 millions!» est refusée à 76,6 pour cent à Senarclens. Le refus de l'initiative ""Pas de Suisse à 10 millions!» est plus fort que celui observé pour l'initiative ""pour une immigration modérée» en 2020. La proportion de non à Senarclens était alors de 65,5 pour cent."
5501,97.9,97.9,2.1,"Sullens (VD)","Les habitants de Sullens soutiennent à 97,9 pour cent l'initiative ""Pas de Suisse à 10 millions!». Avec ce résultat, Sullens bascule dans le camp du oui. En 2020, la commune avait rejeté l'initiative ""pour une immigration modérée» avec 66,4 pour cent des voix."
5503,60.7,60.7,39.3,"Vufflens-la-Ville (VD)","A Vufflens-la-Ville, les habitants disent oui à 60,7 pour cent à l'initiative ""Pas de Suisse à 10 millions!». Avec ce résultat, Vufflens-la-Ville bascule dans le camp du oui. En 2020, la commune avait rejeté l'initiative ""pour une immigration modérée» avec 69,4 pour cent des voix."
5511,90.5,90.5,9.5,"Assens (VD)","L'initiative ""Pas de Suisse à 10 millions!» passe la rampe avec 90,5 pour cent de oui à Assens. Avec ce résultat, Assens bascule dans le camp du oui. En 2020, la commune avait rejeté l'initiative ""pour une immigration modérée» avec 64,1 pour cent des voix."
5512,60,60,40,"Bercher (VD)","L'initiative ""Pas de Suisse à 10 millions!» passe la rampe avec 60 pour cent de oui à Bercher. Avec ce résultat, Bercher bascule dans le camp du oui. En 2020, la commune avait rejeté l'initiative ""pour une immigration modérée» avec 71 pour cent des voix."
5514,54.3,54.3,45.7,"Bottens (VD)","L'initiative ""Pas de Suisse à 10 millions!» est approuvée à Bottens par 54,3 pour cent des votants. Avec ce résultat, Bottens bascule dans le camp du oui. En 2020, la commune avait rejeté l'initiative ""pour une immigration modérée» avec 62,6 pour cent des voix."
5515,6.9,6.9,93.1,"Bretigny-sur-Morrens (VD)","La population de Bretigny-sur-Morrens rejette à 93,1 pour cent des voix l'initiative ""Pas de Suisse à 10 millions!». Le refus de l'initiative ""Pas de Suisse à 10 millions!» est plus fort que celui observé pour l'initiative ""pour une immigration modérée» en 2020. La proportion de non à Bretigny-sur-Morrens était alors de 70,7 pour cent."
5516,70.2,70.2,29.8,"Cugy (VD)","A Cugy (VD), les habitants disent oui à 70,2 pour cent à l'initiative ""Pas de Suisse à 10 millions!». Avec ce résultat, Cugy (VD) bascule dans le camp du oui. En 2020, la commune avait rejeté l'initiative ""pour une immigration modérée» avec 71,2 pour cent des voix."
5518,2.3,2.3,97.7,"Echallens (VD)","C'est non à l'initiative ""Pas de Suisse à 10 millions!» à Echallens. Les habitants ont refusé le texte à 97,7 pour cent. Le refus de l'initiative ""Pas de Suisse à 10 millions!» est plus fort que celui observé pour l'initiative ""pour une immigration modérée» en 2020. La proportion de non à Echallens était alors de 70,9 pour cent."
5520,78.2,78.2,21.8,"Essertines-sur-Yverdon (VD)","Les habitants d'Essertines-sur-Yverdon acceptent à 78,2 pour cent l'initiative ""Pas de Suisse à 10 millions!». Avec ce résultat, Essertines-sur-Yverdon bascule dans le camp du oui. En 2020, la commune avait rejeté l'initiative ""pour une immigration modérée» avec 63,7 pour cent des voix."
5521,46.2,46.2,53.8,"Etagnières (VD)","A Etagnières, les citoyens rejettent à 53,8 pour cent l'initiative ""Pas de Suisse à 10 millions!». Le rejet de l'initiative est toutefois moins marqué que celui enregistré lors de la votation sur l'initiative ""pour une immigration modérée» en 2020. Les habitants d'Etagnières avaient alors dit non à 69 pour cent."
5522,73.1,73.1,26.9,"Fey (VD)","Les habitants de Fey acceptent à 73,1 pour cent l'initiative ""Pas de Suisse à 10 millions!». Avec ce résultat, Fey bascule dans le camp du oui. En 2020, la commune avait rejeté l'initiative ""pour une immigration modérée» avec 70,4 pour cent des voix."
5523,70.6,70.6,29.4,"Froideville (VD)","A Froideville, les habitants disent oui à 70,6 pour cent à l'initiative ""Pas de Suisse à 10 millions!». Avec ce résultat, Froideville bascule dans le camp du oui. En 2020, la commune avait rejeté l'initiative ""pour une immigration modérée» avec 63,3 pour cent des voix."
5527,34.7,34.7,65.3,"Morrens (VD)","L'initiative ""Pas de Suisse à 10 millions!» n'a pas convaincu à Morrens (VD). Les citoyens de la commune ont refusé le texte à 65,3 pour cent. Le résultat a peu changé par rapport au vote sur l'initiative ""pour une immigration modérée» en 2020. Morrens (VD) avait alors dit non à 66,1 pour cent."
5529,43.5,43.5,56.5,"Oulens-sous-Echallens (VD)","L'initiative ""Pas de Suisse à 10 millions!» n'a pas trouvé grâce aux yeux des citoyens d'Oulens-sous-Echallens. Ils ont refusé le texte à 56,5 pour cent. Le rejet de l'initiative est toutefois moins marqué que celui enregistré lors de la votation sur l'initiative ""pour une immigration modérée» en 2020. Les habitants d'Oulens-sous-Echallens avaient alors dit non à 67,5 pour cent."
5530,80,80,20,"Pailly (VD)","A Pailly, les habitants disent oui à 80 pour cent à l'initiative ""Pas de Suisse à 10 millions!». Avec ce résultat, Pailly bascule dans le camp du oui. En 2020, la commune avait rejeté l'initiative ""pour une immigration modérée» avec 60,2 pour cent des voix."
5531,63,63,37,"Penthéréaz (VD)","Les habitants de Penthéréaz acceptent à 63 pour cent l'initiative ""Pas de Suisse à 10 millions!». Avec ce résultat, Penthéréaz bascule dans le camp du oui. En 2020, la commune avait rejeté l'initiative ""pour une immigration modérée» avec 71,8 pour cent des voix."
5533,80.6,80.6,19.4,"Poliez-Pittet (VD)","L'initiative ""Pas de Suisse à 10 millions!» est approuvée à Poliez-Pittet par 80,6 pour cent des votants. Avec ce résultat, Poliez-Pittet bascule dans le camp du oui. En 2020, la commune avait rejeté l'initiative ""pour une immigration modérée» avec 64 pour cent des voix."
5534,24.8,24.8,75.2,"Rueyres (VD)","L'initiative ""Pas de Suisse à 10 millions!» n'a pas convaincu à Rueyres. Les citoyens de la commune ont refusé le texte à 75,2 pour cent. Le refus de l'initiative ""Pas de Suisse à 10 millions!» est plus fort que celui observé pour l'initiative ""pour une immigration modérée» en 2020. La proportion de non à Rueyres était alors de 60,6 pour cent."
5535,67.7,67.7,32.3,"Saint-Barthélemy (VD)","A Saint-Barthélemy (VD), les habitants disent oui à 67,7 pour cent à l'initiative ""Pas de Suisse à 10 millions!». Avec ce résultat, Saint-Barthélemy (VD) bascule dans le camp du oui. En 2020, la commune avait rejeté l'initiative ""pour une immigration modérée» avec 67,3 pour cent des voix."
5537,65.7,65.7,34.3,"Villars-le-Terroir (VD)","Villars-le-Terroir dit oui à 65,7 pour cent à l'initiative ""Pas de Suisse à 10 millions!». Avec ce résultat, Villars-le-Terroir bascule dans le camp du oui. En 2020, la commune avait rejeté l'initiative ""pour une immigration modérée» avec 64,1 pour cent des voix."
5539,53,53,47,"Vuarrens (VD)","Vuarrens dit oui à 53 pour cent à l'initiative ""Pas de Suisse à 10 millions!». Avec ce résultat, Vuarrens bascule dans le camp du oui. En 2020, la commune avait rejeté l'initiative ""pour une immigration modérée» avec 53,7 pour cent des voix."
5540,39.3,39.3,60.7,"Montilliez (VD)","L'initiative ""Pas de Suisse à 10 millions!» n'a pas convaincu à Montilliez. Les citoyens de la commune ont refusé le texte à 60,7 pour cent. Le résultat a peu changé par rapport au vote sur l'initiative ""pour une immigration modérée» en 2020. Montilliez avait alors dit non à 60 pour cent."
5541,63.2,63.2,36.8,"Goumoëns (VD)","L'initiative ""Pas de Suisse à 10 millions!» est approuvée à Goumoëns par 63,2 pour cent des votants. Avec ce résultat, Goumoëns bascule dans le camp du oui. En 2020, la commune avait rejeté l'initiative ""pour une immigration modérée» avec 66,2 pour cent des voix."
5551,20.7,20.7,79.3,"Bonvillars (VD)","L'initiative ""Pas de Suisse à 10 millions!» n'a pas convaincu à Bonvillars. Les citoyens de la commune ont refusé le texte à 79,3 pour cent. Le refus de l'initiative ""Pas de Suisse à 10 millions!» est plus fort que celui observé pour l'initiative ""pour une immigration modérée» en 2020. La proportion de non à Bonvillars était alors de 65,1 pour cent."
5552,60.5,60.5,39.5,"Bullet (VD)","Les habitants de Bullet soutiennent à 60,5 pour cent l'initiative ""Pas de Suisse à 10 millions!». Avec ce résultat, Bullet bascule dans le camp du oui. En 2020, la commune avait rejeté l'initiative ""pour une immigration modérée» avec 59,6 pour cent des voix."
5553,25.6,25.6,74.4,"Champagne (VD)","La population de Champagne rejette à 74,4 pour cent des voix l'initiative ""Pas de Suisse à 10 millions!». Le résultat a peu changé par rapport au vote sur l'initiative ""pour une immigration modérée» en 2020. Champagne avait alors dit non à 74,3 pour cent."
5554,98.8,98.8,1.2,"Concise (VD)","Les habitants de Concise soutiennent à 98,8 pour cent l'initiative ""Pas de Suisse à 10 millions!». Avec ce résultat, Concise bascule dans le camp du oui. En 2020, la commune avait rejeté l'initiative ""pour une immigration modérée» avec 69,5 pour cent des voix."
5555,69.2,69.2,30.8,"Corcelles-près-Concise (VD)","Les habitants de Corcelles-près-Concise acceptent à 69,2 pour cent l'initiative ""Pas de Suisse à 10 millions!». Avec ce résultat, Corcelles-près-Concise bascule dans le camp du oui. En 2020, la commune avait rejeté l'initiative ""pour une immigration modérée» avec 71,3 pour cent des voix."
5556,16.6,16.6,83.4,"Fiez (VD)","C'est non à l'initiative ""Pas de Suisse à 10 millions!» à Fiez. Les habitants ont refusé le texte à 83,4 pour cent. Le refus de l'initiative ""Pas de Suisse à 10 millions!» est plus fort que celui observé pour l'initiative ""pour une immigration modérée» en 2020. La proportion de non à Fiez était alors de 75 pour cent."
5557,45.2,45.2,54.8,"Fontaines-sur-Grandson (VD)","Les habitants de Fontaines-sur-Grandson s'opposent à l'initiative ""Pas de Suisse à 10 millions!» par 54,8 pour cent des voix. Le rejet de l'initiative est toutefois moins marqué que celui enregistré lors de la votation sur l'initiative ""pour une immigration modérée» en 2020. Les habitants de Fontaines-sur-Grandson avaient alors dit non à 72 pour cent."
5559,26.1,26.1,73.9,"Giez (VD)","L'initiative ""Pas de Suisse à 10 millions!» n'a pas convaincu à Giez. Les citoyens de la commune ont refusé le texte à 73,9 pour cent. Le refus de l'initiative ""Pas de Suisse à 10 millions!» est plus fort que celui observé pour l'initiative ""pour une immigration modérée» en 2020. La proportion de non à Giez était alors de 68,6 pour cent."
5560,75.3,75.3,24.7,"Grandevent (VD)","Grandevent dit oui à 75,3 pour cent à l'initiative ""Pas de Suisse à 10 millions!». Avec ce résultat, Grandevent bascule dans le camp du oui. En 2020, la commune avait rejeté l'initiative ""pour une immigration modérée» avec 75,2 pour cent des voix."
5561,15.8,15.8,84.2,"Grandson (VD)","L'initiative ""Pas de Suisse à 10 millions!» est refusée à 84,2 pour cent à Grandson. Le refus de l'initiative ""Pas de Suisse à 10 millions!» est plus fort que celui observé pour l'initiative ""pour une immigration modérée» en 2020. La proportion de non à Grandson était alors de 74,1 pour cent."
5562,45.1,45.1,54.9,"Mauborget (VD)","Les habitants de Mauborget s'opposent à l'initiative ""Pas de Suisse à 10 millions!» par 54,9 pour cent des voix. En cinq ans, la commune a ainsi changé de camp sur la question de la limitation de l'immigration. Mauborget avait rejeté l'initiative ""pour une immigration modérée» à 48 pour cent en 2020."
5563,34,34,66,"Mutrux (VD)","C'est non à l'initiative ""Pas de Suisse à 10 millions!» à Mutrux. Les habitants ont refusé le texte à 66 pour cent. Le refus de l'initiative ""Pas de Suisse à 10 millions!» est plus fort que celui observé pour l'initiative ""pour une immigration modérée» en 2020. La proportion de non à Mutrux était alors de 60 pour cent."
5564,67.3,67.3,32.7,"Novalles (VD)","L'initiative ""Pas de Suisse à 10 millions!» est approuvée à Novalles par 67,3 pour cent des votants. Avec ce résultat, Novalles bascule dans le camp du oui. En 2020, la commune avait rejeté l'initiative ""pour une immigration modérée» avec 64 pour cent des voix."
5565,25.3,25.3,74.7,"Onnens (VD)","La population d'Onnens (VD) rejette à 74,7 pour cent des voix l'initiative ""Pas de Suisse à 10 millions!». Le refus de l'initiative ""Pas de Suisse à 10 millions!» est plus fort que celui observé pour l'initiative ""pour une immigration modérée» en 2020. La proportion de non à Onnens (VD) était alors de 71,3 pour cent."
5566,13.4,13.4,86.6,"Provence (VD)","L'initiative ""Pas de Suisse à 10 millions!» est refusée à 86,6 pour cent à Provence. Le refus de l'initiative ""Pas de Suisse à 10 millions!» est plus fort que celui observé pour l'initiative ""pour une immigration modérée» en 2020. La proportion de non à Provence était alors de 61,5 pour cent."
5568,84.2,84.2,15.8,"Sainte-Croix (VD)","La population de Sainte-Croix approuve à 84,2 pour cent l'initiative ""Pas de Suisse à 10 millions!». Avec ce résultat, Sainte-Croix bascule dans le camp du oui. En 2020, la commune avait rejeté l'initiative ""pour une immigration modérée» avec 62,5 pour cent des voix."
5571,20.1,20.1,79.9,"Tévenon (VD)","C'est non à l'initiative ""Pas de Suisse à 10 millions!» à Tévenon. Les habitants ont refusé le texte à 79,9 pour cent. Le refus de l'initiative ""Pas de Suisse à 10 millions!» est plus fort que celui observé pour l'initiative ""pour une immigration modérée» en 2020. La proportion de non à Tévenon était alors de 65,9 pour cent."
5581,97.3,97.3,2.7,"Belmont-sur-Lausanne (VD)","Les habitants de Belmont-sur-Lausanne soutiennent à 97,3 pour cent l'initiative ""Pas de Suisse à 10 millions!». Avec ce résultat, Belmont-sur-Lausanne bascule dans le camp du oui. En 2020, la commune avait rejeté l'initiative ""pour une immigration modérée» avec 77,3 pour cent des voix."
5582,71.9,71.9,28.1,"Cheseaux-sur-Lausanne (VD)","Les habitants de Cheseaux-sur-Lausanne acceptent à 71,9 pour cent l'initiative ""Pas de Suisse à 10 millions!». Avec ce résultat, Cheseaux-sur-Lausanne bascule dans le camp du oui. En 2020, la commune avait rejeté l'initiative ""pour une immigration modérée» avec 71,9 pour cent des voix."
5583,35.2,35.2,64.8,"Crissier (VD)","L'initiative ""Pas de Suisse à 10 millions!» n'a pas trouvé grâce aux yeux des citoyens de Crissier. Ils ont refusé le texte à 64,8 pour cent. Le rejet de l'initiative est toutefois moins marqué que celui enregistré lors de la votation sur l'initiative ""pour une immigration modérée» en 2020. Les habitants de Crissier avaient alors dit non à 69,8 pour cent."
5584,40.8,40.8,59.2,"Epalinges (VD)","C'est non à l'initiative ""Pas de Suisse à 10 millions!» à Epalinges. Les habitants ont refusé le texte à 59,2 pour cent. Le rejet de l'initiative est toutefois moins marqué que celui enregistré lors de la votation sur l'initiative ""pour une immigration modérée» en 2020. Les habitants d'Epalinges avaient alors dit non à 76 pour cent."
5585,51.9,51.9,48.1,"Jouxtens-Mézery (VD)","La population de Jouxtens-Mézery approuve à 51,9 pour cent l'initiative ""Pas de Suisse à 10 millions!». Avec ce résultat, Jouxtens-Mézery bascule dans le camp du oui. En 2020, la commune avait rejeté l'initiative ""pour une immigration modérée» avec 76,5 pour cent des voix."
5586,58.6,58.6,41.4,"Lausanne (VD)","A Lausanne, les habitants disent oui à 58,6 pour cent à l'initiative ""Pas de Suisse à 10 millions!». Avec ce résultat, Lausanne bascule dans le camp du oui. En 2020, la commune avait rejeté l'initiative ""pour une immigration modérée» avec 79,1 pour cent des voix."
5587,9.1,9.1,90.9,"Le Mont-sur-Lausanne (VD)","Au Mont-sur-Lausanne, les citoyens rejettent à 90,9 pour cent l'initiative ""Pas de Suisse à 10 millions!». Le refus de l'initiative ""Pas de Suisse à 10 millions!» est plus fort que celui observé pour l'initiative ""pour une immigration modérée» en 2020. La proportion de non au Mont-sur-Lausanne était alors de 73,5 pour cent."
5588,41.4,41.4,58.6,"Paudex (VD)","C'est non à l'initiative ""Pas de Suisse à 10 millions!» à Paudex. Les habitants ont refusé le texte à 58,6 pour cent. Le rejet de l'initiative est toutefois moins marqué que celui enregistré lors de la votation sur l'initiative ""pour une immigration modérée» en 2020. Les habitants de Paudex avaient alors dit non à 76,1 pour cent."
5589,16.6,16.6,83.4,"Prilly (VD)","A Prilly, les citoyens rejettent à 83,4 pour cent l'initiative ""Pas de Suisse à 10 millions!». Le refus de l'initiative ""Pas de Suisse à 10 millions!» est plus fort que celui observé pour l'initiative ""pour une immigration modérée» en 2020. La proportion de non à Prilly était alors de 72,7 pour cent."
5590,95.1,95.1,4.9,"Pully (VD)","L'initiative ""Pas de Suisse à 10 millions!» est approuvée à Pully par 95,1 pour cent des votants. Avec ce résultat, Pully bascule dans le camp du oui. En 2020, la commune avait rejeté l'initiative ""pour une immigration modérée» avec 76,9 pour cent des voix."
5591,29,29,71,"Renens (VD)","A Renens (VD), les citoyens rejettent à 71 pour cent l'initiative ""Pas de Suisse à 10 millions!». Le refus de l'initiative ""Pas de Suisse à 10 millions!» est plus fort que celui observé pour l'initiative ""pour une immigration modérée» en 2020. La proportion de non à Renens (VD) était alors de 68,3 pour cent."
5592,39.5,39.5,60.5,"Romanel-sur-Lausanne (VD)","A Romanel-sur-Lausanne, les citoyens rejettent à 60,5 pour cent l'initiative ""Pas de Suisse à 10 millions!». Le rejet de l'initiative est toutefois moins marqué que celui enregistré lors de la votation sur l'initiative ""pour une immigration modérée» en 2020. Les habitants de Romanel-sur-Lausanne avaient alors dit non à 63,5 pour cent."
5601,49.8,49.8,50.2,"Chexbres (VD)","L'initiative ""Pas de Suisse à 10 millions!» est refusée à 50,2 pour cent à Chexbres. Le rejet de l'initiative est toutefois moins marqué que celui enregistré lors de la votation sur l'initiative ""pour une immigration modérée» en 2020. Les habitants de Chexbres avaient alors dit non à 71,8 pour cent."
5604,68.8,68.8,31.2,"Forel (Lavaux) (VD)","Les habitants de Forel (Lavaux) soutiennent à 68,8 pour cent l'initiative ""Pas de Suisse à 10 millions!». Avec ce résultat, Forel (Lavaux) bascule dans le camp du oui. En 2020, la commune avait rejeté l'initiative ""pour une immigration modérée» avec 64,5 pour cent des voix."
5606,95.9,95.9,4.1,"Lutry (VD)","Lutry dit oui à 95,9 pour cent à l'initiative ""Pas de Suisse à 10 millions!». Avec ce résultat, Lutry bascule dans le camp du oui. En 2020, la commune avait rejeté l'initiative ""pour une immigration modérée» avec 76,7 pour cent des voix."
5607,36.2,36.2,63.8,"Puidoux (VD)","La population de Puidoux rejette à 63,8 pour cent des voix l'initiative ""Pas de Suisse à 10 millions!». Le rejet de l'initiative est toutefois moins marqué que celui enregistré lors de la votation sur l'initiative ""pour une immigration modérée» en 2020. Les habitants de Puidoux avaient alors dit non à 67,4 pour cent."
5609,84.4,84.4,15.6,"Rivaz (VD)","Les habitants de Rivaz soutiennent à 84,4 pour cent l'initiative ""Pas de Suisse à 10 millions!». Avec ce résultat, Rivaz bascule dans le camp du oui. En 2020, la commune avait rejeté l'initiative ""pour une immigration modérée» avec 78,4 pour cent des voix."
5610,82.8,82.8,17.2,"Saint-Saphorin (Lavaux) (VD)","Saint-Saphorin (Lavaux) dit oui à 82,8 pour cent à l'initiative ""Pas de Suisse à 10 millions!». Avec ce résultat, Saint-Saphorin (Lavaux) bascule dans le camp du oui. En 2020, la commune avait rejeté l'initiative ""pour une immigration modérée» avec 78,9 pour cent des voix."
5611,70.8,70.8,29.2,"Savigny (VD)","Les habitants de Savigny soutiennent à 70,8 pour cent l'initiative ""Pas de Suisse à 10 millions!». Avec ce résultat, Savigny bascule dans le camp du oui. En 2020, la commune avait rejeté l'initiative ""pour une immigration modérée» avec 69,2 pour cent des voix."
5613,39.6,39.6,60.4,"Bourg-en-Lavaux (VD)","A Bourg-en-Lavaux, les citoyens rejettent à 60,4 pour cent l'initiative ""Pas de Suisse à 10 millions!». Le rejet de l'initiative est toutefois moins marqué que celui enregistré lors de la votation sur l'initiative ""pour une immigration modérée» en 2020. Les habitants de Bourg-en-Lavaux avaient alors dit non à 78,2 pour cent."
5621,89.4,89.4,10.6,"Aclens (VD)","L'initiative ""Pas de Suisse à 10 millions!» est approuvée à Aclens par 89,4 pour cent des votants. Avec ce résultat, Aclens bascule dans le camp du oui. En 2020, la commune avait rejeté l'initiative ""pour une immigration modérée» avec 69,3 pour cent des voix."
5622,25.4,25.4,74.6,"Bremblens (VD)","Les habitants de Bremblens s'opposent à l'initiative ""Pas de Suisse à 10 millions!» par 74,6 pour cent des voix. Le rejet de l'initiative est toutefois moins marqué que celui enregistré lors de la votation sur l'initiative ""pour une immigration modérée» en 2020. Les habitants de Bremblens avaient alors dit non à 76,4 pour cent."
5623,50.7,50.7,49.3,"Buchillon (VD)","A Buchillon, les habitants disent oui à 50,7 pour cent à l'initiative ""Pas de Suisse à 10 millions!». Avec ce résultat, Buchillon bascule dans le camp du oui. En 2020, la commune avait rejeté l'initiative ""pour une immigration modérée» avec 72,6 pour cent des voix."
5624,93,93,7,"Bussigny (VD)","L'initiative ""Pas de Suisse à 10 millions!» passe la rampe avec 93 pour cent de oui à Bussigny. Avec ce résultat, Bussigny bascule dans le camp du oui. En 2020, la commune avait rejeté l'initiative ""pour une immigration modérée» avec 70,7 pour cent des voix."
5627,44.8,44.8,55.2,"Chavannes-près-Renens (VD)","Les habitants de Chavannes-près-Renens s'opposent à l'initiative ""Pas de Suisse à 10 millions!» par 55,2 pour cent des voix. Le rejet de l'initiative est toutefois moins marqué que celui enregistré lors de la votation sur l'initiative ""pour une immigration modérée» en 2020. Les habitants de Chavannes-près-Renens avaient alors dit non à 67,3 pour cent."
5628,43.5,43.5,56.5,"Chigny (VD)","L'initiative ""Pas de Suisse à 10 millions!» est refusée à 56,5 pour cent à Chigny. Le rejet de l'initiative est toutefois moins marqué que celui enregistré lors de la votation sur l'initiative ""pour une immigration modérée» en 2020. Les habitants de Chigny avaient alors dit non à 80 pour cent."
5629,55.7,55.7,44.3,"Clarmont (VD)","Les habitants de Clarmont soutiennent à 55,7 pour cent l'initiative ""Pas de Suisse à 10 millions!». Avec ce résultat, Clarmont bascule dans le camp du oui. En 2020, la commune avait rejeté l'initiative ""pour une immigration modérée» avec 65 pour cent des voix."
5631,41.4,41.4,58.6,"Denens (VD)","L'initiative ""Pas de Suisse à 10 millions!» est refusée à 58,6 pour cent à Denens. Le rejet de l'initiative est toutefois moins marqué que celui enregistré lors de la votation sur l'initiative ""pour une immigration modérée» en 2020. Les habitants de Denens avaient alors dit non à 79,5 pour cent."
5632,35.4,35.4,64.6,"Denges (VD)","C'est non à l'initiative ""Pas de Suisse à 10 millions!» à Denges. Les habitants ont refusé le texte à 64,6 pour cent. Le rejet de l'initiative est toutefois moins marqué que celui enregistré lors de la votation sur l'initiative ""pour une immigration modérée» en 2020. Les habitants de Denges avaient alors dit non à 76,6 pour cent."
5633,27.9,27.9,72.1,"Echandens (VD)","C'est non à l'initiative ""Pas de Suisse à 10 millions!» à Echandens. Les habitants ont refusé le texte à 72,1 pour cent. Le refus de l'initiative ""Pas de Suisse à 10 millions!» est plus fort que celui observé pour l'initiative ""pour une immigration modérée» en 2020. La proportion de non à Echandens était alors de 69,9 pour cent."
5634,42.8,42.8,57.2,"Echichens (VD)","L'initiative ""Pas de Suisse à 10 millions!» n'a pas trouvé grâce aux yeux des citoyens d'Echichens. Ils ont refusé le texte à 57,2 pour cent. Le rejet de l'initiative est toutefois moins marqué que celui enregistré lors de la votation sur l'initiative ""pour une immigration modérée» en 2020. Les habitants d'Echichens avaient alors dit non à 72,4 pour cent."
5635,24.4,24.4,75.6,"Ecublens (VD)","A Ecublens (VD), les citoyens rejettent à 75,6 pour cent l'initiative ""Pas de Suisse à 10 millions!». Le refus de l'initiative ""Pas de Suisse à 10 millions!» est plus fort que celui observé pour l'initiative ""pour une immigration modérée» en 2020. La proportion de non à Ecublens (VD) était alors de 69,4 pour cent."
5636,4.7,4.7,95.3,"Etoy (VD)","Les habitants d'Etoy s'opposent à l'initiative ""Pas de Suisse à 10 millions!» par 95,3 pour cent des voix. Le refus de l'initiative ""Pas de Suisse à 10 millions!» est plus fort que celui observé pour l'initiative ""pour une immigration modérée» en 2020. La proportion de non à Etoy était alors de 73 pour cent."
5637,36.5,36.5,63.5,"Lavigny (VD)","A Lavigny, les citoyens rejettent à 63,5 pour cent l'initiative ""Pas de Suisse à 10 millions!». Le rejet de l'initiative est toutefois moins marqué que celui enregistré lors de la votation sur l'initiative ""pour une immigration modérée» en 2020. Les habitants de Lavigny avaient alors dit non à 74,9 pour cent."
5638,55.7,55.7,44.3,"Lonay (VD)","A Lonay, les habitants disent oui à 55,7 pour cent à l'initiative ""Pas de Suisse à 10 millions!». Avec ce résultat, Lonay bascule dans le camp du oui. En 2020, la commune avait rejeté l'initiative ""pour une immigration modérée» avec 72 pour cent des voix."
5639,41.1,41.1,58.9,"Lully (VD)","L'initiative ""Pas de Suisse à 10 millions!» n'a pas convaincu à Lully (VD). Les citoyens de la commune ont refusé le texte à 58,9 pour cent. Le rejet de l'initiative est toutefois moins marqué que celui enregistré lors de la votation sur l'initiative ""pour une immigration modérée» en 2020. Les habitants de Lully (VD) avaient alors dit non à 81,1 pour cent."
5640,89.2,89.2,10.8,"Lussy-sur-Morges (VD)","L'initiative ""Pas de Suisse à 10 millions!» est approuvée à Lussy-sur-Morges par 89,2 pour cent des votants. Avec ce résultat, Lussy-sur-Morges bascule dans le camp du oui. En 2020, la commune avait rejeté l'initiative ""pour une immigration modérée» avec 82,7 pour cent des voix."
5642,72.5,72.5,27.5,"Morges (VD)","A Morges, les habitants disent oui à 72,5 pour cent à l'initiative ""Pas de Suisse à 10 millions!». Avec ce résultat, Morges bascule dans le camp du oui. En 2020, la commune avait rejeté l'initiative ""pour une immigration modérée» avec 73,1 pour cent des voix."
5643,89.1,89.1,10.9,"Préverenges (VD)","L'initiative ""Pas de Suisse à 10 millions!» passe la rampe avec 89,1 pour cent de oui à Préverenges. Avec ce résultat, Préverenges bascule dans le camp du oui. En 2020, la commune avait rejeté l'initiative ""pour une immigration modérée» avec 73,3 pour cent des voix."
5645,45.7,45.7,54.3,"Romanel-sur-Morges (VD)","L'initiative ""Pas de Suisse à 10 millions!» n'a pas convaincu à Romanel-sur-Morges. Les citoyens de la commune ont refusé le texte à 54,3 pour cent. Le rejet de l'initiative est toutefois moins marqué que celui enregistré lors de la votation sur l'initiative ""pour une immigration modérée» en 2020. Les habitants de Romanel-sur-Morges avaient alors dit non à 72,2 pour cent."
5646,55.7,55.7,44.3,"Saint-Prex (VD)","Les habitants de Saint-Prex acceptent à 55,7 pour cent l'initiative ""Pas de Suisse à 10 millions!». Avec ce résultat, Saint-Prex bascule dans le camp du oui. En 2020, la commune avait rejeté l'initiative ""pour une immigration modérée» avec 72,9 pour cent des voix."
5648,43.4,43.4,56.6,"Saint-Sulpice (VD)","C'est non à l'initiative ""Pas de Suisse à 10 millions!» à Saint-Sulpice (VD). Les habitants ont refusé le texte à 56,6 pour cent. Le rejet de l'initiative est toutefois moins marqué que celui enregistré lors de la votation sur l'initiative ""pour une immigration modérée» en 2020. Les habitants de Saint-Sulpice (VD) avaient alors dit non à 62 pour cent."
5649,99.5,99.5,0.5,"Tolochenaz (VD)","A Tolochenaz, les habitants disent oui à 99,5 pour cent à l'initiative ""Pas de Suisse à 10 millions!». Avec ce résultat, Tolochenaz bascule dans le camp du oui. En 2020, la commune avait rejeté l'initiative ""pour une immigration modérée» avec 70,4 pour cent des voix."
5650,32,32,68,"Vaux-sur-Morges (VD)","Les habitants de Vaux-sur-Morges s'opposent à l'initiative ""Pas de Suisse à 10 millions!» par 68 pour cent des voix. Le rejet de l'initiative est toutefois moins marqué que celui enregistré lors de la votation sur l'initiative ""pour une immigration modérée» en 2020. Les habitants de Vaux-sur-Morges avaient alors dit non à 77,8 pour cent."
5651,50.2,50.2,49.8,"Villars-Sainte-Croix (VD)","A Villars-Sainte-Croix, les habitants disent oui à 50,2 pour cent à l'initiative ""Pas de Suisse à 10 millions!». Avec ce résultat, Villars-Sainte-Croix bascule dans le camp du oui. En 2020, la commune avait rejeté l'initiative ""pour une immigration modérée» avec 62,4 pour cent des voix."
5652,35.2,35.2,64.8,"Villars-sous-Yens (VD)","Les habitants de Villars-sous-Yens s'opposent à l'initiative ""Pas de Suisse à 10 millions!» par 64,8 pour cent des voix. Le rejet de l'initiative est toutefois moins marqué que celui enregistré lors de la votation sur l'initiative ""pour une immigration modérée» en 2020. Les habitants de Villars-sous-Yens avaient alors dit non à 71 pour cent."
5653,26.3,26.3,73.7,"Vufflens-le-Château (VD)","L'initiative ""Pas de Suisse à 10 millions!» n'a pas convaincu à Vufflens-le-Château. Les citoyens de la commune ont refusé le texte à 73,7 pour cent. Le rejet de l'initiative est toutefois moins marqué que celui enregistré lors de la votation sur l'initiative ""pour une immigration modérée» en 2020. Les habitants de Vufflens-le-Château avaient alors dit non à 76,3 pour cent."
5654,48.8,48.8,51.2,"Vullierens (VD)","Les habitants de Vullierens s'opposent à l'initiative ""Pas de Suisse à 10 millions!» par 51,2 pour cent des voix. Le rejet de l'initiative est toutefois moins marqué que celui enregistré lors de la votation sur l'initiative ""pour une immigration modérée» en 2020. Les habitants de Vullierens avaient alors dit non à 67,7 pour cent."
5655,56.8,56.8,43.2,"Yens (VD)","A Yens, les habitants disent oui à 56,8 pour cent à l'initiative ""Pas de Suisse à 10 millions!». Avec ce résultat, Yens bascule dans le camp du oui. En 2020, la commune avait rejeté l'initiative ""pour une immigration modérée» avec 70,2 pour cent des voix."
5656,47.2,47.2,52.8,"Hautemorges (VD)","La population de Hautemorges rejette à 52,8 pour cent des voix l'initiative ""Pas de Suisse à 10 millions!». Le rejet de l'initiative est toutefois moins marqué que celui enregistré lors de la votation sur l'initiative ""pour une immigration modérée» en 2020. Les habitants de Hautemorges avaient alors dit non à 72,2 pour cent."
5661,45.3,45.3,54.7,"Boulens (VD)","C'est non à l'initiative ""Pas de Suisse à 10 millions!» à Boulens. Les habitants ont refusé le texte à 54,7 pour cent. Le rejet de l'initiative est toutefois moins marqué que celui enregistré lors de la votation sur l'initiative ""pour une immigration modérée» en 2020. Les habitants de Boulens avaient alors dit non à 69,1 pour cent."
5663,98.1,98.1,1.9,"Bussy-sur-Moudon (VD)","Bussy-sur-Moudon dit oui à 98,1 pour cent à l'initiative ""Pas de Suisse à 10 millions!». Avec ce résultat, Bussy-sur-Moudon bascule dans le camp du oui. En 2020, la commune avait rejeté l'initiative ""pour une immigration modérée» avec 53,2 pour cent des voix."
5665,58.2,58.2,41.8,"Chavannes-sur-Moudon (VD)","Les habitants de Chavannes-sur-Moudon soutiennent à 58,2 pour cent l'initiative ""Pas de Suisse à 10 millions!». Le soutien à l'initiative ""Pas de Suisse à 10 millions!» a augmenté à Chavannes-sur-Moudon par rapport à l'initiative ""pour une immigration modérée» soumise au vote en 2020. Lors de cette votation, 51,8 pour cent des habitants de la commune avaient accepté ce texte."
5669,72.4,72.4,27.6,"Curtilles (VD)","Les habitants de Curtilles soutiennent à 72,4 pour cent l'initiative ""Pas de Suisse à 10 millions!». Avec ce résultat, Curtilles bascule dans le camp du oui. En 2020, la commune avait rejeté l'initiative ""pour une immigration modérée» avec 57,2 pour cent des voix."
5671,68,68,32,"Dompierre (VD)","L'initiative ""Pas de Suisse à 10 millions!» est approuvée à Dompierre (VD) par 68 pour cent des votants. Avec ce résultat, Dompierre (VD) bascule dans le camp du oui. En 2020, la commune avait rejeté l'initiative ""pour une immigration modérée» avec 52,2 pour cent des voix."
5673,53.5,53.5,46.5,"Hermenches (VD)","A Hermenches, les habitants disent oui à 53,5 pour cent à l'initiative ""Pas de Suisse à 10 millions!». Avec ce résultat, Hermenches bascule dans le camp du oui. En 2020, la commune avait rejeté l'initiative ""pour une immigration modérée» avec 52,4 pour cent des voix."
5674,49.9,49.9,50.1,"Lovatens (VD)","L'initiative ""Pas de Suisse à 10 millions!» n'a pas trouvé grâce aux yeux des citoyens de Lovatens. Ils ont refusé le texte à 50,1 pour cent. Le rejet de l'initiative est toutefois moins marqué que celui enregistré lors de la votation sur l'initiative ""pour une immigration modérée» en 2020. Les habitants de Lovatens avaient alors dit non à 66,2 pour cent."
5675,12.5,12.5,87.5,"Lucens (VD)","L'initiative ""Pas de Suisse à 10 millions!» est refusée à 87,5 pour cent à Lucens. Le refus de l'initiative ""Pas de Suisse à 10 millions!» est plus fort que celui observé pour l'initiative ""pour une immigration modérée» en 2020. La proportion de non à Lucens était alors de 59,2 pour cent."
5678,24,24,76,"Moudon (VD)","La population de Moudon rejette à 76 pour cent des voix l'initiative ""Pas de Suisse à 10 millions!». Le refus de l'initiative ""Pas de Suisse à 10 millions!» est plus fort que celui observé pour l'initiative ""pour une immigration modérée» en 2020. La proportion de non à Moudon était alors de 63,4 pour cent."
5680,85,85,15,"Ogens (VD)","La population d'Ogens approuve à 85 pour cent l'initiative ""Pas de Suisse à 10 millions!». Avec ce résultat, Ogens bascule dans le camp du oui. En 2020, la commune avait rejeté l'initiative ""pour une immigration modérée» avec 60,3 pour cent des voix."
5683,17.9,17.9,82.1,"Prévonloup (VD)","Les habitants de Prévonloup s'opposent à l'initiative ""Pas de Suisse à 10 millions!» par 82,1 pour cent des voix. Le refus de l'initiative ""Pas de Suisse à 10 millions!» est plus fort que celui observé pour l'initiative ""pour une immigration modérée» en 2020. La proportion de non à Prévonloup était alors de 61,8 pour cent."
5684,21,21,79,"Rossenges (VD)","L'initiative ""Pas de Suisse à 10 millions!» est refusée à 79 pour cent à Rossenges. Le refus de l'initiative ""Pas de Suisse à 10 millions!» est plus fort que celui observé pour l'initiative ""pour une immigration modérée» en 2020. La proportion de non à Rossenges était alors de 57,6 pour cent."
5688,80.7,80.7,19.3,"Syens (VD)","Les habitants de Syens acceptent à 80,7 pour cent l'initiative ""Pas de Suisse à 10 millions!». Le soutien à l'initiative ""Pas de Suisse à 10 millions!» a augmenté à Syens par rapport à l'initiative ""pour une immigration modérée» soumise au vote en 2020. Lors de cette votation, 52,8 pour cent des habitants de la commune avaient accepté ce texte."
5690,59,59,41,"Villars-le-Comte (VD)","Les habitants de Villars-le-Comte acceptent à 59 pour cent l'initiative ""Pas de Suisse à 10 millions!». Avec ce résultat, Villars-le-Comte bascule dans le camp du oui. En 2020, la commune avait rejeté l'initiative ""pour une immigration modérée» avec 58,3 pour cent des voix."
5692,63.9,63.9,36.1,"Vucherens (VD)","A Vucherens, les habitants disent oui à 63,9 pour cent à l'initiative ""Pas de Suisse à 10 millions!». Avec ce résultat, Vucherens bascule dans le camp du oui. En 2020, la commune avait rejeté l'initiative ""pour une immigration modérée» avec 62,8 pour cent des voix."
5693,68.4,68.4,31.6,"Montanaire (VD)","La population de Montanaire approuve à 68,4 pour cent l'initiative ""Pas de Suisse à 10 millions!». Avec ce résultat, Montanaire bascule dans le camp du oui. En 2020, la commune avait rejeté l'initiative ""pour une immigration modérée» avec 61,2 pour cent des voix."
5701,31.2,31.2,68.8,"Arnex-sur-Nyon (VD)","L'initiative ""Pas de Suisse à 10 millions!» est refusée à 68,8 pour cent à Arnex-sur-Nyon. Le rejet de l'initiative est toutefois moins marqué que celui enregistré lors de la votation sur l'initiative ""pour une immigration modérée» en 2020. Les habitants d'Arnex-sur-Nyon avaient alors dit non à 79,6 pour cent."
5702,85.1,85.1,14.9,"Arzier-Le Muids (VD)","La population d'Arzier-Le Muids approuve à 85,1 pour cent l'initiative ""Pas de Suisse à 10 millions!». Avec ce résultat, Arzier-Le Muids bascule dans le camp du oui. En 2020, la commune avait rejeté l'initiative ""pour une immigration modérée» avec 69,6 pour cent des voix."
5703,55.8,55.8,44.2,"Bassins (VD)","A Bassins, les habitants disent oui à 55,8 pour cent à l'initiative ""Pas de Suisse à 10 millions!». Avec ce résultat, Bassins bascule dans le camp du oui. En 2020, la commune avait rejeté l'initiative ""pour une immigration modérée» avec 71,3 pour cent des voix."
5704,17.8,17.8,82.2,"Begnins (VD)","La population de Begnins rejette à 82,2 pour cent des voix l'initiative ""Pas de Suisse à 10 millions!». Le refus de l'initiative ""Pas de Suisse à 10 millions!» est plus fort que celui observé pour l'initiative ""pour une immigration modérée» en 2020. La proportion de non à Begnins était alors de 71 pour cent."
5705,15.6,15.6,84.4,"Bogis-Bossey (VD)","L'initiative ""Pas de Suisse à 10 millions!» n'a pas convaincu à Bogis-Bossey. Les citoyens de la commune ont refusé le texte à 84,4 pour cent. Le refus de l'initiative ""Pas de Suisse à 10 millions!» est plus fort que celui observé pour l'initiative ""pour une immigration modérée» en 2020. La proportion de non à Bogis-Bossey était alors de 76,4 pour cent."
5706,82,82,18,"Borex (VD)","A Borex, les habitants disent oui à 82 pour cent à l'initiative ""Pas de Suisse à 10 millions!». Avec ce résultat, Borex bascule dans le camp du oui. En 2020, la commune avait rejeté l'initiative ""pour une immigration modérée» avec 73,7 pour cent des voix."
5707,50.3,50.3,49.7,"Chavannes-de-Bogis (VD)","Chavannes-de-Bogis dit oui à 50,3 pour cent à l'initiative ""Pas de Suisse à 10 millions!». Avec ce résultat, Chavannes-de-Bogis bascule dans le camp du oui. En 2020, la commune avait rejeté l'initiative ""pour une immigration modérée» avec 68,6 pour cent des voix."
5708,19,19,81,"Chavannes-des-Bois (VD)","L'initiative ""Pas de Suisse à 10 millions!» n'a pas trouvé grâce aux yeux des citoyens de Chavannes-des-Bois. Ils ont refusé le texte à 81 pour cent. Le refus de l'initiative ""Pas de Suisse à 10 millions!» est plus fort que celui observé pour l'initiative ""pour une immigration modérée» en 2020. La proportion de non à Chavannes-des-Bois était alors de 79,5 pour cent."
5709,50.9,50.9,49.1,"Chéserex (VD)","L'initiative ""Pas de Suisse à 10 millions!» passe la rampe avec 50,9 pour cent de oui à Chéserex. Avec ce résultat, Chéserex bascule dans le camp du oui. En 2020, la commune avait rejeté l'initiative ""pour une immigration modérée» avec 71,3 pour cent des voix."
5710,78.1,78.1,21.9,"Coinsins (VD)","La population de Coinsins approuve à 78,1 pour cent l'initiative ""Pas de Suisse à 10 millions!». Avec ce résultat, Coinsins bascule dans le camp du oui. En 2020, la commune avait rejeté l'initiative ""pour une immigration modérée» avec 68,3 pour cent des voix."
5711,61.4,61.4,38.6,"Commugny (VD)","Les habitants de Commugny acceptent à 61,4 pour cent l'initiative ""Pas de Suisse à 10 millions!». Avec ce résultat, Commugny bascule dans le camp du oui. En 2020, la commune avait rejeté l'initiative ""pour une immigration modérée» avec 74,4 pour cent des voix."
5712,49.2,49.2,50.8,"Coppet (VD)","L'initiative ""Pas de Suisse à 10 millions!» est refusée à 50,8 pour cent à Coppet. Le rejet de l'initiative est toutefois moins marqué que celui enregistré lors de la votation sur l'initiative ""pour une immigration modérée» en 2020. Les habitants de Coppet avaient alors dit non à 75,5 pour cent."
5713,29.4,29.4,70.6,"Crans-près-Céligny (VD)","L'initiative ""Pas de Suisse à 10 millions!» n'a pas convaincu à Crans-près-Céligny. Les citoyens de la commune ont refusé le texte à 70,6 pour cent. Le rejet de l'initiative est toutefois moins marqué que celui enregistré lors de la votation sur l'initiative ""pour une immigration modérée» en 2020. Les habitants de Crans-près-Céligny avaient alors dit non à 72,8 pour cent."
5714,23.5,23.5,76.5,"Crassier (VD)","L'initiative ""Pas de Suisse à 10 millions!» n'a pas trouvé grâce aux yeux des citoyens de Crassier. Ils ont refusé le texte à 76,5 pour cent. Le refus de l'initiative ""Pas de Suisse à 10 millions!» est plus fort que celui observé pour l'initiative ""pour une immigration modérée» en 2020. La proportion de non à Crassier était alors de 73,9 pour cent."
5715,51.8,51.8,48.2,"Duillier (VD)","Les habitants de Duillier acceptent à 51,8 pour cent l'initiative ""Pas de Suisse à 10 millions!». Avec ce résultat, Duillier bascule dans le camp du oui. En 2020, la commune avait rejeté l'initiative ""pour une immigration modérée» avec 73,1 pour cent des voix."
5716,95.3,95.3,4.7,"Eysins (VD)","Les habitants d'Eysins acceptent à 95,3 pour cent l'initiative ""Pas de Suisse à 10 millions!». Avec ce résultat, Eysins bascule dans le camp du oui. En 2020, la commune avait rejeté l'initiative ""pour une immigration modérée» avec 69,3 pour cent des voix."
5717,92.6,92.6,7.4,"Founex (VD)","L'initiative ""Pas de Suisse à 10 millions!» est approuvée à Founex par 92,6 pour cent des votants. Avec ce résultat, Founex bascule dans le camp du oui. En 2020, la commune avait rejeté l'initiative ""pour une immigration modérée» avec 75,2 pour cent des voix."
5718,99.1,99.1,0.9,"Genolier (VD)","Les habitants de Genolier soutiennent à 99,1 pour cent l'initiative ""Pas de Suisse à 10 millions!». Avec ce résultat, Genolier bascule dans le camp du oui. En 2020, la commune avait rejeté l'initiative ""pour une immigration modérée» avec 73,6 pour cent des voix."
5719,54.8,54.8,45.2,"Gingins (VD)","L'initiative ""Pas de Suisse à 10 millions!» passe la rampe avec 54,8 pour cent de oui à Gingins. Avec ce résultat, Gingins bascule dans le camp du oui. En 2020, la commune avait rejeté l'initiative ""pour une immigration modérée» avec 69 pour cent des voix."
5720,60.1,60.1,39.9,"Givrins (VD)","L'initiative ""Pas de Suisse à 10 millions!» est approuvée à Givrins par 60,1 pour cent des votants. Avec ce résultat, Givrins bascule dans le camp du oui. En 2020, la commune avait rejeté l'initiative ""pour une immigration modérée» avec 72,7 pour cent des voix."
5721,12.4,12.4,87.6,"Gland (VD)","La population de Gland rejette à 87,6 pour cent des voix l'initiative ""Pas de Suisse à 10 millions!». Le refus de l'initiative ""Pas de Suisse à 10 millions!» est plus fort que celui observé pour l'initiative ""pour une immigration modérée» en 2020. La proportion de non à Gland était alors de 69,9 pour cent."
5722,77,77,23,"Grens (VD)","A Grens, les habitants disent oui à 77 pour cent à l'initiative ""Pas de Suisse à 10 millions!». Avec ce résultat, Grens bascule dans le camp du oui. En 2020, la commune avait rejeté l'initiative ""pour une immigration modérée» avec 79,2 pour cent des voix."
5723,90.7,90.7,9.3,"Mies (VD)","A Mies, les habitants disent oui à 90,7 pour cent à l'initiative ""Pas de Suisse à 10 millions!». Avec ce résultat, Mies bascule dans le camp du oui. En 2020, la commune avait rejeté l'initiative ""pour une immigration modérée» avec 73,8 pour cent des voix."
5724,12.3,12.3,87.7,"Nyon (VD)","C'est non à l'initiative ""Pas de Suisse à 10 millions!» à Nyon. Les habitants ont refusé le texte à 87,7 pour cent. Le refus de l'initiative ""Pas de Suisse à 10 millions!» est plus fort que celui observé pour l'initiative ""pour une immigration modérée» en 2020. La proportion de non à Nyon était alors de 73,8 pour cent."
5725,48.2,48.2,51.8,"Prangins (VD)","L'initiative ""Pas de Suisse à 10 millions!» n'a pas convaincu à Prangins. Les citoyens de la commune ont refusé le texte à 51,8 pour cent. Le rejet de l'initiative est toutefois moins marqué que celui enregistré lors de la votation sur l'initiative ""pour une immigration modérée» en 2020. Les habitants de Prangins avaient alors dit non à 76,4 pour cent."
5726,12.5,12.5,87.5,"La Rippe (VD)","L'initiative ""Pas de Suisse à 10 millions!» est refusée à 87,5 pour cent à La Rippe. Le refus de l'initiative ""Pas de Suisse à 10 millions!» est plus fort que celui observé pour l'initiative ""pour une immigration modérée» en 2020. La proportion de non à La Rippe était alors de 76,7 pour cent."
5727,14.8,14.8,85.2,"Saint-Cergue (VD)","L'initiative ""Pas de Suisse à 10 millions!» est refusée à 85,2 pour cent à Saint-Cergue. Le refus de l'initiative ""Pas de Suisse à 10 millions!» est plus fort que celui observé pour l'initiative ""pour une immigration modérée» en 2020. La proportion de non à Saint-Cergue était alors de 62,7 pour cent."
5728,44.9,44.9,55.1,"Signy-Avenex (VD)","L'initiative ""Pas de Suisse à 10 millions!» n'a pas trouvé grâce aux yeux des citoyens de Signy-Avenex. Ils ont refusé le texte à 55,1 pour cent. Le rejet de l'initiative est toutefois moins marqué que celui enregistré lors de la votation sur l'initiative ""pour une immigration modérée» en 2020. Les habitants de Signy-Avenex avaient alors dit non à 66,7 pour cent."
5729,39.4,39.4,60.6,"Tannay (VD)","C'est non à l'initiative ""Pas de Suisse à 10 millions!» à Tannay. Les habitants ont refusé le texte à 60,6 pour cent. Le rejet de l'initiative est toutefois moins marqué que celui enregistré lors de la votation sur l'initiative ""pour une immigration modérée» en 2020. Les habitants de Tannay avaient alors dit non à 75 pour cent."
5730,47.8,47.8,52.2,"Trélex (VD)","L'initiative ""Pas de Suisse à 10 millions!» n'a pas convaincu à Trélex. Les citoyens de la commune ont refusé le texte à 52,2 pour cent. Le rejet de l'initiative est toutefois moins marqué que celui enregistré lors de la votation sur l'initiative ""pour une immigration modérée» en 2020. Les habitants de Trélex avaient alors dit non à 72 pour cent."
5731,62.5,62.5,37.5,"Le Vaud (VD)","Le Vaud dit oui à 62,5 pour cent à l'initiative ""Pas de Suisse à 10 millions!». Avec ce résultat, Le Vaud bascule dans le camp du oui. En 2020, la commune avait rejeté l'initiative ""pour une immigration modérée» avec 72 pour cent des voix."
5732,18.5,18.5,81.5,"Vich (VD)","L'initiative ""Pas de Suisse à 10 millions!» est refusée à 81,5 pour cent à Vich. Le refus de l'initiative ""Pas de Suisse à 10 millions!» est plus fort que celui observé pour l'initiative ""pour une immigration modérée» en 2020. La proportion de non à Vich était alors de 74,5 pour cent."
5741,49.6,49.6,50.4,"L'Abergement (VD)","L'initiative ""Pas de Suisse à 10 millions!» n'a pas convaincu à L'Abergement. Les citoyens de la commune ont refusé le texte à 50,4 pour cent. Le rejet de l'initiative est toutefois moins marqué que celui enregistré lors de la votation sur l'initiative ""pour une immigration modérée» en 2020. Les habitants de L'Abergement avaient alors dit non à 61,4 pour cent."
5742,60.6,60.6,39.4,"Agiez (VD)","L'initiative ""Pas de Suisse à 10 millions!» est approuvée à Agiez par 60,6 pour cent des votants. Avec ce résultat, Agiez bascule dans le camp du oui. En 2020, la commune avait rejeté l'initiative ""pour une immigration modérée» avec 67,6 pour cent des voix."
5743,52.1,52.1,47.9,"Arnex-sur-Orbe (VD)","A Arnex-sur-Orbe, les habitants disent oui à 52,1 pour cent à l'initiative ""Pas de Suisse à 10 millions!». Avec ce résultat, Arnex-sur-Orbe bascule dans le camp du oui. En 2020, la commune avait rejeté l'initiative ""pour une immigration modérée» avec 66 pour cent des voix."
5744,13.2,13.2,86.8,"Ballaigues (VD)","Les habitants de Ballaigues s'opposent à l'initiative ""Pas de Suisse à 10 millions!» par 86,8 pour cent des voix. Le refus de l'initiative ""Pas de Suisse à 10 millions!» est plus fort que celui observé pour l'initiative ""pour une immigration modérée» en 2020. La proportion de non à Ballaigues était alors de 63,2 pour cent."
5745,93.2,93.2,6.8,"Baulmes (VD)","Les habitants de Baulmes soutiennent à 93,2 pour cent l'initiative ""Pas de Suisse à 10 millions!». Avec ce résultat, Baulmes bascule dans le camp du oui. En 2020, la commune avait rejeté l'initiative ""pour une immigration modérée» avec 64,5 pour cent des voix."
5746,46.4,46.4,53.6,"Bavois (VD)","Les habitants de Bavois s'opposent à l'initiative ""Pas de Suisse à 10 millions!» par 53,6 pour cent des voix. Le rejet de l'initiative est toutefois moins marqué que celui enregistré lors de la votation sur l'initiative ""pour une immigration modérée» en 2020. Les habitants de Bavois avaient alors dit non à 64,1 pour cent."
5747,68.9,68.9,31.1,"Bofflens (VD)","Les habitants de Bofflens acceptent à 68,9 pour cent l'initiative ""Pas de Suisse à 10 millions!». Avec ce résultat, Bofflens bascule dans le camp du oui. En 2020, la commune avait rejeté l'initiative ""pour une immigration modérée» avec 61,2 pour cent des voix."
5748,45,45,55,"Bretonnières (VD)","La population de Bretonnières rejette à 55 pour cent des voix l'initiative ""Pas de Suisse à 10 millions!». Le rejet de l'initiative est toutefois moins marqué que celui enregistré lors de la votation sur l'initiative ""pour une immigration modérée» en 2020. Les habitants de Bretonnières avaient alors dit non à 65,4 pour cent."
5749,64.3,64.3,35.7,"Chavornay (VD)","Les habitants de Chavornay acceptent à 64,3 pour cent l'initiative ""Pas de Suisse à 10 millions!». Avec ce résultat, Chavornay bascule dans le camp du oui. En 2020, la commune avait rejeté l'initiative ""pour une immigration modérée» avec 68 pour cent des voix."
5750,22.9,22.9,77.1,"Les Clées (VD)","L'initiative ""Pas de Suisse à 10 millions!» est refusée à 77,1 pour cent aux Clées. Le résultat a peu changé par rapport au vote sur l'initiative ""pour une immigration modérée» en 2020. Les Clées avait alors dit non à 77,4 pour cent."
5752,5.8,5.8,94.2,"Croy (VD)","A Croy, les citoyens rejettent à 94,2 pour cent l'initiative ""Pas de Suisse à 10 millions!». Le refus de l'initiative ""Pas de Suisse à 10 millions!» est plus fort que celui observé pour l'initiative ""pour une immigration modérée» en 2020. La proportion de non à Croy était alors de 68,8 pour cent."
5754,4.8,4.8,95.2,"Juriens (VD)","A Juriens, les citoyens rejettent à 95,2 pour cent l'initiative ""Pas de Suisse à 10 millions!». Le refus de l'initiative ""Pas de Suisse à 10 millions!» est plus fort que celui observé pour l'initiative ""pour une immigration modérée» en 2020. La proportion de non à Juriens était alors de 67,7 pour cent."
5755,32.2,32.2,67.8,"Lignerolle (VD)","La population de Lignerolle rejette à 67,8 pour cent des voix l'initiative ""Pas de Suisse à 10 millions!». Le refus de l'initiative ""Pas de Suisse à 10 millions!» est plus fort que celui observé pour l'initiative ""pour une immigration modérée» en 2020. La proportion de non à Lignerolle était alors de 63,8 pour cent."
5756,2.3,2.3,97.7,"Montcherand (VD)","L'initiative ""Pas de Suisse à 10 millions!» n'a pas trouvé grâce aux yeux des citoyens de Montcherand. Ils ont refusé le texte à 97,7 pour cent. Le refus de l'initiative ""Pas de Suisse à 10 millions!» est plus fort que celui observé pour l'initiative ""pour une immigration modérée» en 2020. La proportion de non à Montcherand était alors de 61,1 pour cent."
5757,60.6,60.6,39.4,"Orbe (VD)","Les habitants d'Orbe soutiennent à 60,6 pour cent l'initiative ""Pas de Suisse à 10 millions!». Avec ce résultat, Orbe bascule dans le camp du oui. En 2020, la commune avait rejeté l'initiative ""pour une immigration modérée» avec 66,9 pour cent des voix."
5758,39.2,39.2,60.8,"La Praz (VD)","Les habitants de La Praz s'opposent à l'initiative ""Pas de Suisse à 10 millions!» par 60,8 pour cent des voix. Le refus de l'initiative ""Pas de Suisse à 10 millions!» est plus fort que celui observé pour l'initiative ""pour une immigration modérée» en 2020. La proportion de non à La Praz était alors de 50,7 pour cent."
5759,76.5,76.5,23.5,"Premier (VD)","Premier dit oui à 76,5 pour cent à l'initiative ""Pas de Suisse à 10 millions!». Avec ce résultat, Premier bascule dans le camp du oui. En 2020, la commune avait rejeté l'initiative ""pour une immigration modérée» avec 65,8 pour cent des voix."
5760,97.5,97.5,2.5,"Rances (VD)","Rances dit oui à 97,5 pour cent à l'initiative ""Pas de Suisse à 10 millions!». Avec ce résultat, Rances bascule dans le camp du oui. En 2020, la commune avait rejeté l'initiative ""pour une immigration modérée» avec 58,8 pour cent des voix."
5761,64.5,64.5,35.5,"Romainmôtier-Envy (VD)","L'initiative ""Pas de Suisse à 10 millions!» passe la rampe avec 64,5 pour cent de oui à Romainmôtier-Envy. Avec ce résultat, Romainmôtier-Envy bascule dans le camp du oui. En 2020, la commune avait rejeté l'initiative ""pour une immigration modérée» avec 69,5 pour cent des voix."
5762,73.9,73.9,26.1,"Sergey (VD)","Les habitants de Sergey acceptent à 73,9 pour cent l'initiative ""Pas de Suisse à 10 millions!». Avec ce résultat, Sergey bascule dans le camp du oui. En 2020, la commune avait rejeté l'initiative ""pour une immigration modérée» avec 62,9 pour cent des voix."
5763,84.9,84.9,15.1,"Valeyres-sous-Rances (VD)","Les habitants de Valeyres-sous-Rances acceptent à 84,9 pour cent l'initiative ""Pas de Suisse à 10 millions!». Avec ce résultat, Valeyres-sous-Rances bascule dans le camp du oui. En 2020, la commune avait rejeté l'initiative ""pour une immigration modérée» avec 65,7 pour cent des voix."
5764,18.6,18.6,81.4,"Vallorbe (VD)","L'initiative ""Pas de Suisse à 10 millions!» n'a pas trouvé grâce aux yeux des citoyens de Vallorbe. Ils ont refusé le texte à 81,4 pour cent. Le refus de l'initiative ""Pas de Suisse à 10 millions!» est plus fort que celui observé pour l'initiative ""pour une immigration modérée» en 2020. La proportion de non à Vallorbe était alors de 62,8 pour cent."
5765,27.1,27.1,72.9,"Vaulion (VD)","L'initiative ""Pas de Suisse à 10 millions!» n'a pas trouvé grâce aux yeux des citoyens de Vaulion. Ils ont refusé le texte à 72,9 pour cent. Le refus de l'initiative ""Pas de Suisse à 10 millions!» est plus fort que celui observé pour l'initiative ""pour une immigration modérée» en 2020. La proportion de non à Vaulion était alors de 59,3 pour cent."
5766,1.7,1.7,98.3,"Vuiteboeuf (VD)","C'est non à l'initiative ""Pas de Suisse à 10 millions!» à Vuiteboeuf. Les habitants ont refusé le texte à 98,3 pour cent. Le refus de l'initiative ""Pas de Suisse à 10 millions!» est plus fort que celui observé pour l'initiative ""pour une immigration modérée» en 2020. La proportion de non à Vuiteboeuf était alors de 70,7 pour cent."
5785,19.8,19.8,80.2,"Corcelles-le-Jorat (VD)","Les habitants de Corcelles-le-Jorat s'opposent à l'initiative ""Pas de Suisse à 10 millions!» par 80,2 pour cent des voix. Le refus de l'initiative ""Pas de Suisse à 10 millions!» est plus fort que celui observé pour l'initiative ""pour une immigration modérée» en 2020. La proportion de non à Corcelles-le-Jorat était alors de 64,4 pour cent."
5790,89.6,89.6,10.4,"Maracon (VD)","Les habitants de Maracon soutiennent à 89,6 pour cent l'initiative ""Pas de Suisse à 10 millions!». Avec ce résultat, Maracon bascule dans le camp du oui. En 2020, la commune avait rejeté l'initiative ""pour une immigration modérée» avec 64,5 pour cent des voix."
5792,75.5,75.5,24.5,"Montpreveyres (VD)","La population de Montpreveyres approuve à 75,5 pour cent l'initiative ""Pas de Suisse à 10 millions!». Avec ce résultat, Montpreveyres bascule dans le camp du oui. En 2020, la commune avait rejeté l'initiative ""pour une immigration modérée» avec 71 pour cent des voix."
5798,75.2,75.2,24.8,"Ropraz (VD)","La population de Ropraz approuve à 75,2 pour cent l'initiative ""Pas de Suisse à 10 millions!». Avec ce résultat, Ropraz bascule dans le camp du oui. En 2020, la commune avait rejeté l'initiative ""pour une immigration modérée» avec 64,6 pour cent des voix."
5799,31.3,31.3,68.7,"Servion (VD)","Les habitants de Servion s'opposent à l'initiative ""Pas de Suisse à 10 millions!» par 68,7 pour cent des voix. Le rejet de l'initiative est toutefois moins marqué que celui enregistré lors de la votation sur l'initiative ""pour une immigration modérée» en 2020. Les habitants de Servion avaient alors dit non à 73,5 pour cent."
5803,59.6,59.6,40.4,"Vulliens (VD)","L'initiative ""Pas de Suisse à 10 millions!» est approuvée à Vulliens par 59,6 pour cent des votants. Avec ce résultat, Vulliens bascule dans le camp du oui. En 2020, la commune avait rejeté l'initiative ""pour une immigration modérée» avec 59,2 pour cent des voix."
5804,80.9,80.9,19.1,"Jorat-Menthue (VD)","Les habitants de Jorat-Menthue soutiennent à 80,9 pour cent l'initiative ""Pas de Suisse à 10 millions!». Avec ce résultat, Jorat-Menthue bascule dans le camp du oui. En 2020, la commune avait rejeté l'initiative ""pour une immigration modérée» avec 63,9 pour cent des voix."
5805,49.2,49.2,50.8,"Oron (VD)","Les habitants d'Oron s'opposent à l'initiative ""Pas de Suisse à 10 millions!» par 50,8 pour cent des voix. Le rejet de l'initiative est toutefois moins marqué que celui enregistré lors de la votation sur l'initiative ""pour une immigration modérée» en 2020. Les habitants d'Oron avaient alors dit non à 64,5 pour cent."
5806,36.3,36.3,63.7,"Jorat-Mézières (VD)","L'initiative ""Pas de Suisse à 10 millions!» n'a pas convaincu à Jorat-Mézières. Les citoyens de la commune ont refusé le texte à 63,7 pour cent. Le rejet de l'initiative est toutefois moins marqué que celui enregistré lors de la votation sur l'initiative ""pour une immigration modérée» en 2020. Les habitants de Jorat-Mézières avaient alors dit non à 68,1 pour cent."
5812,21.9,21.9,78.1,"Champtauroz (VD)","La population de Champtauroz rejette à 78,1 pour cent des voix l'initiative ""Pas de Suisse à 10 millions!». Le refus de l'initiative ""Pas de Suisse à 10 millions!» est plus fort que celui observé pour l'initiative ""pour une immigration modérée» en 2020. La proportion de non à Champtauroz était alors de 61,9 pour cent."
5813,56.2,56.2,43.8,"Chevroux (VD)","Les habitants de Chevroux acceptent à 56,2 pour cent l'initiative ""Pas de Suisse à 10 millions!». Avec ce résultat, Chevroux bascule dans le camp du oui. En 2020, la commune avait rejeté l'initiative ""pour une immigration modérée» avec 58,1 pour cent des voix."
5816,35.5,35.5,64.5,"Corcelles-près-Payerne (VD)","L'initiative ""Pas de Suisse à 10 millions!» n'a pas convaincu à Corcelles-près-Payerne. Les citoyens de la commune ont refusé le texte à 64,5 pour cent. Le refus de l'initiative ""Pas de Suisse à 10 millions!» est plus fort que celui observé pour l'initiative ""pour une immigration modérée» en 2020. La proportion de non à Corcelles-près-Payerne était alors de 59 pour cent."
5817,84,84,16,"Grandcour (VD)","L'initiative ""Pas de Suisse à 10 millions!» passe la rampe avec 84 pour cent de oui à Grandcour. Avec ce résultat, Grandcour bascule dans le camp du oui. En 2020, la commune avait rejeté l'initiative ""pour une immigration modérée» avec 60,4 pour cent des voix."
5819,19.5,19.5,80.5,"Henniez (VD)","La population d'Henniez rejette à 80,5 pour cent des voix l'initiative ""Pas de Suisse à 10 millions!». Le refus de l'initiative ""Pas de Suisse à 10 millions!» est plus fort que celui observé pour l'initiative ""pour une immigration modérée» en 2020. La proportion de non à Henniez était alors de 57 pour cent."
5821,58.1,58.1,41.9,"Missy (VD)","Les habitants de Missy soutiennent à 58,1 pour cent l'initiative ""Pas de Suisse à 10 millions!». Avec ce résultat, Missy bascule dans le camp du oui. En 2020, la commune avait rejeté l'initiative ""pour une immigration modérée» avec 61,1 pour cent des voix."
5822,1.2,1.2,98.8,"Payerne (VD)","L'initiative ""Pas de Suisse à 10 millions!» est refusée à 98,8 pour cent à Payerne. Le refus de l'initiative ""Pas de Suisse à 10 millions!» est plus fort que celui observé pour l'initiative ""pour une immigration modérée» en 2020. La proportion de non à Payerne était alors de 63,2 pour cent."
5827,30.9,30.9,69.1,"Trey (VD)","A Trey, les citoyens rejettent à 69,1 pour cent l'initiative ""Pas de Suisse à 10 millions!». Le refus de l'initiative ""Pas de Suisse à 10 millions!» est plus fort que celui observé pour l'initiative ""pour une immigration modérée» en 2020. La proportion de non à Trey était alors de 55,5 pour cent."
5828,18.7,18.7,81.3,"Treytorrens (Payerne) (VD)","L'initiative ""Pas de Suisse à 10 millions!» est refusée à 81,3 pour cent à Treytorrens (Payerne). Le refus de l'initiative ""Pas de Suisse à 10 millions!» est plus fort que celui observé pour l'initiative ""pour une immigration modérée» en 2020. La proportion de non à Treytorrens (Payerne) était alors de 52,6 pour cent."
5830,48.7,48.7,51.3,"Villarzel (VD)","L'initiative ""Pas de Suisse à 10 millions!» est refusée à 51,3 pour cent à Villarzel. Le rejet de l'initiative est toutefois moins marqué que celui enregistré lors de la votation sur l'initiative ""pour une immigration modérée» en 2020. Les habitants de Villarzel avaient alors dit non à 58,2 pour cent."
5831,4.1,4.1,95.9,"Valbroye (VD)","Les habitants de Valbroye s'opposent à l'initiative ""Pas de Suisse à 10 millions!» par 95,9 pour cent des voix. Le refus de l'initiative ""Pas de Suisse à 10 millions!» est plus fort que celui observé pour l'initiative ""pour une immigration modérée» en 2020. La proportion de non à Valbroye était alors de 54,5 pour cent."
5841,37.2,37.2,62.8,"Château-d'Oex (VD)","L'initiative ""Pas de Suisse à 10 millions!» est refusée à 62,8 pour cent à Château-d'Oex. Le refus de l'initiative ""Pas de Suisse à 10 millions!» est plus fort que celui observé pour l'initiative ""pour une immigration modérée» en 2020. La proportion de non à Château-d'Oex était alors de 57,8 pour cent."
5842,11.9,11.9,88.1,"Rossinière (VD)","Les habitants de Rossinière s'opposent à l'initiative ""Pas de Suisse à 10 millions!» par 88,1 pour cent des voix. Le refus de l'initiative ""Pas de Suisse à 10 millions!» est plus fort que celui observé pour l'initiative ""pour une immigration modérée» en 2020. La proportion de non à Rossinière était alors de 56,7 pour cent."
5843,78.1,78.1,21.9,"Rougemont (VD)","A Rougemont, les habitants disent oui à 78,1 pour cent à l'initiative ""Pas de Suisse à 10 millions!». Avec ce résultat, Rougemont bascule dans le camp du oui. En 2020, la commune avait rejeté l'initiative ""pour une immigration modérée» avec 55,1 pour cent des voix."
5851,8.4,8.4,91.6,"Allaman (VD)","L'initiative ""Pas de Suisse à 10 millions!» n'a pas convaincu à Allaman. Les citoyens de la commune ont refusé le texte à 91,6 pour cent. Le refus de l'initiative ""Pas de Suisse à 10 millions!» est plus fort que celui observé pour l'initiative ""pour une immigration modérée» en 2020. La proportion de non à Allaman était alors de 69,1 pour cent."
5852,84.3,84.3,15.7,"Bursinel (VD)","L'initiative ""Pas de Suisse à 10 millions!» est approuvée à Bursinel par 84,3 pour cent des votants. Avec ce résultat, Bursinel bascule dans le camp du oui. En 2020, la commune avait rejeté l'initiative ""pour une immigration modérée» avec 74,7 pour cent des voix."
5853,67.1,67.1,32.9,"Bursins (VD)","Les habitants de Bursins acceptent à 67,1 pour cent l'initiative ""Pas de Suisse à 10 millions!». Avec ce résultat, Bursins bascule dans le camp du oui. En 2020, la commune avait rejeté l'initiative ""pour une immigration modérée» avec 74,8 pour cent des voix."
5854,79.9,79.9,20.1,"Burtigny (VD)","Les habitants de Burtigny soutiennent à 79,9 pour cent l'initiative ""Pas de Suisse à 10 millions!». Avec ce résultat, Burtigny bascule dans le camp du oui. En 2020, la commune avait rejeté l'initiative ""pour une immigration modérée» avec 62,1 pour cent des voix."
5855,42.7,42.7,57.3,"Dully (VD)","A Dully, les citoyens rejettent à 57,3 pour cent l'initiative ""Pas de Suisse à 10 millions!». Le rejet de l'initiative est toutefois moins marqué que celui enregistré lors de la votation sur l'initiative ""pour une immigration modérée» en 2020. Les habitants de Dully avaient alors dit non à 73,7 pour cent."
5856,67.5,67.5,32.5,"Essertines-sur-Rolle (VD)","L'initiative ""Pas de Suisse à 10 millions!» passe la rampe avec 67,5 pour cent de oui à Essertines-sur-Rolle. Avec ce résultat, Essertines-sur-Rolle bascule dans le camp du oui. En 2020, la commune avait rejeté l'initiative ""pour une immigration modérée» avec 76,9 pour cent des voix."
5857,67.2,67.2,32.8,"Gilly (VD)","Gilly dit oui à 67,2 pour cent à l'initiative ""Pas de Suisse à 10 millions!». Avec ce résultat, Gilly bascule dans le camp du oui. En 2020, la commune avait rejeté l'initiative ""pour une immigration modérée» avec 68,5 pour cent des voix."
5858,76.1,76.1,23.9,"Luins (VD)","A Luins, les habitants disent oui à 76,1 pour cent à l'initiative ""Pas de Suisse à 10 millions!». Avec ce résultat, Luins bascule dans le camp du oui. En 2020, la commune avait rejeté l'initiative ""pour une immigration modérée» avec 62,8 pour cent des voix."
5859,65.1,65.1,34.9,"Mont-sur-Rolle (VD)","La population de Mont-sur-Rolle approuve à 65,1 pour cent l'initiative ""Pas de Suisse à 10 millions!». Avec ce résultat, Mont-sur-Rolle bascule dans le camp du oui. En 2020, la commune avait rejeté l'initiative ""pour une immigration modérée» avec 70,2 pour cent des voix."
5860,50.9,50.9,49.1,"Perroy (VD)","Les habitants de Perroy acceptent à 50,9 pour cent l'initiative ""Pas de Suisse à 10 millions!». Avec ce résultat, Perroy bascule dans le camp du oui. En 2020, la commune avait rejeté l'initiative ""pour une immigration modérée» avec 67,7 pour cent des voix."
5861,71.4,71.4,28.6,"Rolle (VD)","Les habitants de Rolle soutiennent à 71,4 pour cent l'initiative ""Pas de Suisse à 10 millions!». Avec ce résultat, Rolle bascule dans le camp du oui. En 2020, la commune avait rejeté l'initiative ""pour une immigration modérée» avec 75,5 pour cent des voix."
5862,94.5,94.5,5.5,"Tartegnin (VD)","L'initiative ""Pas de Suisse à 10 millions!» passe la rampe avec 94,5 pour cent de oui à Tartegnin. Avec ce résultat, Tartegnin bascule dans le camp du oui. En 2020, la commune avait rejeté l'initiative ""pour une immigration modérée» avec 67 pour cent des voix."
5863,95.1,95.1,4.9,"Vinzel (VD)","La population de Vinzel approuve à 95,1 pour cent l'initiative ""Pas de Suisse à 10 millions!». Avec ce résultat, Vinzel bascule dans le camp du oui. En 2020, la commune avait rejeté l'initiative ""pour une immigration modérée» avec 77,4 pour cent des voix."
5871,23.8,23.8,76.2,"L'Abbaye (VD)","L'initiative ""Pas de Suisse à 10 millions!» est refusée à 76,2 pour cent à L'Abbaye. Le refus de l'initiative ""Pas de Suisse à 10 millions!» est plus fort que celui observé pour l'initiative ""pour une immigration modérée» en 2020. La proportion de non à L'Abbaye était alors de 64,8 pour cent."
5872,71.2,71.2,28.8,"Le Chenit (VD)","L'initiative ""Pas de Suisse à 10 millions!» passe la rampe avec 71,2 pour cent de oui au Chenit. Avec ce résultat, Le Chenit bascule dans le camp du oui. En 2020, la commune avait rejeté l'initiative ""pour une immigration modérée» avec 62,1 pour cent des voix."
5873,87.3,87.3,12.7,"Le Lieu (VD)","L'initiative ""Pas de Suisse à 10 millions!» passe la rampe avec 87,3 pour cent de oui au Lieu. Avec ce résultat, Le Lieu bascule dans le camp du oui. En 2020, la commune avait rejeté l'initiative ""pour une immigration modérée» avec 68,5 pour cent des voix."
5882,93,93,7,"Chardonne (VD)","La population de Chardonne approuve à 93 pour cent l'initiative ""Pas de Suisse à 10 millions!». Avec ce résultat, Chardonne bascule dans le camp du oui. En 2020, la commune avait rejeté l'initiative ""pour une immigration modérée» avec 75,4 pour cent des voix."
5883,48.8,48.8,51.2,"Corseaux (VD)","Les habitants de Corseaux s'opposent à l'initiative ""Pas de Suisse à 10 millions!» par 51,2 pour cent des voix. Le rejet de l'initiative est toutefois moins marqué que celui enregistré lors de la votation sur l'initiative ""pour une immigration modérée» en 2020. Les habitants de Corseaux avaient alors dit non à 71,2 pour cent."
5884,55.5,55.5,44.5,"Corsier-sur-Vevey (VD)","Corsier-sur-Vevey dit oui à 55,5 pour cent à l'initiative ""Pas de Suisse à 10 millions!». Avec ce résultat, Corsier-sur-Vevey bascule dans le camp du oui. En 2020, la commune avait rejeté l'initiative ""pour une immigration modérée» avec 70,2 pour cent des voix."
5885,37.9,37.9,62.1,"Jongny (VD)","A Jongny, les citoyens rejettent à 62,1 pour cent l'initiative ""Pas de Suisse à 10 millions!». Le rejet de l'initiative est toutefois moins marqué que celui enregistré lors de la votation sur l'initiative ""pour une immigration modérée» en 2020. Les habitants de Jongny avaient alors dit non à 74,1 pour cent."
5886,75.3,75.3,24.7,"Montreux (VD)","L'initiative ""Pas de Suisse à 10 millions!» passe la rampe avec 75,3 pour cent de oui à Montreux. Avec ce résultat, Montreux bascule dans le camp du oui. En 2020, la commune avait rejeté l'initiative ""pour une immigration modérée» avec 67 pour cent des voix."
5889,21.1,21.1,78.9,"La Tour-de-Peilz (VD)","L'initiative ""Pas de Suisse à 10 millions!» est refusée à 78,9 pour cent à La Tour-de-Peilz. Le refus de l'initiative ""Pas de Suisse à 10 millions!» est plus fort que celui observé pour l'initiative ""pour une immigration modérée» en 2020. La proportion de non à La Tour-de-Peilz était alors de 74,8 pour cent."
5890,25.1,25.1,74.9,"Vevey (VD)","Les habitants de Vevey s'opposent à l'initiative ""Pas de Suisse à 10 millions!» par 74,9 pour cent des voix. Le rejet de l'initiative est toutefois moins marqué que celui enregistré lors de la votation sur l'initiative ""pour une immigration modérée» en 2020. Les habitants de Vevey avaient alors dit non à 76,6 pour cent."
5891,49.7,49.7,50.3,"Veytaux (VD)","La population de Veytaux rejette à 50,3 pour cent des voix l'initiative ""Pas de Suisse à 10 millions!». Le rejet de l'initiative est toutefois moins marqué que celui enregistré lors de la votation sur l'initiative ""pour une immigration modérée» en 2020. Les habitants de Veytaux avaient alors dit non à 69 pour cent."
5892,28.7,28.7,71.3,"Blonay-Saint-Légier (VD)","Les habitants de Blonay-Saint-Légier s'opposent à l'initiative ""Pas de Suisse à 10 millions!» par 71,3 pour cent des voix. Le rejet de l'initiative est toutefois moins marqué que celui enregistré lors de la votation sur l'initiative ""pour une immigration modérée» en 2020. Les habitants de Blonay-Saint-Légier avaient alors dit non à 73,9 pour cent."
5902,8.1,8.1,91.9,"Belmont-sur-Yverdon (VD)","Les habitants de Belmont-sur-Yverdon s'opposent à l'initiative ""Pas de Suisse à 10 millions!» par 91,9 pour cent des voix. Le refus de l'initiative ""Pas de Suisse à 10 millions!» est plus fort que celui observé pour l'initiative ""pour une immigration modérée» en 2020. La proportion de non à Belmont-sur-Yverdon était alors de 62 pour cent."
5903,80.7,80.7,19.3,"Bioley-Magnoux (VD)","A Bioley-Magnoux, les habitants disent oui à 80,7 pour cent à l'initiative ""Pas de Suisse à 10 millions!». Avec ce résultat, Bioley-Magnoux bascule dans le camp du oui. En 2020, la commune avait rejeté l'initiative ""pour une immigration modérée» avec 55,5 pour cent des voix."
5904,18.5,18.5,81.5,"Chamblon (VD)","La population de Chamblon rejette à 81,5 pour cent des voix l'initiative ""Pas de Suisse à 10 millions!». Le refus de l'initiative ""Pas de Suisse à 10 millions!» est plus fort que celui observé pour l'initiative ""pour une immigration modérée» en 2020. La proportion de non à Chamblon était alors de 72,9 pour cent."
5905,91.3,91.3,8.7,"Champvent (VD)","Les habitants de Champvent soutiennent à 91,3 pour cent l'initiative ""Pas de Suisse à 10 millions!». Avec ce résultat, Champvent bascule dans le camp du oui. En 2020, la commune avait rejeté l'initiative ""pour une immigration modérée» avec 66 pour cent des voix."
5907,81.6,81.6,18.4,"Chavannes-le-Chêne (VD)","La population de Chavannes-le-Chêne approuve à 81,6 pour cent l'initiative ""Pas de Suisse à 10 millions!». Avec ce résultat, Chavannes-le-Chêne bascule dans le camp du oui. En 2020, la commune avait rejeté l'initiative ""pour une immigration modérée» avec 58,3 pour cent des voix."
5908,52.3,52.3,47.7,"Chêne-Pâquier (VD)","Les habitants de Chêne-Pâquier soutiennent à 52,3 pour cent l'initiative ""Pas de Suisse à 10 millions!». Avec ce résultat, Chêne-Pâquier bascule dans le camp du oui. En 2020, la commune avait rejeté l'initiative ""pour une immigration modérée» avec 64,7 pour cent des voix."
5909,40.2,40.2,59.8,"Cheseaux-Noréaz (VD)","Les habitants de Cheseaux-Noréaz s'opposent à l'initiative ""Pas de Suisse à 10 millions!» par 59,8 pour cent des voix. Le rejet de l'initiative est toutefois moins marqué que celui enregistré lors de la votation sur l'initiative ""pour une immigration modérée» en 2020. Les habitants de Cheseaux-Noréaz avaient alors dit non à 73,5 pour cent."
5910,44.3,44.3,55.7,"Cronay (VD)","A Cronay, les citoyens rejettent à 55,7 pour cent l'initiative ""Pas de Suisse à 10 millions!». Le rejet de l'initiative est toutefois moins marqué que celui enregistré lors de la votation sur l'initiative ""pour une immigration modérée» en 2020. Les habitants de Cronay avaient alors dit non à 70,2 pour cent."
5911,60.7,60.7,39.3,"Cuarny (VD)","Cuarny dit oui à 60,7 pour cent à l'initiative ""Pas de Suisse à 10 millions!». Le soutien à l'initiative ""Pas de Suisse à 10 millions!» a augmenté à Cuarny par rapport à l'initiative ""pour une immigration modérée» soumise au vote en 2020. Lors de cette votation, 52,2 pour cent des habitants de la commune avaient accepté ce texte."
5912,91.9,91.9,8.1,"Démoret (VD)","Les habitants de Démoret acceptent à 91,9 pour cent l'initiative ""Pas de Suisse à 10 millions!». Avec ce résultat, Démoret bascule dans le camp du oui. En 2020, la commune avait rejeté l'initiative ""pour une immigration modérée» avec 59,3 pour cent des voix."
5913,34.2,34.2,65.8,"Donneloye (VD)","L'initiative ""Pas de Suisse à 10 millions!» n'a pas trouvé grâce aux yeux des citoyens de Donneloye. Ils ont refusé le texte à 65,8 pour cent. Le refus de l'initiative ""Pas de Suisse à 10 millions!» est plus fort que celui observé pour l'initiative ""pour une immigration modérée» en 2020. La proportion de non à Donneloye était alors de 63,2 pour cent."
5914,62.2,62.2,37.8,"Ependes (VD)","L'initiative ""Pas de Suisse à 10 millions!» passe la rampe avec 62,2 pour cent de oui à Ependes (VD). Avec ce résultat, Ependes (VD) bascule dans le camp du oui. En 2020, la commune avait rejeté l'initiative ""pour une immigration modérée» avec 56,8 pour cent des voix."
5919,71.4,71.4,28.6,"Mathod (VD)","L'initiative ""Pas de Suisse à 10 millions!» passe la rampe avec 71,4 pour cent de oui à Mathod. Avec ce résultat, Mathod bascule dans le camp du oui. En 2020, la commune avait rejeté l'initiative ""pour une immigration modérée» avec 64,8 pour cent des voix."
5921,27.4,27.4,72.6,"Molondin (VD)","A Molondin, les citoyens rejettent à 72,6 pour cent l'initiative ""Pas de Suisse à 10 millions!». Le refus de l'initiative ""Pas de Suisse à 10 millions!» est plus fort que celui observé pour l'initiative ""pour une immigration modérée» en 2020. La proportion de non à Molondin était alors de 62,7 pour cent."
5922,73.9,73.9,26.1,"Montagny-près-Yverdon (VD)","Montagny-près-Yverdon dit oui à 73,9 pour cent à l'initiative ""Pas de Suisse à 10 millions!». Avec ce résultat, Montagny-près-Yverdon bascule dans le camp du oui. En 2020, la commune avait rejeté l'initiative ""pour une immigration modérée» avec 68,1 pour cent des voix."
5923,37.6,37.6,62.4,"Oppens (VD)","Les habitants d'Oppens s'opposent à l'initiative ""Pas de Suisse à 10 millions!» par 62,4 pour cent des voix. Le refus de l'initiative ""Pas de Suisse à 10 millions!» est plus fort que celui observé pour l'initiative ""pour une immigration modérée» en 2020. La proportion de non à Oppens était alors de 57,5 pour cent."
5924,89.4,89.4,10.6,"Orges (VD)","L'initiative ""Pas de Suisse à 10 millions!» passe la rampe avec 89,4 pour cent de oui à Orges. Avec ce résultat, Orges bascule dans le camp du oui. En 2020, la commune avait rejeté l'initiative ""pour une immigration modérée» avec 61,1 pour cent des voix."
5925,28.7,28.7,71.3,"Orzens (VD)","A Orzens, les citoyens rejettent à 71,3 pour cent l'initiative ""Pas de Suisse à 10 millions!». Le refus de l'initiative ""Pas de Suisse à 10 millions!» est plus fort que celui observé pour l'initiative ""pour une immigration modérée» en 2020. La proportion de non à Orzens était alors de 56,3 pour cent."
5926,52,52,48,"Pomy (VD)","L'initiative ""Pas de Suisse à 10 millions!» passe la rampe avec 52 pour cent de oui à Pomy. Avec ce résultat, Pomy bascule dans le camp du oui. En 2020, la commune avait rejeté l'initiative ""pour une immigration modérée» avec 64,9 pour cent des voix."
5928,38.4,38.4,61.6,"Rovray (VD)","L'initiative ""Pas de Suisse à 10 millions!» n'a pas convaincu à Rovray. Les citoyens de la commune ont refusé le texte à 61,6 pour cent. En cinq ans, la commune a ainsi changé de camp sur la question de la limitation de l'immigration. Rovray avait rejeté l'initiative ""pour une immigration modérée» à 40,4 pour cent en 2020."
5929,70.6,70.6,29.4,"Suchy (VD)","L'initiative ""Pas de Suisse à 10 millions!» est approuvée à Suchy par 70,6 pour cent des votants. Avec ce résultat, Suchy bascule dans le camp du oui. En 2020, la commune avait rejeté l'initiative ""pour une immigration modérée» avec 70,4 pour cent des voix."
5930,61.2,61.2,38.8,"Suscévaz (VD)","Suscévaz dit oui à 61,2 pour cent à l'initiative ""Pas de Suisse à 10 millions!». Avec ce résultat, Suscévaz bascule dans le camp du oui. En 2020, la commune avait rejeté l'initiative ""pour une immigration modérée» avec 66,7 pour cent des voix."
5931,54.1,54.1,45.9,"Treycovagnes (VD)","Treycovagnes dit oui à 54,1 pour cent à l'initiative ""Pas de Suisse à 10 millions!». Avec ce résultat, Treycovagnes bascule dans le camp du oui. En 2020, la commune avait rejeté l'initiative ""pour une immigration modérée» avec 69,3 pour cent des voix."
5932,47.8,47.8,52.2,"Ursins (VD)","C'est non à l'initiative ""Pas de Suisse à 10 millions!» à Ursins. Les habitants ont refusé le texte à 52,2 pour cent. Le rejet de l'initiative est toutefois moins marqué que celui enregistré lors de la votation sur l'initiative ""pour une immigration modérée» en 2020. Les habitants d'Ursins avaient alors dit non à 68,9 pour cent."
5933,16.2,16.2,83.8,"Valeyres-sous-Montagny (VD)","L'initiative ""Pas de Suisse à 10 millions!» n'a pas trouvé grâce aux yeux des citoyens de Valeyres-sous-Montagny. Ils ont refusé le texte à 83,8 pour cent. Le refus de l'initiative ""Pas de Suisse à 10 millions!» est plus fort que celui observé pour l'initiative ""pour une immigration modérée» en 2020. La proportion de non à Valeyres-sous-Montagny était alors de 69,4 pour cent."
5934,39.9,39.9,60.1,"Valeyres-sous-Ursins (VD)","La population de Valeyres-sous-Ursins rejette à 60,1 pour cent des voix l'initiative ""Pas de Suisse à 10 millions!». Le rejet de l'initiative est toutefois moins marqué que celui enregistré lors de la votation sur l'initiative ""pour une immigration modérée» en 2020. Les habitants de Valeyres-sous-Ursins avaient alors dit non à 61,7 pour cent."
5935,57.6,57.6,42.4,"Villars-Epeney (VD)","La population de Villars-Epeney approuve à 57,6 pour cent l'initiative ""Pas de Suisse à 10 millions!». Avec ce résultat, Villars-Epeney bascule dans le camp du oui. En 2020, la commune avait rejeté l'initiative ""pour une immigration modérée» avec 58,6 pour cent des voix."
5937,61.6,61.6,38.4,"Vugelles-La Mothe (VD)","L'initiative ""Pas de Suisse à 10 millions!» passe la rampe avec 61,6 pour cent de oui à Vugelles-La Mothe. Avec ce résultat, Vugelles-La Mothe bascule dans le camp du oui. En 2020, la commune avait rejeté l'initiative ""pour une immigration modérée» avec 65,6 pour cent des voix."
5938,62.4,62.4,37.6,"Yverdon-les-Bains (VD)","L'initiative ""Pas de Suisse à 10 millions!» passe la rampe avec 62,4 pour cent de oui à Yverdon-les-Bains. Avec ce résultat, Yverdon-les-Bains bascule dans le camp du oui. En 2020, la commune avait rejeté l'initiative ""pour une immigration modérée» avec 69,6 pour cent des voix."
5939,41.2,41.2,58.8,"Yvonand (VD)","C'est non à l'initiative ""Pas de Suisse à 10 millions!» à Yvonand. Les habitants ont refusé le texte à 58,8 pour cent. Le rejet de l'initiative est toutefois moins marqué que celui enregistré lors de la votation sur l'initiative ""pour une immigration modérée» en 2020. Les habitants d'Yvonand avaient alors dit non à 69,3 pour cent."
