"ID","Gemeinde_color","Ja_Stimmen_In_Prozent","Nein_Stimmen_In_Prozent","Gemeinde_fr","Text_fr"
5401,84.5,84.5,15.5,"Aigle (VD)","Les citoyens d'Aigle disent oui à 63,8 à l'initiative demandant de fixer le salaire minimum à 23,6 francs de l'heure. Ils s'opposent par contre au contre-projet du Conseil d'Etat qui fixe le salaire minimum à 23 francs de l'heure et donne la priorité à une éventuelle convention collective de travail, avec 57,8 pour cent de non."
5402,22.5,22.5,77.5,"Bex (VD)","Les citoyens de Bex ne veulent ni d'un salaire minimum fixé à 23,6 francs de l'heure, ni du contre-projet fixant le salaire minimum à 23 francs de l'heure avec priorité aux conventions collectives de travail. Ils ont refusé l'initiative avec 65,5 pour cent de non et le contre-projet avec 94,5 pour cent de non."
5403,75.7,75.7,24.3,"Chessel (VD)","Non à 52,1 pour cent à l'initiative qui demande un salaire minimum de 23,6 francs de l'heure, et non aussi à 56,3 pour cent au contre-projet qui fixe le salaire minimum à 23 francs de l'heure tout en donnant la priorité aux conventions collectives de travail. Les citoyens de Chessel ont refusé les deux propositions."
5404,63,63,37,"Corbeyrier (VD)","C'est oui à 62,1 pour cent à Corbeyrier au contre-projet qui fixe le salaire minimum à 23 francs de l'heure et prévoit la primauté d'une éventuelle convention collective de travail. C'est non par contre à 60,8 pour cent à l'initiative qui demande un salaire minimum de 23,6 francs de l'heure."
5405,18,18,82,"Gryon (VD)","Oui à 88,2 pour cent au contre-projet fixant le salaire minimum à 23 francs de l'heure et prévoyant la primauté d'une éventuelle convention collective de travail. Et oui aussi à 78 pour cent à l'initiative qui exige un salaire minimum de 23,6 francs de l'heure. Invités à trancher entre ces deux propositions, les habitants de Gryon ont opté pour le contre-projet avec 82 pour cent de oui."
5406,18,18,82,"Lavey-Morcles (VD)","Ni l'initiative, ni le contre-projet ne trouvent grâce aux yeux des citoyens de Lavey-Morcles. Ils refusent avec 69,7 pour cent de non l'initiative fixant le salaire minimum à 23,6 francs de l'heure. Ils s'opposent aussi au contre-projet (64,3 pour cent de non), qui fixe le salaire minimum à 23 francs de l'heure et prévoit la primauté d'une éventuelle convention collective de travail."
5407,4.2,4.2,95.8,"Leysin (VD)","C'est oui à Leysin à 85,8 pour cent à l'initiative qui demande de fixer le salaire minimum à 23,6 francs de l'heure. C'est non par contre à 95,4 pour cent au contre-projet du Conseil d'Etat qui prévoit un salaire minimum de 23 francs de l'heure et la primauté d'une éventuelle convention collective de travail."
5408,1.5,1.5,98.5,"Noville (VD)","Oui à 85,9 pour cent au contre-projet fixant le salaire minimum à 23 francs de l'heure et prévoyant la primauté d'une éventuelle convention collective de travail. Et oui aussi à 50,3 pour cent à l'initiative qui exige un salaire minimum de 23,6 francs de l'heure. Invités à trancher entre ces deux propositions, les habitants de Noville ont opté pour le contre-projet avec 98,5 pour cent de oui."
5409,65.9,65.9,34.1,"Ollon (VD)","Les ayants droit d'Ollon ont tranché: ils sont favorables à l'initiative qui demande de fixer le salaire minimum à 23,6 francs de l'heure. Les citoyens ont dit oui à 56,2. Ils acceptent aussi le contre-projet du gouvernement avec 56,1 pour cent de oui. Cette proposition fixe le salaire minimum à 23 francs de l'heure tout en donnant la priorité à une éventuelle convention collective de travail. Invités à choisir, les habitants d'Ollon tranchent toutefois en faveur de l'initiative avec 65,9 pour cent de oui."
5410,62.8,62.8,37.2,"Ormont-Dessous (VD)","Les citoyens d'Ormont-Dessous acceptent avec 54,5 pour cent de oui le contre-projet qui fixe le salaire minimum à 23 francs de l'heure et prévoit la primauté d'une éventuelle convention collective de travail. Ils s'opposent par contre à l'initiative qui demande un salaire minimum de 23,6 francs de l'heure (non à 65 pour cent)."
5411,33.4,33.4,66.6,"Ormont-Dessus (VD)","Les citoyens d'Ormont-Dessus ont tranché en faveur du contre-projet du Conseil d'Etat qui fixe le salaire minimum à 23 francs de l'heure et prévoit la primauté d'une éventuelle convention collective de travail (66,6 pour cent de oui). Ils ont préféré cette proposition avec 60,2 pour cent de oui. Ils ont toutefois également approuvé avec 63,3 pour cent de oui l'initiative demandant un salaire minimum de 23,6 francs de l'heure."
5412,52.7,52.7,47.3,"Rennaz (VD)","Les citoyens de Rennaz disent oui à 89,4 au contre-projet qui fixe le salaire minimum à 23 francs de l'heure et donne la priorité à une éventuelle convention collective de travail. Ils refusent par contre l'initiative qui demande un salaire minimum de 23,6 francs de l'heure (non à 76 pour cent)."
5413,44.7,44.7,55.3,"Roche (VD)","Ni l'initiative, ni le contre-projet ne trouvent grâce aux yeux des citoyens de Roche (VD). Ils refusent avec 62,3 pour cent de non l'initiative fixant le salaire minimum à 23,6 francs de l'heure. Ils s'opposent aussi au contre-projet (86,9 pour cent de non), qui fixe le salaire minimum à 23 francs de l'heure et prévoit la primauté d'une éventuelle convention collective de travail."
5414,51.2,51.2,48.8,"Villeneuve (VD)","Ni l'initiative, ni le contre-projet ne trouvent grâce aux yeux des citoyens de Villeneuve (VD). Ils refusent avec 62,5 pour cent de non l'initiative fixant le salaire minimum à 23,6 francs de l'heure. Ils s'opposent aussi au contre-projet (50,9 pour cent de non), qui fixe le salaire minimum à 23 francs de l'heure et prévoit la primauté d'une éventuelle convention collective de travail."
5415,25.3,25.3,74.7,"Yvorne (VD)","Les citoyens d'Yvorne disent oui à 51,6 à l'initiative demandant de fixer le salaire minimum à 23,6 francs de l'heure. Ils s'opposent par contre au contre-projet du Conseil d'Etat qui fixe le salaire minimum à 23 francs de l'heure et donne la priorité à une éventuelle convention collective de travail, avec 73,4 pour cent de non."
5422,55.1,55.1,44.9,"Aubonne (VD)","Les citoyens d'Aubonne disent oui à 96,9 à l'initiative demandant de fixer le salaire minimum à 23,6 francs de l'heure. Ils s'opposent par contre au contre-projet du Conseil d'Etat qui fixe le salaire minimum à 23 francs de l'heure et donne la priorité à une éventuelle convention collective de travail, avec 51,2 pour cent de non."
5423,30.6,30.6,69.4,"Ballens (VD)","Ni l'initiative, ni le contre-projet ne trouvent grâce aux yeux des citoyens de Ballens. Ils refusent avec 92,2 pour cent de non l'initiative fixant le salaire minimum à 23,6 francs de l'heure. Ils s'opposent aussi au contre-projet (72,9 pour cent de non), qui fixe le salaire minimum à 23 francs de l'heure et prévoit la primauté d'une éventuelle convention collective de travail."
5424,93.8,93.8,6.2,"Berolle (VD)","Les citoyens de Berolle acceptent avec 83,5 pour cent de oui l'initiative exigeant un salaire minimum de 23,6 francs de l'heure. Ils refusent le contre-projet du Conseil d'Etat (72,5 pour cent de non), qui prévoit un salaire minimum de 23 francs de l'heure et la primauté d'une éventuelle convention collective de travail."
5425,39.3,39.3,60.7,"Bière (VD)","Non à 70 pour cent à l'initiative qui demande un salaire minimum de 23,6 francs de l'heure, et non aussi à 66,6 pour cent au contre-projet qui fixe le salaire minimum à 23 francs de l'heure tout en donnant la priorité aux conventions collectives de travail. Les citoyens de Bière ont refusé les deux propositions."
5426,51.1,51.1,48.9,"Bougy-Villars (VD)","Les citoyens de Bougy-Villars acceptent l'initiative qui vise à fixer le salaire minimum à 23,6 francs de l'heure. Ils sont 99,8 pour cent à approuver ce texte. Les ayants droit de Bougy-Villars ont également dit oui au contre-projet du Conseil d'Etat, qui fixe le salaire minimum à 23 francs de l'heure et prévoit qu'une éventuelle convention collective de travail prime sur ce minimum. Ils l'acceptent à 64,6 pour cent. Les électeurs donnent cependant leur préférence à l'initiative, avec 51,1 pour cent de oui."
5427,7.9,7.9,92.1,"Féchy (VD)","Ni l'initiative, ni le contre-projet ne trouvent grâce aux yeux des citoyens de Féchy. Ils refusent avec 56,7 pour cent de non l'initiative fixant le salaire minimum à 23,6 francs de l'heure. Ils s'opposent aussi au contre-projet (53,3 pour cent de non), qui fixe le salaire minimum à 23 francs de l'heure et prévoit la primauté d'une éventuelle convention collective de travail."
5428,54.3,54.3,45.7,"Gimel (VD)","Les citoyens de Gimel acceptent avec 97,6 pour cent de oui l'initiative exigeant un salaire minimum de 23,6 francs de l'heure. Ils refusent le contre-projet du Conseil d'Etat (50,9 pour cent de non), qui prévoit un salaire minimum de 23 francs de l'heure et la primauté d'une éventuelle convention collective de travail."
5429,55.4,55.4,44.6,"Longirod (VD)","Les citoyens de Longirod ne veulent ni d'un salaire minimum fixé à 23,6 francs de l'heure, ni du contre-projet fixant le salaire minimum à 23 francs de l'heure avec priorité aux conventions collectives de travail. Ils ont refusé l'initiative avec 72 pour cent de non et le contre-projet avec 86,5 pour cent de non."
5430,64.6,64.6,35.4,"Marchissy (VD)","C'est oui à Marchissy à 65 pour cent à l'initiative qui demande de fixer le salaire minimum à 23,6 francs de l'heure. C'est non par contre à 63,6 pour cent au contre-projet du Conseil d'Etat qui prévoit un salaire minimum de 23 francs de l'heure et la primauté d'une éventuelle convention collective de travail."
5431,54.4,54.4,45.6,"Mollens (VD)","Ni l'initiative, ni le contre-projet ne trouvent grâce aux yeux des citoyens de Mollens (VD). Ils refusent avec 68 pour cent de non l'initiative fixant le salaire minimum à 23,6 francs de l'heure. Ils s'opposent aussi au contre-projet (65,9 pour cent de non), qui fixe le salaire minimum à 23 francs de l'heure et prévoit la primauté d'une éventuelle convention collective de travail."
5434,73.8,73.8,26.2,"Saint-George (VD)","Ni l'initiative, ni le contre-projet ne trouvent grâce aux yeux des citoyens de Saint-George. Ils refusent avec 99,7 pour cent de non l'initiative fixant le salaire minimum à 23,6 francs de l'heure. Ils s'opposent aussi au contre-projet (96,5 pour cent de non), qui fixe le salaire minimum à 23 francs de l'heure et prévoit la primauté d'une éventuelle convention collective de travail."
5435,8.2,8.2,91.8,"Saint-Livres (VD)","Les citoyens de Saint-Livres ont tranché en faveur du contre-projet du Conseil d'Etat qui fixe le salaire minimum à 23 francs de l'heure et prévoit la primauté d'une éventuelle convention collective de travail (91,8 pour cent de oui). Ils ont préféré cette proposition avec 52,3 pour cent de oui. Ils ont toutefois également approuvé avec 88,2 pour cent de oui l'initiative demandant un salaire minimum de 23,6 francs de l'heure."
5436,53.4,53.4,46.6,"Saint-Oyens (VD)","Non à 81 pour cent à l'initiative qui demande un salaire minimum de 23,6 francs de l'heure, et non aussi à 56,9 pour cent au contre-projet qui fixe le salaire minimum à 23 francs de l'heure tout en donnant la priorité aux conventions collectives de travail. Les citoyens de Saint-Oyens ont refusé les deux propositions."
5437,37.2,37.2,62.8,"Saubraz (VD)","Les citoyens de Saubraz ont tranché en faveur du contre-projet du Conseil d'Etat qui fixe le salaire minimum à 23 francs de l'heure et prévoit la primauté d'une éventuelle convention collective de travail (62,8 pour cent de oui). Ils ont préféré cette proposition avec 72 pour cent de oui. Ils ont toutefois également approuvé avec 99,5 pour cent de oui l'initiative demandant un salaire minimum de 23,6 francs de l'heure."
5451,49.1,49.1,50.9,"Avenches (VD)","C'est oui à 96,6 pour cent à Avenches au contre-projet qui fixe le salaire minimum à 23 francs de l'heure et prévoit la primauté d'une éventuelle convention collective de travail. C'est non par contre à 70,2 pour cent à l'initiative qui demande un salaire minimum de 23,6 francs de l'heure."
5456,59.3,59.3,40.7,"Cudrefin (VD)","Les ayants droit de Cudrefin ont tranché: ils sont favorables à l'initiative qui demande de fixer le salaire minimum à 23,6 francs de l'heure. Les citoyens ont dit oui à 56,1. Ils acceptent aussi le contre-projet du gouvernement avec 73,5 pour cent de oui. Cette proposition fixe le salaire minimum à 23 francs de l'heure tout en donnant la priorité à une éventuelle convention collective de travail. Invités à choisir, les habitants de Cudrefin tranchent toutefois en faveur de l'initiative avec 59,3 pour cent de oui."
5458,55.7,55.7,44.3,"Faoug (VD)","Les citoyens de Faoug disent oui à 58,1 au contre-projet qui fixe le salaire minimum à 23 francs de l'heure et donne la priorité à une éventuelle convention collective de travail. Ils refusent par contre l'initiative qui demande un salaire minimum de 23,6 francs de l'heure (non à 50,8 pour cent)."
5464,40.7,40.7,59.3,"Vully-les-Lacs (VD)","Les citoyens de Vully-les-Lacs ont tranché en faveur du contre-projet du Conseil d'Etat qui fixe le salaire minimum à 23 francs de l'heure et prévoit la primauté d'une éventuelle convention collective de travail (59,3 pour cent de oui). Ils ont préféré cette proposition avec 68,7 pour cent de oui. Ils ont toutefois également approuvé avec 78,4 pour cent de oui l'initiative demandant un salaire minimum de 23,6 francs de l'heure."
5471,31.6,31.6,68.4,"Bettens (VD)","Ni l'initiative, ni le contre-projet ne trouvent grâce aux yeux des citoyens de Bettens. Ils refusent avec 76,2 pour cent de non l'initiative fixant le salaire minimum à 23,6 francs de l'heure. Ils s'opposent aussi au contre-projet (62,7 pour cent de non), qui fixe le salaire minimum à 23 francs de l'heure et prévoit la primauté d'une éventuelle convention collective de travail."
5472,78.5,78.5,21.5,"Bournens (VD)","Les citoyens de Bournens disent oui à 66 à l'initiative demandant de fixer le salaire minimum à 23,6 francs de l'heure. Ils s'opposent par contre au contre-projet du Conseil d'Etat qui fixe le salaire minimum à 23 francs de l'heure et donne la priorité à une éventuelle convention collective de travail, avec 58,1 pour cent de non."
5473,21.8,21.8,78.2,"Boussens (VD)","Les citoyens de Boussens acceptent avec 96,1 pour cent de oui le contre-projet qui fixe le salaire minimum à 23 francs de l'heure et prévoit la primauté d'une éventuelle convention collective de travail. Ils s'opposent par contre à l'initiative qui demande un salaire minimum de 23,6 francs de l'heure (non à 81,2 pour cent)."
5474,1.5,1.5,98.5,"La Chaux (Cossonay) (VD)","Les citoyens de La Chaux (Cossonay) acceptent avec 97,9 pour cent de oui le contre-projet qui fixe le salaire minimum à 23 francs de l'heure et prévoit la primauté d'une éventuelle convention collective de travail. Ils s'opposent par contre à l'initiative qui demande un salaire minimum de 23,6 francs de l'heure (non à 79,5 pour cent)."
5475,48.8,48.8,51.2,"Chavannes-le-Veyron (VD)","Les citoyens de Chavannes-le-Veyron acceptent avec 83,5 pour cent de oui l'initiative exigeant un salaire minimum de 23,6 francs de l'heure. Ils refusent le contre-projet du Conseil d'Etat (62,7 pour cent de non), qui prévoit un salaire minimum de 23 francs de l'heure et la primauté d'une éventuelle convention collective de travail."
5476,77.4,77.4,22.6,"Chevilly (VD)","Les citoyens de Chevilly disent oui à 96,1 à l'initiative demandant de fixer le salaire minimum à 23,6 francs de l'heure. Ils s'opposent par contre au contre-projet du Conseil d'Etat qui fixe le salaire minimum à 23 francs de l'heure et donne la priorité à une éventuelle convention collective de travail, avec 88,9 pour cent de non."
5477,67.2,67.2,32.8,"Cossonay (VD)","Les citoyens de Cossonay acceptent l'initiative qui vise à fixer le salaire minimum à 23,6 francs de l'heure. Ils sont 51,6 pour cent à approuver ce texte. Les ayants droit de Cossonay ont également dit oui au contre-projet du Conseil d'Etat, qui fixe le salaire minimum à 23 francs de l'heure et prévoit qu'une éventuelle convention collective de travail prime sur ce minimum. Ils l'acceptent à 53 pour cent. Les électeurs donnent cependant leur préférence à l'initiative, avec 67,2 pour cent de oui."
5479,3.6,3.6,96.4,"Cuarnens (VD)","Les citoyens de Cuarnens disent oui à 52,9 à l'initiative demandant de fixer le salaire minimum à 23,6 francs de l'heure. Ils s'opposent par contre au contre-projet du Conseil d'Etat qui fixe le salaire minimum à 23 francs de l'heure et donne la priorité à une éventuelle convention collective de travail, avec 55,9 pour cent de non."
5480,41.9,41.9,58.1,"Daillens (VD)","Oui à 52,1 pour cent au contre-projet fixant le salaire minimum à 23 francs de l'heure et prévoyant la primauté d'une éventuelle convention collective de travail. Et oui aussi à 89 pour cent à l'initiative qui exige un salaire minimum de 23,6 francs de l'heure. Invités à trancher entre ces deux propositions, les habitants de Daillens ont opté pour le contre-projet avec 58,1 pour cent de oui."
5481,41.7,41.7,58.3,"Dizy (VD)","Les citoyens de Dizy ne veulent ni d'un salaire minimum fixé à 23,6 francs de l'heure, ni du contre-projet fixant le salaire minimum à 23 francs de l'heure avec priorité aux conventions collectives de travail. Ils ont refusé l'initiative avec 70,9 pour cent de non et le contre-projet avec 99,9 pour cent de non."
5482,78.2,78.2,21.8,"Eclépens (VD)","Les citoyens d'Eclépens acceptent l'initiative qui vise à fixer le salaire minimum à 23,6 francs de l'heure. Ils sont 94 pour cent à approuver ce texte. Les ayants droit d'Eclépens ont également dit oui au contre-projet du Conseil d'Etat, qui fixe le salaire minimum à 23 francs de l'heure et prévoit qu'une éventuelle convention collective de travail prime sur ce minimum. Ils l'acceptent à 64,5 pour cent. Les électeurs donnent cependant leur préférence à l'initiative, avec 78,2 pour cent de oui."
5483,63.5,63.5,36.5,"Ferreyres (VD)","C'est oui à Ferreyres à 85,7 pour cent à l'initiative qui demande de fixer le salaire minimum à 23,6 francs de l'heure. C'est non par contre à 88,2 pour cent au contre-projet du Conseil d'Etat qui prévoit un salaire minimum de 23 francs de l'heure et la primauté d'une éventuelle convention collective de travail."
5484,74.1,74.1,25.9,"Gollion (VD)","Ni l'initiative, ni le contre-projet ne trouvent grâce aux yeux des citoyens de Gollion. Ils refusent avec 97,8 pour cent de non l'initiative fixant le salaire minimum à 23,6 francs de l'heure. Ils s'opposent aussi au contre-projet (57,8 pour cent de non), qui fixe le salaire minimum à 23 francs de l'heure et prévoit la primauté d'une éventuelle convention collective de travail."
5485,18,18,82,"Grancy (VD)","Les citoyens de Grancy acceptent avec 61,2 pour cent de oui l'initiative exigeant un salaire minimum de 23,6 francs de l'heure. Ils refusent le contre-projet du Conseil d'Etat (91,2 pour cent de non), qui prévoit un salaire minimum de 23 francs de l'heure et la primauté d'une éventuelle convention collective de travail."
5486,11.1,11.1,88.9,"L'Isle (VD)","Non à 62,7 pour cent à l'initiative qui demande un salaire minimum de 23,6 francs de l'heure, et non aussi à 67,2 pour cent au contre-projet qui fixe le salaire minimum à 23 francs de l'heure tout en donnant la priorité aux conventions collectives de travail. Les citoyens de L'Isle ont refusé les deux propositions."
5487,46.8,46.8,53.2,"Lussery-Villars (VD)","Les citoyens de Lussery-Villars acceptent avec 68,7 pour cent de oui l'initiative exigeant un salaire minimum de 23,6 francs de l'heure. Ils refusent le contre-projet du Conseil d'Etat (99,9 pour cent de non), qui prévoit un salaire minimum de 23 francs de l'heure et la primauté d'une éventuelle convention collective de travail."
5488,73.2,73.2,26.8,"Mauraz (VD)","Les citoyens de Mauraz acceptent avec 57,7 pour cent de oui le contre-projet qui fixe le salaire minimum à 23 francs de l'heure et prévoit la primauté d'une éventuelle convention collective de travail. Ils s'opposent par contre à l'initiative qui demande un salaire minimum de 23,6 francs de l'heure (non à 94,2 pour cent)."
5489,12.9,12.9,87.1,"Mex (VD)","Oui à 71,6 pour cent au contre-projet fixant le salaire minimum à 23 francs de l'heure et prévoyant la primauté d'une éventuelle convention collective de travail. Et oui aussi à 77,9 pour cent à l'initiative qui exige un salaire minimum de 23,6 francs de l'heure. Invités à trancher entre ces deux propositions, les habitants de Mex (VD) ont opté pour le contre-projet avec 87,1 pour cent de oui."
5490,89.7,89.7,10.3,"Moiry (VD)","Les citoyens de Moiry acceptent avec 50,7 pour cent de oui le contre-projet qui fixe le salaire minimum à 23 francs de l'heure et prévoit la primauté d'une éventuelle convention collective de travail. Ils s'opposent par contre à l'initiative qui demande un salaire minimum de 23,6 francs de l'heure (non à 54 pour cent)."
5491,33.6,33.6,66.4,"Mont-la-Ville (VD)","Les citoyens de Mont-la-Ville ne veulent ni d'un salaire minimum fixé à 23,6 francs de l'heure, ni du contre-projet fixant le salaire minimum à 23 francs de l'heure avec priorité aux conventions collectives de travail. Ils ont refusé l'initiative avec 60,2 pour cent de non et le contre-projet avec 63,5 pour cent de non."
5492,78.5,78.5,21.5,"Montricher (VD)","Non à 59,9 pour cent à l'initiative qui demande un salaire minimum de 23,6 francs de l'heure, et non aussi à 82,9 pour cent au contre-projet qui fixe le salaire minimum à 23 francs de l'heure tout en donnant la priorité aux conventions collectives de travail. Les citoyens de Montricher ont refusé les deux propositions."
5493,52.3,52.3,47.7,"Orny (VD)","Oui à 58,4 pour cent à l'initiative visant à fixer le salaire minimum à 23,6 francs de l'heure. Oui également avec 85,6 pour cent au contre-projet du Conseil d'Etat, qui prévoit un salaire minimum de 23 francs de l'heure et la primauté d'une éventuelle convention collective de travail. Les citoyens d'Orny ont toutefois préféré l'initiative avec 52,3 pour cent de oui."
5495,49.1,49.1,50.9,"Penthalaz (VD)","C'est oui à Penthalaz à 61,8 pour cent à l'initiative qui demande de fixer le salaire minimum à 23,6 francs de l'heure. C'est non par contre à 56,4 pour cent au contre-projet du Conseil d'Etat qui prévoit un salaire minimum de 23 francs de l'heure et la primauté d'une éventuelle convention collective de travail."
5496,63.4,63.4,36.6,"Penthaz (VD)","Oui à 50,5 pour cent à l'initiative visant à fixer le salaire minimum à 23,6 francs de l'heure. Oui également avec 83,9 pour cent au contre-projet du Conseil d'Etat, qui prévoit un salaire minimum de 23 francs de l'heure et la primauté d'une éventuelle convention collective de travail. Les citoyens de Penthaz ont toutefois préféré l'initiative avec 63,4 pour cent de oui."
5497,26.7,26.7,73.3,"Pompaples (VD)","C'est oui à Pompaples à 93,2 pour cent à l'initiative qui demande de fixer le salaire minimum à 23,6 francs de l'heure. C'est non par contre à 92,5 pour cent au contre-projet du Conseil d'Etat qui prévoit un salaire minimum de 23 francs de l'heure et la primauté d'une éventuelle convention collective de travail."
5498,61.6,61.6,38.4,"La Sarraz (VD)","Les ayants droit de La Sarraz ont tranché: ils sont favorables à l'initiative qui demande de fixer le salaire minimum à 23,6 francs de l'heure. Les citoyens ont dit oui à 85. Ils acceptent aussi le contre-projet du gouvernement avec 55,6 pour cent de oui. Cette proposition fixe le salaire minimum à 23 francs de l'heure tout en donnant la priorité à une éventuelle convention collective de travail. Invités à choisir, les habitants de La Sarraz tranchent toutefois en faveur de l'initiative avec 61,6 pour cent de oui."
5499,60.5,60.5,39.5,"Senarclens (VD)","Les citoyens de Senarclens ne veulent ni d'un salaire minimum fixé à 23,6 francs de l'heure, ni du contre-projet fixant le salaire minimum à 23 francs de l'heure avec priorité aux conventions collectives de travail. Ils ont refusé l'initiative avec 68,3 pour cent de non et le contre-projet avec 61,4 pour cent de non."
5501,26.3,26.3,73.7,"Sullens (VD)","C'est oui à 82,4 pour cent à Sullens au contre-projet qui fixe le salaire minimum à 23 francs de l'heure et prévoit la primauté d'une éventuelle convention collective de travail. C'est non par contre à 87,2 pour cent à l'initiative qui demande un salaire minimum de 23,6 francs de l'heure."
5503,77.5,77.5,22.5,"Vufflens-la-Ville (VD)","C'est oui à Vufflens-la-Ville à 57,8 pour cent à l'initiative qui demande de fixer le salaire minimum à 23,6 francs de l'heure. C'est non par contre à 76,7 pour cent au contre-projet du Conseil d'Etat qui prévoit un salaire minimum de 23 francs de l'heure et la primauté d'une éventuelle convention collective de travail."
5511,18.8,18.8,81.2,"Assens (VD)","Non à 77,6 pour cent à l'initiative qui demande un salaire minimum de 23,6 francs de l'heure, et non aussi à 84 pour cent au contre-projet qui fixe le salaire minimum à 23 francs de l'heure tout en donnant la priorité aux conventions collectives de travail. Les citoyens d'Assens ont refusé les deux propositions."
5512,65.2,65.2,34.8,"Bercher (VD)","Les citoyens de Bercher disent oui à 52,2 au contre-projet qui fixe le salaire minimum à 23 francs de l'heure et donne la priorité à une éventuelle convention collective de travail. Ils refusent par contre l'initiative qui demande un salaire minimum de 23,6 francs de l'heure (non à 89,9 pour cent)."
5514,51.6,51.6,48.4,"Bottens (VD)","Les citoyens de Bottens disent oui à 84,8 à l'initiative demandant de fixer le salaire minimum à 23,6 francs de l'heure. Ils s'opposent par contre au contre-projet du Conseil d'Etat qui fixe le salaire minimum à 23 francs de l'heure et donne la priorité à une éventuelle convention collective de travail, avec 50,4 pour cent de non."
5515,73.6,73.6,26.4,"Bretigny-sur-Morrens (VD)","Les citoyens de Bretigny-sur-Morrens acceptent l'initiative qui vise à fixer le salaire minimum à 23,6 francs de l'heure. Ils sont 91,3 pour cent à approuver ce texte. Les ayants droit de Bretigny-sur-Morrens ont également dit oui au contre-projet du Conseil d'Etat, qui fixe le salaire minimum à 23 francs de l'heure et prévoit qu'une éventuelle convention collective de travail prime sur ce minimum. Ils l'acceptent à 54,4 pour cent. Les électeurs donnent cependant leur préférence à l'initiative, avec 73,6 pour cent de oui."
5516,43.4,43.4,56.6,"Cugy (VD)","Les citoyens de Cugy (VD) ont tranché en faveur du contre-projet du Conseil d'Etat qui fixe le salaire minimum à 23 francs de l'heure et prévoit la primauté d'une éventuelle convention collective de travail (56,6 pour cent de oui). Ils ont préféré cette proposition avec 59,2 pour cent de oui. Ils ont toutefois également approuvé avec 58,4 pour cent de oui l'initiative demandant un salaire minimum de 23,6 francs de l'heure."
5518,47.4,47.4,52.6,"Echallens (VD)","C'est oui à 63,4 pour cent à Echallens au contre-projet qui fixe le salaire minimum à 23 francs de l'heure et prévoit la primauté d'une éventuelle convention collective de travail. C'est non par contre à 56,6 pour cent à l'initiative qui demande un salaire minimum de 23,6 francs de l'heure."
5520,44.6,44.6,55.4,"Essertines-sur-Yverdon (VD)","Les citoyens d'Essertines-sur-Yverdon souhaitent instaurer un salaire minimum de 23 francs de l'heure avec priorité aux conventions collectives de travail. Ils ont dit oui à 52,6 pour cent au contre-projet d'une initiative qui demandait un salaire minimum de 23,6 francs de l'heure. Ils ont été 55,4 pour cent à préférer le contre-projet. L'initiative a obtenu 57,8 pour cent de oui."
5521,44.1,44.1,55.9,"Etagnières (VD)","Les citoyens d'Etagnières ont tranché en faveur du contre-projet du Conseil d'Etat qui fixe le salaire minimum à 23 francs de l'heure et prévoit la primauté d'une éventuelle convention collective de travail (55,9 pour cent de oui). Ils ont préféré cette proposition avec 70,4 pour cent de oui. Ils ont toutefois également approuvé avec 75,1 pour cent de oui l'initiative demandant un salaire minimum de 23,6 francs de l'heure."
5522,42.5,42.5,57.5,"Fey (VD)","Les citoyens de Fey acceptent avec 73,6 pour cent de oui l'initiative exigeant un salaire minimum de 23,6 francs de l'heure. Ils refusent le contre-projet du Conseil d'Etat (55,4 pour cent de non), qui prévoit un salaire minimum de 23 francs de l'heure et la primauté d'une éventuelle convention collective de travail."
5523,40.5,40.5,59.5,"Froideville (VD)","C'est oui à 93,2 pour cent à Froideville au contre-projet qui fixe le salaire minimum à 23 francs de l'heure et prévoit la primauté d'une éventuelle convention collective de travail. C'est non par contre à 95,1 pour cent à l'initiative qui demande un salaire minimum de 23,6 francs de l'heure."
5527,37.2,37.2,62.8,"Morrens (VD)","Les citoyens de Morrens (VD) acceptent avec 88,6 pour cent de oui l'initiative exigeant un salaire minimum de 23,6 francs de l'heure. Ils refusent le contre-projet du Conseil d'Etat (63,3 pour cent de non), qui prévoit un salaire minimum de 23 francs de l'heure et la primauté d'une éventuelle convention collective de travail."
5529,1.6,1.6,98.4,"Oulens-sous-Echallens (VD)","Non à 65,2 pour cent à l'initiative qui demande un salaire minimum de 23,6 francs de l'heure, et non aussi à 64,6 pour cent au contre-projet qui fixe le salaire minimum à 23 francs de l'heure tout en donnant la priorité aux conventions collectives de travail. Les citoyens d'Oulens-sous-Echallens ont refusé les deux propositions."
5530,66.9,66.9,33.1,"Pailly (VD)","Ni l'initiative, ni le contre-projet ne trouvent grâce aux yeux des citoyens de Pailly. Ils refusent avec 74,5 pour cent de non l'initiative fixant le salaire minimum à 23,6 francs de l'heure. Ils s'opposent aussi au contre-projet (51,6 pour cent de non), qui fixe le salaire minimum à 23 francs de l'heure et prévoit la primauté d'une éventuelle convention collective de travail."
5531,69.2,69.2,30.8,"Penthéréaz (VD)","Les citoyens de Penthéréaz ne veulent ni d'un salaire minimum fixé à 23,6 francs de l'heure, ni du contre-projet fixant le salaire minimum à 23 francs de l'heure avec priorité aux conventions collectives de travail. Ils ont refusé l'initiative avec 70,6 pour cent de non et le contre-projet avec 63,6 pour cent de non."
5533,70.5,70.5,29.5,"Poliez-Pittet (VD)","C'est oui à 71,6 pour cent à Poliez-Pittet au contre-projet qui fixe le salaire minimum à 23 francs de l'heure et prévoit la primauté d'une éventuelle convention collective de travail. C'est non par contre à 63,4 pour cent à l'initiative qui demande un salaire minimum de 23,6 francs de l'heure."
5534,57.1,57.1,42.9,"Rueyres (VD)","Les citoyens de Rueyres acceptent avec 54,6 pour cent de oui l'initiative exigeant un salaire minimum de 23,6 francs de l'heure. Ils refusent le contre-projet du Conseil d'Etat (61,3 pour cent de non), qui prévoit un salaire minimum de 23 francs de l'heure et la primauté d'une éventuelle convention collective de travail."
5535,48.9,48.9,51.1,"Saint-Barthélemy (VD)","Ni l'initiative, ni le contre-projet ne trouvent grâce aux yeux des citoyens de Saint-Barthélemy (VD). Ils refusent avec 67,1 pour cent de non l'initiative fixant le salaire minimum à 23,6 francs de l'heure. Ils s'opposent aussi au contre-projet (79,5 pour cent de non), qui fixe le salaire minimum à 23 francs de l'heure et prévoit la primauté d'une éventuelle convention collective de travail."
5537,24.5,24.5,75.5,"Villars-le-Terroir (VD)","Non à 83,7 pour cent à l'initiative qui demande un salaire minimum de 23,6 francs de l'heure, et non aussi à 51,8 pour cent au contre-projet qui fixe le salaire minimum à 23 francs de l'heure tout en donnant la priorité aux conventions collectives de travail. Les citoyens de Villars-le-Terroir ont refusé les deux propositions."
5539,50.8,50.8,49.2,"Vuarrens (VD)","Les citoyens de Vuarrens disent oui à 59,6 au contre-projet qui fixe le salaire minimum à 23 francs de l'heure et donne la priorité à une éventuelle convention collective de travail. Ils refusent par contre l'initiative qui demande un salaire minimum de 23,6 francs de l'heure (non à 58,2 pour cent)."
5540,92.4,92.4,7.6,"Montilliez (VD)","Les citoyens de Montilliez acceptent avec 94,1 pour cent de oui l'initiative exigeant un salaire minimum de 23,6 francs de l'heure. Ils refusent le contre-projet du Conseil d'Etat (66,5 pour cent de non), qui prévoit un salaire minimum de 23 francs de l'heure et la primauté d'une éventuelle convention collective de travail."
5541,69,69,31,"Goumoëns (VD)","C'est oui à 86,2 pour cent à Goumoëns au contre-projet qui fixe le salaire minimum à 23 francs de l'heure et prévoit la primauté d'une éventuelle convention collective de travail. C'est non par contre à 74,8 pour cent à l'initiative qui demande un salaire minimum de 23,6 francs de l'heure."
5551,6,6,94,"Bonvillars (VD)","Les citoyens de Bonvillars souhaitent instaurer un salaire minimum de 23 francs de l'heure avec priorité aux conventions collectives de travail. Ils ont dit oui à 65,6 pour cent au contre-projet d'une initiative qui demandait un salaire minimum de 23,6 francs de l'heure. Ils ont été 94 pour cent à préférer le contre-projet. L'initiative a obtenu 92,3 pour cent de oui."
5552,19,19,81,"Bullet (VD)","Ni l'initiative, ni le contre-projet ne trouvent grâce aux yeux des citoyens de Bullet. Ils refusent avec 71,9 pour cent de non l'initiative fixant le salaire minimum à 23,6 francs de l'heure. Ils s'opposent aussi au contre-projet (61 pour cent de non), qui fixe le salaire minimum à 23 francs de l'heure et prévoit la primauté d'une éventuelle convention collective de travail."
5553,36.8,36.8,63.2,"Champagne (VD)","Les citoyens de Champagne ne veulent ni d'un salaire minimum fixé à 23,6 francs de l'heure, ni du contre-projet fixant le salaire minimum à 23 francs de l'heure avec priorité aux conventions collectives de travail. Ils ont refusé l'initiative avec 57,3 pour cent de non et le contre-projet avec 67,7 pour cent de non."
5554,78.5,78.5,21.5,"Concise (VD)","C'est oui à 70,9 pour cent à Concise au contre-projet qui fixe le salaire minimum à 23 francs de l'heure et prévoit la primauté d'une éventuelle convention collective de travail. C'est non par contre à 66,2 pour cent à l'initiative qui demande un salaire minimum de 23,6 francs de l'heure."
5555,47.8,47.8,52.2,"Corcelles-près-Concise (VD)","Les citoyens de Corcelles-près-Concise souhaitent instaurer un salaire minimum de 23 francs de l'heure avec priorité aux conventions collectives de travail. Ils ont dit oui à 63,8 pour cent au contre-projet d'une initiative qui demandait un salaire minimum de 23,6 francs de l'heure. Ils ont été 52,2 pour cent à préférer le contre-projet. L'initiative a obtenu 76,5 pour cent de oui."
5556,82.8,82.8,17.2,"Fiez (VD)","Ni l'initiative, ni le contre-projet ne trouvent grâce aux yeux des citoyens de Fiez. Ils refusent avec 60,6 pour cent de non l'initiative fixant le salaire minimum à 23,6 francs de l'heure. Ils s'opposent aussi au contre-projet (68,9 pour cent de non), qui fixe le salaire minimum à 23 francs de l'heure et prévoit la primauté d'une éventuelle convention collective de travail."
5557,8.8,8.8,91.2,"Fontaines-sur-Grandson (VD)","Non à 62,5 pour cent à l'initiative qui demande un salaire minimum de 23,6 francs de l'heure, et non aussi à 70,9 pour cent au contre-projet qui fixe le salaire minimum à 23 francs de l'heure tout en donnant la priorité aux conventions collectives de travail. Les citoyens de Fontaines-sur-Grandson ont refusé les deux propositions."
5559,45.2,45.2,54.8,"Giez (VD)","Les citoyens de Giez souhaitent instaurer un salaire minimum de 23 francs de l'heure avec priorité aux conventions collectives de travail. Ils ont dit oui à 78,4 pour cent au contre-projet d'une initiative qui demandait un salaire minimum de 23,6 francs de l'heure. Ils ont été 54,8 pour cent à préférer le contre-projet. L'initiative a obtenu 69,4 pour cent de oui."
5560,12.2,12.2,87.8,"Grandevent (VD)","Non à 76,1 pour cent à l'initiative qui demande un salaire minimum de 23,6 francs de l'heure, et non aussi à 73,9 pour cent au contre-projet qui fixe le salaire minimum à 23 francs de l'heure tout en donnant la priorité aux conventions collectives de travail. Les citoyens de Grandevent ont refusé les deux propositions."
5561,28,28,72,"Grandson (VD)","Les citoyens de Grandson souhaitent instaurer un salaire minimum de 23 francs de l'heure avec priorité aux conventions collectives de travail. Ils ont dit oui à 74,9 pour cent au contre-projet d'une initiative qui demandait un salaire minimum de 23,6 francs de l'heure. Ils ont été 72 pour cent à préférer le contre-projet. L'initiative a obtenu 51,3 pour cent de oui."
5562,20.9,20.9,79.1,"Mauborget (VD)","Les citoyens de Mauborget disent oui à 97 à l'initiative demandant de fixer le salaire minimum à 23,6 francs de l'heure. Ils s'opposent par contre au contre-projet du Conseil d'Etat qui fixe le salaire minimum à 23 francs de l'heure et donne la priorité à une éventuelle convention collective de travail, avec 78 pour cent de non."
5563,5.9,5.9,94.1,"Mutrux (VD)","C'est oui à Mutrux à 53,2 pour cent à l'initiative qui demande de fixer le salaire minimum à 23,6 francs de l'heure. C'est non par contre à 83,1 pour cent au contre-projet du Conseil d'Etat qui prévoit un salaire minimum de 23 francs de l'heure et la primauté d'une éventuelle convention collective de travail."
5564,57.4,57.4,42.6,"Novalles (VD)","Oui à 76,9 pour cent à l'initiative visant à fixer le salaire minimum à 23,6 francs de l'heure. Oui également avec 91,5 pour cent au contre-projet du Conseil d'Etat, qui prévoit un salaire minimum de 23 francs de l'heure et la primauté d'une éventuelle convention collective de travail. Les citoyens de Novalles ont toutefois préféré l'initiative avec 57,4 pour cent de oui."
5565,91.5,91.5,8.5,"Onnens (VD)","C'est oui à 98,7 pour cent à Onnens (VD) au contre-projet qui fixe le salaire minimum à 23 francs de l'heure et prévoit la primauté d'une éventuelle convention collective de travail. C'est non par contre à 95,9 pour cent à l'initiative qui demande un salaire minimum de 23,6 francs de l'heure."
5566,64.9,64.9,35.1,"Provence (VD)","Les citoyens de Provence acceptent avec 58,6 pour cent de oui l'initiative exigeant un salaire minimum de 23,6 francs de l'heure. Ils refusent le contre-projet du Conseil d'Etat (95 pour cent de non), qui prévoit un salaire minimum de 23 francs de l'heure et la primauté d'une éventuelle convention collective de travail."
5568,53,53,47,"Sainte-Croix (VD)","Les citoyens de Sainte-Croix ne veulent ni d'un salaire minimum fixé à 23,6 francs de l'heure, ni du contre-projet fixant le salaire minimum à 23 francs de l'heure avec priorité aux conventions collectives de travail. Ils ont refusé l'initiative avec 92,1 pour cent de non et le contre-projet avec 57,6 pour cent de non."
5571,48.4,48.4,51.6,"Tévenon (VD)","Les citoyens de Tévenon ont tranché en faveur du contre-projet du Conseil d'Etat qui fixe le salaire minimum à 23 francs de l'heure et prévoit la primauté d'une éventuelle convention collective de travail (51,6 pour cent de oui). Ils ont préféré cette proposition avec 78 pour cent de oui. Ils ont toutefois également approuvé avec 79,6 pour cent de oui l'initiative demandant un salaire minimum de 23,6 francs de l'heure."
5581,26.9,26.9,73.1,"Belmont-sur-Lausanne (VD)","Les citoyens de Belmont-sur-Lausanne ont tranché en faveur du contre-projet du Conseil d'Etat qui fixe le salaire minimum à 23 francs de l'heure et prévoit la primauté d'une éventuelle convention collective de travail (73,1 pour cent de oui). Ils ont préféré cette proposition avec 58,3 pour cent de oui. Ils ont toutefois également approuvé avec 80,2 pour cent de oui l'initiative demandant un salaire minimum de 23,6 francs de l'heure."
5582,56.4,56.4,43.6,"Cheseaux-sur-Lausanne (VD)","Les citoyens de Cheseaux-sur-Lausanne ne veulent ni d'un salaire minimum fixé à 23,6 francs de l'heure, ni du contre-projet fixant le salaire minimum à 23 francs de l'heure avec priorité aux conventions collectives de travail. Ils ont refusé l'initiative avec 84,1 pour cent de non et le contre-projet avec 59,1 pour cent de non."
5583,23.4,23.4,76.6,"Crissier (VD)","Les citoyens de Crissier disent oui à 60,3 au contre-projet qui fixe le salaire minimum à 23 francs de l'heure et donne la priorité à une éventuelle convention collective de travail. Ils refusent par contre l'initiative qui demande un salaire minimum de 23,6 francs de l'heure (non à 51,6 pour cent)."
5584,44.2,44.2,55.8,"Epalinges (VD)","Les citoyens d'Epalinges ont tranché en faveur du contre-projet du Conseil d'Etat qui fixe le salaire minimum à 23 francs de l'heure et prévoit la primauté d'une éventuelle convention collective de travail (55,8 pour cent de oui). Ils ont préféré cette proposition avec 63 pour cent de oui. Ils ont toutefois également approuvé avec 75 pour cent de oui l'initiative demandant un salaire minimum de 23,6 francs de l'heure."
5585,52.2,52.2,47.8,"Jouxtens-Mézery (VD)","Les citoyens de Jouxtens-Mézery ne veulent ni d'un salaire minimum fixé à 23,6 francs de l'heure, ni du contre-projet fixant le salaire minimum à 23 francs de l'heure avec priorité aux conventions collectives de travail. Ils ont refusé l'initiative avec 58,7 pour cent de non et le contre-projet avec 88 pour cent de non."
5586,15.4,15.4,84.6,"Lausanne (VD)","C'est oui à Lausanne à 97,9 pour cent à l'initiative qui demande de fixer le salaire minimum à 23,6 francs de l'heure. C'est non par contre à 73,2 pour cent au contre-projet du Conseil d'Etat qui prévoit un salaire minimum de 23 francs de l'heure et la primauté d'une éventuelle convention collective de travail."
5587,45.3,45.3,54.7,"Le Mont-sur-Lausanne (VD)","C'est oui à 91,3 pour cent au Mont-sur-Lausanne au contre-projet qui fixe le salaire minimum à 23 francs de l'heure et prévoit la primauté d'une éventuelle convention collective de travail. C'est non par contre à 59,6 pour cent à l'initiative qui demande un salaire minimum de 23,6 francs de l'heure."
5588,26.2,26.2,73.8,"Paudex (VD)","Ni l'initiative, ni le contre-projet ne trouvent grâce aux yeux des citoyens de Paudex. Ils refusent avec 68,4 pour cent de non l'initiative fixant le salaire minimum à 23,6 francs de l'heure. Ils s'opposent aussi au contre-projet (60,1 pour cent de non), qui fixe le salaire minimum à 23 francs de l'heure et prévoit la primauté d'une éventuelle convention collective de travail."
5589,15.3,15.3,84.7,"Prilly (VD)","C'est oui à Prilly à 69,2 pour cent à l'initiative qui demande de fixer le salaire minimum à 23,6 francs de l'heure. C'est non par contre à 67,6 pour cent au contre-projet du Conseil d'Etat qui prévoit un salaire minimum de 23 francs de l'heure et la primauté d'une éventuelle convention collective de travail."
5590,80.9,80.9,19.1,"Pully (VD)","Les citoyens de Pully disent oui à 61,9 à l'initiative demandant de fixer le salaire minimum à 23,6 francs de l'heure. Ils s'opposent par contre au contre-projet du Conseil d'Etat qui fixe le salaire minimum à 23 francs de l'heure et donne la priorité à une éventuelle convention collective de travail, avec 90 pour cent de non."
5591,67.6,67.6,32.4,"Renens (VD)","Ni l'initiative, ni le contre-projet ne trouvent grâce aux yeux des citoyens de Renens (VD). Ils refusent avec 50,1 pour cent de non l'initiative fixant le salaire minimum à 23,6 francs de l'heure. Ils s'opposent aussi au contre-projet (53 pour cent de non), qui fixe le salaire minimum à 23 francs de l'heure et prévoit la primauté d'une éventuelle convention collective de travail."
5592,68.7,68.7,31.3,"Romanel-sur-Lausanne (VD)","C'est oui à 51,2 pour cent à Romanel-sur-Lausanne au contre-projet qui fixe le salaire minimum à 23 francs de l'heure et prévoit la primauté d'une éventuelle convention collective de travail. C'est non par contre à 59,5 pour cent à l'initiative qui demande un salaire minimum de 23,6 francs de l'heure."
5601,34.9,34.9,65.1,"Chexbres (VD)","Les citoyens de Chexbres ne veulent ni d'un salaire minimum fixé à 23,6 francs de l'heure, ni du contre-projet fixant le salaire minimum à 23 francs de l'heure avec priorité aux conventions collectives de travail. Ils ont refusé l'initiative avec 74,1 pour cent de non et le contre-projet avec 50,2 pour cent de non."
5604,23.8,23.8,76.2,"Forel (Lavaux) (VD)","Ni l'initiative, ni le contre-projet ne trouvent grâce aux yeux des citoyens de Forel (Lavaux). Ils refusent avec 64,5 pour cent de non l'initiative fixant le salaire minimum à 23,6 francs de l'heure. Ils s'opposent aussi au contre-projet (58,2 pour cent de non), qui fixe le salaire minimum à 23 francs de l'heure et prévoit la primauté d'une éventuelle convention collective de travail."
5606,79.8,79.8,20.2,"Lutry (VD)","Les citoyens de Lutry disent oui à 73,7 au contre-projet qui fixe le salaire minimum à 23 francs de l'heure et donne la priorité à une éventuelle convention collective de travail. Ils refusent par contre l'initiative qui demande un salaire minimum de 23,6 francs de l'heure (non à 70,7 pour cent)."
5607,56.8,56.8,43.2,"Puidoux (VD)","Les citoyens de Puidoux acceptent avec 69,5 pour cent de oui le contre-projet qui fixe le salaire minimum à 23 francs de l'heure et prévoit la primauté d'une éventuelle convention collective de travail. Ils s'opposent par contre à l'initiative qui demande un salaire minimum de 23,6 francs de l'heure (non à 83,8 pour cent)."
5609,50,50,50,"Rivaz (VD)","C'est oui à Rivaz à 59,4 pour cent à l'initiative qui demande de fixer le salaire minimum à 23,6 francs de l'heure. C'est non par contre à 50,4 pour cent au contre-projet du Conseil d'Etat qui prévoit un salaire minimum de 23 francs de l'heure et la primauté d'une éventuelle convention collective de travail."
5610,31.3,31.3,68.7,"Saint-Saphorin (Lavaux) (VD)","Les citoyens de Saint-Saphorin (Lavaux) disent oui à 64,8 au contre-projet qui fixe le salaire minimum à 23 francs de l'heure et donne la priorité à une éventuelle convention collective de travail. Ils refusent par contre l'initiative qui demande un salaire minimum de 23,6 francs de l'heure (non à 85,7 pour cent)."
5611,42.6,42.6,57.4,"Savigny (VD)","Ni l'initiative, ni le contre-projet ne trouvent grâce aux yeux des citoyens de Savigny. Ils refusent avec 94,7 pour cent de non l'initiative fixant le salaire minimum à 23,6 francs de l'heure. Ils s'opposent aussi au contre-projet (64,2 pour cent de non), qui fixe le salaire minimum à 23 francs de l'heure et prévoit la primauté d'une éventuelle convention collective de travail."
5613,41.6,41.6,58.4,"Bourg-en-Lavaux (VD)","Les citoyens de Bourg-en-Lavaux ont tranché en faveur du contre-projet du Conseil d'Etat qui fixe le salaire minimum à 23 francs de l'heure et prévoit la primauté d'une éventuelle convention collective de travail (58,4 pour cent de oui). Ils ont préféré cette proposition avec 62,8 pour cent de oui. Ils ont toutefois également approuvé avec 96,7 pour cent de oui l'initiative demandant un salaire minimum de 23,6 francs de l'heure."
5621,69.6,69.6,30.4,"Aclens (VD)","Non à 95,2 pour cent à l'initiative qui demande un salaire minimum de 23,6 francs de l'heure, et non aussi à 75,1 pour cent au contre-projet qui fixe le salaire minimum à 23 francs de l'heure tout en donnant la priorité aux conventions collectives de travail. Les citoyens d'Aclens ont refusé les deux propositions."
5622,5.2,5.2,94.8,"Bremblens (VD)","Les citoyens de Bremblens disent oui à 52,2 à l'initiative demandant de fixer le salaire minimum à 23,6 francs de l'heure. Ils s'opposent par contre au contre-projet du Conseil d'Etat qui fixe le salaire minimum à 23 francs de l'heure et donne la priorité à une éventuelle convention collective de travail, avec 82,5 pour cent de non."
5623,67.8,67.8,32.2,"Buchillon (VD)","C'est oui à 80,3 pour cent à Buchillon au contre-projet qui fixe le salaire minimum à 23 francs de l'heure et prévoit la primauté d'une éventuelle convention collective de travail. C'est non par contre à 72,9 pour cent à l'initiative qui demande un salaire minimum de 23,6 francs de l'heure."
5624,51.6,51.6,48.4,"Bussigny (VD)","Les citoyens de Bussigny disent oui à 57,2 au contre-projet qui fixe le salaire minimum à 23 francs de l'heure et donne la priorité à une éventuelle convention collective de travail. Ils refusent par contre l'initiative qui demande un salaire minimum de 23,6 francs de l'heure (non à 52,4 pour cent)."
5627,41.6,41.6,58.4,"Chavannes-près-Renens (VD)","Les citoyens de Chavannes-près-Renens disent oui à 56,4 à l'initiative demandant de fixer le salaire minimum à 23,6 francs de l'heure. Ils s'opposent par contre au contre-projet du Conseil d'Etat qui fixe le salaire minimum à 23 francs de l'heure et donne la priorité à une éventuelle convention collective de travail, avec 57,6 pour cent de non."
5628,56.9,56.9,43.1,"Chigny (VD)","Les citoyens de Chigny acceptent avec 52,3 pour cent de oui l'initiative exigeant un salaire minimum de 23,6 francs de l'heure. Ils refusent le contre-projet du Conseil d'Etat (82 pour cent de non), qui prévoit un salaire minimum de 23 francs de l'heure et la primauté d'une éventuelle convention collective de travail."
5629,21,21,79,"Clarmont (VD)","C'est oui à 98,9 pour cent à Clarmont au contre-projet qui fixe le salaire minimum à 23 francs de l'heure et prévoit la primauté d'une éventuelle convention collective de travail. C'est non par contre à 76,5 pour cent à l'initiative qui demande un salaire minimum de 23,6 francs de l'heure."
5631,63.6,63.6,36.4,"Denens (VD)","Les citoyens de Denens acceptent avec 74,3 pour cent de oui l'initiative exigeant un salaire minimum de 23,6 francs de l'heure. Ils refusent le contre-projet du Conseil d'Etat (53,8 pour cent de non), qui prévoit un salaire minimum de 23 francs de l'heure et la primauté d'une éventuelle convention collective de travail."
5632,45.3,45.3,54.7,"Denges (VD)","C'est oui à 95,6 pour cent à Denges au contre-projet qui fixe le salaire minimum à 23 francs de l'heure et prévoit la primauté d'une éventuelle convention collective de travail. C'est non par contre à 51,9 pour cent à l'initiative qui demande un salaire minimum de 23,6 francs de l'heure."
5633,34.3,34.3,65.7,"Echandens (VD)","C'est oui à Echandens à 58,9 pour cent à l'initiative qui demande de fixer le salaire minimum à 23,6 francs de l'heure. C'est non par contre à 86,3 pour cent au contre-projet du Conseil d'Etat qui prévoit un salaire minimum de 23 francs de l'heure et la primauté d'une éventuelle convention collective de travail."
5634,49.3,49.3,50.7,"Echichens (VD)","Les citoyens d'Echichens disent oui à 65,7 au contre-projet qui fixe le salaire minimum à 23 francs de l'heure et donne la priorité à une éventuelle convention collective de travail. Ils refusent par contre l'initiative qui demande un salaire minimum de 23,6 francs de l'heure (non à 70,7 pour cent)."
5635,87.3,87.3,12.7,"Ecublens (VD)","Ni l'initiative, ni le contre-projet ne trouvent grâce aux yeux des citoyens d'Ecublens (VD). Ils refusent avec 91,2 pour cent de non l'initiative fixant le salaire minimum à 23,6 francs de l'heure. Ils s'opposent aussi au contre-projet (76,4 pour cent de non), qui fixe le salaire minimum à 23 francs de l'heure et prévoit la primauté d'une éventuelle convention collective de travail."
5636,7,7,93,"Etoy (VD)","Oui à 66 pour cent au contre-projet fixant le salaire minimum à 23 francs de l'heure et prévoyant la primauté d'une éventuelle convention collective de travail. Et oui aussi à 96 pour cent à l'initiative qui exige un salaire minimum de 23,6 francs de l'heure. Invités à trancher entre ces deux propositions, les habitants d'Etoy ont opté pour le contre-projet avec 93 pour cent de oui."
5637,90,90,10,"Lavigny (VD)","Les ayants droit de Lavigny ont tranché: ils sont favorables à l'initiative qui demande de fixer le salaire minimum à 23,6 francs de l'heure. Les citoyens ont dit oui à 73,3. Ils acceptent aussi le contre-projet du gouvernement avec 66,4 pour cent de oui. Cette proposition fixe le salaire minimum à 23 francs de l'heure tout en donnant la priorité à une éventuelle convention collective de travail. Invités à choisir, les habitants de Lavigny tranchent toutefois en faveur de l'initiative avec 90 pour cent de oui."
5638,47.3,47.3,52.7,"Lonay (VD)","Ni l'initiative, ni le contre-projet ne trouvent grâce aux yeux des citoyens de Lonay. Ils refusent avec 58,2 pour cent de non l'initiative fixant le salaire minimum à 23,6 francs de l'heure. Ils s'opposent aussi au contre-projet (96 pour cent de non), qui fixe le salaire minimum à 23 francs de l'heure et prévoit la primauté d'une éventuelle convention collective de travail."
5639,31.3,31.3,68.7,"Lully (VD)","Les citoyens de Lully (VD) ne veulent ni d'un salaire minimum fixé à 23,6 francs de l'heure, ni du contre-projet fixant le salaire minimum à 23 francs de l'heure avec priorité aux conventions collectives de travail. Ils ont refusé l'initiative avec 78,7 pour cent de non et le contre-projet avec 86,8 pour cent de non."
5640,47.7,47.7,52.3,"Lussy-sur-Morges (VD)","Les citoyens de Lussy-sur-Morges ont tranché en faveur du contre-projet du Conseil d'Etat qui fixe le salaire minimum à 23 francs de l'heure et prévoit la primauté d'une éventuelle convention collective de travail (52,3 pour cent de oui). Ils ont préféré cette proposition avec 83,4 pour cent de oui. Ils ont toutefois également approuvé avec 51,9 pour cent de oui l'initiative demandant un salaire minimum de 23,6 francs de l'heure."
5642,31.8,31.8,68.2,"Morges (VD)","Les citoyens de Morges ont tranché en faveur du contre-projet du Conseil d'Etat qui fixe le salaire minimum à 23 francs de l'heure et prévoit la primauté d'une éventuelle convention collective de travail (68,2 pour cent de oui). Ils ont préféré cette proposition avec 98,8 pour cent de oui. Ils ont toutefois également approuvé avec 69,4 pour cent de oui l'initiative demandant un salaire minimum de 23,6 francs de l'heure."
5643,62.5,62.5,37.5,"Préverenges (VD)","Les citoyens de Préverenges disent oui à 55,7 au contre-projet qui fixe le salaire minimum à 23 francs de l'heure et donne la priorité à une éventuelle convention collective de travail. Ils refusent par contre l'initiative qui demande un salaire minimum de 23,6 francs de l'heure (non à 50,6 pour cent)."
5645,47.2,47.2,52.8,"Romanel-sur-Morges (VD)","Les citoyens de Romanel-sur-Morges acceptent avec 99,2 pour cent de oui l'initiative exigeant un salaire minimum de 23,6 francs de l'heure. Ils refusent le contre-projet du Conseil d'Etat (89,8 pour cent de non), qui prévoit un salaire minimum de 23 francs de l'heure et la primauté d'une éventuelle convention collective de travail."
5646,37,37,63,"Saint-Prex (VD)","Les citoyens de Saint-Prex ne veulent ni d'un salaire minimum fixé à 23,6 francs de l'heure, ni du contre-projet fixant le salaire minimum à 23 francs de l'heure avec priorité aux conventions collectives de travail. Ils ont refusé l'initiative avec 59,8 pour cent de non et le contre-projet avec 70,5 pour cent de non."
5648,24.5,24.5,75.5,"Saint-Sulpice (VD)","C'est oui à Saint-Sulpice (VD) à 77,3 pour cent à l'initiative qui demande de fixer le salaire minimum à 23,6 francs de l'heure. C'est non par contre à 61,5 pour cent au contre-projet du Conseil d'Etat qui prévoit un salaire minimum de 23 francs de l'heure et la primauté d'une éventuelle convention collective de travail."
5649,65.1,65.1,34.9,"Tolochenaz (VD)","C'est oui à 96,5 pour cent à Tolochenaz au contre-projet qui fixe le salaire minimum à 23 francs de l'heure et prévoit la primauté d'une éventuelle convention collective de travail. C'est non par contre à 70,2 pour cent à l'initiative qui demande un salaire minimum de 23,6 francs de l'heure."
5650,100,100,0,"Vaux-sur-Morges (VD)","Les citoyens de Vaux-sur-Morges disent oui à 96,2 au contre-projet qui fixe le salaire minimum à 23 francs de l'heure et donne la priorité à une éventuelle convention collective de travail. Ils refusent par contre l'initiative qui demande un salaire minimum de 23,6 francs de l'heure (non à 51 pour cent)."
5651,38.8,38.8,61.2,"Villars-Sainte-Croix (VD)","C'est oui à Villars-Sainte-Croix à 76,6 pour cent à l'initiative qui demande de fixer le salaire minimum à 23,6 francs de l'heure. C'est non par contre à 75,7 pour cent au contre-projet du Conseil d'Etat qui prévoit un salaire minimum de 23 francs de l'heure et la primauté d'une éventuelle convention collective de travail."
5652,43.1,43.1,56.9,"Villars-sous-Yens (VD)","Les citoyens de Villars-sous-Yens disent oui à 50,5 à l'initiative demandant de fixer le salaire minimum à 23,6 francs de l'heure. Ils s'opposent par contre au contre-projet du Conseil d'Etat qui fixe le salaire minimum à 23 francs de l'heure et donne la priorité à une éventuelle convention collective de travail, avec 66,2 pour cent de non."
5653,34.4,34.4,65.6,"Vufflens-le-Château (VD)","Les citoyens de Vufflens-le-Château acceptent avec 68,6 pour cent de oui le contre-projet qui fixe le salaire minimum à 23 francs de l'heure et prévoit la primauté d'une éventuelle convention collective de travail. Ils s'opposent par contre à l'initiative qui demande un salaire minimum de 23,6 francs de l'heure (non à 52,5 pour cent)."
5654,39.9,39.9,60.1,"Vullierens (VD)","Les citoyens de Vullierens disent oui à 81,6 à l'initiative demandant de fixer le salaire minimum à 23,6 francs de l'heure. Ils s'opposent par contre au contre-projet du Conseil d'Etat qui fixe le salaire minimum à 23 francs de l'heure et donne la priorité à une éventuelle convention collective de travail, avec 59,9 pour cent de non."
5655,57.4,57.4,42.6,"Yens (VD)","C'est oui à 90,3 pour cent à Yens au contre-projet qui fixe le salaire minimum à 23 francs de l'heure et prévoit la primauté d'une éventuelle convention collective de travail. C'est non par contre à 52,8 pour cent à l'initiative qui demande un salaire minimum de 23,6 francs de l'heure."
5656,39.6,39.6,60.4,"Hautemorges (VD)","C'est oui à 87,9 pour cent à Hautemorges au contre-projet qui fixe le salaire minimum à 23 francs de l'heure et prévoit la primauté d'une éventuelle convention collective de travail. C'est non par contre à 78,9 pour cent à l'initiative qui demande un salaire minimum de 23,6 francs de l'heure."
5661,71.2,71.2,28.8,"Boulens (VD)","C'est oui à Boulens à 67,9 pour cent à l'initiative qui demande de fixer le salaire minimum à 23,6 francs de l'heure. C'est non par contre à 52,4 pour cent au contre-projet du Conseil d'Etat qui prévoit un salaire minimum de 23 francs de l'heure et la primauté d'une éventuelle convention collective de travail."
5663,13,13,87,"Bussy-sur-Moudon (VD)","Oui à 51,2 pour cent au contre-projet fixant le salaire minimum à 23 francs de l'heure et prévoyant la primauté d'une éventuelle convention collective de travail. Et oui aussi à 62,4 pour cent à l'initiative qui exige un salaire minimum de 23,6 francs de l'heure. Invités à trancher entre ces deux propositions, les habitants de Bussy-sur-Moudon ont opté pour le contre-projet avec 87 pour cent de oui."
5665,57.7,57.7,42.3,"Chavannes-sur-Moudon (VD)","C'est oui à Chavannes-sur-Moudon à 71,6 pour cent à l'initiative qui demande de fixer le salaire minimum à 23,6 francs de l'heure. C'est non par contre à 53 pour cent au contre-projet du Conseil d'Etat qui prévoit un salaire minimum de 23 francs de l'heure et la primauté d'une éventuelle convention collective de travail."
5669,43.3,43.3,56.7,"Curtilles (VD)","C'est oui à 75,9 pour cent à Curtilles au contre-projet qui fixe le salaire minimum à 23 francs de l'heure et prévoit la primauté d'une éventuelle convention collective de travail. C'est non par contre à 77,8 pour cent à l'initiative qui demande un salaire minimum de 23,6 francs de l'heure."
5671,54.6,54.6,45.4,"Dompierre (VD)","Les citoyens de Dompierre (VD) acceptent avec 53,9 pour cent de oui l'initiative exigeant un salaire minimum de 23,6 francs de l'heure. Ils refusent le contre-projet du Conseil d'Etat (51,9 pour cent de non), qui prévoit un salaire minimum de 23 francs de l'heure et la primauté d'une éventuelle convention collective de travail."
5673,30.6,30.6,69.4,"Hermenches (VD)","C'est oui à Hermenches à 75,4 pour cent à l'initiative qui demande de fixer le salaire minimum à 23,6 francs de l'heure. C'est non par contre à 84,8 pour cent au contre-projet du Conseil d'Etat qui prévoit un salaire minimum de 23 francs de l'heure et la primauté d'une éventuelle convention collective de travail."
5674,6.8,6.8,93.2,"Lovatens (VD)","Oui à 56,1 pour cent au contre-projet fixant le salaire minimum à 23 francs de l'heure et prévoyant la primauté d'une éventuelle convention collective de travail. Et oui aussi à 71,6 pour cent à l'initiative qui exige un salaire minimum de 23,6 francs de l'heure. Invités à trancher entre ces deux propositions, les habitants de Lovatens ont opté pour le contre-projet avec 93,2 pour cent de oui."
5675,22.2,22.2,77.8,"Lucens (VD)","Les citoyens de Lucens acceptent avec 51,6 pour cent de oui le contre-projet qui fixe le salaire minimum à 23 francs de l'heure et prévoit la primauté d'une éventuelle convention collective de travail. Ils s'opposent par contre à l'initiative qui demande un salaire minimum de 23,6 francs de l'heure (non à 80,6 pour cent)."
5678,60.5,60.5,39.5,"Moudon (VD)","Les citoyens de Moudon acceptent avec 65,5 pour cent de oui le contre-projet qui fixe le salaire minimum à 23 francs de l'heure et prévoit la primauté d'une éventuelle convention collective de travail. Ils s'opposent par contre à l'initiative qui demande un salaire minimum de 23,6 francs de l'heure (non à 72,2 pour cent)."
5680,96.2,96.2,3.8,"Ogens (VD)","Les citoyens d'Ogens acceptent avec 98,4 pour cent de oui le contre-projet qui fixe le salaire minimum à 23 francs de l'heure et prévoit la primauté d'une éventuelle convention collective de travail. Ils s'opposent par contre à l'initiative qui demande un salaire minimum de 23,6 francs de l'heure (non à 50,8 pour cent)."
5683,35.2,35.2,64.8,"Prévonloup (VD)","Oui à 52,8 pour cent au contre-projet fixant le salaire minimum à 23 francs de l'heure et prévoyant la primauté d'une éventuelle convention collective de travail. Et oui aussi à 52 pour cent à l'initiative qui exige un salaire minimum de 23,6 francs de l'heure. Invités à trancher entre ces deux propositions, les habitants de Prévonloup ont opté pour le contre-projet avec 64,8 pour cent de oui."
5684,42.9,42.9,57.1,"Rossenges (VD)","Les citoyens de Rossenges acceptent avec 76,5 pour cent de oui l'initiative exigeant un salaire minimum de 23,6 francs de l'heure. Ils refusent le contre-projet du Conseil d'Etat (74,4 pour cent de non), qui prévoit un salaire minimum de 23 francs de l'heure et la primauté d'une éventuelle convention collective de travail."
5688,13.2,13.2,86.8,"Syens (VD)","Les citoyens de Syens acceptent avec 97,5 pour cent de oui le contre-projet qui fixe le salaire minimum à 23 francs de l'heure et prévoit la primauté d'une éventuelle convention collective de travail. Ils s'opposent par contre à l'initiative qui demande un salaire minimum de 23,6 francs de l'heure (non à 67,8 pour cent)."
5690,85,85,15,"Villars-le-Comte (VD)","Les citoyens de Villars-le-Comte acceptent l'initiative qui vise à fixer le salaire minimum à 23,6 francs de l'heure. Ils sont 55,8 pour cent à approuver ce texte. Les ayants droit de Villars-le-Comte ont également dit oui au contre-projet du Conseil d'Etat, qui fixe le salaire minimum à 23 francs de l'heure et prévoit qu'une éventuelle convention collective de travail prime sur ce minimum. Ils l'acceptent à 92,5 pour cent. Les électeurs donnent cependant leur préférence à l'initiative, avec 85 pour cent de oui."
5692,22,22,78,"Vucherens (VD)","C'est oui à 50,7 pour cent à Vucherens au contre-projet qui fixe le salaire minimum à 23 francs de l'heure et prévoit la primauté d'une éventuelle convention collective de travail. C'est non par contre à 58,6 pour cent à l'initiative qui demande un salaire minimum de 23,6 francs de l'heure."
5693,77.1,77.1,22.9,"Montanaire (VD)","Les citoyens de Montanaire acceptent l'initiative qui vise à fixer le salaire minimum à 23,6 francs de l'heure. Ils sont 73,9 pour cent à approuver ce texte. Les ayants droit de Montanaire ont également dit oui au contre-projet du Conseil d'Etat, qui fixe le salaire minimum à 23 francs de l'heure et prévoit qu'une éventuelle convention collective de travail prime sur ce minimum. Ils l'acceptent à 65,2 pour cent. Les électeurs donnent cependant leur préférence à l'initiative, avec 77,1 pour cent de oui."
5701,18.8,18.8,81.2,"Arnex-sur-Nyon (VD)","Les citoyens d'Arnex-sur-Nyon acceptent avec 72,9 pour cent de oui l'initiative exigeant un salaire minimum de 23,6 francs de l'heure. Ils refusent le contre-projet du Conseil d'Etat (80,3 pour cent de non), qui prévoit un salaire minimum de 23 francs de l'heure et la primauté d'une éventuelle convention collective de travail."
5702,33,33,67,"Arzier-Le Muids (VD)","Les citoyens d'Arzier-Le Muids acceptent avec 66,5 pour cent de oui l'initiative exigeant un salaire minimum de 23,6 francs de l'heure. Ils refusent le contre-projet du Conseil d'Etat (90,1 pour cent de non), qui prévoit un salaire minimum de 23 francs de l'heure et la primauté d'une éventuelle convention collective de travail."
5703,62,62,38,"Bassins (VD)","C'est oui à Bassins à 80,4 pour cent à l'initiative qui demande de fixer le salaire minimum à 23,6 francs de l'heure. C'est non par contre à 98,1 pour cent au contre-projet du Conseil d'Etat qui prévoit un salaire minimum de 23 francs de l'heure et la primauté d'une éventuelle convention collective de travail."
5704,70.1,70.1,29.9,"Begnins (VD)","Les ayants droit de Begnins ont tranché: ils sont favorables à l'initiative qui demande de fixer le salaire minimum à 23,6 francs de l'heure. Les citoyens ont dit oui à 91,7. Ils acceptent aussi le contre-projet du gouvernement avec 77,3 pour cent de oui. Cette proposition fixe le salaire minimum à 23 francs de l'heure tout en donnant la priorité à une éventuelle convention collective de travail. Invités à choisir, les habitants de Begnins tranchent toutefois en faveur de l'initiative avec 70,1 pour cent de oui."
5705,57.6,57.6,42.4,"Bogis-Bossey (VD)","Les citoyens de Bogis-Bossey acceptent avec 68,5 pour cent de oui le contre-projet qui fixe le salaire minimum à 23 francs de l'heure et prévoit la primauté d'une éventuelle convention collective de travail. Ils s'opposent par contre à l'initiative qui demande un salaire minimum de 23,6 francs de l'heure (non à 60,4 pour cent)."
5706,91,91,9,"Borex (VD)","Ni l'initiative, ni le contre-projet ne trouvent grâce aux yeux des citoyens de Borex. Ils refusent avec 53 pour cent de non l'initiative fixant le salaire minimum à 23,6 francs de l'heure. Ils s'opposent aussi au contre-projet (87,8 pour cent de non), qui fixe le salaire minimum à 23 francs de l'heure et prévoit la primauté d'une éventuelle convention collective de travail."
5707,67.7,67.7,32.3,"Chavannes-de-Bogis (VD)","Non à 93,2 pour cent à l'initiative qui demande un salaire minimum de 23,6 francs de l'heure, et non aussi à 96 pour cent au contre-projet qui fixe le salaire minimum à 23 francs de l'heure tout en donnant la priorité aux conventions collectives de travail. Les citoyens de Chavannes-de-Bogis ont refusé les deux propositions."
5708,52.4,52.4,47.6,"Chavannes-des-Bois (VD)","Oui à 56,7 pour cent à l'initiative visant à fixer le salaire minimum à 23,6 francs de l'heure. Oui également avec 58,1 pour cent au contre-projet du Conseil d'Etat, qui prévoit un salaire minimum de 23 francs de l'heure et la primauté d'une éventuelle convention collective de travail. Les citoyens de Chavannes-des-Bois ont toutefois préféré l'initiative avec 52,4 pour cent de oui."
5709,35.5,35.5,64.5,"Chéserex (VD)","Les citoyens de Chéserex disent oui à 87,6 au contre-projet qui fixe le salaire minimum à 23 francs de l'heure et donne la priorité à une éventuelle convention collective de travail. Ils refusent par contre l'initiative qui demande un salaire minimum de 23,6 francs de l'heure (non à 58,4 pour cent)."
5710,88.6,88.6,11.4,"Coinsins (VD)","Les citoyens de Coinsins acceptent avec 83,9 pour cent de oui le contre-projet qui fixe le salaire minimum à 23 francs de l'heure et prévoit la primauté d'une éventuelle convention collective de travail. Ils s'opposent par contre à l'initiative qui demande un salaire minimum de 23,6 francs de l'heure (non à 55,2 pour cent)."
5711,50,50,50,"Commugny (VD)","Les citoyens de Commugny acceptent l'initiative qui vise à fixer le salaire minimum à 23,6 francs de l'heure. Ils sont 57,5 pour cent à approuver ce texte. Les ayants droit de Commugny ont également dit oui au contre-projet du Conseil d'Etat, qui fixe le salaire minimum à 23 francs de l'heure et prévoit qu'une éventuelle convention collective de travail prime sur ce minimum. Ils l'acceptent à 55,6 pour cent. Les électeurs donnent cependant leur préférence à l'initiative, avec 50 pour cent de oui."
5712,50.9,50.9,49.1,"Coppet (VD)","Les citoyens de Coppet acceptent avec 61,7 pour cent de oui l'initiative exigeant un salaire minimum de 23,6 francs de l'heure. Ils refusent le contre-projet du Conseil d'Etat (58,8 pour cent de non), qui prévoit un salaire minimum de 23 francs de l'heure et la primauté d'une éventuelle convention collective de travail."
5713,46.9,46.9,53.1,"Crans-près-Céligny (VD)","Les citoyens de Crans-près-Céligny souhaitent instaurer un salaire minimum de 23 francs de l'heure avec priorité aux conventions collectives de travail. Ils ont dit oui à 59,4 pour cent au contre-projet d'une initiative qui demandait un salaire minimum de 23,6 francs de l'heure. Ils ont été 53,1 pour cent à préférer le contre-projet. L'initiative a obtenu 99,3 pour cent de oui."
5714,97.3,97.3,2.7,"Crassier (VD)","Oui à 60,4 pour cent à l'initiative visant à fixer le salaire minimum à 23,6 francs de l'heure. Oui également avec 81,3 pour cent au contre-projet du Conseil d'Etat, qui prévoit un salaire minimum de 23 francs de l'heure et la primauté d'une éventuelle convention collective de travail. Les citoyens de Crassier ont toutefois préféré l'initiative avec 97,3 pour cent de oui."
5715,78.9,78.9,21.1,"Duillier (VD)","Les citoyens de Duillier acceptent avec 91,6 pour cent de oui l'initiative exigeant un salaire minimum de 23,6 francs de l'heure. Ils refusent le contre-projet du Conseil d'Etat (74,1 pour cent de non), qui prévoit un salaire minimum de 23 francs de l'heure et la primauté d'une éventuelle convention collective de travail."
5716,50.8,50.8,49.2,"Eysins (VD)","Les citoyens d'Eysins acceptent avec 56,8 pour cent de oui le contre-projet qui fixe le salaire minimum à 23 francs de l'heure et prévoit la primauté d'une éventuelle convention collective de travail. Ils s'opposent par contre à l'initiative qui demande un salaire minimum de 23,6 francs de l'heure (non à 69,9 pour cent)."
5717,11,11,89,"Founex (VD)","Les citoyens de Founex disent oui à 70,7 au contre-projet qui fixe le salaire minimum à 23 francs de l'heure et donne la priorité à une éventuelle convention collective de travail. Ils refusent par contre l'initiative qui demande un salaire minimum de 23,6 francs de l'heure (non à 87,5 pour cent)."
5718,82.6,82.6,17.4,"Genolier (VD)","Les ayants droit de Genolier ont tranché: ils sont favorables à l'initiative qui demande de fixer le salaire minimum à 23,6 francs de l'heure. Les citoyens ont dit oui à 64,2. Ils acceptent aussi le contre-projet du gouvernement avec 82,2 pour cent de oui. Cette proposition fixe le salaire minimum à 23 francs de l'heure tout en donnant la priorité à une éventuelle convention collective de travail. Invités à choisir, les habitants de Genolier tranchent toutefois en faveur de l'initiative avec 82,6 pour cent de oui."
5719,24.7,24.7,75.3,"Gingins (VD)","Non à 52,2 pour cent à l'initiative qui demande un salaire minimum de 23,6 francs de l'heure, et non aussi à 82,5 pour cent au contre-projet qui fixe le salaire minimum à 23 francs de l'heure tout en donnant la priorité aux conventions collectives de travail. Les citoyens de Gingins ont refusé les deux propositions."
5720,47.5,47.5,52.5,"Givrins (VD)","Les citoyens de Givrins disent oui à 55,1 à l'initiative demandant de fixer le salaire minimum à 23,6 francs de l'heure. Ils s'opposent par contre au contre-projet du Conseil d'Etat qui fixe le salaire minimum à 23 francs de l'heure et donne la priorité à une éventuelle convention collective de travail, avec 89,3 pour cent de non."
5721,37.4,37.4,62.6,"Gland (VD)","Les citoyens de Gland disent oui à 78,1 au contre-projet qui fixe le salaire minimum à 23 francs de l'heure et donne la priorité à une éventuelle convention collective de travail. Ils refusent par contre l'initiative qui demande un salaire minimum de 23,6 francs de l'heure (non à 96,4 pour cent)."
5722,19.1,19.1,80.9,"Grens (VD)","Les citoyens de Grens ont tranché en faveur du contre-projet du Conseil d'Etat qui fixe le salaire minimum à 23 francs de l'heure et prévoit la primauté d'une éventuelle convention collective de travail (80,9 pour cent de oui). Ils ont préféré cette proposition avec 85,1 pour cent de oui. Ils ont toutefois également approuvé avec 92,1 pour cent de oui l'initiative demandant un salaire minimum de 23,6 francs de l'heure."
5723,64.4,64.4,35.6,"Mies (VD)","Ni l'initiative, ni le contre-projet ne trouvent grâce aux yeux des citoyens de Mies. Ils refusent avec 93,6 pour cent de non l'initiative fixant le salaire minimum à 23,6 francs de l'heure. Ils s'opposent aussi au contre-projet (59,9 pour cent de non), qui fixe le salaire minimum à 23 francs de l'heure et prévoit la primauté d'une éventuelle convention collective de travail."
5724,91.6,91.6,8.4,"Nyon (VD)","Ni l'initiative, ni le contre-projet ne trouvent grâce aux yeux des citoyens de Nyon. Ils refusent avec 52,9 pour cent de non l'initiative fixant le salaire minimum à 23,6 francs de l'heure. Ils s'opposent aussi au contre-projet (74,3 pour cent de non), qui fixe le salaire minimum à 23 francs de l'heure et prévoit la primauté d'une éventuelle convention collective de travail."
5725,80.2,80.2,19.8,"Prangins (VD)","Les citoyens de Prangins acceptent avec 66,2 pour cent de oui le contre-projet qui fixe le salaire minimum à 23 francs de l'heure et prévoit la primauté d'une éventuelle convention collective de travail. Ils s'opposent par contre à l'initiative qui demande un salaire minimum de 23,6 francs de l'heure (non à 61,5 pour cent)."
5726,48.4,48.4,51.6,"La Rippe (VD)","Les citoyens de La Rippe acceptent avec 56,2 pour cent de oui l'initiative exigeant un salaire minimum de 23,6 francs de l'heure. Ils refusent le contre-projet du Conseil d'Etat (56,4 pour cent de non), qui prévoit un salaire minimum de 23 francs de l'heure et la primauté d'une éventuelle convention collective de travail."
5727,58.9,58.9,41.1,"Saint-Cergue (VD)","Les citoyens de Saint-Cergue acceptent avec 54,8 pour cent de oui le contre-projet qui fixe le salaire minimum à 23 francs de l'heure et prévoit la primauté d'une éventuelle convention collective de travail. Ils s'opposent par contre à l'initiative qui demande un salaire minimum de 23,6 francs de l'heure (non à 85,7 pour cent)."
5728,47.6,47.6,52.4,"Signy-Avenex (VD)","Non à 78 pour cent à l'initiative qui demande un salaire minimum de 23,6 francs de l'heure, et non aussi à 70,7 pour cent au contre-projet qui fixe le salaire minimum à 23 francs de l'heure tout en donnant la priorité aux conventions collectives de travail. Les citoyens de Signy-Avenex ont refusé les deux propositions."
5729,92.2,92.2,7.8,"Tannay (VD)","Les ayants droit de Tannay ont tranché: ils sont favorables à l'initiative qui demande de fixer le salaire minimum à 23,6 francs de l'heure. Les citoyens ont dit oui à 70,6. Ils acceptent aussi le contre-projet du gouvernement avec 57,4 pour cent de oui. Cette proposition fixe le salaire minimum à 23 francs de l'heure tout en donnant la priorité à une éventuelle convention collective de travail. Invités à choisir, les habitants de Tannay tranchent toutefois en faveur de l'initiative avec 92,2 pour cent de oui."
5730,74.2,74.2,25.8,"Trélex (VD)","Les citoyens de Trélex ne veulent ni d'un salaire minimum fixé à 23,6 francs de l'heure, ni du contre-projet fixant le salaire minimum à 23 francs de l'heure avec priorité aux conventions collectives de travail. Ils ont refusé l'initiative avec 79,8 pour cent de non et le contre-projet avec 74,7 pour cent de non."
5731,52.1,52.1,47.9,"Le Vaud (VD)","Les citoyens de Le Vaud disent oui à 59 au contre-projet qui fixe le salaire minimum à 23 francs de l'heure et donne la priorité à une éventuelle convention collective de travail. Ils refusent par contre l'initiative qui demande un salaire minimum de 23,6 francs de l'heure (non à 61,5 pour cent)."
5732,46.6,46.6,53.4,"Vich (VD)","Les citoyens de Vich ne veulent ni d'un salaire minimum fixé à 23,6 francs de l'heure, ni du contre-projet fixant le salaire minimum à 23 francs de l'heure avec priorité aux conventions collectives de travail. Ils ont refusé l'initiative avec 50,5 pour cent de non et le contre-projet avec 66,1 pour cent de non."
5741,44.7,44.7,55.3,"L'Abergement (VD)","Les citoyens de L'Abergement acceptent avec 63,8 pour cent de oui l'initiative exigeant un salaire minimum de 23,6 francs de l'heure. Ils refusent le contre-projet du Conseil d'Etat (99,1 pour cent de non), qui prévoit un salaire minimum de 23 francs de l'heure et la primauté d'une éventuelle convention collective de travail."
5742,47,47,53,"Agiez (VD)","Les citoyens d'Agiez acceptent avec 52,5 pour cent de oui l'initiative exigeant un salaire minimum de 23,6 francs de l'heure. Ils refusent le contre-projet du Conseil d'Etat (59,9 pour cent de non), qui prévoit un salaire minimum de 23 francs de l'heure et la primauté d'une éventuelle convention collective de travail."
5743,63.7,63.7,36.3,"Arnex-sur-Orbe (VD)","Ni l'initiative, ni le contre-projet ne trouvent grâce aux yeux des citoyens d'Arnex-sur-Orbe. Ils refusent avec 65,3 pour cent de non l'initiative fixant le salaire minimum à 23,6 francs de l'heure. Ils s'opposent aussi au contre-projet (50,2 pour cent de non), qui fixe le salaire minimum à 23 francs de l'heure et prévoit la primauté d'une éventuelle convention collective de travail."
5744,53.8,53.8,46.2,"Ballaigues (VD)","Les citoyens de Ballaigues disent oui à 70,7 au contre-projet qui fixe le salaire minimum à 23 francs de l'heure et donne la priorité à une éventuelle convention collective de travail. Ils refusent par contre l'initiative qui demande un salaire minimum de 23,6 francs de l'heure (non à 56,8 pour cent)."
5745,28.6,28.6,71.4,"Baulmes (VD)","C'est oui à Baulmes à 62,7 pour cent à l'initiative qui demande de fixer le salaire minimum à 23,6 francs de l'heure. C'est non par contre à 53,8 pour cent au contre-projet du Conseil d'Etat qui prévoit un salaire minimum de 23 francs de l'heure et la primauté d'une éventuelle convention collective de travail."
5746,44.6,44.6,55.4,"Bavois (VD)","Oui à 63,1 pour cent au contre-projet fixant le salaire minimum à 23 francs de l'heure et prévoyant la primauté d'une éventuelle convention collective de travail. Et oui aussi à 63,9 pour cent à l'initiative qui exige un salaire minimum de 23,6 francs de l'heure. Invités à trancher entre ces deux propositions, les habitants de Bavois ont opté pour le contre-projet avec 55,4 pour cent de oui."
5747,87.2,87.2,12.8,"Bofflens (VD)","Les citoyens de Bofflens ne veulent ni d'un salaire minimum fixé à 23,6 francs de l'heure, ni du contre-projet fixant le salaire minimum à 23 francs de l'heure avec priorité aux conventions collectives de travail. Ils ont refusé l'initiative avec 69,5 pour cent de non et le contre-projet avec 71,7 pour cent de non."
5748,69.6,69.6,30.4,"Bretonnières (VD)","Oui à 76,1 pour cent à l'initiative visant à fixer le salaire minimum à 23,6 francs de l'heure. Oui également avec 65,5 pour cent au contre-projet du Conseil d'Etat, qui prévoit un salaire minimum de 23 francs de l'heure et la primauté d'une éventuelle convention collective de travail. Les citoyens de Bretonnières ont toutefois préféré l'initiative avec 69,6 pour cent de oui."
5749,92.8,92.8,7.2,"Chavornay (VD)","Les citoyens de Chavornay acceptent l'initiative qui vise à fixer le salaire minimum à 23,6 francs de l'heure. Ils sont 50,1 pour cent à approuver ce texte. Les ayants droit de Chavornay ont également dit oui au contre-projet du Conseil d'Etat, qui fixe le salaire minimum à 23 francs de l'heure et prévoit qu'une éventuelle convention collective de travail prime sur ce minimum. Ils l'acceptent à 66,5 pour cent. Les électeurs donnent cependant leur préférence à l'initiative, avec 92,8 pour cent de oui."
5750,51.6,51.6,48.4,"Les Clées (VD)","Les citoyens des Clées acceptent avec 58,2 pour cent de oui l'initiative exigeant un salaire minimum de 23,6 francs de l'heure. Ils refusent le contre-projet du Conseil d'Etat (50,8 pour cent de non), qui prévoit un salaire minimum de 23 francs de l'heure et la primauté d'une éventuelle convention collective de travail."
5752,54,54,46,"Croy (VD)","Ni l'initiative, ni le contre-projet ne trouvent grâce aux yeux des citoyens de Croy. Ils refusent avec 80,6 pour cent de non l'initiative fixant le salaire minimum à 23,6 francs de l'heure. Ils s'opposent aussi au contre-projet (52,1 pour cent de non), qui fixe le salaire minimum à 23 francs de l'heure et prévoit la primauté d'une éventuelle convention collective de travail."
5754,85.8,85.8,14.2,"Juriens (VD)","C'est oui à 69,3 pour cent à Juriens au contre-projet qui fixe le salaire minimum à 23 francs de l'heure et prévoit la primauté d'une éventuelle convention collective de travail. C'est non par contre à 50,1 pour cent à l'initiative qui demande un salaire minimum de 23,6 francs de l'heure."
5755,55.1,55.1,44.9,"Lignerolle (VD)","Les citoyens de Lignerolle acceptent avec 67,4 pour cent de oui le contre-projet qui fixe le salaire minimum à 23 francs de l'heure et prévoit la primauté d'une éventuelle convention collective de travail. Ils s'opposent par contre à l'initiative qui demande un salaire minimum de 23,6 francs de l'heure (non à 98,1 pour cent)."
5756,43,43,57,"Montcherand (VD)","Non à 57,5 pour cent à l'initiative qui demande un salaire minimum de 23,6 francs de l'heure, et non aussi à 58,9 pour cent au contre-projet qui fixe le salaire minimum à 23 francs de l'heure tout en donnant la priorité aux conventions collectives de travail. Les citoyens de Montcherand ont refusé les deux propositions."
5757,37.8,37.8,62.2,"Orbe (VD)","C'est oui à 97,3 pour cent à Orbe au contre-projet qui fixe le salaire minimum à 23 francs de l'heure et prévoit la primauté d'une éventuelle convention collective de travail. C'est non par contre à 63,3 pour cent à l'initiative qui demande un salaire minimum de 23,6 francs de l'heure."
5758,58.1,58.1,41.9,"La Praz (VD)","Oui à 57,9 pour cent à l'initiative visant à fixer le salaire minimum à 23,6 francs de l'heure. Oui également avec 52,4 pour cent au contre-projet du Conseil d'Etat, qui prévoit un salaire minimum de 23 francs de l'heure et la primauté d'une éventuelle convention collective de travail. Les citoyens de La Praz ont toutefois préféré l'initiative avec 58,1 pour cent de oui."
5759,71.1,71.1,28.9,"Premier (VD)","Les citoyens de Premier disent oui à 70,4 au contre-projet qui fixe le salaire minimum à 23 francs de l'heure et donne la priorité à une éventuelle convention collective de travail. Ils refusent par contre l'initiative qui demande un salaire minimum de 23,6 francs de l'heure (non à 67,3 pour cent)."
5760,73.9,73.9,26.1,"Rances (VD)","Non à 96,4 pour cent à l'initiative qui demande un salaire minimum de 23,6 francs de l'heure, et non aussi à 59,9 pour cent au contre-projet qui fixe le salaire minimum à 23 francs de l'heure tout en donnant la priorité aux conventions collectives de travail. Les citoyens de Rances ont refusé les deux propositions."
5761,91.8,91.8,8.2,"Romainmôtier-Envy (VD)","Oui à 65,6 pour cent à l'initiative visant à fixer le salaire minimum à 23,6 francs de l'heure. Oui également avec 77,4 pour cent au contre-projet du Conseil d'Etat, qui prévoit un salaire minimum de 23 francs de l'heure et la primauté d'une éventuelle convention collective de travail. Les citoyens de Romainmôtier-Envy ont toutefois préféré l'initiative avec 91,8 pour cent de oui."
5762,56.8,56.8,43.2,"Sergey (VD)","Les citoyens de Sergey acceptent avec 68 pour cent de oui le contre-projet qui fixe le salaire minimum à 23 francs de l'heure et prévoit la primauté d'une éventuelle convention collective de travail. Ils s'opposent par contre à l'initiative qui demande un salaire minimum de 23,6 francs de l'heure (non à 56,1 pour cent)."
5763,72.5,72.5,27.5,"Valeyres-sous-Rances (VD)","Les citoyens de Valeyres-sous-Rances ne veulent ni d'un salaire minimum fixé à 23,6 francs de l'heure, ni du contre-projet fixant le salaire minimum à 23 francs de l'heure avec priorité aux conventions collectives de travail. Ils ont refusé l'initiative avec 50,1 pour cent de non et le contre-projet avec 87,3 pour cent de non."
5764,10.1,10.1,89.9,"Vallorbe (VD)","Les citoyens de Vallorbe disent oui à 59,8 à l'initiative demandant de fixer le salaire minimum à 23,6 francs de l'heure. Ils s'opposent par contre au contre-projet du Conseil d'Etat qui fixe le salaire minimum à 23 francs de l'heure et donne la priorité à une éventuelle convention collective de travail, avec 53,8 pour cent de non."
5765,37.6,37.6,62.4,"Vaulion (VD)","Oui à 74,2 pour cent au contre-projet fixant le salaire minimum à 23 francs de l'heure et prévoyant la primauté d'une éventuelle convention collective de travail. Et oui aussi à 69,7 pour cent à l'initiative qui exige un salaire minimum de 23,6 francs de l'heure. Invités à trancher entre ces deux propositions, les habitants de Vaulion ont opté pour le contre-projet avec 62,4 pour cent de oui."
5766,91,91,9,"Vuiteboeuf (VD)","C'est oui à 51 pour cent à Vuiteboeuf au contre-projet qui fixe le salaire minimum à 23 francs de l'heure et prévoit la primauté d'une éventuelle convention collective de travail. C'est non par contre à 70,1 pour cent à l'initiative qui demande un salaire minimum de 23,6 francs de l'heure."
5785,5.2,5.2,94.8,"Corcelles-le-Jorat (VD)","Les citoyens de Corcelles-le-Jorat disent oui à 62,8 au contre-projet qui fixe le salaire minimum à 23 francs de l'heure et donne la priorité à une éventuelle convention collective de travail. Ils refusent par contre l'initiative qui demande un salaire minimum de 23,6 francs de l'heure (non à 56,1 pour cent)."
5790,98.2,98.2,1.8,"Maracon (VD)","Les ayants droit de Maracon ont tranché: ils sont favorables à l'initiative qui demande de fixer le salaire minimum à 23,6 francs de l'heure. Les citoyens ont dit oui à 56,1. Ils acceptent aussi le contre-projet du gouvernement avec 70,1 pour cent de oui. Cette proposition fixe le salaire minimum à 23 francs de l'heure tout en donnant la priorité à une éventuelle convention collective de travail. Invités à choisir, les habitants de Maracon tranchent toutefois en faveur de l'initiative avec 98,2 pour cent de oui."
5792,53.2,53.2,46.8,"Montpreveyres (VD)","Les citoyens de Montpreveyres acceptent avec 77,3 pour cent de oui le contre-projet qui fixe le salaire minimum à 23 francs de l'heure et prévoit la primauté d'une éventuelle convention collective de travail. Ils s'opposent par contre à l'initiative qui demande un salaire minimum de 23,6 francs de l'heure (non à 72,4 pour cent)."
5798,47.6,47.6,52.4,"Ropraz (VD)","Les citoyens de Ropraz ne veulent ni d'un salaire minimum fixé à 23,6 francs de l'heure, ni du contre-projet fixant le salaire minimum à 23 francs de l'heure avec priorité aux conventions collectives de travail. Ils ont refusé l'initiative avec 56,1 pour cent de non et le contre-projet avec 76,3 pour cent de non."
5799,47.2,47.2,52.8,"Servion (VD)","Les citoyens de Servion disent oui à 54,5 au contre-projet qui fixe le salaire minimum à 23 francs de l'heure et donne la priorité à une éventuelle convention collective de travail. Ils refusent par contre l'initiative qui demande un salaire minimum de 23,6 francs de l'heure (non à 75,5 pour cent)."
5803,64.5,64.5,35.5,"Vulliens (VD)","Les citoyens de Vulliens ne veulent ni d'un salaire minimum fixé à 23,6 francs de l'heure, ni du contre-projet fixant le salaire minimum à 23 francs de l'heure avec priorité aux conventions collectives de travail. Ils ont refusé l'initiative avec 84,9 pour cent de non et le contre-projet avec 71,2 pour cent de non."
5804,57.1,57.1,42.9,"Jorat-Menthue (VD)","Ni l'initiative, ni le contre-projet ne trouvent grâce aux yeux des citoyens de Jorat-Menthue. Ils refusent avec 73,1 pour cent de non l'initiative fixant le salaire minimum à 23,6 francs de l'heure. Ils s'opposent aussi au contre-projet (56,2 pour cent de non), qui fixe le salaire minimum à 23 francs de l'heure et prévoit la primauté d'une éventuelle convention collective de travail."
5805,53.7,53.7,46.3,"Oron (VD)","Oui à 52,6 pour cent à l'initiative visant à fixer le salaire minimum à 23,6 francs de l'heure. Oui également avec 75,6 pour cent au contre-projet du Conseil d'Etat, qui prévoit un salaire minimum de 23 francs de l'heure et la primauté d'une éventuelle convention collective de travail. Les citoyens d'Oron ont toutefois préféré l'initiative avec 53,7 pour cent de oui."
5806,44.4,44.4,55.6,"Jorat-Mézières (VD)","Les citoyens de Jorat-Mézières ne veulent ni d'un salaire minimum fixé à 23,6 francs de l'heure, ni du contre-projet fixant le salaire minimum à 23 francs de l'heure avec priorité aux conventions collectives de travail. Ils ont refusé l'initiative avec 55,5 pour cent de non et le contre-projet avec 72,2 pour cent de non."
5812,52.7,52.7,47.3,"Champtauroz (VD)","Oui à 61,3 pour cent à l'initiative visant à fixer le salaire minimum à 23,6 francs de l'heure. Oui également avec 51 pour cent au contre-projet du Conseil d'Etat, qui prévoit un salaire minimum de 23 francs de l'heure et la primauté d'une éventuelle convention collective de travail. Les citoyens de Champtauroz ont toutefois préféré l'initiative avec 52,7 pour cent de oui."
5813,58.1,58.1,41.9,"Chevroux (VD)","Les citoyens de Chevroux acceptent avec 82,4 pour cent de oui l'initiative exigeant un salaire minimum de 23,6 francs de l'heure. Ils refusent le contre-projet du Conseil d'Etat (63,5 pour cent de non), qui prévoit un salaire minimum de 23 francs de l'heure et la primauté d'une éventuelle convention collective de travail."
5816,19.3,19.3,80.7,"Corcelles-près-Payerne (VD)","Les citoyens de Corcelles-près-Payerne ne veulent ni d'un salaire minimum fixé à 23,6 francs de l'heure, ni du contre-projet fixant le salaire minimum à 23 francs de l'heure avec priorité aux conventions collectives de travail. Ils ont refusé l'initiative avec 92,7 pour cent de non et le contre-projet avec 79,5 pour cent de non."
5817,25.2,25.2,74.8,"Grandcour (VD)","Oui à 70,3 pour cent au contre-projet fixant le salaire minimum à 23 francs de l'heure et prévoyant la primauté d'une éventuelle convention collective de travail. Et oui aussi à 66,2 pour cent à l'initiative qui exige un salaire minimum de 23,6 francs de l'heure. Invités à trancher entre ces deux propositions, les habitants de Grandcour ont opté pour le contre-projet avec 74,8 pour cent de oui."
5819,39.7,39.7,60.3,"Henniez (VD)","Les citoyens d'Henniez disent oui à 88,2 au contre-projet qui fixe le salaire minimum à 23 francs de l'heure et donne la priorité à une éventuelle convention collective de travail. Ils refusent par contre l'initiative qui demande un salaire minimum de 23,6 francs de l'heure (non à 50,8 pour cent)."
5821,23.2,23.2,76.8,"Missy (VD)","Ni l'initiative, ni le contre-projet ne trouvent grâce aux yeux des citoyens de Missy. Ils refusent avec 53 pour cent de non l'initiative fixant le salaire minimum à 23,6 francs de l'heure. Ils s'opposent aussi au contre-projet (55,2 pour cent de non), qui fixe le salaire minimum à 23 francs de l'heure et prévoit la primauté d'une éventuelle convention collective de travail."
5822,40,40,60,"Payerne (VD)","Les citoyens de Payerne ne veulent ni d'un salaire minimum fixé à 23,6 francs de l'heure, ni du contre-projet fixant le salaire minimum à 23 francs de l'heure avec priorité aux conventions collectives de travail. Ils ont refusé l'initiative avec 81,1 pour cent de non et le contre-projet avec 51,2 pour cent de non."
5827,52.9,52.9,47.1,"Trey (VD)","Ni l'initiative, ni le contre-projet ne trouvent grâce aux yeux des citoyens de Trey. Ils refusent avec 51,7 pour cent de non l'initiative fixant le salaire minimum à 23,6 francs de l'heure. Ils s'opposent aussi au contre-projet (59,5 pour cent de non), qui fixe le salaire minimum à 23 francs de l'heure et prévoit la primauté d'une éventuelle convention collective de travail."
5828,73.6,73.6,26.4,"Treytorrens (Payerne) (VD)","Les citoyens de Treytorrens (Payerne) acceptent avec 59,3 pour cent de oui l'initiative exigeant un salaire minimum de 23,6 francs de l'heure. Ils refusent le contre-projet du Conseil d'Etat (60,3 pour cent de non), qui prévoit un salaire minimum de 23 francs de l'heure et la primauté d'une éventuelle convention collective de travail."
5830,92.1,92.1,7.9,"Villarzel (VD)","Les citoyens de Villarzel ne veulent ni d'un salaire minimum fixé à 23,6 francs de l'heure, ni du contre-projet fixant le salaire minimum à 23 francs de l'heure avec priorité aux conventions collectives de travail. Ils ont refusé l'initiative avec 54,6 pour cent de non et le contre-projet avec 70,4 pour cent de non."
5831,46.5,46.5,53.5,"Valbroye (VD)","Les citoyens de Valbroye disent oui à 85,2 au contre-projet qui fixe le salaire minimum à 23 francs de l'heure et donne la priorité à une éventuelle convention collective de travail. Ils refusent par contre l'initiative qui demande un salaire minimum de 23,6 francs de l'heure (non à 55,4 pour cent)."
5841,70.3,70.3,29.7,"Château-d'Oex (VD)","Les citoyens de Château-d'Oex acceptent avec 64,4 pour cent de oui le contre-projet qui fixe le salaire minimum à 23 francs de l'heure et prévoit la primauté d'une éventuelle convention collective de travail. Ils s'opposent par contre à l'initiative qui demande un salaire minimum de 23,6 francs de l'heure (non à 62,9 pour cent)."
5842,84,84,16,"Rossinière (VD)","Non à 86,3 pour cent à l'initiative qui demande un salaire minimum de 23,6 francs de l'heure, et non aussi à 62,9 pour cent au contre-projet qui fixe le salaire minimum à 23 francs de l'heure tout en donnant la priorité aux conventions collectives de travail. Les citoyens de Rossinière ont refusé les deux propositions."
5843,44.5,44.5,55.5,"Rougemont (VD)","Ni l'initiative, ni le contre-projet ne trouvent grâce aux yeux des citoyens de Rougemont. Ils refusent avec 51,1 pour cent de non l'initiative fixant le salaire minimum à 23,6 francs de l'heure. Ils s'opposent aussi au contre-projet (64,3 pour cent de non), qui fixe le salaire minimum à 23 francs de l'heure et prévoit la primauté d'une éventuelle convention collective de travail."
5851,75.6,75.6,24.4,"Allaman (VD)","Les citoyens d'Allaman ne veulent ni d'un salaire minimum fixé à 23,6 francs de l'heure, ni du contre-projet fixant le salaire minimum à 23 francs de l'heure avec priorité aux conventions collectives de travail. Ils ont refusé l'initiative avec 65,7 pour cent de non et le contre-projet avec 53 pour cent de non."
5852,8.9,8.9,91.1,"Bursinel (VD)","Les citoyens de Bursinel ne veulent ni d'un salaire minimum fixé à 23,6 francs de l'heure, ni du contre-projet fixant le salaire minimum à 23 francs de l'heure avec priorité aux conventions collectives de travail. Ils ont refusé l'initiative avec 56,4 pour cent de non et le contre-projet avec 77,7 pour cent de non."
5853,64.4,64.4,35.6,"Bursins (VD)","Les citoyens de Bursins acceptent avec 69,1 pour cent de oui le contre-projet qui fixe le salaire minimum à 23 francs de l'heure et prévoit la primauté d'une éventuelle convention collective de travail. Ils s'opposent par contre à l'initiative qui demande un salaire minimum de 23,6 francs de l'heure (non à 60,5 pour cent)."
5854,4.2,4.2,95.8,"Burtigny (VD)","C'est oui à 92,9 pour cent à Burtigny au contre-projet qui fixe le salaire minimum à 23 francs de l'heure et prévoit la primauté d'une éventuelle convention collective de travail. C'est non par contre à 51,1 pour cent à l'initiative qui demande un salaire minimum de 23,6 francs de l'heure."
5855,19.6,19.6,80.4,"Dully (VD)","Les citoyens de Dully ont tranché en faveur du contre-projet du Conseil d'Etat qui fixe le salaire minimum à 23 francs de l'heure et prévoit la primauté d'une éventuelle convention collective de travail (80,4 pour cent de oui). Ils ont préféré cette proposition avec 81,6 pour cent de oui. Ils ont toutefois également approuvé avec 65,5 pour cent de oui l'initiative demandant un salaire minimum de 23,6 francs de l'heure."
5856,67.2,67.2,32.8,"Essertines-sur-Rolle (VD)","Les citoyens d'Essertines-sur-Rolle disent oui à 97,1 à l'initiative demandant de fixer le salaire minimum à 23,6 francs de l'heure. Ils s'opposent par contre au contre-projet du Conseil d'Etat qui fixe le salaire minimum à 23 francs de l'heure et donne la priorité à une éventuelle convention collective de travail, avec 61,4 pour cent de non."
5857,23,23,77,"Gilly (VD)","Oui à 77,8 pour cent au contre-projet fixant le salaire minimum à 23 francs de l'heure et prévoyant la primauté d'une éventuelle convention collective de travail. Et oui aussi à 51,2 pour cent à l'initiative qui exige un salaire minimum de 23,6 francs de l'heure. Invités à trancher entre ces deux propositions, les habitants de Gilly ont opté pour le contre-projet avec 77 pour cent de oui."
5858,63,63,37,"Luins (VD)","C'est oui à 81,7 pour cent à Luins au contre-projet qui fixe le salaire minimum à 23 francs de l'heure et prévoit la primauté d'une éventuelle convention collective de travail. C'est non par contre à 66,6 pour cent à l'initiative qui demande un salaire minimum de 23,6 francs de l'heure."
5859,28.1,28.1,71.9,"Mont-sur-Rolle (VD)","Les citoyens de Mont-sur-Rolle acceptent avec 73,3 pour cent de oui l'initiative exigeant un salaire minimum de 23,6 francs de l'heure. Ils refusent le contre-projet du Conseil d'Etat (88,7 pour cent de non), qui prévoit un salaire minimum de 23 francs de l'heure et la primauté d'une éventuelle convention collective de travail."
5860,50.4,50.4,49.6,"Perroy (VD)","Les citoyens de Perroy acceptent avec 65,2 pour cent de oui l'initiative exigeant un salaire minimum de 23,6 francs de l'heure. Ils refusent le contre-projet du Conseil d'Etat (52,5 pour cent de non), qui prévoit un salaire minimum de 23 francs de l'heure et la primauté d'une éventuelle convention collective de travail."
5861,49.1,49.1,50.9,"Rolle (VD)","C'est oui à 57,3 pour cent à Rolle au contre-projet qui fixe le salaire minimum à 23 francs de l'heure et prévoit la primauté d'une éventuelle convention collective de travail. C'est non par contre à 62 pour cent à l'initiative qui demande un salaire minimum de 23,6 francs de l'heure."
5862,31,31,69,"Tartegnin (VD)","Les citoyens de Tartegnin disent oui à 62,2 à l'initiative demandant de fixer le salaire minimum à 23,6 francs de l'heure. Ils s'opposent par contre au contre-projet du Conseil d'Etat qui fixe le salaire minimum à 23 francs de l'heure et donne la priorité à une éventuelle convention collective de travail, avec 91 pour cent de non."
5863,17.7,17.7,82.3,"Vinzel (VD)","Les citoyens de Vinzel souhaitent instaurer un salaire minimum de 23 francs de l'heure avec priorité aux conventions collectives de travail. Ils ont dit oui à 62 pour cent au contre-projet d'une initiative qui demandait un salaire minimum de 23,6 francs de l'heure. Ils ont été 82,3 pour cent à préférer le contre-projet. L'initiative a obtenu 91,6 pour cent de oui."
5871,54.4,54.4,45.6,"L'Abbaye (VD)","Les citoyens de L'Abbaye ne veulent ni d'un salaire minimum fixé à 23,6 francs de l'heure, ni du contre-projet fixant le salaire minimum à 23 francs de l'heure avec priorité aux conventions collectives de travail. Ils ont refusé l'initiative avec 56,5 pour cent de non et le contre-projet avec 67 pour cent de non."
5872,49.8,49.8,50.2,"Le Chenit (VD)","Les citoyens du Chenit disent oui à 87,2 à l'initiative demandant de fixer le salaire minimum à 23,6 francs de l'heure. Ils s'opposent par contre au contre-projet du Conseil d'Etat qui fixe le salaire minimum à 23 francs de l'heure et donne la priorité à une éventuelle convention collective de travail, avec 75,2 pour cent de non."
5873,25.2,25.2,74.8,"Le Lieu (VD)","Non à 63,4 pour cent à l'initiative qui demande un salaire minimum de 23,6 francs de l'heure, et non aussi à 78,2 pour cent au contre-projet qui fixe le salaire minimum à 23 francs de l'heure tout en donnant la priorité aux conventions collectives de travail. Les citoyens du Lieu ont refusé les deux propositions."
5882,73.8,73.8,26.2,"Chardonne (VD)","Les citoyens de Chardonne ne veulent ni d'un salaire minimum fixé à 23,6 francs de l'heure, ni du contre-projet fixant le salaire minimum à 23 francs de l'heure avec priorité aux conventions collectives de travail. Ils ont refusé l'initiative avec 73 pour cent de non et le contre-projet avec 61,1 pour cent de non."
5883,14.2,14.2,85.8,"Corseaux (VD)","Non à 63,4 pour cent à l'initiative qui demande un salaire minimum de 23,6 francs de l'heure, et non aussi à 83,3 pour cent au contre-projet qui fixe le salaire minimum à 23 francs de l'heure tout en donnant la priorité aux conventions collectives de travail. Les citoyens de Corseaux ont refusé les deux propositions."
5884,58.2,58.2,41.8,"Corsier-sur-Vevey (VD)","Les citoyens de Corsier-sur-Vevey disent oui à 57,8 au contre-projet qui fixe le salaire minimum à 23 francs de l'heure et donne la priorité à une éventuelle convention collective de travail. Ils refusent par contre l'initiative qui demande un salaire minimum de 23,6 francs de l'heure (non à 83,6 pour cent)."
5885,42.9,42.9,57.1,"Jongny (VD)","C'est oui à 56,9 pour cent à Jongny au contre-projet qui fixe le salaire minimum à 23 francs de l'heure et prévoit la primauté d'une éventuelle convention collective de travail. C'est non par contre à 68,4 pour cent à l'initiative qui demande un salaire minimum de 23,6 francs de l'heure."
5886,74.9,74.9,25.1,"Montreux (VD)","Oui à 57 pour cent à l'initiative visant à fixer le salaire minimum à 23,6 francs de l'heure. Oui également avec 77,5 pour cent au contre-projet du Conseil d'Etat, qui prévoit un salaire minimum de 23 francs de l'heure et la primauté d'une éventuelle convention collective de travail. Les citoyens de Montreux ont toutefois préféré l'initiative avec 74,9 pour cent de oui."
5889,63.8,63.8,36.2,"La Tour-de-Peilz (VD)","Les citoyens de La Tour-de-Peilz acceptent avec 50 pour cent de oui l'initiative exigeant un salaire minimum de 23,6 francs de l'heure. Ils refusent le contre-projet du Conseil d'Etat (92,1 pour cent de non), qui prévoit un salaire minimum de 23 francs de l'heure et la primauté d'une éventuelle convention collective de travail."
5890,42.1,42.1,57.9,"Vevey (VD)","Les citoyens de Vevey disent oui à 56,3 au contre-projet qui fixe le salaire minimum à 23 francs de l'heure et donne la priorité à une éventuelle convention collective de travail. Ils refusent par contre l'initiative qui demande un salaire minimum de 23,6 francs de l'heure (non à 72,5 pour cent)."
5891,14.5,14.5,85.5,"Veytaux (VD)","Oui à 58,6 pour cent au contre-projet fixant le salaire minimum à 23 francs de l'heure et prévoyant la primauté d'une éventuelle convention collective de travail. Et oui aussi à 68,3 pour cent à l'initiative qui exige un salaire minimum de 23,6 francs de l'heure. Invités à trancher entre ces deux propositions, les habitants de Veytaux ont opté pour le contre-projet avec 85,5 pour cent de oui."
5892,96,96,4,"Blonay-Saint-Légier (VD)","Non à 79,4 pour cent à l'initiative qui demande un salaire minimum de 23,6 francs de l'heure, et non aussi à 55,4 pour cent au contre-projet qui fixe le salaire minimum à 23 francs de l'heure tout en donnant la priorité aux conventions collectives de travail. Les citoyens de Blonay-Saint-Légier ont refusé les deux propositions."
5902,46.7,46.7,53.3,"Belmont-sur-Yverdon (VD)","Non à 53,9 pour cent à l'initiative qui demande un salaire minimum de 23,6 francs de l'heure, et non aussi à 52,8 pour cent au contre-projet qui fixe le salaire minimum à 23 francs de l'heure tout en donnant la priorité aux conventions collectives de travail. Les citoyens de Belmont-sur-Yverdon ont refusé les deux propositions."
5903,61.3,61.3,38.7,"Bioley-Magnoux (VD)","Les ayants droit de Bioley-Magnoux ont tranché: ils sont favorables à l'initiative qui demande de fixer le salaire minimum à 23,6 francs de l'heure. Les citoyens ont dit oui à 90,4. Ils acceptent aussi le contre-projet du gouvernement avec 80,8 pour cent de oui. Cette proposition fixe le salaire minimum à 23 francs de l'heure tout en donnant la priorité à une éventuelle convention collective de travail. Invités à choisir, les habitants de Bioley-Magnoux tranchent toutefois en faveur de l'initiative avec 61,3 pour cent de oui."
5904,23.4,23.4,76.6,"Chamblon (VD)","Les citoyens de Chamblon acceptent avec 76,3 pour cent de oui le contre-projet qui fixe le salaire minimum à 23 francs de l'heure et prévoit la primauté d'une éventuelle convention collective de travail. Ils s'opposent par contre à l'initiative qui demande un salaire minimum de 23,6 francs de l'heure (non à 64,1 pour cent)."
5905,51.4,51.4,48.6,"Champvent (VD)","C'est oui à 74,3 pour cent à Champvent au contre-projet qui fixe le salaire minimum à 23 francs de l'heure et prévoit la primauté d'une éventuelle convention collective de travail. C'est non par contre à 86,3 pour cent à l'initiative qui demande un salaire minimum de 23,6 francs de l'heure."
5907,42.4,42.4,57.6,"Chavannes-le-Chêne (VD)","Les citoyens de Chavannes-le-Chêne souhaitent instaurer un salaire minimum de 23 francs de l'heure avec priorité aux conventions collectives de travail. Ils ont dit oui à 64,4 pour cent au contre-projet d'une initiative qui demandait un salaire minimum de 23,6 francs de l'heure. Ils ont été 57,6 pour cent à préférer le contre-projet. L'initiative a obtenu 56,3 pour cent de oui."
5908,49.4,49.4,50.6,"Chêne-Pâquier (VD)","Ni l'initiative, ni le contre-projet ne trouvent grâce aux yeux des citoyens de Chêne-Pâquier. Ils refusent avec 85 pour cent de non l'initiative fixant le salaire minimum à 23,6 francs de l'heure. Ils s'opposent aussi au contre-projet (83,3 pour cent de non), qui fixe le salaire minimum à 23 francs de l'heure et prévoit la primauté d'une éventuelle convention collective de travail."
5909,23.6,23.6,76.4,"Cheseaux-Noréaz (VD)","Les citoyens de Cheseaux-Noréaz disent oui à 54,7 au contre-projet qui fixe le salaire minimum à 23 francs de l'heure et donne la priorité à une éventuelle convention collective de travail. Ils refusent par contre l'initiative qui demande un salaire minimum de 23,6 francs de l'heure (non à 59,1 pour cent)."
5910,22.3,22.3,77.7,"Cronay (VD)","Ni l'initiative, ni le contre-projet ne trouvent grâce aux yeux des citoyens de Cronay. Ils refusent avec 80,9 pour cent de non l'initiative fixant le salaire minimum à 23,6 francs de l'heure. Ils s'opposent aussi au contre-projet (70,9 pour cent de non), qui fixe le salaire minimum à 23 francs de l'heure et prévoit la primauté d'une éventuelle convention collective de travail."
5911,72.9,72.9,27.1,"Cuarny (VD)","Non à 72,7 pour cent à l'initiative qui demande un salaire minimum de 23,6 francs de l'heure, et non aussi à 71 pour cent au contre-projet qui fixe le salaire minimum à 23 francs de l'heure tout en donnant la priorité aux conventions collectives de travail. Les citoyens de Cuarny ont refusé les deux propositions."
5912,66.7,66.7,33.3,"Démoret (VD)","Les citoyens de Démoret acceptent l'initiative qui vise à fixer le salaire minimum à 23,6 francs de l'heure. Ils sont 56,2 pour cent à approuver ce texte. Les ayants droit de Démoret ont également dit oui au contre-projet du Conseil d'Etat, qui fixe le salaire minimum à 23 francs de l'heure et prévoit qu'une éventuelle convention collective de travail prime sur ce minimum. Ils l'acceptent à 92,7 pour cent. Les électeurs donnent cependant leur préférence à l'initiative, avec 66,7 pour cent de oui."
5913,50.9,50.9,49.1,"Donneloye (VD)","Les citoyens de Donneloye disent oui à 66 au contre-projet qui fixe le salaire minimum à 23 francs de l'heure et donne la priorité à une éventuelle convention collective de travail. Ils refusent par contre l'initiative qui demande un salaire minimum de 23,6 francs de l'heure (non à 83,9 pour cent)."
5914,67.3,67.3,32.7,"Ependes (VD)","Oui à 78,2 pour cent à l'initiative visant à fixer le salaire minimum à 23,6 francs de l'heure. Oui également avec 56,4 pour cent au contre-projet du Conseil d'Etat, qui prévoit un salaire minimum de 23 francs de l'heure et la primauté d'une éventuelle convention collective de travail. Les citoyens d'Ependes (VD) ont toutefois préféré l'initiative avec 67,3 pour cent de oui."
5919,89.1,89.1,10.9,"Mathod (VD)","Non à 53,1 pour cent à l'initiative qui demande un salaire minimum de 23,6 francs de l'heure, et non aussi à 94,6 pour cent au contre-projet qui fixe le salaire minimum à 23 francs de l'heure tout en donnant la priorité aux conventions collectives de travail. Les citoyens de Mathod ont refusé les deux propositions."
5921,64.1,64.1,35.9,"Molondin (VD)","Les ayants droit de Molondin ont tranché: ils sont favorables à l'initiative qui demande de fixer le salaire minimum à 23,6 francs de l'heure. Les citoyens ont dit oui à 55,5. Ils acceptent aussi le contre-projet du gouvernement avec 53,3 pour cent de oui. Cette proposition fixe le salaire minimum à 23 francs de l'heure tout en donnant la priorité à une éventuelle convention collective de travail. Invités à choisir, les habitants de Molondin tranchent toutefois en faveur de l'initiative avec 64,1 pour cent de oui."
5922,54.2,54.2,45.8,"Montagny-près-Yverdon (VD)","Oui à 60,4 pour cent à l'initiative visant à fixer le salaire minimum à 23,6 francs de l'heure. Oui également avec 88 pour cent au contre-projet du Conseil d'Etat, qui prévoit un salaire minimum de 23 francs de l'heure et la primauté d'une éventuelle convention collective de travail. Les citoyens de Montagny-près-Yverdon ont toutefois préféré l'initiative avec 54,2 pour cent de oui."
5923,78,78,22,"Oppens (VD)","Les citoyens d'Oppens disent oui à 89,5 à l'initiative demandant de fixer le salaire minimum à 23,6 francs de l'heure. Ils s'opposent par contre au contre-projet du Conseil d'Etat qui fixe le salaire minimum à 23 francs de l'heure et donne la priorité à une éventuelle convention collective de travail, avec 62 pour cent de non."
5924,0.9,0.9,99.1,"Orges (VD)","Oui à 85,1 pour cent au contre-projet fixant le salaire minimum à 23 francs de l'heure et prévoyant la primauté d'une éventuelle convention collective de travail. Et oui aussi à 99,5 pour cent à l'initiative qui exige un salaire minimum de 23,6 francs de l'heure. Invités à trancher entre ces deux propositions, les habitants d'Orges ont opté pour le contre-projet avec 99,1 pour cent de oui."
5925,58.8,58.8,41.2,"Orzens (VD)","C'est oui à Orzens à 66,5 pour cent à l'initiative qui demande de fixer le salaire minimum à 23,6 francs de l'heure. C'est non par contre à 51,9 pour cent au contre-projet du Conseil d'Etat qui prévoit un salaire minimum de 23 francs de l'heure et la primauté d'une éventuelle convention collective de travail."
5926,67.4,67.4,32.6,"Pomy (VD)","Les citoyens de Pomy disent oui à 81,7 au contre-projet qui fixe le salaire minimum à 23 francs de l'heure et donne la priorité à une éventuelle convention collective de travail. Ils refusent par contre l'initiative qui demande un salaire minimum de 23,6 francs de l'heure (non à 81,9 pour cent)."
5928,67.7,67.7,32.3,"Rovray (VD)","Les citoyens de Rovray acceptent l'initiative qui vise à fixer le salaire minimum à 23,6 francs de l'heure. Ils sont 70,4 pour cent à approuver ce texte. Les ayants droit de Rovray ont également dit oui au contre-projet du Conseil d'Etat, qui fixe le salaire minimum à 23 francs de l'heure et prévoit qu'une éventuelle convention collective de travail prime sur ce minimum. Ils l'acceptent à 57,4 pour cent. Les électeurs donnent cependant leur préférence à l'initiative, avec 67,7 pour cent de oui."
5929,40.6,40.6,59.4,"Suchy (VD)","C'est oui à Suchy à 69,7 pour cent à l'initiative qui demande de fixer le salaire minimum à 23,6 francs de l'heure. C'est non par contre à 76,5 pour cent au contre-projet du Conseil d'Etat qui prévoit un salaire minimum de 23 francs de l'heure et la primauté d'une éventuelle convention collective de travail."
5930,42.8,42.8,57.2,"Suscévaz (VD)","Les citoyens de Suscévaz disent oui à 80,4 au contre-projet qui fixe le salaire minimum à 23 francs de l'heure et donne la priorité à une éventuelle convention collective de travail. Ils refusent par contre l'initiative qui demande un salaire minimum de 23,6 francs de l'heure (non à 81 pour cent)."
5931,51.6,51.6,48.4,"Treycovagnes (VD)","Non à 72,1 pour cent à l'initiative qui demande un salaire minimum de 23,6 francs de l'heure, et non aussi à 93,8 pour cent au contre-projet qui fixe le salaire minimum à 23 francs de l'heure tout en donnant la priorité aux conventions collectives de travail. Les citoyens de Treycovagnes ont refusé les deux propositions."
5932,89.8,89.8,10.2,"Ursins (VD)","C'est oui à 81,5 pour cent à Ursins au contre-projet qui fixe le salaire minimum à 23 francs de l'heure et prévoit la primauté d'une éventuelle convention collective de travail. C'est non par contre à 80,6 pour cent à l'initiative qui demande un salaire minimum de 23,6 francs de l'heure."
5933,31.9,31.9,68.1,"Valeyres-sous-Montagny (VD)","Les citoyens de Valeyres-sous-Montagny disent oui à 52,8 à l'initiative demandant de fixer le salaire minimum à 23,6 francs de l'heure. Ils s'opposent par contre au contre-projet du Conseil d'Etat qui fixe le salaire minimum à 23 francs de l'heure et donne la priorité à une éventuelle convention collective de travail, avec 54,6 pour cent de non."
5934,0.7,0.7,99.3,"Valeyres-sous-Ursins (VD)","Les citoyens de Valeyres-sous-Ursins souhaitent instaurer un salaire minimum de 23 francs de l'heure avec priorité aux conventions collectives de travail. Ils ont dit oui à 75,5 pour cent au contre-projet d'une initiative qui demandait un salaire minimum de 23,6 francs de l'heure. Ils ont été 99,3 pour cent à préférer le contre-projet. L'initiative a obtenu 78,4 pour cent de oui."
5935,82.2,82.2,17.8,"Villars-Epeney (VD)","Les citoyens de Villars-Epeney acceptent l'initiative qui vise à fixer le salaire minimum à 23,6 francs de l'heure. Ils sont 55,9 pour cent à approuver ce texte. Les ayants droit de Villars-Epeney ont également dit oui au contre-projet du Conseil d'Etat, qui fixe le salaire minimum à 23 francs de l'heure et prévoit qu'une éventuelle convention collective de travail prime sur ce minimum. Ils l'acceptent à 56,7 pour cent. Les électeurs donnent cependant leur préférence à l'initiative, avec 82,2 pour cent de oui."
5937,25,25,75,"Vugelles-La Mothe (VD)","Les citoyens de Vugelles-La Mothe disent oui à 81,7 à l'initiative demandant de fixer le salaire minimum à 23,6 francs de l'heure. Ils s'opposent par contre au contre-projet du Conseil d'Etat qui fixe le salaire minimum à 23 francs de l'heure et donne la priorité à une éventuelle convention collective de travail, avec 76,1 pour cent de non."
5938,40.3,40.3,59.7,"Yverdon-les-Bains (VD)","Oui à 51,6 pour cent au contre-projet fixant le salaire minimum à 23 francs de l'heure et prévoyant la primauté d'une éventuelle convention collective de travail. Et oui aussi à 55,2 pour cent à l'initiative qui exige un salaire minimum de 23,6 francs de l'heure. Invités à trancher entre ces deux propositions, les habitants d'Yverdon-les-Bains ont opté pour le contre-projet avec 59,7 pour cent de oui."
5939,60.3,60.3,39.7,"Yvonand (VD)","C'est oui à 66,4 pour cent à Yvonand au contre-projet qui fixe le salaire minimum à 23 francs de l'heure et prévoit la primauté d'une éventuelle convention collective de travail. C'est non par contre à 77,9 pour cent à l'initiative qui demande un salaire minimum de 23,6 francs de l'heure."
