"ID","Gemeinde_color","Ja_Stimmen_In_Prozent","Nein_Stimmen_In_Prozent","Gemeinde_fr","Text_fr"
5401,30.1,30.1,69.9,"Aigle (VD)","Non à 69,9 pour cent à l'initiative qui demande un salaire minimum de 23,6 francs de l'heure, et non aussi à 60,2 pour cent au contre-projet qui fixe le salaire minimum à 23 francs de l'heure tout en donnant la priorité aux conventions collectives de travail. Les citoyens d'Aigle ont refusé les deux propositions."
5402,72.2,72.2,27.8,"Bex (VD)","Les citoyens de Bex souhaitent instaurer un salaire minimum de 23 francs de l'heure avec priorité aux conventions collectives de travail. Ils ont dit oui à 88 pour cent au contre-projet d'une initiative qui demandait un salaire minimum de 23,6 francs de l'heure. Ils ont été 62,9 pour cent à préférer le contre-projet. L'initiative a obtenu 72,2 pour cent de oui."
5403,25.5,25.5,74.5,"Chessel (VD)","Non à 74,5 pour cent à l'initiative qui demande un salaire minimum de 23,6 francs de l'heure, et non aussi à 59,1 pour cent au contre-projet qui fixe le salaire minimum à 23 francs de l'heure tout en donnant la priorité aux conventions collectives de travail. Les citoyens de Chessel ont refusé les deux propositions."
5404,30.9,30.9,69.1,"Corbeyrier (VD)","Ni l'initiative, ni le contre-projet ne trouvent grâce aux yeux des citoyens de Corbeyrier. Ils refusent avec 69,1 pour cent de non l'initiative fixant le salaire minimum à 23,6 francs de l'heure. Ils s'opposent aussi au contre-projet (63,8 pour cent de non), qui fixe le salaire minimum à 23 francs de l'heure et prévoit la primauté d'une éventuelle convention collective de travail."
5405,62.2,62.2,37.8,"Gryon (VD)","Oui à 62,2 pour cent à l'initiative visant à fixer le salaire minimum à 23,6 francs de l'heure. Oui également avec 67,1 pour cent au contre-projet du Conseil d'Etat, qui prévoit un salaire minimum de 23 francs de l'heure et la primauté d'une éventuelle convention collective de travail. Les citoyens de Gryon ont toutefois préféré l'initiative avec 54,9 pour cent de oui."
5406,98.3,98.3,1.7,"Lavey-Morcles (VD)","Les ayants droit de Lavey-Morcles ont tranché: ils sont favorables à l'initiative qui demande de fixer le salaire minimum à 23,6 francs de l'heure. Les citoyens ont dit oui à 98,3. Ils acceptent aussi le contre-projet du gouvernement avec 52,1 pour cent de oui. Cette proposition fixe le salaire minimum à 23 francs de l'heure tout en donnant la priorité à une éventuelle convention collective de travail. Invités à choisir, les habitants de Lavey-Morcles tranchent toutefois en faveur de l'initiative avec 53,3 pour cent de oui."
5407,44.6,44.6,55.4,"Leysin (VD)","C'est oui à 61,6 pour cent à Leysin au contre-projet qui fixe le salaire minimum à 23 francs de l'heure et prévoit la primauté d'une éventuelle convention collective de travail. C'est non par contre à 55,4 pour cent à l'initiative qui demande un salaire minimum de 23,6 francs de l'heure."
5408,40.9,40.9,59.1,"Noville (VD)","Non à 59,1 pour cent à l'initiative qui demande un salaire minimum de 23,6 francs de l'heure, et non aussi à 88,3 pour cent au contre-projet qui fixe le salaire minimum à 23 francs de l'heure tout en donnant la priorité aux conventions collectives de travail. Les citoyens de Noville ont refusé les deux propositions."
5409,51,51,49,"Ollon (VD)","Les citoyens d'Ollon ont tranché en faveur du contre-projet du Conseil d'Etat qui fixe le salaire minimum à 23 francs de l'heure et prévoit la primauté d'une éventuelle convention collective de travail (52,7 pour cent de oui). Ils ont préféré cette proposition avec 54,9 pour cent de oui. Ils ont toutefois également approuvé avec 51 pour cent de oui l'initiative demandant un salaire minimum de 23,6 francs de l'heure."
5410,50.1,50.1,49.9,"Ormont-Dessous (VD)","Les citoyens d'Ormont-Dessous souhaitent instaurer un salaire minimum de 23 francs de l'heure avec priorité aux conventions collectives de travail. Ils ont dit oui à 58,1 pour cent au contre-projet d'une initiative qui demandait un salaire minimum de 23,6 francs de l'heure. Ils ont été 95,1 pour cent à préférer le contre-projet. L'initiative a obtenu 50,1 pour cent de oui."
5411,57.1,57.1,42.9,"Ormont-Dessus (VD)","C'est oui à Ormont-Dessus à 57,1 pour cent à l'initiative qui demande de fixer le salaire minimum à 23,6 francs de l'heure. C'est non par contre à 64,9 pour cent au contre-projet du Conseil d'Etat qui prévoit un salaire minimum de 23 francs de l'heure et la primauté d'une éventuelle convention collective de travail."
5412,38.7,38.7,61.3,"Rennaz (VD)","Non à 61,3 pour cent à l'initiative qui demande un salaire minimum de 23,6 francs de l'heure, et non aussi à 54,9 pour cent au contre-projet qui fixe le salaire minimum à 23 francs de l'heure tout en donnant la priorité aux conventions collectives de travail. Les citoyens de Rennaz ont refusé les deux propositions."
5413,28.7,28.7,71.3,"Roche (VD)","C'est oui à 96 pour cent à Roche (VD) au contre-projet qui fixe le salaire minimum à 23 francs de l'heure et prévoit la primauté d'une éventuelle convention collective de travail. C'est non par contre à 71,3 pour cent à l'initiative qui demande un salaire minimum de 23,6 francs de l'heure."
5414,25.2,25.2,74.8,"Villeneuve (VD)","C'est oui à 71,2 pour cent à Villeneuve (VD) au contre-projet qui fixe le salaire minimum à 23 francs de l'heure et prévoit la primauté d'une éventuelle convention collective de travail. C'est non par contre à 74,8 pour cent à l'initiative qui demande un salaire minimum de 23,6 francs de l'heure."
5415,96.1,96.1,3.9,"Yvorne (VD)","Oui à 96,1 pour cent à l'initiative visant à fixer le salaire minimum à 23,6 francs de l'heure. Oui également avec 61,3 pour cent au contre-projet du Conseil d'Etat, qui prévoit un salaire minimum de 23 francs de l'heure et la primauté d'une éventuelle convention collective de travail. Les citoyens d'Yvorne ont toutefois préféré l'initiative avec 92,7 pour cent de oui."
5422,65.7,65.7,34.3,"Aubonne (VD)","Oui à 65,7 pour cent à l'initiative visant à fixer le salaire minimum à 23,6 francs de l'heure. Oui également avec 54,4 pour cent au contre-projet du Conseil d'Etat, qui prévoit un salaire minimum de 23 francs de l'heure et la primauté d'une éventuelle convention collective de travail. Les citoyens d'Aubonne ont toutefois préféré l'initiative avec 89,1 pour cent de oui."
5423,87.6,87.6,12.4,"Ballens (VD)","C'est oui à Ballens à 87,6 pour cent à l'initiative qui demande de fixer le salaire minimum à 23,6 francs de l'heure. C'est non par contre à 66,4 pour cent au contre-projet du Conseil d'Etat qui prévoit un salaire minimum de 23 francs de l'heure et la primauté d'une éventuelle convention collective de travail."
5424,66.4,66.4,33.6,"Berolle (VD)","Les citoyens de Berolle acceptent avec 66,4 pour cent de oui l'initiative exigeant un salaire minimum de 23,6 francs de l'heure. Ils refusent le contre-projet du Conseil d'Etat (75,2 pour cent de non), qui prévoit un salaire minimum de 23 francs de l'heure et la primauté d'une éventuelle convention collective de travail."
5425,63.5,63.5,36.5,"Bière (VD)","Oui à 63,5 pour cent à l'initiative visant à fixer le salaire minimum à 23,6 francs de l'heure. Oui également avec 86,6 pour cent au contre-projet du Conseil d'Etat, qui prévoit un salaire minimum de 23 francs de l'heure et la primauté d'une éventuelle convention collective de travail. Les citoyens de Bière ont toutefois préféré l'initiative avec 85,5 pour cent de oui."
5426,30.7,30.7,69.3,"Bougy-Villars (VD)","Les citoyens de Bougy-Villars ne veulent ni d'un salaire minimum fixé à 23,6 francs de l'heure, ni du contre-projet fixant le salaire minimum à 23 francs de l'heure avec priorité aux conventions collectives de travail. Ils ont refusé l'initiative avec 69,3 pour cent de non et le contre-projet avec 61,5 pour cent de non."
5427,89.3,89.3,10.7,"Féchy (VD)","Les citoyens de Féchy ont tranché en faveur du contre-projet du Conseil d'Etat qui fixe le salaire minimum à 23 francs de l'heure et prévoit la primauté d'une éventuelle convention collective de travail (59,4 pour cent de oui). Ils ont préféré cette proposition avec 57 pour cent de oui. Ils ont toutefois également approuvé avec 89,3 pour cent de oui l'initiative demandant un salaire minimum de 23,6 francs de l'heure."
5428,41.8,41.8,58.2,"Gimel (VD)","Les citoyens de Gimel ne veulent ni d'un salaire minimum fixé à 23,6 francs de l'heure, ni du contre-projet fixant le salaire minimum à 23 francs de l'heure avec priorité aux conventions collectives de travail. Ils ont refusé l'initiative avec 58,2 pour cent de non et le contre-projet avec 58,5 pour cent de non."
5429,94.6,94.6,5.4,"Longirod (VD)","Les citoyens de Longirod souhaitent instaurer un salaire minimum de 23 francs de l'heure avec priorité aux conventions collectives de travail. Ils ont dit oui à 84,1 pour cent au contre-projet d'une initiative qui demandait un salaire minimum de 23,6 francs de l'heure. Ils ont été 76 pour cent à préférer le contre-projet. L'initiative a obtenu 94,6 pour cent de oui."
5430,62.4,62.4,37.6,"Marchissy (VD)","C'est oui à Marchissy à 62,4 pour cent à l'initiative qui demande de fixer le salaire minimum à 23,6 francs de l'heure. C'est non par contre à 61,8 pour cent au contre-projet du Conseil d'Etat qui prévoit un salaire minimum de 23 francs de l'heure et la primauté d'une éventuelle convention collective de travail."
5431,64.3,64.3,35.7,"Mollens (VD)","C'est oui à Mollens (VD) à 64,3 pour cent à l'initiative qui demande de fixer le salaire minimum à 23,6 francs de l'heure. C'est non par contre à 76 pour cent au contre-projet du Conseil d'Etat qui prévoit un salaire minimum de 23 francs de l'heure et la primauté d'une éventuelle convention collective de travail."
5434,28.4,28.4,71.6,"Saint-George (VD)","Ni l'initiative, ni le contre-projet ne trouvent grâce aux yeux des citoyens de Saint-George. Ils refusent avec 71,6 pour cent de non l'initiative fixant le salaire minimum à 23,6 francs de l'heure. Ils s'opposent aussi au contre-projet (95,7 pour cent de non), qui fixe le salaire minimum à 23 francs de l'heure et prévoit la primauté d'une éventuelle convention collective de travail."
5435,71.6,71.6,28.4,"Saint-Livres (VD)","Les citoyens de Saint-Livres ont tranché en faveur du contre-projet du Conseil d'Etat qui fixe le salaire minimum à 23 francs de l'heure et prévoit la primauté d'une éventuelle convention collective de travail (57,9 pour cent de oui). Ils ont préféré cette proposition avec 71,8 pour cent de oui. Ils ont toutefois également approuvé avec 71,6 pour cent de oui l'initiative demandant un salaire minimum de 23,6 francs de l'heure."
5436,65.7,65.7,34.3,"Saint-Oyens (VD)","Les citoyens de Saint-Oyens disent oui à 65,7 à l'initiative demandant de fixer le salaire minimum à 23,6 francs de l'heure. Ils s'opposent par contre au contre-projet du Conseil d'Etat qui fixe le salaire minimum à 23 francs de l'heure et donne la priorité à une éventuelle convention collective de travail, avec 97,3 pour cent de non."
5437,94.1,94.1,5.9,"Saubraz (VD)","Les ayants droit de Saubraz ont tranché: ils sont favorables à l'initiative qui demande de fixer le salaire minimum à 23,6 francs de l'heure. Les citoyens ont dit oui à 94,1. Ils acceptent aussi le contre-projet du gouvernement avec 54,9 pour cent de oui. Cette proposition fixe le salaire minimum à 23 francs de l'heure tout en donnant la priorité à une éventuelle convention collective de travail. Invités à choisir, les habitants de Saubraz tranchent toutefois en faveur de l'initiative avec 63,5 pour cent de oui."
5451,64.5,64.5,35.5,"Avenches (VD)","Les citoyens d'Avenches ont tranché en faveur du contre-projet du Conseil d'Etat qui fixe le salaire minimum à 23 francs de l'heure et prévoit la primauté d'une éventuelle convention collective de travail (52,2 pour cent de oui). Ils ont préféré cette proposition avec 57,8 pour cent de oui. Ils ont toutefois également approuvé avec 64,5 pour cent de oui l'initiative demandant un salaire minimum de 23,6 francs de l'heure."
5456,55.7,55.7,44.3,"Cudrefin (VD)","Les citoyens de Cudrefin ont tranché en faveur du contre-projet du Conseil d'Etat qui fixe le salaire minimum à 23 francs de l'heure et prévoit la primauté d'une éventuelle convention collective de travail (54,8 pour cent de oui). Ils ont préféré cette proposition avec 75,9 pour cent de oui. Ils ont toutefois également approuvé avec 55,7 pour cent de oui l'initiative demandant un salaire minimum de 23,6 francs de l'heure."
5458,27.8,27.8,72.2,"Faoug (VD)","Non à 72,2 pour cent à l'initiative qui demande un salaire minimum de 23,6 francs de l'heure, et non aussi à 94,2 pour cent au contre-projet qui fixe le salaire minimum à 23 francs de l'heure tout en donnant la priorité aux conventions collectives de travail. Les citoyens de Faoug ont refusé les deux propositions."
5464,36.8,36.8,63.2,"Vully-les-Lacs (VD)","C'est oui à 87,1 pour cent à Vully-les-Lacs au contre-projet qui fixe le salaire minimum à 23 francs de l'heure et prévoit la primauté d'une éventuelle convention collective de travail. C'est non par contre à 63,2 pour cent à l'initiative qui demande un salaire minimum de 23,6 francs de l'heure."
5471,36.9,36.9,63.1,"Bettens (VD)","C'est oui à 66 pour cent à Bettens au contre-projet qui fixe le salaire minimum à 23 francs de l'heure et prévoit la primauté d'une éventuelle convention collective de travail. C'est non par contre à 63,1 pour cent à l'initiative qui demande un salaire minimum de 23,6 francs de l'heure."
5472,12.8,12.8,87.2,"Bournens (VD)","Les citoyens de Bournens disent oui à 71,7 au contre-projet qui fixe le salaire minimum à 23 francs de l'heure et donne la priorité à une éventuelle convention collective de travail. Ils refusent par contre l'initiative qui demande un salaire minimum de 23,6 francs de l'heure (non à 87,2 pour cent)."
5473,13.4,13.4,86.6,"Boussens (VD)","Les citoyens de Boussens ne veulent ni d'un salaire minimum fixé à 23,6 francs de l'heure, ni du contre-projet fixant le salaire minimum à 23 francs de l'heure avec priorité aux conventions collectives de travail. Ils ont refusé l'initiative avec 86,6 pour cent de non et le contre-projet avec 54,1 pour cent de non."
5474,75.5,75.5,24.5,"La Chaux (Cossonay) (VD)","Les citoyens de La Chaux (Cossonay) acceptent l'initiative qui vise à fixer le salaire minimum à 23,6 francs de l'heure. Ils sont 75,5 pour cent à approuver ce texte. Les ayants droit de La Chaux (Cossonay) ont également dit oui au contre-projet du Conseil d'Etat, qui fixe le salaire minimum à 23 francs de l'heure et prévoit qu'une éventuelle convention collective de travail prime sur ce minimum. Ils l'acceptent à 51 pour cent. Les électeurs donnent cependant leur préférence à l'initiative, avec 97,9 pour cent de oui."
5475,26.1,26.1,73.9,"Chavannes-le-Veyron (VD)","Les citoyens de Chavannes-le-Veyron acceptent avec 50,9 pour cent de oui le contre-projet qui fixe le salaire minimum à 23 francs de l'heure et prévoit la primauté d'une éventuelle convention collective de travail. Ils s'opposent par contre à l'initiative qui demande un salaire minimum de 23,6 francs de l'heure (non à 73,9 pour cent)."
5476,82.9,82.9,17.1,"Chevilly (VD)","Les citoyens de Chevilly disent oui à 82,9 à l'initiative demandant de fixer le salaire minimum à 23,6 francs de l'heure. Ils s'opposent par contre au contre-projet du Conseil d'Etat qui fixe le salaire minimum à 23 francs de l'heure et donne la priorité à une éventuelle convention collective de travail, avec 89,4 pour cent de non."
5477,76.3,76.3,23.7,"Cossonay (VD)","Les citoyens de Cossonay souhaitent instaurer un salaire minimum de 23 francs de l'heure avec priorité aux conventions collectives de travail. Ils ont dit oui à 55,2 pour cent au contre-projet d'une initiative qui demandait un salaire minimum de 23,6 francs de l'heure. Ils ont été 64,3 pour cent à préférer le contre-projet. L'initiative a obtenu 76,3 pour cent de oui."
5479,40.1,40.1,59.9,"Cuarnens (VD)","Non à 59,9 pour cent à l'initiative qui demande un salaire minimum de 23,6 francs de l'heure, et non aussi à 57,6 pour cent au contre-projet qui fixe le salaire minimum à 23 francs de l'heure tout en donnant la priorité aux conventions collectives de travail. Les citoyens de Cuarnens ont refusé les deux propositions."
5480,47.1,47.1,52.9,"Daillens (VD)","Les citoyens de Daillens disent oui à 59,5 au contre-projet qui fixe le salaire minimum à 23 francs de l'heure et donne la priorité à une éventuelle convention collective de travail. Ils refusent par contre l'initiative qui demande un salaire minimum de 23,6 francs de l'heure (non à 52,9 pour cent)."
5481,64,64,36,"Dizy (VD)","Les citoyens de Dizy acceptent l'initiative qui vise à fixer le salaire minimum à 23,6 francs de l'heure. Ils sont 64 pour cent à approuver ce texte. Les ayants droit de Dizy ont également dit oui au contre-projet du Conseil d'Etat, qui fixe le salaire minimum à 23 francs de l'heure et prévoit qu'une éventuelle convention collective de travail prime sur ce minimum. Ils l'acceptent à 60,5 pour cent. Les électeurs donnent cependant leur préférence à l'initiative, avec 60,7 pour cent de oui."
5482,58,58,42,"Eclépens (VD)","Les citoyens d'Eclépens acceptent avec 58 pour cent de oui l'initiative exigeant un salaire minimum de 23,6 francs de l'heure. Ils refusent le contre-projet du Conseil d'Etat (59,4 pour cent de non), qui prévoit un salaire minimum de 23 francs de l'heure et la primauté d'une éventuelle convention collective de travail."
5483,51.4,51.4,48.6,"Ferreyres (VD)","Les citoyens de Ferreyres ont tranché en faveur du contre-projet du Conseil d'Etat qui fixe le salaire minimum à 23 francs de l'heure et prévoit la primauté d'une éventuelle convention collective de travail (66,1 pour cent de oui). Ils ont préféré cette proposition avec 66 pour cent de oui. Ils ont toutefois également approuvé avec 51,4 pour cent de oui l'initiative demandant un salaire minimum de 23,6 francs de l'heure."
5484,40.7,40.7,59.3,"Gollion (VD)","C'est oui à 74,3 pour cent à Gollion au contre-projet qui fixe le salaire minimum à 23 francs de l'heure et prévoit la primauté d'une éventuelle convention collective de travail. C'est non par contre à 59,3 pour cent à l'initiative qui demande un salaire minimum de 23,6 francs de l'heure."
5485,49.9,49.9,50.1,"Grancy (VD)","Les citoyens de Grancy ne veulent ni d'un salaire minimum fixé à 23,6 francs de l'heure, ni du contre-projet fixant le salaire minimum à 23 francs de l'heure avec priorité aux conventions collectives de travail. Ils ont refusé l'initiative avec 50,1 pour cent de non et le contre-projet avec 66,2 pour cent de non."
5486,15.8,15.8,84.2,"L'Isle (VD)","Non à 84,2 pour cent à l'initiative qui demande un salaire minimum de 23,6 francs de l'heure, et non aussi à 93,6 pour cent au contre-projet qui fixe le salaire minimum à 23 francs de l'heure tout en donnant la priorité aux conventions collectives de travail. Les citoyens de L'Isle ont refusé les deux propositions."
5487,79.6,79.6,20.4,"Lussery-Villars (VD)","Les citoyens de Lussery-Villars souhaitent instaurer un salaire minimum de 23 francs de l'heure avec priorité aux conventions collectives de travail. Ils ont dit oui à 99,8 pour cent au contre-projet d'une initiative qui demandait un salaire minimum de 23,6 francs de l'heure. Ils ont été 58,9 pour cent à préférer le contre-projet. L'initiative a obtenu 79,6 pour cent de oui."
5488,7,7,93,"Mauraz (VD)","Les citoyens de Mauraz ne veulent ni d'un salaire minimum fixé à 23,6 francs de l'heure, ni du contre-projet fixant le salaire minimum à 23 francs de l'heure avec priorité aux conventions collectives de travail. Ils ont refusé l'initiative avec 93 pour cent de non et le contre-projet avec 74,1 pour cent de non."
5489,23.2,23.2,76.8,"Mex (VD)","Non à 76,8 pour cent à l'initiative qui demande un salaire minimum de 23,6 francs de l'heure, et non aussi à 50,5 pour cent au contre-projet qui fixe le salaire minimum à 23 francs de l'heure tout en donnant la priorité aux conventions collectives de travail. Les citoyens de Mex (VD) ont refusé les deux propositions."
5490,53.8,53.8,46.2,"Moiry (VD)","Les citoyens de Moiry souhaitent instaurer un salaire minimum de 23 francs de l'heure avec priorité aux conventions collectives de travail. Ils ont dit oui à 54,3 pour cent au contre-projet d'une initiative qui demandait un salaire minimum de 23,6 francs de l'heure. Ils ont été 77,6 pour cent à préférer le contre-projet. L'initiative a obtenu 53,8 pour cent de oui."
5491,60.3,60.3,39.7,"Mont-la-Ville (VD)","Les citoyens de Mont-la-Ville acceptent avec 60,3 pour cent de oui l'initiative exigeant un salaire minimum de 23,6 francs de l'heure. Ils refusent le contre-projet du Conseil d'Etat (72,3 pour cent de non), qui prévoit un salaire minimum de 23 francs de l'heure et la primauté d'une éventuelle convention collective de travail."
5492,53.8,53.8,46.2,"Montricher (VD)","Oui à 53,8 pour cent à l'initiative visant à fixer le salaire minimum à 23,6 francs de l'heure. Oui également avec 52,5 pour cent au contre-projet du Conseil d'Etat, qui prévoit un salaire minimum de 23 francs de l'heure et la primauté d'une éventuelle convention collective de travail. Les citoyens de Montricher ont toutefois préféré l'initiative avec 56,7 pour cent de oui."
5493,29.2,29.2,70.8,"Orny (VD)","Les citoyens d'Orny disent oui à 86,3 au contre-projet qui fixe le salaire minimum à 23 francs de l'heure et donne la priorité à une éventuelle convention collective de travail. Ils refusent par contre l'initiative qui demande un salaire minimum de 23,6 francs de l'heure (non à 70,8 pour cent)."
5495,19.4,19.4,80.6,"Penthalaz (VD)","C'est oui à 93,3 pour cent à Penthalaz au contre-projet qui fixe le salaire minimum à 23 francs de l'heure et prévoit la primauté d'une éventuelle convention collective de travail. C'est non par contre à 80,6 pour cent à l'initiative qui demande un salaire minimum de 23,6 francs de l'heure."
5496,28.5,28.5,71.5,"Penthaz (VD)","Non à 71,5 pour cent à l'initiative qui demande un salaire minimum de 23,6 francs de l'heure, et non aussi à 84,6 pour cent au contre-projet qui fixe le salaire minimum à 23 francs de l'heure tout en donnant la priorité aux conventions collectives de travail. Les citoyens de Penthaz ont refusé les deux propositions."
5497,33.4,33.4,66.6,"Pompaples (VD)","C'est oui à 50,8 pour cent à Pompaples au contre-projet qui fixe le salaire minimum à 23 francs de l'heure et prévoit la primauté d'une éventuelle convention collective de travail. C'est non par contre à 66,6 pour cent à l'initiative qui demande un salaire minimum de 23,6 francs de l'heure."
5498,53.6,53.6,46.4,"La Sarraz (VD)","Les citoyens de La Sarraz ont tranché en faveur du contre-projet du Conseil d'Etat qui fixe le salaire minimum à 23 francs de l'heure et prévoit la primauté d'une éventuelle convention collective de travail (54 pour cent de oui). Ils ont préféré cette proposition avec 65,5 pour cent de oui. Ils ont toutefois également approuvé avec 53,6 pour cent de oui l'initiative demandant un salaire minimum de 23,6 francs de l'heure."
5499,99.2,99.2,0.8,"Senarclens (VD)","Les citoyens de Senarclens acceptent avec 99,2 pour cent de oui l'initiative exigeant un salaire minimum de 23,6 francs de l'heure. Ils refusent le contre-projet du Conseil d'Etat (62,3 pour cent de non), qui prévoit un salaire minimum de 23 francs de l'heure et la primauté d'une éventuelle convention collective de travail."
5501,21.8,21.8,78.2,"Sullens (VD)","C'est oui à 51,9 pour cent à Sullens au contre-projet qui fixe le salaire minimum à 23 francs de l'heure et prévoit la primauté d'une éventuelle convention collective de travail. C'est non par contre à 78,2 pour cent à l'initiative qui demande un salaire minimum de 23,6 francs de l'heure."
5503,44.8,44.8,55.2,"Vufflens-la-Ville (VD)","C'est oui à 64,8 pour cent à Vufflens-la-Ville au contre-projet qui fixe le salaire minimum à 23 francs de l'heure et prévoit la primauté d'une éventuelle convention collective de travail. C'est non par contre à 55,2 pour cent à l'initiative qui demande un salaire minimum de 23,6 francs de l'heure."
5511,91.3,91.3,8.7,"Assens (VD)","Les citoyens d'Assens disent oui à 91,3 à l'initiative demandant de fixer le salaire minimum à 23,6 francs de l'heure. Ils s'opposent par contre au contre-projet du Conseil d'Etat qui fixe le salaire minimum à 23 francs de l'heure et donne la priorité à une éventuelle convention collective de travail, avec 84,8 pour cent de non."
5512,22.2,22.2,77.8,"Bercher (VD)","Les citoyens de Bercher disent oui à 78,6 au contre-projet qui fixe le salaire minimum à 23 francs de l'heure et donne la priorité à une éventuelle convention collective de travail. Ils refusent par contre l'initiative qui demande un salaire minimum de 23,6 francs de l'heure (non à 77,8 pour cent)."
5514,81.4,81.4,18.6,"Bottens (VD)","Les citoyens de Bottens disent oui à 81,4 à l'initiative demandant de fixer le salaire minimum à 23,6 francs de l'heure. Ils s'opposent par contre au contre-projet du Conseil d'Etat qui fixe le salaire minimum à 23 francs de l'heure et donne la priorité à une éventuelle convention collective de travail, avec 50,9 pour cent de non."
5515,43.4,43.4,56.6,"Bretigny-sur-Morrens (VD)","Les citoyens de Bretigny-sur-Morrens acceptent avec 52,7 pour cent de oui le contre-projet qui fixe le salaire minimum à 23 francs de l'heure et prévoit la primauté d'une éventuelle convention collective de travail. Ils s'opposent par contre à l'initiative qui demande un salaire minimum de 23,6 francs de l'heure (non à 56,6 pour cent)."
5516,54,54,46,"Cugy (VD)","C'est oui à Cugy (VD) à 54 pour cent à l'initiative qui demande de fixer le salaire minimum à 23,6 francs de l'heure. C'est non par contre à 98,9 pour cent au contre-projet du Conseil d'Etat qui prévoit un salaire minimum de 23 francs de l'heure et la primauté d'une éventuelle convention collective de travail."
5518,54.8,54.8,45.2,"Echallens (VD)","Les ayants droit d'Echallens ont tranché: ils sont favorables à l'initiative qui demande de fixer le salaire minimum à 23,6 francs de l'heure. Les citoyens ont dit oui à 54,8. Ils acceptent aussi le contre-projet du gouvernement avec 53 pour cent de oui. Cette proposition fixe le salaire minimum à 23 francs de l'heure tout en donnant la priorité à une éventuelle convention collective de travail. Invités à choisir, les habitants d'Echallens tranchent toutefois en faveur de l'initiative avec 57,6 pour cent de oui."
5520,72.9,72.9,27.1,"Essertines-sur-Yverdon (VD)","Les citoyens d'Essertines-sur-Yverdon acceptent avec 72,9 pour cent de oui l'initiative exigeant un salaire minimum de 23,6 francs de l'heure. Ils refusent le contre-projet du Conseil d'Etat (92,3 pour cent de non), qui prévoit un salaire minimum de 23 francs de l'heure et la primauté d'une éventuelle convention collective de travail."
5521,50.1,50.1,49.9,"Etagnières (VD)","Les ayants droit d'Etagnières ont tranché: ils sont favorables à l'initiative qui demande de fixer le salaire minimum à 23,6 francs de l'heure. Les citoyens ont dit oui à 50,1. Ils acceptent aussi le contre-projet du gouvernement avec 58 pour cent de oui. Cette proposition fixe le salaire minimum à 23 francs de l'heure tout en donnant la priorité à une éventuelle convention collective de travail. Invités à choisir, les habitants d'Etagnières tranchent toutefois en faveur de l'initiative avec 67,9 pour cent de oui."
5522,59.4,59.4,40.6,"Fey (VD)","Les citoyens de Fey acceptent avec 59,4 pour cent de oui l'initiative exigeant un salaire minimum de 23,6 francs de l'heure. Ils refusent le contre-projet du Conseil d'Etat (76,8 pour cent de non), qui prévoit un salaire minimum de 23 francs de l'heure et la primauté d'une éventuelle convention collective de travail."
5523,54.1,54.1,45.9,"Froideville (VD)","C'est oui à Froideville à 54,1 pour cent à l'initiative qui demande de fixer le salaire minimum à 23,6 francs de l'heure. C'est non par contre à 81,9 pour cent au contre-projet du Conseil d'Etat qui prévoit un salaire minimum de 23 francs de l'heure et la primauté d'une éventuelle convention collective de travail."
5527,35.4,35.4,64.6,"Morrens (VD)","Les citoyens de Morrens (VD) acceptent avec 61 pour cent de oui le contre-projet qui fixe le salaire minimum à 23 francs de l'heure et prévoit la primauté d'une éventuelle convention collective de travail. Ils s'opposent par contre à l'initiative qui demande un salaire minimum de 23,6 francs de l'heure (non à 64,6 pour cent)."
5529,38.2,38.2,61.8,"Oulens-sous-Echallens (VD)","Les citoyens d'Oulens-sous-Echallens disent oui à 63 au contre-projet qui fixe le salaire minimum à 23 francs de l'heure et donne la priorité à une éventuelle convention collective de travail. Ils refusent par contre l'initiative qui demande un salaire minimum de 23,6 francs de l'heure (non à 61,8 pour cent)."
5530,52.1,52.1,47.9,"Pailly (VD)","Les citoyens de Pailly ont tranché en faveur du contre-projet du Conseil d'Etat qui fixe le salaire minimum à 23 francs de l'heure et prévoit la primauté d'une éventuelle convention collective de travail (55,5 pour cent de oui). Ils ont préféré cette proposition avec 80,6 pour cent de oui. Ils ont toutefois également approuvé avec 52,1 pour cent de oui l'initiative demandant un salaire minimum de 23,6 francs de l'heure."
5531,77.5,77.5,22.5,"Penthéréaz (VD)","Les citoyens de Penthéréaz acceptent l'initiative qui vise à fixer le salaire minimum à 23,6 francs de l'heure. Ils sont 77,5 pour cent à approuver ce texte. Les ayants droit de Penthéréaz ont également dit oui au contre-projet du Conseil d'Etat, qui fixe le salaire minimum à 23 francs de l'heure et prévoit qu'une éventuelle convention collective de travail prime sur ce minimum. Ils l'acceptent à 96,2 pour cent. Les électeurs donnent cependant leur préférence à l'initiative, avec 57 pour cent de oui."
5533,78.8,78.8,21.2,"Poliez-Pittet (VD)","Les citoyens de Poliez-Pittet ont tranché en faveur du contre-projet du Conseil d'Etat qui fixe le salaire minimum à 23 francs de l'heure et prévoit la primauté d'une éventuelle convention collective de travail (95,9 pour cent de oui). Ils ont préféré cette proposition avec 52,6 pour cent de oui. Ils ont toutefois également approuvé avec 78,8 pour cent de oui l'initiative demandant un salaire minimum de 23,6 francs de l'heure."
5534,59,59,41,"Rueyres (VD)","Les citoyens de Rueyres acceptent l'initiative qui vise à fixer le salaire minimum à 23,6 francs de l'heure. Ils sont 59 pour cent à approuver ce texte. Les ayants droit de Rueyres ont également dit oui au contre-projet du Conseil d'Etat, qui fixe le salaire minimum à 23 francs de l'heure et prévoit qu'une éventuelle convention collective de travail prime sur ce minimum. Ils l'acceptent à 79,9 pour cent. Les électeurs donnent cependant leur préférence à l'initiative, avec 87,5 pour cent de oui."
5535,30.9,30.9,69.1,"Saint-Barthélemy (VD)","Ni l'initiative, ni le contre-projet ne trouvent grâce aux yeux des citoyens de Saint-Barthélemy (VD). Ils refusent avec 69,1 pour cent de non l'initiative fixant le salaire minimum à 23,6 francs de l'heure. Ils s'opposent aussi au contre-projet (61,3 pour cent de non), qui fixe le salaire minimum à 23 francs de l'heure et prévoit la primauté d'une éventuelle convention collective de travail."
5537,84.7,84.7,15.3,"Villars-le-Terroir (VD)","Les citoyens de Villars-le-Terroir disent oui à 84,7 à l'initiative demandant de fixer le salaire minimum à 23,6 francs de l'heure. Ils s'opposent par contre au contre-projet du Conseil d'Etat qui fixe le salaire minimum à 23 francs de l'heure et donne la priorité à une éventuelle convention collective de travail, avec 66,7 pour cent de non."
5539,61.5,61.5,38.5,"Vuarrens (VD)","Oui à 65,1 pour cent au contre-projet fixant le salaire minimum à 23 francs de l'heure et prévoyant la primauté d'une éventuelle convention collective de travail. Et oui aussi à 61,5 pour cent à l'initiative qui exige un salaire minimum de 23,6 francs de l'heure. Invités à trancher entre ces deux propositions, les habitants de Vuarrens ont opté pour le contre-projet avec 54,4 pour cent de oui."
5540,14.1,14.1,85.9,"Montilliez (VD)","Les citoyens de Montilliez ne veulent ni d'un salaire minimum fixé à 23,6 francs de l'heure, ni du contre-projet fixant le salaire minimum à 23 francs de l'heure avec priorité aux conventions collectives de travail. Ils ont refusé l'initiative avec 85,9 pour cent de non et le contre-projet avec 91,6 pour cent de non."
5541,58.1,58.1,41.9,"Goumoëns (VD)","Les citoyens de Goumoëns ont tranché en faveur du contre-projet du Conseil d'Etat qui fixe le salaire minimum à 23 francs de l'heure et prévoit la primauté d'une éventuelle convention collective de travail (97,6 pour cent de oui). Ils ont préféré cette proposition avec 54,7 pour cent de oui. Ils ont toutefois également approuvé avec 58,1 pour cent de oui l'initiative demandant un salaire minimum de 23,6 francs de l'heure."
5551,38.8,38.8,61.2,"Bonvillars (VD)","Les citoyens de Bonvillars acceptent avec 50,5 pour cent de oui le contre-projet qui fixe le salaire minimum à 23 francs de l'heure et prévoit la primauté d'une éventuelle convention collective de travail. Ils s'opposent par contre à l'initiative qui demande un salaire minimum de 23,6 francs de l'heure (non à 61,2 pour cent)."
5552,46.5,46.5,53.5,"Bullet (VD)","C'est oui à 77,5 pour cent à Bullet au contre-projet qui fixe le salaire minimum à 23 francs de l'heure et prévoit la primauté d'une éventuelle convention collective de travail. C'est non par contre à 53,5 pour cent à l'initiative qui demande un salaire minimum de 23,6 francs de l'heure."
5553,48,48,52,"Champagne (VD)","Les citoyens de Champagne acceptent avec 78,9 pour cent de oui le contre-projet qui fixe le salaire minimum à 23 francs de l'heure et prévoit la primauté d'une éventuelle convention collective de travail. Ils s'opposent par contre à l'initiative qui demande un salaire minimum de 23,6 francs de l'heure (non à 52 pour cent)."
5554,36.7,36.7,63.3,"Concise (VD)","Ni l'initiative, ni le contre-projet ne trouvent grâce aux yeux des citoyens de Concise. Ils refusent avec 63,3 pour cent de non l'initiative fixant le salaire minimum à 23,6 francs de l'heure. Ils s'opposent aussi au contre-projet (53,6 pour cent de non), qui fixe le salaire minimum à 23 francs de l'heure et prévoit la primauté d'une éventuelle convention collective de travail."
5555,91.8,91.8,8.2,"Corcelles-près-Concise (VD)","Les citoyens de Corcelles-près-Concise acceptent l'initiative qui vise à fixer le salaire minimum à 23,6 francs de l'heure. Ils sont 91,8 pour cent à approuver ce texte. Les ayants droit de Corcelles-près-Concise ont également dit oui au contre-projet du Conseil d'Etat, qui fixe le salaire minimum à 23 francs de l'heure et prévoit qu'une éventuelle convention collective de travail prime sur ce minimum. Ils l'acceptent à 54,7 pour cent. Les électeurs donnent cependant leur préférence à l'initiative, avec 56,8 pour cent de oui."
5556,63.9,63.9,36.1,"Fiez (VD)","C'est oui à Fiez à 63,9 pour cent à l'initiative qui demande de fixer le salaire minimum à 23,6 francs de l'heure. C'est non par contre à 55,7 pour cent au contre-projet du Conseil d'Etat qui prévoit un salaire minimum de 23 francs de l'heure et la primauté d'une éventuelle convention collective de travail."
5557,82.2,82.2,17.8,"Fontaines-sur-Grandson (VD)","Les citoyens de Fontaines-sur-Grandson disent oui à 82,2 à l'initiative demandant de fixer le salaire minimum à 23,6 francs de l'heure. Ils s'opposent par contre au contre-projet du Conseil d'Etat qui fixe le salaire minimum à 23 francs de l'heure et donne la priorité à une éventuelle convention collective de travail, avec 50,8 pour cent de non."
5559,91.9,91.9,8.1,"Giez (VD)","Les citoyens de Giez acceptent l'initiative qui vise à fixer le salaire minimum à 23,6 francs de l'heure. Ils sont 91,9 pour cent à approuver ce texte. Les ayants droit de Giez ont également dit oui au contre-projet du Conseil d'Etat, qui fixe le salaire minimum à 23 francs de l'heure et prévoit qu'une éventuelle convention collective de travail prime sur ce minimum. Ils l'acceptent à 77,4 pour cent. Les électeurs donnent cependant leur préférence à l'initiative, avec 53,2 pour cent de oui."
5560,73.4,73.4,26.6,"Grandevent (VD)","Oui à 62,7 pour cent au contre-projet fixant le salaire minimum à 23 francs de l'heure et prévoyant la primauté d'une éventuelle convention collective de travail. Et oui aussi à 73,4 pour cent à l'initiative qui exige un salaire minimum de 23,6 francs de l'heure. Invités à trancher entre ces deux propositions, les habitants de Grandevent ont opté pour le contre-projet avec 82,4 pour cent de oui."
5561,65.2,65.2,34.8,"Grandson (VD)","Les citoyens de Grandson souhaitent instaurer un salaire minimum de 23 francs de l'heure avec priorité aux conventions collectives de travail. Ils ont dit oui à 88,5 pour cent au contre-projet d'une initiative qui demandait un salaire minimum de 23,6 francs de l'heure. Ils ont été 73,6 pour cent à préférer le contre-projet. L'initiative a obtenu 65,2 pour cent de oui."
5562,21.1,21.1,78.9,"Mauborget (VD)","Non à 78,9 pour cent à l'initiative qui demande un salaire minimum de 23,6 francs de l'heure, et non aussi à 66,1 pour cent au contre-projet qui fixe le salaire minimum à 23 francs de l'heure tout en donnant la priorité aux conventions collectives de travail. Les citoyens de Mauborget ont refusé les deux propositions."
5563,70.5,70.5,29.5,"Mutrux (VD)","C'est oui à Mutrux à 70,5 pour cent à l'initiative qui demande de fixer le salaire minimum à 23,6 francs de l'heure. C'est non par contre à 54 pour cent au contre-projet du Conseil d'Etat qui prévoit un salaire minimum de 23 francs de l'heure et la primauté d'une éventuelle convention collective de travail."
5564,64.8,64.8,35.2,"Novalles (VD)","Les citoyens de Novalles disent oui à 64,8 à l'initiative demandant de fixer le salaire minimum à 23,6 francs de l'heure. Ils s'opposent par contre au contre-projet du Conseil d'Etat qui fixe le salaire minimum à 23 francs de l'heure et donne la priorité à une éventuelle convention collective de travail, avec 72,1 pour cent de non."
5565,28,28,72,"Onnens (VD)","Ni l'initiative, ni le contre-projet ne trouvent grâce aux yeux des citoyens d'Onnens (VD). Ils refusent avec 72 pour cent de non l'initiative fixant le salaire minimum à 23,6 francs de l'heure. Ils s'opposent aussi au contre-projet (57,5 pour cent de non), qui fixe le salaire minimum à 23 francs de l'heure et prévoit la primauté d'une éventuelle convention collective de travail."
5566,8.4,8.4,91.6,"Provence (VD)","Les citoyens de Provence acceptent avec 56,7 pour cent de oui le contre-projet qui fixe le salaire minimum à 23 francs de l'heure et prévoit la primauté d'une éventuelle convention collective de travail. Ils s'opposent par contre à l'initiative qui demande un salaire minimum de 23,6 francs de l'heure (non à 91,6 pour cent)."
5568,78.9,78.9,21.1,"Sainte-Croix (VD)","Les citoyens de Sainte-Croix souhaitent instaurer un salaire minimum de 23 francs de l'heure avec priorité aux conventions collectives de travail. Ils ont dit oui à 75,5 pour cent au contre-projet d'une initiative qui demandait un salaire minimum de 23,6 francs de l'heure. Ils ont été 95,7 pour cent à préférer le contre-projet. L'initiative a obtenu 78,9 pour cent de oui."
5571,45.5,45.5,54.5,"Tévenon (VD)","C'est oui à 60,5 pour cent à Tévenon au contre-projet qui fixe le salaire minimum à 23 francs de l'heure et prévoit la primauté d'une éventuelle convention collective de travail. C'est non par contre à 54,5 pour cent à l'initiative qui demande un salaire minimum de 23,6 francs de l'heure."
5581,17.5,17.5,82.5,"Belmont-sur-Lausanne (VD)","C'est oui à 76 pour cent à Belmont-sur-Lausanne au contre-projet qui fixe le salaire minimum à 23 francs de l'heure et prévoit la primauté d'une éventuelle convention collective de travail. C'est non par contre à 82,5 pour cent à l'initiative qui demande un salaire minimum de 23,6 francs de l'heure."
5582,50.2,50.2,49.8,"Cheseaux-sur-Lausanne (VD)","Les citoyens de Cheseaux-sur-Lausanne acceptent avec 50,2 pour cent de oui l'initiative exigeant un salaire minimum de 23,6 francs de l'heure. Ils refusent le contre-projet du Conseil d'Etat (59,8 pour cent de non), qui prévoit un salaire minimum de 23 francs de l'heure et la primauté d'une éventuelle convention collective de travail."
5583,23,23,77,"Crissier (VD)","Les citoyens de Crissier disent oui à 73,4 au contre-projet qui fixe le salaire minimum à 23 francs de l'heure et donne la priorité à une éventuelle convention collective de travail. Ils refusent par contre l'initiative qui demande un salaire minimum de 23,6 francs de l'heure (non à 77 pour cent)."
5584,28.9,28.9,71.1,"Epalinges (VD)","Ni l'initiative, ni le contre-projet ne trouvent grâce aux yeux des citoyens d'Epalinges. Ils refusent avec 71,1 pour cent de non l'initiative fixant le salaire minimum à 23,6 francs de l'heure. Ils s'opposent aussi au contre-projet (65,8 pour cent de non), qui fixe le salaire minimum à 23 francs de l'heure et prévoit la primauté d'une éventuelle convention collective de travail."
5585,4.8,4.8,95.2,"Jouxtens-Mézery (VD)","Les citoyens de Jouxtens-Mézery acceptent avec 82,4 pour cent de oui le contre-projet qui fixe le salaire minimum à 23 francs de l'heure et prévoit la primauté d'une éventuelle convention collective de travail. Ils s'opposent par contre à l'initiative qui demande un salaire minimum de 23,6 francs de l'heure (non à 95,2 pour cent)."
5586,14.9,14.9,85.1,"Lausanne (VD)","Ni l'initiative, ni le contre-projet ne trouvent grâce aux yeux des citoyens de Lausanne. Ils refusent avec 85,1 pour cent de non l'initiative fixant le salaire minimum à 23,6 francs de l'heure. Ils s'opposent aussi au contre-projet (77 pour cent de non), qui fixe le salaire minimum à 23 francs de l'heure et prévoit la primauté d'une éventuelle convention collective de travail."
5587,33.4,33.4,66.6,"Le Mont-sur-Lausanne (VD)","Ni l'initiative, ni le contre-projet ne trouvent grâce aux yeux des citoyens du Mont-sur-Lausanne. Ils refusent avec 66,6 pour cent de non l'initiative fixant le salaire minimum à 23,6 francs de l'heure. Ils s'opposent aussi au contre-projet (56,6 pour cent de non), qui fixe le salaire minimum à 23 francs de l'heure et prévoit la primauté d'une éventuelle convention collective de travail."
5588,85.6,85.6,14.4,"Paudex (VD)","Les citoyens de Paudex ont tranché en faveur du contre-projet du Conseil d'Etat qui fixe le salaire minimum à 23 francs de l'heure et prévoit la primauté d'une éventuelle convention collective de travail (51,6 pour cent de oui). Ils ont préféré cette proposition avec 81,3 pour cent de oui. Ils ont toutefois également approuvé avec 85,6 pour cent de oui l'initiative demandant un salaire minimum de 23,6 francs de l'heure."
5589,20.8,20.8,79.2,"Prilly (VD)","Ni l'initiative, ni le contre-projet ne trouvent grâce aux yeux des citoyens de Prilly. Ils refusent avec 79,2 pour cent de non l'initiative fixant le salaire minimum à 23,6 francs de l'heure. Ils s'opposent aussi au contre-projet (81,9 pour cent de non), qui fixe le salaire minimum à 23 francs de l'heure et prévoit la primauté d'une éventuelle convention collective de travail."
5590,39,39,61,"Pully (VD)","Les citoyens de Pully disent oui à 75,7 au contre-projet qui fixe le salaire minimum à 23 francs de l'heure et donne la priorité à une éventuelle convention collective de travail. Ils refusent par contre l'initiative qui demande un salaire minimum de 23,6 francs de l'heure (non à 61 pour cent)."
5591,46.8,46.8,53.2,"Renens (VD)","C'est oui à 56,5 pour cent à Renens (VD) au contre-projet qui fixe le salaire minimum à 23 francs de l'heure et prévoit la primauté d'une éventuelle convention collective de travail. C'est non par contre à 53,2 pour cent à l'initiative qui demande un salaire minimum de 23,6 francs de l'heure."
5592,51.8,51.8,48.2,"Romanel-sur-Lausanne (VD)","C'est oui à Romanel-sur-Lausanne à 51,8 pour cent à l'initiative qui demande de fixer le salaire minimum à 23,6 francs de l'heure. C'est non par contre à 60,1 pour cent au contre-projet du Conseil d'Etat qui prévoit un salaire minimum de 23 francs de l'heure et la primauté d'une éventuelle convention collective de travail."
5601,50.9,50.9,49.1,"Chexbres (VD)","Les citoyens de Chexbres souhaitent instaurer un salaire minimum de 23 francs de l'heure avec priorité aux conventions collectives de travail. Ils ont dit oui à 56,7 pour cent au contre-projet d'une initiative qui demandait un salaire minimum de 23,6 francs de l'heure. Ils ont été 82,4 pour cent à préférer le contre-projet. L'initiative a obtenu 50,9 pour cent de oui."
5604,64.9,64.9,35.1,"Forel (Lavaux) (VD)","Les ayants droit de Forel (Lavaux) ont tranché: ils sont favorables à l'initiative qui demande de fixer le salaire minimum à 23,6 francs de l'heure. Les citoyens ont dit oui à 64,9. Ils acceptent aussi le contre-projet du gouvernement avec 96,4 pour cent de oui. Cette proposition fixe le salaire minimum à 23 francs de l'heure tout en donnant la priorité à une éventuelle convention collective de travail. Invités à choisir, les habitants de Forel (Lavaux) tranchent toutefois en faveur de l'initiative avec 56,2 pour cent de oui."
5606,64.1,64.1,35.9,"Lutry (VD)","Les citoyens de Lutry disent oui à 64,1 à l'initiative demandant de fixer le salaire minimum à 23,6 francs de l'heure. Ils s'opposent par contre au contre-projet du Conseil d'Etat qui fixe le salaire minimum à 23 francs de l'heure et donne la priorité à une éventuelle convention collective de travail, avec 73,9 pour cent de non."
5607,11.1,11.1,88.9,"Puidoux (VD)","Les citoyens de Puidoux ne veulent ni d'un salaire minimum fixé à 23,6 francs de l'heure, ni du contre-projet fixant le salaire minimum à 23 francs de l'heure avec priorité aux conventions collectives de travail. Ils ont refusé l'initiative avec 88,9 pour cent de non et le contre-projet avec 53,7 pour cent de non."
5609,71.3,71.3,28.7,"Rivaz (VD)","C'est oui à Rivaz à 71,3 pour cent à l'initiative qui demande de fixer le salaire minimum à 23,6 francs de l'heure. C'est non par contre à 70,8 pour cent au contre-projet du Conseil d'Etat qui prévoit un salaire minimum de 23 francs de l'heure et la primauté d'une éventuelle convention collective de travail."
5610,51,51,49,"Saint-Saphorin (Lavaux) (VD)","Les citoyens de Saint-Saphorin (Lavaux) disent oui à 51 à l'initiative demandant de fixer le salaire minimum à 23,6 francs de l'heure. Ils s'opposent par contre au contre-projet du Conseil d'Etat qui fixe le salaire minimum à 23 francs de l'heure et donne la priorité à une éventuelle convention collective de travail, avec 63,3 pour cent de non."
5611,26.1,26.1,73.9,"Savigny (VD)","C'est oui à 54,1 pour cent à Savigny au contre-projet qui fixe le salaire minimum à 23 francs de l'heure et prévoit la primauté d'une éventuelle convention collective de travail. C'est non par contre à 73,9 pour cent à l'initiative qui demande un salaire minimum de 23,6 francs de l'heure."
5613,34.5,34.5,65.5,"Bourg-en-Lavaux (VD)","C'est oui à 100 pour cent à Bourg-en-Lavaux au contre-projet qui fixe le salaire minimum à 23 francs de l'heure et prévoit la primauté d'une éventuelle convention collective de travail. C'est non par contre à 65,5 pour cent à l'initiative qui demande un salaire minimum de 23,6 francs de l'heure."
5621,77.9,77.9,22.1,"Aclens (VD)","Les citoyens d'Aclens disent oui à 77,9 à l'initiative demandant de fixer le salaire minimum à 23,6 francs de l'heure. Ils s'opposent par contre au contre-projet du Conseil d'Etat qui fixe le salaire minimum à 23 francs de l'heure et donne la priorité à une éventuelle convention collective de travail, avec 83,1 pour cent de non."
5622,35.6,35.6,64.4,"Bremblens (VD)","Non à 64,4 pour cent à l'initiative qui demande un salaire minimum de 23,6 francs de l'heure, et non aussi à 68,3 pour cent au contre-projet qui fixe le salaire minimum à 23 francs de l'heure tout en donnant la priorité aux conventions collectives de travail. Les citoyens de Bremblens ont refusé les deux propositions."
5623,91.8,91.8,8.2,"Buchillon (VD)","C'est oui à Buchillon à 91,8 pour cent à l'initiative qui demande de fixer le salaire minimum à 23,6 francs de l'heure. C'est non par contre à 93,8 pour cent au contre-projet du Conseil d'Etat qui prévoit un salaire minimum de 23 francs de l'heure et la primauté d'une éventuelle convention collective de travail."
5624,45.1,45.1,54.9,"Bussigny (VD)","Non à 54,9 pour cent à l'initiative qui demande un salaire minimum de 23,6 francs de l'heure, et non aussi à 63,4 pour cent au contre-projet qui fixe le salaire minimum à 23 francs de l'heure tout en donnant la priorité aux conventions collectives de travail. Les citoyens de Bussigny ont refusé les deux propositions."
5627,57.5,57.5,42.5,"Chavannes-près-Renens (VD)","Oui à 57,5 pour cent à l'initiative visant à fixer le salaire minimum à 23,6 francs de l'heure. Oui également avec 90,2 pour cent au contre-projet du Conseil d'Etat, qui prévoit un salaire minimum de 23 francs de l'heure et la primauté d'une éventuelle convention collective de travail. Les citoyens de Chavannes-près-Renens ont toutefois préféré l'initiative avec 99,2 pour cent de oui."
5628,72.2,72.2,27.8,"Chigny (VD)","Les citoyens de Chigny acceptent avec 72,2 pour cent de oui l'initiative exigeant un salaire minimum de 23,6 francs de l'heure. Ils refusent le contre-projet du Conseil d'Etat (61 pour cent de non), qui prévoit un salaire minimum de 23 francs de l'heure et la primauté d'une éventuelle convention collective de travail."
5629,94.6,94.6,5.4,"Clarmont (VD)","Les ayants droit de Clarmont ont tranché: ils sont favorables à l'initiative qui demande de fixer le salaire minimum à 23,6 francs de l'heure. Les citoyens ont dit oui à 94,6. Ils acceptent aussi le contre-projet du gouvernement avec 59,6 pour cent de oui. Cette proposition fixe le salaire minimum à 23 francs de l'heure tout en donnant la priorité à une éventuelle convention collective de travail. Invités à choisir, les habitants de Clarmont tranchent toutefois en faveur de l'initiative avec 61 pour cent de oui."
5631,39.4,39.4,60.6,"Denens (VD)","Les citoyens de Denens ne veulent ni d'un salaire minimum fixé à 23,6 francs de l'heure, ni du contre-projet fixant le salaire minimum à 23 francs de l'heure avec priorité aux conventions collectives de travail. Ils ont refusé l'initiative avec 60,6 pour cent de non et le contre-projet avec 58,9 pour cent de non."
5632,85.2,85.2,14.8,"Denges (VD)","C'est oui à Denges à 85,2 pour cent à l'initiative qui demande de fixer le salaire minimum à 23,6 francs de l'heure. C'est non par contre à 72,1 pour cent au contre-projet du Conseil d'Etat qui prévoit un salaire minimum de 23 francs de l'heure et la primauté d'une éventuelle convention collective de travail."
5633,19,19,81,"Echandens (VD)","C'est oui à 76,4 pour cent à Echandens au contre-projet qui fixe le salaire minimum à 23 francs de l'heure et prévoit la primauté d'une éventuelle convention collective de travail. C'est non par contre à 81 pour cent à l'initiative qui demande un salaire minimum de 23,6 francs de l'heure."
5634,58.9,58.9,41.1,"Echichens (VD)","Oui à 58,9 pour cent à l'initiative visant à fixer le salaire minimum à 23,6 francs de l'heure. Oui également avec 53 pour cent au contre-projet du Conseil d'Etat, qui prévoit un salaire minimum de 23 francs de l'heure et la primauté d'une éventuelle convention collective de travail. Les citoyens d'Echichens ont toutefois préféré l'initiative avec 58,7 pour cent de oui."
5635,92.7,92.7,7.3,"Ecublens (VD)","Les citoyens d'Ecublens (VD) ont tranché en faveur du contre-projet du Conseil d'Etat qui fixe le salaire minimum à 23 francs de l'heure et prévoit la primauté d'une éventuelle convention collective de travail (87,7 pour cent de oui). Ils ont préféré cette proposition avec 50,2 pour cent de oui. Ils ont toutefois également approuvé avec 92,7 pour cent de oui l'initiative demandant un salaire minimum de 23,6 francs de l'heure."
5636,89.1,89.1,10.9,"Etoy (VD)","Oui à 68,4 pour cent au contre-projet fixant le salaire minimum à 23 francs de l'heure et prévoyant la primauté d'une éventuelle convention collective de travail. Et oui aussi à 89,1 pour cent à l'initiative qui exige un salaire minimum de 23,6 francs de l'heure. Invités à trancher entre ces deux propositions, les habitants d'Etoy ont opté pour le contre-projet avec 89,6 pour cent de oui."
5637,93.7,93.7,6.3,"Lavigny (VD)","Les citoyens de Lavigny ont tranché en faveur du contre-projet du Conseil d'Etat qui fixe le salaire minimum à 23 francs de l'heure et prévoit la primauté d'une éventuelle convention collective de travail (50,5 pour cent de oui). Ils ont préféré cette proposition avec 50,4 pour cent de oui. Ils ont toutefois également approuvé avec 93,7 pour cent de oui l'initiative demandant un salaire minimum de 23,6 francs de l'heure."
5638,12.4,12.4,87.6,"Lonay (VD)","Ni l'initiative, ni le contre-projet ne trouvent grâce aux yeux des citoyens de Lonay. Ils refusent avec 87,6 pour cent de non l'initiative fixant le salaire minimum à 23,6 francs de l'heure. Ils s'opposent aussi au contre-projet (87 pour cent de non), qui fixe le salaire minimum à 23 francs de l'heure et prévoit la primauté d'une éventuelle convention collective de travail."
5639,53.9,53.9,46.1,"Lully (VD)","Les citoyens de Lully (VD) acceptent l'initiative qui vise à fixer le salaire minimum à 23,6 francs de l'heure. Ils sont 53,9 pour cent à approuver ce texte. Les ayants droit de Lully (VD) ont également dit oui au contre-projet du Conseil d'Etat, qui fixe le salaire minimum à 23 francs de l'heure et prévoit qu'une éventuelle convention collective de travail prime sur ce minimum. Ils l'acceptent à 60,1 pour cent. Les électeurs donnent cependant leur préférence à l'initiative, avec 81,6 pour cent de oui."
5640,66.7,66.7,33.3,"Lussy-sur-Morges (VD)","Les citoyens de Lussy-sur-Morges ont tranché en faveur du contre-projet du Conseil d'Etat qui fixe le salaire minimum à 23 francs de l'heure et prévoit la primauté d'une éventuelle convention collective de travail (68,6 pour cent de oui). Ils ont préféré cette proposition avec 53,1 pour cent de oui. Ils ont toutefois également approuvé avec 66,7 pour cent de oui l'initiative demandant un salaire minimum de 23,6 francs de l'heure."
5642,70.1,70.1,29.9,"Morges (VD)","Les ayants droit de Morges ont tranché: ils sont favorables à l'initiative qui demande de fixer le salaire minimum à 23,6 francs de l'heure. Les citoyens ont dit oui à 70,1. Ils acceptent aussi le contre-projet du gouvernement avec 54,8 pour cent de oui. Cette proposition fixe le salaire minimum à 23 francs de l'heure tout en donnant la priorité à une éventuelle convention collective de travail. Invités à choisir, les habitants de Morges tranchent toutefois en faveur de l'initiative avec 51,9 pour cent de oui."
5643,62.3,62.3,37.7,"Préverenges (VD)","Les citoyens de Préverenges disent oui à 62,3 à l'initiative demandant de fixer le salaire minimum à 23,6 francs de l'heure. Ils s'opposent par contre au contre-projet du Conseil d'Etat qui fixe le salaire minimum à 23 francs de l'heure et donne la priorité à une éventuelle convention collective de travail, avec 54,4 pour cent de non."
5645,58.9,58.9,41.1,"Romanel-sur-Morges (VD)","Les citoyens de Romanel-sur-Morges acceptent l'initiative qui vise à fixer le salaire minimum à 23,6 francs de l'heure. Ils sont 58,9 pour cent à approuver ce texte. Les ayants droit de Romanel-sur-Morges ont également dit oui au contre-projet du Conseil d'Etat, qui fixe le salaire minimum à 23 francs de l'heure et prévoit qu'une éventuelle convention collective de travail prime sur ce minimum. Ils l'acceptent à 87,9 pour cent. Les électeurs donnent cependant leur préférence à l'initiative, avec 54,9 pour cent de oui."
5646,77.3,77.3,22.7,"Saint-Prex (VD)","Les citoyens de Saint-Prex acceptent avec 77,3 pour cent de oui l'initiative exigeant un salaire minimum de 23,6 francs de l'heure. Ils refusent le contre-projet du Conseil d'Etat (52,9 pour cent de non), qui prévoit un salaire minimum de 23 francs de l'heure et la primauté d'une éventuelle convention collective de travail."
5648,88.3,88.3,11.7,"Saint-Sulpice (VD)","C'est oui à Saint-Sulpice (VD) à 88,3 pour cent à l'initiative qui demande de fixer le salaire minimum à 23,6 francs de l'heure. C'est non par contre à 56,3 pour cent au contre-projet du Conseil d'Etat qui prévoit un salaire minimum de 23 francs de l'heure et la primauté d'une éventuelle convention collective de travail."
5649,12,12,88,"Tolochenaz (VD)","C'est oui à 85,5 pour cent à Tolochenaz au contre-projet qui fixe le salaire minimum à 23 francs de l'heure et prévoit la primauté d'une éventuelle convention collective de travail. C'est non par contre à 88 pour cent à l'initiative qui demande un salaire minimum de 23,6 francs de l'heure."
5650,58.1,58.1,41.9,"Vaux-sur-Morges (VD)","Les citoyens de Vaux-sur-Morges disent oui à 58,1 à l'initiative demandant de fixer le salaire minimum à 23,6 francs de l'heure. Ils s'opposent par contre au contre-projet du Conseil d'Etat qui fixe le salaire minimum à 23 francs de l'heure et donne la priorité à une éventuelle convention collective de travail, avec 53,1 pour cent de non."
5651,65.7,65.7,34.3,"Villars-Sainte-Croix (VD)","Les citoyens de Villars-Sainte-Croix ont tranché en faveur du contre-projet du Conseil d'Etat qui fixe le salaire minimum à 23 francs de l'heure et prévoit la primauté d'une éventuelle convention collective de travail (59,8 pour cent de oui). Ils ont préféré cette proposition avec 74,6 pour cent de oui. Ils ont toutefois également approuvé avec 65,7 pour cent de oui l'initiative demandant un salaire minimum de 23,6 francs de l'heure."
5652,63.2,63.2,36.8,"Villars-sous-Yens (VD)","Les citoyens de Villars-sous-Yens disent oui à 63,2 à l'initiative demandant de fixer le salaire minimum à 23,6 francs de l'heure. Ils s'opposent par contre au contre-projet du Conseil d'Etat qui fixe le salaire minimum à 23 francs de l'heure et donne la priorité à une éventuelle convention collective de travail, avec 91,8 pour cent de non."
5653,61.4,61.4,38.6,"Vufflens-le-Château (VD)","Les citoyens de Vufflens-le-Château acceptent avec 61,4 pour cent de oui l'initiative exigeant un salaire minimum de 23,6 francs de l'heure. Ils refusent le contre-projet du Conseil d'Etat (82 pour cent de non), qui prévoit un salaire minimum de 23 francs de l'heure et la primauté d'une éventuelle convention collective de travail."
5654,36.1,36.1,63.9,"Vullierens (VD)","Non à 63,9 pour cent à l'initiative qui demande un salaire minimum de 23,6 francs de l'heure, et non aussi à 75,8 pour cent au contre-projet qui fixe le salaire minimum à 23 francs de l'heure tout en donnant la priorité aux conventions collectives de travail. Les citoyens de Vullierens ont refusé les deux propositions."
5655,61.8,61.8,38.2,"Yens (VD)","Les citoyens de Yens ont tranché en faveur du contre-projet du Conseil d'Etat qui fixe le salaire minimum à 23 francs de l'heure et prévoit la primauté d'une éventuelle convention collective de travail (65,8 pour cent de oui). Ils ont préféré cette proposition avec 79,5 pour cent de oui. Ils ont toutefois également approuvé avec 61,8 pour cent de oui l'initiative demandant un salaire minimum de 23,6 francs de l'heure."
5656,9.6,9.6,90.4,"Hautemorges (VD)","C'est oui à 51,1 pour cent à Hautemorges au contre-projet qui fixe le salaire minimum à 23 francs de l'heure et prévoit la primauté d'une éventuelle convention collective de travail. C'est non par contre à 90,4 pour cent à l'initiative qui demande un salaire minimum de 23,6 francs de l'heure."
5661,88.9,88.9,11.1,"Boulens (VD)","Les ayants droit de Boulens ont tranché: ils sont favorables à l'initiative qui demande de fixer le salaire minimum à 23,6 francs de l'heure. Les citoyens ont dit oui à 88,9. Ils acceptent aussi le contre-projet du gouvernement avec 51,5 pour cent de oui. Cette proposition fixe le salaire minimum à 23 francs de l'heure tout en donnant la priorité à une éventuelle convention collective de travail. Invités à choisir, les habitants de Boulens tranchent toutefois en faveur de l'initiative avec 78,6 pour cent de oui."
5663,25,25,75,"Bussy-sur-Moudon (VD)","Non à 75 pour cent à l'initiative qui demande un salaire minimum de 23,6 francs de l'heure, et non aussi à 88,8 pour cent au contre-projet qui fixe le salaire minimum à 23 francs de l'heure tout en donnant la priorité aux conventions collectives de travail. Les citoyens de Bussy-sur-Moudon ont refusé les deux propositions."
5665,66.7,66.7,33.3,"Chavannes-sur-Moudon (VD)","Les citoyens de Chavannes-sur-Moudon ont tranché en faveur du contre-projet du Conseil d'Etat qui fixe le salaire minimum à 23 francs de l'heure et prévoit la primauté d'une éventuelle convention collective de travail (62,4 pour cent de oui). Ils ont préféré cette proposition avec 80,2 pour cent de oui. Ils ont toutefois également approuvé avec 66,7 pour cent de oui l'initiative demandant un salaire minimum de 23,6 francs de l'heure."
5669,73,73,27,"Curtilles (VD)","Les citoyens de Curtilles ont tranché en faveur du contre-projet du Conseil d'Etat qui fixe le salaire minimum à 23 francs de l'heure et prévoit la primauté d'une éventuelle convention collective de travail (52,7 pour cent de oui). Ils ont préféré cette proposition avec 64,6 pour cent de oui. Ils ont toutefois également approuvé avec 73 pour cent de oui l'initiative demandant un salaire minimum de 23,6 francs de l'heure."
5671,76.6,76.6,23.4,"Dompierre (VD)","Les citoyens de Dompierre (VD) souhaitent instaurer un salaire minimum de 23 francs de l'heure avec priorité aux conventions collectives de travail. Ils ont dit oui à 52,3 pour cent au contre-projet d'une initiative qui demandait un salaire minimum de 23,6 francs de l'heure. Ils ont été 69,2 pour cent à préférer le contre-projet. L'initiative a obtenu 76,6 pour cent de oui."
5673,76.9,76.9,23.1,"Hermenches (VD)","Les ayants droit d'Hermenches ont tranché: ils sont favorables à l'initiative qui demande de fixer le salaire minimum à 23,6 francs de l'heure. Les citoyens ont dit oui à 76,9. Ils acceptent aussi le contre-projet du gouvernement avec 54,2 pour cent de oui. Cette proposition fixe le salaire minimum à 23 francs de l'heure tout en donnant la priorité à une éventuelle convention collective de travail. Invités à choisir, les habitants d'Hermenches tranchent toutefois en faveur de l'initiative avec 59,1 pour cent de oui."
5674,65.7,65.7,34.3,"Lovatens (VD)","Les citoyens de Lovatens disent oui à 65,7 à l'initiative demandant de fixer le salaire minimum à 23,6 francs de l'heure. Ils s'opposent par contre au contre-projet du Conseil d'Etat qui fixe le salaire minimum à 23 francs de l'heure et donne la priorité à une éventuelle convention collective de travail, avec 71,9 pour cent de non."
5675,69,69,31,"Lucens (VD)","Les citoyens de Lucens acceptent l'initiative qui vise à fixer le salaire minimum à 23,6 francs de l'heure. Ils sont 69 pour cent à approuver ce texte. Les ayants droit de Lucens ont également dit oui au contre-projet du Conseil d'Etat, qui fixe le salaire minimum à 23 francs de l'heure et prévoit qu'une éventuelle convention collective de travail prime sur ce minimum. Ils l'acceptent à 72,5 pour cent. Les électeurs donnent cependant leur préférence à l'initiative, avec 74,8 pour cent de oui."
5678,17.1,17.1,82.9,"Moudon (VD)","Les citoyens de Moudon ne veulent ni d'un salaire minimum fixé à 23,6 francs de l'heure, ni du contre-projet fixant le salaire minimum à 23 francs de l'heure avec priorité aux conventions collectives de travail. Ils ont refusé l'initiative avec 82,9 pour cent de non et le contre-projet avec 66,3 pour cent de non."
5680,60.2,60.2,39.8,"Ogens (VD)","Les citoyens d'Ogens acceptent avec 60,2 pour cent de oui l'initiative exigeant un salaire minimum de 23,6 francs de l'heure. Ils refusent le contre-projet du Conseil d'Etat (72,2 pour cent de non), qui prévoit un salaire minimum de 23 francs de l'heure et la primauté d'une éventuelle convention collective de travail."
5683,12.6,12.6,87.4,"Prévonloup (VD)","Les citoyens de Prévonloup disent oui à 63,2 au contre-projet qui fixe le salaire minimum à 23 francs de l'heure et donne la priorité à une éventuelle convention collective de travail. Ils refusent par contre l'initiative qui demande un salaire minimum de 23,6 francs de l'heure (non à 87,4 pour cent)."
5684,57.4,57.4,42.6,"Rossenges (VD)","Les citoyens de Rossenges souhaitent instaurer un salaire minimum de 23 francs de l'heure avec priorité aux conventions collectives de travail. Ils ont dit oui à 56,8 pour cent au contre-projet d'une initiative qui demandait un salaire minimum de 23,6 francs de l'heure. Ils ont été 52,4 pour cent à préférer le contre-projet. L'initiative a obtenu 57,4 pour cent de oui."
5688,68.6,68.6,31.4,"Syens (VD)","Les citoyens de Syens souhaitent instaurer un salaire minimum de 23 francs de l'heure avec priorité aux conventions collectives de travail. Ils ont dit oui à 84,6 pour cent au contre-projet d'une initiative qui demandait un salaire minimum de 23,6 francs de l'heure. Ils ont été 63,5 pour cent à préférer le contre-projet. L'initiative a obtenu 68,6 pour cent de oui."
5690,41.9,41.9,58.1,"Villars-le-Comte (VD)","Les citoyens de Villars-le-Comte ne veulent ni d'un salaire minimum fixé à 23,6 francs de l'heure, ni du contre-projet fixant le salaire minimum à 23 francs de l'heure avec priorité aux conventions collectives de travail. Ils ont refusé l'initiative avec 58,1 pour cent de non et le contre-projet avec 67,3 pour cent de non."
5692,35.2,35.2,64.8,"Vucherens (VD)","C'est oui à 55,7 pour cent à Vucherens au contre-projet qui fixe le salaire minimum à 23 francs de l'heure et prévoit la primauté d'une éventuelle convention collective de travail. C'est non par contre à 64,8 pour cent à l'initiative qui demande un salaire minimum de 23,6 francs de l'heure."
5693,28.5,28.5,71.5,"Montanaire (VD)","Les citoyens de Montanaire ne veulent ni d'un salaire minimum fixé à 23,6 francs de l'heure, ni du contre-projet fixant le salaire minimum à 23 francs de l'heure avec priorité aux conventions collectives de travail. Ils ont refusé l'initiative avec 71,5 pour cent de non et le contre-projet avec 58,2 pour cent de non."
5701,36.5,36.5,63.5,"Arnex-sur-Nyon (VD)","Les citoyens d'Arnex-sur-Nyon acceptent avec 56,4 pour cent de oui le contre-projet qui fixe le salaire minimum à 23 francs de l'heure et prévoit la primauté d'une éventuelle convention collective de travail. Ils s'opposent par contre à l'initiative qui demande un salaire minimum de 23,6 francs de l'heure (non à 63,5 pour cent)."
5702,12.7,12.7,87.3,"Arzier-Le Muids (VD)","Les citoyens d'Arzier-Le Muids acceptent avec 58,5 pour cent de oui le contre-projet qui fixe le salaire minimum à 23 francs de l'heure et prévoit la primauté d'une éventuelle convention collective de travail. Ils s'opposent par contre à l'initiative qui demande un salaire minimum de 23,6 francs de l'heure (non à 87,3 pour cent)."
5703,3.5,3.5,96.5,"Bassins (VD)","C'est oui à 66,5 pour cent à Bassins au contre-projet qui fixe le salaire minimum à 23 francs de l'heure et prévoit la primauté d'une éventuelle convention collective de travail. C'est non par contre à 96,5 pour cent à l'initiative qui demande un salaire minimum de 23,6 francs de l'heure."
5704,94.4,94.4,5.6,"Begnins (VD)","Les citoyens de Begnins ont tranché en faveur du contre-projet du Conseil d'Etat qui fixe le salaire minimum à 23 francs de l'heure et prévoit la primauté d'une éventuelle convention collective de travail (53,8 pour cent de oui). Ils ont préféré cette proposition avec 80,4 pour cent de oui. Ils ont toutefois également approuvé avec 94,4 pour cent de oui l'initiative demandant un salaire minimum de 23,6 francs de l'heure."
5705,50.5,50.5,49.5,"Bogis-Bossey (VD)","Les citoyens de Bogis-Bossey acceptent l'initiative qui vise à fixer le salaire minimum à 23,6 francs de l'heure. Ils sont 50,5 pour cent à approuver ce texte. Les ayants droit de Bogis-Bossey ont également dit oui au contre-projet du Conseil d'Etat, qui fixe le salaire minimum à 23 francs de l'heure et prévoit qu'une éventuelle convention collective de travail prime sur ce minimum. Ils l'acceptent à 66,2 pour cent. Les électeurs donnent cependant leur préférence à l'initiative, avec 74,5 pour cent de oui."
5706,20,20,80,"Borex (VD)","Ni l'initiative, ni le contre-projet ne trouvent grâce aux yeux des citoyens de Borex. Ils refusent avec 80 pour cent de non l'initiative fixant le salaire minimum à 23,6 francs de l'heure. Ils s'opposent aussi au contre-projet (50,1 pour cent de non), qui fixe le salaire minimum à 23 francs de l'heure et prévoit la primauté d'une éventuelle convention collective de travail."
5707,61.4,61.4,38.6,"Chavannes-de-Bogis (VD)","Les citoyens de Chavannes-de-Bogis disent oui à 61,4 à l'initiative demandant de fixer le salaire minimum à 23,6 francs de l'heure. Ils s'opposent par contre au contre-projet du Conseil d'Etat qui fixe le salaire minimum à 23 francs de l'heure et donne la priorité à une éventuelle convention collective de travail, avec 50,6 pour cent de non."
5708,32.2,32.2,67.8,"Chavannes-des-Bois (VD)","Non à 67,8 pour cent à l'initiative qui demande un salaire minimum de 23,6 francs de l'heure, et non aussi à 56,2 pour cent au contre-projet qui fixe le salaire minimum à 23 francs de l'heure tout en donnant la priorité aux conventions collectives de travail. Les citoyens de Chavannes-des-Bois ont refusé les deux propositions."
5709,46.8,46.8,53.2,"Chéserex (VD)","Les citoyens de Chéserex disent oui à 92,1 au contre-projet qui fixe le salaire minimum à 23 francs de l'heure et donne la priorité à une éventuelle convention collective de travail. Ils refusent par contre l'initiative qui demande un salaire minimum de 23,6 francs de l'heure (non à 53,2 pour cent)."
5710,95.4,95.4,4.6,"Coinsins (VD)","Les citoyens de Coinsins acceptent avec 95,4 pour cent de oui l'initiative exigeant un salaire minimum de 23,6 francs de l'heure. Ils refusent le contre-projet du Conseil d'Etat (80,9 pour cent de non), qui prévoit un salaire minimum de 23 francs de l'heure et la primauté d'une éventuelle convention collective de travail."
5711,79,79,21,"Commugny (VD)","Les citoyens de Commugny souhaitent instaurer un salaire minimum de 23 francs de l'heure avec priorité aux conventions collectives de travail. Ils ont dit oui à 60,7 pour cent au contre-projet d'une initiative qui demandait un salaire minimum de 23,6 francs de l'heure. Ils ont été 61,6 pour cent à préférer le contre-projet. L'initiative a obtenu 79 pour cent de oui."
5712,56.6,56.6,43.4,"Coppet (VD)","Les citoyens de Coppet acceptent l'initiative qui vise à fixer le salaire minimum à 23,6 francs de l'heure. Ils sont 56,6 pour cent à approuver ce texte. Les ayants droit de Coppet ont également dit oui au contre-projet du Conseil d'Etat, qui fixe le salaire minimum à 23 francs de l'heure et prévoit qu'une éventuelle convention collective de travail prime sur ce minimum. Ils l'acceptent à 66,5 pour cent. Les électeurs donnent cependant leur préférence à l'initiative, avec 68,7 pour cent de oui."
5713,47,47,53,"Crans-près-Céligny (VD)","Les citoyens de Crans-près-Céligny ne veulent ni d'un salaire minimum fixé à 23,6 francs de l'heure, ni du contre-projet fixant le salaire minimum à 23 francs de l'heure avec priorité aux conventions collectives de travail. Ils ont refusé l'initiative avec 53 pour cent de non et le contre-projet avec 70,5 pour cent de non."
5714,49.9,49.9,50.1,"Crassier (VD)","Non à 50,1 pour cent à l'initiative qui demande un salaire minimum de 23,6 francs de l'heure, et non aussi à 52,1 pour cent au contre-projet qui fixe le salaire minimum à 23 francs de l'heure tout en donnant la priorité aux conventions collectives de travail. Les citoyens de Crassier ont refusé les deux propositions."
5715,21.6,21.6,78.4,"Duillier (VD)","Les citoyens de Duillier ne veulent ni d'un salaire minimum fixé à 23,6 francs de l'heure, ni du contre-projet fixant le salaire minimum à 23 francs de l'heure avec priorité aux conventions collectives de travail. Ils ont refusé l'initiative avec 78,4 pour cent de non et le contre-projet avec 57,4 pour cent de non."
5716,71.8,71.8,28.2,"Eysins (VD)","Les citoyens d'Eysins acceptent avec 71,8 pour cent de oui l'initiative exigeant un salaire minimum de 23,6 francs de l'heure. Ils refusent le contre-projet du Conseil d'Etat (54,6 pour cent de non), qui prévoit un salaire minimum de 23 francs de l'heure et la primauté d'une éventuelle convention collective de travail."
5717,50.4,50.4,49.6,"Founex (VD)","Les citoyens de Founex disent oui à 50,4 à l'initiative demandant de fixer le salaire minimum à 23,6 francs de l'heure. Ils s'opposent par contre au contre-projet du Conseil d'Etat qui fixe le salaire minimum à 23 francs de l'heure et donne la priorité à une éventuelle convention collective de travail, avec 87 pour cent de non."
5718,51.5,51.5,48.5,"Genolier (VD)","C'est oui à Genolier à 51,5 pour cent à l'initiative qui demande de fixer le salaire minimum à 23,6 francs de l'heure. C'est non par contre à 56,5 pour cent au contre-projet du Conseil d'Etat qui prévoit un salaire minimum de 23 francs de l'heure et la primauté d'une éventuelle convention collective de travail."
5719,45.2,45.2,54.8,"Gingins (VD)","Les citoyens de Gingins disent oui à 77,1 au contre-projet qui fixe le salaire minimum à 23 francs de l'heure et donne la priorité à une éventuelle convention collective de travail. Ils refusent par contre l'initiative qui demande un salaire minimum de 23,6 francs de l'heure (non à 54,8 pour cent)."
5720,46.8,46.8,53.2,"Givrins (VD)","Non à 53,2 pour cent à l'initiative qui demande un salaire minimum de 23,6 francs de l'heure, et non aussi à 74,5 pour cent au contre-projet qui fixe le salaire minimum à 23 francs de l'heure tout en donnant la priorité aux conventions collectives de travail. Les citoyens de Givrins ont refusé les deux propositions."
5721,3.3,3.3,96.7,"Gland (VD)","Les citoyens de Gland disent oui à 73,6 au contre-projet qui fixe le salaire minimum à 23 francs de l'heure et donne la priorité à une éventuelle convention collective de travail. Ils refusent par contre l'initiative qui demande un salaire minimum de 23,6 francs de l'heure (non à 96,7 pour cent)."
5722,29.7,29.7,70.3,"Grens (VD)","Ni l'initiative, ni le contre-projet ne trouvent grâce aux yeux des citoyens de Grens. Ils refusent avec 70,3 pour cent de non l'initiative fixant le salaire minimum à 23,6 francs de l'heure. Ils s'opposent aussi au contre-projet (60,7 pour cent de non), qui fixe le salaire minimum à 23 francs de l'heure et prévoit la primauté d'une éventuelle convention collective de travail."
5723,98.8,98.8,1.2,"Mies (VD)","C'est oui à Mies à 98,8 pour cent à l'initiative qui demande de fixer le salaire minimum à 23,6 francs de l'heure. C'est non par contre à 50,5 pour cent au contre-projet du Conseil d'Etat qui prévoit un salaire minimum de 23 francs de l'heure et la primauté d'une éventuelle convention collective de travail."
5724,39.5,39.5,60.5,"Nyon (VD)","C'est oui à 94,4 pour cent à Nyon au contre-projet qui fixe le salaire minimum à 23 francs de l'heure et prévoit la primauté d'une éventuelle convention collective de travail. C'est non par contre à 60,5 pour cent à l'initiative qui demande un salaire minimum de 23,6 francs de l'heure."
5725,91.4,91.4,8.6,"Prangins (VD)","Les citoyens de Prangins souhaitent instaurer un salaire minimum de 23 francs de l'heure avec priorité aux conventions collectives de travail. Ils ont dit oui à 72,2 pour cent au contre-projet d'une initiative qui demandait un salaire minimum de 23,6 francs de l'heure. Ils ont été 64 pour cent à préférer le contre-projet. L'initiative a obtenu 91,4 pour cent de oui."
5726,53.2,53.2,46.8,"La Rippe (VD)","Les citoyens de La Rippe acceptent l'initiative qui vise à fixer le salaire minimum à 23,6 francs de l'heure. Ils sont 53,2 pour cent à approuver ce texte. Les ayants droit de La Rippe ont également dit oui au contre-projet du Conseil d'Etat, qui fixe le salaire minimum à 23 francs de l'heure et prévoit qu'une éventuelle convention collective de travail prime sur ce minimum. Ils l'acceptent à 62,1 pour cent. Les électeurs donnent cependant leur préférence à l'initiative, avec 54 pour cent de oui."
5727,45,45,55,"Saint-Cergue (VD)","Les citoyens de Saint-Cergue acceptent avec 54,6 pour cent de oui le contre-projet qui fixe le salaire minimum à 23 francs de l'heure et prévoit la primauté d'une éventuelle convention collective de travail. Ils s'opposent par contre à l'initiative qui demande un salaire minimum de 23,6 francs de l'heure (non à 55 pour cent)."
5728,40.7,40.7,59.3,"Signy-Avenex (VD)","Non à 59,3 pour cent à l'initiative qui demande un salaire minimum de 23,6 francs de l'heure, et non aussi à 52,4 pour cent au contre-projet qui fixe le salaire minimum à 23 francs de l'heure tout en donnant la priorité aux conventions collectives de travail. Les citoyens de Signy-Avenex ont refusé les deux propositions."
5729,15,15,85,"Tannay (VD)","Ni l'initiative, ni le contre-projet ne trouvent grâce aux yeux des citoyens de Tannay. Ils refusent avec 85 pour cent de non l'initiative fixant le salaire minimum à 23,6 francs de l'heure. Ils s'opposent aussi au contre-projet (88,1 pour cent de non), qui fixe le salaire minimum à 23 francs de l'heure et prévoit la primauté d'une éventuelle convention collective de travail."
5730,60.5,60.5,39.5,"Trélex (VD)","Les citoyens de Trélex acceptent avec 60,5 pour cent de oui l'initiative exigeant un salaire minimum de 23,6 francs de l'heure. Ils refusent le contre-projet du Conseil d'Etat (63,3 pour cent de non), qui prévoit un salaire minimum de 23 francs de l'heure et la primauté d'une éventuelle convention collective de travail."
5731,51.9,51.9,48.1,"Le Vaud (VD)","Oui à 51,9 pour cent à l'initiative visant à fixer le salaire minimum à 23,6 francs de l'heure. Oui également avec 57,6 pour cent au contre-projet du Conseil d'Etat, qui prévoit un salaire minimum de 23 francs de l'heure et la primauté d'une éventuelle convention collective de travail. Les citoyens de Le Vaud ont toutefois préféré l'initiative avec 50,8 pour cent de oui."
5732,47.7,47.7,52.3,"Vich (VD)","Les citoyens de Vich acceptent avec 57,7 pour cent de oui le contre-projet qui fixe le salaire minimum à 23 francs de l'heure et prévoit la primauté d'une éventuelle convention collective de travail. Ils s'opposent par contre à l'initiative qui demande un salaire minimum de 23,6 francs de l'heure (non à 52,3 pour cent)."
5741,64,64,36,"L'Abergement (VD)","Les citoyens de L'Abergement souhaitent instaurer un salaire minimum de 23 francs de l'heure avec priorité aux conventions collectives de travail. Ils ont dit oui à 63,1 pour cent au contre-projet d'une initiative qui demandait un salaire minimum de 23,6 francs de l'heure. Ils ont été 51,1 pour cent à préférer le contre-projet. L'initiative a obtenu 64 pour cent de oui."
5742,57.7,57.7,42.3,"Agiez (VD)","Les citoyens d'Agiez acceptent l'initiative qui vise à fixer le salaire minimum à 23,6 francs de l'heure. Ils sont 57,7 pour cent à approuver ce texte. Les ayants droit d'Agiez ont également dit oui au contre-projet du Conseil d'Etat, qui fixe le salaire minimum à 23 francs de l'heure et prévoit qu'une éventuelle convention collective de travail prime sur ce minimum. Ils l'acceptent à 51 pour cent. Les électeurs donnent cependant leur préférence à l'initiative, avec 58,3 pour cent de oui."
5743,57.1,57.1,42.9,"Arnex-sur-Orbe (VD)","Les ayants droit d'Arnex-sur-Orbe ont tranché: ils sont favorables à l'initiative qui demande de fixer le salaire minimum à 23,6 francs de l'heure. Les citoyens ont dit oui à 57,1. Ils acceptent aussi le contre-projet du gouvernement avec 67,7 pour cent de oui. Cette proposition fixe le salaire minimum à 23 francs de l'heure tout en donnant la priorité à une éventuelle convention collective de travail. Invités à choisir, les habitants d'Arnex-sur-Orbe tranchent toutefois en faveur de l'initiative avec 62,4 pour cent de oui."
5744,84.7,84.7,15.3,"Ballaigues (VD)","Oui à 84,7 pour cent à l'initiative visant à fixer le salaire minimum à 23,6 francs de l'heure. Oui également avec 96 pour cent au contre-projet du Conseil d'Etat, qui prévoit un salaire minimum de 23 francs de l'heure et la primauté d'une éventuelle convention collective de travail. Les citoyens de Ballaigues ont toutefois préféré l'initiative avec 60,9 pour cent de oui."
5745,30.7,30.7,69.3,"Baulmes (VD)","Ni l'initiative, ni le contre-projet ne trouvent grâce aux yeux des citoyens de Baulmes. Ils refusent avec 69,3 pour cent de non l'initiative fixant le salaire minimum à 23,6 francs de l'heure. Ils s'opposent aussi au contre-projet (97,4 pour cent de non), qui fixe le salaire minimum à 23 francs de l'heure et prévoit la primauté d'une éventuelle convention collective de travail."
5746,70.1,70.1,29.9,"Bavois (VD)","Oui à 74,8 pour cent au contre-projet fixant le salaire minimum à 23 francs de l'heure et prévoyant la primauté d'une éventuelle convention collective de travail. Et oui aussi à 70,1 pour cent à l'initiative qui exige un salaire minimum de 23,6 francs de l'heure. Invités à trancher entre ces deux propositions, les habitants de Bavois ont opté pour le contre-projet avec 67,6 pour cent de oui."
5747,18.9,18.9,81.1,"Bofflens (VD)","Les citoyens de Bofflens acceptent avec 58 pour cent de oui le contre-projet qui fixe le salaire minimum à 23 francs de l'heure et prévoit la primauté d'une éventuelle convention collective de travail. Ils s'opposent par contre à l'initiative qui demande un salaire minimum de 23,6 francs de l'heure (non à 81,1 pour cent)."
5748,86,86,14,"Bretonnières (VD)","Les citoyens de Bretonnières disent oui à 86 à l'initiative demandant de fixer le salaire minimum à 23,6 francs de l'heure. Ils s'opposent par contre au contre-projet du Conseil d'Etat qui fixe le salaire minimum à 23 francs de l'heure et donne la priorité à une éventuelle convention collective de travail, avec 58,5 pour cent de non."
5749,81.5,81.5,18.5,"Chavornay (VD)","Les citoyens de Chavornay acceptent avec 81,5 pour cent de oui l'initiative exigeant un salaire minimum de 23,6 francs de l'heure. Ils refusent le contre-projet du Conseil d'Etat (65,9 pour cent de non), qui prévoit un salaire minimum de 23 francs de l'heure et la primauté d'une éventuelle convention collective de travail."
5750,97.5,97.5,2.5,"Les Clées (VD)","Les citoyens des Clées acceptent avec 97,5 pour cent de oui l'initiative exigeant un salaire minimum de 23,6 francs de l'heure. Ils refusent le contre-projet du Conseil d'Etat (72,3 pour cent de non), qui prévoit un salaire minimum de 23 francs de l'heure et la primauté d'une éventuelle convention collective de travail."
5752,81.7,81.7,18.3,"Croy (VD)","C'est oui à Croy à 81,7 pour cent à l'initiative qui demande de fixer le salaire minimum à 23,6 francs de l'heure. C'est non par contre à 58,5 pour cent au contre-projet du Conseil d'Etat qui prévoit un salaire minimum de 23 francs de l'heure et la primauté d'une éventuelle convention collective de travail."
5754,27.5,27.5,72.5,"Juriens (VD)","C'est oui à 76,5 pour cent à Juriens au contre-projet qui fixe le salaire minimum à 23 francs de l'heure et prévoit la primauté d'une éventuelle convention collective de travail. C'est non par contre à 72,5 pour cent à l'initiative qui demande un salaire minimum de 23,6 francs de l'heure."
5755,63.7,63.7,36.3,"Lignerolle (VD)","Les citoyens de Lignerolle souhaitent instaurer un salaire minimum de 23 francs de l'heure avec priorité aux conventions collectives de travail. Ils ont dit oui à 67,2 pour cent au contre-projet d'une initiative qui demandait un salaire minimum de 23,6 francs de l'heure. Ils ont été 68,9 pour cent à préférer le contre-projet. L'initiative a obtenu 63,7 pour cent de oui."
5756,69.3,69.3,30.7,"Montcherand (VD)","Oui à 76,1 pour cent au contre-projet fixant le salaire minimum à 23 francs de l'heure et prévoyant la primauté d'une éventuelle convention collective de travail. Et oui aussi à 69,3 pour cent à l'initiative qui exige un salaire minimum de 23,6 francs de l'heure. Invités à trancher entre ces deux propositions, les habitants de Montcherand ont opté pour le contre-projet avec 52,7 pour cent de oui."
5757,62.3,62.3,37.7,"Orbe (VD)","C'est oui à Orbe à 62,3 pour cent à l'initiative qui demande de fixer le salaire minimum à 23,6 francs de l'heure. C'est non par contre à 50,6 pour cent au contre-projet du Conseil d'Etat qui prévoit un salaire minimum de 23 francs de l'heure et la primauté d'une éventuelle convention collective de travail."
5758,13.3,13.3,86.7,"La Praz (VD)","Les citoyens de La Praz disent oui à 53,8 au contre-projet qui fixe le salaire minimum à 23 francs de l'heure et donne la priorité à une éventuelle convention collective de travail. Ils refusent par contre l'initiative qui demande un salaire minimum de 23,6 francs de l'heure (non à 86,7 pour cent)."
5759,66.3,66.3,33.7,"Premier (VD)","Les citoyens de Premier disent oui à 66,3 à l'initiative demandant de fixer le salaire minimum à 23,6 francs de l'heure. Ils s'opposent par contre au contre-projet du Conseil d'Etat qui fixe le salaire minimum à 23 francs de l'heure et donne la priorité à une éventuelle convention collective de travail, avec 54,4 pour cent de non."
5760,49.8,49.8,50.2,"Rances (VD)","Les citoyens de Rances disent oui à 81,7 au contre-projet qui fixe le salaire minimum à 23 francs de l'heure et donne la priorité à une éventuelle convention collective de travail. Ils refusent par contre l'initiative qui demande un salaire minimum de 23,6 francs de l'heure (non à 50,2 pour cent)."
5761,38.6,38.6,61.4,"Romainmôtier-Envy (VD)","Les citoyens de Romainmôtier-Envy disent oui à 77,3 au contre-projet qui fixe le salaire minimum à 23 francs de l'heure et donne la priorité à une éventuelle convention collective de travail. Ils refusent par contre l'initiative qui demande un salaire minimum de 23,6 francs de l'heure (non à 61,4 pour cent)."
5762,49.7,49.7,50.3,"Sergey (VD)","Les citoyens de Sergey ne veulent ni d'un salaire minimum fixé à 23,6 francs de l'heure, ni du contre-projet fixant le salaire minimum à 23 francs de l'heure avec priorité aux conventions collectives de travail. Ils ont refusé l'initiative avec 50,3 pour cent de non et le contre-projet avec 53,9 pour cent de non."
5763,32,32,68,"Valeyres-sous-Rances (VD)","Les citoyens de Valeyres-sous-Rances ne veulent ni d'un salaire minimum fixé à 23,6 francs de l'heure, ni du contre-projet fixant le salaire minimum à 23 francs de l'heure avec priorité aux conventions collectives de travail. Ils ont refusé l'initiative avec 68 pour cent de non et le contre-projet avec 52,5 pour cent de non."
5764,51.2,51.2,48.8,"Vallorbe (VD)","Les citoyens de Vallorbe disent oui à 51,2 à l'initiative demandant de fixer le salaire minimum à 23,6 francs de l'heure. Ils s'opposent par contre au contre-projet du Conseil d'Etat qui fixe le salaire minimum à 23 francs de l'heure et donne la priorité à une éventuelle convention collective de travail, avec 50,7 pour cent de non."
5765,50.5,50.5,49.5,"Vaulion (VD)","Oui à 50,5 pour cent à l'initiative visant à fixer le salaire minimum à 23,6 francs de l'heure. Oui également avec 69 pour cent au contre-projet du Conseil d'Etat, qui prévoit un salaire minimum de 23 francs de l'heure et la primauté d'une éventuelle convention collective de travail. Les citoyens de Vaulion ont toutefois préféré l'initiative avec 52,5 pour cent de oui."
5766,39.3,39.3,60.7,"Vuiteboeuf (VD)","Ni l'initiative, ni le contre-projet ne trouvent grâce aux yeux des citoyens de Vuiteboeuf. Ils refusent avec 60,7 pour cent de non l'initiative fixant le salaire minimum à 23,6 francs de l'heure. Ils s'opposent aussi au contre-projet (79,2 pour cent de non), qui fixe le salaire minimum à 23 francs de l'heure et prévoit la primauté d'une éventuelle convention collective de travail."
5785,57.3,57.3,42.7,"Corcelles-le-Jorat (VD)","Oui à 57,3 pour cent à l'initiative visant à fixer le salaire minimum à 23,6 francs de l'heure. Oui également avec 66,4 pour cent au contre-projet du Conseil d'Etat, qui prévoit un salaire minimum de 23 francs de l'heure et la primauté d'une éventuelle convention collective de travail. Les citoyens de Corcelles-le-Jorat ont toutefois préféré l'initiative avec 53,5 pour cent de oui."
5790,8.6,8.6,91.4,"Maracon (VD)","C'est oui à 75 pour cent à Maracon au contre-projet qui fixe le salaire minimum à 23 francs de l'heure et prévoit la primauté d'une éventuelle convention collective de travail. C'est non par contre à 91,4 pour cent à l'initiative qui demande un salaire minimum de 23,6 francs de l'heure."
5792,74.5,74.5,25.5,"Montpreveyres (VD)","Les citoyens de Montpreveyres acceptent avec 74,5 pour cent de oui l'initiative exigeant un salaire minimum de 23,6 francs de l'heure. Ils refusent le contre-projet du Conseil d'Etat (93,8 pour cent de non), qui prévoit un salaire minimum de 23 francs de l'heure et la primauté d'une éventuelle convention collective de travail."
5798,93.1,93.1,6.9,"Ropraz (VD)","Les citoyens de Ropraz acceptent avec 93,1 pour cent de oui l'initiative exigeant un salaire minimum de 23,6 francs de l'heure. Ils refusent le contre-projet du Conseil d'Etat (54,9 pour cent de non), qui prévoit un salaire minimum de 23 francs de l'heure et la primauté d'une éventuelle convention collective de travail."
5799,54.6,54.6,45.4,"Servion (VD)","Oui à 54,6 pour cent à l'initiative visant à fixer le salaire minimum à 23,6 francs de l'heure. Oui également avec 51,7 pour cent au contre-projet du Conseil d'Etat, qui prévoit un salaire minimum de 23 francs de l'heure et la primauté d'une éventuelle convention collective de travail. Les citoyens de Servion ont toutefois préféré l'initiative avec 82,9 pour cent de oui."
5803,66,66,34,"Vulliens (VD)","Les citoyens de Vulliens acceptent l'initiative qui vise à fixer le salaire minimum à 23,6 francs de l'heure. Ils sont 66 pour cent à approuver ce texte. Les ayants droit de Vulliens ont également dit oui au contre-projet du Conseil d'Etat, qui fixe le salaire minimum à 23 francs de l'heure et prévoit qu'une éventuelle convention collective de travail prime sur ce minimum. Ils l'acceptent à 97,3 pour cent. Les électeurs donnent cependant leur préférence à l'initiative, avec 62,8 pour cent de oui."
5804,3.4,3.4,96.6,"Jorat-Menthue (VD)","C'est oui à 52,5 pour cent à Jorat-Menthue au contre-projet qui fixe le salaire minimum à 23 francs de l'heure et prévoit la primauté d'une éventuelle convention collective de travail. C'est non par contre à 96,6 pour cent à l'initiative qui demande un salaire minimum de 23,6 francs de l'heure."
5805,55.6,55.6,44.4,"Oron (VD)","Les citoyens d'Oron disent oui à 55,6 à l'initiative demandant de fixer le salaire minimum à 23,6 francs de l'heure. Ils s'opposent par contre au contre-projet du Conseil d'Etat qui fixe le salaire minimum à 23 francs de l'heure et donne la priorité à une éventuelle convention collective de travail, avec 92,2 pour cent de non."
5806,62.9,62.9,37.1,"Jorat-Mézières (VD)","Les citoyens de Jorat-Mézières acceptent avec 62,9 pour cent de oui l'initiative exigeant un salaire minimum de 23,6 francs de l'heure. Ils refusent le contre-projet du Conseil d'Etat (74,7 pour cent de non), qui prévoit un salaire minimum de 23 francs de l'heure et la primauté d'une éventuelle convention collective de travail."
5812,78.6,78.6,21.4,"Champtauroz (VD)","Oui à 78,6 pour cent à l'initiative visant à fixer le salaire minimum à 23,6 francs de l'heure. Oui également avec 97 pour cent au contre-projet du Conseil d'Etat, qui prévoit un salaire minimum de 23 francs de l'heure et la primauté d'une éventuelle convention collective de travail. Les citoyens de Champtauroz ont toutefois préféré l'initiative avec 82,7 pour cent de oui."
5813,51,51,49,"Chevroux (VD)","Les citoyens de Chevroux acceptent avec 51 pour cent de oui l'initiative exigeant un salaire minimum de 23,6 francs de l'heure. Ils refusent le contre-projet du Conseil d'Etat (68,6 pour cent de non), qui prévoit un salaire minimum de 23 francs de l'heure et la primauté d'une éventuelle convention collective de travail."
5816,65.6,65.6,34.4,"Corcelles-près-Payerne (VD)","Les citoyens de Corcelles-près-Payerne souhaitent instaurer un salaire minimum de 23 francs de l'heure avec priorité aux conventions collectives de travail. Ils ont dit oui à 50,3 pour cent au contre-projet d'une initiative qui demandait un salaire minimum de 23,6 francs de l'heure. Ils ont été 70,1 pour cent à préférer le contre-projet. L'initiative a obtenu 65,6 pour cent de oui."
5817,68.6,68.6,31.4,"Grandcour (VD)","Oui à 68,6 pour cent à l'initiative visant à fixer le salaire minimum à 23,6 francs de l'heure. Oui également avec 73,2 pour cent au contre-projet du Conseil d'Etat, qui prévoit un salaire minimum de 23 francs de l'heure et la primauté d'une éventuelle convention collective de travail. Les citoyens de Grandcour ont toutefois préféré l'initiative avec 99 pour cent de oui."
5819,56,56,44,"Henniez (VD)","Les citoyens d'Henniez disent oui à 56 à l'initiative demandant de fixer le salaire minimum à 23,6 francs de l'heure. Ils s'opposent par contre au contre-projet du Conseil d'Etat qui fixe le salaire minimum à 23 francs de l'heure et donne la priorité à une éventuelle convention collective de travail, avec 98,1 pour cent de non."
5821,60.2,60.2,39.8,"Missy (VD)","C'est oui à Missy à 60,2 pour cent à l'initiative qui demande de fixer le salaire minimum à 23,6 francs de l'heure. C'est non par contre à 60 pour cent au contre-projet du Conseil d'Etat qui prévoit un salaire minimum de 23 francs de l'heure et la primauté d'une éventuelle convention collective de travail."
5822,27.3,27.3,72.7,"Payerne (VD)","Les citoyens de Payerne acceptent avec 78,5 pour cent de oui le contre-projet qui fixe le salaire minimum à 23 francs de l'heure et prévoit la primauté d'une éventuelle convention collective de travail. Ils s'opposent par contre à l'initiative qui demande un salaire minimum de 23,6 francs de l'heure (non à 72,7 pour cent)."
5827,56.9,56.9,43.1,"Trey (VD)","Les citoyens de Trey ont tranché en faveur du contre-projet du Conseil d'Etat qui fixe le salaire minimum à 23 francs de l'heure et prévoit la primauté d'une éventuelle convention collective de travail (60,9 pour cent de oui). Ils ont préféré cette proposition avec 57,7 pour cent de oui. Ils ont toutefois également approuvé avec 56,9 pour cent de oui l'initiative demandant un salaire minimum de 23,6 francs de l'heure."
5828,36.2,36.2,63.8,"Treytorrens (Payerne) (VD)","Les citoyens de Treytorrens (Payerne) ne veulent ni d'un salaire minimum fixé à 23,6 francs de l'heure, ni du contre-projet fixant le salaire minimum à 23 francs de l'heure avec priorité aux conventions collectives de travail. Ils ont refusé l'initiative avec 63,8 pour cent de non et le contre-projet avec 83,9 pour cent de non."
5830,28.7,28.7,71.3,"Villarzel (VD)","Les citoyens de Villarzel ne veulent ni d'un salaire minimum fixé à 23,6 francs de l'heure, ni du contre-projet fixant le salaire minimum à 23 francs de l'heure avec priorité aux conventions collectives de travail. Ils ont refusé l'initiative avec 71,3 pour cent de non et le contre-projet avec 63,4 pour cent de non."
5831,40.2,40.2,59.8,"Valbroye (VD)","Les citoyens de Valbroye disent oui à 61,8 au contre-projet qui fixe le salaire minimum à 23 francs de l'heure et donne la priorité à une éventuelle convention collective de travail. Ils refusent par contre l'initiative qui demande un salaire minimum de 23,6 francs de l'heure (non à 59,8 pour cent)."
5841,38.5,38.5,61.5,"Château-d'Oex (VD)","Les citoyens de Château-d'Oex acceptent avec 58,2 pour cent de oui le contre-projet qui fixe le salaire minimum à 23 francs de l'heure et prévoit la primauté d'une éventuelle convention collective de travail. Ils s'opposent par contre à l'initiative qui demande un salaire minimum de 23,6 francs de l'heure (non à 61,5 pour cent)."
5842,90.5,90.5,9.5,"Rossinière (VD)","Oui à 54,3 pour cent au contre-projet fixant le salaire minimum à 23 francs de l'heure et prévoyant la primauté d'une éventuelle convention collective de travail. Et oui aussi à 90,5 pour cent à l'initiative qui exige un salaire minimum de 23,6 francs de l'heure. Invités à trancher entre ces deux propositions, les habitants de Rossinière ont opté pour le contre-projet avec 99,8 pour cent de oui."
5843,71.4,71.4,28.6,"Rougemont (VD)","C'est oui à Rougemont à 71,4 pour cent à l'initiative qui demande de fixer le salaire minimum à 23,6 francs de l'heure. C'est non par contre à 72,6 pour cent au contre-projet du Conseil d'Etat qui prévoit un salaire minimum de 23 francs de l'heure et la primauté d'une éventuelle convention collective de travail."
5851,51,51,49,"Allaman (VD)","Les citoyens d'Allaman acceptent l'initiative qui vise à fixer le salaire minimum à 23,6 francs de l'heure. Ils sont 51 pour cent à approuver ce texte. Les ayants droit d'Allaman ont également dit oui au contre-projet du Conseil d'Etat, qui fixe le salaire minimum à 23 francs de l'heure et prévoit qu'une éventuelle convention collective de travail prime sur ce minimum. Ils l'acceptent à 80 pour cent. Les électeurs donnent cependant leur préférence à l'initiative, avec 86,2 pour cent de oui."
5852,88.1,88.1,11.9,"Bursinel (VD)","Les citoyens de Bursinel acceptent avec 88,1 pour cent de oui l'initiative exigeant un salaire minimum de 23,6 francs de l'heure. Ils refusent le contre-projet du Conseil d'Etat (69,2 pour cent de non), qui prévoit un salaire minimum de 23 francs de l'heure et la primauté d'une éventuelle convention collective de travail."
5853,12.9,12.9,87.1,"Bursins (VD)","Les citoyens de Bursins ne veulent ni d'un salaire minimum fixé à 23,6 francs de l'heure, ni du contre-projet fixant le salaire minimum à 23 francs de l'heure avec priorité aux conventions collectives de travail. Ils ont refusé l'initiative avec 87,1 pour cent de non et le contre-projet avec 83,8 pour cent de non."
5854,19.3,19.3,80.7,"Burtigny (VD)","Ni l'initiative, ni le contre-projet ne trouvent grâce aux yeux des citoyens de Burtigny. Ils refusent avec 80,7 pour cent de non l'initiative fixant le salaire minimum à 23,6 francs de l'heure. Ils s'opposent aussi au contre-projet (72,6 pour cent de non), qui fixe le salaire minimum à 23 francs de l'heure et prévoit la primauté d'une éventuelle convention collective de travail."
5855,37.9,37.9,62.1,"Dully (VD)","C'est oui à 52,9 pour cent à Dully au contre-projet qui fixe le salaire minimum à 23 francs de l'heure et prévoit la primauté d'une éventuelle convention collective de travail. C'est non par contre à 62,1 pour cent à l'initiative qui demande un salaire minimum de 23,6 francs de l'heure."
5856,57,57,43,"Essertines-sur-Rolle (VD)","Les citoyens d'Essertines-sur-Rolle disent oui à 57 à l'initiative demandant de fixer le salaire minimum à 23,6 francs de l'heure. Ils s'opposent par contre au contre-projet du Conseil d'Etat qui fixe le salaire minimum à 23 francs de l'heure et donne la priorité à une éventuelle convention collective de travail, avec 82 pour cent de non."
5857,63,63,37,"Gilly (VD)","Les citoyens de Gilly disent oui à 63 à l'initiative demandant de fixer le salaire minimum à 23,6 francs de l'heure. Ils s'opposent par contre au contre-projet du Conseil d'Etat qui fixe le salaire minimum à 23 francs de l'heure et donne la priorité à une éventuelle convention collective de travail, avec 61,7 pour cent de non."
5858,16.6,16.6,83.4,"Luins (VD)","C'est oui à 64 pour cent à Luins au contre-projet qui fixe le salaire minimum à 23 francs de l'heure et prévoit la primauté d'une éventuelle convention collective de travail. C'est non par contre à 83,4 pour cent à l'initiative qui demande un salaire minimum de 23,6 francs de l'heure."
5859,76.5,76.5,23.5,"Mont-sur-Rolle (VD)","Les citoyens de Mont-sur-Rolle acceptent l'initiative qui vise à fixer le salaire minimum à 23,6 francs de l'heure. Ils sont 76,5 pour cent à approuver ce texte. Les ayants droit de Mont-sur-Rolle ont également dit oui au contre-projet du Conseil d'Etat, qui fixe le salaire minimum à 23 francs de l'heure et prévoit qu'une éventuelle convention collective de travail prime sur ce minimum. Ils l'acceptent à 50,8 pour cent. Les électeurs donnent cependant leur préférence à l'initiative, avec 55,3 pour cent de oui."
5860,48,48,52,"Perroy (VD)","Les citoyens de Perroy ne veulent ni d'un salaire minimum fixé à 23,6 francs de l'heure, ni du contre-projet fixant le salaire minimum à 23 francs de l'heure avec priorité aux conventions collectives de travail. Ils ont refusé l'initiative avec 52 pour cent de non et le contre-projet avec 51,5 pour cent de non."
5861,86.5,86.5,13.5,"Rolle (VD)","Les citoyens de Rolle ont tranché en faveur du contre-projet du Conseil d'Etat qui fixe le salaire minimum à 23 francs de l'heure et prévoit la primauté d'une éventuelle convention collective de travail (94,7 pour cent de oui). Ils ont préféré cette proposition avec 71,4 pour cent de oui. Ils ont toutefois également approuvé avec 86,5 pour cent de oui l'initiative demandant un salaire minimum de 23,6 francs de l'heure."
5862,37.3,37.3,62.7,"Tartegnin (VD)","Non à 62,7 pour cent à l'initiative qui demande un salaire minimum de 23,6 francs de l'heure, et non aussi à 75,6 pour cent au contre-projet qui fixe le salaire minimum à 23 francs de l'heure tout en donnant la priorité aux conventions collectives de travail. Les citoyens de Tartegnin ont refusé les deux propositions."
5863,59.7,59.7,40.3,"Vinzel (VD)","Les citoyens de Vinzel acceptent avec 59,7 pour cent de oui l'initiative exigeant un salaire minimum de 23,6 francs de l'heure. Ils refusent le contre-projet du Conseil d'Etat (62,7 pour cent de non), qui prévoit un salaire minimum de 23 francs de l'heure et la primauté d'une éventuelle convention collective de travail."
5871,2.9,2.9,97.1,"L'Abbaye (VD)","Les citoyens de L'Abbaye acceptent avec 51,5 pour cent de oui le contre-projet qui fixe le salaire minimum à 23 francs de l'heure et prévoit la primauté d'une éventuelle convention collective de travail. Ils s'opposent par contre à l'initiative qui demande un salaire minimum de 23,6 francs de l'heure (non à 97,1 pour cent)."
5872,79.4,79.4,20.6,"Le Chenit (VD)","Les citoyens du Chenit disent oui à 79,4 à l'initiative demandant de fixer le salaire minimum à 23,6 francs de l'heure. Ils s'opposent par contre au contre-projet du Conseil d'Etat qui fixe le salaire minimum à 23 francs de l'heure et donne la priorité à une éventuelle convention collective de travail, avec 53,4 pour cent de non."
5873,8.8,8.8,91.2,"Le Lieu (VD)","Non à 91,2 pour cent à l'initiative qui demande un salaire minimum de 23,6 francs de l'heure, et non aussi à 51,1 pour cent au contre-projet qui fixe le salaire minimum à 23 francs de l'heure tout en donnant la priorité aux conventions collectives de travail. Les citoyens du Lieu ont refusé les deux propositions."
5882,50.2,50.2,49.8,"Chardonne (VD)","Les citoyens de Chardonne acceptent avec 50,2 pour cent de oui l'initiative exigeant un salaire minimum de 23,6 francs de l'heure. Ils refusent le contre-projet du Conseil d'Etat (55,9 pour cent de non), qui prévoit un salaire minimum de 23 francs de l'heure et la primauté d'une éventuelle convention collective de travail."
5883,60.7,60.7,39.3,"Corseaux (VD)","Les citoyens de Corseaux disent oui à 60,7 à l'initiative demandant de fixer le salaire minimum à 23,6 francs de l'heure. Ils s'opposent par contre au contre-projet du Conseil d'Etat qui fixe le salaire minimum à 23 francs de l'heure et donne la priorité à une éventuelle convention collective de travail, avec 64,3 pour cent de non."
5884,46.8,46.8,53.2,"Corsier-sur-Vevey (VD)","Les citoyens de Corsier-sur-Vevey disent oui à 61,4 au contre-projet qui fixe le salaire minimum à 23 francs de l'heure et donne la priorité à une éventuelle convention collective de travail. Ils refusent par contre l'initiative qui demande un salaire minimum de 23,6 francs de l'heure (non à 53,2 pour cent)."
5885,1,1,99,"Jongny (VD)","C'est oui à 64,9 pour cent à Jongny au contre-projet qui fixe le salaire minimum à 23 francs de l'heure et prévoit la primauté d'une éventuelle convention collective de travail. C'est non par contre à 99 pour cent à l'initiative qui demande un salaire minimum de 23,6 francs de l'heure."
5886,33.5,33.5,66.5,"Montreux (VD)","Les citoyens de Montreux disent oui à 59,2 au contre-projet qui fixe le salaire minimum à 23 francs de l'heure et donne la priorité à une éventuelle convention collective de travail. Ils refusent par contre l'initiative qui demande un salaire minimum de 23,6 francs de l'heure (non à 66,5 pour cent)."
5889,70.8,70.8,29.2,"La Tour-de-Peilz (VD)","Les citoyens de La Tour-de-Peilz acceptent avec 70,8 pour cent de oui l'initiative exigeant un salaire minimum de 23,6 francs de l'heure. Ils refusent le contre-projet du Conseil d'Etat (76,4 pour cent de non), qui prévoit un salaire minimum de 23 francs de l'heure et la primauté d'une éventuelle convention collective de travail."
5890,49,49,51,"Vevey (VD)","Les citoyens de Vevey disent oui à 85 au contre-projet qui fixe le salaire minimum à 23 francs de l'heure et donne la priorité à une éventuelle convention collective de travail. Ils refusent par contre l'initiative qui demande un salaire minimum de 23,6 francs de l'heure (non à 51 pour cent)."
5891,37.7,37.7,62.3,"Veytaux (VD)","Les citoyens de Veytaux disent oui à 94 au contre-projet qui fixe le salaire minimum à 23 francs de l'heure et donne la priorité à une éventuelle convention collective de travail. Ils refusent par contre l'initiative qui demande un salaire minimum de 23,6 francs de l'heure (non à 62,3 pour cent)."
5892,53.5,53.5,46.5,"Blonay-Saint-Légier (VD)","Oui à 53,5 pour cent au contre-projet fixant le salaire minimum à 23 francs de l'heure et prévoyant la primauté d'une éventuelle convention collective de travail. Et oui aussi à 53,5 pour cent à l'initiative qui exige un salaire minimum de 23,6 francs de l'heure. Invités à trancher entre ces deux propositions, les habitants de Blonay-Saint-Légier ont opté pour le contre-projet avec 73,1 pour cent de oui."
5902,44.6,44.6,55.4,"Belmont-sur-Yverdon (VD)","Non à 55,4 pour cent à l'initiative qui demande un salaire minimum de 23,6 francs de l'heure, et non aussi à 57,8 pour cent au contre-projet qui fixe le salaire minimum à 23 francs de l'heure tout en donnant la priorité aux conventions collectives de travail. Les citoyens de Belmont-sur-Yverdon ont refusé les deux propositions."
5903,48.4,48.4,51.6,"Bioley-Magnoux (VD)","C'est oui à 58,9 pour cent à Bioley-Magnoux au contre-projet qui fixe le salaire minimum à 23 francs de l'heure et prévoit la primauté d'une éventuelle convention collective de travail. C'est non par contre à 51,6 pour cent à l'initiative qui demande un salaire minimum de 23,6 francs de l'heure."
5904,13.4,13.4,86.6,"Chamblon (VD)","Les citoyens de Chamblon acceptent avec 58,1 pour cent de oui le contre-projet qui fixe le salaire minimum à 23 francs de l'heure et prévoit la primauté d'une éventuelle convention collective de travail. Ils s'opposent par contre à l'initiative qui demande un salaire minimum de 23,6 francs de l'heure (non à 86,6 pour cent)."
5905,41,41,59,"Champvent (VD)","C'est oui à 54,1 pour cent à Champvent au contre-projet qui fixe le salaire minimum à 23 francs de l'heure et prévoit la primauté d'une éventuelle convention collective de travail. C'est non par contre à 59 pour cent à l'initiative qui demande un salaire minimum de 23,6 francs de l'heure."
5907,54.8,54.8,45.2,"Chavannes-le-Chêne (VD)","Les citoyens de Chavannes-le-Chêne souhaitent instaurer un salaire minimum de 23 francs de l'heure avec priorité aux conventions collectives de travail. Ils ont dit oui à 51,6 pour cent au contre-projet d'une initiative qui demandait un salaire minimum de 23,6 francs de l'heure. Ils ont été 89,1 pour cent à préférer le contre-projet. L'initiative a obtenu 54,8 pour cent de oui."
5908,81.6,81.6,18.4,"Chêne-Pâquier (VD)","Les citoyens de Chêne-Pâquier ont tranché en faveur du contre-projet du Conseil d'Etat qui fixe le salaire minimum à 23 francs de l'heure et prévoit la primauté d'une éventuelle convention collective de travail (56,9 pour cent de oui). Ils ont préféré cette proposition avec 69,7 pour cent de oui. Ils ont toutefois également approuvé avec 81,6 pour cent de oui l'initiative demandant un salaire minimum de 23,6 francs de l'heure."
5909,65.3,65.3,34.7,"Cheseaux-Noréaz (VD)","Les citoyens de Cheseaux-Noréaz disent oui à 65,3 à l'initiative demandant de fixer le salaire minimum à 23,6 francs de l'heure. Ils s'opposent par contre au contre-projet du Conseil d'Etat qui fixe le salaire minimum à 23 francs de l'heure et donne la priorité à une éventuelle convention collective de travail, avec 93,8 pour cent de non."
5910,54.6,54.6,45.4,"Cronay (VD)","C'est oui à Cronay à 54,6 pour cent à l'initiative qui demande de fixer le salaire minimum à 23,6 francs de l'heure. C'est non par contre à 57,5 pour cent au contre-projet du Conseil d'Etat qui prévoit un salaire minimum de 23 francs de l'heure et la primauté d'une éventuelle convention collective de travail."
5911,52.7,52.7,47.3,"Cuarny (VD)","Les citoyens de Cuarny disent oui à 52,7 à l'initiative demandant de fixer le salaire minimum à 23,6 francs de l'heure. Ils s'opposent par contre au contre-projet du Conseil d'Etat qui fixe le salaire minimum à 23 francs de l'heure et donne la priorité à une éventuelle convention collective de travail, avec 78,1 pour cent de non."
5912,30.6,30.6,69.4,"Démoret (VD)","Les citoyens de Démoret ne veulent ni d'un salaire minimum fixé à 23,6 francs de l'heure, ni du contre-projet fixant le salaire minimum à 23 francs de l'heure avec priorité aux conventions collectives de travail. Ils ont refusé l'initiative avec 69,4 pour cent de non et le contre-projet avec 94,7 pour cent de non."
5913,59.4,59.4,40.6,"Donneloye (VD)","Oui à 59,4 pour cent à l'initiative visant à fixer le salaire minimum à 23,6 francs de l'heure. Oui également avec 87,8 pour cent au contre-projet du Conseil d'Etat, qui prévoit un salaire minimum de 23 francs de l'heure et la primauté d'une éventuelle convention collective de travail. Les citoyens de Donneloye ont toutefois préféré l'initiative avec 60,8 pour cent de oui."
5914,25.5,25.5,74.5,"Ependes (VD)","Non à 74,5 pour cent à l'initiative qui demande un salaire minimum de 23,6 francs de l'heure, et non aussi à 55 pour cent au contre-projet qui fixe le salaire minimum à 23 francs de l'heure tout en donnant la priorité aux conventions collectives de travail. Les citoyens d'Ependes (VD) ont refusé les deux propositions."
5919,54.7,54.7,45.3,"Mathod (VD)","Les citoyens de Mathod disent oui à 54,7 à l'initiative demandant de fixer le salaire minimum à 23,6 francs de l'heure. Ils s'opposent par contre au contre-projet du Conseil d'Etat qui fixe le salaire minimum à 23 francs de l'heure et donne la priorité à une éventuelle convention collective de travail, avec 68,3 pour cent de non."
5921,12.6,12.6,87.4,"Molondin (VD)","C'est oui à 86 pour cent à Molondin au contre-projet qui fixe le salaire minimum à 23 francs de l'heure et prévoit la primauté d'une éventuelle convention collective de travail. C'est non par contre à 87,4 pour cent à l'initiative qui demande un salaire minimum de 23,6 francs de l'heure."
5922,57.9,57.9,42.1,"Montagny-près-Yverdon (VD)","Les citoyens de Montagny-près-Yverdon disent oui à 57,9 à l'initiative demandant de fixer le salaire minimum à 23,6 francs de l'heure. Ils s'opposent par contre au contre-projet du Conseil d'Etat qui fixe le salaire minimum à 23 francs de l'heure et donne la priorité à une éventuelle convention collective de travail, avec 70,3 pour cent de non."
5923,38.7,38.7,61.3,"Oppens (VD)","Non à 61,3 pour cent à l'initiative qui demande un salaire minimum de 23,6 francs de l'heure, et non aussi à 72,6 pour cent au contre-projet qui fixe le salaire minimum à 23 francs de l'heure tout en donnant la priorité aux conventions collectives de travail. Les citoyens d'Oppens ont refusé les deux propositions."
5924,43.6,43.6,56.4,"Orges (VD)","Les citoyens d'Orges disent oui à 85,2 au contre-projet qui fixe le salaire minimum à 23 francs de l'heure et donne la priorité à une éventuelle convention collective de travail. Ils refusent par contre l'initiative qui demande un salaire minimum de 23,6 francs de l'heure (non à 56,4 pour cent)."
5925,51.3,51.3,48.7,"Orzens (VD)","Les citoyens d'Orzens ont tranché en faveur du contre-projet du Conseil d'Etat qui fixe le salaire minimum à 23 francs de l'heure et prévoit la primauté d'une éventuelle convention collective de travail (81,4 pour cent de oui). Ils ont préféré cette proposition avec 60,6 pour cent de oui. Ils ont toutefois également approuvé avec 51,3 pour cent de oui l'initiative demandant un salaire minimum de 23,6 francs de l'heure."
5926,52.3,52.3,47.7,"Pomy (VD)","Oui à 52,3 pour cent à l'initiative visant à fixer le salaire minimum à 23,6 francs de l'heure. Oui également avec 69 pour cent au contre-projet du Conseil d'Etat, qui prévoit un salaire minimum de 23 francs de l'heure et la primauté d'une éventuelle convention collective de travail. Les citoyens de Pomy ont toutefois préféré l'initiative avec 60 pour cent de oui."
5928,88.2,88.2,11.8,"Rovray (VD)","Les citoyens de Rovray souhaitent instaurer un salaire minimum de 23 francs de l'heure avec priorité aux conventions collectives de travail. Ils ont dit oui à 51 pour cent au contre-projet d'une initiative qui demandait un salaire minimum de 23,6 francs de l'heure. Ils ont été 68,5 pour cent à préférer le contre-projet. L'initiative a obtenu 88,2 pour cent de oui."
5929,55.7,55.7,44.3,"Suchy (VD)","C'est oui à Suchy à 55,7 pour cent à l'initiative qui demande de fixer le salaire minimum à 23,6 francs de l'heure. C'est non par contre à 56,3 pour cent au contre-projet du Conseil d'Etat qui prévoit un salaire minimum de 23 francs de l'heure et la primauté d'une éventuelle convention collective de travail."
5930,20.2,20.2,79.8,"Suscévaz (VD)","Non à 79,8 pour cent à l'initiative qui demande un salaire minimum de 23,6 francs de l'heure, et non aussi à 70,7 pour cent au contre-projet qui fixe le salaire minimum à 23 francs de l'heure tout en donnant la priorité aux conventions collectives de travail. Les citoyens de Suscévaz ont refusé les deux propositions."
5931,45,45,55,"Treycovagnes (VD)","Les citoyens de Treycovagnes disent oui à 84,7 au contre-projet qui fixe le salaire minimum à 23 francs de l'heure et donne la priorité à une éventuelle convention collective de travail. Ils refusent par contre l'initiative qui demande un salaire minimum de 23,6 francs de l'heure (non à 55 pour cent)."
5932,40.1,40.1,59.9,"Ursins (VD)","C'est oui à 83,9 pour cent à Ursins au contre-projet qui fixe le salaire minimum à 23 francs de l'heure et prévoit la primauté d'une éventuelle convention collective de travail. C'est non par contre à 59,9 pour cent à l'initiative qui demande un salaire minimum de 23,6 francs de l'heure."
5933,83.3,83.3,16.7,"Valeyres-sous-Montagny (VD)","Les citoyens de Valeyres-sous-Montagny disent oui à 83,3 à l'initiative demandant de fixer le salaire minimum à 23,6 francs de l'heure. Ils s'opposent par contre au contre-projet du Conseil d'Etat qui fixe le salaire minimum à 23 francs de l'heure et donne la priorité à une éventuelle convention collective de travail, avec 95,2 pour cent de non."
5934,29.7,29.7,70.3,"Valeyres-sous-Ursins (VD)","Les citoyens de Valeyres-sous-Ursins ne veulent ni d'un salaire minimum fixé à 23,6 francs de l'heure, ni du contre-projet fixant le salaire minimum à 23 francs de l'heure avec priorité aux conventions collectives de travail. Ils ont refusé l'initiative avec 70,3 pour cent de non et le contre-projet avec 81,9 pour cent de non."
5935,99.9,99.9,0.1,"Villars-Epeney (VD)","Les citoyens de Villars-Epeney acceptent l'initiative qui vise à fixer le salaire minimum à 23,6 francs de l'heure. Ils sont 99,9 pour cent à approuver ce texte. Les ayants droit de Villars-Epeney ont également dit oui au contre-projet du Conseil d'Etat, qui fixe le salaire minimum à 23 francs de l'heure et prévoit qu'une éventuelle convention collective de travail prime sur ce minimum. Ils l'acceptent à 80,1 pour cent. Les électeurs donnent cependant leur préférence à l'initiative, avec 91,5 pour cent de oui."
5937,51,51,49,"Vugelles-La Mothe (VD)","Oui à 51 pour cent à l'initiative visant à fixer le salaire minimum à 23,6 francs de l'heure. Oui également avec 88,5 pour cent au contre-projet du Conseil d'Etat, qui prévoit un salaire minimum de 23 francs de l'heure et la primauté d'une éventuelle convention collective de travail. Les citoyens de Vugelles-La Mothe ont toutefois préféré l'initiative avec 85,3 pour cent de oui."
5938,54,54,46,"Yverdon-les-Bains (VD)","Oui à 50,4 pour cent au contre-projet fixant le salaire minimum à 23 francs de l'heure et prévoyant la primauté d'une éventuelle convention collective de travail. Et oui aussi à 54 pour cent à l'initiative qui exige un salaire minimum de 23,6 francs de l'heure. Invités à trancher entre ces deux propositions, les habitants d'Yverdon-les-Bains ont opté pour le contre-projet avec 78,3 pour cent de oui."
5939,67.2,67.2,32.8,"Yvonand (VD)","C'est oui à Yvonand à 67,2 pour cent à l'initiative qui demande de fixer le salaire minimum à 23,6 francs de l'heure. C'est non par contre à 77,5 pour cent au contre-projet du Conseil d'Etat qui prévoit un salaire minimum de 23 francs de l'heure et la primauté d'une éventuelle convention collective de travail."
