"ID","Gemeinde_color","Ja_Stimmen_In_Prozent","Nein_Stimmen_In_Prozent","Gemeinde_fr","Text_fr"
1,50.3,50.3,49.7,"Aeugst am Albis (ZH)","La population d'Aeugst am Albis approuve à 50,3 pour cent l'initiative ""Pas de Suisse à 10 millions!». Avec ce résultat, Aeugst am Albis bascule dans le camp du oui. En 2020, la commune avait rejeté l'initiative ""pour une immigration modérée» avec 60 pour cent des voix."
2,36.5,36.5,63.5,"Affoltern am Albis (ZH)","L'initiative ""Pas de Suisse à 10 millions!» n'a pas convaincu à Affoltern am Albis. Les citoyens de la commune ont refusé le texte à 63,5 pour cent. Le refus de l'initiative ""Pas de Suisse à 10 millions!» est plus fort que celui observé pour l'initiative ""pour une immigration modérée» en 2020. La proportion de non à Affoltern am Albis était alors de 61 pour cent."
3,48.4,48.4,51.6,"Bonstetten (ZH)","L'initiative ""Pas de Suisse à 10 millions!» n'a pas convaincu à Bonstetten. Les citoyens de la commune ont refusé le texte à 51,6 pour cent. Le rejet de l'initiative est toutefois moins marqué que celui enregistré lors de la votation sur l'initiative ""pour une immigration modérée» en 2020. Les habitants de Bonstetten avaient alors dit non à 66,2 pour cent."
4,78.4,78.4,21.6,"Hausen am Albis (ZH)","A Hausen am Albis, les habitants disent oui à 78,4 pour cent à l'initiative ""Pas de Suisse à 10 millions!». Avec ce résultat, Hausen am Albis bascule dans le camp du oui. En 2020, la commune avait rejeté l'initiative ""pour une immigration modérée» avec 62,4 pour cent des voix."
5,56,56,44,"Hedingen (ZH)","Hedingen dit oui à 56 pour cent à l'initiative ""Pas de Suisse à 10 millions!». Avec ce résultat, Hedingen bascule dans le camp du oui. En 2020, la commune avait rejeté l'initiative ""pour une immigration modérée» avec 64,7 pour cent des voix."
6,49.9,49.9,50.1,"Kappel am Albis (ZH)","L'initiative ""Pas de Suisse à 10 millions!» n'a pas convaincu à Kappel am Albis. Les citoyens de la commune ont refusé le texte à 50,1 pour cent. Le rejet de l'initiative est toutefois moins marqué que celui enregistré lors de la votation sur l'initiative ""pour une immigration modérée» en 2020. Les habitants de Kappel am Albis avaient alors dit non à 53,8 pour cent."
7,54.7,54.7,45.3,"Knonau (ZH)","Knonau dit oui à 54,7 pour cent à l'initiative ""Pas de Suisse à 10 millions!». Avec ce résultat, Knonau bascule dans le camp du oui. En 2020, la commune avait rejeté l'initiative ""pour une immigration modérée» avec 60,8 pour cent des voix."
8,77.6,77.6,22.4,"Maschwanden (ZH)","L'initiative ""Pas de Suisse à 10 millions!» est approuvée à Maschwanden par 77,6 pour cent des votants. Avec ce résultat, Maschwanden bascule dans le camp du oui. En 2020, la commune avait rejeté l'initiative ""pour une immigration modérée» avec 53,2 pour cent des voix."
9,66.1,66.1,33.9,"Mettmenstetten (ZH)","A Mettmenstetten, les habitants disent oui à 66,1 pour cent à l'initiative ""Pas de Suisse à 10 millions!». Avec ce résultat, Mettmenstetten bascule dans le camp du oui. En 2020, la commune avait rejeté l'initiative ""pour une immigration modérée» avec 60,5 pour cent des voix."
10,83.2,83.2,16.8,"Obfelden (ZH)","A Obfelden, les habitants disent oui à 83,2 pour cent à l'initiative ""Pas de Suisse à 10 millions!». Avec ce résultat, Obfelden bascule dans le camp du oui. En 2020, la commune avait rejeté l'initiative ""pour une immigration modérée» avec 57,6 pour cent des voix."
11,58.3,58.3,41.7,"Ottenbach (ZH)","Ottenbach dit oui à 58,3 pour cent à l'initiative ""Pas de Suisse à 10 millions!». Avec ce résultat, Ottenbach bascule dans le camp du oui. En 2020, la commune avait rejeté l'initiative ""pour une immigration modérée» avec 61,3 pour cent des voix."
12,45.6,45.6,54.4,"Rifferswil (ZH)","Les habitants de Rifferswil s'opposent à l'initiative ""Pas de Suisse à 10 millions!» par 54,4 pour cent des voix. Le rejet de l'initiative est toutefois moins marqué que celui enregistré lors de la votation sur l'initiative ""pour une immigration modérée» en 2020. Les habitants de Rifferswil avaient alors dit non à 66,1 pour cent."
13,28.5,28.5,71.5,"Stallikon (ZH)","A Stallikon, les citoyens rejettent à 71,5 pour cent l'initiative ""Pas de Suisse à 10 millions!». Le refus de l'initiative ""Pas de Suisse à 10 millions!» est plus fort que celui observé pour l'initiative ""pour une immigration modérée» en 2020. La proportion de non à Stallikon était alors de 62,4 pour cent."
14,40.4,40.4,59.6,"Wettswil am Albis (ZH)","L'initiative ""Pas de Suisse à 10 millions!» est refusée à 59,6 pour cent à Wettswil am Albis. Le rejet de l'initiative est toutefois moins marqué que celui enregistré lors de la votation sur l'initiative ""pour une immigration modérée» en 2020. Les habitants de Wettswil am Albis avaient alors dit non à 66 pour cent."
22,1.3,1.3,98.7,"Benken (ZH)","L'initiative ""Pas de Suisse à 10 millions!» n'a pas trouvé grâce aux yeux des citoyens de Benken (ZH). Ils ont refusé le texte à 98,7 pour cent. En cinq ans, la commune a ainsi changé de camp sur la question de la limitation de l'immigration. Benken (ZH) avait rejeté l'initiative ""pour une immigration modérée» à 47,5 pour cent en 2020."
23,28.5,28.5,71.5,"Berg am Irchel (ZH)","L'initiative ""Pas de Suisse à 10 millions!» n'a pas convaincu à Berg am Irchel. Les citoyens de la commune ont refusé le texte à 71,5 pour cent. En cinq ans, la commune a ainsi changé de camp sur la question de la limitation de l'immigration. Berg am Irchel avait rejeté l'initiative ""pour une immigration modérée» à 45,6 pour cent en 2020."
24,71.3,71.3,28.7,"Buch am Irchel (ZH)","Les habitants de Buch am Irchel soutiennent à 71,3 pour cent l'initiative ""Pas de Suisse à 10 millions!». Le soutien à l'initiative ""Pas de Suisse à 10 millions!» a augmenté à Buch am Irchel par rapport à l'initiative ""pour une immigration modérée» soumise au vote en 2020. Lors de cette votation, 52,6 pour cent des habitants de la commune avaient accepté ce texte."
25,49.5,49.5,50.5,"Dachsen (ZH)","C'est non à l'initiative ""Pas de Suisse à 10 millions!» à Dachsen. Les habitants ont refusé le texte à 50,5 pour cent. Le rejet de l'initiative est toutefois moins marqué que celui enregistré lors de la votation sur l'initiative ""pour une immigration modérée» en 2020. Les habitants de Dachsen avaient alors dit non à 61,9 pour cent."
26,67.7,67.7,32.3,"Dorf (ZH)","L'initiative ""Pas de Suisse à 10 millions!» est approuvée à Dorf par 67,7 pour cent des votants. Le soutien à l'initiative ""Pas de Suisse à 10 millions!» a augmenté à Dorf par rapport à l'initiative ""pour une immigration modérée» soumise au vote en 2020. Lors de cette votation, 55,1 pour cent des habitants de la commune avaient accepté ce texte."
27,21.8,21.8,78.2,"Feuerthalen (ZH)","L'initiative ""Pas de Suisse à 10 millions!» n'a pas convaincu à Feuerthalen. Les citoyens de la commune ont refusé le texte à 78,2 pour cent. Le refus de l'initiative ""Pas de Suisse à 10 millions!» est plus fort que celui observé pour l'initiative ""pour une immigration modérée» en 2020. La proportion de non à Feuerthalen était alors de 59,7 pour cent."
28,19.1,19.1,80.9,"Flaach (ZH)","L'initiative ""Pas de Suisse à 10 millions!» est refusée à 80,9 pour cent à Flaach. En cinq ans, la commune a ainsi changé de camp sur la question de la limitation de l'immigration. Flaach avait rejeté l'initiative ""pour une immigration modérée» à 47,4 pour cent en 2020."
29,43,43,57,"Flurlingen (ZH)","L'initiative ""Pas de Suisse à 10 millions!» n'a pas convaincu à Flurlingen. Les citoyens de la commune ont refusé le texte à 57 pour cent. Le rejet de l'initiative est toutefois moins marqué que celui enregistré lors de la votation sur l'initiative ""pour une immigration modérée» en 2020. Les habitants de Flurlingen avaient alors dit non à 65,4 pour cent."
31,20.4,20.4,79.6,"Henggart (ZH)","L'initiative ""Pas de Suisse à 10 millions!» n'a pas convaincu à Henggart. Les citoyens de la commune ont refusé le texte à 79,6 pour cent. Le refus de l'initiative ""Pas de Suisse à 10 millions!» est plus fort que celui observé pour l'initiative ""pour une immigration modérée» en 2020. La proportion de non à Henggart était alors de 57,2 pour cent."
33,25.5,25.5,74.5,"Kleinandelfingen (ZH)","Les habitants de Kleinandelfingen s'opposent à l'initiative ""Pas de Suisse à 10 millions!» par 74,5 pour cent des voix. Le refus de l'initiative ""Pas de Suisse à 10 millions!» est plus fort que celui observé pour l'initiative ""pour une immigration modérée» en 2020. La proportion de non à Kleinandelfingen était alors de 54,1 pour cent."
34,22.6,22.6,77.4,"Laufen-Uhwiesen (ZH)","L'initiative ""Pas de Suisse à 10 millions!» n'a pas convaincu à Laufen-Uhwiesen. Les citoyens de la commune ont refusé le texte à 77,4 pour cent. Le refus de l'initiative ""Pas de Suisse à 10 millions!» est plus fort que celui observé pour l'initiative ""pour une immigration modérée» en 2020. La proportion de non à Laufen-Uhwiesen était alors de 55,6 pour cent."
35,14.2,14.2,85.8,"Marthalen (ZH)","Les habitants de Marthalen s'opposent à l'initiative ""Pas de Suisse à 10 millions!» par 85,8 pour cent des voix. En cinq ans, la commune a ainsi changé de camp sur la question de la limitation de l'immigration. Marthalen avait rejeté l'initiative ""pour une immigration modérée» à 49,1 pour cent en 2020."
37,42,42,58,"Ossingen (ZH)","L'initiative ""Pas de Suisse à 10 millions!» n'a pas trouvé grâce aux yeux des citoyens d'Ossingen. Ils ont refusé le texte à 58 pour cent. Le refus de l'initiative ""Pas de Suisse à 10 millions!» est plus fort que celui observé pour l'initiative ""pour une immigration modérée» en 2020. La proportion de non à Ossingen était alors de 53,4 pour cent."
38,22.7,22.7,77.3,"Rheinau (ZH)","L'initiative ""Pas de Suisse à 10 millions!» est refusée à 77,3 pour cent à Rheinau. Le refus de l'initiative ""Pas de Suisse à 10 millions!» est plus fort que celui observé pour l'initiative ""pour une immigration modérée» en 2020. La proportion de non à Rheinau était alors de 60,3 pour cent."
39,49,49,51,"Thalheim an der Thur (ZH)","L'initiative ""Pas de Suisse à 10 millions!» est refusée à 51 pour cent à Thalheim an der Thur. En cinq ans, la commune a ainsi changé de camp sur la question de la limitation de l'immigration. Thalheim an der Thur avait rejeté l'initiative ""pour une immigration modérée» à 42,7 pour cent en 2020."
40,40.4,40.4,59.6,"Trüllikon (ZH)","C'est non à l'initiative ""Pas de Suisse à 10 millions!» à Trüllikon. Les habitants ont refusé le texte à 59,6 pour cent. En cinq ans, la commune a ainsi changé de camp sur la question de la limitation de l'immigration. Trüllikon avait rejeté l'initiative ""pour une immigration modérée» à 43,6 pour cent en 2020."
41,96.9,96.9,3.1,"Truttikon (ZH)","A Truttikon, les habitants disent oui à 96,9 pour cent à l'initiative ""Pas de Suisse à 10 millions!». Avec ce résultat, Truttikon bascule dans le camp du oui. En 2020, la commune avait rejeté l'initiative ""pour une immigration modérée» avec 51,6 pour cent des voix."
43,44.9,44.9,55.1,"Volken (ZH)","La population de Volken rejette à 55,1 pour cent des voix l'initiative ""Pas de Suisse à 10 millions!». En cinq ans, la commune a ainsi changé de camp sur la question de la limitation de l'immigration. Volken avait rejeté l'initiative ""pour une immigration modérée» à 48,8 pour cent en 2020."
51,47.9,47.9,52.1,"Bachenbülach (ZH)","C'est non à l'initiative ""Pas de Suisse à 10 millions!» à Bachenbülach. Les habitants ont refusé le texte à 52,1 pour cent. Le rejet de l'initiative est toutefois moins marqué que celui enregistré lors de la votation sur l'initiative ""pour une immigration modérée» en 2020. Les habitants de Bachenbülach avaient alors dit non à 58,4 pour cent."
52,44.1,44.1,55.9,"Bassersdorf (ZH)","A Bassersdorf, les citoyens rejettent à 55,9 pour cent l'initiative ""Pas de Suisse à 10 millions!». Le rejet de l'initiative est toutefois moins marqué que celui enregistré lors de la votation sur l'initiative ""pour une immigration modérée» en 2020. Les habitants de Bassersdorf avaient alors dit non à 58,4 pour cent."
53,50.2,50.2,49.8,"Bülach (ZH)","L'initiative ""Pas de Suisse à 10 millions!» passe la rampe avec 50,2 pour cent de oui à Bülach. Avec ce résultat, Bülach bascule dans le camp du oui. En 2020, la commune avait rejeté l'initiative ""pour une immigration modérée» avec 60,1 pour cent des voix."
54,37.9,37.9,62.1,"Dietlikon (ZH)","C'est non à l'initiative ""Pas de Suisse à 10 millions!» à Dietlikon. Les habitants ont refusé le texte à 62,1 pour cent. Le résultat a peu changé par rapport au vote sur l'initiative ""pour une immigration modérée» en 2020. Dietlikon avait alors dit non à 61,5 pour cent."
55,30.8,30.8,69.2,"Eglisau (ZH)","L'initiative ""Pas de Suisse à 10 millions!» n'a pas trouvé grâce aux yeux des citoyens d'Eglisau. Ils ont refusé le texte à 69,2 pour cent. Le refus de l'initiative ""Pas de Suisse à 10 millions!» est plus fort que celui observé pour l'initiative ""pour une immigration modérée» en 2020. La proportion de non à Eglisau était alors de 59,9 pour cent."
56,36.2,36.2,63.8,"Embrach (ZH)","L'initiative ""Pas de Suisse à 10 millions!» est refusée à 63,8 pour cent à Embrach. Le refus de l'initiative ""Pas de Suisse à 10 millions!» est plus fort que celui observé pour l'initiative ""pour une immigration modérée» en 2020. La proportion de non à Embrach était alors de 53,1 pour cent."
57,42,42,58,"Freienstein-Teufen (ZH)","Les habitants de Freienstein-Teufen s'opposent à l'initiative ""Pas de Suisse à 10 millions!» par 58 pour cent des voix. Le rejet de l'initiative est toutefois moins marqué que celui enregistré lors de la votation sur l'initiative ""pour une immigration modérée» en 2020. Les habitants de Freienstein-Teufen avaient alors dit non à 60,6 pour cent."
58,87.6,87.6,12.4,"Glattfelden (ZH)","A Glattfelden, les habitants disent oui à 87,6 pour cent à l'initiative ""Pas de Suisse à 10 millions!». Avec ce résultat, Glattfelden bascule dans le camp du oui. En 2020, la commune avait rejeté l'initiative ""pour une immigration modérée» avec 51,9 pour cent des voix."
59,77.1,77.1,22.9,"Hochfelden (ZH)","A Hochfelden, les habitants disent oui à 77,1 pour cent à l'initiative ""Pas de Suisse à 10 millions!». Avec ce résultat, Hochfelden bascule dans le camp du oui. En 2020, la commune avait rejeté l'initiative ""pour une immigration modérée» avec 51,2 pour cent des voix."
60,49.2,49.2,50.8,"Höri (ZH)","A Höri, les citoyens rejettent à 50,8 pour cent l'initiative ""Pas de Suisse à 10 millions!». En cinq ans, la commune a ainsi changé de camp sur la question de la limitation de l'immigration. Höri avait rejeté l'initiative ""pour une immigration modérée» à 44,8 pour cent en 2020."
61,74.4,74.4,25.6,"Hüntwangen (ZH)","L'initiative ""Pas de Suisse à 10 millions!» est approuvée à Hüntwangen par 74,4 pour cent des votants. Avec ce résultat, Hüntwangen bascule dans le camp du oui. En 2020, la commune avait rejeté l'initiative ""pour une immigration modérée» avec 50,4 pour cent des voix."
62,2.2,2.2,97.8,"Kloten (ZH)","La population de Kloten rejette à 97,8 pour cent des voix l'initiative ""Pas de Suisse à 10 millions!». Le refus de l'initiative ""Pas de Suisse à 10 millions!» est plus fort que celui observé pour l'initiative ""pour une immigration modérée» en 2020. La proportion de non à Kloten était alors de 54,5 pour cent."
63,65.5,65.5,34.5,"Lufingen (ZH)","A Lufingen, les habitants disent oui à 65,5 pour cent à l'initiative ""Pas de Suisse à 10 millions!». Avec ce résultat, Lufingen bascule dans le camp du oui. En 2020, la commune avait rejeté l'initiative ""pour une immigration modérée» avec 51,8 pour cent des voix."
64,67.3,67.3,32.7,"Nürensdorf (ZH)","L'initiative ""Pas de Suisse à 10 millions!» est approuvée à Nürensdorf par 67,3 pour cent des votants. Avec ce résultat, Nürensdorf bascule dans le camp du oui. En 2020, la commune avait rejeté l'initiative ""pour une immigration modérée» avec 50,6 pour cent des voix."
65,29.4,29.4,70.6,"Oberembrach (ZH)","L'initiative ""Pas de Suisse à 10 millions!» n'a pas trouvé grâce aux yeux des citoyens d'Oberembrach. Ils ont refusé le texte à 70,6 pour cent. En cinq ans, la commune a ainsi changé de camp sur la question de la limitation de l'immigration. Oberembrach avait rejeté l'initiative ""pour une immigration modérée» à 39,7 pour cent en 2020."
66,81.7,81.7,18.3,"Opfikon (ZH)","Les habitants d'Opfikon acceptent à 81,7 pour cent l'initiative ""Pas de Suisse à 10 millions!». Avec ce résultat, Opfikon bascule dans le camp du oui. En 2020, la commune avait rejeté l'initiative ""pour une immigration modérée» avec 59,8 pour cent des voix."
67,30,30,70,"Rafz (ZH)","C'est non à l'initiative ""Pas de Suisse à 10 millions!» à Rafz. Les habitants ont refusé le texte à 70 pour cent. Le refus de l'initiative ""Pas de Suisse à 10 millions!» est plus fort que celui observé pour l'initiative ""pour une immigration modérée» en 2020. La proportion de non à Rafz était alors de 55,9 pour cent."
68,59.5,59.5,40.5,"Rorbas (ZH)","L'initiative ""Pas de Suisse à 10 millions!» est approuvée à Rorbas par 59,5 pour cent des votants. Avec ce résultat, Rorbas bascule dans le camp du oui. En 2020, la commune avait rejeté l'initiative ""pour une immigration modérée» avec 57,3 pour cent des voix."
69,37.9,37.9,62.1,"Wallisellen (ZH)","L'initiative ""Pas de Suisse à 10 millions!» est refusée à 62,1 pour cent à Wallisellen. Le rejet de l'initiative est toutefois moins marqué que celui enregistré lors de la votation sur l'initiative ""pour une immigration modérée» en 2020. Les habitants de Wallisellen avaient alors dit non à 64,3 pour cent."
70,76,76,24,"Wasterkingen (ZH)","A Wasterkingen, les habitants disent oui à 76 pour cent à l'initiative ""Pas de Suisse à 10 millions!». Avec ce résultat, Wasterkingen bascule dans le camp du oui. En 2020, la commune avait rejeté l'initiative ""pour une immigration modérée» avec 50,5 pour cent des voix."
71,75.3,75.3,24.7,"Wil (ZH)","A Wil (ZH), les habitants disent oui à 75,3 pour cent à l'initiative ""Pas de Suisse à 10 millions!». Avec ce résultat, Wil (ZH) bascule dans le camp du oui. En 2020, la commune avait rejeté l'initiative ""pour une immigration modérée» avec 50,7 pour cent des voix."
72,17.9,17.9,82.1,"Winkel (ZH)","L'initiative ""Pas de Suisse à 10 millions!» n'a pas convaincu à Winkel. Les citoyens de la commune ont refusé le texte à 82,1 pour cent. Le refus de l'initiative ""Pas de Suisse à 10 millions!» est plus fort que celui observé pour l'initiative ""pour une immigration modérée» en 2020. La proportion de non à Winkel était alors de 54,4 pour cent."
81,48.8,48.8,51.2,"Bachs (ZH)","La population de Bachs rejette à 51,2 pour cent des voix l'initiative ""Pas de Suisse à 10 millions!». En cinq ans, la commune a ainsi changé de camp sur la question de la limitation de l'immigration. Bachs avait rejeté l'initiative ""pour une immigration modérée» à 46,2 pour cent en 2020."
82,55.3,55.3,44.7,"Boppelsen (ZH)","La population de Boppelsen approuve à 55,3 pour cent l'initiative ""Pas de Suisse à 10 millions!». Avec ce résultat, Boppelsen bascule dans le camp du oui. En 2020, la commune avait rejeté l'initiative ""pour une immigration modérée» avec 57,5 pour cent des voix."
83,69.7,69.7,30.3,"Buchs (ZH)","La population de Buchs (ZH) approuve à 69,7 pour cent l'initiative ""Pas de Suisse à 10 millions!». Avec ce résultat, Buchs (ZH) bascule dans le camp du oui. En 2020, la commune avait rejeté l'initiative ""pour une immigration modérée» avec 53 pour cent des voix."
84,21.3,21.3,78.7,"Dällikon (ZH)","L'initiative ""Pas de Suisse à 10 millions!» n'a pas trouvé grâce aux yeux des citoyens de Dällikon. Ils ont refusé le texte à 78,7 pour cent. En cinq ans, la commune a ainsi changé de camp sur la question de la limitation de l'immigration. Dällikon avait rejeté l'initiative ""pour une immigration modérée» à 47,7 pour cent en 2020."
85,51.6,51.6,48.4,"Dänikon (ZH)","La population de Dänikon approuve à 51,6 pour cent l'initiative ""Pas de Suisse à 10 millions!». Avec ce résultat, Dänikon bascule dans le camp du oui. En 2020, la commune avait rejeté l'initiative ""pour une immigration modérée» avec 50,2 pour cent des voix."
86,22.3,22.3,77.7,"Dielsdorf (ZH)","A Dielsdorf, les citoyens rejettent à 77,7 pour cent l'initiative ""Pas de Suisse à 10 millions!». Le refus de l'initiative ""Pas de Suisse à 10 millions!» est plus fort que celui observé pour l'initiative ""pour une immigration modérée» en 2020. La proportion de non à Dielsdorf était alors de 54,2 pour cent."
87,54.8,54.8,45.2,"Hüttikon (ZH)","L'initiative ""Pas de Suisse à 10 millions!» passe la rampe avec 54,8 pour cent de oui à Hüttikon. Le soutien à l'initiative ""Pas de Suisse à 10 millions!» a augmenté à Hüttikon par rapport à l'initiative ""pour une immigration modérée» soumise au vote en 2020. Lors de cette votation, 50,9 pour cent des habitants de la commune avaient accepté ce texte."
88,33.6,33.6,66.4,"Neerach (ZH)","C'est non à l'initiative ""Pas de Suisse à 10 millions!» à Neerach. Les habitants ont refusé le texte à 66,4 pour cent. Le refus de l'initiative ""Pas de Suisse à 10 millions!» est plus fort que celui observé pour l'initiative ""pour une immigration modérée» en 2020. La proportion de non à Neerach était alors de 50,5 pour cent."
89,71.2,71.2,28.8,"Niederglatt (ZH)","Les habitants de Niederglatt acceptent à 71,2 pour cent l'initiative ""Pas de Suisse à 10 millions!». Avec ce résultat, Niederglatt bascule dans le camp du oui. En 2020, la commune avait rejeté l'initiative ""pour une immigration modérée» avec 51 pour cent des voix."
90,55.9,55.9,44.1,"Niederhasli (ZH)","L'initiative ""Pas de Suisse à 10 millions!» est approuvée à Niederhasli par 55,9 pour cent des votants. Avec ce résultat, Niederhasli bascule dans le camp du oui. En 2020, la commune avait rejeté l'initiative ""pour une immigration modérée» avec 50,9 pour cent des voix."
91,1,1,99,"Niederweningen (ZH)","L'initiative ""Pas de Suisse à 10 millions!» n'a pas convaincu à Niederweningen. Les citoyens de la commune ont refusé le texte à 99 pour cent. Le refus de l'initiative ""Pas de Suisse à 10 millions!» est plus fort que celui observé pour l'initiative ""pour une immigration modérée» en 2020. La proportion de non à Niederweningen était alors de 60,9 pour cent."
92,55.4,55.4,44.6,"Oberglatt (ZH)","Oberglatt dit oui à 55,4 pour cent à l'initiative ""Pas de Suisse à 10 millions!». Avec ce résultat, Oberglatt bascule dans le camp du oui. En 2020, la commune avait rejeté l'initiative ""pour une immigration modérée» avec 52,3 pour cent des voix."
93,40.8,40.8,59.2,"Oberweningen (ZH)","L'initiative ""Pas de Suisse à 10 millions!» est refusée à 59,2 pour cent à Oberweningen. Le refus de l'initiative ""Pas de Suisse à 10 millions!» est plus fort que celui observé pour l'initiative ""pour une immigration modérée» en 2020. La proportion de non à Oberweningen était alors de 52,5 pour cent."
94,44.3,44.3,55.7,"Otelfingen (ZH)","Les habitants d'Otelfingen s'opposent à l'initiative ""Pas de Suisse à 10 millions!» par 55,7 pour cent des voix. Le rejet de l'initiative est toutefois moins marqué que celui enregistré lors de la votation sur l'initiative ""pour une immigration modérée» en 2020. Les habitants d'Otelfingen avaient alors dit non à 58,9 pour cent."
95,35.1,35.1,64.9,"Regensberg (ZH)","C'est non à l'initiative ""Pas de Suisse à 10 millions!» à Regensberg. Les habitants ont refusé le texte à 64,9 pour cent. Le refus de l'initiative ""Pas de Suisse à 10 millions!» est plus fort que celui observé pour l'initiative ""pour une immigration modérée» en 2020. La proportion de non à Regensberg était alors de 62 pour cent."
96,79.5,79.5,20.5,"Regensdorf (ZH)","Les habitants de Regensdorf soutiennent à 79,5 pour cent l'initiative ""Pas de Suisse à 10 millions!». Avec ce résultat, Regensdorf bascule dans le camp du oui. En 2020, la commune avait rejeté l'initiative ""pour une immigration modérée» avec 52,6 pour cent des voix."
97,48.4,48.4,51.6,"Rümlang (ZH)","L'initiative ""Pas de Suisse à 10 millions!» est refusée à 51,6 pour cent à Rümlang. Le résultat a peu changé par rapport au vote sur l'initiative ""pour une immigration modérée» en 2020. Rümlang avait alors dit non à 51 pour cent."
98,53.6,53.6,46.4,"Schleinikon (ZH)","L'initiative ""Pas de Suisse à 10 millions!» passe la rampe avec 53,6 pour cent de oui à Schleinikon. Avec ce résultat, Schleinikon bascule dans le camp du oui. En 2020, la commune avait rejeté l'initiative ""pour une immigration modérée» avec 52 pour cent des voix."
99,61.8,61.8,38.2,"Schöfflisdorf (ZH)","La population de Schöfflisdorf approuve à 61,8 pour cent l'initiative ""Pas de Suisse à 10 millions!». Avec ce résultat, Schöfflisdorf bascule dans le camp du oui. En 2020, la commune avait rejeté l'initiative ""pour une immigration modérée» avec 50,6 pour cent des voix."
100,64.2,64.2,35.8,"Stadel (ZH)","Stadel dit oui à 64,2 pour cent à l'initiative ""Pas de Suisse à 10 millions!». Le soutien à l'initiative ""Pas de Suisse à 10 millions!» a augmenté à Stadel par rapport à l'initiative ""pour une immigration modérée» soumise au vote en 2020. Lors de cette votation, 54,8 pour cent des habitants de la commune avaient accepté ce texte."
101,41.3,41.3,58.7,"Steinmaur (ZH)","L'initiative ""Pas de Suisse à 10 millions!» est refusée à 58,7 pour cent à Steinmaur. Le refus de l'initiative ""Pas de Suisse à 10 millions!» est plus fort que celui observé pour l'initiative ""pour une immigration modérée» en 2020. La proportion de non à Steinmaur était alors de 52,6 pour cent."
102,41.6,41.6,58.4,"Weiach (ZH)","C'est non à l'initiative ""Pas de Suisse à 10 millions!» à Weiach. Les habitants ont refusé le texte à 58,4 pour cent. En cinq ans, la commune a ainsi changé de camp sur la question de la limitation de l'immigration. Weiach avait rejeté l'initiative ""pour une immigration modérée» à 43,5 pour cent en 2020."
111,38.2,38.2,61.8,"Bäretswil (ZH)","L'initiative ""Pas de Suisse à 10 millions!» n'a pas trouvé grâce aux yeux des citoyens de Bäretswil. Ils ont refusé le texte à 61,8 pour cent. En cinq ans, la commune a ainsi changé de camp sur la question de la limitation de l'immigration. Bäretswil avait rejeté l'initiative ""pour une immigration modérée» à 48 pour cent en 2020."
112,73.7,73.7,26.3,"Bubikon (ZH)","L'initiative ""Pas de Suisse à 10 millions!» passe la rampe avec 73,7 pour cent de oui à Bubikon. Avec ce résultat, Bubikon bascule dans le camp du oui. En 2020, la commune avait rejeté l'initiative ""pour une immigration modérée» avec 54,7 pour cent des voix."
113,34.2,34.2,65.8,"Dürnten (ZH)","L'initiative ""Pas de Suisse à 10 millions!» n'a pas convaincu à Dürnten. Les citoyens de la commune ont refusé le texte à 65,8 pour cent. Le refus de l'initiative ""Pas de Suisse à 10 millions!» est plus fort que celui observé pour l'initiative ""pour une immigration modérée» en 2020. La proportion de non à Dürnten était alors de 53,7 pour cent."
114,43.8,43.8,56.2,"Fischenthal (ZH)","Les habitants de Fischenthal s'opposent à l'initiative ""Pas de Suisse à 10 millions!» par 56,2 pour cent des voix. En cinq ans, la commune a ainsi changé de camp sur la question de la limitation de l'immigration. Fischenthal avait rejeté l'initiative ""pour une immigration modérée» à 36,7 pour cent en 2020."
115,19.4,19.4,80.6,"Gossau (ZH)","C'est non à l'initiative ""Pas de Suisse à 10 millions!» à Gossau (ZH). Les habitants ont refusé le texte à 80,6 pour cent. Le refus de l'initiative ""Pas de Suisse à 10 millions!» est plus fort que celui observé pour l'initiative ""pour une immigration modérée» en 2020. La proportion de non à Gossau (ZH) était alors de 53,6 pour cent."
116,26.8,26.8,73.2,"Grüningen (ZH)","C'est non à l'initiative ""Pas de Suisse à 10 millions!» à Grüningen. Les habitants ont refusé le texte à 73,2 pour cent. Le refus de l'initiative ""Pas de Suisse à 10 millions!» est plus fort que celui observé pour l'initiative ""pour une immigration modérée» en 2020. La proportion de non à Grüningen était alors de 53,8 pour cent."
117,42.7,42.7,57.3,"Hinwil (ZH)","A Hinwil, les citoyens rejettent à 57,3 pour cent l'initiative ""Pas de Suisse à 10 millions!». Le refus de l'initiative ""Pas de Suisse à 10 millions!» est plus fort que celui observé pour l'initiative ""pour une immigration modérée» en 2020. La proportion de non à Hinwil était alors de 51,5 pour cent."
118,7.4,7.4,92.6,"Rüti (ZH)","La population de Rüti (ZH) rejette à 92,6 pour cent des voix l'initiative ""Pas de Suisse à 10 millions!». Le refus de l'initiative ""Pas de Suisse à 10 millions!» est plus fort que celui observé pour l'initiative ""pour une immigration modérée» en 2020. La proportion de non à Rüti (ZH) était alors de 57,5 pour cent."
119,34.8,34.8,65.2,"Seegräben (ZH)","C'est non à l'initiative ""Pas de Suisse à 10 millions!» à Seegräben. Les habitants ont refusé le texte à 65,2 pour cent. Le refus de l'initiative ""Pas de Suisse à 10 millions!» est plus fort que celui observé pour l'initiative ""pour une immigration modérée» en 2020. La proportion de non à Seegräben était alors de 58,7 pour cent."
120,98.5,98.5,1.5,"Wald (ZH)","Les habitants de Wald (ZH) acceptent à 98,5 pour cent l'initiative ""Pas de Suisse à 10 millions!». Avec ce résultat, Wald (ZH) bascule dans le camp du oui. En 2020, la commune avait rejeté l'initiative ""pour une immigration modérée» avec 53,4 pour cent des voix."
121,67.6,67.6,32.4,"Wetzikon (ZH)","L'initiative ""Pas de Suisse à 10 millions!» est approuvée à Wetzikon (ZH) par 67,6 pour cent des votants. Avec ce résultat, Wetzikon (ZH) bascule dans le camp du oui. En 2020, la commune avait rejeté l'initiative ""pour une immigration modérée» avec 58,9 pour cent des voix."
131,49.1,49.1,50.9,"Adliswil (ZH)","Les habitants d'Adliswil s'opposent à l'initiative ""Pas de Suisse à 10 millions!» par 50,9 pour cent des voix. Le rejet de l'initiative est toutefois moins marqué que celui enregistré lors de la votation sur l'initiative ""pour une immigration modérée» en 2020. Les habitants d'Adliswil avaient alors dit non à 63,4 pour cent."
135,43.2,43.2,56.8,"Kilchberg (ZH)","L'initiative ""Pas de Suisse à 10 millions!» est refusée à 56,8 pour cent à Kilchberg (ZH). Le rejet de l'initiative est toutefois moins marqué que celui enregistré lors de la votation sur l'initiative ""pour une immigration modérée» en 2020. Les habitants de Kilchberg (ZH) avaient alors dit non à 70,6 pour cent."
136,83.9,83.9,16.1,"Langnau am Albis (ZH)","L'initiative ""Pas de Suisse à 10 millions!» est approuvée à Langnau am Albis par 83,9 pour cent des votants. Avec ce résultat, Langnau am Albis bascule dans le camp du oui. En 2020, la commune avait rejeté l'initiative ""pour une immigration modérée» avec 63,7 pour cent des voix."
137,63.1,63.1,36.9,"Oberrieden (ZH)","A Oberrieden, les habitants disent oui à 63,1 pour cent à l'initiative ""Pas de Suisse à 10 millions!». Avec ce résultat, Oberrieden bascule dans le camp du oui. En 2020, la commune avait rejeté l'initiative ""pour une immigration modérée» avec 69,6 pour cent des voix."
138,63.5,63.5,36.5,"Richterswil (ZH)","Richterswil dit oui à 63,5 pour cent à l'initiative ""Pas de Suisse à 10 millions!». Avec ce résultat, Richterswil bascule dans le camp du oui. En 2020, la commune avait rejeté l'initiative ""pour une immigration modérée» avec 62,3 pour cent des voix."
139,50.7,50.7,49.3,"Rüschlikon (ZH)","L'initiative ""Pas de Suisse à 10 millions!» passe la rampe avec 50,7 pour cent de oui à Rüschlikon. Avec ce résultat, Rüschlikon bascule dans le camp du oui. En 2020, la commune avait rejeté l'initiative ""pour une immigration modérée» avec 68,3 pour cent des voix."
141,60.5,60.5,39.5,"Thalwil (ZH)","L'initiative ""Pas de Suisse à 10 millions!» passe la rampe avec 60,5 pour cent de oui à Thalwil. Avec ce résultat, Thalwil bascule dans le camp du oui. En 2020, la commune avait rejeté l'initiative ""pour une immigration modérée» avec 71,3 pour cent des voix."
151,85.3,85.3,14.7,"Erlenbach (ZH)","L'initiative ""Pas de Suisse à 10 millions!» passe la rampe avec 85,3 pour cent de oui à Erlenbach (ZH). Avec ce résultat, Erlenbach (ZH) bascule dans le camp du oui. En 2020, la commune avait rejeté l'initiative ""pour une immigration modérée» avec 70,8 pour cent des voix."
152,51.2,51.2,48.8,"Herrliberg (ZH)","La population de Herrliberg approuve à 51,2 pour cent l'initiative ""Pas de Suisse à 10 millions!». Avec ce résultat, Herrliberg bascule dans le camp du oui. En 2020, la commune avait rejeté l'initiative ""pour une immigration modérée» avec 64,1 pour cent des voix."
153,55.7,55.7,44.3,"Hombrechtikon (ZH)","A Hombrechtikon, les habitants disent oui à 55,7 pour cent à l'initiative ""Pas de Suisse à 10 millions!». Avec ce résultat, Hombrechtikon bascule dans le camp du oui. En 2020, la commune avait rejeté l'initiative ""pour une immigration modérée» avec 57,3 pour cent des voix."
154,10.7,10.7,89.3,"Küsnacht (ZH)","La population de Küsnacht (ZH) rejette à 89,3 pour cent des voix l'initiative ""Pas de Suisse à 10 millions!». Le refus de l'initiative ""Pas de Suisse à 10 millions!» est plus fort que celui observé pour l'initiative ""pour une immigration modérée» en 2020. La proportion de non à Küsnacht (ZH) était alors de 65,6 pour cent."
155,13.5,13.5,86.5,"Männedorf (ZH)","L'initiative ""Pas de Suisse à 10 millions!» n'a pas trouvé grâce aux yeux des citoyens de Männedorf. Ils ont refusé le texte à 86,5 pour cent. Le refus de l'initiative ""Pas de Suisse à 10 millions!» est plus fort que celui observé pour l'initiative ""pour une immigration modérée» en 2020. La proportion de non à Männedorf était alors de 69,2 pour cent."
156,65.4,65.4,34.6,"Meilen (ZH)","Les habitants de Meilen soutiennent à 65,4 pour cent l'initiative ""Pas de Suisse à 10 millions!». Avec ce résultat, Meilen bascule dans le camp du oui. En 2020, la commune avait rejeté l'initiative ""pour une immigration modérée» avec 65,7 pour cent des voix."
157,48.3,48.3,51.7,"Oetwil am See (ZH)","L'initiative ""Pas de Suisse à 10 millions!» n'a pas convaincu à Oetwil am See. Les citoyens de la commune ont refusé le texte à 51,7 pour cent. Le résultat a peu changé par rapport au vote sur l'initiative ""pour une immigration modérée» en 2020. Oetwil am See avait alors dit non à 52 pour cent."
158,67.5,67.5,32.5,"Stäfa (ZH)","Les habitants de Stäfa acceptent à 67,5 pour cent l'initiative ""Pas de Suisse à 10 millions!». Avec ce résultat, Stäfa bascule dans le camp du oui. En 2020, la commune avait rejeté l'initiative ""pour une immigration modérée» avec 68,1 pour cent des voix."
159,36.8,36.8,63.2,"Uetikon am See (ZH)","C'est non à l'initiative ""Pas de Suisse à 10 millions!» à Uetikon am See. Les habitants ont refusé le texte à 63,2 pour cent. Le rejet de l'initiative est toutefois moins marqué que celui enregistré lors de la votation sur l'initiative ""pour une immigration modérée» en 2020. Les habitants d'Uetikon am See avaient alors dit non à 65,8 pour cent."
160,50.2,50.2,49.8,"Zumikon (ZH)","L'initiative ""Pas de Suisse à 10 millions!» passe la rampe avec 50,2 pour cent de oui à Zumikon. Avec ce résultat, Zumikon bascule dans le camp du oui. En 2020, la commune avait rejeté l'initiative ""pour une immigration modérée» avec 67,6 pour cent des voix."
161,53.4,53.4,46.6,"Zollikon (ZH)","Les habitants de Zollikon acceptent à 53,4 pour cent l'initiative ""Pas de Suisse à 10 millions!». Avec ce résultat, Zollikon bascule dans le camp du oui. En 2020, la commune avait rejeté l'initiative ""pour une immigration modérée» avec 71,5 pour cent des voix."
172,32.7,32.7,67.3,"Fehraltorf (ZH)","L'initiative ""Pas de Suisse à 10 millions!» n'a pas convaincu à Fehraltorf. Les citoyens de la commune ont refusé le texte à 67,3 pour cent. Le refus de l'initiative ""Pas de Suisse à 10 millions!» est plus fort que celui observé pour l'initiative ""pour une immigration modérée» en 2020. La proportion de non à Fehraltorf était alors de 58,6 pour cent."
173,62,62,38,"Hittnau (ZH)","A Hittnau, les habitants disent oui à 62 pour cent à l'initiative ""Pas de Suisse à 10 millions!». Avec ce résultat, Hittnau bascule dans le camp du oui. En 2020, la commune avait rejeté l'initiative ""pour une immigration modérée» avec 52,7 pour cent des voix."
176,53.4,53.4,46.6,"Lindau (ZH)","Lindau dit oui à 53,4 pour cent à l'initiative ""Pas de Suisse à 10 millions!». Avec ce résultat, Lindau bascule dans le camp du oui. En 2020, la commune avait rejeté l'initiative ""pour une immigration modérée» avec 55 pour cent des voix."
177,63.4,63.4,36.6,"Pfäffikon (ZH)","Les habitants de Pfäffikon acceptent à 63,4 pour cent l'initiative ""Pas de Suisse à 10 millions!». Avec ce résultat, Pfäffikon bascule dans le camp du oui. En 2020, la commune avait rejeté l'initiative ""pour une immigration modérée» avec 61,4 pour cent des voix."
178,11.8,11.8,88.2,"Russikon (ZH)","Les habitants de Russikon s'opposent à l'initiative ""Pas de Suisse à 10 millions!» par 88,2 pour cent des voix. Le refus de l'initiative ""Pas de Suisse à 10 millions!» est plus fort que celui observé pour l'initiative ""pour une immigration modérée» en 2020. La proportion de non à Russikon était alors de 52,1 pour cent."
180,46.8,46.8,53.2,"Weisslingen (ZH)","L'initiative ""Pas de Suisse à 10 millions!» n'a pas convaincu à Weisslingen. Les citoyens de la commune ont refusé le texte à 53,2 pour cent. Le résultat a peu changé par rapport au vote sur l'initiative ""pour une immigration modérée» en 2020. Weisslingen avait alors dit non à 53,9 pour cent."
181,33.1,33.1,66.9,"Wila (ZH)","L'initiative ""Pas de Suisse à 10 millions!» n'a pas convaincu à Wila. Les citoyens de la commune ont refusé le texte à 66,9 pour cent. En cinq ans, la commune a ainsi changé de camp sur la question de la limitation de l'immigration. Wila avait rejeté l'initiative ""pour une immigration modérée» à 43,8 pour cent en 2020."
182,71.9,71.9,28.1,"Wildberg (ZH)","Wildberg dit oui à 71,9 pour cent à l'initiative ""Pas de Suisse à 10 millions!». Le soutien à l'initiative ""Pas de Suisse à 10 millions!» a augmenté à Wildberg par rapport à l'initiative ""pour une immigration modérée» soumise au vote en 2020. Lors de cette votation, 51,8 pour cent des habitants de la commune avaient accepté ce texte."
191,58,58,42,"Dübendorf (ZH)","Dübendorf dit oui à 58 pour cent à l'initiative ""Pas de Suisse à 10 millions!». Avec ce résultat, Dübendorf bascule dans le camp du oui. En 2020, la commune avait rejeté l'initiative ""pour une immigration modérée» avec 61 pour cent des voix."
192,48.4,48.4,51.6,"Egg (ZH)","A Egg, les citoyens rejettent à 51,6 pour cent l'initiative ""Pas de Suisse à 10 millions!». Le rejet de l'initiative est toutefois moins marqué que celui enregistré lors de la votation sur l'initiative ""pour une immigration modérée» en 2020. Les habitants d'Egg avaient alors dit non à 61,3 pour cent."
193,49.9,49.9,50.1,"Fällanden (ZH)","La population de Fällanden rejette à 50,1 pour cent des voix l'initiative ""Pas de Suisse à 10 millions!». Le rejet de l'initiative est toutefois moins marqué que celui enregistré lors de la votation sur l'initiative ""pour une immigration modérée» en 2020. Les habitants de Fällanden avaient alors dit non à 65,4 pour cent."
194,17.9,17.9,82.1,"Greifensee (ZH)","A Greifensee, les citoyens rejettent à 82,1 pour cent l'initiative ""Pas de Suisse à 10 millions!». Le refus de l'initiative ""Pas de Suisse à 10 millions!» est plus fort que celui observé pour l'initiative ""pour une immigration modérée» en 2020. La proportion de non à Greifensee était alors de 67 pour cent."
195,73.5,73.5,26.5,"Maur (ZH)","Maur dit oui à 73,5 pour cent à l'initiative ""Pas de Suisse à 10 millions!». Avec ce résultat, Maur bascule dans le camp du oui. En 2020, la commune avait rejeté l'initiative ""pour une immigration modérée» avec 64,1 pour cent des voix."
196,10.7,10.7,89.3,"Mönchaltorf (ZH)","Les habitants de Mönchaltorf s'opposent à l'initiative ""Pas de Suisse à 10 millions!» par 89,3 pour cent des voix. Le refus de l'initiative ""Pas de Suisse à 10 millions!» est plus fort que celui observé pour l'initiative ""pour une immigration modérée» en 2020. La proportion de non à Mönchaltorf était alors de 57,8 pour cent."
197,76.5,76.5,23.5,"Schwerzenbach (ZH)","A Schwerzenbach, les habitants disent oui à 76,5 pour cent à l'initiative ""Pas de Suisse à 10 millions!». Avec ce résultat, Schwerzenbach bascule dans le camp du oui. En 2020, la commune avait rejeté l'initiative ""pour une immigration modérée» avec 65,4 pour cent des voix."
198,69.8,69.8,30.2,"Uster (ZH)","Uster dit oui à 69,8 pour cent à l'initiative ""Pas de Suisse à 10 millions!». Avec ce résultat, Uster bascule dans le camp du oui. En 2020, la commune avait rejeté l'initiative ""pour une immigration modérée» avec 68,5 pour cent des voix."
199,76,76,24,"Volketswil (ZH)","A Volketswil, les habitants disent oui à 76 pour cent à l'initiative ""Pas de Suisse à 10 millions!». Avec ce résultat, Volketswil bascule dans le camp du oui. En 2020, la commune avait rejeté l'initiative ""pour une immigration modérée» avec 54,5 pour cent des voix."
200,56.5,56.5,43.5,"Wangen-Brüttisellen (ZH)","L'initiative ""Pas de Suisse à 10 millions!» passe la rampe avec 56,5 pour cent de oui à Wangen-Brüttisellen. Avec ce résultat, Wangen-Brüttisellen bascule dans le camp du oui. En 2020, la commune avait rejeté l'initiative ""pour une immigration modérée» avec 54,9 pour cent des voix."
211,39.4,39.4,60.6,"Altikon (ZH)","La population d'Altikon rejette à 60,6 pour cent des voix l'initiative ""Pas de Suisse à 10 millions!». En cinq ans, la commune a ainsi changé de camp sur la question de la limitation de l'immigration. Altikon avait rejeté l'initiative ""pour une immigration modérée» à 40,9 pour cent en 2020."
213,68.9,68.9,31.1,"Brütten (ZH)","L'initiative ""Pas de Suisse à 10 millions!» est approuvée à Brütten par 68,9 pour cent des votants. Avec ce résultat, Brütten bascule dans le camp du oui. En 2020, la commune avait rejeté l'initiative ""pour une immigration modérée» avec 58,4 pour cent des voix."
214,55,55,45,"Dägerlen (ZH)","A Dägerlen, les habitants disent oui à 55 pour cent à l'initiative ""Pas de Suisse à 10 millions!». Avec ce résultat, Dägerlen bascule dans le camp du oui. En 2020, la commune avait rejeté l'initiative ""pour une immigration modérée» avec 51,9 pour cent des voix."
215,53.3,53.3,46.7,"Dättlikon (ZH)","Les habitants de Dättlikon soutiennent à 53,3 pour cent l'initiative ""Pas de Suisse à 10 millions!». Avec ce résultat, Dättlikon bascule dans le camp du oui. En 2020, la commune avait rejeté l'initiative ""pour une immigration modérée» avec 62,7 pour cent des voix."
216,99.7,99.7,0.3,"Dinhard (ZH)","Pour la part de oui à l'initiative ""Pas de Suisse à 10 millions!», Dinhard se classe au deuxième rang suisse avec 99,7 pour cent. Le soutien à l'initiative ""Pas de Suisse à 10 millions!» a augmenté à Dinhard par rapport à l'initiative ""pour une immigration modérée» soumise au vote en 2020. Lors de cette votation, 52,4 pour cent des habitants de la commune avaient accepté ce texte."
218,74.2,74.2,25.8,"Ellikon an der Thur (ZH)","A Ellikon an der Thur, les habitants disent oui à 74,2 pour cent à l'initiative ""Pas de Suisse à 10 millions!». Avec ce résultat, Ellikon an der Thur bascule dans le camp du oui. En 2020, la commune avait rejeté l'initiative ""pour une immigration modérée» avec 54,4 pour cent des voix."
219,16.6,16.6,83.4,"Elsau (ZH)","L'initiative ""Pas de Suisse à 10 millions!» est refusée à 83,4 pour cent à Elsau. Le refus de l'initiative ""Pas de Suisse à 10 millions!» est plus fort que celui observé pour l'initiative ""pour une immigration modérée» en 2020. La proportion de non à Elsau était alors de 56,8 pour cent."
220,31.5,31.5,68.5,"Hagenbuch (ZH)","L'initiative ""Pas de Suisse à 10 millions!» est refusée à 68,5 pour cent à Hagenbuch. En cinq ans, la commune a ainsi changé de camp sur la question de la limitation de l'immigration. Hagenbuch avait rejeté l'initiative ""pour une immigration modérée» à 40,5 pour cent en 2020."
221,22.9,22.9,77.1,"Hettlingen (ZH)","Les habitants de Hettlingen s'opposent à l'initiative ""Pas de Suisse à 10 millions!» par 77,1 pour cent des voix. Le refus de l'initiative ""Pas de Suisse à 10 millions!» est plus fort que celui observé pour l'initiative ""pour une immigration modérée» en 2020. La proportion de non à Hettlingen était alors de 62,4 pour cent."
223,46.4,46.4,53.6,"Neftenbach (ZH)","L'initiative ""Pas de Suisse à 10 millions!» est refusée à 53,6 pour cent à Neftenbach. Le rejet de l'initiative est toutefois moins marqué que celui enregistré lors de la votation sur l'initiative ""pour une immigration modérée» en 2020. Les habitants de Neftenbach avaient alors dit non à 56,4 pour cent."
224,51.4,51.4,48.6,"Pfungen (ZH)","Pfungen dit oui à 51,4 pour cent à l'initiative ""Pas de Suisse à 10 millions!». Avec ce résultat, Pfungen bascule dans le camp du oui. En 2020, la commune avait rejeté l'initiative ""pour une immigration modérée» avec 53,5 pour cent des voix."
225,43.6,43.6,56.4,"Rickenbach (ZH)","L'initiative ""Pas de Suisse à 10 millions!» n'a pas convaincu à Rickenbach (ZH). Les citoyens de la commune ont refusé le texte à 56,4 pour cent. Le résultat a peu changé par rapport au vote sur l'initiative ""pour une immigration modérée» en 2020. Rickenbach (ZH) avait alors dit non à 55,6 pour cent."
226,73,73,27,"Schlatt (ZH)","Les habitants de Schlatt (ZH) soutiennent à 73 pour cent l'initiative ""Pas de Suisse à 10 millions!». Le soutien à l'initiative ""Pas de Suisse à 10 millions!» a augmenté à Schlatt (ZH) par rapport à l'initiative ""pour une immigration modérée» soumise au vote en 2020. Lors de cette votation, 53 pour cent des habitants de la commune avaient accepté ce texte."
227,77.4,77.4,22.6,"Seuzach (ZH)","A Seuzach, les habitants disent oui à 77,4 pour cent à l'initiative ""Pas de Suisse à 10 millions!». Avec ce résultat, Seuzach bascule dans le camp du oui. En 2020, la commune avait rejeté l'initiative ""pour une immigration modérée» avec 54,2 pour cent des voix."
228,37.3,37.3,62.7,"Turbenthal (ZH)","La population de Turbenthal rejette à 62,7 pour cent des voix l'initiative ""Pas de Suisse à 10 millions!». En cinq ans, la commune a ainsi changé de camp sur la question de la limitation de l'immigration. Turbenthal avait rejeté l'initiative ""pour une immigration modérée» à 49,4 pour cent en 2020."
230,76.6,76.6,23.4,"Winterthour (ZH)","Les habitants de Winterthour acceptent à 76,6 pour cent l'initiative ""Pas de Suisse à 10 millions!». Avec ce résultat, Winterthour bascule dans le camp du oui. En 2020, la commune avait rejeté l'initiative ""pour une immigration modérée» avec 72,2 pour cent des voix."
231,70.9,70.9,29.1,"Zell (ZH)","Les habitants de Zell (ZH) soutiennent à 70,9 pour cent l'initiative ""Pas de Suisse à 10 millions!». Avec ce résultat, Zell (ZH) bascule dans le camp du oui. En 2020, la commune avait rejeté l'initiative ""pour une immigration modérée» avec 53,4 pour cent des voix."
241,23.2,23.2,76.8,"Aesch (ZH)","C'est non à l'initiative ""Pas de Suisse à 10 millions!» à Aesch (ZH). Les habitants ont refusé le texte à 76,8 pour cent. Le refus de l'initiative ""Pas de Suisse à 10 millions!» est plus fort que celui observé pour l'initiative ""pour une immigration modérée» en 2020. La proportion de non à Aesch (ZH) était alors de 59,8 pour cent."
242,59.8,59.8,40.2,"Birmensdorf (ZH)","Les habitants de Birmensdorf (ZH) acceptent à 59,8 pour cent l'initiative ""Pas de Suisse à 10 millions!». Avec ce résultat, Birmensdorf (ZH) bascule dans le camp du oui. En 2020, la commune avait rejeté l'initiative ""pour une immigration modérée» avec 62,3 pour cent des voix."
243,64.9,64.9,35.1,"Dietikon (ZH)","L'initiative ""Pas de Suisse à 10 millions!» est approuvée à Dietikon par 64,9 pour cent des votants. Avec ce résultat, Dietikon bascule dans le camp du oui. En 2020, la commune avait rejeté l'initiative ""pour une immigration modérée» avec 58 pour cent des voix."
244,40.2,40.2,59.8,"Geroldswil (ZH)","La population de Geroldswil rejette à 59,8 pour cent des voix l'initiative ""Pas de Suisse à 10 millions!». Le refus de l'initiative ""Pas de Suisse à 10 millions!» est plus fort que celui observé pour l'initiative ""pour une immigration modérée» en 2020. La proportion de non à Geroldswil était alors de 50,9 pour cent."
245,87.3,87.3,12.7,"Oberengstringen (ZH)","Oberengstringen dit oui à 87,3 pour cent à l'initiative ""Pas de Suisse à 10 millions!». Avec ce résultat, Oberengstringen bascule dans le camp du oui. En 2020, la commune avait rejeté l'initiative ""pour une immigration modérée» avec 61 pour cent des voix."
246,22.6,22.6,77.4,"Oetwil an der Limmat (ZH)","C'est non à l'initiative ""Pas de Suisse à 10 millions!» à Oetwil an der Limmat. Les habitants ont refusé le texte à 77,4 pour cent. Le refus de l'initiative ""Pas de Suisse à 10 millions!» est plus fort que celui observé pour l'initiative ""pour une immigration modérée» en 2020. La proportion de non à Oetwil an der Limmat était alors de 51,8 pour cent."
247,25.2,25.2,74.8,"Schlieren (ZH)","A Schlieren, les citoyens rejettent à 74,8 pour cent l'initiative ""Pas de Suisse à 10 millions!». Le refus de l'initiative ""Pas de Suisse à 10 millions!» est plus fort que celui observé pour l'initiative ""pour une immigration modérée» en 2020. La proportion de non à Schlieren était alors de 63,1 pour cent."
248,33.8,33.8,66.2,"Uitikon (ZH)","La population d'Uitikon rejette à 66,2 pour cent des voix l'initiative ""Pas de Suisse à 10 millions!». Le rejet de l'initiative est toutefois moins marqué que celui enregistré lors de la votation sur l'initiative ""pour une immigration modérée» en 2020. Les habitants d'Uitikon avaient alors dit non à 68,1 pour cent."
249,66.5,66.5,33.5,"Unterengstringen (ZH)","La population d'Unterengstringen approuve à 66,5 pour cent l'initiative ""Pas de Suisse à 10 millions!». Avec ce résultat, Unterengstringen bascule dans le camp du oui. En 2020, la commune avait rejeté l'initiative ""pour une immigration modérée» avec 56,5 pour cent des voix."
250,45.7,45.7,54.3,"Urdorf (ZH)","Les habitants d'Urdorf s'opposent à l'initiative ""Pas de Suisse à 10 millions!» par 54,3 pour cent des voix. Le rejet de l'initiative est toutefois moins marqué que celui enregistré lors de la votation sur l'initiative ""pour une immigration modérée» en 2020. Les habitants d'Urdorf avaient alors dit non à 59,2 pour cent."
251,97.4,97.4,2.6,"Weiningen (ZH)","Les habitants de Weiningen (ZH) soutiennent à 97,4 pour cent l'initiative ""Pas de Suisse à 10 millions!». Avec ce résultat, Weiningen (ZH) bascule dans le camp du oui. En 2020, la commune avait rejeté l'initiative ""pour une immigration modérée» avec 54,6 pour cent des voix."
261,47.9,47.9,52.1,"Zurich (ZH)","A Zurich, les citoyens rejettent à 52,1 pour cent l'initiative ""Pas de Suisse à 10 millions!». Le rejet de l'initiative est toutefois moins marqué que celui enregistré lors de la votation sur l'initiative ""pour une immigration modérée» en 2020. Les habitants de Zurich avaient alors dit non à 78,9 pour cent."
291,22.4,22.4,77.6,"Andelfingen (ZH)","L'initiative ""Pas de Suisse à 10 millions!» est refusée à 77,6 pour cent à Andelfingen. Le refus de l'initiative ""Pas de Suisse à 10 millions!» est plus fort que celui observé pour l'initiative ""pour une immigration modérée» en 2020. La proportion de non à Andelfingen était alors de 55,9 pour cent."
292,55.6,55.6,44.4,"Stammheim (ZH)","Stammheim dit oui à 55,6 pour cent à l'initiative ""Pas de Suisse à 10 millions!». Avec ce résultat, Stammheim bascule dans le camp du oui. En 2020, la commune avait rejeté l'initiative ""pour une immigration modérée» avec 52,1 pour cent des voix."
293,45.5,45.5,54.5,"Wädenswil (ZH)","L'initiative ""Pas de Suisse à 10 millions!» n'a pas convaincu à Wädenswil. Les citoyens de la commune ont refusé le texte à 54,5 pour cent. Le rejet de l'initiative est toutefois moins marqué que celui enregistré lors de la votation sur l'initiative ""pour une immigration modérée» en 2020. Les habitants de Wädenswil avaient alors dit non à 62,2 pour cent."
294,24.8,24.8,75.2,"Elgg (ZH)","L'initiative ""Pas de Suisse à 10 millions!» n'a pas trouvé grâce aux yeux des citoyens d'Elgg. Ils ont refusé le texte à 75,2 pour cent. Le refus de l'initiative ""Pas de Suisse à 10 millions!» est plus fort que celui observé pour l'initiative ""pour une immigration modérée» en 2020. La proportion de non à Elgg était alors de 56,4 pour cent."
295,18.4,18.4,81.6,"Horgen (ZH)","A Horgen, les citoyens rejettent à 81,6 pour cent l'initiative ""Pas de Suisse à 10 millions!». Le refus de l'initiative ""Pas de Suisse à 10 millions!» est plus fort que celui observé pour l'initiative ""pour une immigration modérée» en 2020. La proportion de non à Horgen était alors de 63,8 pour cent."
296,58,58,42,"Illnau-Effretikon (ZH)","Les habitants d'Illnau-Effretikon acceptent à 58 pour cent l'initiative ""Pas de Suisse à 10 millions!». Avec ce résultat, Illnau-Effretikon bascule dans le camp du oui. En 2020, la commune avait rejeté l'initiative ""pour une immigration modérée» avec 58,7 pour cent des voix."
297,48.4,48.4,51.6,"Bauma (ZH)","Les habitants de Bauma s'opposent à l'initiative ""Pas de Suisse à 10 millions!» par 51,6 pour cent des voix. En cinq ans, la commune a ainsi changé de camp sur la question de la limitation de l'immigration. Bauma avait rejeté l'initiative ""pour une immigration modérée» à 42 pour cent en 2020."
298,62.3,62.3,37.7,"Wiesendangen (ZH)","Les habitants de Wiesendangen acceptent à 62,3 pour cent l'initiative ""Pas de Suisse à 10 millions!». Avec ce résultat, Wiesendangen bascule dans le camp du oui. En 2020, la commune avait rejeté l'initiative ""pour une immigration modérée» avec 56,2 pour cent des voix."
301,37.6,37.6,62.4,"Aarberg (BE)","La population d'Aarberg rejette à 62,4 pour cent des voix l'initiative ""Pas de Suisse à 10 millions!». Le résultat a peu changé par rapport au vote sur l'initiative ""pour une immigration modérée» en 2020. Aarberg avait alors dit non à 62 pour cent."
302,76.9,76.9,23.1,"Bargen (BE)","Les habitants de Bargen (BE) soutiennent à 76,9 pour cent l'initiative ""Pas de Suisse à 10 millions!». Avec ce résultat, Bargen (BE) bascule dans le camp du oui. En 2020, la commune avait rejeté l'initiative ""pour une immigration modérée» avec 51,1 pour cent des voix."
303,52,52,48,"Grossaffoltern (BE)","A Grossaffoltern, les habitants disent oui à 52 pour cent à l'initiative ""Pas de Suisse à 10 millions!». Avec ce résultat, Grossaffoltern bascule dans le camp du oui. En 2020, la commune avait rejeté l'initiative ""pour une immigration modérée» avec 60,1 pour cent des voix."
304,30.7,30.7,69.3,"Kallnach (BE)","L'initiative ""Pas de Suisse à 10 millions!» n'a pas convaincu à Kallnach. Les citoyens de la commune ont refusé le texte à 69,3 pour cent. En cinq ans, la commune a ainsi changé de camp sur la question de la limitation de l'immigration. Kallnach avait rejeté l'initiative ""pour une immigration modérée» à 48,4 pour cent en 2020."
305,71.4,71.4,28.6,"Kappelen (BE)","Les habitants de Kappelen soutiennent à 71,4 pour cent l'initiative ""Pas de Suisse à 10 millions!». Avec ce résultat, Kappelen bascule dans le camp du oui. En 2020, la commune avait rejeté l'initiative ""pour une immigration modérée» avec 51,1 pour cent des voix."
306,42.9,42.9,57.1,"Lyss (BE)","L'initiative ""Pas de Suisse à 10 millions!» est refusée à 57,1 pour cent à Lyss. Le rejet de l'initiative est toutefois moins marqué que celui enregistré lors de la votation sur l'initiative ""pour une immigration modérée» en 2020. Les habitants de Lyss avaient alors dit non à 64 pour cent."
307,82.5,82.5,17.5,"Meikirch (BE)","Meikirch dit oui à 82,5 pour cent à l'initiative ""Pas de Suisse à 10 millions!». Avec ce résultat, Meikirch bascule dans le camp du oui. En 2020, la commune avait rejeté l'initiative ""pour une immigration modérée» avec 64,6 pour cent des voix."
309,14.9,14.9,85.1,"Radelfingen (BE)","La population de Radelfingen rejette à 85,1 pour cent des voix l'initiative ""Pas de Suisse à 10 millions!». Le refus de l'initiative ""Pas de Suisse à 10 millions!» est plus fort que celui observé pour l'initiative ""pour une immigration modérée» en 2020. La proportion de non à Radelfingen était alors de 57,6 pour cent."
310,80.9,80.9,19.1,"Rapperswil (BE)","La population de Rapperswil (BE) approuve à 80,9 pour cent l'initiative ""Pas de Suisse à 10 millions!». Avec ce résultat, Rapperswil (BE) bascule dans le camp du oui. En 2020, la commune avait rejeté l'initiative ""pour une immigration modérée» avec 51,3 pour cent des voix."
311,49.3,49.3,50.7,"Schüpfen (BE)","A Schüpfen, les citoyens rejettent à 50,7 pour cent l'initiative ""Pas de Suisse à 10 millions!». Le rejet de l'initiative est toutefois moins marqué que celui enregistré lors de la votation sur l'initiative ""pour une immigration modérée» en 2020. Les habitants de Schüpfen avaient alors dit non à 59,7 pour cent."
312,36.2,36.2,63.8,"Seedorf (BE)","Les habitants de Seedorf (BE) s'opposent à l'initiative ""Pas de Suisse à 10 millions!» par 63,8 pour cent des voix. En cinq ans, la commune a ainsi changé de camp sur la question de la limitation de l'immigration. Seedorf (BE) avait rejeté l'initiative ""pour une immigration modérée» à 49,1 pour cent en 2020."
321,80.9,80.9,19.1,"Aarwangen (BE)","L'initiative ""Pas de Suisse à 10 millions!» passe la rampe avec 80,9 pour cent de oui à Aarwangen. Avec ce résultat, Aarwangen bascule dans le camp du oui. En 2020, la commune avait rejeté l'initiative ""pour une immigration modérée» avec 51,3 pour cent des voix."
322,18.2,18.2,81.8,"Auswil (BE)","L'initiative ""Pas de Suisse à 10 millions!» n'a pas convaincu à Auswil. Les citoyens de la commune ont refusé le texte à 81,8 pour cent. En cinq ans, la commune a ainsi changé de camp sur la question de la limitation de l'immigration. Auswil avait rejeté l'initiative ""pour une immigration modérée» à 32,4 pour cent en 2020."
323,65.1,65.1,34.9,"Bannwil (BE)","L'initiative ""Pas de Suisse à 10 millions!» est approuvée à Bannwil par 65,1 pour cent des votants. Le soutien à l'initiative ""Pas de Suisse à 10 millions!» a augmenté à Bannwil par rapport à l'initiative ""pour une immigration modérée» soumise au vote en 2020. Lors de cette votation, 55,9 pour cent des habitants de la commune avaient accepté ce texte."
324,40.5,40.5,59.5,"Bleienbach (BE)","Les habitants de Bleienbach s'opposent à l'initiative ""Pas de Suisse à 10 millions!» par 59,5 pour cent des voix. En cinq ans, la commune a ainsi changé de camp sur la question de la limitation de l'immigration. Bleienbach avait rejeté l'initiative ""pour une immigration modérée» à 42,3 pour cent en 2020."
325,63.8,63.8,36.2,"Busswil bei Melchnau (BE)","Les habitants de Busswil bei Melchnau soutiennent à 63,8 pour cent l'initiative ""Pas de Suisse à 10 millions!». Le soutien à l'initiative ""Pas de Suisse à 10 millions!» a augmenté à Busswil bei Melchnau par rapport à l'initiative ""pour une immigration modérée» soumise au vote en 2020. Lors de cette votation, 62,5 pour cent des habitants de la commune avaient accepté ce texte."
326,21.9,21.9,78.1,"Gondiswil (BE)","L'initiative ""Pas de Suisse à 10 millions!» n'a pas convaincu à Gondiswil. Les citoyens de la commune ont refusé le texte à 78,1 pour cent. En cinq ans, la commune a ainsi changé de camp sur la question de la limitation de l'immigration. Gondiswil avait rejeté l'initiative ""pour une immigration modérée» à 38,7 pour cent en 2020."
329,60,60,40,"Langenthal (BE)","Les habitants de Langenthal soutiennent à 60 pour cent l'initiative ""Pas de Suisse à 10 millions!». Avec ce résultat, Langenthal bascule dans le camp du oui. En 2020, la commune avait rejeté l'initiative ""pour une immigration modérée» avec 64,1 pour cent des voix."
331,17.4,17.4,82.6,"Lotzwil (BE)","Les habitants de Lotzwil s'opposent à l'initiative ""Pas de Suisse à 10 millions!» par 82,6 pour cent des voix. Le refus de l'initiative ""Pas de Suisse à 10 millions!» est plus fort que celui observé pour l'initiative ""pour une immigration modérée» en 2020. La proportion de non à Lotzwil était alors de 56,4 pour cent."
332,27.4,27.4,72.6,"Madiswil (BE)","A Madiswil, les citoyens rejettent à 72,6 pour cent l'initiative ""Pas de Suisse à 10 millions!». En cinq ans, la commune a ainsi changé de camp sur la question de la limitation de l'immigration. Madiswil avait rejeté l'initiative ""pour une immigration modérée» à 49,8 pour cent en 2020."
333,56,56,44,"Melchnau (BE)","L'initiative ""Pas de Suisse à 10 millions!» passe la rampe avec 56 pour cent de oui à Melchnau. Le soutien à l'initiative ""Pas de Suisse à 10 millions!» a augmenté à Melchnau par rapport à l'initiative ""pour une immigration modérée» soumise au vote en 2020. Lors de cette votation, 50,5 pour cent des habitants de la commune avaient accepté ce texte."
335,89.9,89.9,10.1,"Oeschenbach (BE)","Oeschenbach dit oui à 89,9 pour cent à l'initiative ""Pas de Suisse à 10 millions!». Le soutien à l'initiative ""Pas de Suisse à 10 millions!» a augmenté à Oeschenbach par rapport à l'initiative ""pour une immigration modérée» soumise au vote en 2020. Lors de cette votation, 62,9 pour cent des habitants de la commune avaient accepté ce texte."
336,45.4,45.4,54.6,"Reisiswil (BE)","A Reisiswil, les citoyens rejettent à 54,6 pour cent l'initiative ""Pas de Suisse à 10 millions!». En cinq ans, la commune a ainsi changé de camp sur la question de la limitation de l'immigration. Reisiswil avait rejeté l'initiative ""pour une immigration modérée» à 17,3 pour cent en 2020."
337,41.1,41.1,58.9,"Roggwil (BE)","C'est non à l'initiative ""Pas de Suisse à 10 millions!» à Roggwil (BE). Les habitants ont refusé le texte à 58,9 pour cent. Le refus de l'initiative ""Pas de Suisse à 10 millions!» est plus fort que celui observé pour l'initiative ""pour une immigration modérée» en 2020. La proportion de non à Roggwil (BE) était alors de 52,2 pour cent."
338,50.1,50.1,49.9,"Rohrbach (BE)","Rohrbach dit oui à 50,1 pour cent à l'initiative ""Pas de Suisse à 10 millions!». Le soutien à l'initiative ""Pas de Suisse à 10 millions!» est toutefois moins marqué que celui obtenu par l'initiative ""pour une immigration modérée» en 2020. Les habitants de Rohrbach avaient alors dit oui à 55,5 pour cent."
339,78.9,78.9,21.1,"Rohrbachgraben (BE)","L'initiative ""Pas de Suisse à 10 millions!» est approuvée à Rohrbachgraben par 78,9 pour cent des votants. Le soutien à l'initiative ""Pas de Suisse à 10 millions!» a augmenté à Rohrbachgraben par rapport à l'initiative ""pour une immigration modérée» soumise au vote en 2020. Lors de cette votation, 68,8 pour cent des habitants de la commune avaient accepté ce texte."
340,40.8,40.8,59.2,"Rütschelen (BE)","C'est non à l'initiative ""Pas de Suisse à 10 millions!» à Rütschelen. Les habitants ont refusé le texte à 59,2 pour cent. En cinq ans, la commune a ainsi changé de camp sur la question de la limitation de l'immigration. Rütschelen avait rejeté l'initiative ""pour une immigration modérée» à 44,8 pour cent en 2020."
341,51.9,51.9,48.1,"Schwarzhäusern (BE)","La population de Schwarzhäusern approuve à 51,9 pour cent l'initiative ""Pas de Suisse à 10 millions!». Le soutien à l'initiative ""Pas de Suisse à 10 millions!» est toutefois moins marqué que celui obtenu par l'initiative ""pour une immigration modérée» en 2020. Les habitants de Schwarzhäusern avaient alors dit oui à 57,9 pour cent."
342,76.1,76.1,23.9,"Thunstetten (BE)","Thunstetten dit oui à 76,1 pour cent à l'initiative ""Pas de Suisse à 10 millions!». Le soutien à l'initiative ""Pas de Suisse à 10 millions!» a augmenté à Thunstetten par rapport à l'initiative ""pour une immigration modérée» soumise au vote en 2020. Lors de cette votation, 52,3 pour cent des habitants de la commune avaient accepté ce texte."
344,15.5,15.5,84.5,"Ursenbach (BE)","A Ursenbach, les citoyens rejettent à 84,5 pour cent l'initiative ""Pas de Suisse à 10 millions!». En cinq ans, la commune a ainsi changé de camp sur la question de la limitation de l'immigration. Ursenbach avait rejeté l'initiative ""pour une immigration modérée» à 37,4 pour cent en 2020."
345,66.2,66.2,33.8,"Wynau (BE)","Les habitants de Wynau acceptent à 66,2 pour cent l'initiative ""Pas de Suisse à 10 millions!». Le soutien à l'initiative ""Pas de Suisse à 10 millions!» a augmenté à Wynau par rapport à l'initiative ""pour une immigration modérée» soumise au vote en 2020. Lors de cette votation, 50,2 pour cent des habitants de la commune avaient accepté ce texte."
351,2.3,2.3,97.7,"Berne (BE)","A Berne, les citoyens rejettent à 97,7 pour cent l'initiative ""Pas de Suisse à 10 millions!». Le refus de l'initiative ""Pas de Suisse à 10 millions!» est plus fort que celui observé pour l'initiative ""pour une immigration modérée» en 2020. La proportion de non à Berne était alors de 84 pour cent."
352,40.5,40.5,59.5,"Bolligen (BE)","L'initiative ""Pas de Suisse à 10 millions!» est refusée à 59,5 pour cent à Bolligen. Le rejet de l'initiative est toutefois moins marqué que celui enregistré lors de la votation sur l'initiative ""pour une immigration modérée» en 2020. Les habitants de Bolligen avaient alors dit non à 71,7 pour cent."
353,66.2,66.2,33.8,"Bremgarten bei Bern (BE)","Bremgarten bei Bern dit oui à 66,2 pour cent à l'initiative ""Pas de Suisse à 10 millions!». Avec ce résultat, Bremgarten bei Bern bascule dans le camp du oui. En 2020, la commune avait rejeté l'initiative ""pour une immigration modérée» avec 76 pour cent des voix."
354,47.3,47.3,52.7,"Kirchlindach (BE)","L'initiative ""Pas de Suisse à 10 millions!» n'a pas trouvé grâce aux yeux des citoyens de Kirchlindach. Ils ont refusé le texte à 52,7 pour cent. Le rejet de l'initiative est toutefois moins marqué que celui enregistré lors de la votation sur l'initiative ""pour une immigration modérée» en 2020. Les habitants de Kirchlindach avaient alors dit non à 68,9 pour cent."
355,35.1,35.1,64.9,"Köniz (BE)","L'initiative ""Pas de Suisse à 10 millions!» n'a pas convaincu à Köniz. Les citoyens de la commune ont refusé le texte à 64,9 pour cent. Le rejet de l'initiative est toutefois moins marqué que celui enregistré lors de la votation sur l'initiative ""pour une immigration modérée» en 2020. Les habitants de Köniz avaient alors dit non à 74,9 pour cent."
356,82.8,82.8,17.2,"Muri bei Bern (BE)","Muri bei Bern dit oui à 82,8 pour cent à l'initiative ""Pas de Suisse à 10 millions!». Avec ce résultat, Muri bei Bern bascule dans le camp du oui. En 2020, la commune avait rejeté l'initiative ""pour une immigration modérée» avec 73,8 pour cent des voix."
357,87.6,87.6,12.4,"Oberbalm (BE)","Les habitants d'Oberbalm soutiennent à 87,6 pour cent l'initiative ""Pas de Suisse à 10 millions!». Le soutien à l'initiative ""Pas de Suisse à 10 millions!» a augmenté à Oberbalm par rapport à l'initiative ""pour une immigration modérée» soumise au vote en 2020. Lors de cette votation, 64,9 pour cent des habitants de la commune avaient accepté ce texte."
358,51.2,51.2,48.8,"Stettlen (BE)","L'initiative ""Pas de Suisse à 10 millions!» passe la rampe avec 51,2 pour cent de oui à Stettlen. Avec ce résultat, Stettlen bascule dans le camp du oui. En 2020, la commune avait rejeté l'initiative ""pour une immigration modérée» avec 68,9 pour cent des voix."
359,95.3,95.3,4.7,"Vechigen (BE)","La population de Vechigen approuve à 95,3 pour cent l'initiative ""Pas de Suisse à 10 millions!». Avec ce résultat, Vechigen bascule dans le camp du oui. En 2020, la commune avait rejeté l'initiative ""pour une immigration modérée» avec 60,4 pour cent des voix."
360,38.1,38.1,61.9,"Wohlen bei Bern (BE)","Les habitants de Wohlen bei Bern s'opposent à l'initiative ""Pas de Suisse à 10 millions!» par 61,9 pour cent des voix. Le rejet de l'initiative est toutefois moins marqué que celui enregistré lors de la votation sur l'initiative ""pour une immigration modérée» en 2020. Les habitants de Wohlen bei Bern avaient alors dit non à 69,7 pour cent."
361,37,37,63,"Zollikofen (BE)","La population de Zollikofen rejette à 63 pour cent des voix l'initiative ""Pas de Suisse à 10 millions!». Le rejet de l'initiative est toutefois moins marqué que celui enregistré lors de la votation sur l'initiative ""pour une immigration modérée» en 2020. Les habitants de Zollikofen avaient alors dit non à 67 pour cent."
362,84.4,84.4,15.6,"Ittigen (BE)","L'initiative ""Pas de Suisse à 10 millions!» est approuvée à Ittigen par 84,4 pour cent des votants. Avec ce résultat, Ittigen bascule dans le camp du oui. En 2020, la commune avait rejeté l'initiative ""pour une immigration modérée» avec 68,9 pour cent des voix."
363,58.8,58.8,41.2,"Ostermundigen (BE)","La population d'Ostermundigen approuve à 58,8 pour cent l'initiative ""Pas de Suisse à 10 millions!». Avec ce résultat, Ostermundigen bascule dans le camp du oui. En 2020, la commune avait rejeté l'initiative ""pour une immigration modérée» avec 70 pour cent des voix."
371,51.7,51.7,48.3,"Bienne (BE)","Bienne dit oui à 51,7 pour cent à l'initiative ""Pas de Suisse à 10 millions!». Avec ce résultat, Bienne bascule dans le camp du oui. En 2020, la commune avait rejeté l'initiative ""pour une immigration modérée» avec 74,3 pour cent des voix."
372,84.1,84.1,15.9,"Evilard (BE)","Les habitants d'Evilard acceptent à 84,1 pour cent l'initiative ""Pas de Suisse à 10 millions!». Avec ce résultat, Evilard bascule dans le camp du oui. En 2020, la commune avait rejeté l'initiative ""pour une immigration modérée» avec 78,8 pour cent des voix."
381,57.3,57.3,42.7,"Arch (BE)","L'initiative ""Pas de Suisse à 10 millions!» passe la rampe avec 57,3 pour cent de oui à Arch. Le soutien à l'initiative ""Pas de Suisse à 10 millions!» a augmenté à Arch par rapport à l'initiative ""pour une immigration modérée» soumise au vote en 2020. Lors de cette votation, 52 pour cent des habitants de la commune avaient accepté ce texte."
382,62.1,62.1,37.9,"Büetigen (BE)","A Büetigen, les habitants disent oui à 62,1 pour cent à l'initiative ""Pas de Suisse à 10 millions!». Avec ce résultat, Büetigen bascule dans le camp du oui. En 2020, la commune avait rejeté l'initiative ""pour une immigration modérée» avec 50,9 pour cent des voix."
383,43.6,43.6,56.4,"Büren an der Aare (BE)","L'initiative ""Pas de Suisse à 10 millions!» n'a pas convaincu à Büren an der Aare. Les citoyens de la commune ont refusé le texte à 56,4 pour cent. Le résultat a peu changé par rapport au vote sur l'initiative ""pour une immigration modérée» en 2020. Büren an der Aare avait alors dit non à 56,7 pour cent."
385,47.7,47.7,52.3,"Diessbach bei Büren (BE)","L'initiative ""Pas de Suisse à 10 millions!» n'a pas trouvé grâce aux yeux des citoyens de Diessbach bei Büren. Ils ont refusé le texte à 52,3 pour cent. En cinq ans, la commune a ainsi changé de camp sur la question de la limitation de l'immigration. Diessbach bei Büren avait rejeté l'initiative ""pour une immigration modérée» à 46,6 pour cent en 2020."
386,64,64,36,"Dotzigen (BE)","Les habitants de Dotzigen soutiennent à 64 pour cent l'initiative ""Pas de Suisse à 10 millions!». Avec ce résultat, Dotzigen bascule dans le camp du oui. En 2020, la commune avait rejeté l'initiative ""pour une immigration modérée» avec 56,9 pour cent des voix."
387,54,54,46,"Longeau (BE)","L'initiative ""Pas de Suisse à 10 millions!» passe la rampe avec 54 pour cent de oui à Longeau. Avec ce résultat, Longeau bascule dans le camp du oui. En 2020, la commune avait rejeté l'initiative ""pour une immigration modérée» avec 50,5 pour cent des voix."
388,77.7,77.7,22.3,"Leuzigen (BE)","L'initiative ""Pas de Suisse à 10 millions!» est approuvée à Leuzigen par 77,7 pour cent des votants. Avec ce résultat, Leuzigen bascule dans le camp du oui. En 2020, la commune avait rejeté l'initiative ""pour une immigration modérée» avec 50,4 pour cent des voix."
390,72.4,72.4,27.6,"Meinisberg (BE)","Les habitants de Meinisberg acceptent à 72,4 pour cent l'initiative ""Pas de Suisse à 10 millions!»."
391,45.3,45.3,54.7,"Oberwil bei Büren (BE)","La population d'Oberwil bei Büren rejette à 54,7 pour cent des voix l'initiative ""Pas de Suisse à 10 millions!». Le refus de l'initiative ""Pas de Suisse à 10 millions!» est plus fort que celui observé pour l'initiative ""pour une immigration modérée» en 2020. La proportion de non à Oberwil bei Büren était alors de 50,2 pour cent."
392,54.8,54.8,45.2,"Perles (BE)","La population de Perles approuve à 54,8 pour cent l'initiative ""Pas de Suisse à 10 millions!». Avec ce résultat, Perles bascule dans le camp du oui. En 2020, la commune avait rejeté l'initiative ""pour une immigration modérée» avec 53,4 pour cent des voix."
393,73.1,73.1,26.9,"Rüti bei Büren (BE)","L'initiative ""Pas de Suisse à 10 millions!» passe la rampe avec 73,1 pour cent de oui à Rüti bei Büren. Le soutien à l'initiative ""Pas de Suisse à 10 millions!» a augmenté à Rüti bei Büren par rapport à l'initiative ""pour une immigration modérée» soumise au vote en 2020. Lors de cette votation, 50,7 pour cent des habitants de la commune avaient accepté ce texte."
394,84.4,84.4,15.6,"Wengi (BE)","La population de Wengi approuve à 84,4 pour cent l'initiative ""Pas de Suisse à 10 millions!». Le soutien à l'initiative ""Pas de Suisse à 10 millions!» a augmenté à Wengi par rapport à l'initiative ""pour une immigration modérée» soumise au vote en 2020. Lors de cette votation, 53,6 pour cent des habitants de la commune avaient accepté ce texte."
401,23.4,23.4,76.6,"Aefligen (BE)","C'est non à l'initiative ""Pas de Suisse à 10 millions!» à Aefligen. Les habitants ont refusé le texte à 76,6 pour cent. En cinq ans, la commune a ainsi changé de camp sur la question de la limitation de l'immigration. Aefligen avait rejeté l'initiative ""pour une immigration modérée» à 46,1 pour cent en 2020."
402,61.8,61.8,38.2,"Alchenstorf (BE)","La population d'Alchenstorf approuve à 61,8 pour cent l'initiative ""Pas de Suisse à 10 millions!». Le soutien à l'initiative ""Pas de Suisse à 10 millions!» a augmenté à Alchenstorf par rapport à l'initiative ""pour une immigration modérée» soumise au vote en 2020. Lors de cette votation, 55,3 pour cent des habitants de la commune avaient accepté ce texte."
403,54.5,54.5,45.5,"Bäriswil (BE)","L'initiative ""Pas de Suisse à 10 millions!» passe la rampe avec 54,5 pour cent de oui à Bäriswil. Avec ce résultat, Bäriswil bascule dans le camp du oui. En 2020, la commune avait rejeté l'initiative ""pour une immigration modérée» avec 54,6 pour cent des voix."
404,48.1,48.1,51.9,"Berthoud (BE)","A Berthoud, les citoyens rejettent à 51,9 pour cent l'initiative ""Pas de Suisse à 10 millions!». Le rejet de l'initiative est toutefois moins marqué que celui enregistré lors de la votation sur l'initiative ""pour une immigration modérée» en 2020. Les habitants de Berthoud avaient alors dit non à 70,7 pour cent."
405,81.5,81.5,18.5,"Ersigen (BE)","La population d'Ersigen approuve à 81,5 pour cent l'initiative ""Pas de Suisse à 10 millions!». Avec ce résultat, Ersigen bascule dans le camp du oui. En 2020, la commune avait rejeté l'initiative ""pour une immigration modérée» avec 50,1 pour cent des voix."
406,95.8,95.8,4.2,"Hasle bei Burgdorf (BE)","L'initiative ""Pas de Suisse à 10 millions!» est approuvée à Hasle bei Burgdorf par 95,8 pour cent des votants. Le soutien à l'initiative ""Pas de Suisse à 10 millions!» a augmenté à Hasle bei Burgdorf par rapport à l'initiative ""pour une immigration modérée» soumise au vote en 2020. Lors de cette votation, 50,2 pour cent des habitants de la commune avaient accepté ce texte."
407,76.4,76.4,23.6,"Heimiswil (BE)","A Heimiswil, les habitants disent oui à 76,4 pour cent à l'initiative ""Pas de Suisse à 10 millions!». Le soutien à l'initiative ""Pas de Suisse à 10 millions!» a augmenté à Heimiswil par rapport à l'initiative ""pour une immigration modérée» soumise au vote en 2020. Lors de cette votation, 56,6 pour cent des habitants de la commune avaient accepté ce texte."
409,92.3,92.3,7.7,"Hindelbank (BE)","Les habitants de Hindelbank soutiennent à 92,3 pour cent l'initiative ""Pas de Suisse à 10 millions!». Avec ce résultat, Hindelbank bascule dans le camp du oui. En 2020, la commune avait rejeté l'initiative ""pour une immigration modérée» avec 54,6 pour cent des voix."
410,93.8,93.8,6.2,"Höchstetten (BE)","L'initiative ""Pas de Suisse à 10 millions!» passe la rampe avec 93,8 pour cent de oui à Höchstetten. Le soutien à l'initiative ""Pas de Suisse à 10 millions!» a augmenté à Höchstetten par rapport à l'initiative ""pour une immigration modérée» soumise au vote en 2020. Lors de cette votation, 58,6 pour cent des habitants de la commune avaient accepté ce texte."
411,84.9,84.9,15.1,"Kernenried (BE)","L'initiative ""Pas de Suisse à 10 millions!» passe la rampe avec 84,9 pour cent de oui à Kernenried. Le soutien à l'initiative ""Pas de Suisse à 10 millions!» a augmenté à Kernenried par rapport à l'initiative ""pour une immigration modérée» soumise au vote en 2020. Lors de cette votation, 53,5 pour cent des habitants de la commune avaient accepté ce texte."
412,70.9,70.9,29.1,"Kirchberg (BE)","Les habitants de Kirchberg (BE) acceptent à 70,9 pour cent l'initiative ""Pas de Suisse à 10 millions!». Avec ce résultat, Kirchberg (BE) bascule dans le camp du oui. En 2020, la commune avait rejeté l'initiative ""pour une immigration modérée» avec 60,8 pour cent des voix."
413,44.6,44.6,55.4,"Koppigen (BE)","La population de Koppigen rejette à 55,4 pour cent des voix l'initiative ""Pas de Suisse à 10 millions!». Le résultat a peu changé par rapport au vote sur l'initiative ""pour une immigration modérée» en 2020. Koppigen avait alors dit non à 55,3 pour cent."
414,75.7,75.7,24.3,"Krauchthal (BE)","A Krauchthal, les habitants disent oui à 75,7 pour cent à l'initiative ""Pas de Suisse à 10 millions!». Avec ce résultat, Krauchthal bascule dans le camp du oui. En 2020, la commune avait rejeté l'initiative ""pour une immigration modérée» avec 52,1 pour cent des voix."
415,37.5,37.5,62.5,"Lyssach (BE)","Les habitants de Lyssach s'opposent à l'initiative ""Pas de Suisse à 10 millions!» par 62,5 pour cent des voix. Le refus de l'initiative ""Pas de Suisse à 10 millions!» est plus fort que celui observé pour l'initiative ""pour une immigration modérée» en 2020. La proportion de non à Lyssach était alors de 56,7 pour cent."
418,80,80,20,"Oberburg (BE)","L'initiative ""Pas de Suisse à 10 millions!» passe la rampe avec 80 pour cent de oui à Oberburg. Avec ce résultat, Oberburg bascule dans le camp du oui. En 2020, la commune avait rejeté l'initiative ""pour une immigration modérée» avec 51,3 pour cent des voix."
420,57.2,57.2,42.8,"Rüdtligen-Alchenflüh (BE)","Les habitants de Rüdtligen-Alchenflüh acceptent à 57,2 pour cent l'initiative ""Pas de Suisse à 10 millions!». Avec ce résultat, Rüdtligen-Alchenflüh bascule dans le camp du oui. En 2020, la commune avait rejeté l'initiative ""pour une immigration modérée» avec 51,2 pour cent des voix."
421,66.8,66.8,33.2,"Rumendingen (BE)","La population de Rumendingen approuve à 66,8 pour cent l'initiative ""Pas de Suisse à 10 millions!». Le soutien à l'initiative ""Pas de Suisse à 10 millions!» a augmenté à Rumendingen par rapport à l'initiative ""pour une immigration modérée» soumise au vote en 2020. Lors de cette votation, 56 pour cent des habitants de la commune avaient accepté ce texte."
422,1.5,1.5,98.5,"Rüti bei Lyssach (BE)","A Rüti bei Lyssach, les citoyens rejettent à 98,5 pour cent l'initiative ""Pas de Suisse à 10 millions!». Il n'est pas possible de comparer les résultats de cette votation à ceux de 2020 en raison de changements dans la structure de la commune de Rüti bei Lyssach."
423,47.8,47.8,52.2,"Willadingen (BE)","L'initiative ""Pas de Suisse à 10 millions!» n'a pas trouvé grâce aux yeux des citoyens de Willadingen. Ils ont refusé le texte à 52,2 pour cent."
424,65,65,35,"Wynigen (BE)","A Wynigen, les habitants disent oui à 65 pour cent à l'initiative ""Pas de Suisse à 10 millions!». Le soutien à l'initiative ""Pas de Suisse à 10 millions!» a augmenté à Wynigen par rapport à l'initiative ""pour une immigration modérée» soumise au vote en 2020. Lors de cette votation, 52,9 pour cent des habitants de la commune avaient accepté ce texte."
431,46.5,46.5,53.5,"Corgémont (BE)","A Corgémont, les citoyens rejettent à 53,5 pour cent l'initiative ""Pas de Suisse à 10 millions!». Le rejet de l'initiative est toutefois moins marqué que celui enregistré lors de la votation sur l'initiative ""pour une immigration modérée» en 2020. Les habitants de Corgémont avaient alors dit non à 56,1 pour cent."
432,53.4,53.4,46.6,"Cormoret (BE)","A Cormoret, les habitants disent oui à 53,4 pour cent à l'initiative ""Pas de Suisse à 10 millions!». Avec ce résultat, Cormoret bascule dans le camp du oui. En 2020, la commune avait rejeté l'initiative ""pour une immigration modérée» avec 65,5 pour cent des voix."
433,85.9,85.9,14.1,"Cortébert (BE)","L'initiative ""Pas de Suisse à 10 millions!» passe la rampe avec 85,9 pour cent de oui à Cortébert. Avec ce résultat, Cortébert bascule dans le camp du oui. En 2020, la commune avait rejeté l'initiative ""pour une immigration modérée» avec 54,2 pour cent des voix."
434,98.4,98.4,1.6,"Courtelary (BE)","A Courtelary, les habitants disent oui à 98,4 pour cent à l'initiative ""Pas de Suisse à 10 millions!». Avec ce résultat, Courtelary bascule dans le camp du oui. En 2020, la commune avait rejeté l'initiative ""pour une immigration modérée» avec 61,3 pour cent des voix."
435,19.2,19.2,80.8,"La Ferrière (BE)","La population de La Ferrière rejette à 80,8 pour cent des voix l'initiative ""Pas de Suisse à 10 millions!». Le refus de l'initiative ""Pas de Suisse à 10 millions!» est plus fort que celui observé pour l'initiative ""pour une immigration modérée» en 2020. La proportion de non à La Ferrière était alors de 55,8 pour cent."
437,92.1,92.1,7.9,"Mont-Tramelan (BE)","Mont-Tramelan dit oui à 92,1 pour cent à l'initiative ""Pas de Suisse à 10 millions!». Avec ce résultat, Mont-Tramelan bascule dans le camp du oui. En 2020, la commune avait rejeté l'initiative ""pour une immigration modérée» avec 59,6 pour cent des voix."
438,61.7,61.7,38.3,"Orvin (BE)","Orvin dit oui à 61,7 pour cent à l'initiative ""Pas de Suisse à 10 millions!». Avec ce résultat, Orvin bascule dans le camp du oui. En 2020, la commune avait rejeté l'initiative ""pour une immigration modérée» avec 58,6 pour cent des voix."
441,82.5,82.5,17.5,"Renan (BE)","Les habitants de Renan (BE) soutiennent à 82,5 pour cent l'initiative ""Pas de Suisse à 10 millions!». Avec ce résultat, Renan (BE) bascule dans le camp du oui. En 2020, la commune avait rejeté l'initiative ""pour une immigration modérée» avec 64,8 pour cent des voix."
442,58.1,58.1,41.9,"Romont (BE)","L'initiative ""Pas de Suisse à 10 millions!» passe la rampe avec 58,1 pour cent de oui à Romont (BE). Avec ce résultat, Romont (BE) bascule dans le camp du oui. En 2020, la commune avait rejeté l'initiative ""pour une immigration modérée» avec 58,9 pour cent des voix."
443,59.6,59.6,40.4,"Saint-Imier (BE)","A Saint-Imier, les habitants disent oui à 59,6 pour cent à l'initiative ""Pas de Suisse à 10 millions!». Avec ce résultat, Saint-Imier bascule dans le camp du oui. En 2020, la commune avait rejeté l'initiative ""pour une immigration modérée» avec 63,6 pour cent des voix."
444,51.8,51.8,48.2,"Sonceboz-Sombeval (BE)","L'initiative ""Pas de Suisse à 10 millions!» passe la rampe avec 51,8 pour cent de oui à Sonceboz-Sombeval. Avec ce résultat, Sonceboz-Sombeval bascule dans le camp du oui. En 2020, la commune avait rejeté l'initiative ""pour une immigration modérée» avec 54,6 pour cent des voix."
445,27.2,27.2,72.8,"Sonvilier (BE)","L'initiative ""Pas de Suisse à 10 millions!» n'a pas trouvé grâce aux yeux des citoyens de Sonvilier. Ils ont refusé le texte à 72,8 pour cent. Le refus de l'initiative ""Pas de Suisse à 10 millions!» est plus fort que celui observé pour l'initiative ""pour une immigration modérée» en 2020. La proportion de non à Sonvilier était alors de 52,2 pour cent."
446,87.8,87.8,12.2,"Tramelan (BE)","L'initiative ""Pas de Suisse à 10 millions!» passe la rampe avec 87,8 pour cent de oui à Tramelan. Avec ce résultat, Tramelan bascule dans le camp du oui. En 2020, la commune avait rejeté l'initiative ""pour une immigration modérée» avec 65,7 pour cent des voix."
448,19.5,19.5,80.5,"Villeret (BE)","L'initiative ""Pas de Suisse à 10 millions!» est refusée à 80,5 pour cent à Villeret. Le refus de l'initiative ""Pas de Suisse à 10 millions!» est plus fort que celui observé pour l'initiative ""pour une immigration modérée» en 2020. La proportion de non à Villeret était alors de 59,8 pour cent."
449,39.6,39.6,60.4,"Sauge (BE)","C'est non à l'initiative ""Pas de Suisse à 10 millions!» à Sauge. Les habitants ont refusé le texte à 60,4 pour cent. Le refus de l'initiative ""Pas de Suisse à 10 millions!» est plus fort que celui observé pour l'initiative ""pour une immigration modérée» en 2020. La proportion de non à Sauge était alors de 53 pour cent."
450,50.3,50.3,49.7,"Péry-La Heutte (BE)","L'initiative ""Pas de Suisse à 10 millions!» est approuvée à Péry-La Heutte par 50,3 pour cent des votants. Avec ce résultat, Péry-La Heutte bascule dans le camp du oui. En 2020, la commune avait rejeté l'initiative ""pour une immigration modérée» avec 57,5 pour cent des voix."
491,14.8,14.8,85.2,"Brüttelen (BE)","Les habitants de Brüttelen s'opposent à l'initiative ""Pas de Suisse à 10 millions!» par 85,2 pour cent des voix. Le refus de l'initiative ""Pas de Suisse à 10 millions!» est plus fort que celui observé pour l'initiative ""pour une immigration modérée» en 2020. La proportion de non à Brüttelen était alors de 56,9 pour cent."
492,11.9,11.9,88.1,"Cerlier (BE)","L'initiative ""Pas de Suisse à 10 millions!» n'a pas trouvé grâce aux yeux des citoyens de Cerlier. Ils ont refusé le texte à 88,1 pour cent. Le refus de l'initiative ""Pas de Suisse à 10 millions!» est plus fort que celui observé pour l'initiative ""pour une immigration modérée» en 2020. La proportion de non à Cerlier était alors de 69,2 pour cent."
493,70.4,70.4,29.6,"Finsterhennen (BE)","La population de Finsterhennen approuve à 70,4 pour cent l'initiative ""Pas de Suisse à 10 millions!». Avec ce résultat, Finsterhennen bascule dans le camp du oui. En 2020, la commune avait rejeté l'initiative ""pour une immigration modérée» avec 53,1 pour cent des voix."
494,33.4,33.4,66.6,"Gals (BE)","L'initiative ""Pas de Suisse à 10 millions!» n'a pas trouvé grâce aux yeux des citoyens de Gals. Ils ont refusé le texte à 66,6 pour cent. Le refus de l'initiative ""Pas de Suisse à 10 millions!» est plus fort que celui observé pour l'initiative ""pour une immigration modérée» en 2020. La proportion de non à Gals était alors de 61,8 pour cent."
495,50.7,50.7,49.3,"Champion (Gampelen) (BE)","L'initiative ""Pas de Suisse à 10 millions!» est approuvée à Champion (Gampelen) par 50,7 pour cent des votants. Avec ce résultat, Champion (Gampelen) bascule dans le camp du oui. En 2020, la commune avait rejeté l'initiative ""pour une immigration modérée» avec 52,7 pour cent des voix."
496,61.1,61.1,38.9,"Anet (BE)","Les habitants d'Anet acceptent à 61,1 pour cent l'initiative ""Pas de Suisse à 10 millions!». Avec ce résultat, Anet bascule dans le camp du oui. En 2020, la commune avait rejeté l'initiative ""pour une immigration modérée» avec 61,6 pour cent des voix."
497,41.6,41.6,58.4,"Lüscherz (BE)","A Lüscherz, les citoyens rejettent à 58,4 pour cent l'initiative ""Pas de Suisse à 10 millions!». Le refus de l'initiative ""Pas de Suisse à 10 millions!» est plus fort que celui observé pour l'initiative ""pour une immigration modérée» en 2020. La proportion de non à Lüscherz était alors de 50,4 pour cent."
498,44,44,56,"Müntschemier (BE)","La population de Müntschemier rejette à 56 pour cent des voix l'initiative ""Pas de Suisse à 10 millions!». En cinq ans, la commune a ainsi changé de camp sur la question de la limitation de l'immigration. Müntschemier avait rejeté l'initiative ""pour une immigration modérée» à 49 pour cent en 2020."
499,97.9,97.9,2.1,"Siselen (BE)","Les habitants de Siselen soutiennent à 97,9 pour cent l'initiative ""Pas de Suisse à 10 millions!». Avec ce résultat, Siselen bascule dans le camp du oui. En 2020, la commune avait rejeté l'initiative ""pour une immigration modérée» avec 51,8 pour cent des voix."
500,45.5,45.5,54.5,"Treiten (BE)","C'est non à l'initiative ""Pas de Suisse à 10 millions!» à Treiten. Les habitants ont refusé le texte à 54,5 pour cent. En cinq ans, la commune a ainsi changé de camp sur la question de la limitation de l'immigration. Treiten avait rejeté l'initiative ""pour une immigration modérée» à 48,7 pour cent en 2020."
501,61.6,61.6,38.4,"Tschugg (BE)","L'initiative ""Pas de Suisse à 10 millions!» passe la rampe avec 61,6 pour cent de oui à Tschugg. Avec ce résultat, Tschugg bascule dans le camp du oui. En 2020, la commune avait rejeté l'initiative ""pour une immigration modérée» avec 61,7 pour cent des voix."
502,62.6,62.6,37.4,"Vinelz (BE)","L'initiative ""Pas de Suisse à 10 millions!» passe la rampe avec 62,6 pour cent de oui à Vinelz. Avec ce résultat, Vinelz bascule dans le camp du oui. En 2020, la commune avait rejeté l'initiative ""pour une immigration modérée» avec 59,8 pour cent des voix."
533,74.3,74.3,25.7,"Bätterkinden (BE)","Les habitants de Bätterkinden acceptent à 74,3 pour cent l'initiative ""Pas de Suisse à 10 millions!». Avec ce résultat, Bätterkinden bascule dans le camp du oui. En 2020, la commune avait rejeté l'initiative ""pour une immigration modérée» avec 63,8 pour cent des voix."
538,62.8,62.8,37.2,"Fraubrunnen (BE)","Les habitants de Fraubrunnen acceptent à 62,8 pour cent l'initiative ""Pas de Suisse à 10 millions!». Avec ce résultat, Fraubrunnen bascule dans le camp du oui. En 2020, la commune avait rejeté l'initiative ""pour une immigration modérée» avec 60,8 pour cent des voix."
540,60.2,60.2,39.8,"Jegenstorf (BE)","Les habitants de Jegenstorf soutiennent à 60,2 pour cent l'initiative ""Pas de Suisse à 10 millions!». Avec ce résultat, Jegenstorf bascule dans le camp du oui. En 2020, la commune avait rejeté l'initiative ""pour une immigration modérée» avec 69,1 pour cent des voix."
541,23.2,23.2,76.8,"Iffwil (BE)","La population d'Iffwil rejette à 76,8 pour cent des voix l'initiative ""Pas de Suisse à 10 millions!». Le refus de l'initiative ""Pas de Suisse à 10 millions!» est plus fort que celui observé pour l'initiative ""pour une immigration modérée» en 2020. La proportion de non à Iffwil était alors de 53,6 pour cent."
543,28.8,28.8,71.2,"Mattstetten (BE)","C'est non à l'initiative ""Pas de Suisse à 10 millions!» à Mattstetten. Les habitants ont refusé le texte à 71,2 pour cent. Le refus de l'initiative ""Pas de Suisse à 10 millions!» est plus fort que celui observé pour l'initiative ""pour une immigration modérée» en 2020. La proportion de non à Mattstetten était alors de 54,1 pour cent."
544,77.1,77.1,22.9,"Moosseedorf (BE)","L'initiative ""Pas de Suisse à 10 millions!» est approuvée à Moosseedorf par 77,1 pour cent des votants. Avec ce résultat, Moosseedorf bascule dans le camp du oui. En 2020, la commune avait rejeté l'initiative ""pour une immigration modérée» avec 61,9 pour cent des voix."
546,41.2,41.2,58.8,"Münchenbuchsee (BE)","L'initiative ""Pas de Suisse à 10 millions!» n'a pas convaincu à Münchenbuchsee. Les citoyens de la commune ont refusé le texte à 58,8 pour cent. Le rejet de l'initiative est toutefois moins marqué que celui enregistré lors de la votation sur l'initiative ""pour une immigration modérée» en 2020. Les habitants de Münchenbuchsee avaient alors dit non à 66,7 pour cent."
551,57.7,57.7,42.3,"Urtenen-Schönbühl (BE)","Urtenen-Schönbühl dit oui à 57,7 pour cent à l'initiative ""Pas de Suisse à 10 millions!». Avec ce résultat, Urtenen-Schönbühl bascule dans le camp du oui. En 2020, la commune avait rejeté l'initiative ""pour une immigration modérée» avec 62,4 pour cent des voix."
552,47,47,53,"Utzenstorf (BE)","Les habitants d'Utzenstorf s'opposent à l'initiative ""Pas de Suisse à 10 millions!» par 53 pour cent des voix. Le rejet de l'initiative est toutefois moins marqué que celui enregistré lors de la votation sur l'initiative ""pour une immigration modérée» en 2020. Les habitants d'Utzenstorf avaient alors dit non à 58 pour cent."
553,56.9,56.9,43.1,"Wiggiswil (BE)","Les habitants de Wiggiswil soutiennent à 56,9 pour cent l'initiative ""Pas de Suisse à 10 millions!». Avec ce résultat, Wiggiswil bascule dans le camp du oui. En 2020, la commune avait rejeté l'initiative ""pour une immigration modérée» avec 51,6 pour cent des voix."
554,16.9,16.9,83.1,"Wiler bei Utzenstorf (BE)","L'initiative ""Pas de Suisse à 10 millions!» n'a pas convaincu à Wiler bei Utzenstorf. Les citoyens de la commune ont refusé le texte à 83,1 pour cent. Le refus de l'initiative ""Pas de Suisse à 10 millions!» est plus fort que celui observé pour l'initiative ""pour une immigration modérée» en 2020. La proportion de non à Wiler bei Utzenstorf était alors de 59,2 pour cent."
556,81.9,81.9,18.1,"Zielebach (BE)","Zielebach dit oui à 81,9 pour cent à l'initiative ""Pas de Suisse à 10 millions!». Le soutien à l'initiative ""Pas de Suisse à 10 millions!» a augmenté à Zielebach par rapport à l'initiative ""pour une immigration modérée» soumise au vote en 2020. Lors de cette votation, 54 pour cent des habitants de la commune avaient accepté ce texte."
557,74.2,74.2,25.8,"Zuzwil (BE)","Les habitants de Zuzwil (BE) acceptent à 74,2 pour cent l'initiative ""Pas de Suisse à 10 millions!». Avec ce résultat, Zuzwil (BE) bascule dans le camp du oui. En 2020, la commune avait rejeté l'initiative ""pour une immigration modérée» avec 62,2 pour cent des voix."
561,89,89,11,"Adelboden (BE)","La population d'Adelboden approuve à 89 pour cent l'initiative ""Pas de Suisse à 10 millions!». Le soutien à l'initiative ""Pas de Suisse à 10 millions!» a augmenté à Adelboden par rapport à l'initiative ""pour une immigration modérée» soumise au vote en 2020. Lors de cette votation, 62,2 pour cent des habitants de la commune avaient accepté ce texte."
562,32.5,32.5,67.5,"Aeschi bei Spiez (BE)","L'initiative ""Pas de Suisse à 10 millions!» est refusée à 67,5 pour cent à Aeschi bei Spiez. En cinq ans, la commune a ainsi changé de camp sur la question de la limitation de l'immigration. Aeschi bei Spiez avait rejeté l'initiative ""pour une immigration modérée» à 44,5 pour cent en 2020."
563,9,9,91,"Frutigen (BE)","La population de Frutigen rejette à 91 pour cent des voix l'initiative ""Pas de Suisse à 10 millions!». En cinq ans, la commune a ainsi changé de camp sur la question de la limitation de l'immigration. Frutigen avait rejeté l'initiative ""pour une immigration modérée» à 40,8 pour cent en 2020."
564,66.3,66.3,33.7,"Kandergrund (BE)","Les habitants de Kandergrund acceptent à 66,3 pour cent l'initiative ""Pas de Suisse à 10 millions!». Le soutien à l'initiative ""Pas de Suisse à 10 millions!» est toutefois moins marqué que celui obtenu par l'initiative ""pour une immigration modérée» en 2020. Les habitants de Kandergrund avaient alors dit oui à 69,5 pour cent."
565,70.1,70.1,29.9,"Kandersteg (BE)","Les habitants de Kandersteg acceptent à 70,1 pour cent l'initiative ""Pas de Suisse à 10 millions!». Avec ce résultat, Kandersteg bascule dans le camp du oui. En 2020, la commune avait rejeté l'initiative ""pour une immigration modérée» avec 53,4 pour cent des voix."
566,24.1,24.1,75.9,"Krattigen (BE)","C'est non à l'initiative ""Pas de Suisse à 10 millions!» à Krattigen. Les habitants ont refusé le texte à 75,9 pour cent. Le refus de l'initiative ""Pas de Suisse à 10 millions!» est plus fort que celui observé pour l'initiative ""pour une immigration modérée» en 2020. La proportion de non à Krattigen était alors de 55,7 pour cent."
567,37.9,37.9,62.1,"Reichenbach im Kandertal (BE)","L'initiative ""Pas de Suisse à 10 millions!» n'a pas convaincu à Reichenbach im Kandertal. Les citoyens de la commune ont refusé le texte à 62,1 pour cent. En cinq ans, la commune a ainsi changé de camp sur la question de la limitation de l'immigration. Reichenbach im Kandertal avait rejeté l'initiative ""pour une immigration modérée» à 38,6 pour cent en 2020."
571,38.7,38.7,61.3,"Beatenberg (BE)","L'initiative ""Pas de Suisse à 10 millions!» n'a pas trouvé grâce aux yeux des citoyens de Beatenberg. Ils ont refusé le texte à 61,3 pour cent. En cinq ans, la commune a ainsi changé de camp sur la question de la limitation de l'immigration. Beatenberg avait rejeté l'initiative ""pour une immigration modérée» à 42,9 pour cent en 2020."
572,60.1,60.1,39.9,"Bönigen (BE)","L'initiative ""Pas de Suisse à 10 millions!» est approuvée à Bönigen par 60,1 pour cent des votants. Avec ce résultat, Bönigen bascule dans le camp du oui. En 2020, la commune avait rejeté l'initiative ""pour une immigration modérée» avec 52,2 pour cent des voix."
573,56.2,56.2,43.8,"Brienz (BE)","Brienz (BE) dit oui à 56,2 pour cent à l'initiative ""Pas de Suisse à 10 millions!». Avec ce résultat, Brienz (BE) bascule dans le camp du oui. En 2020, la commune avait rejeté l'initiative ""pour une immigration modérée» avec 50,6 pour cent des voix."
574,9.7,9.7,90.3,"Brienzwiler (BE)","L'initiative ""Pas de Suisse à 10 millions!» est refusée à 90,3 pour cent à Brienzwiler. En cinq ans, la commune a ainsi changé de camp sur la question de la limitation de l'immigration. Brienzwiler avait rejeté l'initiative ""pour une immigration modérée» à 40,4 pour cent en 2020."
575,41.3,41.3,58.7,"Därligen (BE)","L'initiative ""Pas de Suisse à 10 millions!» n'a pas trouvé grâce aux yeux des citoyens de Därligen. Ils ont refusé le texte à 58,7 pour cent. Le refus de l'initiative ""Pas de Suisse à 10 millions!» est plus fort que celui observé pour l'initiative ""pour une immigration modérée» en 2020. La proportion de non à Därligen était alors de 54,6 pour cent."
576,46.4,46.4,53.6,"Grindelwald (BE)","Les habitants de Grindelwald s'opposent à l'initiative ""Pas de Suisse à 10 millions!» par 53,6 pour cent des voix. En cinq ans, la commune a ainsi changé de camp sur la question de la limitation de l'immigration. Grindelwald avait rejeté l'initiative ""pour une immigration modérée» à 39,9 pour cent en 2020."
577,8.5,8.5,91.5,"Gsteigwiler (BE)","L'initiative ""Pas de Suisse à 10 millions!» n'a pas convaincu à Gsteigwiler. Les citoyens de la commune ont refusé le texte à 91,5 pour cent. Le refus de l'initiative ""Pas de Suisse à 10 millions!» est plus fort que celui observé pour l'initiative ""pour une immigration modérée» en 2020. La proportion de non à Gsteigwiler était alors de 54 pour cent."
578,52.1,52.1,47.9,"Gündlischwand (BE)","L'initiative ""Pas de Suisse à 10 millions!» est approuvée à Gündlischwand par 52,1 pour cent des votants. Le soutien à l'initiative ""Pas de Suisse à 10 millions!» est toutefois moins marqué que celui obtenu par l'initiative ""pour une immigration modérée» en 2020. Les habitants de Gündlischwand avaient alors dit oui à 63,1 pour cent."
579,73,73,27,"Habkern (BE)","La population de Habkern approuve à 73 pour cent l'initiative ""Pas de Suisse à 10 millions!». Le soutien à l'initiative ""Pas de Suisse à 10 millions!» est toutefois moins marqué que celui obtenu par l'initiative ""pour une immigration modérée» en 2020. Les habitants de Habkern avaient alors dit oui à 74,6 pour cent."
580,84.2,84.2,15.8,"Hofstetten bei Brienz (BE)","L'initiative ""Pas de Suisse à 10 millions!» passe la rampe avec 84,2 pour cent de oui à Hofstetten bei Brienz. Le soutien à l'initiative ""Pas de Suisse à 10 millions!» a augmenté à Hofstetten bei Brienz par rapport à l'initiative ""pour une immigration modérée» soumise au vote en 2020. Lors de cette votation, 53,5 pour cent des habitants de la commune avaient accepté ce texte."
581,80.6,80.6,19.4,"Interlaken (BE)","Les habitants d'Interlaken acceptent à 80,6 pour cent l'initiative ""Pas de Suisse à 10 millions!». Avec ce résultat, Interlaken bascule dans le camp du oui. En 2020, la commune avait rejeté l'initiative ""pour une immigration modérée» avec 61,2 pour cent des voix."
582,67.2,67.2,32.8,"Iseltwald (BE)","A Iseltwald, les habitants disent oui à 67,2 pour cent à l'initiative ""Pas de Suisse à 10 millions!». Le soutien à l'initiative ""Pas de Suisse à 10 millions!» a augmenté à Iseltwald par rapport à l'initiative ""pour une immigration modérée» soumise au vote en 2020. Lors de cette votation, 56 pour cent des habitants de la commune avaient accepté ce texte."
584,10.2,10.2,89.8,"Lauterbrunnen (BE)","C'est non à l'initiative ""Pas de Suisse à 10 millions!» à Lauterbrunnen. Les habitants ont refusé le texte à 89,8 pour cent."
585,64.5,64.5,35.5,"Leissigen (BE)","La population de Leissigen approuve à 64,5 pour cent l'initiative ""Pas de Suisse à 10 millions!». Avec ce résultat, Leissigen bascule dans le camp du oui. En 2020, la commune avait rejeté l'initiative ""pour une immigration modérée» avec 52,1 pour cent des voix."
586,19.4,19.4,80.6,"Lütschental (BE)","Les habitants de Lütschental s'opposent à l'initiative ""Pas de Suisse à 10 millions!» par 80,6 pour cent des voix. En cinq ans, la commune a ainsi changé de camp sur la question de la limitation de l'immigration. Lütschental avait rejeté l'initiative ""pour une immigration modérée» à 23,2 pour cent en 2020."
587,33.7,33.7,66.3,"Matten bei Interlaken (BE)","L'initiative ""Pas de Suisse à 10 millions!» est refusée à 66,3 pour cent à Matten bei Interlaken. Le refus de l'initiative ""Pas de Suisse à 10 millions!» est plus fort que celui observé pour l'initiative ""pour une immigration modérée» en 2020. La proportion de non à Matten bei Interlaken était alors de 53,7 pour cent."
588,44.8,44.8,55.2,"Niederried bei Interlaken (BE)","C'est non à l'initiative ""Pas de Suisse à 10 millions!» à Niederried bei Interlaken. Les habitants ont refusé le texte à 55,2 pour cent. Le rejet de l'initiative est toutefois moins marqué que celui enregistré lors de la votation sur l'initiative ""pour une immigration modérée» en 2020. Les habitants de Niederried bei Interlaken avaient alors dit non à 57,8 pour cent."
589,74.5,74.5,25.5,"Oberried am Brienzersee (BE)","L'initiative ""Pas de Suisse à 10 millions!» est approuvée à Oberried am Brienzersee par 74,5 pour cent des votants. Avec ce résultat, Oberried am Brienzersee bascule dans le camp du oui. En 2020, la commune avait rejeté l'initiative ""pour une immigration modérée» avec 53,9 pour cent des voix."
590,52.9,52.9,47.1,"Ringgenberg (BE)","Les habitants de Ringgenberg (BE) soutiennent à 52,9 pour cent l'initiative ""Pas de Suisse à 10 millions!». Avec ce résultat, Ringgenberg (BE) bascule dans le camp du oui. En 2020, la commune avait rejeté l'initiative ""pour une immigration modérée» avec 51,9 pour cent des voix."
591,12.3,12.3,87.7,"Saxeten (BE)","L'initiative ""Pas de Suisse à 10 millions!» n'a pas trouvé grâce aux yeux des citoyens de Saxeten. Ils ont refusé le texte à 87,7 pour cent. En cinq ans, la commune a ainsi changé de camp sur la question de la limitation de l'immigration. Saxeten avait rejeté l'initiative ""pour une immigration modérée» à 31,6 pour cent en 2020."
592,36,36,64,"Schwanden bei Brienz (BE)","La population de Schwanden bei Brienz rejette à 64 pour cent des voix l'initiative ""Pas de Suisse à 10 millions!». Le refus de l'initiative ""Pas de Suisse à 10 millions!» est plus fort que celui observé pour l'initiative ""pour une immigration modérée» en 2020. La proportion de non à Schwanden bei Brienz était alors de 58,4 pour cent."
593,46.9,46.9,53.1,"Unterseen (BE)","Les habitants d'Unterseen s'opposent à l'initiative ""Pas de Suisse à 10 millions!» par 53,1 pour cent des voix. Le rejet de l'initiative est toutefois moins marqué que celui enregistré lors de la votation sur l'initiative ""pour une immigration modérée» en 2020. Les habitants d'Unterseen avaient alors dit non à 60,1 pour cent."
594,7.2,7.2,92.8,"Wilderswil (BE)","Les habitants de Wilderswil s'opposent à l'initiative ""Pas de Suisse à 10 millions!» par 92,8 pour cent des voix. Le refus de l'initiative ""Pas de Suisse à 10 millions!» est plus fort que celui observé pour l'initiative ""pour une immigration modérée» en 2020. La proportion de non à Wilderswil était alors de 50,6 pour cent."
602,40.9,40.9,59.1,"Arni (BE)","L'initiative ""Pas de Suisse à 10 millions!» n'a pas convaincu à Arni (BE). Les citoyens de la commune ont refusé le texte à 59,1 pour cent. En cinq ans, la commune a ainsi changé de camp sur la question de la limitation de l'immigration. Arni (BE) avait rejeté l'initiative ""pour une immigration modérée» à 37,8 pour cent en 2020."
603,54.1,54.1,45.9,"Biglen (BE)","Les habitants de Biglen acceptent à 54,1 pour cent l'initiative ""Pas de Suisse à 10 millions!». Avec ce résultat, Biglen bascule dans le camp du oui. En 2020, la commune avait rejeté l'initiative ""pour une immigration modérée» avec 55,1 pour cent des voix."
605,26.5,26.5,73.5,"Bowil (BE)","Les habitants de Bowil s'opposent à l'initiative ""Pas de Suisse à 10 millions!» par 73,5 pour cent des voix. En cinq ans, la commune a ainsi changé de camp sur la question de la limitation de l'immigration. Bowil avait rejeté l'initiative ""pour une immigration modérée» à 43,5 pour cent en 2020."
606,29.8,29.8,70.2,"Brenzikofen (BE)","L'initiative ""Pas de Suisse à 10 millions!» n'a pas trouvé grâce aux yeux des citoyens de Brenzikofen. Ils ont refusé le texte à 70,2 pour cent. En cinq ans, la commune a ainsi changé de camp sur la question de la limitation de l'immigration. Brenzikofen avait rejeté l'initiative ""pour une immigration modérée» à 43,7 pour cent en 2020."
607,73.6,73.6,26.4,"Freimettigen (BE)","Les habitants de Freimettigen soutiennent à 73,6 pour cent l'initiative ""Pas de Suisse à 10 millions!». Le soutien à l'initiative ""Pas de Suisse à 10 millions!» a augmenté à Freimettigen par rapport à l'initiative ""pour une immigration modérée» soumise au vote en 2020. Lors de cette votation, 51,6 pour cent des habitants de la commune avaient accepté ce texte."
608,20.6,20.6,79.4,"Grosshöchstetten (BE)","Les habitants de Grosshöchstetten s'opposent à l'initiative ""Pas de Suisse à 10 millions!» par 79,4 pour cent des voix. Le refus de l'initiative ""Pas de Suisse à 10 millions!» est plus fort que celui observé pour l'initiative ""pour une immigration modérée» en 2020. La proportion de non à Grosshöchstetten était alors de 60,9 pour cent."
609,64.2,64.2,35.8,"Häutligen (BE)","Häutligen dit oui à 64,2 pour cent à l'initiative ""Pas de Suisse à 10 millions!». Le soutien à l'initiative ""Pas de Suisse à 10 millions!» est toutefois moins marqué que celui obtenu par l'initiative ""pour une immigration modérée» en 2020. Les habitants de Häutligen avaient alors dit oui à 66,7 pour cent."
610,50.4,50.4,49.6,"Herbligen (BE)","A Herbligen, les habitants disent oui à 50,4 pour cent à l'initiative ""Pas de Suisse à 10 millions!». Le soutien à l'initiative ""Pas de Suisse à 10 millions!» est toutefois moins marqué que celui obtenu par l'initiative ""pour une immigration modérée» en 2020. Les habitants de Herbligen avaient alors dit oui à 56,6 pour cent."
611,79.4,79.4,20.6,"Kiesen (BE)","A Kiesen, les habitants disent oui à 79,4 pour cent à l'initiative ""Pas de Suisse à 10 millions!». Avec ce résultat, Kiesen bascule dans le camp du oui. En 2020, la commune avait rejeté l'initiative ""pour une immigration modérée» avec 55 pour cent des voix."
612,41.2,41.2,58.8,"Konolfingen (BE)","La population de Konolfingen rejette à 58,8 pour cent des voix l'initiative ""Pas de Suisse à 10 millions!». Le résultat a peu changé par rapport au vote sur l'initiative ""pour une immigration modérée» en 2020. Konolfingen avait alors dit non à 57,8 pour cent."
613,55.3,55.3,44.7,"Landiswil (BE)","Les habitants de Landiswil acceptent à 55,3 pour cent l'initiative ""Pas de Suisse à 10 millions!». Le soutien à l'initiative ""Pas de Suisse à 10 millions!» est toutefois moins marqué que celui obtenu par l'initiative ""pour une immigration modérée» en 2020. Les habitants de Landiswil avaient alors dit oui à 70,3 pour cent."
614,72.5,72.5,27.5,"Linden (BE)","Les habitants de Linden acceptent à 72,5 pour cent l'initiative ""Pas de Suisse à 10 millions!». Le soutien à l'initiative ""Pas de Suisse à 10 millions!» a augmenté à Linden par rapport à l'initiative ""pour une immigration modérée» soumise au vote en 2020. Lors de cette votation, 68 pour cent des habitants de la commune avaient accepté ce texte."
615,49.5,49.5,50.5,"Mirchel (BE)","L'initiative ""Pas de Suisse à 10 millions!» n'a pas trouvé grâce aux yeux des citoyens de Mirchel. Ils ont refusé le texte à 50,5 pour cent. En cinq ans, la commune a ainsi changé de camp sur la question de la limitation de l'immigration. Mirchel avait rejeté l'initiative ""pour une immigration modérée» à 40,5 pour cent en 2020."
616,19.8,19.8,80.2,"Münsingen (BE)","Les habitants de Münsingen s'opposent à l'initiative ""Pas de Suisse à 10 millions!» par 80,2 pour cent des voix. Le refus de l'initiative ""Pas de Suisse à 10 millions!» est plus fort que celui observé pour l'initiative ""pour une immigration modérée» en 2020. La proportion de non à Münsingen était alors de 67,2 pour cent."
617,74.9,74.9,25.1,"Niederhünigen (BE)","La population de Niederhünigen approuve à 74,9 pour cent l'initiative ""Pas de Suisse à 10 millions!». Avec ce résultat, Niederhünigen bascule dans le camp du oui. En 2020, la commune avait rejeté l'initiative ""pour une immigration modérée» avec 53,9 pour cent des voix."
619,72.4,72.4,27.6,"Oberdiessbach (BE)","Les habitants d'Oberdiessbach acceptent à 72,4 pour cent l'initiative ""Pas de Suisse à 10 millions!». Avec ce résultat, Oberdiessbach bascule dans le camp du oui. En 2020, la commune avait rejeté l'initiative ""pour une immigration modérée» avec 51,6 pour cent des voix."
620,79.2,79.2,20.8,"Oberthal (BE)","La population d'Oberthal approuve à 79,2 pour cent l'initiative ""Pas de Suisse à 10 millions!». Le soutien à l'initiative ""Pas de Suisse à 10 millions!» a augmenté à Oberthal par rapport à l'initiative ""pour une immigration modérée» soumise au vote en 2020. Lors de cette votation, 53,8 pour cent des habitants de la commune avaient accepté ce texte."
622,55.8,55.8,44.2,"Oppligen (BE)","L'initiative ""Pas de Suisse à 10 millions!» est approuvée à Oppligen par 55,8 pour cent des votants. Avec ce résultat, Oppligen bascule dans le camp du oui. En 2020, la commune avait rejeté l'initiative ""pour une immigration modérée» avec 57,5 pour cent des voix."
623,71.2,71.2,28.8,"Rubigen (BE)","Les habitants de Rubigen soutiennent à 71,2 pour cent l'initiative ""Pas de Suisse à 10 millions!». Avec ce résultat, Rubigen bascule dans le camp du oui. En 2020, la commune avait rejeté l'initiative ""pour une immigration modérée» avec 65,8 pour cent des voix."
626,95.5,95.5,4.5,"Walkringen (BE)","A Walkringen, les habitants disent oui à 95,5 pour cent à l'initiative ""Pas de Suisse à 10 millions!». Le soutien à l'initiative ""Pas de Suisse à 10 millions!» a augmenté à Walkringen par rapport à l'initiative ""pour une immigration modérée» soumise au vote en 2020. Lors de cette votation, 54,9 pour cent des habitants de la commune avaient accepté ce texte."
627,59.8,59.8,40.2,"Worb (BE)","La population de Worb approuve à 59,8 pour cent l'initiative ""Pas de Suisse à 10 millions!». Avec ce résultat, Worb bascule dans le camp du oui. En 2020, la commune avait rejeté l'initiative ""pour une immigration modérée» avec 63,9 pour cent des voix."
628,91,91,9,"Zäziwil (BE)","Zäziwil dit oui à 91 pour cent à l'initiative ""Pas de Suisse à 10 millions!». Avec ce résultat, Zäziwil bascule dans le camp du oui. En 2020, la commune avait rejeté l'initiative ""pour une immigration modérée» avec 52 pour cent des voix."
630,28.3,28.3,71.7,"Allmendingen (BE)","Les habitants d'Allmendingen s'opposent à l'initiative ""Pas de Suisse à 10 millions!» par 71,7 pour cent des voix. Le refus de l'initiative ""Pas de Suisse à 10 millions!» est plus fort que celui observé pour l'initiative ""pour une immigration modérée» en 2020. La proportion de non à Allmendingen était alors de 57,1 pour cent."
632,5.6,5.6,94.4,"Wichtrach (BE)","L'initiative ""Pas de Suisse à 10 millions!» n'a pas trouvé grâce aux yeux des citoyens de Wichtrach. Ils ont refusé le texte à 94,4 pour cent. Le refus de l'initiative ""Pas de Suisse à 10 millions!» est plus fort que celui observé pour l'initiative ""pour une immigration modérée» en 2020. La proportion de non à Wichtrach était alors de 56 pour cent."
662,59.5,59.5,40.5,"Ferenbalm (BE)","L'initiative ""Pas de Suisse à 10 millions!» est approuvée à Ferenbalm par 59,5 pour cent des votants. Le soutien à l'initiative ""Pas de Suisse à 10 millions!» a augmenté à Ferenbalm par rapport à l'initiative ""pour une immigration modérée» soumise au vote en 2020. Lors de cette votation, 54,7 pour cent des habitants de la commune avaient accepté ce texte."
663,16.5,16.5,83.5,"Frauenkappelen (BE)","Les habitants de Frauenkappelen s'opposent à l'initiative ""Pas de Suisse à 10 millions!» par 83,5 pour cent des voix. Le refus de l'initiative ""Pas de Suisse à 10 millions!» est plus fort que celui observé pour l'initiative ""pour une immigration modérée» en 2020. La proportion de non à Frauenkappelen était alors de 59,8 pour cent."
665,59.5,59.5,40.5,"Gurbrü (BE)","L'initiative ""Pas de Suisse à 10 millions!» est approuvée à Gurbrü par 59,5 pour cent des votants. Le soutien à l'initiative ""Pas de Suisse à 10 millions!» a augmenté à Gurbrü par rapport à l'initiative ""pour une immigration modérée» soumise au vote en 2020. Lors de cette votation, 54,5 pour cent des habitants de la commune avaient accepté ce texte."
666,43.6,43.6,56.4,"Kriechenwil (BE)","L'initiative ""Pas de Suisse à 10 millions!» n'a pas trouvé grâce aux yeux des citoyens de Kriechenwil. Ils ont refusé le texte à 56,4 pour cent. En cinq ans, la commune a ainsi changé de camp sur la question de la limitation de l'immigration. Kriechenwil avait rejeté l'initiative ""pour une immigration modérée» à 44,2 pour cent en 2020."
667,14.3,14.3,85.7,"Laupen (BE)","L'initiative ""Pas de Suisse à 10 millions!» n'a pas convaincu à Laupen. Les citoyens de la commune ont refusé le texte à 85,7 pour cent. Le refus de l'initiative ""Pas de Suisse à 10 millions!» est plus fort que celui observé pour l'initiative ""pour une immigration modérée» en 2020. La proportion de non à Laupen était alors de 66,4 pour cent."
668,47.3,47.3,52.7,"Mühleberg (BE)","A Mühleberg, les citoyens rejettent à 52,7 pour cent l'initiative ""Pas de Suisse à 10 millions!». En cinq ans, la commune a ainsi changé de camp sur la question de la limitation de l'immigration. Mühleberg avait rejeté l'initiative ""pour une immigration modérée» à 49 pour cent en 2020."
669,70,70,30,"Villars-les-Moines (BE)","L'initiative ""Pas de Suisse à 10 millions!» est approuvée à Villars-les-Moines par 70 pour cent des votants. Le soutien à l'initiative ""Pas de Suisse à 10 millions!» a augmenté à Villars-les-Moines par rapport à l'initiative ""pour une immigration modérée» soumise au vote en 2020. Lors de cette votation, 53,6 pour cent des habitants de la commune avaient accepté ce texte."
670,94.3,94.3,5.7,"Neuenegg (BE)","La population de Neuenegg approuve à 94,3 pour cent l'initiative ""Pas de Suisse à 10 millions!». Avec ce résultat, Neuenegg bascule dans le camp du oui. En 2020, la commune avait rejeté l'initiative ""pour une immigration modérée» avec 55,2 pour cent des voix."
671,43.2,43.2,56.8,"Wileroltigen (BE)","L'initiative ""Pas de Suisse à 10 millions!» est refusée à 56,8 pour cent à Wileroltigen. En cinq ans, la commune a ainsi changé de camp sur la question de la limitation de l'immigration. Wileroltigen avait rejeté l'initiative ""pour une immigration modérée» à 46,4 pour cent en 2020."
681,52.5,52.5,47.5,"Belprahon (BE)","L'initiative ""Pas de Suisse à 10 millions!» est approuvée à Belprahon par 52,5 pour cent des votants. Avec ce résultat, Belprahon bascule dans le camp du oui. En 2020, la commune avait rejeté l'initiative ""pour une immigration modérée» avec 58,6 pour cent des voix."
683,73.9,73.9,26.1,"Champoz (BE)","Les habitants de Champoz soutiennent à 73,9 pour cent l'initiative ""Pas de Suisse à 10 millions!». Le soutien à l'initiative ""Pas de Suisse à 10 millions!» a augmenté à Champoz par rapport à l'initiative ""pour une immigration modérée» soumise au vote en 2020. Lors de cette votation, 64 pour cent des habitants de la commune avaient accepté ce texte."
687,54.2,54.2,45.8,"Corcelles (BE)","L'initiative ""Pas de Suisse à 10 millions!» est approuvée à Corcelles (BE) par 54,2 pour cent des votants. Avec ce résultat, Corcelles (BE) bascule dans le camp du oui. En 2020, la commune avait rejeté l'initiative ""pour une immigration modérée» avec 51,3 pour cent des voix."
690,43.7,43.7,56.3,"Court (BE)","L'initiative ""Pas de Suisse à 10 millions!» est refusée à 56,3 pour cent à Court. En cinq ans, la commune a ainsi changé de camp sur la question de la limitation de l'immigration. Court avait rejeté l'initiative ""pour une immigration modérée» à 48,1 pour cent en 2020."
691,63.4,63.4,36.6,"Crémines (BE)","La population de Crémines approuve à 63,4 pour cent l'initiative ""Pas de Suisse à 10 millions!». Avec ce résultat, Crémines bascule dans le camp du oui. En 2020, la commune avait rejeté l'initiative ""pour une immigration modérée» avec 59,6 pour cent des voix."
692,18,18,82,"Eschert (BE)","La population d'Eschert rejette à 82 pour cent des voix l'initiative ""Pas de Suisse à 10 millions!». En cinq ans, la commune a ainsi changé de camp sur la question de la limitation de l'immigration. Eschert avait rejeté l'initiative ""pour une immigration modérée» à 47,8 pour cent en 2020."
694,21.1,21.1,78.9,"Grandval (BE)","La population de Grandval rejette à 78,9 pour cent des voix l'initiative ""Pas de Suisse à 10 millions!». En cinq ans, la commune a ainsi changé de camp sur la question de la limitation de l'immigration. Grandval avait rejeté l'initiative ""pour une immigration modérée» à 49 pour cent en 2020."
696,73.1,73.1,26.9,"Loveresse (BE)","L'initiative ""Pas de Suisse à 10 millions!» passe la rampe avec 73,1 pour cent de oui à Loveresse. Le soutien à l'initiative ""Pas de Suisse à 10 millions!» a augmenté à Loveresse par rapport à l'initiative ""pour une immigration modérée» soumise au vote en 2020. Lors de cette votation, 51,9 pour cent des habitants de la commune avaient accepté ce texte."
701,80.3,80.3,19.7,"Perrefitte (BE)","L'initiative ""Pas de Suisse à 10 millions!» est approuvée à Perrefitte par 80,3 pour cent des votants. Le soutien à l'initiative ""Pas de Suisse à 10 millions!» a augmenté à Perrefitte par rapport à l'initiative ""pour une immigration modérée» soumise au vote en 2020. Lors de cette votation, 51,1 pour cent des habitants de la commune avaient accepté ce texte."
703,32.7,32.7,67.3,"Reconvilier (BE)","A Reconvilier, les citoyens rejettent à 67,3 pour cent l'initiative ""Pas de Suisse à 10 millions!». Le refus de l'initiative ""Pas de Suisse à 10 millions!» est plus fort que celui observé pour l'initiative ""pour une immigration modérée» en 2020. La proportion de non à Reconvilier était alors de 52,7 pour cent."
704,78.2,78.2,21.8,"Roches (BE)","L'initiative ""Pas de Suisse à 10 millions!» est approuvée à Roches (BE) par 78,2 pour cent des votants. Le soutien à l'initiative ""Pas de Suisse à 10 millions!» a augmenté à Roches (BE) par rapport à l'initiative ""pour une immigration modérée» soumise au vote en 2020. Lors de cette votation, 54,4 pour cent des habitants de la commune avaient accepté ce texte."
706,76.3,76.3,23.7,"Saicourt (BE)","A Saicourt, les habitants disent oui à 76,3 pour cent à l'initiative ""Pas de Suisse à 10 millions!». Le soutien à l'initiative ""Pas de Suisse à 10 millions!» a augmenté à Saicourt par rapport à l'initiative ""pour une immigration modérée» soumise au vote en 2020. Lors de cette votation, 51,5 pour cent des habitants de la commune avaient accepté ce texte."
707,50.5,50.5,49.5,"Saules (BE)","Les habitants de Saules (BE) soutiennent à 50,5 pour cent l'initiative ""Pas de Suisse à 10 millions!». Le soutien à l'initiative ""Pas de Suisse à 10 millions!» est toutefois moins marqué que celui obtenu par l'initiative ""pour une immigration modérée» en 2020. Les habitants de Saules (BE) avaient alors dit oui à 61 pour cent."
708,44.4,44.4,55.6,"La Scheulte (BE)","La population de La Scheulte rejette à 55,6 pour cent des voix l'initiative ""Pas de Suisse à 10 millions!». En cinq ans, la commune a ainsi changé de camp sur la question de la limitation de l'immigration. La Scheulte avait rejeté l'initiative ""pour une immigration modérée» à 45,2 pour cent en 2020."
709,5.4,5.4,94.6,"Seehof (BE)","La population de Seehof rejette à 94,6 pour cent des voix l'initiative ""Pas de Suisse à 10 millions!». En cinq ans, la commune a ainsi changé de camp sur la question de la limitation de l'immigration. Seehof avait rejeté l'initiative ""pour une immigration modérée» à 24 pour cent en 2020."
711,45.3,45.3,54.7,"Sorvilier (BE)","L'initiative ""Pas de Suisse à 10 millions!» n'a pas trouvé grâce aux yeux des citoyens de Sorvilier. Ils ont refusé le texte à 54,7 pour cent. Le résultat a peu changé par rapport au vote sur l'initiative ""pour une immigration modérée» en 2020. Sorvilier avait alors dit non à 55 pour cent."
713,52.2,52.2,47.8,"Tavannes (BE)","L'initiative ""Pas de Suisse à 10 millions!» passe la rampe avec 52,2 pour cent de oui à Tavannes. Avec ce résultat, Tavannes bascule dans le camp du oui. En 2020, la commune avait rejeté l'initiative ""pour une immigration modérée» avec 60,9 pour cent des voix."
715,63.7,63.7,36.3,"Rebévelier (BE)","L'initiative ""Pas de Suisse à 10 millions!» est approuvée à Rebévelier par 63,7 pour cent des votants."
716,6.3,6.3,93.7,"Petit-Val (BE)","C'est non à l'initiative ""Pas de Suisse à 10 millions!» à Petit-Val. Les habitants ont refusé le texte à 93,7 pour cent."
717,49.9,49.9,50.1,"Valbirse (BE)","A Valbirse, les citoyens rejettent à 50,1 pour cent l'initiative ""Pas de Suisse à 10 millions!». Le rejet de l'initiative est toutefois moins marqué que celui enregistré lors de la votation sur l'initiative ""pour une immigration modérée» en 2020. Les habitants de Valbirse avaient alors dit non à 55,4 pour cent."
723,85.5,85.5,14.5,"La Neuveville (BE)","L'initiative ""Pas de Suisse à 10 millions!» passe la rampe avec 85,5 pour cent de oui à La Neuveville. Avec ce résultat, La Neuveville bascule dans le camp du oui. En 2020, la commune avait rejeté l'initiative ""pour une immigration modérée» avec 76,1 pour cent des voix."
724,25.8,25.8,74.2,"Nods (BE)","L'initiative ""Pas de Suisse à 10 millions!» n'a pas convaincu à Nods. Les citoyens de la commune ont refusé le texte à 74,2 pour cent. Le refus de l'initiative ""Pas de Suisse à 10 millions!» est plus fort que celui observé pour l'initiative ""pour une immigration modérée» en 2020. La proportion de non à Nods était alors de 58,9 pour cent."
726,60.3,60.3,39.7,"Plateau de Diesse (BE)","L'initiative ""Pas de Suisse à 10 millions!» passe la rampe avec 60,3 pour cent de oui à Plateau de Diesse. Avec ce résultat, Plateau de Diesse bascule dans le camp du oui. En 2020, la commune avait rejeté l'initiative ""pour une immigration modérée» avec 64,1 pour cent des voix."
731,77.7,77.7,22.3,"Aegerten (BE)","Aegerten dit oui à 77,7 pour cent à l'initiative ""Pas de Suisse à 10 millions!». Avec ce résultat, Aegerten bascule dans le camp du oui. En 2020, la commune avait rejeté l'initiative ""pour une immigration modérée» avec 56,6 pour cent des voix."
732,54.8,54.8,45.2,"Bellmund (BE)","La population de Bellmund approuve à 54,8 pour cent l'initiative ""Pas de Suisse à 10 millions!». Avec ce résultat, Bellmund bascule dans le camp du oui. En 2020, la commune avait rejeté l'initiative ""pour une immigration modérée» avec 64,5 pour cent des voix."
733,86.4,86.4,13.6,"Brügg (BE)","A Brügg, les habitants disent oui à 86,4 pour cent à l'initiative ""Pas de Suisse à 10 millions!». Avec ce résultat, Brügg bascule dans le camp du oui. En 2020, la commune avait rejeté l'initiative ""pour une immigration modérée» avec 59,4 pour cent des voix."
734,83.1,83.1,16.9,"Bühl (BE)","L'initiative ""Pas de Suisse à 10 millions!» passe la rampe avec 83,1 pour cent de oui à Bühl. Le soutien à l'initiative ""Pas de Suisse à 10 millions!» a augmenté à Bühl par rapport à l'initiative ""pour une immigration modérée» soumise au vote en 2020. Lors de cette votation, 52,7 pour cent des habitants de la commune avaient accepté ce texte."
735,51.6,51.6,48.4,"Epsach (BE)","La population d'Epsach approuve à 51,6 pour cent l'initiative ""Pas de Suisse à 10 millions!». Le soutien à l'initiative ""Pas de Suisse à 10 millions!» est toutefois moins marqué que celui obtenu par l'initiative ""pour une immigration modérée» en 2020. Les habitants d'Epsach avaient alors dit oui à 53,6 pour cent."
736,35.7,35.7,64.3,"Hagneck (BE)","L'initiative ""Pas de Suisse à 10 millions!» n'a pas trouvé grâce aux yeux des citoyens de Hagneck. Ils ont refusé le texte à 64,3 pour cent. En cinq ans, la commune a ainsi changé de camp sur la question de la limitation de l'immigration. Hagneck avait rejeté l'initiative ""pour une immigration modérée» à 49 pour cent en 2020."
737,81.1,81.1,18.9,"Hermrigen (BE)","L'initiative ""Pas de Suisse à 10 millions!» passe la rampe avec 81,1 pour cent de oui à Hermrigen. Le soutien à l'initiative ""Pas de Suisse à 10 millions!» a augmenté à Hermrigen par rapport à l'initiative ""pour une immigration modérée» soumise au vote en 2020. Lors de cette votation, 50,8 pour cent des habitants de la commune avaient accepté ce texte."
738,63.8,63.8,36.2,"Jens (BE)","L'initiative ""Pas de Suisse à 10 millions!» passe la rampe avec 63,8 pour cent de oui à Jens. Avec ce résultat, Jens bascule dans le camp du oui. En 2020, la commune avait rejeté l'initiative ""pour une immigration modérée» avec 60,1 pour cent des voix."
739,14.9,14.9,85.1,"Ipsach (BE)","L'initiative ""Pas de Suisse à 10 millions!» est refusée à 85,1 pour cent à Ipsach. Le refus de l'initiative ""Pas de Suisse à 10 millions!» est plus fort que celui observé pour l'initiative ""pour une immigration modérée» en 2020. La proportion de non à Ipsach était alors de 67,8 pour cent."
740,18.9,18.9,81.1,"Gléresse (BE)","L'initiative ""Pas de Suisse à 10 millions!» n'a pas convaincu à Gléresse. Les citoyens de la commune ont refusé le texte à 81,1 pour cent. Le refus de l'initiative ""Pas de Suisse à 10 millions!» est plus fort que celui observé pour l'initiative ""pour une immigration modérée» en 2020. La proportion de non à Gléresse était alors de 69,7 pour cent."
741,23.3,23.3,76.7,"Merzligen (BE)","C'est non à l'initiative ""Pas de Suisse à 10 millions!» à Merzligen. Les habitants ont refusé le texte à 76,7 pour cent. Le refus de l'initiative ""Pas de Suisse à 10 millions!» est plus fort que celui observé pour l'initiative ""pour une immigration modérée» en 2020. La proportion de non à Merzligen était alors de 67 pour cent."
742,63.1,63.1,36.9,"Mörigen (BE)","L'initiative ""Pas de Suisse à 10 millions!» est approuvée à Mörigen par 63,1 pour cent des votants. Avec ce résultat, Mörigen bascule dans le camp du oui. En 2020, la commune avait rejeté l'initiative ""pour une immigration modérée» avec 54,4 pour cent des voix."
743,48.4,48.4,51.6,"Nidau (BE)","L'initiative ""Pas de Suisse à 10 millions!» n'a pas convaincu à Nidau. Les citoyens de la commune ont refusé le texte à 51,6 pour cent. Le rejet de l'initiative est toutefois moins marqué que celui enregistré lors de la votation sur l'initiative ""pour une immigration modérée» en 2020. Les habitants de Nidau avaient alors dit non à 69,2 pour cent."
744,79.4,79.4,20.6,"Orpund (BE)","La population d'Orpund approuve à 79,4 pour cent l'initiative ""Pas de Suisse à 10 millions!». Avec ce résultat, Orpund bascule dans le camp du oui. En 2020, la commune avait rejeté l'initiative ""pour une immigration modérée» avec 53,1 pour cent des voix."
745,57.8,57.8,42.2,"Port (BE)","A Port, les habitants disent oui à 57,8 pour cent à l'initiative ""Pas de Suisse à 10 millions!». Avec ce résultat, Port bascule dans le camp du oui. En 2020, la commune avait rejeté l'initiative ""pour une immigration modérée» avec 62,8 pour cent des voix."
746,72,72,28,"Safnern (BE)","L'initiative ""Pas de Suisse à 10 millions!» est approuvée à Safnern par 72 pour cent des votants. Le soutien à l'initiative ""Pas de Suisse à 10 millions!» a augmenté à Safnern par rapport à l'initiative ""pour une immigration modérée» soumise au vote en 2020. Lors de cette votation, 50,1 pour cent des habitants de la commune avaient accepté ce texte."
747,59.3,59.3,40.7,"Scheuren (BE)","Scheuren dit oui à 59,3 pour cent à l'initiative ""Pas de Suisse à 10 millions!». Avec ce résultat, Scheuren bascule dans le camp du oui. En 2020, la commune avait rejeté l'initiative ""pour une immigration modérée» avec 52,1 pour cent des voix."
748,14.1,14.1,85.9,"Schwadernau (BE)","L'initiative ""Pas de Suisse à 10 millions!» est refusée à 85,9 pour cent à Schwadernau. Le refus de l'initiative ""Pas de Suisse à 10 millions!» est plus fort que celui observé pour l'initiative ""pour une immigration modérée» en 2020. La proportion de non à Schwadernau était alors de 52 pour cent."
749,58.9,58.9,41.1,"Studen (BE)","Les habitants de Studen (BE) soutiennent à 58,9 pour cent l'initiative ""Pas de Suisse à 10 millions!». Le soutien à l'initiative ""Pas de Suisse à 10 millions!» a augmenté à Studen (BE) par rapport à l'initiative ""pour une immigration modérée» soumise au vote en 2020. Lors de cette votation, 50,8 pour cent des habitants de la commune avaient accepté ce texte."
750,84.1,84.1,15.9,"Sutz-Lattrigen (BE)","Les habitants de Sutz-Lattrigen acceptent à 84,1 pour cent l'initiative ""Pas de Suisse à 10 millions!». Avec ce résultat, Sutz-Lattrigen bascule dans le camp du oui. En 2020, la commune avait rejeté l'initiative ""pour une immigration modérée» avec 64,9 pour cent des voix."
751,89.7,89.7,10.3,"Täuffelen (BE)","L'initiative ""Pas de Suisse à 10 millions!» passe la rampe avec 89,7 pour cent de oui à Täuffelen. Avec ce résultat, Täuffelen bascule dans le camp du oui. En 2020, la commune avait rejeté l'initiative ""pour une immigration modérée» avec 61 pour cent des voix."
754,30.2,30.2,69.8,"Walperswil (BE)","La population de Walperswil rejette à 69,8 pour cent des voix l'initiative ""Pas de Suisse à 10 millions!». En cinq ans, la commune a ainsi changé de camp sur la question de la limitation de l'immigration. Walperswil avait rejeté l'initiative ""pour une immigration modérée» à 46,8 pour cent en 2020."
755,63.6,63.6,36.4,"Worben (BE)","Les habitants de Worben soutiennent à 63,6 pour cent l'initiative ""Pas de Suisse à 10 millions!». Avec ce résultat, Worben bascule dans le camp du oui. En 2020, la commune avait rejeté l'initiative ""pour une immigration modérée» avec 54,5 pour cent des voix."
756,71.8,71.8,28.2,"Douanne-Daucher (BE)","Douanne-Daucher dit oui à 71,8 pour cent à l'initiative ""Pas de Suisse à 10 millions!». Avec ce résultat, Douanne-Daucher bascule dans le camp du oui. En 2020, la commune avait rejeté l'initiative ""pour une immigration modérée» avec 68,1 pour cent des voix."
761,29.7,29.7,70.3,"Därstetten (BE)","L'initiative ""Pas de Suisse à 10 millions!» n'a pas trouvé grâce aux yeux des citoyens de Därstetten. Ils ont refusé le texte à 70,3 pour cent. En cinq ans, la commune a ainsi changé de camp sur la question de la limitation de l'immigration. Därstetten avait rejeté l'initiative ""pour une immigration modérée» à 24,6 pour cent en 2020."
762,50.7,50.7,49.3,"Diemtigen (BE)","Les habitants de Diemtigen acceptent à 50,7 pour cent l'initiative ""Pas de Suisse à 10 millions!». Le soutien à l'initiative ""Pas de Suisse à 10 millions!» est toutefois moins marqué que celui obtenu par l'initiative ""pour une immigration modérée» en 2020. Les habitants de Diemtigen avaient alors dit oui à 73,1 pour cent."
763,66,66,34,"Erlenbach im Simmental (BE)","Les habitants d'Erlenbach im Simmental acceptent à 66 pour cent l'initiative ""Pas de Suisse à 10 millions!». Le soutien à l'initiative ""Pas de Suisse à 10 millions!» a augmenté à Erlenbach im Simmental par rapport à l'initiative ""pour une immigration modérée» soumise au vote en 2020. Lors de cette votation, 62,7 pour cent des habitants de la commune avaient accepté ce texte."
766,97.1,97.1,2.9,"Oberwil im Simmental (BE)","La population d'Oberwil im Simmental approuve à 97,1 pour cent l'initiative ""Pas de Suisse à 10 millions!». Le soutien à l'initiative ""Pas de Suisse à 10 millions!» a augmenté à Oberwil im Simmental par rapport à l'initiative ""pour une immigration modérée» soumise au vote en 2020. Lors de cette votation, 75,2 pour cent des habitants de la commune avaient accepté ce texte."
767,63.3,63.3,36.7,"Reutigen (BE)","Les habitants de Reutigen soutiennent à 63,3 pour cent l'initiative ""Pas de Suisse à 10 millions!». Le soutien à l'initiative ""Pas de Suisse à 10 millions!» a augmenté à Reutigen par rapport à l'initiative ""pour une immigration modérée» soumise au vote en 2020. Lors de cette votation, 56,9 pour cent des habitants de la commune avaient accepté ce texte."
768,60.1,60.1,39.9,"Spiez (BE)","L'initiative ""Pas de Suisse à 10 millions!» est approuvée à Spiez par 60,1 pour cent des votants. Avec ce résultat, Spiez bascule dans le camp du oui. En 2020, la commune avait rejeté l'initiative ""pour une immigration modérée» avec 60,1 pour cent des voix."
769,76.5,76.5,23.5,"Wimmis (BE)","A Wimmis, les habitants disent oui à 76,5 pour cent à l'initiative ""Pas de Suisse à 10 millions!». Le soutien à l'initiative ""Pas de Suisse à 10 millions!» a augmenté à Wimmis par rapport à l'initiative ""pour une immigration modérée» soumise au vote en 2020. Lors de cette votation, 58 pour cent des habitants de la commune avaient accepté ce texte."
770,50.9,50.9,49.1,"Stocken-Höfen (BE)","L'initiative ""Pas de Suisse à 10 millions!» passe la rampe avec 50,9 pour cent de oui à Stocken-Höfen. Le soutien à l'initiative ""Pas de Suisse à 10 millions!» est toutefois moins marqué que celui obtenu par l'initiative ""pour une immigration modérée» en 2020. Les habitants de Stocken-Höfen avaient alors dit oui à 61,3 pour cent."
782,43.2,43.2,56.8,"Guttannen (BE)","L'initiative ""Pas de Suisse à 10 millions!» est refusée à 56,8 pour cent à Guttannen. En cinq ans, la commune a ainsi changé de camp sur la question de la limitation de l'immigration. Guttannen avait rejeté l'initiative ""pour une immigration modérée» à 49 pour cent en 2020."
783,23,23,77,"Hasliberg (BE)","La population de Hasliberg rejette à 77 pour cent des voix l'initiative ""Pas de Suisse à 10 millions!». En cinq ans, la commune a ainsi changé de camp sur la question de la limitation de l'immigration. Hasliberg avait rejeté l'initiative ""pour une immigration modérée» à 45,8 pour cent en 2020."
784,58.5,58.5,41.5,"Innertkirchen (BE)","Innertkirchen dit oui à 58,5 pour cent à l'initiative ""Pas de Suisse à 10 millions!». Le soutien à l'initiative ""Pas de Suisse à 10 millions!» a augmenté à Innertkirchen par rapport à l'initiative ""pour une immigration modérée» soumise au vote en 2020. Lors de cette votation, 57,4 pour cent des habitants de la commune avaient accepté ce texte."
785,68.4,68.4,31.6,"Meiringen (BE)","A Meiringen, les habitants disent oui à 68,4 pour cent à l'initiative ""Pas de Suisse à 10 millions!». Avec ce résultat, Meiringen bascule dans le camp du oui. En 2020, la commune avait rejeté l'initiative ""pour une immigration modérée» avec 54,9 pour cent des voix."
786,24.8,24.8,75.2,"Schattenhalb (BE)","La population de Schattenhalb rejette à 75,2 pour cent des voix l'initiative ""Pas de Suisse à 10 millions!». En cinq ans, la commune a ainsi changé de camp sur la question de la limitation de l'immigration. Schattenhalb avait rejeté l'initiative ""pour une immigration modérée» à 44,5 pour cent en 2020."
791,22.3,22.3,77.7,"Boltigen (BE)","Les habitants de Boltigen s'opposent à l'initiative ""Pas de Suisse à 10 millions!» par 77,7 pour cent des voix. En cinq ans, la commune a ainsi changé de camp sur la question de la limitation de l'immigration. Boltigen avait rejeté l'initiative ""pour une immigration modérée» à 30,3 pour cent en 2020."
792,50.4,50.4,49.6,"Lenk (BE)","Les habitants de Lenk acceptent à 50,4 pour cent l'initiative ""Pas de Suisse à 10 millions!». Le soutien à l'initiative ""Pas de Suisse à 10 millions!» est toutefois moins marqué que celui obtenu par l'initiative ""pour une immigration modérée» en 2020. Les habitants de Lenk avaient alors dit oui à 55,7 pour cent."
793,49.7,49.7,50.3,"Saint-Etienne (BE)","Les habitants de Saint-Etienne s'opposent à l'initiative ""Pas de Suisse à 10 millions!» par 50,3 pour cent des voix. En cinq ans, la commune a ainsi changé de camp sur la question de la limitation de l'immigration. Saint-Etienne avait rejeté l'initiative ""pour une immigration modérée» à 26,4 pour cent en 2020."
794,4.7,4.7,95.3,"Zweisimmen (BE)","A Zweisimmen, les citoyens rejettent à 95,3 pour cent l'initiative ""Pas de Suisse à 10 millions!». En cinq ans, la commune a ainsi changé de camp sur la question de la limitation de l'immigration. Zweisimmen avait rejeté l'initiative ""pour une immigration modérée» à 47,2 pour cent en 2020."
841,14.4,14.4,85.6,"Gsteig (BE)","C'est non à l'initiative ""Pas de Suisse à 10 millions!» à Gsteig. Les habitants ont refusé le texte à 85,6 pour cent. En cinq ans, la commune a ainsi changé de camp sur la question de la limitation de l'immigration. Gsteig avait rejeté l'initiative ""pour une immigration modérée» à 40,4 pour cent en 2020."
842,4.3,4.3,95.7,"Lauenen (BE)","L'initiative ""Pas de Suisse à 10 millions!» n'a pas convaincu à Lauenen. Les citoyens de la commune ont refusé le texte à 95,7 pour cent. En cinq ans, la commune a ainsi changé de camp sur la question de la limitation de l'immigration. Lauenen avait rejeté l'initiative ""pour une immigration modérée» à 39,6 pour cent en 2020."
843,54.3,54.3,45.7,"Gessenay (BE)","L'initiative ""Pas de Suisse à 10 millions!» passe la rampe avec 54,3 pour cent de oui à Gessenay. Le soutien à l'initiative ""Pas de Suisse à 10 millions!» a augmenté à Gessenay par rapport à l'initiative ""pour une immigration modérée» soumise au vote en 2020. Lors de cette votation, 52,1 pour cent des habitants de la commune avaient accepté ce texte."
852,52.8,52.8,47.2,"Guggisberg (BE)","Guggisberg dit oui à 52,8 pour cent à l'initiative ""Pas de Suisse à 10 millions!». Le soutien à l'initiative ""Pas de Suisse à 10 millions!» est toutefois moins marqué que celui obtenu par l'initiative ""pour une immigration modérée» en 2020. Les habitants de Guggisberg avaient alors dit oui à 64,8 pour cent."
853,19.4,19.4,80.6,"Rüschegg (BE)","L'initiative ""Pas de Suisse à 10 millions!» est refusée à 80,6 pour cent à Rüschegg. En cinq ans, la commune a ainsi changé de camp sur la question de la limitation de l'immigration. Rüschegg avait rejeté l'initiative ""pour une immigration modérée» à 42,3 pour cent en 2020."
855,35.3,35.3,64.7,"Schwarzenburg (BE)","Les habitants de Schwarzenburg s'opposent à l'initiative ""Pas de Suisse à 10 millions!» par 64,7 pour cent des voix. Le refus de l'initiative ""Pas de Suisse à 10 millions!» est plus fort que celui observé pour l'initiative ""pour une immigration modérée» en 2020. La proportion de non à Schwarzenburg était alors de 55,1 pour cent."
861,70.5,70.5,29.5,"Belp (BE)","L'initiative ""Pas de Suisse à 10 millions!» est approuvée à Belp par 70,5 pour cent des votants. Avec ce résultat, Belp bascule dans le camp du oui. En 2020, la commune avait rejeté l'initiative ""pour une immigration modérée» avec 58,7 pour cent des voix."
863,54.8,54.8,45.2,"Burgistein (BE)","Les habitants de Burgistein acceptent à 54,8 pour cent l'initiative ""Pas de Suisse à 10 millions!». Le soutien à l'initiative ""Pas de Suisse à 10 millions!» a augmenté à Burgistein par rapport à l'initiative ""pour une immigration modérée» soumise au vote en 2020. Lors de cette votation, 51,7 pour cent des habitants de la commune avaient accepté ce texte."
866,77.7,77.7,22.3,"Gerzensee (BE)","La population de Gerzensee approuve à 77,7 pour cent l'initiative ""Pas de Suisse à 10 millions!». Avec ce résultat, Gerzensee bascule dans le camp du oui. En 2020, la commune avait rejeté l'initiative ""pour une immigration modérée» avec 55 pour cent des voix."
867,42.3,42.3,57.7,"Gurzelen (BE)","La population de Gurzelen rejette à 57,7 pour cent des voix l'initiative ""Pas de Suisse à 10 millions!». En cinq ans, la commune a ainsi changé de camp sur la question de la limitation de l'immigration. Gurzelen avait rejeté l'initiative ""pour une immigration modérée» à 44,1 pour cent en 2020."
868,37.9,37.9,62.1,"Jaberg (BE)","L'initiative ""Pas de Suisse à 10 millions!» n'a pas trouvé grâce aux yeux des citoyens de Jaberg. Ils ont refusé le texte à 62,1 pour cent. Le refus de l'initiative ""Pas de Suisse à 10 millions!» est plus fort que celui observé pour l'initiative ""pour une immigration modérée» en 2020. La proportion de non à Jaberg était alors de 55,9 pour cent."
869,70.3,70.3,29.7,"Kaufdorf (BE)","Les habitants de Kaufdorf acceptent à 70,3 pour cent l'initiative ""Pas de Suisse à 10 millions!». Avec ce résultat, Kaufdorf bascule dans le camp du oui. En 2020, la commune avait rejeté l'initiative ""pour une immigration modérée» avec 63,4 pour cent des voix."
870,46.8,46.8,53.2,"Kehrsatz (BE)","A Kehrsatz, les citoyens rejettent à 53,2 pour cent l'initiative ""Pas de Suisse à 10 millions!». Le rejet de l'initiative est toutefois moins marqué que celui enregistré lors de la votation sur l'initiative ""pour une immigration modérée» en 2020. Les habitants de Kehrsatz avaient alors dit non à 69 pour cent."
872,59.7,59.7,40.3,"Kirchdorf (BE)","L'initiative ""Pas de Suisse à 10 millions!» passe la rampe avec 59,7 pour cent de oui à Kirchdorf (BE). Avec ce résultat, Kirchdorf (BE) bascule dans le camp du oui. En 2020, la commune avait rejeté l'initiative ""pour une immigration modérée» avec 50,2 pour cent des voix."
879,23.2,23.2,76.8,"Riggisberg (BE)","Les habitants de Riggisberg s'opposent à l'initiative ""Pas de Suisse à 10 millions!» par 76,8 pour cent des voix. En cinq ans, la commune a ainsi changé de camp sur la question de la limitation de l'immigration. Riggisberg avait rejeté l'initiative ""pour une immigration modérée» à 46,9 pour cent en 2020."
880,16.2,16.2,83.8,"Rüeggisberg (BE)","L'initiative ""Pas de Suisse à 10 millions!» n'a pas convaincu à Rüeggisberg. Les citoyens de la commune ont refusé le texte à 83,8 pour cent. En cinq ans, la commune a ainsi changé de camp sur la question de la limitation de l'immigration. Rüeggisberg avait rejeté l'initiative ""pour une immigration modérée» à 39,7 pour cent en 2020."
883,77.2,77.2,22.8,"Seftigen (BE)","L'initiative ""Pas de Suisse à 10 millions!» passe la rampe avec 77,2 pour cent de oui à Seftigen. Avec ce résultat, Seftigen bascule dans le camp du oui. En 2020, la commune avait rejeté l'initiative ""pour une immigration modérée» avec 50 pour cent des voix."
884,55.9,55.9,44.1,"Toffen (BE)","Les habitants de Toffen acceptent à 55,9 pour cent l'initiative ""Pas de Suisse à 10 millions!». Avec ce résultat, Toffen bascule dans le camp du oui. En 2020, la commune avait rejeté l'initiative ""pour une immigration modérée» avec 56,1 pour cent des voix."
885,88.5,88.5,11.5,"Uttigen (BE)","La population d'Uttigen approuve à 88,5 pour cent l'initiative ""Pas de Suisse à 10 millions!». Avec ce résultat, Uttigen bascule dans le camp du oui. En 2020, la commune avait rejeté l'initiative ""pour une immigration modérée» avec 54,8 pour cent des voix."
886,45.7,45.7,54.3,"Wattenwil (BE)","L'initiative ""Pas de Suisse à 10 millions!» n'a pas convaincu à Wattenwil. Les citoyens de la commune ont refusé le texte à 54,3 pour cent. En cinq ans, la commune a ainsi changé de camp sur la question de la limitation de l'immigration. Wattenwil avait rejeté l'initiative ""pour une immigration modérée» à 47,1 pour cent en 2020."
888,55.6,55.6,44.4,"Wald (BE)","La population de Wald (BE) approuve à 55,6 pour cent l'initiative ""Pas de Suisse à 10 millions!». Le soutien à l'initiative ""Pas de Suisse à 10 millions!» a augmenté à Wald (BE) par rapport à l'initiative ""pour une immigration modérée» soumise au vote en 2020. Lors de cette votation, 50,4 pour cent des habitants de la commune avaient accepté ce texte."
889,39.3,39.3,60.7,"Thurnen (BE)","L'initiative ""Pas de Suisse à 10 millions!» n'a pas convaincu à Thurnen. Les citoyens de la commune ont refusé le texte à 60,7 pour cent. Le refus de l'initiative ""Pas de Suisse à 10 millions!» est plus fort que celui observé pour l'initiative ""pour une immigration modérée» en 2020. La proportion de non à Thurnen était alors de 57,8 pour cent."
901,10.1,10.1,89.9,"Eggiwil (BE)","Les habitants d'Eggiwil s'opposent à l'initiative ""Pas de Suisse à 10 millions!» par 89,9 pour cent des voix. En cinq ans, la commune a ainsi changé de camp sur la question de la limitation de l'immigration. Eggiwil avait rejeté l'initiative ""pour une immigration modérée» à 29,9 pour cent en 2020."
902,51.5,51.5,48.5,"Langnau im Emmental (BE)","L'initiative ""Pas de Suisse à 10 millions!» passe la rampe avec 51,5 pour cent de oui à Langnau im Emmental. Avec ce résultat, Langnau im Emmental bascule dans le camp du oui. En 2020, la commune avait rejeté l'initiative ""pour une immigration modérée» avec 59,9 pour cent des voix."
903,29.3,29.3,70.7,"Lauperswil (BE)","L'initiative ""Pas de Suisse à 10 millions!» n'a pas convaincu à Lauperswil. Les citoyens de la commune ont refusé le texte à 70,7 pour cent. En cinq ans, la commune a ainsi changé de camp sur la question de la limitation de l'immigration. Lauperswil avait rejeté l'initiative ""pour une immigration modérée» à 40,9 pour cent en 2020."
904,91.1,91.1,8.9,"Röthenbach im Emmental (BE)","La population de Röthenbach im Emmental approuve à 91,1 pour cent l'initiative ""Pas de Suisse à 10 millions!». Le soutien à l'initiative ""Pas de Suisse à 10 millions!» a augmenté à Röthenbach im Emmental par rapport à l'initiative ""pour une immigration modérée» soumise au vote en 2020. Lors de cette votation, 74,3 pour cent des habitants de la commune avaient accepté ce texte."
905,55.9,55.9,44.1,"Rüderswil (BE)","L'initiative ""Pas de Suisse à 10 millions!» passe la rampe avec 55,9 pour cent de oui à Rüderswil. Le soutien à l'initiative ""Pas de Suisse à 10 millions!» est toutefois moins marqué que celui obtenu par l'initiative ""pour une immigration modérée» en 2020. Les habitants de Rüderswil avaient alors dit oui à 57,9 pour cent."
906,57.3,57.3,42.7,"Schangnau (BE)","A Schangnau, les habitants disent oui à 57,3 pour cent à l'initiative ""Pas de Suisse à 10 millions!». Le soutien à l'initiative ""Pas de Suisse à 10 millions!» est toutefois moins marqué que celui obtenu par l'initiative ""pour une immigration modérée» en 2020. Les habitants de Schangnau avaient alors dit oui à 78,3 pour cent."
907,56.7,56.7,43.3,"Signau (BE)","L'initiative ""Pas de Suisse à 10 millions!» est approuvée à Signau par 56,7 pour cent des votants. Les avis restent ainsi stables sur la question de l'immigration à Signau. En 2020, la commune avait déjà voté oui à 56,6 pour cent à l'initiative ""pour une immigration modérée»."
908,38,38,62,"Trub (BE)","Les habitants de Trub s'opposent à l'initiative ""Pas de Suisse à 10 millions!» par 62 pour cent des voix. En cinq ans, la commune a ainsi changé de camp sur la question de la limitation de l'immigration. Trub avait rejeté l'initiative ""pour une immigration modérée» à 39,1 pour cent en 2020."
909,58.6,58.6,41.4,"Trubschachen (BE)","L'initiative ""Pas de Suisse à 10 millions!» passe la rampe avec 58,6 pour cent de oui à Trubschachen. Le soutien à l'initiative ""Pas de Suisse à 10 millions!» a augmenté à Trubschachen par rapport à l'initiative ""pour une immigration modérée» soumise au vote en 2020. Lors de cette votation, 52 pour cent des habitants de la commune avaient accepté ce texte."
921,18.2,18.2,81.8,"Amsoldingen (BE)","La population d'Amsoldingen rejette à 81,8 pour cent des voix l'initiative ""Pas de Suisse à 10 millions!». Le refus de l'initiative ""Pas de Suisse à 10 millions!» est plus fort que celui observé pour l'initiative ""pour une immigration modérée» en 2020. La proportion de non à Amsoldingen était alors de 53,1 pour cent."
922,51,51,49,"Blumenstein (BE)","L'initiative ""Pas de Suisse à 10 millions!» est approuvée à Blumenstein par 51 pour cent des votants. Le soutien à l'initiative ""Pas de Suisse à 10 millions!» est toutefois moins marqué que celui obtenu par l'initiative ""pour une immigration modérée» en 2020. Les habitants de Blumenstein avaient alors dit oui à 63,8 pour cent."
923,51.8,51.8,48.2,"Buchholterberg (BE)","A Buchholterberg, les habitants disent oui à 51,8 pour cent à l'initiative ""Pas de Suisse à 10 millions!». Le soutien à l'initiative ""Pas de Suisse à 10 millions!» est toutefois moins marqué que celui obtenu par l'initiative ""pour une immigration modérée» en 2020. Les habitants de Buchholterberg avaient alors dit oui à 71 pour cent."
924,47.8,47.8,52.2,"Eriz (BE)","Les habitants d'Eriz s'opposent à l'initiative ""Pas de Suisse à 10 millions!» par 52,2 pour cent des voix. En cinq ans, la commune a ainsi changé de camp sur la question de la limitation de l'immigration. Eriz avait rejeté l'initiative ""pour une immigration modérée» à 25,6 pour cent en 2020."
925,8.9,8.9,91.1,"Fahrni (BE)","Les habitants de Fahrni s'opposent à l'initiative ""Pas de Suisse à 10 millions!» par 91,1 pour cent des voix. En cinq ans, la commune a ainsi changé de camp sur la question de la limitation de l'immigration. Fahrni avait rejeté l'initiative ""pour une immigration modérée» à 39,9 pour cent en 2020."
927,25.8,25.8,74.2,"Heiligenschwendi (BE)","C'est non à l'initiative ""Pas de Suisse à 10 millions!» à Heiligenschwendi. Les habitants ont refusé le texte à 74,2 pour cent. En cinq ans, la commune a ainsi changé de camp sur la question de la limitation de l'immigration. Heiligenschwendi avait rejeté l'initiative ""pour une immigration modérée» à 49,4 pour cent en 2020."
928,97.2,97.2,2.8,"Heimberg (BE)","A Heimberg, les habitants disent oui à 97,2 pour cent à l'initiative ""Pas de Suisse à 10 millions!». Avec ce résultat, Heimberg bascule dans le camp du oui. En 2020, la commune avait rejeté l'initiative ""pour une immigration modérée» avec 51,9 pour cent des voix."
929,39.4,39.4,60.6,"Hilterfingen (BE)","L'initiative ""Pas de Suisse à 10 millions!» n'a pas trouvé grâce aux yeux des citoyens de Hilterfingen. Ils ont refusé le texte à 60,6 pour cent. Le rejet de l'initiative est toutefois moins marqué que celui enregistré lors de la votation sur l'initiative ""pour une immigration modérée» en 2020. Les habitants de Hilterfingen avaient alors dit non à 64,8 pour cent."
931,34.4,34.4,65.6,"Homberg (BE)","Les habitants de Homberg s'opposent à l'initiative ""Pas de Suisse à 10 millions!» par 65,6 pour cent des voix. En cinq ans, la commune a ainsi changé de camp sur la question de la limitation de l'immigration. Homberg avait rejeté l'initiative ""pour une immigration modérée» à 32,8 pour cent en 2020."
932,20.7,20.7,79.3,"Horrenbach-Buchen (BE)","L'initiative ""Pas de Suisse à 10 millions!» n'a pas trouvé grâce aux yeux des citoyens de Horrenbach-Buchen. Ils ont refusé le texte à 79,3 pour cent. En cinq ans, la commune a ainsi changé de camp sur la question de la limitation de l'immigration. Horrenbach-Buchen avait rejeté l'initiative ""pour une immigration modérée» à 23,3 pour cent en 2020."
934,40.4,40.4,59.6,"Oberhofen am Thunersee (BE)","L'initiative ""Pas de Suisse à 10 millions!» est refusée à 59,6 pour cent à Oberhofen am Thunersee. Le rejet de l'initiative est toutefois moins marqué que celui enregistré lors de la votation sur l'initiative ""pour une immigration modérée» en 2020. Les habitants d'Oberhofen am Thunersee avaient alors dit non à 61,7 pour cent."
935,7.5,7.5,92.5,"Oberlangenegg (BE)","C'est non à l'initiative ""Pas de Suisse à 10 millions!» à Oberlangenegg. Les habitants ont refusé le texte à 92,5 pour cent. En cinq ans, la commune a ainsi changé de camp sur la question de la limitation de l'immigration. Oberlangenegg avait rejeté l'initiative ""pour une immigration modérée» à 24 pour cent en 2020."
936,56.1,56.1,43.9,"Pohlern (BE)","L'initiative ""Pas de Suisse à 10 millions!» est approuvée à Pohlern par 56,1 pour cent des votants. Le soutien à l'initiative ""Pas de Suisse à 10 millions!» est toutefois moins marqué que celui obtenu par l'initiative ""pour une immigration modérée» en 2020. Les habitants de Pohlern avaient alors dit oui à 74,6 pour cent."
938,12.5,12.5,87.5,"Sigriswil (BE)","L'initiative ""Pas de Suisse à 10 millions!» n'a pas convaincu à Sigriswil. Les citoyens de la commune ont refusé le texte à 87,5 pour cent. En cinq ans, la commune a ainsi changé de camp sur la question de la limitation de l'immigration. Sigriswil avait rejeté l'initiative ""pour une immigration modérée» à 42,2 pour cent en 2020."
939,73.8,73.8,26.2,"Steffisburg (BE)","Steffisburg dit oui à 73,8 pour cent à l'initiative ""Pas de Suisse à 10 millions!». Avec ce résultat, Steffisburg bascule dans le camp du oui. En 2020, la commune avait rejeté l'initiative ""pour une immigration modérée» avec 59,6 pour cent des voix."
940,79.4,79.4,20.6,"Teuffenthal (BE)","L'initiative ""Pas de Suisse à 10 millions!» est approuvée à Teuffenthal (BE) par 79,4 pour cent des votants. Les avis restent ainsi stables sur la question de l'immigration à Teuffenthal (BE). En 2020, la commune avait déjà voté oui à 78,5 pour cent à l'initiative ""pour une immigration modérée»."
941,33.3,33.3,66.7,"Thierachern (BE)","L'initiative ""Pas de Suisse à 10 millions!» n'a pas convaincu à Thierachern. Les citoyens de la commune ont refusé le texte à 66,7 pour cent. Le refus de l'initiative ""Pas de Suisse à 10 millions!» est plus fort que celui observé pour l'initiative ""pour une immigration modérée» en 2020. La proportion de non à Thierachern était alors de 51,1 pour cent."
942,33.2,33.2,66.8,"Thoune (BE)","C'est non à l'initiative ""Pas de Suisse à 10 millions!» à Thoune. Les habitants ont refusé le texte à 66,8 pour cent. Le refus de l'initiative ""Pas de Suisse à 10 millions!» est plus fort que celui observé pour l'initiative ""pour une immigration modérée» en 2020. La proportion de non à Thoune était alors de 62,4 pour cent."
943,15.8,15.8,84.2,"Uebeschi (BE)","A Uebeschi, les citoyens rejettent à 84,2 pour cent l'initiative ""Pas de Suisse à 10 millions!». En cinq ans, la commune a ainsi changé de camp sur la question de la limitation de l'immigration. Uebeschi avait rejeté l'initiative ""pour une immigration modérée» à 39,6 pour cent en 2020."
944,52,52,48,"Uetendorf (BE)","L'initiative ""Pas de Suisse à 10 millions!» passe la rampe avec 52 pour cent de oui à Uetendorf. Le soutien à l'initiative ""Pas de Suisse à 10 millions!» est toutefois moins marqué que celui obtenu par l'initiative ""pour une immigration modérée» en 2020. Les habitants d'Uetendorf avaient alors dit oui à 53,9 pour cent."
945,54.2,54.2,45.8,"Unterlangenegg (BE)","Unterlangenegg dit oui à 54,2 pour cent à l'initiative ""Pas de Suisse à 10 millions!». Le soutien à l'initiative ""Pas de Suisse à 10 millions!» est toutefois moins marqué que celui obtenu par l'initiative ""pour une immigration modérée» en 2020. Les habitants d'Unterlangenegg avaient alors dit oui à 64,6 pour cent."
946,71.9,71.9,28.1,"Wachseldorn (BE)","Les habitants de Wachseldorn soutiennent à 71,9 pour cent l'initiative ""Pas de Suisse à 10 millions!». Le soutien à l'initiative ""Pas de Suisse à 10 millions!» est toutefois moins marqué que celui obtenu par l'initiative ""pour une immigration modérée» en 2020. Les habitants de Wachseldorn avaient alors dit oui à 82,1 pour cent."
948,11.1,11.1,88.9,"Forst-Längenbühl (BE)","L'initiative ""Pas de Suisse à 10 millions!» est refusée à 88,9 pour cent à Forst-Längenbühl. En cinq ans, la commune a ainsi changé de camp sur la question de la limitation de l'immigration. Forst-Längenbühl avait rejeté l'initiative ""pour une immigration modérée» à 42,4 pour cent en 2020."
951,92.1,92.1,7.9,"Affoltern im Emmental (BE)","Les habitants d'Affoltern im Emmental acceptent à 92,1 pour cent l'initiative ""Pas de Suisse à 10 millions!». Le soutien à l'initiative ""Pas de Suisse à 10 millions!» a augmenté à Affoltern im Emmental par rapport à l'initiative ""pour une immigration modérée» soumise au vote en 2020. Lors de cette votation, 63,4 pour cent des habitants de la commune avaient accepté ce texte."
952,51.6,51.6,48.4,"Dürrenroth (BE)","L'initiative ""Pas de Suisse à 10 millions!» est approuvée à Dürrenroth par 51,6 pour cent des votants. Le soutien à l'initiative ""Pas de Suisse à 10 millions!» est toutefois moins marqué que celui obtenu par l'initiative ""pour une immigration modérée» en 2020. Les habitants de Dürrenroth avaient alors dit oui à 62,4 pour cent."
953,70.2,70.2,29.8,"Eriswil (BE)","La population d'Eriswil approuve à 70,2 pour cent l'initiative ""Pas de Suisse à 10 millions!». Le soutien à l'initiative ""Pas de Suisse à 10 millions!» a augmenté à Eriswil par rapport à l'initiative ""pour une immigration modérée» soumise au vote en 2020. Lors de cette votation, 62,1 pour cent des habitants de la commune avaient accepté ce texte."
954,49.7,49.7,50.3,"Huttwil (BE)","A Huttwil, les citoyens rejettent à 50,3 pour cent l'initiative ""Pas de Suisse à 10 millions!». En cinq ans, la commune a ainsi changé de camp sur la question de la limitation de l'immigration. Huttwil avait rejeté l'initiative ""pour une immigration modérée» à 49,1 pour cent en 2020."
955,20.3,20.3,79.7,"Lützelflüh (BE)","L'initiative ""Pas de Suisse à 10 millions!» n'a pas convaincu à Lützelflüh. Les citoyens de la commune ont refusé le texte à 79,7 pour cent. En cinq ans, la commune a ainsi changé de camp sur la question de la limitation de l'immigration. Lützelflüh avait rejeté l'initiative ""pour une immigration modérée» à 48,1 pour cent en 2020."
956,30.6,30.6,69.4,"Rüegsau (BE)","L'initiative ""Pas de Suisse à 10 millions!» n'a pas trouvé grâce aux yeux des citoyens de Rüegsau. Ils ont refusé le texte à 69,4 pour cent. En cinq ans, la commune a ainsi changé de camp sur la question de la limitation de l'immigration. Rüegsau avait rejeté l'initiative ""pour une immigration modérée» à 47,9 pour cent en 2020."
957,80,80,20,"Sumiswald (BE)","Les habitants de Sumiswald soutiennent à 80 pour cent l'initiative ""Pas de Suisse à 10 millions!». Le soutien à l'initiative ""Pas de Suisse à 10 millions!» a augmenté à Sumiswald par rapport à l'initiative ""pour une immigration modérée» soumise au vote en 2020. Lors de cette votation, 52 pour cent des habitants de la commune avaient accepté ce texte."
958,50.4,50.4,49.6,"Trachselwald (BE)","L'initiative ""Pas de Suisse à 10 millions!» passe la rampe avec 50,4 pour cent de oui à Trachselwald. Le soutien à l'initiative ""Pas de Suisse à 10 millions!» est toutefois moins marqué que celui obtenu par l'initiative ""pour une immigration modérée» en 2020. Les habitants de Trachselwald avaient alors dit oui à 60,5 pour cent."
959,2.2,2.2,97.8,"Walterswil (BE)","L'initiative ""Pas de Suisse à 10 millions!» n'a pas trouvé grâce aux yeux des citoyens de Walterswil (BE). Ils ont refusé le texte à 97,8 pour cent. En cinq ans, la commune a ainsi changé de camp sur la question de la limitation de l'immigration. Walterswil (BE) avait rejeté l'initiative ""pour une immigration modérée» à 38,3 pour cent en 2020."
960,55.7,55.7,44.3,"Wyssachen (BE)","A Wyssachen, les habitants disent oui à 55,7 pour cent à l'initiative ""Pas de Suisse à 10 millions!». Le soutien à l'initiative ""Pas de Suisse à 10 millions!» est toutefois moins marqué que celui obtenu par l'initiative ""pour une immigration modérée» en 2020. Les habitants de Wyssachen avaient alors dit oui à 61,6 pour cent."
971,36.2,36.2,63.8,"Attiswil (BE)","L'initiative ""Pas de Suisse à 10 millions!» n'a pas trouvé grâce aux yeux des citoyens d'Attiswil. Ils ont refusé le texte à 63,8 pour cent. En cinq ans, la commune a ainsi changé de camp sur la question de la limitation de l'immigration. Attiswil avait rejeté l'initiative ""pour une immigration modérée» à 46,1 pour cent en 2020."
972,80.5,80.5,19.5,"Berken (BE)","Berken dit oui à 80,5 pour cent à l'initiative ""Pas de Suisse à 10 millions!». Le soutien à l'initiative ""Pas de Suisse à 10 millions!» a augmenté à Berken par rapport à l'initiative ""pour une immigration modérée» soumise au vote en 2020. Lors de cette votation, 73,3 pour cent des habitants de la commune avaient accepté ce texte."
973,67.4,67.4,32.6,"Bettenhausen (BE)","A Bettenhausen, les habitants disent oui à 67,4 pour cent à l'initiative ""Pas de Suisse à 10 millions!». Le soutien à l'initiative ""Pas de Suisse à 10 millions!» a augmenté à Bettenhausen par rapport à l'initiative ""pour une immigration modérée» soumise au vote en 2020. Lors de cette votation, 52,7 pour cent des habitants de la commune avaient accepté ce texte."
975,42.8,42.8,57.2,"Farnern (BE)","L'initiative ""Pas de Suisse à 10 millions!» n'a pas trouvé grâce aux yeux des citoyens de Farnern. Ils ont refusé le texte à 57,2 pour cent. En cinq ans, la commune a ainsi changé de camp sur la question de la limitation de l'immigration. Farnern avait rejeté l'initiative ""pour une immigration modérée» à 43,9 pour cent en 2020."
976,66.7,66.7,33.3,"Graben (BE)","Les habitants de Graben acceptent à 66,7 pour cent l'initiative ""Pas de Suisse à 10 millions!». Le soutien à l'initiative ""Pas de Suisse à 10 millions!» a augmenté à Graben par rapport à l'initiative ""pour une immigration modérée» soumise au vote en 2020. Lors de cette votation, 59,5 pour cent des habitants de la commune avaient accepté ce texte."
977,47.7,47.7,52.3,"Heimenhausen (BE)","L'initiative ""Pas de Suisse à 10 millions!» n'a pas trouvé grâce aux yeux des citoyens de Heimenhausen. Ils ont refusé le texte à 52,3 pour cent. En cinq ans, la commune a ainsi changé de camp sur la question de la limitation de l'immigration. Heimenhausen avait rejeté l'initiative ""pour une immigration modérée» à 48 pour cent en 2020."
979,42,42,58,"Herzogenbuchsee (BE)","L'initiative ""Pas de Suisse à 10 millions!» n'a pas trouvé grâce aux yeux des citoyens de Herzogenbuchsee. Ils ont refusé le texte à 58 pour cent. Le rejet de l'initiative est toutefois moins marqué que celui enregistré lors de la votation sur l'initiative ""pour une immigration modérée» en 2020. Les habitants de Herzogenbuchsee avaient alors dit non à 63,1 pour cent."
980,75.4,75.4,24.6,"Inkwil (BE)","La population d'Inkwil approuve à 75,4 pour cent l'initiative ""Pas de Suisse à 10 millions!». Le soutien à l'initiative ""Pas de Suisse à 10 millions!» a augmenté à Inkwil par rapport à l'initiative ""pour une immigration modérée» soumise au vote en 2020. Lors de cette votation, 55,3 pour cent des habitants de la commune avaient accepté ce texte."
981,91.7,91.7,8.3,"Niederbipp (BE)","L'initiative ""Pas de Suisse à 10 millions!» est approuvée à Niederbipp par 91,7 pour cent des votants. Le soutien à l'initiative ""Pas de Suisse à 10 millions!» a augmenté à Niederbipp par rapport à l'initiative ""pour une immigration modérée» soumise au vote en 2020. Lors de cette votation, 52,7 pour cent des habitants de la commune avaient accepté ce texte."
982,12.9,12.9,87.1,"Niederönz (BE)","Les habitants de Niederönz s'opposent à l'initiative ""Pas de Suisse à 10 millions!» par 87,1 pour cent des voix. Le refus de l'initiative ""Pas de Suisse à 10 millions!» est plus fort que celui observé pour l'initiative ""pour une immigration modérée» en 2020. La proportion de non à Niederönz était alors de 56,7 pour cent."
983,41.4,41.4,58.6,"Oberbipp (BE)","L'initiative ""Pas de Suisse à 10 millions!» est refusée à 58,6 pour cent à Oberbipp. En cinq ans, la commune a ainsi changé de camp sur la question de la limitation de l'immigration. Oberbipp avait rejeté l'initiative ""pour une immigration modérée» à 47,7 pour cent en 2020."
985,48.3,48.3,51.7,"Ochlenberg (BE)","L'initiative ""Pas de Suisse à 10 millions!» est refusée à 51,7 pour cent à Ochlenberg. En cinq ans, la commune a ainsi changé de camp sur la question de la limitation de l'immigration. Ochlenberg avait rejeté l'initiative ""pour une immigration modérée» à 44,2 pour cent en 2020."
987,71.6,71.6,28.4,"Rumisberg (BE)","Les habitants de Rumisberg soutiennent à 71,6 pour cent l'initiative ""Pas de Suisse à 10 millions!». Le soutien à l'initiative ""Pas de Suisse à 10 millions!» a augmenté à Rumisberg par rapport à l'initiative ""pour une immigration modérée» soumise au vote en 2020. Lors de cette votation, 61,4 pour cent des habitants de la commune avaient accepté ce texte."
988,51.2,51.2,48.8,"Seeberg (BE)","L'initiative ""Pas de Suisse à 10 millions!» est approuvée à Seeberg par 51,2 pour cent des votants. Les avis restent ainsi stables sur la question de l'immigration à Seeberg. En 2020, la commune avait déjà voté oui à 50,5 pour cent à l'initiative ""pour une immigration modérée»."
989,66.6,66.6,33.4,"Thörigen (BE)","L'initiative ""Pas de Suisse à 10 millions!» passe la rampe avec 66,6 pour cent de oui à Thörigen. Le soutien à l'initiative ""Pas de Suisse à 10 millions!» a augmenté à Thörigen par rapport à l'initiative ""pour une immigration modérée» soumise au vote en 2020. Lors de cette votation, 53,7 pour cent des habitants de la commune avaient accepté ce texte."
990,10.1,10.1,89.9,"Walliswil bei Niederbipp (BE)","L'initiative ""Pas de Suisse à 10 millions!» n'a pas convaincu à Walliswil bei Niederbipp. Les citoyens de la commune ont refusé le texte à 89,9 pour cent. En cinq ans, la commune a ainsi changé de camp sur la question de la limitation de l'immigration. Walliswil bei Niederbipp avait rejeté l'initiative ""pour une immigration modérée» à 42 pour cent en 2020."
991,56.1,56.1,43.9,"Walliswil bei Wangen (BE)","Les habitants de Walliswil bei Wangen soutiennent à 56,1 pour cent l'initiative ""Pas de Suisse à 10 millions!». Le soutien à l'initiative ""Pas de Suisse à 10 millions!» est toutefois moins marqué que celui obtenu par l'initiative ""pour une immigration modérée» en 2020. Les habitants de Walliswil bei Wangen avaient alors dit oui à 63 pour cent."
992,59.3,59.3,40.7,"Wangen an der Aare (BE)","Les habitants de Wangen an der Aare soutiennent à 59,3 pour cent l'initiative ""Pas de Suisse à 10 millions!». Avec ce résultat, Wangen an der Aare bascule dans le camp du oui. En 2020, la commune avait rejeté l'initiative ""pour une immigration modérée» avec 52,1 pour cent des voix."
995,18.5,18.5,81.5,"Wiedlisbach (BE)","C'est non à l'initiative ""Pas de Suisse à 10 millions!» à Wiedlisbach. Les habitants ont refusé le texte à 81,5 pour cent. Le refus de l'initiative ""Pas de Suisse à 10 millions!» est plus fort que celui observé pour l'initiative ""pour une immigration modérée» en 2020. La proportion de non à Wiedlisbach était alors de 50,4 pour cent."
1001,79.3,79.3,20.7,"Doppleschwand (LU)","Les habitants de Doppleschwand soutiennent à 79,3 pour cent l'initiative ""Pas de Suisse à 10 millions!». Le soutien à l'initiative ""Pas de Suisse à 10 millions!» a augmenté à Doppleschwand par rapport à l'initiative ""pour une immigration modérée» soumise au vote en 2020. Lors de cette votation, 60,3 pour cent des habitants de la commune avaient accepté ce texte."
1002,92.4,92.4,7.6,"Entlebuch (LU)","L'initiative ""Pas de Suisse à 10 millions!» est approuvée à Entlebuch par 92,4 pour cent des votants. Le soutien à l'initiative ""Pas de Suisse à 10 millions!» a augmenté à Entlebuch par rapport à l'initiative ""pour une immigration modérée» soumise au vote en 2020. Lors de cette votation, 60,3 pour cent des habitants de la commune avaient accepté ce texte."
1004,9.9,9.9,90.1,"Flühli (LU)","A Flühli, les citoyens rejettent à 90,1 pour cent l'initiative ""Pas de Suisse à 10 millions!». En cinq ans, la commune a ainsi changé de camp sur la question de la limitation de l'immigration. Flühli avait rejeté l'initiative ""pour une immigration modérée» à 37,8 pour cent en 2020."
1005,89,89,11,"Hasle (LU)","Hasle (LU) dit oui à 89 pour cent à l'initiative ""Pas de Suisse à 10 millions!». Le soutien à l'initiative ""Pas de Suisse à 10 millions!» a augmenté à Hasle (LU) par rapport à l'initiative ""pour une immigration modérée» soumise au vote en 2020. Lors de cette votation, 63,8 pour cent des habitants de la commune avaient accepté ce texte."
1007,44.7,44.7,55.3,"Romoos (LU)","A Romoos, les citoyens rejettent à 55,3 pour cent l'initiative ""Pas de Suisse à 10 millions!». En cinq ans, la commune a ainsi changé de camp sur la question de la limitation de l'immigration. Romoos avait rejeté l'initiative ""pour une immigration modérée» à 36,3 pour cent en 2020."
1008,36.9,36.9,63.1,"Schüpfheim (LU)","L'initiative ""Pas de Suisse à 10 millions!» n'a pas trouvé grâce aux yeux des citoyens de Schüpfheim. Ils ont refusé le texte à 63,1 pour cent. Le refus de l'initiative ""Pas de Suisse à 10 millions!» est plus fort que celui observé pour l'initiative ""pour une immigration modérée» en 2020. La proportion de non à Schüpfheim était alors de 51,3 pour cent."
1009,89.1,89.1,10.9,"Werthenstein (LU)","L'initiative ""Pas de Suisse à 10 millions!» est approuvée à Werthenstein par 89,1 pour cent des votants. Le soutien à l'initiative ""Pas de Suisse à 10 millions!» a augmenté à Werthenstein par rapport à l'initiative ""pour une immigration modérée» soumise au vote en 2020. Lors de cette votation, 61,6 pour cent des habitants de la commune avaient accepté ce texte."
1010,67.3,67.3,32.7,"Escholzmatt-Marbach (LU)","L'initiative ""Pas de Suisse à 10 millions!» passe la rampe avec 67,3 pour cent de oui à Escholzmatt-Marbach. Le soutien à l'initiative ""Pas de Suisse à 10 millions!» a augmenté à Escholzmatt-Marbach par rapport à l'initiative ""pour une immigration modérée» soumise au vote en 2020. Lors de cette votation, 60,7 pour cent des habitants de la commune avaient accepté ce texte."
1021,85,85,15,"Aesch (LU)","L'initiative ""Pas de Suisse à 10 millions!» passe la rampe avec 85 pour cent de oui à Aesch (LU). Le soutien à l'initiative ""Pas de Suisse à 10 millions!» a augmenté à Aesch (LU) par rapport à l'initiative ""pour une immigration modérée» soumise au vote en 2020. Lors de cette votation, 52,6 pour cent des habitants de la commune avaient accepté ce texte."
1023,29.4,29.4,70.6,"Ballwil (LU)","L'initiative ""Pas de Suisse à 10 millions!» n'a pas trouvé grâce aux yeux des citoyens de Ballwil. Ils ont refusé le texte à 70,6 pour cent. Le refus de l'initiative ""Pas de Suisse à 10 millions!» est plus fort que celui observé pour l'initiative ""pour une immigration modérée» en 2020. La proportion de non à Ballwil était alors de 51,6 pour cent."
1024,54.5,54.5,45.5,"Emmen (LU)","Les habitants d'Emmen acceptent à 54,5 pour cent l'initiative ""Pas de Suisse à 10 millions!». Avec ce résultat, Emmen bascule dans le camp du oui. En 2020, la commune avait rejeté l'initiative ""pour une immigration modérée» avec 55,6 pour cent des voix."
1025,52.4,52.4,47.6,"Ermensee (LU)","L'initiative ""Pas de Suisse à 10 millions!» est approuvée à Ermensee par 52,4 pour cent des votants. Avec ce résultat, Ermensee bascule dans le camp du oui. En 2020, la commune avait rejeté l'initiative ""pour une immigration modérée» avec 51,3 pour cent des voix."
1026,49.2,49.2,50.8,"Eschenbach (LU)","A Eschenbach (LU), les citoyens rejettent à 50,8 pour cent l'initiative ""Pas de Suisse à 10 millions!». Le rejet de l'initiative est toutefois moins marqué que celui enregistré lors de la votation sur l'initiative ""pour une immigration modérée» en 2020. Les habitants d'Eschenbach (LU) avaient alors dit non à 57,9 pour cent."
1030,22.8,22.8,77.2,"Hitzkirch (LU)","Les habitants de Hitzkirch s'opposent à l'initiative ""Pas de Suisse à 10 millions!» par 77,2 pour cent des voix. Le refus de l'initiative ""Pas de Suisse à 10 millions!» est plus fort que celui observé pour l'initiative ""pour une immigration modérée» en 2020. La proportion de non à Hitzkirch était alors de 54,8 pour cent."
1031,60,60,40,"Hochdorf (LU)","L'initiative ""Pas de Suisse à 10 millions!» est approuvée à Hochdorf par 60 pour cent des votants. Avec ce résultat, Hochdorf bascule dans le camp du oui. En 2020, la commune avait rejeté l'initiative ""pour une immigration modérée» avec 61,5 pour cent des voix."
1032,11.3,11.3,88.7,"Hohenrain (LU)","L'initiative ""Pas de Suisse à 10 millions!» n'a pas trouvé grâce aux yeux des citoyens de Hohenrain. Ils ont refusé le texte à 88,7 pour cent. En cinq ans, la commune a ainsi changé de camp sur la question de la limitation de l'immigration. Hohenrain avait rejeté l'initiative ""pour une immigration modérée» à 49,6 pour cent en 2020."
1033,25.6,25.6,74.4,"Inwil (LU)","L'initiative ""Pas de Suisse à 10 millions!» est refusée à 74,4 pour cent à Inwil. Le refus de l'initiative ""Pas de Suisse à 10 millions!» est plus fort que celui observé pour l'initiative ""pour une immigration modérée» en 2020. La proportion de non à Inwil était alors de 54,2 pour cent."
1037,64.8,64.8,35.2,"Rain (LU)","La population de Rain approuve à 64,8 pour cent l'initiative ""Pas de Suisse à 10 millions!». Avec ce résultat, Rain bascule dans le camp du oui. En 2020, la commune avait rejeté l'initiative ""pour une immigration modérée» avec 56,1 pour cent des voix."
1039,3.9,3.9,96.1,"Römerswil (LU)","La population de Römerswil rejette à 96,1 pour cent des voix l'initiative ""Pas de Suisse à 10 millions!». En cinq ans, la commune a ainsi changé de camp sur la question de la limitation de l'immigration. Römerswil avait rejeté l'initiative ""pour une immigration modérée» à 45,8 pour cent en 2020."
1040,94.2,94.2,5.8,"Rothenburg (LU)","Les habitants de Rothenburg soutiennent à 94,2 pour cent l'initiative ""Pas de Suisse à 10 millions!». Avec ce résultat, Rothenburg bascule dans le camp du oui. En 2020, la commune avait rejeté l'initiative ""pour une immigration modérée» avec 61,7 pour cent des voix."
1041,40.3,40.3,59.7,"Schongau (LU)","Les habitants de Schongau s'opposent à l'initiative ""Pas de Suisse à 10 millions!» par 59,7 pour cent des voix. En cinq ans, la commune a ainsi changé de camp sur la question de la limitation de l'immigration. Schongau avait rejeté l'initiative ""pour une immigration modérée» à 44,3 pour cent en 2020."
1051,57.1,57.1,42.9,"Adligenswil (LU)","Les habitants d'Adligenswil acceptent à 57,1 pour cent l'initiative ""Pas de Suisse à 10 millions!». Avec ce résultat, Adligenswil bascule dans le camp du oui. En 2020, la commune avait rejeté l'initiative ""pour une immigration modérée» avec 66,3 pour cent des voix."
1052,68.4,68.4,31.6,"Buchrain (LU)","L'initiative ""Pas de Suisse à 10 millions!» passe la rampe avec 68,4 pour cent de oui à Buchrain. Avec ce résultat, Buchrain bascule dans le camp du oui. En 2020, la commune avait rejeté l'initiative ""pour une immigration modérée» avec 62,1 pour cent des voix."
1053,53.6,53.6,46.4,"Dierikon (LU)","L'initiative ""Pas de Suisse à 10 millions!» est approuvée à Dierikon par 53,6 pour cent des votants. Avec ce résultat, Dierikon bascule dans le camp du oui. En 2020, la commune avait rejeté l'initiative ""pour une immigration modérée» avec 54,3 pour cent des voix."
1054,77.7,77.7,22.3,"Ebikon (LU)","L'initiative ""Pas de Suisse à 10 millions!» passe la rampe avec 77,7 pour cent de oui à Ebikon. Avec ce résultat, Ebikon bascule dans le camp du oui. En 2020, la commune avait rejeté l'initiative ""pour une immigration modérée» avec 60,7 pour cent des voix."
1055,11.8,11.8,88.2,"Gisikon (LU)","C'est non à l'initiative ""Pas de Suisse à 10 millions!» à Gisikon. Les habitants ont refusé le texte à 88,2 pour cent. En cinq ans, la commune a ainsi changé de camp sur la question de la limitation de l'immigration. Gisikon avait rejeté l'initiative ""pour une immigration modérée» à 49,5 pour cent en 2020."
1056,43.2,43.2,56.8,"Greppen (LU)","L'initiative ""Pas de Suisse à 10 millions!» n'a pas convaincu à Greppen. Les citoyens de la commune ont refusé le texte à 56,8 pour cent. Le rejet de l'initiative est toutefois moins marqué que celui enregistré lors de la votation sur l'initiative ""pour une immigration modérée» en 2020. Les habitants de Greppen avaient alors dit non à 59,7 pour cent."
1058,55.9,55.9,44.1,"Horw (LU)","Les habitants de Horw acceptent à 55,9 pour cent l'initiative ""Pas de Suisse à 10 millions!». Avec ce résultat, Horw bascule dans le camp du oui. En 2020, la commune avait rejeté l'initiative ""pour une immigration modérée» avec 64,7 pour cent des voix."
1059,21.7,21.7,78.3,"Kriens (LU)","C'est non à l'initiative ""Pas de Suisse à 10 millions!» à Kriens. Les habitants ont refusé le texte à 78,3 pour cent. Le refus de l'initiative ""Pas de Suisse à 10 millions!» est plus fort que celui observé pour l'initiative ""pour une immigration modérée» en 2020. La proportion de non à Kriens était alors de 63 pour cent."
1061,39,39,61,"Lucerne (LU)","A Lucerne, les citoyens rejettent à 61 pour cent l'initiative ""Pas de Suisse à 10 millions!». Le rejet de l'initiative est toutefois moins marqué que celui enregistré lors de la votation sur l'initiative ""pour une immigration modérée» en 2020. Les habitants de Lucerne avaient alors dit non à 73,8 pour cent."
1062,83.3,83.3,16.7,"Malters (LU)","Malters dit oui à 83,3 pour cent à l'initiative ""Pas de Suisse à 10 millions!». Avec ce résultat, Malters bascule dans le camp du oui. En 2020, la commune avait rejeté l'initiative ""pour une immigration modérée» avec 56,7 pour cent des voix."
1063,53.3,53.3,46.7,"Meggen (LU)","Meggen dit oui à 53,3 pour cent à l'initiative ""Pas de Suisse à 10 millions!». Avec ce résultat, Meggen bascule dans le camp du oui. En 2020, la commune avait rejeté l'initiative ""pour une immigration modérée» avec 64,5 pour cent des voix."
1064,61,61,39,"Meierskappel (LU)","Les habitants de Meierskappel acceptent à 61 pour cent l'initiative ""Pas de Suisse à 10 millions!». Avec ce résultat, Meierskappel bascule dans le camp du oui. En 2020, la commune avait rejeté l'initiative ""pour une immigration modérée» avec 52,9 pour cent des voix."
1065,32.6,32.6,67.4,"Root (LU)","Les habitants de Root s'opposent à l'initiative ""Pas de Suisse à 10 millions!» par 67,4 pour cent des voix. Le refus de l'initiative ""Pas de Suisse à 10 millions!» est plus fort que celui observé pour l'initiative ""pour une immigration modérée» en 2020. La proportion de non à Root était alors de 57,8 pour cent."
1066,12,12,88,"Schwarzenberg (LU)","Les habitants de Schwarzenberg s'opposent à l'initiative ""Pas de Suisse à 10 millions!» par 88 pour cent des voix. En cinq ans, la commune a ainsi changé de camp sur la question de la limitation de l'immigration. Schwarzenberg avait rejeté l'initiative ""pour une immigration modérée» à 45,7 pour cent en 2020."
1067,97,97,3,"Udligenswil (LU)","Udligenswil dit oui à 97 pour cent à l'initiative ""Pas de Suisse à 10 millions!». Avec ce résultat, Udligenswil bascule dans le camp du oui. En 2020, la commune avait rejeté l'initiative ""pour une immigration modérée» avec 58,9 pour cent des voix."
1068,23.9,23.9,76.1,"Vitznau (LU)","L'initiative ""Pas de Suisse à 10 millions!» est refusée à 76,1 pour cent à Vitznau. Le refus de l'initiative ""Pas de Suisse à 10 millions!» est plus fort que celui observé pour l'initiative ""pour une immigration modérée» en 2020. La proportion de non à Vitznau était alors de 54,4 pour cent."
1069,70,70,30,"Weggis (LU)","Les habitants de Weggis soutiennent à 70 pour cent l'initiative ""Pas de Suisse à 10 millions!». Avec ce résultat, Weggis bascule dans le camp du oui. En 2020, la commune avait rejeté l'initiative ""pour une immigration modérée» avec 58 pour cent des voix."
1081,51.6,51.6,48.4,"Beromünster (LU)","Beromünster dit oui à 51,6 pour cent à l'initiative ""Pas de Suisse à 10 millions!». Avec ce résultat, Beromünster bascule dans le camp du oui. En 2020, la commune avait rejeté l'initiative ""pour une immigration modérée» avec 56 pour cent des voix."
1082,16.5,16.5,83.5,"Büron (LU)","L'initiative ""Pas de Suisse à 10 millions!» n'a pas convaincu à Büron. Les citoyens de la commune ont refusé le texte à 83,5 pour cent. Le refus de l'initiative ""Pas de Suisse à 10 millions!» est plus fort que celui observé pour l'initiative ""pour une immigration modérée» en 2020. La proportion de non à Büron était alors de 53,3 pour cent."
1083,33.4,33.4,66.6,"Buttisholz (LU)","L'initiative ""Pas de Suisse à 10 millions!» est refusée à 66,6 pour cent à Buttisholz. Le refus de l'initiative ""Pas de Suisse à 10 millions!» est plus fort que celui observé pour l'initiative ""pour une immigration modérée» en 2020. La proportion de non à Buttisholz était alors de 52,3 pour cent."
1084,67.2,67.2,32.8,"Eich (LU)","La population d'Eich approuve à 67,2 pour cent l'initiative ""Pas de Suisse à 10 millions!». Avec ce résultat, Eich bascule dans le camp du oui. En 2020, la commune avait rejeté l'initiative ""pour une immigration modérée» avec 53,1 pour cent des voix."
1085,22.8,22.8,77.2,"Geuensee (LU)","L'initiative ""Pas de Suisse à 10 millions!» n'a pas convaincu à Geuensee. Les citoyens de la commune ont refusé le texte à 77,2 pour cent. Le refus de l'initiative ""Pas de Suisse à 10 millions!» est plus fort que celui observé pour l'initiative ""pour une immigration modérée» en 2020. La proportion de non à Geuensee était alors de 55,9 pour cent."
1086,46.6,46.6,53.4,"Grosswangen (LU)","C'est non à l'initiative ""Pas de Suisse à 10 millions!» à Grosswangen. Les habitants ont refusé le texte à 53,4 pour cent. Le refus de l'initiative ""Pas de Suisse à 10 millions!» est plus fort que celui observé pour l'initiative ""pour une immigration modérée» en 2020. La proportion de non à Grosswangen était alors de 51,8 pour cent."
1088,45.3,45.3,54.7,"Hildisrieden (LU)","L'initiative ""Pas de Suisse à 10 millions!» n'a pas convaincu à Hildisrieden. Les citoyens de la commune ont refusé le texte à 54,7 pour cent. Le rejet de l'initiative est toutefois moins marqué que celui enregistré lors de la votation sur l'initiative ""pour une immigration modérée» en 2020. Les habitants de Hildisrieden avaient alors dit non à 58,1 pour cent."
1089,62.5,62.5,37.5,"Knutwil (LU)","L'initiative ""Pas de Suisse à 10 millions!» passe la rampe avec 62,5 pour cent de oui à Knutwil. Avec ce résultat, Knutwil bascule dans le camp du oui. En 2020, la commune avait rejeté l'initiative ""pour une immigration modérée» avec 56,5 pour cent des voix."
1091,58.1,58.1,41.9,"Mauensee (LU)","L'initiative ""Pas de Suisse à 10 millions!» est approuvée à Mauensee par 58,1 pour cent des votants. Avec ce résultat, Mauensee bascule dans le camp du oui. En 2020, la commune avait rejeté l'initiative ""pour une immigration modérée» avec 63,4 pour cent des voix."
1093,59.6,59.6,40.4,"Neuenkirch (LU)","Neuenkirch dit oui à 59,6 pour cent à l'initiative ""Pas de Suisse à 10 millions!». Avec ce résultat, Neuenkirch bascule dans le camp du oui. En 2020, la commune avait rejeté l'initiative ""pour une immigration modérée» avec 57,5 pour cent des voix."
1094,33.1,33.1,66.9,"Nottwil (LU)","C'est non à l'initiative ""Pas de Suisse à 10 millions!» à Nottwil. Les habitants ont refusé le texte à 66,9 pour cent. Le refus de l'initiative ""Pas de Suisse à 10 millions!» est plus fort que celui observé pour l'initiative ""pour une immigration modérée» en 2020. La proportion de non à Nottwil était alors de 57,9 pour cent."
1095,62.9,62.9,37.1,"Oberkirch (LU)","L'initiative ""Pas de Suisse à 10 millions!» passe la rampe avec 62,9 pour cent de oui à Oberkirch. Avec ce résultat, Oberkirch bascule dans le camp du oui. En 2020, la commune avait rejeté l'initiative ""pour une immigration modérée» avec 68 pour cent des voix."
1097,51.7,51.7,48.3,"Rickenbach (LU)","Les habitants de Rickenbach (LU) soutiennent à 51,7 pour cent l'initiative ""Pas de Suisse à 10 millions!». Les avis restent ainsi stables sur la question de l'immigration à Rickenbach (LU). En 2020, la commune avait déjà voté oui à 52,4 pour cent à l'initiative ""pour une immigration modérée»."
1098,81.3,81.3,18.7,"Ruswil (LU)","L'initiative ""Pas de Suisse à 10 millions!» passe la rampe avec 81,3 pour cent de oui à Ruswil. Avec ce résultat, Ruswil bascule dans le camp du oui. En 2020, la commune avait rejeté l'initiative ""pour une immigration modérée» avec 53,8 pour cent des voix."
1099,57.1,57.1,42.9,"Schenkon (LU)","L'initiative ""Pas de Suisse à 10 millions!» passe la rampe avec 57,1 pour cent de oui à Schenkon. Avec ce résultat, Schenkon bascule dans le camp du oui. En 2020, la commune avait rejeté l'initiative ""pour une immigration modérée» avec 58,5 pour cent des voix."
1100,90.8,90.8,9.2,"Schlierbach (LU)","L'initiative ""Pas de Suisse à 10 millions!» est approuvée à Schlierbach par 90,8 pour cent des votants. Avec ce résultat, Schlierbach bascule dans le camp du oui. En 2020, la commune avait rejeté l'initiative ""pour une immigration modérée» avec 54,8 pour cent des voix."
1102,53,53,47,"Sempach (LU)","Sempach dit oui à 53 pour cent à l'initiative ""Pas de Suisse à 10 millions!». Avec ce résultat, Sempach bascule dans le camp du oui. En 2020, la commune avait rejeté l'initiative ""pour une immigration modérée» avec 68,9 pour cent des voix."
1103,29.6,29.6,70.4,"Sursee (LU)","Les habitants de Sursee s'opposent à l'initiative ""Pas de Suisse à 10 millions!» par 70,4 pour cent des voix. Le refus de l'initiative ""Pas de Suisse à 10 millions!» est plus fort que celui observé pour l'initiative ""pour une immigration modérée» en 2020. La proportion de non à Sursee était alors de 68,5 pour cent."
1104,23.5,23.5,76.5,"Triengen (LU)","C'est non à l'initiative ""Pas de Suisse à 10 millions!» à Triengen. Les habitants ont refusé le texte à 76,5 pour cent. Le refus de l'initiative ""Pas de Suisse à 10 millions!» est plus fort que celui observé pour l'initiative ""pour une immigration modérée» en 2020. La proportion de non à Triengen était alors de 50,7 pour cent."
1107,91.5,91.5,8.5,"Wolhusen (LU)","L'initiative ""Pas de Suisse à 10 millions!» passe la rampe avec 91,5 pour cent de oui à Wolhusen. Le soutien à l'initiative ""Pas de Suisse à 10 millions!» a augmenté à Wolhusen par rapport à l'initiative ""pour une immigration modérée» soumise au vote en 2020. Lors de cette votation, 50,4 pour cent des habitants de la commune avaient accepté ce texte."
1121,31,31,69,"Alberswil (LU)","L'initiative ""Pas de Suisse à 10 millions!» est refusée à 69 pour cent à Alberswil. Le refus de l'initiative ""Pas de Suisse à 10 millions!» est plus fort que celui observé pour l'initiative ""pour une immigration modérée» en 2020. La proportion de non à Alberswil était alors de 52,6 pour cent."
1122,46.1,46.1,53.9,"Altbüron (LU)","Les habitants d'Altbüron s'opposent à l'initiative ""Pas de Suisse à 10 millions!» par 53,9 pour cent des voix. Le refus de l'initiative ""Pas de Suisse à 10 millions!» est plus fort que celui observé pour l'initiative ""pour une immigration modérée» en 2020. La proportion de non à Altbüron était alors de 52,2 pour cent."
1123,64.2,64.2,35.8,"Altishofen (LU)","L'initiative ""Pas de Suisse à 10 millions!» passe la rampe avec 64,2 pour cent de oui à Altishofen. Avec ce résultat, Altishofen bascule dans le camp du oui. En 2020, la commune avait rejeté l'initiative ""pour une immigration modérée» avec 54,2 pour cent des voix."
1125,49.2,49.2,50.8,"Dagmersellen (LU)","C'est non à l'initiative ""Pas de Suisse à 10 millions!» à Dagmersellen. Les habitants ont refusé le texte à 50,8 pour cent. Le résultat a peu changé par rapport au vote sur l'initiative ""pour une immigration modérée» en 2020. Dagmersellen avait alors dit non à 50,8 pour cent."
1127,53,53,47,"Egolzwil (LU)","Egolzwil dit oui à 53 pour cent à l'initiative ""Pas de Suisse à 10 millions!». Avec ce résultat, Egolzwil bascule dans le camp du oui. En 2020, la commune avait rejeté l'initiative ""pour une immigration modérée» avec 54,8 pour cent des voix."
1128,75.2,75.2,24.8,"Ettiswil (LU)","Les habitants d'Ettiswil acceptent à 75,2 pour cent l'initiative ""Pas de Suisse à 10 millions!». Avec ce résultat, Ettiswil bascule dans le camp du oui. En 2020, la commune avait rejeté l'initiative ""pour une immigration modérée» avec 51 pour cent des voix."
1129,52,52,48,"Fischbach (LU)","L'initiative ""Pas de Suisse à 10 millions!» passe la rampe avec 52 pour cent de oui à Fischbach. Le soutien à l'initiative ""Pas de Suisse à 10 millions!» est toutefois moins marqué que celui obtenu par l'initiative ""pour une immigration modérée» en 2020. Les habitants de Fischbach avaient alors dit oui à 63,7 pour cent."
1131,41,41,59,"Grossdietwil (LU)","Les habitants de Grossdietwil s'opposent à l'initiative ""Pas de Suisse à 10 millions!» par 59 pour cent des voix. Le refus de l'initiative ""Pas de Suisse à 10 millions!» est plus fort que celui observé pour l'initiative ""pour une immigration modérée» en 2020. La proportion de non à Grossdietwil était alors de 56,2 pour cent."
1132,49.9,49.9,50.1,"Hergiswil bei Willisau (LU)","L'initiative ""Pas de Suisse à 10 millions!» n'a pas convaincu à Hergiswil bei Willisau. Les citoyens de la commune ont refusé le texte à 50,1 pour cent. En cinq ans, la commune a ainsi changé de camp sur la question de la limitation de l'immigration. Hergiswil bei Willisau avait rejeté l'initiative ""pour une immigration modérée» à 39,6 pour cent en 2020."
1135,90.4,90.4,9.6,"Luthern (LU)","Les habitants de Luthern acceptent à 90,4 pour cent l'initiative ""Pas de Suisse à 10 millions!». Le soutien à l'initiative ""Pas de Suisse à 10 millions!» a augmenté à Luthern par rapport à l'initiative ""pour une immigration modérée» soumise au vote en 2020. Lors de cette votation, 60,7 pour cent des habitants de la commune avaient accepté ce texte."
1136,12.9,12.9,87.1,"Menznau (LU)","L'initiative ""Pas de Suisse à 10 millions!» n'a pas convaincu à Menznau. Les citoyens de la commune ont refusé le texte à 87,1 pour cent. En cinq ans, la commune a ainsi changé de camp sur la question de la limitation de l'immigration. Menznau avait rejeté l'initiative ""pour une immigration modérée» à 43,7 pour cent en 2020."
1137,46.6,46.6,53.4,"Nebikon (LU)","L'initiative ""Pas de Suisse à 10 millions!» est refusée à 53,4 pour cent à Nebikon. Le rejet de l'initiative est toutefois moins marqué que celui enregistré lors de la votation sur l'initiative ""pour une immigration modérée» en 2020. Les habitants de Nebikon avaient alors dit non à 55,2 pour cent."
1139,30.9,30.9,69.1,"Pfaffnau (LU)","L'initiative ""Pas de Suisse à 10 millions!» est refusée à 69,1 pour cent à Pfaffnau. Le refus de l'initiative ""Pas de Suisse à 10 millions!» est plus fort que celui observé pour l'initiative ""pour une immigration modérée» en 2020. La proportion de non à Pfaffnau était alors de 50,5 pour cent."
1140,49.3,49.3,50.7,"Reiden (LU)","A Reiden, les citoyens rejettent à 50,7 pour cent l'initiative ""Pas de Suisse à 10 millions!». Le rejet de l'initiative est toutefois moins marqué que celui enregistré lors de la votation sur l'initiative ""pour une immigration modérée» en 2020. Les habitants de Reiden avaient alors dit non à 51,7 pour cent."
1142,25.5,25.5,74.5,"Roggliswil (LU)","A Roggliswil, les citoyens rejettent à 74,5 pour cent l'initiative ""Pas de Suisse à 10 millions!». En cinq ans, la commune a ainsi changé de camp sur la question de la limitation de l'immigration. Roggliswil avait rejeté l'initiative ""pour une immigration modérée» à 46,1 pour cent en 2020."
1143,69.4,69.4,30.6,"Schötz (LU)","L'initiative ""Pas de Suisse à 10 millions!» est approuvée à Schötz par 69,4 pour cent des votants. Avec ce résultat, Schötz bascule dans le camp du oui. En 2020, la commune avait rejeté l'initiative ""pour une immigration modérée» avec 53,6 pour cent des voix."
1145,50.2,50.2,49.8,"Ufhusen (LU)","L'initiative ""Pas de Suisse à 10 millions!» est approuvée à Ufhusen par 50,2 pour cent des votants. Le soutien à l'initiative ""Pas de Suisse à 10 millions!» est toutefois moins marqué que celui obtenu par l'initiative ""pour une immigration modérée» en 2020. Les habitants d'Ufhusen avaient alors dit oui à 56,7 pour cent."
1146,58.1,58.1,41.9,"Wauwil (LU)","Les habitants de Wauwil soutiennent à 58,1 pour cent l'initiative ""Pas de Suisse à 10 millions!». Avec ce résultat, Wauwil bascule dans le camp du oui. En 2020, la commune avait rejeté l'initiative ""pour une immigration modérée» avec 52,1 pour cent des voix."
1147,75.4,75.4,24.6,"Wikon (LU)","Les habitants de Wikon soutiennent à 75,4 pour cent l'initiative ""Pas de Suisse à 10 millions!». Avec ce résultat, Wikon bascule dans le camp du oui. En 2020, la commune avait rejeté l'initiative ""pour une immigration modérée» avec 50,6 pour cent des voix."
1150,49.6,49.6,50.4,"Zell (LU)","L'initiative ""Pas de Suisse à 10 millions!» n'a pas trouvé grâce aux yeux des citoyens de Zell (LU). Ils ont refusé le texte à 50,4 pour cent. En cinq ans, la commune a ainsi changé de camp sur la question de la limitation de l'immigration. Zell (LU) avait rejeté l'initiative ""pour une immigration modérée» à 44,8 pour cent en 2020."
1151,66.2,66.2,33.8,"Willisau (LU)","Les habitants de Willisau acceptent à 66,2 pour cent l'initiative ""Pas de Suisse à 10 millions!». Avec ce résultat, Willisau bascule dans le camp du oui. En 2020, la commune avait rejeté l'initiative ""pour une immigration modérée» avec 53,5 pour cent des voix."
1201,21.4,21.4,78.6,"Altdorf (UR)","C'est non à l'initiative ""Pas de Suisse à 10 millions!» à Altdorf (UR). Les habitants ont refusé le texte à 78,6 pour cent. Le refus de l'initiative ""Pas de Suisse à 10 millions!» est plus fort que celui observé pour l'initiative ""pour une immigration modérée» en 2020. La proportion de non à Altdorf (UR) était alors de 63,9 pour cent."
1202,75.4,75.4,24.6,"Andermatt (UR)","L'initiative ""Pas de Suisse à 10 millions!» est approuvée à Andermatt par 75,4 pour cent des votants. Avec ce résultat, Andermatt bascule dans le camp du oui. En 2020, la commune avait rejeté l'initiative ""pour une immigration modérée» avec 59,4 pour cent des voix."
1203,73.4,73.4,26.6,"Attinghausen (UR)","A Attinghausen, les habitants disent oui à 73,4 pour cent à l'initiative ""Pas de Suisse à 10 millions!». Le soutien à l'initiative ""Pas de Suisse à 10 millions!» a augmenté à Attinghausen par rapport à l'initiative ""pour une immigration modérée» soumise au vote en 2020. Lors de cette votation, 59,4 pour cent des habitants de la commune avaient accepté ce texte."
1205,67,67,33,"Bürglen (UR)","A Bürglen (UR), les habitants disent oui à 67 pour cent à l'initiative ""Pas de Suisse à 10 millions!». Le soutien à l'initiative ""Pas de Suisse à 10 millions!» a augmenté à Bürglen (UR) par rapport à l'initiative ""pour une immigration modérée» soumise au vote en 2020. Lors de cette votation, 54,8 pour cent des habitants de la commune avaient accepté ce texte."
1206,55.8,55.8,44.2,"Erstfeld (UR)","La population d'Erstfeld approuve à 55,8 pour cent l'initiative ""Pas de Suisse à 10 millions!». Le soutien à l'initiative ""Pas de Suisse à 10 millions!» a augmenté à Erstfeld par rapport à l'initiative ""pour une immigration modérée» soumise au vote en 2020. Lors de cette votation, 51 pour cent des habitants de la commune avaient accepté ce texte."
1207,88.4,88.4,11.6,"Flüelen (UR)","A Flüelen, les habitants disent oui à 88,4 pour cent à l'initiative ""Pas de Suisse à 10 millions!». Avec ce résultat, Flüelen bascule dans le camp du oui. En 2020, la commune avait rejeté l'initiative ""pour une immigration modérée» avec 50,3 pour cent des voix."
1208,18.1,18.1,81.9,"Göschenen (UR)","C'est non à l'initiative ""Pas de Suisse à 10 millions!» à Göschenen. Les habitants ont refusé le texte à 81,9 pour cent. En cinq ans, la commune a ainsi changé de camp sur la question de la limitation de l'immigration. Göschenen avait rejeté l'initiative ""pour une immigration modérée» à 39,9 pour cent en 2020."
1209,54.3,54.3,45.7,"Gurtnellen (UR)","L'initiative ""Pas de Suisse à 10 millions!» passe la rampe avec 54,3 pour cent de oui à Gurtnellen. Les avis restent ainsi stables sur la question de l'immigration à Gurtnellen. En 2020, la commune avait déjà voté oui à 54,5 pour cent à l'initiative ""pour une immigration modérée»."
1210,39.4,39.4,60.6,"Hospental (UR)","L'initiative ""Pas de Suisse à 10 millions!» n'a pas trouvé grâce aux yeux des citoyens de Hospental. Ils ont refusé le texte à 60,6 pour cent. En cinq ans, la commune a ainsi changé de camp sur la question de la limitation de l'immigration. Hospental avait rejeté l'initiative ""pour une immigration modérée» à 40,2 pour cent en 2020."
1211,44.8,44.8,55.2,"Isenthal (UR)","C'est non à l'initiative ""Pas de Suisse à 10 millions!» à Isenthal. Les habitants ont refusé le texte à 55,2 pour cent. En cinq ans, la commune a ainsi changé de camp sur la question de la limitation de l'immigration. Isenthal avait rejeté l'initiative ""pour une immigration modérée» à 46,9 pour cent en 2020."
1212,52.4,52.4,47.6,"Realp (UR)","Realp dit oui à 52,4 pour cent à l'initiative ""Pas de Suisse à 10 millions!». Avec ce résultat, Realp bascule dans le camp du oui. En 2020, la commune avait rejeté l'initiative ""pour une immigration modérée» avec 68,4 pour cent des voix."
1213,37.9,37.9,62.1,"Schattdorf (UR)","Les habitants de Schattdorf s'opposent à l'initiative ""Pas de Suisse à 10 millions!» par 62,1 pour cent des voix. En cinq ans, la commune a ainsi changé de camp sur la question de la limitation de l'immigration. Schattdorf avait rejeté l'initiative ""pour une immigration modérée» à 49,6 pour cent en 2020."
1214,48.1,48.1,51.9,"Seedorf (UR)","Les habitants de Seedorf (UR) s'opposent à l'initiative ""Pas de Suisse à 10 millions!» par 51,9 pour cent des voix. En cinq ans, la commune a ainsi changé de camp sur la question de la limitation de l'immigration. Seedorf (UR) avait rejeté l'initiative ""pour une immigration modérée» à 46,2 pour cent en 2020."
1215,72,72,28,"Seelisberg (UR)","A Seelisberg, les habitants disent oui à 72 pour cent à l'initiative ""Pas de Suisse à 10 millions!». Le soutien à l'initiative ""Pas de Suisse à 10 millions!» a augmenté à Seelisberg par rapport à l'initiative ""pour une immigration modérée» soumise au vote en 2020. Lors de cette votation, 57,5 pour cent des habitants de la commune avaient accepté ce texte."
1216,53.1,53.1,46.9,"Silenen (UR)","Les habitants de Silenen soutiennent à 53,1 pour cent l'initiative ""Pas de Suisse à 10 millions!». Le soutien à l'initiative ""Pas de Suisse à 10 millions!» est toutefois moins marqué que celui obtenu par l'initiative ""pour une immigration modérée» en 2020. Les habitants de Silenen avaient alors dit oui à 58,2 pour cent."
1217,41.5,41.5,58.5,"Sisikon (UR)","C'est non à l'initiative ""Pas de Suisse à 10 millions!» à Sisikon. Les habitants ont refusé le texte à 58,5 pour cent. En cinq ans, la commune a ainsi changé de camp sur la question de la limitation de l'immigration. Sisikon avait rejeté l'initiative ""pour une immigration modérée» à 30,1 pour cent en 2020."
1218,14.3,14.3,85.7,"Spiringen (UR)","L'initiative ""Pas de Suisse à 10 millions!» est refusée à 85,7 pour cent à Spiringen. En cinq ans, la commune a ainsi changé de camp sur la question de la limitation de l'immigration. Spiringen avait rejeté l'initiative ""pour une immigration modérée» à 28 pour cent en 2020."
1219,45.8,45.8,54.2,"Unterschächen (UR)","L'initiative ""Pas de Suisse à 10 millions!» est refusée à 54,2 pour cent à Unterschächen. En cinq ans, la commune a ainsi changé de camp sur la question de la limitation de l'immigration. Unterschächen avait rejeté l'initiative ""pour une immigration modérée» à 25,5 pour cent en 2020."
1220,35.2,35.2,64.8,"Wassen (UR)","A Wassen, les citoyens rejettent à 64,8 pour cent l'initiative ""Pas de Suisse à 10 millions!». En cinq ans, la commune a ainsi changé de camp sur la question de la limitation de l'immigration. Wassen avait rejeté l'initiative ""pour une immigration modérée» à 31,5 pour cent en 2020."
1301,68.9,68.9,31.1,"Einsiedeln (SZ)","Les habitants d'Einsiedeln soutiennent à 68,9 pour cent l'initiative ""Pas de Suisse à 10 millions!». Le soutien à l'initiative ""Pas de Suisse à 10 millions!» a augmenté à Einsiedeln par rapport à l'initiative ""pour une immigration modérée» soumise au vote en 2020. Lors de cette votation, 55,4 pour cent des habitants de la commune avaient accepté ce texte."
1311,64.2,64.2,35.8,"Gersau (SZ)","Les habitants de Gersau soutiennent à 64,2 pour cent l'initiative ""Pas de Suisse à 10 millions!». Le soutien à l'initiative ""Pas de Suisse à 10 millions!» a augmenté à Gersau par rapport à l'initiative ""pour une immigration modérée» soumise au vote en 2020. Lors de cette votation, 51,9 pour cent des habitants de la commune avaient accepté ce texte."
1321,54.4,54.4,45.6,"Feusisberg (SZ)","A Feusisberg, les habitants disent oui à 54,4 pour cent à l'initiative ""Pas de Suisse à 10 millions!». Le soutien à l'initiative ""Pas de Suisse à 10 millions!» a augmenté à Feusisberg par rapport à l'initiative ""pour une immigration modérée» soumise au vote en 2020. Lors de cette votation, 51,6 pour cent des habitants de la commune avaient accepté ce texte."
1322,56.1,56.1,43.9,"Freienbach (SZ)","Freienbach dit oui à 56,1 pour cent à l'initiative ""Pas de Suisse à 10 millions!». Avec ce résultat, Freienbach bascule dans le camp du oui. En 2020, la commune avait rejeté l'initiative ""pour une immigration modérée» avec 52,7 pour cent des voix."
1323,46.9,46.9,53.1,"Wollerau (SZ)","L'initiative ""Pas de Suisse à 10 millions!» n'a pas convaincu à Wollerau. Les citoyens de la commune ont refusé le texte à 53,1 pour cent. Le résultat a peu changé par rapport au vote sur l'initiative ""pour une immigration modérée» en 2020. Wollerau avait alors dit non à 53,5 pour cent."
1331,96.1,96.1,3.9,"Küssnacht (SZ)","A Küssnacht (SZ), les habitants disent oui à 96,1 pour cent à l'initiative ""Pas de Suisse à 10 millions!». Avec ce résultat, Küssnacht (SZ) bascule dans le camp du oui. En 2020, la commune avait rejeté l'initiative ""pour une immigration modérée» avec 57,3 pour cent des voix."
1341,11.4,11.4,88.6,"Altendorf (SZ)","L'initiative ""Pas de Suisse à 10 millions!» est refusée à 88,6 pour cent à Altendorf. En cinq ans, la commune a ainsi changé de camp sur la question de la limitation de l'immigration. Altendorf avait rejeté l'initiative ""pour une immigration modérée» à 49,3 pour cent en 2020."
1342,63.1,63.1,36.9,"Galgenen (SZ)","Galgenen dit oui à 63,1 pour cent à l'initiative ""Pas de Suisse à 10 millions!». Le soutien à l'initiative ""Pas de Suisse à 10 millions!» a augmenté à Galgenen par rapport à l'initiative ""pour une immigration modérée» soumise au vote en 2020. Lors de cette votation, 57,8 pour cent des habitants de la commune avaient accepté ce texte."
1343,5.4,5.4,94.6,"Innerthal (SZ)","A Innerthal, les citoyens rejettent à 94,6 pour cent l'initiative ""Pas de Suisse à 10 millions!». En cinq ans, la commune a ainsi changé de camp sur la question de la limitation de l'immigration. Innerthal avait rejeté l'initiative ""pour une immigration modérée» à 40,4 pour cent en 2020."
1344,43.8,43.8,56.2,"Lachen (SZ)","Les habitants de Lachen s'opposent à l'initiative ""Pas de Suisse à 10 millions!» par 56,2 pour cent des voix. Le rejet de l'initiative est toutefois moins marqué que celui enregistré lors de la votation sur l'initiative ""pour une immigration modérée» en 2020. Les habitants de Lachen avaient alors dit non à 57,4 pour cent."
1345,67.2,67.2,32.8,"Reichenburg (SZ)","L'initiative ""Pas de Suisse à 10 millions!» est approuvée à Reichenburg par 67,2 pour cent des votants. Le soutien à l'initiative ""Pas de Suisse à 10 millions!» a augmenté à Reichenburg par rapport à l'initiative ""pour une immigration modérée» soumise au vote en 2020. Lors de cette votation, 61,8 pour cent des habitants de la commune avaient accepté ce texte."
1346,94.3,94.3,5.7,"Schübelbach (SZ)","Les habitants de Schübelbach acceptent à 94,3 pour cent l'initiative ""Pas de Suisse à 10 millions!». Le soutien à l'initiative ""Pas de Suisse à 10 millions!» a augmenté à Schübelbach par rapport à l'initiative ""pour une immigration modérée» soumise au vote en 2020. Lors de cette votation, 57,7 pour cent des habitants de la commune avaient accepté ce texte."
1347,51.4,51.4,48.6,"Tuggen (SZ)","Les habitants de Tuggen acceptent à 51,4 pour cent l'initiative ""Pas de Suisse à 10 millions!». Le soutien à l'initiative ""Pas de Suisse à 10 millions!» est toutefois moins marqué que celui obtenu par l'initiative ""pour une immigration modérée» en 2020. Les habitants de Tuggen avaient alors dit oui à 62,3 pour cent."
1348,51.7,51.7,48.3,"Vorderthal (SZ)","Les habitants de Vorderthal soutiennent à 51,7 pour cent l'initiative ""Pas de Suisse à 10 millions!». Le soutien à l'initiative ""Pas de Suisse à 10 millions!» est toutefois moins marqué que celui obtenu par l'initiative ""pour une immigration modérée» en 2020. Les habitants de Vorderthal avaient alors dit oui à 78,7 pour cent."
1349,70.8,70.8,29.2,"Wangen (SZ)","L'initiative ""Pas de Suisse à 10 millions!» est approuvée à Wangen (SZ) par 70,8 pour cent des votants. Le soutien à l'initiative ""Pas de Suisse à 10 millions!» a augmenté à Wangen (SZ) par rapport à l'initiative ""pour une immigration modérée» soumise au vote en 2020. Lors de cette votation, 54 pour cent des habitants de la commune avaient accepté ce texte."
1361,52.1,52.1,47.9,"Alpthal (SZ)","La population d'Alpthal approuve à 52,1 pour cent l'initiative ""Pas de Suisse à 10 millions!». Le soutien à l'initiative ""Pas de Suisse à 10 millions!» est toutefois moins marqué que celui obtenu par l'initiative ""pour une immigration modérée» en 2020. Les habitants d'Alpthal avaient alors dit oui à 83,6 pour cent."
1362,58.7,58.7,41.3,"Arth (SZ)","L'initiative ""Pas de Suisse à 10 millions!» passe la rampe avec 58,7 pour cent de oui à Arth. Le soutien à l'initiative ""Pas de Suisse à 10 millions!» a augmenté à Arth par rapport à l'initiative ""pour une immigration modérée» soumise au vote en 2020. Lors de cette votation, 51,2 pour cent des habitants de la commune avaient accepté ce texte."
1363,25.4,25.4,74.6,"Illgau (SZ)","L'initiative ""Pas de Suisse à 10 millions!» est refusée à 74,6 pour cent à Illgau. En cinq ans, la commune a ainsi changé de camp sur la question de la limitation de l'immigration. Illgau avait rejeté l'initiative ""pour une immigration modérée» à 34,9 pour cent en 2020."
1364,41.5,41.5,58.5,"Ingenbohl (SZ)","La population d'Ingenbohl rejette à 58,5 pour cent des voix l'initiative ""Pas de Suisse à 10 millions!». Le refus de l'initiative ""Pas de Suisse à 10 millions!» est plus fort que celui observé pour l'initiative ""pour une immigration modérée» en 2020. La proportion de non à Ingenbohl était alors de 53,1 pour cent."
1365,10.6,10.6,89.4,"Lauerz (SZ)","L'initiative ""Pas de Suisse à 10 millions!» est refusée à 89,4 pour cent à Lauerz. En cinq ans, la commune a ainsi changé de camp sur la question de la limitation de l'immigration. Lauerz avait rejeté l'initiative ""pour une immigration modérée» à 34,4 pour cent en 2020."
1366,23.4,23.4,76.6,"Morschach (SZ)","Les habitants de Morschach s'opposent à l'initiative ""Pas de Suisse à 10 millions!» par 76,6 pour cent des voix. En cinq ans, la commune a ainsi changé de camp sur la question de la limitation de l'immigration. Morschach avait rejeté l'initiative ""pour une immigration modérée» à 42,6 pour cent en 2020."
1367,48.9,48.9,51.1,"Muotathal (SZ)","C'est non à l'initiative ""Pas de Suisse à 10 millions!» à Muotathal. Les habitants ont refusé le texte à 51,1 pour cent. En cinq ans, la commune a ainsi changé de camp sur la question de la limitation de l'immigration. Muotathal avait rejeté l'initiative ""pour une immigration modérée» à 24,1 pour cent en 2020."
1368,7.4,7.4,92.6,"Oberiberg (SZ)","A Oberiberg, les citoyens rejettent à 92,6 pour cent l'initiative ""Pas de Suisse à 10 millions!». En cinq ans, la commune a ainsi changé de camp sur la question de la limitation de l'immigration. Oberiberg avait rejeté l'initiative ""pour une immigration modérée» à 34,2 pour cent en 2020."
1369,82.2,82.2,17.8,"Riemenstalden (SZ)","Riemenstalden dit oui à 82,2 pour cent à l'initiative ""Pas de Suisse à 10 millions!». Le soutien à l'initiative ""Pas de Suisse à 10 millions!» a augmenté à Riemenstalden par rapport à l'initiative ""pour une immigration modérée» soumise au vote en 2020. Lors de cette votation, 71,4 pour cent des habitants de la commune avaient accepté ce texte."
1370,27.2,27.2,72.8,"Rothenthurm (SZ)","C'est non à l'initiative ""Pas de Suisse à 10 millions!» à Rothenthurm. Les habitants ont refusé le texte à 72,8 pour cent. En cinq ans, la commune a ainsi changé de camp sur la question de la limitation de l'immigration. Rothenthurm avait rejeté l'initiative ""pour une immigration modérée» à 24,2 pour cent en 2020."
1371,46,46,54,"Sattel (SZ)","A Sattel, les citoyens rejettent à 54 pour cent l'initiative ""Pas de Suisse à 10 millions!». En cinq ans, la commune a ainsi changé de camp sur la question de la limitation de l'immigration. Sattel avait rejeté l'initiative ""pour une immigration modérée» à 35,1 pour cent en 2020."
1372,44.4,44.4,55.6,"Schwyz (SZ)","C'est non à l'initiative ""Pas de Suisse à 10 millions!» à Schwyz. Les habitants ont refusé le texte à 55,6 pour cent. Le refus de l'initiative ""Pas de Suisse à 10 millions!» est plus fort que celui observé pour l'initiative ""pour une immigration modérée» en 2020. La proportion de non à Schwyz était alors de 51,1 pour cent."
1373,73.4,73.4,26.6,"Steinen (SZ)","L'initiative ""Pas de Suisse à 10 millions!» passe la rampe avec 73,4 pour cent de oui à Steinen. Le soutien à l'initiative ""Pas de Suisse à 10 millions!» a augmenté à Steinen par rapport à l'initiative ""pour une immigration modérée» soumise au vote en 2020. Lors de cette votation, 55,2 pour cent des habitants de la commune avaient accepté ce texte."
1374,28.4,28.4,71.6,"Steinerberg (SZ)","L'initiative ""Pas de Suisse à 10 millions!» n'a pas convaincu à Steinerberg. Les citoyens de la commune ont refusé le texte à 71,6 pour cent. En cinq ans, la commune a ainsi changé de camp sur la question de la limitation de l'immigration. Steinerberg avait rejeté l'initiative ""pour une immigration modérée» à 27,2 pour cent en 2020."
1375,24.6,24.6,75.4,"Unteriberg (SZ)","L'initiative ""Pas de Suisse à 10 millions!» est refusée à 75,4 pour cent à Unteriberg. En cinq ans, la commune a ainsi changé de camp sur la question de la limitation de l'immigration. Unteriberg avait rejeté l'initiative ""pour une immigration modérée» à 15,8 pour cent en 2020."
1401,65.2,65.2,34.8,"Alpnach (OW)","L'initiative ""Pas de Suisse à 10 millions!» passe la rampe avec 65,2 pour cent de oui à Alpnach. Avec ce résultat, Alpnach bascule dans le camp du oui. En 2020, la commune avait rejeté l'initiative ""pour une immigration modérée» avec 52 pour cent des voix."
1402,59.5,59.5,40.5,"Engelberg (OW)","L'initiative ""Pas de Suisse à 10 millions!» est approuvée à Engelberg par 59,5 pour cent des votants. Avec ce résultat, Engelberg bascule dans le camp du oui. En 2020, la commune avait rejeté l'initiative ""pour une immigration modérée» avec 53 pour cent des voix."
1403,96.9,96.9,3.1,"Giswil (OW)","L'initiative ""Pas de Suisse à 10 millions!» est approuvée à Giswil par 96,9 pour cent des votants. Le soutien à l'initiative ""Pas de Suisse à 10 millions!» a augmenté à Giswil par rapport à l'initiative ""pour une immigration modérée» soumise au vote en 2020. Lors de cette votation, 54 pour cent des habitants de la commune avaient accepté ce texte."
1404,18.7,18.7,81.3,"Kerns (OW)","L'initiative ""Pas de Suisse à 10 millions!» n'a pas convaincu à Kerns. Les citoyens de la commune ont refusé le texte à 81,3 pour cent. En cinq ans, la commune a ainsi changé de camp sur la question de la limitation de l'immigration. Kerns avait rejeté l'initiative ""pour une immigration modérée» à 43,3 pour cent en 2020."
1405,61.7,61.7,38.3,"Lungern (OW)","Les habitants de Lungern acceptent à 61,7 pour cent l'initiative ""Pas de Suisse à 10 millions!». Avec ce résultat, Lungern bascule dans le camp du oui. En 2020, la commune avait rejeté l'initiative ""pour une immigration modérée» avec 50,6 pour cent des voix."
1406,48.8,48.8,51.2,"Sachseln (OW)","L'initiative ""Pas de Suisse à 10 millions!» n'a pas trouvé grâce aux yeux des citoyens de Sachseln. Ils ont refusé le texte à 51,2 pour cent. Le rejet de l'initiative est toutefois moins marqué que celui enregistré lors de la votation sur l'initiative ""pour une immigration modérée» en 2020. Les habitants de Sachseln avaient alors dit non à 53,6 pour cent."
1407,34.8,34.8,65.2,"Sarnen (OW)","L'initiative ""Pas de Suisse à 10 millions!» est refusée à 65,2 pour cent à Sarnen. Le refus de l'initiative ""Pas de Suisse à 10 millions!» est plus fort que celui observé pour l'initiative ""pour une immigration modérée» en 2020. La proportion de non à Sarnen était alors de 54,7 pour cent."
1501,25.1,25.1,74.9,"Beckenried (NW)","L'initiative ""Pas de Suisse à 10 millions!» est refusée à 74,9 pour cent à Beckenried. En cinq ans, la commune a ainsi changé de camp sur la question de la limitation de l'immigration. Beckenried avait rejeté l'initiative ""pour une immigration modérée» à 45,9 pour cent en 2020."
1502,50.3,50.3,49.7,"Buochs (NW)","Les habitants de Buochs soutiennent à 50,3 pour cent l'initiative ""Pas de Suisse à 10 millions!». Avec ce résultat, Buochs bascule dans le camp du oui. En 2020, la commune avait rejeté l'initiative ""pour une immigration modérée» avec 54,9 pour cent des voix."
1503,62.5,62.5,37.5,"Dallenwil (NW)","Dallenwil dit oui à 62,5 pour cent à l'initiative ""Pas de Suisse à 10 millions!». Le soutien à l'initiative ""Pas de Suisse à 10 millions!» a augmenté à Dallenwil par rapport à l'initiative ""pour une immigration modérée» soumise au vote en 2020. Lors de cette votation, 58,1 pour cent des habitants de la commune avaient accepté ce texte."
1504,94.5,94.5,5.5,"Emmetten (NW)","La population d'Emmetten approuve à 94,5 pour cent l'initiative ""Pas de Suisse à 10 millions!». Le soutien à l'initiative ""Pas de Suisse à 10 millions!» a augmenté à Emmetten par rapport à l'initiative ""pour une immigration modérée» soumise au vote en 2020. Lors de cette votation, 61,7 pour cent des habitants de la commune avaient accepté ce texte."
1505,88.5,88.5,11.5,"Ennetbürgen (NW)","La population d'Ennetbürgen approuve à 88,5 pour cent l'initiative ""Pas de Suisse à 10 millions!». Avec ce résultat, Ennetbürgen bascule dans le camp du oui. En 2020, la commune avait rejeté l'initiative ""pour une immigration modérée» avec 52,2 pour cent des voix."
1506,25.2,25.2,74.8,"Ennetmoos (NW)","L'initiative ""Pas de Suisse à 10 millions!» est refusée à 74,8 pour cent à Ennetmoos. En cinq ans, la commune a ainsi changé de camp sur la question de la limitation de l'immigration. Ennetmoos avait rejeté l'initiative ""pour une immigration modérée» à 43,6 pour cent en 2020."
1507,60.7,60.7,39.3,"Hergiswil (NW)","Hergiswil (NW) dit oui à 60,7 pour cent à l'initiative ""Pas de Suisse à 10 millions!». Avec ce résultat, Hergiswil (NW) bascule dans le camp du oui. En 2020, la commune avait rejeté l'initiative ""pour une immigration modérée» avec 53,7 pour cent des voix."
1508,69.8,69.8,30.2,"Oberdorf (NW)","Les habitants d'Oberdorf (NW) acceptent à 69,8 pour cent l'initiative ""Pas de Suisse à 10 millions!». Le soutien à l'initiative ""Pas de Suisse à 10 millions!» a augmenté à Oberdorf (NW) par rapport à l'initiative ""pour une immigration modérée» soumise au vote en 2020. Lors de cette votation, 50,1 pour cent des habitants de la commune avaient accepté ce texte."
1509,25.1,25.1,74.9,"Stans (NW)","L'initiative ""Pas de Suisse à 10 millions!» est refusée à 74,9 pour cent à Stans. Le refus de l'initiative ""Pas de Suisse à 10 millions!» est plus fort que celui observé pour l'initiative ""pour une immigration modérée» en 2020. La proportion de non à Stans était alors de 62,7 pour cent."
1510,65.5,65.5,34.5,"Stansstad (NW)","Les habitants de Stansstad acceptent à 65,5 pour cent l'initiative ""Pas de Suisse à 10 millions!». Avec ce résultat, Stansstad bascule dans le camp du oui. En 2020, la commune avait rejeté l'initiative ""pour une immigration modérée» avec 53,2 pour cent des voix."
1511,0.4,0.4,99.6,"Wolfenschiessen (NW)","La population de Wolfenschiessen rejette à 99,6 pour cent des voix l'initiative ""Pas de Suisse à 10 millions!». En cinq ans, la commune a ainsi changé de camp sur la question de la limitation de l'immigration. Wolfenschiessen avait rejeté l'initiative ""pour une immigration modérée» à 44,7 pour cent en 2020."
1630,32.9,32.9,67.1,"Glarus Nord (GL)","L'initiative ""Pas de Suisse à 10 millions!» n'a pas convaincu à Glarus Nord. Les citoyens de la commune ont refusé le texte à 67,1 pour cent. En cinq ans, la commune a ainsi changé de camp sur la question de la limitation de l'immigration. Glarus Nord avait rejeté l'initiative ""pour une immigration modérée» à 48 pour cent en 2020."
1631,70,70,30,"Glarus Süd (GL)","A Glarus Süd, les habitants disent oui à 70 pour cent à l'initiative ""Pas de Suisse à 10 millions!». Le soutien à l'initiative ""Pas de Suisse à 10 millions!» a augmenté à Glarus Süd par rapport à l'initiative ""pour une immigration modérée» soumise au vote en 2020. Lors de cette votation, 55,1 pour cent des habitants de la commune avaient accepté ce texte."
1632,43.3,43.3,56.7,"Glaris (GL)","L'initiative ""Pas de Suisse à 10 millions!» n'a pas trouvé grâce aux yeux des citoyens de Glaris. Ils ont refusé le texte à 56,7 pour cent. Le résultat a peu changé par rapport au vote sur l'initiative ""pour une immigration modérée» en 2020. Glaris avait alors dit non à 56,5 pour cent."
1701,93.9,93.9,6.1,"Baar (ZG)","Les habitants de Baar acceptent à 93,9 pour cent l'initiative ""Pas de Suisse à 10 millions!». Avec ce résultat, Baar bascule dans le camp du oui. En 2020, la commune avait rejeté l'initiative ""pour une immigration modérée» avec 61 pour cent des voix."
1702,56.8,56.8,43.2,"Cham (ZG)","L'initiative ""Pas de Suisse à 10 millions!» est approuvée à Cham par 56,8 pour cent des votants. Avec ce résultat, Cham bascule dans le camp du oui. En 2020, la commune avait rejeté l'initiative ""pour une immigration modérée» avec 61,6 pour cent des voix."
1703,30.2,30.2,69.8,"Hünenberg (ZG)","A Hünenberg, les citoyens rejettent à 69,8 pour cent l'initiative ""Pas de Suisse à 10 millions!». Le refus de l'initiative ""Pas de Suisse à 10 millions!» est plus fort que celui observé pour l'initiative ""pour une immigration modérée» en 2020. La proportion de non à Hünenberg était alors de 63,6 pour cent."
1704,75.7,75.7,24.3,"Menzingen (ZG)","Les habitants de Menzingen acceptent à 75,7 pour cent l'initiative ""Pas de Suisse à 10 millions!». Le soutien à l'initiative ""Pas de Suisse à 10 millions!» a augmenté à Menzingen par rapport à l'initiative ""pour une immigration modérée» soumise au vote en 2020. Lors de cette votation, 51,6 pour cent des habitants de la commune avaient accepté ce texte."
1705,53.9,53.9,46.1,"Neuheim (ZG)","L'initiative ""Pas de Suisse à 10 millions!» passe la rampe avec 53,9 pour cent de oui à Neuheim. Avec ce résultat, Neuheim bascule dans le camp du oui. En 2020, la commune avait rejeté l'initiative ""pour une immigration modérée» avec 51,1 pour cent des voix."
1706,90.1,90.1,9.9,"Oberägeri (ZG)","L'initiative ""Pas de Suisse à 10 millions!» est approuvée à Oberägeri par 90,1 pour cent des votants. Le soutien à l'initiative ""Pas de Suisse à 10 millions!» a augmenté à Oberägeri par rapport à l'initiative ""pour une immigration modérée» soumise au vote en 2020. Lors de cette votation, 52 pour cent des habitants de la commune avaient accepté ce texte."
1707,73,73,27,"Risch (ZG)","Les habitants de Risch soutiennent à 73 pour cent l'initiative ""Pas de Suisse à 10 millions!». Avec ce résultat, Risch bascule dans le camp du oui. En 2020, la commune avait rejeté l'initiative ""pour une immigration modérée» avec 55,9 pour cent des voix."
1708,0.2,0.2,99.8,"Steinhausen (ZG)","La population de Steinhausen rejette à 99,8 pour cent des voix l'initiative ""Pas de Suisse à 10 millions!». Le refus de l'initiative ""Pas de Suisse à 10 millions!» est plus fort que celui observé pour l'initiative ""pour une immigration modérée» en 2020. La proportion de non à Steinhausen était alors de 64,2 pour cent."
1709,55.6,55.6,44.4,"Unterägeri (ZG)","La population d'Unterägeri approuve à 55,6 pour cent l'initiative ""Pas de Suisse à 10 millions!». Avec ce résultat, Unterägeri bascule dans le camp du oui. En 2020, la commune avait rejeté l'initiative ""pour une immigration modérée» avec 54,4 pour cent des voix."
1710,73,73,27,"Walchwil (ZG)","L'initiative ""Pas de Suisse à 10 millions!» est approuvée à Walchwil par 73 pour cent des votants. Avec ce résultat, Walchwil bascule dans le camp du oui. En 2020, la commune avait rejeté l'initiative ""pour une immigration modérée» avec 50,8 pour cent des voix."
1711,66,66,34,"Zoug (ZG)","L'initiative ""Pas de Suisse à 10 millions!» passe la rampe avec 66 pour cent de oui à Zoug. Avec ce résultat, Zoug bascule dans le camp du oui. En 2020, la commune avait rejeté l'initiative ""pour une immigration modérée» avec 67 pour cent des voix."
2008,39.7,39.7,60.3,"Châtillon (FR)","L'initiative ""Pas de Suisse à 10 millions!» n'a pas trouvé grâce aux yeux des citoyens de Châtillon (FR). Ils ont refusé le texte à 60,3 pour cent. Le rejet de l'initiative est toutefois moins marqué que celui enregistré lors de la votation sur l'initiative ""pour une immigration modérée» en 2020. Les habitants de Châtillon (FR) avaient alors dit non à 66,8 pour cent."
2011,44.7,44.7,55.3,"Cugy (FR)","L'initiative ""Pas de Suisse à 10 millions!» n'a pas convaincu à Cugy (FR). Les citoyens de la commune ont refusé le texte à 55,3 pour cent. Le rejet de l'initiative est toutefois moins marqué que celui enregistré lors de la votation sur l'initiative ""pour une immigration modérée» en 2020. Les habitants de Cugy (FR) avaient alors dit non à 58,2 pour cent."
2022,21.6,21.6,78.4,"Gletterens (FR)","La population de Gletterens rejette à 78,4 pour cent des voix l'initiative ""Pas de Suisse à 10 millions!». Le refus de l'initiative ""Pas de Suisse à 10 millions!» est plus fort que celui observé pour l'initiative ""pour une immigration modérée» en 2020. La proportion de non à Gletterens était alors de 54,1 pour cent."
2025,58.1,58.1,41.9,"Lully (FR)","Les habitants de Lully (FR) acceptent à 58,1 pour cent l'initiative ""Pas de Suisse à 10 millions!». Avec ce résultat, Lully (FR) bascule dans le camp du oui. En 2020, la commune avait rejeté l'initiative ""pour une immigration modérée» avec 52,9 pour cent des voix."
2029,53.6,53.6,46.4,"Montagny (FR)","La population de Montagny (FR) approuve à 53,6 pour cent l'initiative ""Pas de Suisse à 10 millions!». Avec ce résultat, Montagny (FR) bascule dans le camp du oui. En 2020, la commune avait rejeté l'initiative ""pour une immigration modérée» avec 60,7 pour cent des voix."
2035,49.8,49.8,50.2,"Nuvilly (FR)","L'initiative ""Pas de Suisse à 10 millions!» est refusée à 50,2 pour cent à Nuvilly. Le rejet de l'initiative est toutefois moins marqué que celui enregistré lors de la votation sur l'initiative ""pour une immigration modérée» en 2020. Les habitants de Nuvilly avaient alors dit non à 56,6 pour cent."
2038,69.5,69.5,30.5,"Prévondavaux (FR)","La population de Prévondavaux approuve à 69,5 pour cent l'initiative ""Pas de Suisse à 10 millions!»."
2041,53.4,53.4,46.6,"Saint-Aubin (FR)","Saint-Aubin (FR) dit oui à 53,4 pour cent à l'initiative ""Pas de Suisse à 10 millions!». Avec ce résultat, Saint-Aubin (FR) bascule dans le camp du oui. En 2020, la commune avait rejeté l'initiative ""pour une immigration modérée» avec 64,7 pour cent des voix."
2043,65.5,65.5,34.5,"Sévaz (FR)","L'initiative ""Pas de Suisse à 10 millions!» passe la rampe avec 65,5 pour cent de oui à Sévaz. Avec ce résultat, Sévaz bascule dans le camp du oui. En 2020, la commune avait rejeté l'initiative ""pour une immigration modérée» avec 54,7 pour cent des voix."
2044,33.2,33.2,66.8,"Surpierre (FR)","C'est non à l'initiative ""Pas de Suisse à 10 millions!» à Surpierre. Les habitants ont refusé le texte à 66,8 pour cent. Le refus de l'initiative ""Pas de Suisse à 10 millions!» est plus fort que celui observé pour l'initiative ""pour une immigration modérée» en 2020. La proportion de non à Surpierre était alors de 50,4 pour cent."
2045,23.2,23.2,76.8,"Vallon (FR)","Les habitants de Vallon s'opposent à l'initiative ""Pas de Suisse à 10 millions!» par 76,8 pour cent des voix. Le refus de l'initiative ""Pas de Suisse à 10 millions!» est plus fort que celui observé pour l'initiative ""pour une immigration modérée» en 2020. La proportion de non à Vallon était alors de 61,7 pour cent."
2050,69.4,69.4,30.6,"Les Montets (FR)","Les habitants des Montets soutiennent à 69,4 pour cent l'initiative ""Pas de Suisse à 10 millions!». Avec ce résultat, Les Montets bascule dans le camp du oui. En 2020, la commune avait rejeté l'initiative ""pour une immigration modérée» avec 56,3 pour cent des voix."
2051,68.7,68.7,31.3,"Delley-Portalban (FR)","L'initiative ""Pas de Suisse à 10 millions!» est approuvée à Delley-Portalban par 68,7 pour cent des votants. Avec ce résultat, Delley-Portalban bascule dans le camp du oui. En 2020, la commune avait rejeté l'initiative ""pour une immigration modérée» avec 50,7 pour cent des voix."
2053,34.2,34.2,65.8,"Belmont-Broye (FR)","L'initiative ""Pas de Suisse à 10 millions!» n'a pas convaincu à Belmont-Broye. Les citoyens de la commune ont refusé le texte à 65,8 pour cent. Le refus de l'initiative ""Pas de Suisse à 10 millions!» est plus fort que celui observé pour l'initiative ""pour une immigration modérée» en 2020. La proportion de non à Belmont-Broye était alors de 57,2 pour cent."
2054,54.4,54.4,45.6,"Estavayer (FR)","L'initiative ""Pas de Suisse à 10 millions!» est approuvée à Estavayer par 54,4 pour cent des votants. Avec ce résultat, Estavayer bascule dans le camp du oui. En 2020, la commune avait rejeté l'initiative ""pour une immigration modérée» avec 63 pour cent des voix."
2055,15.8,15.8,84.2,"Cheyres-Châbles (FR)","C'est non à l'initiative ""Pas de Suisse à 10 millions!» à Cheyres-Châbles. Les habitants ont refusé le texte à 84,2 pour cent. Le refus de l'initiative ""Pas de Suisse à 10 millions!» est plus fort que celui observé pour l'initiative ""pour une immigration modérée» en 2020. La proportion de non à Cheyres-Châbles était alors de 64,6 pour cent."
2056,47,47,53,"Fétigny-Ménières (FR)","L'initiative ""Pas de Suisse à 10 millions!» n'a pas trouvé grâce aux yeux des citoyens de Fétigny-Ménières. Ils ont refusé le texte à 53 pour cent. Le rejet de l'initiative est toutefois moins marqué que celui enregistré lors de la votation sur l'initiative ""pour une immigration modérée» en 2020. Les habitants de Fétigny-Ménières avaient alors dit non à 57,9 pour cent."
2063,65.2,65.2,34.8,"Billens-Hennens (FR)","La population de Billens-Hennens approuve à 65,2 pour cent l'initiative ""Pas de Suisse à 10 millions!». Avec ce résultat, Billens-Hennens bascule dans le camp du oui. En 2020, la commune avait rejeté l'initiative ""pour une immigration modérée» avec 61,3 pour cent des voix."
2067,54.7,54.7,45.3,"Le Châtelard (FR)","L'initiative ""Pas de Suisse à 10 millions!» passe la rampe avec 54,7 pour cent de oui au Châtelard. Le soutien à l'initiative ""Pas de Suisse à 10 millions!» a augmenté au Châtelard par rapport à l'initiative ""pour une immigration modérée» soumise au vote en 2020. Lors de cette votation, 50,7 pour cent des habitants de la commune avaient accepté ce texte."
2068,4.2,4.2,95.8,"Châtonnaye (FR)","C'est non à l'initiative ""Pas de Suisse à 10 millions!» à Châtonnaye. Les habitants ont refusé le texte à 95,8 pour cent. Le refus de l'initiative ""Pas de Suisse à 10 millions!» est plus fort que celui observé pour l'initiative ""pour une immigration modérée» en 2020. La proportion de non à Châtonnaye était alors de 63,9 pour cent."
2079,60.9,60.9,39.1,"Grangettes (FR)","Les habitants de Grangettes acceptent à 60,9 pour cent l'initiative ""Pas de Suisse à 10 millions!». Le soutien à l'initiative ""Pas de Suisse à 10 millions!» a augmenté à Grangettes par rapport à l'initiative ""pour une immigration modérée» soumise au vote en 2020. Lors de cette votation, 58,9 pour cent des habitants de la commune avaient accepté ce texte."
2086,11,11,89,"Massonnens (FR)","L'initiative ""Pas de Suisse à 10 millions!» n'a pas convaincu à Massonnens. Les citoyens de la commune ont refusé le texte à 89 pour cent. Le refus de l'initiative ""Pas de Suisse à 10 millions!» est plus fort que celui observé pour l'initiative ""pour une immigration modérée» en 2020. La proportion de non à Massonnens était alors de 58,5 pour cent."
2087,70.3,70.3,29.7,"Mézières (FR)","Les habitants de Mézières (FR) soutiennent à 70,3 pour cent l'initiative ""Pas de Suisse à 10 millions!». Avec ce résultat, Mézières (FR) bascule dans le camp du oui. En 2020, la commune avait rejeté l'initiative ""pour une immigration modérée» avec 55,2 pour cent des voix."
2096,59.4,59.4,40.6,"Romont (FR)","A Romont (FR), les habitants disent oui à 59,4 pour cent à l'initiative ""Pas de Suisse à 10 millions!». Avec ce résultat, Romont (FR) bascule dans le camp du oui. En 2020, la commune avait rejeté l'initiative ""pour une immigration modérée» avec 66,5 pour cent des voix."
2097,68.3,68.3,31.7,"Rue (FR)","Les habitants de Rue acceptent à 68,3 pour cent l'initiative ""Pas de Suisse à 10 millions!». Avec ce résultat, Rue bascule dans le camp du oui. En 2020, la commune avait rejeté l'initiative ""pour une immigration modérée» avec 59,9 pour cent des voix."
2099,43.6,43.6,56.4,"Siviriez (FR)","L'initiative ""Pas de Suisse à 10 millions!» n'a pas trouvé grâce aux yeux des citoyens de Siviriez. Ils ont refusé le texte à 56,4 pour cent. Le résultat a peu changé par rapport au vote sur l'initiative ""pour une immigration modérée» en 2020. Siviriez avait alors dit non à 56,8 pour cent."
2102,32.9,32.9,67.1,"Ursy (FR)","La population d'Ursy rejette à 67,1 pour cent des voix l'initiative ""Pas de Suisse à 10 millions!». Le refus de l'initiative ""Pas de Suisse à 10 millions!» est plus fort que celui observé pour l'initiative ""pour une immigration modérée» en 2020. La proportion de non à Ursy était alors de 55,6 pour cent."
2113,55.6,55.6,44.4,"Vuisternens-devant-Romont (FR)","Les habitants de Vuisternens-devant-Romont acceptent à 55,6 pour cent l'initiative ""Pas de Suisse à 10 millions!». Avec ce résultat, Vuisternens-devant-Romont bascule dans le camp du oui. En 2020, la commune avait rejeté l'initiative ""pour une immigration modérée» avec 54 pour cent des voix."
2114,0.3,0.3,99.7,"Villorsonnens (FR)","L'initiative ""Pas de Suisse à 10 millions!» n'a pas convaincu à Villorsonnens. Les citoyens de la commune ont refusé le texte à 99,7 pour cent. En cinq ans, la commune a ainsi changé de camp sur la question de la limitation de l'immigration. Villorsonnens avait rejeté l'initiative ""pour une immigration modérée» à 47,4 pour cent en 2020."
2115,51.3,51.3,48.7,"Torny (FR)","L'initiative ""Pas de Suisse à 10 millions!» est approuvée à Torny par 51,3 pour cent des votants. Avec ce résultat, Torny bascule dans le camp du oui. En 2020, la commune avait rejeté l'initiative ""pour une immigration modérée» avec 56,4 pour cent des voix."
2117,25.9,25.9,74.1,"Villaz (FR)","L'initiative ""Pas de Suisse à 10 millions!» n'a pas convaincu à Villaz. Les citoyens de la commune ont refusé le texte à 74,1 pour cent. Le refus de l'initiative ""Pas de Suisse à 10 millions!» est plus fort que celui observé pour l'initiative ""pour une immigration modérée» en 2020. La proportion de non à Villaz était alors de 63,1 pour cent."
2121,70.6,70.6,29.4,"Haut-Intyamon (FR)","La population de Haut-Intyamon approuve à 70,6 pour cent l'initiative ""Pas de Suisse à 10 millions!». Avec ce résultat, Haut-Intyamon bascule dans le camp du oui. En 2020, la commune avait rejeté l'initiative ""pour une immigration modérée» avec 57,7 pour cent des voix."
2122,81.2,81.2,18.8,"Pont-en-Ogoz (FR)","Pont-en-Ogoz dit oui à 81,2 pour cent à l'initiative ""Pas de Suisse à 10 millions!». Avec ce résultat, Pont-en-Ogoz bascule dans le camp du oui. En 2020, la commune avait rejeté l'initiative ""pour une immigration modérée» avec 60,3 pour cent des voix."
2123,48.1,48.1,51.9,"Botterens (FR)","L'initiative ""Pas de Suisse à 10 millions!» est refusée à 51,9 pour cent à Botterens. Le rejet de l'initiative est toutefois moins marqué que celui enregistré lors de la votation sur l'initiative ""pour une immigration modérée» en 2020. Les habitants de Botterens avaient alors dit non à 57,8 pour cent."
2124,70.7,70.7,29.3,"Broc (FR)","Broc dit oui à 70,7 pour cent à l'initiative ""Pas de Suisse à 10 millions!». Avec ce résultat, Broc bascule dans le camp du oui. En 2020, la commune avait rejeté l'initiative ""pour une immigration modérée» avec 64,4 pour cent des voix."
2125,45.7,45.7,54.3,"Bulle (FR)","L'initiative ""Pas de Suisse à 10 millions!» n'a pas convaincu à Bulle. Les citoyens de la commune ont refusé le texte à 54,3 pour cent. Le rejet de l'initiative est toutefois moins marqué que celui enregistré lors de la votation sur l'initiative ""pour une immigration modérée» en 2020. Les habitants de Bulle avaient alors dit non à 67,3 pour cent."
2128,59.8,59.8,40.2,"Châtel-sur-Montsalvens (FR)","Les habitants de Châtel-sur-Montsalvens soutiennent à 59,8 pour cent l'initiative ""Pas de Suisse à 10 millions!». Avec ce résultat, Châtel-sur-Montsalvens bascule dans le camp du oui. En 2020, la commune avait rejeté l'initiative ""pour une immigration modérée» avec 59 pour cent des voix."
2129,1.6,1.6,98.4,"Corbières (FR)","L'initiative ""Pas de Suisse à 10 millions!» n'a pas trouvé grâce aux yeux des citoyens de Corbières. Ils ont refusé le texte à 98,4 pour cent. Le refus de l'initiative ""Pas de Suisse à 10 millions!» est plus fort que celui observé pour l'initiative ""pour une immigration modérée» en 2020. La proportion de non à Corbières était alors de 56,7 pour cent."
2130,62.3,62.3,37.7,"Crésuz (FR)","Crésuz dit oui à 62,3 pour cent à l'initiative ""Pas de Suisse à 10 millions!». Avec ce résultat, Crésuz bascule dans le camp du oui. En 2020, la commune avait rejeté l'initiative ""pour une immigration modérée» avec 59,2 pour cent des voix."
2131,56.4,56.4,43.6,"Echarlens (FR)","A Echarlens, les habitants disent oui à 56,4 pour cent à l'initiative ""Pas de Suisse à 10 millions!». Avec ce résultat, Echarlens bascule dans le camp du oui. En 2020, la commune avait rejeté l'initiative ""pour une immigration modérée» avec 68,5 pour cent des voix."
2134,61.6,61.6,38.4,"Grandvillard (FR)","L'initiative ""Pas de Suisse à 10 millions!» passe la rampe avec 61,6 pour cent de oui à Grandvillard. Avec ce résultat, Grandvillard bascule dans le camp du oui. En 2020, la commune avait rejeté l'initiative ""pour une immigration modérée» avec 64,6 pour cent des voix."
2135,68.9,68.9,31.1,"Gruyères (FR)","Les habitants de Gruyères soutiennent à 68,9 pour cent l'initiative ""Pas de Suisse à 10 millions!». Avec ce résultat, Gruyères bascule dans le camp du oui. En 2020, la commune avait rejeté l'initiative ""pour une immigration modérée» avec 64,5 pour cent des voix."
2137,52.7,52.7,47.3,"Hauteville (FR)","Hauteville dit oui à 52,7 pour cent à l'initiative ""Pas de Suisse à 10 millions!». Avec ce résultat, Hauteville bascule dans le camp du oui. En 2020, la commune avait rejeté l'initiative ""pour une immigration modérée» avec 70,2 pour cent des voix."
2138,95.3,95.3,4.7,"Bellegarde (FR)","A Bellegarde, les habitants disent oui à 95,3 pour cent à l'initiative ""Pas de Suisse à 10 millions!». Le soutien à l'initiative ""Pas de Suisse à 10 millions!» a augmenté à Bellegarde par rapport à l'initiative ""pour une immigration modérée» soumise au vote en 2020. Lors de cette votation, 67 pour cent des habitants de la commune avaient accepté ce texte."
2140,74.5,74.5,25.5,"Marsens (FR)","L'initiative ""Pas de Suisse à 10 millions!» passe la rampe avec 74,5 pour cent de oui à Marsens. Avec ce résultat, Marsens bascule dans le camp du oui. En 2020, la commune avait rejeté l'initiative ""pour une immigration modérée» avec 68,4 pour cent des voix."
2143,48.2,48.2,51.8,"Morlon (FR)","La population de Morlon rejette à 51,8 pour cent des voix l'initiative ""Pas de Suisse à 10 millions!». Le rejet de l'initiative est toutefois moins marqué que celui enregistré lors de la votation sur l'initiative ""pour une immigration modérée» en 2020. Les habitants de Morlon avaient alors dit non à 65,9 pour cent."
2145,62.9,62.9,37.1,"Le Pâquier (FR)","Le Pâquier (FR) dit oui à 62,9 pour cent à l'initiative ""Pas de Suisse à 10 millions!». Avec ce résultat, Le Pâquier (FR) bascule dans le camp du oui. En 2020, la commune avait rejeté l'initiative ""pour une immigration modérée» avec 65,2 pour cent des voix."
2147,7,7,93,"Pont-la-Ville (FR)","L'initiative ""Pas de Suisse à 10 millions!» est refusée à 93 pour cent à Pont-la-Ville. Le refus de l'initiative ""Pas de Suisse à 10 millions!» est plus fort que celui observé pour l'initiative ""pour une immigration modérée» en 2020. La proportion de non à Pont-la-Ville était alors de 60,2 pour cent."
2148,61,61,39,"Riaz (FR)","L'initiative ""Pas de Suisse à 10 millions!» passe la rampe avec 61 pour cent de oui à Riaz. Avec ce résultat, Riaz bascule dans le camp du oui. En 2020, la commune avait rejeté l'initiative ""pour une immigration modérée» avec 62,2 pour cent des voix."
2149,54,54,46,"La Roche (FR)","Les habitants de La Roche soutiennent à 54 pour cent l'initiative ""Pas de Suisse à 10 millions!». Les avis restent ainsi stables sur la question de l'immigration à La Roche. En 2020, la commune avait déjà voté oui à 54,3 pour cent à l'initiative ""pour une immigration modérée»."
2152,60.8,60.8,39.2,"Sâles (FR)","A Sâles, les habitants disent oui à 60,8 pour cent à l'initiative ""Pas de Suisse à 10 millions!». Avec ce résultat, Sâles bascule dans le camp du oui. En 2020, la commune avait rejeté l'initiative ""pour une immigration modérée» avec 62,8 pour cent des voix."
2153,55.7,55.7,44.3,"Sorens (FR)","Les habitants de Sorens acceptent à 55,7 pour cent l'initiative ""Pas de Suisse à 10 millions!». Avec ce résultat, Sorens bascule dans le camp du oui. En 2020, la commune avait rejeté l'initiative ""pour une immigration modérée» avec 58,2 pour cent des voix."
2155,52.7,52.7,47.3,"Vaulruz (FR)","Vaulruz dit oui à 52,7 pour cent à l'initiative ""Pas de Suisse à 10 millions!». Avec ce résultat, Vaulruz bascule dans le camp du oui. En 2020, la commune avait rejeté l'initiative ""pour une immigration modérée» avec 62,2 pour cent des voix."
2160,17.9,17.9,82.1,"Vuadens (FR)","A Vuadens, les citoyens rejettent à 82,1 pour cent l'initiative ""Pas de Suisse à 10 millions!». Le refus de l'initiative ""Pas de Suisse à 10 millions!» est plus fort que celui observé pour l'initiative ""pour une immigration modérée» en 2020. La proportion de non à Vuadens était alors de 61,5 pour cent."
2162,47,47,53,"Bas-Intyamon (FR)","C'est non à l'initiative ""Pas de Suisse à 10 millions!» à Bas-Intyamon. Les habitants ont refusé le texte à 53 pour cent. Le rejet de l'initiative est toutefois moins marqué que celui enregistré lors de la votation sur l'initiative ""pour une immigration modérée» en 2020. Les habitants de Bas-Intyamon avaient alors dit non à 57,9 pour cent."
2163,82.1,82.1,17.9,"Val-de-Charmey (FR)","L'initiative ""Pas de Suisse à 10 millions!» est approuvée à Val-de-Charmey par 82,1 pour cent des votants. Avec ce résultat, Val-de-Charmey bascule dans le camp du oui. En 2020, la commune avait rejeté l'initiative ""pour une immigration modérée» avec 51,5 pour cent des voix."
2173,45.2,45.2,54.8,"Autigny (FR)","A Autigny, les citoyens rejettent à 54,8 pour cent l'initiative ""Pas de Suisse à 10 millions!». Le rejet de l'initiative est toutefois moins marqué que celui enregistré lors de la votation sur l'initiative ""pour une immigration modérée» en 2020. Les habitants d'Autigny avaient alors dit non à 62,9 pour cent."
2174,46.9,46.9,53.1,"Avry (FR)","C'est non à l'initiative ""Pas de Suisse à 10 millions!» à Avry. Les habitants ont refusé le texte à 53,1 pour cent. Le rejet de l'initiative est toutefois moins marqué que celui enregistré lors de la votation sur l'initiative ""pour une immigration modérée» en 2020. Les habitants d'Avry avaient alors dit non à 71,8 pour cent."
2175,75.7,75.7,24.3,"Belfaux (FR)","La population de Belfaux approuve à 75,7 pour cent l'initiative ""Pas de Suisse à 10 millions!». Avec ce résultat, Belfaux bascule dans le camp du oui. En 2020, la commune avait rejeté l'initiative ""pour une immigration modérée» avec 72,4 pour cent des voix."
2177,65.6,65.6,34.4,"Chénens (FR)","L'initiative ""Pas de Suisse à 10 millions!» passe la rampe avec 65,6 pour cent de oui à Chénens. Avec ce résultat, Chénens bascule dans le camp du oui. En 2020, la commune avait rejeté l'initiative ""pour une immigration modérée» avec 65,2 pour cent des voix."
2183,36.8,36.8,63.2,"Corminboeuf (FR)","Les habitants de Corminboeuf s'opposent à l'initiative ""Pas de Suisse à 10 millions!» par 63,2 pour cent des voix. Le rejet de l'initiative est toutefois moins marqué que celui enregistré lors de la votation sur l'initiative ""pour une immigration modérée» en 2020. Les habitants de Corminboeuf avaient alors dit non à 72,5 pour cent."
2186,42.8,42.8,57.2,"Cottens (FR)","Les habitants de Cottens (FR) s'opposent à l'initiative ""Pas de Suisse à 10 millions!» par 57,2 pour cent des voix. Le rejet de l'initiative est toutefois moins marqué que celui enregistré lors de la votation sur l'initiative ""pour une immigration modérée» en 2020. Les habitants de Cottens (FR) avaient alors dit non à 68,6 pour cent."
2194,16.4,16.4,83.6,"Ferpicloz (FR)","L'initiative ""Pas de Suisse à 10 millions!» n'a pas trouvé grâce aux yeux des citoyens de Ferpicloz. Ils ont refusé le texte à 83,6 pour cent. Le refus de l'initiative ""Pas de Suisse à 10 millions!» est plus fort que celui observé pour l'initiative ""pour une immigration modérée» en 2020. La proportion de non à Ferpicloz était alors de 60,5 pour cent."
2196,13.9,13.9,86.1,"Fribourg (FR)","Les habitants de Fribourg s'opposent à l'initiative ""Pas de Suisse à 10 millions!» par 86,1 pour cent des voix. Le refus de l'initiative ""Pas de Suisse à 10 millions!» est plus fort que celui observé pour l'initiative ""pour une immigration modérée» en 2020. La proportion de non à Fribourg était alors de 78,4 pour cent."
2197,40.9,40.9,59.1,"Givisiez (FR)","L'initiative ""Pas de Suisse à 10 millions!» n'a pas trouvé grâce aux yeux des citoyens de Givisiez. Ils ont refusé le texte à 59,1 pour cent. Le rejet de l'initiative est toutefois moins marqué que celui enregistré lors de la votation sur l'initiative ""pour une immigration modérée» en 2020. Les habitants de Givisiez avaient alors dit non à 70,3 pour cent."
2198,81.6,81.6,18.4,"Granges-Paccot (FR)","A Granges-Paccot, les habitants disent oui à 81,6 pour cent à l'initiative ""Pas de Suisse à 10 millions!». Avec ce résultat, Granges-Paccot bascule dans le camp du oui. En 2020, la commune avait rejeté l'initiative ""pour une immigration modérée» avec 67,3 pour cent des voix."
2206,32.1,32.1,67.9,"Marly (FR)","A Marly, les citoyens rejettent à 67,9 pour cent l'initiative ""Pas de Suisse à 10 millions!». Le rejet de l'initiative est toutefois moins marqué que celui enregistré lors de la votation sur l'initiative ""pour une immigration modérée» en 2020. Les habitants de Marly avaient alors dit non à 72,5 pour cent."
2208,36.1,36.1,63.9,"Matran (FR)","L'initiative ""Pas de Suisse à 10 millions!» est refusée à 63,9 pour cent à Matran. Le rejet de l'initiative est toutefois moins marqué que celui enregistré lors de la votation sur l'initiative ""pour une immigration modérée» en 2020. Les habitants de Matran avaient alors dit non à 76 pour cent."
2211,68,68,32,"Neyruz (FR)","Les habitants de Neyruz (FR) acceptent à 68 pour cent l'initiative ""Pas de Suisse à 10 millions!». Avec ce résultat, Neyruz (FR) bascule dans le camp du oui. En 2020, la commune avait rejeté l'initiative ""pour une immigration modérée» avec 75,4 pour cent des voix."
2216,44,44,56,"Pierrafortscha (FR)","Les habitants de Pierrafortscha s'opposent à l'initiative ""Pas de Suisse à 10 millions!» par 56 pour cent des voix. Le rejet de l'initiative est toutefois moins marqué que celui enregistré lors de la votation sur l'initiative ""pour une immigration modérée» en 2020. Les habitants de Pierrafortscha avaient alors dit non à 64,9 pour cent."
2220,63.6,63.6,36.4,"Le Mouret (FR)","L'initiative ""Pas de Suisse à 10 millions!» est approuvée au Mouret par 63,6 pour cent des votants. Avec ce résultat, Le Mouret bascule dans le camp du oui. En 2020, la commune avait rejeté l'initiative ""pour une immigration modérée» avec 57,3 pour cent des voix."
2226,75.3,75.3,24.7,"Treyvaux (FR)","Treyvaux dit oui à 75,3 pour cent à l'initiative ""Pas de Suisse à 10 millions!». Avec ce résultat, Treyvaux bascule dans le camp du oui. En 2020, la commune avait rejeté l'initiative ""pour une immigration modérée» avec 63,4 pour cent des voix."
2228,12.7,12.7,87.3,"Villars-sur-Glâne (FR)","A Villars-sur-Glâne, les citoyens rejettent à 87,3 pour cent l'initiative ""Pas de Suisse à 10 millions!». Le refus de l'initiative ""Pas de Suisse à 10 millions!» est plus fort que celui observé pour l'initiative ""pour une immigration modérée» en 2020. La proportion de non à Villars-sur-Glâne était alors de 77,2 pour cent."
2230,18.5,18.5,81.5,"Villarsel-sur-Marly (FR)","C'est non à l'initiative ""Pas de Suisse à 10 millions!» à Villarsel-sur-Marly. Les habitants ont refusé le texte à 81,5 pour cent. Le refus de l'initiative ""Pas de Suisse à 10 millions!» est plus fort que celui observé pour l'initiative ""pour une immigration modérée» en 2020. La proportion de non à Villarsel-sur-Marly était alors de 64,9 pour cent."
2233,18,18,82,"Hauterive (FR)","Les habitants de Hauterive (FR) s'opposent à l'initiative ""Pas de Suisse à 10 millions!» par 82 pour cent des voix. Le refus de l'initiative ""Pas de Suisse à 10 millions!» est plus fort que celui observé pour l'initiative ""pour une immigration modérée» en 2020. La proportion de non à Hauterive (FR) était alors de 67,9 pour cent."
2234,83,83,17,"La Brillaz (FR)","La Brillaz dit oui à 83 pour cent à l'initiative ""Pas de Suisse à 10 millions!». Avec ce résultat, La Brillaz bascule dans le camp du oui. En 2020, la commune avait rejeté l'initiative ""pour une immigration modérée» avec 67,1 pour cent des voix."
2235,72.8,72.8,27.2,"La Sonnaz (FR)","La population de La Sonnaz approuve à 72,8 pour cent l'initiative ""Pas de Suisse à 10 millions!». Avec ce résultat, La Sonnaz bascule dans le camp du oui. En 2020, la commune avait rejeté l'initiative ""pour une immigration modérée» avec 70,7 pour cent des voix."
2236,10.5,10.5,89.5,"Gibloux (FR)","L'initiative ""Pas de Suisse à 10 millions!» n'a pas trouvé grâce aux yeux des citoyens de Gibloux. Ils ont refusé le texte à 89,5 pour cent. Le refus de l'initiative ""Pas de Suisse à 10 millions!» est plus fort que celui observé pour l'initiative ""pour une immigration modérée» en 2020. La proportion de non à Gibloux était alors de 66,1 pour cent."
2237,99.3,99.3,0.7,"Prez (FR)","Les habitants de Prez soutiennent à 99,3 pour cent l'initiative ""Pas de Suisse à 10 millions!». Avec ce résultat, Prez bascule dans le camp du oui. En 2020, la commune avait rejeté l'initiative ""pour une immigration modérée» avec 68 pour cent des voix."
2238,54.6,54.6,45.4,"Bois-d'Amont (FR)","Bois-d'Amont dit oui à 54,6 pour cent à l'initiative ""Pas de Suisse à 10 millions!». Avec ce résultat, Bois-d'Amont bascule dans le camp du oui. En 2020, la commune avait rejeté l'initiative ""pour une immigration modérée» avec 68,2 pour cent des voix."
2239,49,49,51,"Grolley-Ponthaux (FR)","C'est non à l'initiative ""Pas de Suisse à 10 millions!» à Grolley-Ponthaux. Les habitants ont refusé le texte à 51 pour cent. Le rejet de l'initiative est toutefois moins marqué que celui enregistré lors de la votation sur l'initiative ""pour une immigration modérée» en 2020. Les habitants de Grolley-Ponthaux avaient alors dit non à 61,6 pour cent."
2250,55.8,55.8,44.2,"Courgevaux (FR)","Les habitants de Courgevaux acceptent à 55,8 pour cent l'initiative ""Pas de Suisse à 10 millions!». Avec ce résultat, Courgevaux bascule dans le camp du oui. En 2020, la commune avait rejeté l'initiative ""pour une immigration modérée» avec 67,7 pour cent des voix."
2254,61,61,39,"Courtepin (FR)","Les habitants de Courtepin soutiennent à 61 pour cent l'initiative ""Pas de Suisse à 10 millions!». Avec ce résultat, Courtepin bascule dans le camp du oui. En 2020, la commune avait rejeté l'initiative ""pour une immigration modérée» avec 57,3 pour cent des voix."
2257,99.8,99.8,0.2,"Cressier (FR)","Avec l'initiative ""Pas de Suisse à 10 millions!», Cressier (FR) enregistre la plus forte part de oui de Suisse, avec 99,8 pour cent. Avec ce résultat, Cressier (FR) bascule dans le camp du oui. En 2020, la commune avait rejeté l'initiative ""pour une immigration modérée» avec 66,1 pour cent des voix."
2258,5.1,5.1,94.9,"Fräschels (FR)","L'initiative ""Pas de Suisse à 10 millions!» est refusée à 94,9 pour cent à Fräschels. Le refus de l'initiative ""Pas de Suisse à 10 millions!» est plus fort que celui observé pour l'initiative ""pour une immigration modérée» en 2020. La proportion de non à Fräschels était alors de 55,8 pour cent."
2261,72.6,72.6,27.4,"Greng (FR)","L'initiative ""Pas de Suisse à 10 millions!» passe la rampe avec 72,6 pour cent de oui à Greng. Avec ce résultat, Greng bascule dans le camp du oui. En 2020, la commune avait rejeté l'initiative ""pour une immigration modérée» avec 60,4 pour cent des voix."
2262,53.6,53.6,46.4,"Cormondes (FR)","Les habitants de Cormondes soutiennent à 53,6 pour cent l'initiative ""Pas de Suisse à 10 millions!». Avec ce résultat, Cormondes bascule dans le camp du oui. En 2020, la commune avait rejeté l'initiative ""pour une immigration modérée» avec 55,6 pour cent des voix."
2265,80.1,80.1,19.9,"Chiètres (FR)","La population de Chiètres (FR) approuve à 80,1 pour cent l'initiative ""Pas de Suisse à 10 millions!». Avec ce résultat, Chiètres (FR) bascule dans le camp du oui. En 2020, la commune avait rejeté l'initiative ""pour une immigration modérée» avec 63,3 pour cent des voix."
2266,96.7,96.7,3.3,"Kleinbösingen (FR)","La population de Kleinbösingen approuve à 96,7 pour cent l'initiative ""Pas de Suisse à 10 millions!». Avec ce résultat, Kleinbösingen bascule dans le camp du oui. En 2020, la commune avait rejeté l'initiative ""pour une immigration modérée» avec 59,3 pour cent des voix."
2271,87.2,87.2,12.8,"Meyriez (FR)","L'initiative ""Pas de Suisse à 10 millions!» est approuvée à Meyriez par 87,2 pour cent des votants. Avec ce résultat, Meyriez bascule dans le camp du oui. En 2020, la commune avait rejeté l'initiative ""pour une immigration modérée» avec 65,8 pour cent des voix."
2272,49.5,49.5,50.5,"Misery-Courtion (FR)","A Misery-Courtion, les citoyens rejettent à 50,5 pour cent l'initiative ""Pas de Suisse à 10 millions!». Le rejet de l'initiative est toutefois moins marqué que celui enregistré lors de la votation sur l'initiative ""pour une immigration modérée» en 2020. Les habitants de Misery-Courtion avaient alors dit non à 53,7 pour cent."
2274,44.4,44.4,55.6,"Montilier (FR)","C'est non à l'initiative ""Pas de Suisse à 10 millions!» à Montilier. Les habitants ont refusé le texte à 55,6 pour cent. Le rejet de l'initiative est toutefois moins marqué que celui enregistré lors de la votation sur l'initiative ""pour une immigration modérée» en 2020. Les habitants de Montilier avaient alors dit non à 72,3 pour cent."
2275,39.5,39.5,60.5,"Morat (FR)","L'initiative ""Pas de Suisse à 10 millions!» est refusée à 60,5 pour cent à Morat. Le rejet de l'initiative est toutefois moins marqué que celui enregistré lors de la votation sur l'initiative ""pour une immigration modérée» en 2020. Les habitants de Morat avaient alors dit non à 62 pour cent."
2276,48.2,48.2,51.8,"Ried bei Kerzers (FR)","L'initiative ""Pas de Suisse à 10 millions!» est refusée à 51,8 pour cent à Ried bei Kerzers. Le rejet de l'initiative est toutefois moins marqué que celui enregistré lors de la votation sur l'initiative ""pour une immigration modérée» en 2020. Les habitants de Ried bei Kerzers avaient alors dit non à 57,7 pour cent."
2284,59.4,59.4,40.6,"Mont-Vully (FR)","A Mont-Vully, les habitants disent oui à 59,4 pour cent à l'initiative ""Pas de Suisse à 10 millions!». Avec ce résultat, Mont-Vully bascule dans le camp du oui. En 2020, la commune avait rejeté l'initiative ""pour une immigration modérée» avec 66,9 pour cent des voix."
2292,6,6,94,"Brünisried (FR)","L'initiative ""Pas de Suisse à 10 millions!» est refusée à 94 pour cent à Brünisried. En cinq ans, la commune a ainsi changé de camp sur la question de la limitation de l'immigration. Brünisried avait rejeté l'initiative ""pour une immigration modérée» à 46,8 pour cent en 2020."
2293,80.8,80.8,19.2,"Guin (FR)","L'initiative ""Pas de Suisse à 10 millions!» passe la rampe avec 80,8 pour cent de oui à Guin. Avec ce résultat, Guin bascule dans le camp du oui. En 2020, la commune avait rejeté l'initiative ""pour une immigration modérée» avec 65,2 pour cent des voix."
2294,50,50,50,"Chevrilles (FR)","Les habitants de Chevrilles soutiennent à 50 pour cent l'initiative ""Pas de Suisse à 10 millions!». Avec ce résultat, Chevrilles bascule dans le camp du oui. En 2020, la commune avait rejeté l'initiative ""pour une immigration modérée» avec 54 pour cent des voix."
2295,51.9,51.9,48.1,"Bösingen (FR)","L'initiative ""Pas de Suisse à 10 millions!» est approuvée à Bösingen par 51,9 pour cent des votants. Avec ce résultat, Bösingen bascule dans le camp du oui. En 2020, la commune avait rejeté l'initiative ""pour une immigration modérée» avec 61,5 pour cent des voix."
2296,75.8,75.8,24.2,"Heitenried (FR)","A Heitenried, les habitants disent oui à 75,8 pour cent à l'initiative ""Pas de Suisse à 10 millions!». Avec ce résultat, Heitenried bascule dans le camp du oui. En 2020, la commune avait rejeté l'initiative ""pour une immigration modérée» avec 60,2 pour cent des voix."
2299,55,55,45,"Planfayon (FR)","Les habitants de Planfayon soutiennent à 55 pour cent l'initiative ""Pas de Suisse à 10 millions!». Le soutien à l'initiative ""Pas de Suisse à 10 millions!» a augmenté à Planfayon par rapport à l'initiative ""pour une immigration modérée» soumise au vote en 2020. Lors de cette votation, 51 pour cent des habitants de la commune avaient accepté ce texte."
2300,55.4,55.4,44.6,"Plasselb (FR)","Plasselb dit oui à 55,4 pour cent à l'initiative ""Pas de Suisse à 10 millions!». Le soutien à l'initiative ""Pas de Suisse à 10 millions!» a augmenté à Plasselb par rapport à l'initiative ""pour une immigration modérée» soumise au vote en 2020. Lors de cette votation, 53,9 pour cent des habitants de la commune avaient accepté ce texte."
2301,20.9,20.9,79.1,"Dirlaret (FR)","C'est non à l'initiative ""Pas de Suisse à 10 millions!» à Dirlaret. Les habitants ont refusé le texte à 79,1 pour cent. Le refus de l'initiative ""Pas de Suisse à 10 millions!» est plus fort que celui observé pour l'initiative ""pour une immigration modérée» en 2020. La proportion de non à Dirlaret était alors de 51,5 pour cent."
2303,46.3,46.3,53.7,"Saint-Silvestre (FR)","L'initiative ""Pas de Suisse à 10 millions!» est refusée à 53,7 pour cent à Saint-Silvestre. En cinq ans, la commune a ainsi changé de camp sur la question de la limitation de l'immigration. Saint-Silvestre avait rejeté l'initiative ""pour une immigration modérée» à 38,5 pour cent en 2020."
2304,41.1,41.1,58.9,"Saint-Ours (FR)","L'initiative ""Pas de Suisse à 10 millions!» n'a pas trouvé grâce aux yeux des citoyens de Saint-Ours. Ils ont refusé le texte à 58,9 pour cent. Le résultat a peu changé par rapport au vote sur l'initiative ""pour une immigration modérée» en 2020. Saint-Ours avait alors dit non à 59,4 pour cent."
2305,69.3,69.3,30.7,"Schmitten (FR)","Schmitten (FR) dit oui à 69,3 pour cent à l'initiative ""Pas de Suisse à 10 millions!». Avec ce résultat, Schmitten (FR) bascule dans le camp du oui. En 2020, la commune avait rejeté l'initiative ""pour une immigration modérée» avec 66,1 pour cent des voix."
2306,78.3,78.3,21.7,"Tavel (FR)","Les habitants de Tavel soutiennent à 78,3 pour cent l'initiative ""Pas de Suisse à 10 millions!». Avec ce résultat, Tavel bascule dans le camp du oui. En 2020, la commune avait rejeté l'initiative ""pour une immigration modérée» avec 58,7 pour cent des voix."
2307,5.4,5.4,94.6,"Tinterin (FR)","Les habitants de Tinterin s'opposent à l'initiative ""Pas de Suisse à 10 millions!» par 94,6 pour cent des voix. Le refus de l'initiative ""Pas de Suisse à 10 millions!» est plus fort que celui observé pour l'initiative ""pour une immigration modérée» en 2020. La proportion de non à Tinterin était alors de 56,5 pour cent."
2308,55.4,55.4,44.6,"Ueberstorf (FR)","A Ueberstorf, les habitants disent oui à 55,4 pour cent à l'initiative ""Pas de Suisse à 10 millions!». Avec ce résultat, Ueberstorf bascule dans le camp du oui. En 2020, la commune avait rejeté l'initiative ""pour une immigration modérée» avec 57,1 pour cent des voix."
2309,50.7,50.7,49.3,"Wünnewil-Flamatt (FR)","L'initiative ""Pas de Suisse à 10 millions!» passe la rampe avec 50,7 pour cent de oui à Wünnewil-Flamatt. Avec ce résultat, Wünnewil-Flamatt bascule dans le camp du oui. En 2020, la commune avait rejeté l'initiative ""pour une immigration modérée» avec 61,5 pour cent des voix."
2321,48.7,48.7,51.3,"Attalens (FR)","L'initiative ""Pas de Suisse à 10 millions!» n'a pas trouvé grâce aux yeux des citoyens d'Attalens. Ils ont refusé le texte à 51,3 pour cent. Le rejet de l'initiative est toutefois moins marqué que celui enregistré lors de la votation sur l'initiative ""pour une immigration modérée» en 2020. Les habitants d'Attalens avaient alors dit non à 69,8 pour cent."
2323,58.9,58.9,41.1,"Bossonnens (FR)","Les habitants de Bossonnens acceptent à 58,9 pour cent l'initiative ""Pas de Suisse à 10 millions!». Avec ce résultat, Bossonnens bascule dans le camp du oui. En 2020, la commune avait rejeté l'initiative ""pour une immigration modérée» avec 67,3 pour cent des voix."
2325,48.7,48.7,51.3,"Châtel-Saint-Denis (FR)","L'initiative ""Pas de Suisse à 10 millions!» n'a pas trouvé grâce aux yeux des citoyens de Châtel-Saint-Denis. Ils ont refusé le texte à 51,3 pour cent. Le rejet de l'initiative est toutefois moins marqué que celui enregistré lors de la votation sur l'initiative ""pour une immigration modérée» en 2020. Les habitants de Châtel-Saint-Denis avaient alors dit non à 62,9 pour cent."
2328,6.9,6.9,93.1,"Granges (Veveyse) (FR)","A Granges (Veveyse), les citoyens rejettent à 93,1 pour cent l'initiative ""Pas de Suisse à 10 millions!». Le refus de l'initiative ""Pas de Suisse à 10 millions!» est plus fort que celui observé pour l'initiative ""pour une immigration modérée» en 2020. La proportion de non à Granges (Veveyse) était alors de 66,5 pour cent."
2333,63.7,63.7,36.3,"Remaufens (FR)","Les habitants de Remaufens soutiennent à 63,7 pour cent l'initiative ""Pas de Suisse à 10 millions!». Avec ce résultat, Remaufens bascule dans le camp du oui. En 2020, la commune avait rejeté l'initiative ""pour une immigration modérée» avec 61,2 pour cent des voix."
2335,34.8,34.8,65.2,"Saint-Martin (FR)","L'initiative ""Pas de Suisse à 10 millions!» n'a pas trouvé grâce aux yeux des citoyens de Saint-Martin (FR). Ils ont refusé le texte à 65,2 pour cent. Le refus de l'initiative ""Pas de Suisse à 10 millions!» est plus fort que celui observé pour l'initiative ""pour une immigration modérée» en 2020. La proportion de non à Saint-Martin (FR) était alors de 62,5 pour cent."
2336,53,53,47,"Semsales (FR)","Les habitants de Semsales acceptent à 53 pour cent l'initiative ""Pas de Suisse à 10 millions!». Avec ce résultat, Semsales bascule dans le camp du oui. En 2020, la commune avait rejeté l'initiative ""pour une immigration modérée» avec 57,3 pour cent des voix."
2337,24.1,24.1,75.9,"Le Flon (FR)","La population du Flon rejette à 75,9 pour cent des voix l'initiative ""Pas de Suisse à 10 millions!». Le refus de l'initiative ""Pas de Suisse à 10 millions!» est plus fort que celui observé pour l'initiative ""pour une immigration modérée» en 2020. La proportion de non au Flon était alors de 60,7 pour cent."
2338,7,7,93,"La Verrerie (FR)","Les habitants de La Verrerie s'opposent à l'initiative ""Pas de Suisse à 10 millions!» par 93 pour cent des voix. Le refus de l'initiative ""Pas de Suisse à 10 millions!» est plus fort que celui observé pour l'initiative ""pour une immigration modérée» en 2020. La proportion de non à La Verrerie était alors de 53,3 pour cent."
2401,21.5,21.5,78.5,"Egerkingen (SO)","L'initiative ""Pas de Suisse à 10 millions!» est refusée à 78,5 pour cent à Egerkingen. En cinq ans, la commune a ainsi changé de camp sur la question de la limitation de l'immigration. Egerkingen avait rejeté l'initiative ""pour une immigration modérée» à 45 pour cent en 2020."
2402,91.4,91.4,8.6,"Härkingen (SO)","A Härkingen, les habitants disent oui à 91,4 pour cent à l'initiative ""Pas de Suisse à 10 millions!». Le soutien à l'initiative ""Pas de Suisse à 10 millions!» a augmenté à Härkingen par rapport à l'initiative ""pour une immigration modérée» soumise au vote en 2020. Lors de cette votation, 52 pour cent des habitants de la commune avaient accepté ce texte."
2403,20.5,20.5,79.5,"Kestenholz (SO)","L'initiative ""Pas de Suisse à 10 millions!» n'a pas convaincu à Kestenholz. Les citoyens de la commune ont refusé le texte à 79,5 pour cent. Le refus de l'initiative ""Pas de Suisse à 10 millions!» est plus fort que celui observé pour l'initiative ""pour une immigration modérée» en 2020. La proportion de non à Kestenholz était alors de 56,9 pour cent."
2404,0.9,0.9,99.1,"Neuendorf (SO)","La population de Neuendorf rejette à 99,1 pour cent des voix l'initiative ""Pas de Suisse à 10 millions!». Le refus de l'initiative ""Pas de Suisse à 10 millions!» est plus fort que celui observé pour l'initiative ""pour une immigration modérée» en 2020. La proportion de non à Neuendorf était alors de 50,6 pour cent."
2405,32.2,32.2,67.8,"Niederbuchsiten (SO)","C'est non à l'initiative ""Pas de Suisse à 10 millions!» à Niederbuchsiten. Les habitants ont refusé le texte à 67,8 pour cent. En cinq ans, la commune a ainsi changé de camp sur la question de la limitation de l'immigration. Niederbuchsiten avait rejeté l'initiative ""pour une immigration modérée» à 41,2 pour cent en 2020."
2406,54.5,54.5,45.5,"Oberbuchsiten (SO)","Les habitants d'Oberbuchsiten soutiennent à 54,5 pour cent l'initiative ""Pas de Suisse à 10 millions!». Le soutien à l'initiative ""Pas de Suisse à 10 millions!» a augmenté à Oberbuchsiten par rapport à l'initiative ""pour une immigration modérée» soumise au vote en 2020. Lors de cette votation, 50,9 pour cent des habitants de la commune avaient accepté ce texte."
2407,54,54,46,"Oensingen (SO)","L'initiative ""Pas de Suisse à 10 millions!» est approuvée à Oensingen par 54 pour cent des votants. Le soutien à l'initiative ""Pas de Suisse à 10 millions!» a augmenté à Oensingen par rapport à l'initiative ""pour une immigration modérée» soumise au vote en 2020. Lors de cette votation, 50,1 pour cent des habitants de la commune avaient accepté ce texte."
2408,81.4,81.4,18.6,"Wolfwil (SO)","La population de Wolfwil approuve à 81,4 pour cent l'initiative ""Pas de Suisse à 10 millions!». Avec ce résultat, Wolfwil bascule dans le camp du oui. En 2020, la commune avait rejeté l'initiative ""pour une immigration modérée» avec 54,8 pour cent des voix."
2421,37,37,63,"Aedermannsdorf (SO)","La population d'Aedermannsdorf rejette à 63 pour cent des voix l'initiative ""Pas de Suisse à 10 millions!». Le refus de l'initiative ""Pas de Suisse à 10 millions!» est plus fort que celui observé pour l'initiative ""pour une immigration modérée» en 2020. La proportion de non à Aedermannsdorf était alors de 50,3 pour cent."
2422,70.5,70.5,29.5,"Balsthal (SO)","Les habitants de Balsthal acceptent à 70,5 pour cent l'initiative ""Pas de Suisse à 10 millions!». Le soutien à l'initiative ""Pas de Suisse à 10 millions!» a augmenté à Balsthal par rapport à l'initiative ""pour une immigration modérée» soumise au vote en 2020. Lors de cette votation, 50,3 pour cent des habitants de la commune avaient accepté ce texte."
2424,59.1,59.1,40.9,"Herbetswil (SO)","Les habitants de Herbetswil acceptent à 59,1 pour cent l'initiative ""Pas de Suisse à 10 millions!». Le soutien à l'initiative ""Pas de Suisse à 10 millions!» a augmenté à Herbetswil par rapport à l'initiative ""pour une immigration modérée» soumise au vote en 2020. Lors de cette votation, 54,9 pour cent des habitants de la commune avaient accepté ce texte."
2425,88.8,88.8,11.2,"Holderbank (SO)","Holderbank (SO) dit oui à 88,8 pour cent à l'initiative ""Pas de Suisse à 10 millions!». Le soutien à l'initiative ""Pas de Suisse à 10 millions!» a augmenté à Holderbank (SO) par rapport à l'initiative ""pour une immigration modérée» soumise au vote en 2020. Lors de cette votation, 60 pour cent des habitants de la commune avaient accepté ce texte."
2426,41.9,41.9,58.1,"Laupersdorf (SO)","Les habitants de Laupersdorf s'opposent à l'initiative ""Pas de Suisse à 10 millions!» par 58,1 pour cent des voix. En cinq ans, la commune a ainsi changé de camp sur la question de la limitation de l'immigration. Laupersdorf avait rejeté l'initiative ""pour une immigration modérée» à 46,4 pour cent en 2020."
2427,98.3,98.3,1.7,"Matzendorf (SO)","L'initiative ""Pas de Suisse à 10 millions!» est approuvée à Matzendorf par 98,3 pour cent des votants. Le soutien à l'initiative ""Pas de Suisse à 10 millions!» a augmenté à Matzendorf par rapport à l'initiative ""pour une immigration modérée» soumise au vote en 2020. Lors de cette votation, 57,4 pour cent des habitants de la commune avaient accepté ce texte."
2428,52.9,52.9,47.1,"Mümliswil-Ramiswil (SO)","Mümliswil-Ramiswil dit oui à 52,9 pour cent à l'initiative ""Pas de Suisse à 10 millions!». Le soutien à l'initiative ""Pas de Suisse à 10 millions!» est toutefois moins marqué que celui obtenu par l'initiative ""pour une immigration modérée» en 2020. Les habitants de Mümliswil-Ramiswil avaient alors dit oui à 60 pour cent."
2430,40.5,40.5,59.5,"Welschenrohr-Gänsbrunnen (SO)","L'initiative ""Pas de Suisse à 10 millions!» n'a pas convaincu à Welschenrohr-Gänsbrunnen. Les citoyens de la commune ont refusé le texte à 59,5 pour cent. En cinq ans, la commune a ainsi changé de camp sur la question de la limitation de l'immigration. Welschenrohr-Gänsbrunnen avait rejeté l'initiative ""pour une immigration modérée» à 48,4 pour cent en 2020."
2445,38.2,38.2,61.8,"Biezwil (SO)","Les habitants de Biezwil s'opposent à l'initiative ""Pas de Suisse à 10 millions!» par 61,8 pour cent des voix. En cinq ans, la commune a ainsi changé de camp sur la question de la limitation de l'immigration. Biezwil avait rejeté l'initiative ""pour une immigration modérée» à 43,9 pour cent en 2020."
2455,14.8,14.8,85.2,"Lüterkofen-Ichertswil (SO)","L'initiative ""Pas de Suisse à 10 millions!» n'a pas convaincu à Lüterkofen-Ichertswil. Les citoyens de la commune ont refusé le texte à 85,2 pour cent. Le refus de l'initiative ""Pas de Suisse à 10 millions!» est plus fort que celui observé pour l'initiative ""pour une immigration modérée» en 2020. La proportion de non à Lüterkofen-Ichertswil était alors de 62,3 pour cent."
2457,91.6,91.6,8.4,"Messen (SO)","Les habitants de Messen acceptent à 91,6 pour cent l'initiative ""Pas de Suisse à 10 millions!». Le soutien à l'initiative ""Pas de Suisse à 10 millions!» a augmenté à Messen par rapport à l'initiative ""pour une immigration modérée» soumise au vote en 2020. Lors de cette votation, 51,1 pour cent des habitants de la commune avaient accepté ce texte."
2461,41.1,41.1,58.9,"Schnottwil (SO)","L'initiative ""Pas de Suisse à 10 millions!» n'a pas trouvé grâce aux yeux des citoyens de Schnottwil. Ils ont refusé le texte à 58,9 pour cent. Le refus de l'initiative ""Pas de Suisse à 10 millions!» est plus fort que celui observé pour l'initiative ""pour une immigration modérée» en 2020. La proportion de non à Schnottwil était alors de 53,5 pour cent."
2463,89,89,11,"Unterramsern (SO)","Les habitants d'Unterramsern soutiennent à 89 pour cent l'initiative ""Pas de Suisse à 10 millions!». Avec ce résultat, Unterramsern bascule dans le camp du oui. En 2020, la commune avait rejeté l'initiative ""pour une immigration modérée» avec 55,5 pour cent des voix."
2464,78.4,78.4,21.6,"Lüsslingen-Nennigkofen (SO)","L'initiative ""Pas de Suisse à 10 millions!» est approuvée à Lüsslingen-Nennigkofen par 78,4 pour cent des votants. Le soutien à l'initiative ""Pas de Suisse à 10 millions!» a augmenté à Lüsslingen-Nennigkofen par rapport à l'initiative ""pour une immigration modérée» soumise au vote en 2020. Lors de cette votation, 65,4 pour cent des habitants de la commune avaient accepté ce texte."
2465,43.7,43.7,56.3,"Buchegg (SO)","C'est non à l'initiative ""Pas de Suisse à 10 millions!» à Buchegg. Les habitants ont refusé le texte à 56,3 pour cent. Le résultat a peu changé par rapport au vote sur l'initiative ""pour une immigration modérée» en 2020. Buchegg avait alors dit non à 55,8 pour cent."
2471,38.6,38.6,61.4,"Bättwil (SO)","La population de Bättwil rejette à 61,4 pour cent des voix l'initiative ""Pas de Suisse à 10 millions!». Le rejet de l'initiative est toutefois moins marqué que celui enregistré lors de la votation sur l'initiative ""pour une immigration modérée» en 2020. Les habitants de Bättwil avaient alors dit non à 65,1 pour cent."
2472,42.4,42.4,57.6,"Büren (SO)","L'initiative ""Pas de Suisse à 10 millions!» est refusée à 57,6 pour cent à Büren (SO). Le refus de l'initiative ""Pas de Suisse à 10 millions!» est plus fort que celui observé pour l'initiative ""pour une immigration modérée» en 2020. La proportion de non à Büren (SO) était alors de 53,4 pour cent."
2473,60.1,60.1,39.9,"Dornach (SO)","L'initiative ""Pas de Suisse à 10 millions!» passe la rampe avec 60,1 pour cent de oui à Dornach. Avec ce résultat, Dornach bascule dans le camp du oui. En 2020, la commune avait rejeté l'initiative ""pour une immigration modérée» avec 70,7 pour cent des voix."
2474,88.3,88.3,11.7,"Gempen (SO)","Les habitants de Gempen acceptent à 88,3 pour cent l'initiative ""Pas de Suisse à 10 millions!». Avec ce résultat, Gempen bascule dans le camp du oui. En 2020, la commune avait rejeté l'initiative ""pour une immigration modérée» avec 65,7 pour cent des voix."
2475,51.9,51.9,48.1,"Hochwald (SO)","L'initiative ""Pas de Suisse à 10 millions!» passe la rampe avec 51,9 pour cent de oui à Hochwald. Avec ce résultat, Hochwald bascule dans le camp du oui. En 2020, la commune avait rejeté l'initiative ""pour une immigration modérée» avec 59,6 pour cent des voix."
2476,65.4,65.4,34.6,"Hofstetten-Flüh (SO)","La population de Hofstetten-Flüh approuve à 65,4 pour cent l'initiative ""Pas de Suisse à 10 millions!». Avec ce résultat, Hofstetten-Flüh bascule dans le camp du oui. En 2020, la commune avait rejeté l'initiative ""pour une immigration modérée» avec 60,7 pour cent des voix."
2477,73.6,73.6,26.4,"Metzerlen-Mariastein (SO)","La population de Metzerlen-Mariastein approuve à 73,6 pour cent l'initiative ""Pas de Suisse à 10 millions!». Avec ce résultat, Metzerlen-Mariastein bascule dans le camp du oui. En 2020, la commune avait rejeté l'initiative ""pour une immigration modérée» avec 58,4 pour cent des voix."
2478,11.1,11.1,88.9,"Nuglar-St. Pantaleon (SO)","Les habitants de Nuglar-St. Pantaleon s'opposent à l'initiative ""Pas de Suisse à 10 millions!» par 88,9 pour cent des voix. Le refus de l'initiative ""Pas de Suisse à 10 millions!» est plus fort que celui observé pour l'initiative ""pour une immigration modérée» en 2020. La proportion de non à Nuglar-St. Pantaleon était alors de 53,8 pour cent."
2479,22.1,22.1,77.9,"Rodersdorf (SO)","L'initiative ""Pas de Suisse à 10 millions!» n'a pas trouvé grâce aux yeux des citoyens de Rodersdorf. Ils ont refusé le texte à 77,9 pour cent. Le refus de l'initiative ""Pas de Suisse à 10 millions!» est plus fort que celui observé pour l'initiative ""pour une immigration modérée» en 2020. La proportion de non à Rodersdorf était alors de 69,9 pour cent."
2480,58.4,58.4,41.6,"Seewen (SO)","L'initiative ""Pas de Suisse à 10 millions!» est approuvée à Seewen par 58,4 pour cent des votants. Avec ce résultat, Seewen bascule dans le camp du oui. En 2020, la commune avait rejeté l'initiative ""pour une immigration modérée» avec 52,6 pour cent des voix."
2481,94.3,94.3,5.7,"Witterswil (SO)","La population de Witterswil approuve à 94,3 pour cent l'initiative ""Pas de Suisse à 10 millions!». Avec ce résultat, Witterswil bascule dans le camp du oui. En 2020, la commune avait rejeté l'initiative ""pour une immigration modérée» avec 59,8 pour cent des voix."
2491,37.9,37.9,62.1,"Hauenstein-Ifenthal (SO)","Les habitants de Hauenstein-Ifenthal s'opposent à l'initiative ""Pas de Suisse à 10 millions!» par 62,1 pour cent des voix. Le refus de l'initiative ""Pas de Suisse à 10 millions!» est plus fort que celui observé pour l'initiative ""pour une immigration modérée» en 2020. La proportion de non à Hauenstein-Ifenthal était alors de 54,2 pour cent."
2492,56.1,56.1,43.9,"Kienberg (SO)","L'initiative ""Pas de Suisse à 10 millions!» est approuvée à Kienberg par 56,1 pour cent des votants. Le soutien à l'initiative ""Pas de Suisse à 10 millions!» est toutefois moins marqué que celui obtenu par l'initiative ""pour une immigration modérée» en 2020. Les habitants de Kienberg avaient alors dit oui à 59,7 pour cent."
2493,41.2,41.2,58.8,"Lostorf (SO)","C'est non à l'initiative ""Pas de Suisse à 10 millions!» à Lostorf. Les habitants ont refusé le texte à 58,8 pour cent. Le résultat a peu changé par rapport au vote sur l'initiative ""pour une immigration modérée» en 2020. Lostorf avait alors dit non à 58 pour cent."
2495,54.8,54.8,45.2,"Niedergösgen (SO)","Niedergösgen dit oui à 54,8 pour cent à l'initiative ""Pas de Suisse à 10 millions!». Avec ce résultat, Niedergösgen bascule dans le camp du oui. En 2020, la commune avait rejeté l'initiative ""pour une immigration modérée» avec 52,4 pour cent des voix."
2497,36.9,36.9,63.1,"Obergösgen (SO)","A Obergösgen, les citoyens rejettent à 63,1 pour cent l'initiative ""Pas de Suisse à 10 millions!». Le refus de l'initiative ""Pas de Suisse à 10 millions!» est plus fort que celui observé pour l'initiative ""pour une immigration modérée» en 2020. La proportion de non à Obergösgen était alors de 50,4 pour cent."
2499,63.3,63.3,36.7,"Stüsslingen (SO)","Stüsslingen dit oui à 63,3 pour cent à l'initiative ""Pas de Suisse à 10 millions!». Avec ce résultat, Stüsslingen bascule dans le camp du oui. En 2020, la commune avait rejeté l'initiative ""pour une immigration modérée» avec 54 pour cent des voix."
2500,24.5,24.5,75.5,"Trimbach (SO)","L'initiative ""Pas de Suisse à 10 millions!» n'a pas trouvé grâce aux yeux des citoyens de Trimbach. Ils ont refusé le texte à 75,5 pour cent. Le refus de l'initiative ""Pas de Suisse à 10 millions!» est plus fort que celui observé pour l'initiative ""pour une immigration modérée» en 2020. La proportion de non à Trimbach était alors de 60,8 pour cent."
2501,93,93,7,"Winznau (SO)","La population de Winznau approuve à 93 pour cent l'initiative ""Pas de Suisse à 10 millions!». Avec ce résultat, Winznau bascule dans le camp du oui. En 2020, la commune avait rejeté l'initiative ""pour une immigration modérée» avec 58,5 pour cent des voix."
2502,33.5,33.5,66.5,"Wisen (SO)","La population de Wisen (SO) rejette à 66,5 pour cent des voix l'initiative ""Pas de Suisse à 10 millions!». Le refus de l'initiative ""Pas de Suisse à 10 millions!» est plus fort que celui observé pour l'initiative ""pour une immigration modérée» en 2020. La proportion de non à Wisen (SO) était alors de 58,6 pour cent."
2503,22,22,78,"Erlinsbach (SO)","La population d'Erlinsbach (SO) rejette à 78 pour cent des voix l'initiative ""Pas de Suisse à 10 millions!». Le refus de l'initiative ""Pas de Suisse à 10 millions!» est plus fort que celui observé pour l'initiative ""pour une immigration modérée» en 2020. La proportion de non à Erlinsbach (SO) était alors de 58,1 pour cent."
2511,29.1,29.1,70.9,"Aeschi (SO)","Les habitants d'Aeschi (SO) s'opposent à l'initiative ""Pas de Suisse à 10 millions!» par 70,9 pour cent des voix. Le refus de l'initiative ""Pas de Suisse à 10 millions!» est plus fort que celui observé pour l'initiative ""pour une immigration modérée» en 2020. La proportion de non à Aeschi (SO) était alors de 54,9 pour cent."
2513,87.1,87.1,12.9,"Biberist (SO)","Les habitants de Biberist acceptent à 87,1 pour cent l'initiative ""Pas de Suisse à 10 millions!». Avec ce résultat, Biberist bascule dans le camp du oui. En 2020, la commune avait rejeté l'initiative ""pour une immigration modérée» avec 61,9 pour cent des voix."
2514,89.9,89.9,10.1,"Bolken (SO)","La population de Bolken approuve à 89,9 pour cent l'initiative ""Pas de Suisse à 10 millions!». Le soutien à l'initiative ""Pas de Suisse à 10 millions!» a augmenté à Bolken par rapport à l'initiative ""pour une immigration modérée» soumise au vote en 2020. Lors de cette votation, 51,1 pour cent des habitants de la commune avaient accepté ce texte."
2516,40.7,40.7,59.3,"Deitingen (SO)","L'initiative ""Pas de Suisse à 10 millions!» n'a pas trouvé grâce aux yeux des citoyens de Deitingen. Ils ont refusé le texte à 59,3 pour cent. Le résultat a peu changé par rapport au vote sur l'initiative ""pour une immigration modérée» en 2020. Deitingen avait alors dit non à 58,7 pour cent."
2517,68,68,32,"Derendingen (SO)","L'initiative ""Pas de Suisse à 10 millions!» passe la rampe avec 68 pour cent de oui à Derendingen. Avec ce résultat, Derendingen bascule dans le camp du oui. En 2020, la commune avait rejeté l'initiative ""pour une immigration modérée» avec 57,3 pour cent des voix."
2518,5.4,5.4,94.6,"Etziken (SO)","Les habitants d'Etziken s'opposent à l'initiative ""Pas de Suisse à 10 millions!» par 94,6 pour cent des voix. Le refus de l'initiative ""Pas de Suisse à 10 millions!» est plus fort que celui observé pour l'initiative ""pour une immigration modérée» en 2020. La proportion de non à Etziken était alors de 51,5 pour cent."
2519,42.3,42.3,57.7,"Gerlafingen (SO)","L'initiative ""Pas de Suisse à 10 millions!» n'a pas convaincu à Gerlafingen. Les citoyens de la commune ont refusé le texte à 57,7 pour cent. Le résultat a peu changé par rapport au vote sur l'initiative ""pour une immigration modérée» en 2020. Gerlafingen avait alors dit non à 56,8 pour cent."
2523,37.8,37.8,62.2,"Horriwil (SO)","La population de Horriwil rejette à 62,2 pour cent des voix l'initiative ""Pas de Suisse à 10 millions!». Le refus de l'initiative ""Pas de Suisse à 10 millions!» est plus fort que celui observé pour l'initiative ""pour une immigration modérée» en 2020. La proportion de non à Horriwil était alors de 53 pour cent."
2524,58.5,58.5,41.5,"Hüniken (SO)","A Hüniken, les habitants disent oui à 58,5 pour cent à l'initiative ""Pas de Suisse à 10 millions!». Avec ce résultat, Hüniken bascule dans le camp du oui. En 2020, la commune avait rejeté l'initiative ""pour une immigration modérée» avec 56,1 pour cent des voix."
2525,88.7,88.7,11.3,"Kriegstetten (SO)","A Kriegstetten, les habitants disent oui à 88,7 pour cent à l'initiative ""Pas de Suisse à 10 millions!». Avec ce résultat, Kriegstetten bascule dans le camp du oui. En 2020, la commune avait rejeté l'initiative ""pour une immigration modérée» avec 56,1 pour cent des voix."
2526,0.1,0.1,99.9,"Lohn-Ammannsegg (SO)","Lohn-Ammannsegg enregistre la troisième plus forte part de non de Suisse à l'initiative ""Pas de Suisse à 10 millions!», avec 99,9 pour cent. Le refus de l'initiative ""Pas de Suisse à 10 millions!» est plus fort que celui observé pour l'initiative ""pour une immigration modérée» en 2020. La proportion de non à Lohn-Ammannsegg était alors de 63,9 pour cent."
2527,44.7,44.7,55.3,"Luterbach (SO)","L'initiative ""Pas de Suisse à 10 millions!» est refusée à 55,3 pour cent à Luterbach. Le rejet de l'initiative est toutefois moins marqué que celui enregistré lors de la votation sur l'initiative ""pour une immigration modérée» en 2020. Les habitants de Luterbach avaient alors dit non à 56,9 pour cent."
2528,20.8,20.8,79.2,"Obergerlafingen (SO)","La population d'Obergerlafingen rejette à 79,2 pour cent des voix l'initiative ""Pas de Suisse à 10 millions!»."
2530,56.6,56.6,43.4,"Recherswil (SO)","A Recherswil, les habitants disent oui à 56,6 pour cent à l'initiative ""Pas de Suisse à 10 millions!». Avec ce résultat, Recherswil bascule dans le camp du oui. En 2020, la commune avait rejeté l'initiative ""pour une immigration modérée» avec 51,3 pour cent des voix."
2532,11.8,11.8,88.2,"Subingen (SO)","La population de Subingen rejette à 88,2 pour cent des voix l'initiative ""Pas de Suisse à 10 millions!». Le refus de l'initiative ""Pas de Suisse à 10 millions!» est plus fort que celui observé pour l'initiative ""pour une immigration modérée» en 2020. La proportion de non à Subingen était alors de 56,9 pour cent."
2534,59.9,59.9,40.1,"Zuchwil (SO)","Les habitants de Zuchwil acceptent à 59,9 pour cent l'initiative ""Pas de Suisse à 10 millions!». Avec ce résultat, Zuchwil bascule dans le camp du oui. En 2020, la commune avait rejeté l'initiative ""pour une immigration modérée» avec 63,9 pour cent des voix."
2535,64.6,64.6,35.4,"Drei Höfe (SO)","Drei Höfe dit oui à 64,6 pour cent à l'initiative ""Pas de Suisse à 10 millions!». Le soutien à l'initiative ""Pas de Suisse à 10 millions!» a augmenté à Drei Höfe par rapport à l'initiative ""pour une immigration modérée» soumise au vote en 2020. Lors de cette votation, 50,4 pour cent des habitants de la commune avaient accepté ce texte."
2541,28.4,28.4,71.6,"Balm bei Günsberg (SO)","L'initiative ""Pas de Suisse à 10 millions!» est refusée à 71,6 pour cent à Balm bei Günsberg. Le refus de l'initiative ""Pas de Suisse à 10 millions!» est plus fort que celui observé pour l'initiative ""pour une immigration modérée» en 2020. La proportion de non à Balm bei Günsberg était alors de 60,6 pour cent."
2542,54,54,46,"Bellach (SO)","Les habitants de Bellach soutiennent à 54 pour cent l'initiative ""Pas de Suisse à 10 millions!». Avec ce résultat, Bellach bascule dans le camp du oui. En 2020, la commune avait rejeté l'initiative ""pour une immigration modérée» avec 55,4 pour cent des voix."
2543,36,36,64,"Bettlach (SO)","L'initiative ""Pas de Suisse à 10 millions!» n'a pas trouvé grâce aux yeux des citoyens de Bettlach. Ils ont refusé le texte à 64 pour cent. Le refus de l'initiative ""Pas de Suisse à 10 millions!» est plus fort que celui observé pour l'initiative ""pour une immigration modérée» en 2020. La proportion de non à Bettlach était alors de 55,7 pour cent."
2544,50.4,50.4,49.6,"Feldbrunnen-St. Niklaus (SO)","La population de Feldbrunnen-St. Niklaus approuve à 50,4 pour cent l'initiative ""Pas de Suisse à 10 millions!». Avec ce résultat, Feldbrunnen-St. Niklaus bascule dans le camp du oui. En 2020, la commune avait rejeté l'initiative ""pour une immigration modérée» avec 67,7 pour cent des voix."
2545,7,7,93,"Flumenthal (SO)","L'initiative ""Pas de Suisse à 10 millions!» n'a pas trouvé grâce aux yeux des citoyens de Flumenthal. Ils ont refusé le texte à 93 pour cent. Le refus de l'initiative ""Pas de Suisse à 10 millions!» est plus fort que celui observé pour l'initiative ""pour une immigration modérée» en 2020. La proportion de non à Flumenthal était alors de 52,6 pour cent."
2546,53.4,53.4,46.6,"Granges (SO)","La population de Granges (SO) approuve à 53,4 pour cent l'initiative ""Pas de Suisse à 10 millions!». Avec ce résultat, Granges (SO) bascule dans le camp du oui. En 2020, la commune avait rejeté l'initiative ""pour une immigration modérée» avec 52,9 pour cent des voix."
2547,26,26,74,"Günsberg (SO)","L'initiative ""Pas de Suisse à 10 millions!» est refusée à 74 pour cent à Günsberg. Le refus de l'initiative ""Pas de Suisse à 10 millions!» est plus fort que celui observé pour l'initiative ""pour une immigration modérée» en 2020. La proportion de non à Günsberg était alors de 55,5 pour cent."
2548,58.3,58.3,41.7,"Hubersdorf (SO)","L'initiative ""Pas de Suisse à 10 millions!» est approuvée à Hubersdorf par 58,3 pour cent des votants. Avec ce résultat, Hubersdorf bascule dans le camp du oui. En 2020, la commune avait rejeté l'initiative ""pour une immigration modérée» avec 59,5 pour cent des voix."
2549,59.5,59.5,40.5,"Kammersrohr (SO)","Les habitants de Kammersrohr soutiennent à 59,5 pour cent l'initiative ""Pas de Suisse à 10 millions!». Avec ce résultat, Kammersrohr bascule dans le camp du oui. En 2020, la commune avait rejeté l'initiative ""pour une immigration modérée» avec 63,6 pour cent des voix."
2550,14.3,14.3,85.7,"Langendorf (SO)","Les habitants de Langendorf s'opposent à l'initiative ""Pas de Suisse à 10 millions!» par 85,7 pour cent des voix. Le refus de l'initiative ""Pas de Suisse à 10 millions!» est plus fort que celui observé pour l'initiative ""pour une immigration modérée» en 2020. La proportion de non à Langendorf était alors de 69,1 pour cent."
2551,47.3,47.3,52.7,"Lommiswil (SO)","A Lommiswil, les citoyens rejettent à 52,7 pour cent l'initiative ""Pas de Suisse à 10 millions!». Le rejet de l'initiative est toutefois moins marqué que celui enregistré lors de la votation sur l'initiative ""pour une immigration modérée» en 2020. Les habitants de Lommiswil avaient alors dit non à 60,4 pour cent."
2553,55.5,55.5,44.5,"Oberdorf (SO)","Oberdorf (SO) dit oui à 55,5 pour cent à l'initiative ""Pas de Suisse à 10 millions!». Avec ce résultat, Oberdorf (SO) bascule dans le camp du oui. En 2020, la commune avait rejeté l'initiative ""pour une immigration modérée» avec 68,1 pour cent des voix."
2554,55.4,55.4,44.6,"Riedholz (SO)","Les habitants de Riedholz acceptent à 55,4 pour cent l'initiative ""Pas de Suisse à 10 millions!». Avec ce résultat, Riedholz bascule dans le camp du oui. En 2020, la commune avait rejeté l'initiative ""pour une immigration modérée» avec 63 pour cent des voix."
2555,9.1,9.1,90.9,"Rüttenen (SO)","A Rüttenen, les citoyens rejettent à 90,9 pour cent l'initiative ""Pas de Suisse à 10 millions!». Le refus de l'initiative ""Pas de Suisse à 10 millions!» est plus fort que celui observé pour l'initiative ""pour une immigration modérée» en 2020. La proportion de non à Rüttenen était alors de 67,5 pour cent."
2556,51.6,51.6,48.4,"Selzach (SO)","L'initiative ""Pas de Suisse à 10 millions!» est approuvée à Selzach par 51,6 pour cent des votants. Avec ce résultat, Selzach bascule dans le camp du oui. En 2020, la commune avait rejeté l'initiative ""pour une immigration modérée» avec 54,2 pour cent des voix."
2571,45,45,55,"Boningen (SO)","Les habitants de Boningen s'opposent à l'initiative ""Pas de Suisse à 10 millions!» par 55 pour cent des voix. En cinq ans, la commune a ainsi changé de camp sur la question de la limitation de l'immigration. Boningen avait rejeté l'initiative ""pour une immigration modérée» à 42,5 pour cent en 2020."
2572,98.1,98.1,1.9,"Däniken (SO)","Däniken dit oui à 98,1 pour cent à l'initiative ""Pas de Suisse à 10 millions!». Le soutien à l'initiative ""Pas de Suisse à 10 millions!» a augmenté à Däniken par rapport à l'initiative ""pour une immigration modérée» soumise au vote en 2020. Lors de cette votation, 53,1 pour cent des habitants de la commune avaient accepté ce texte."
2573,54.7,54.7,45.3,"Dulliken (SO)","La population de Dulliken approuve à 54,7 pour cent l'initiative ""Pas de Suisse à 10 millions!». Avec ce résultat, Dulliken bascule dans le camp du oui. En 2020, la commune avait rejeté l'initiative ""pour une immigration modérée» avec 53,8 pour cent des voix."
2574,95.1,95.1,4.9,"Eppenberg-Wöschnau (SO)","L'initiative ""Pas de Suisse à 10 millions!» passe la rampe avec 95,1 pour cent de oui à Eppenberg-Wöschnau. Le soutien à l'initiative ""Pas de Suisse à 10 millions!» a augmenté à Eppenberg-Wöschnau par rapport à l'initiative ""pour une immigration modérée» soumise au vote en 2020. Lors de cette votation, 52,3 pour cent des habitants de la commune avaient accepté ce texte."
2575,57.3,57.3,42.7,"Fulenbach (SO)","Les habitants de Fulenbach acceptent à 57,3 pour cent l'initiative ""Pas de Suisse à 10 millions!». Avec ce résultat, Fulenbach bascule dans le camp du oui. En 2020, la commune avait rejeté l'initiative ""pour une immigration modérée» avec 53,3 pour cent des voix."
2576,36.2,36.2,63.8,"Gretzenbach (SO)","L'initiative ""Pas de Suisse à 10 millions!» n'a pas trouvé grâce aux yeux des citoyens de Gretzenbach. Ils ont refusé le texte à 63,8 pour cent. Le refus de l'initiative ""Pas de Suisse à 10 millions!» est plus fort que celui observé pour l'initiative ""pour une immigration modérée» en 2020. La proportion de non à Gretzenbach était alors de 56,4 pour cent."
2578,51.1,51.1,48.9,"Gunzgen (SO)","Les habitants de Gunzgen soutiennent à 51,1 pour cent l'initiative ""Pas de Suisse à 10 millions!». Le soutien à l'initiative ""Pas de Suisse à 10 millions!» est toutefois moins marqué que celui obtenu par l'initiative ""pour une immigration modérée» en 2020. Les habitants de Gunzgen avaient alors dit oui à 54,3 pour cent."
2579,68.1,68.1,31.9,"Hägendorf (SO)","L'initiative ""Pas de Suisse à 10 millions!» est approuvée à Hägendorf par 68,1 pour cent des votants. Avec ce résultat, Hägendorf bascule dans le camp du oui. En 2020, la commune avait rejeté l'initiative ""pour une immigration modérée» avec 53,7 pour cent des voix."
2580,97.6,97.6,2.4,"Kappel (SO)","L'initiative ""Pas de Suisse à 10 millions!» est approuvée à Kappel (SO) par 97,6 pour cent des votants. Avec ce résultat, Kappel (SO) bascule dans le camp du oui. En 2020, la commune avait rejeté l'initiative ""pour une immigration modérée» avec 56,2 pour cent des voix."
2581,57.8,57.8,42.2,"Olten (SO)","La population d'Olten approuve à 57,8 pour cent l'initiative ""Pas de Suisse à 10 millions!». Avec ce résultat, Olten bascule dans le camp du oui. En 2020, la commune avait rejeté l'initiative ""pour une immigration modérée» avec 74,3 pour cent des voix."
2582,42,42,58,"Rickenbach (SO)","L'initiative ""Pas de Suisse à 10 millions!» n'a pas trouvé grâce aux yeux des citoyens de Rickenbach (SO). Ils ont refusé le texte à 58 pour cent."
2583,74,74,26,"Schönenwerd (SO)","A Schönenwerd, les habitants disent oui à 74 pour cent à l'initiative ""Pas de Suisse à 10 millions!». Avec ce résultat, Schönenwerd bascule dans le camp du oui. En 2020, la commune avait rejeté l'initiative ""pour une immigration modérée» avec 58,4 pour cent des voix."
2584,80.5,80.5,19.5,"Starrkirch-Wil (SO)","La population de Starrkirch-Wil approuve à 80,5 pour cent l'initiative ""Pas de Suisse à 10 millions!». Avec ce résultat, Starrkirch-Wil bascule dans le camp du oui. En 2020, la commune avait rejeté l'initiative ""pour une immigration modérée» avec 68,3 pour cent des voix."
2585,7.3,7.3,92.7,"Walterswil (SO)","L'initiative ""Pas de Suisse à 10 millions!» n'a pas trouvé grâce aux yeux des citoyens de Walterswil (SO). Ils ont refusé le texte à 92,7 pour cent. En cinq ans, la commune a ainsi changé de camp sur la question de la limitation de l'immigration. Walterswil (SO) avait rejeté l'initiative ""pour une immigration modérée» à 43,4 pour cent en 2020."
2586,50.5,50.5,49.5,"Wangen bei Olten (SO)","Les habitants de Wangen bei Olten soutiennent à 50,5 pour cent l'initiative ""Pas de Suisse à 10 millions!». Avec ce résultat, Wangen bei Olten bascule dans le camp du oui. En 2020, la commune avait rejeté l'initiative ""pour une immigration modérée» avec 62,4 pour cent des voix."
2601,55.8,55.8,44.2,"Soleure (SO)","Les habitants de Soleure acceptent à 55,8 pour cent l'initiative ""Pas de Suisse à 10 millions!». Avec ce résultat, Soleure bascule dans le camp du oui. En 2020, la commune avait rejeté l'initiative ""pour une immigration modérée» avec 77,8 pour cent des voix."
2611,98.7,98.7,1.3,"Bärschwil (SO)","A Bärschwil, les habitants disent oui à 98,7 pour cent à l'initiative ""Pas de Suisse à 10 millions!». Le soutien à l'initiative ""Pas de Suisse à 10 millions!» a augmenté à Bärschwil par rapport à l'initiative ""pour une immigration modérée» soumise au vote en 2020. Lors de cette votation, 50,7 pour cent des habitants de la commune avaient accepté ce texte."
2612,55,55,45,"Beinwil (SO)","Les habitants de Beinwil (SO) acceptent à 55 pour cent l'initiative ""Pas de Suisse à 10 millions!». Les avis restent ainsi stables sur la question de l'immigration à Beinwil (SO). En 2020, la commune avait déjà voté oui à 54,8 pour cent à l'initiative ""pour une immigration modérée»."
2613,66.1,66.1,33.9,"Breitenbach (SO)","L'initiative ""Pas de Suisse à 10 millions!» est approuvée à Breitenbach par 66,1 pour cent des votants. Avec ce résultat, Breitenbach bascule dans le camp du oui. En 2020, la commune avait rejeté l'initiative ""pour une immigration modérée» avec 52,4 pour cent des voix."
2614,95,95,5,"Büsserach (SO)","L'initiative ""Pas de Suisse à 10 millions!» est approuvée à Büsserach par 95 pour cent des votants. Le soutien à l'initiative ""Pas de Suisse à 10 millions!» a augmenté à Büsserach par rapport à l'initiative ""pour une immigration modérée» soumise au vote en 2020. Lors de cette votation, 52,2 pour cent des habitants de la commune avaient accepté ce texte."
2615,58.2,58.2,41.8,"Erschwil (SO)","Les habitants d'Erschwil soutiennent à 58,2 pour cent l'initiative ""Pas de Suisse à 10 millions!». Le soutien à l'initiative ""Pas de Suisse à 10 millions!» a augmenté à Erschwil par rapport à l'initiative ""pour une immigration modérée» soumise au vote en 2020. Lors de cette votation, 50,6 pour cent des habitants de la commune avaient accepté ce texte."
2616,57.6,57.6,42.4,"Fehren (SO)","Fehren dit oui à 57,6 pour cent à l'initiative ""Pas de Suisse à 10 millions!». Le soutien à l'initiative ""Pas de Suisse à 10 millions!» a augmenté à Fehren par rapport à l'initiative ""pour une immigration modérée» soumise au vote en 2020. Lors de cette votation, 53,4 pour cent des habitants de la commune avaient accepté ce texte."
2617,72.9,72.9,27.1,"Grindel (SO)","Grindel dit oui à 72,9 pour cent à l'initiative ""Pas de Suisse à 10 millions!». Le soutien à l'initiative ""Pas de Suisse à 10 millions!» a augmenté à Grindel par rapport à l'initiative ""pour une immigration modérée» soumise au vote en 2020. Lors de cette votation, 58 pour cent des habitants de la commune avaient accepté ce texte."
2618,65.2,65.2,34.8,"Himmelried (SO)","A Himmelried, les habitants disent oui à 65,2 pour cent à l'initiative ""Pas de Suisse à 10 millions!». Avec ce résultat, Himmelried bascule dans le camp du oui. En 2020, la commune avait rejeté l'initiative ""pour une immigration modérée» avec 56,1 pour cent des voix."
2619,33.5,33.5,66.5,"Kleinlützel (SO)","L'initiative ""Pas de Suisse à 10 millions!» est refusée à 66,5 pour cent à Kleinlützel. Le refus de l'initiative ""Pas de Suisse à 10 millions!» est plus fort que celui observé pour l'initiative ""pour une immigration modérée» en 2020. La proportion de non à Kleinlützel était alors de 50,3 pour cent."
2620,44.7,44.7,55.3,"Meltingen (SO)","La population de Meltingen rejette à 55,3 pour cent des voix l'initiative ""Pas de Suisse à 10 millions!». En cinq ans, la commune a ainsi changé de camp sur la question de la limitation de l'immigration. Meltingen avait rejeté l'initiative ""pour une immigration modérée» à 46,3 pour cent en 2020."
2621,28.5,28.5,71.5,"Nunningen (SO)","Les habitants de Nunningen s'opposent à l'initiative ""Pas de Suisse à 10 millions!» par 71,5 pour cent des voix. En cinq ans, la commune a ainsi changé de camp sur la question de la limitation de l'immigration. Nunningen avait rejeté l'initiative ""pour une immigration modérée» à 48,4 pour cent en 2020."
2622,43.7,43.7,56.3,"Zullwil (SO)","L'initiative ""Pas de Suisse à 10 millions!» n'a pas convaincu à Zullwil. Les citoyens de la commune ont refusé le texte à 56,3 pour cent. En cinq ans, la commune a ainsi changé de camp sur la question de la limitation de l'immigration. Zullwil avait rejeté l'initiative ""pour une immigration modérée» à 43,1 pour cent en 2020."
2701,82.3,82.3,17.7,"Bâle (BS)","A Bâle, les habitants disent oui à 82,3 pour cent à l'initiative ""Pas de Suisse à 10 millions!». Avec ce résultat, Bâle bascule dans le camp du oui. En 2020, la commune avait rejeté l'initiative ""pour une immigration modérée» avec 75,5 pour cent des voix."
2702,49.5,49.5,50.5,"Bettingen (BS)","La population de Bettingen rejette à 50,5 pour cent des voix l'initiative ""Pas de Suisse à 10 millions!». Le rejet de l'initiative est toutefois moins marqué que celui enregistré lors de la votation sur l'initiative ""pour une immigration modérée» en 2020. Les habitants de Bettingen avaient alors dit non à 68,7 pour cent."
2703,94.9,94.9,5.1,"Riehen (BS)","A Riehen, les habitants disent oui à 94,9 pour cent à l'initiative ""Pas de Suisse à 10 millions!». Avec ce résultat, Riehen bascule dans le camp du oui. En 2020, la commune avait rejeté l'initiative ""pour une immigration modérée» avec 67,7 pour cent des voix."
2761,20.6,20.6,79.4,"Aesch (BL)","L'initiative ""Pas de Suisse à 10 millions!» n'a pas trouvé grâce aux yeux des citoyens d'Aesch (BL). Ils ont refusé le texte à 79,4 pour cent. Le refus de l'initiative ""Pas de Suisse à 10 millions!» est plus fort que celui observé pour l'initiative ""pour une immigration modérée» en 2020. La proportion de non à Aesch (BL) était alors de 59,6 pour cent."
2762,93.6,93.6,6.4,"Allschwil (BL)","Allschwil dit oui à 93,6 pour cent à l'initiative ""Pas de Suisse à 10 millions!». Avec ce résultat, Allschwil bascule dans le camp du oui. En 2020, la commune avait rejeté l'initiative ""pour une immigration modérée» avec 64,4 pour cent des voix."
2763,44.3,44.3,55.7,"Arlesheim (BL)","A Arlesheim, les citoyens rejettent à 55,7 pour cent l'initiative ""Pas de Suisse à 10 millions!». Le rejet de l'initiative est toutefois moins marqué que celui enregistré lors de la votation sur l'initiative ""pour une immigration modérée» en 2020. Les habitants d'Arlesheim avaient alors dit non à 75,9 pour cent."
2764,59,59,41,"Biel-Benken (BL)","Les habitants de Biel-Benken soutiennent à 59 pour cent l'initiative ""Pas de Suisse à 10 millions!». Avec ce résultat, Biel-Benken bascule dans le camp du oui. En 2020, la commune avait rejeté l'initiative ""pour une immigration modérée» avec 65,7 pour cent des voix."
2765,29.2,29.2,70.8,"Binningen (BL)","A Binningen, les citoyens rejettent à 70,8 pour cent l'initiative ""Pas de Suisse à 10 millions!». Le refus de l'initiative ""Pas de Suisse à 10 millions!» est plus fort que celui observé pour l'initiative ""pour une immigration modérée» en 2020. La proportion de non à Binningen était alors de 68,6 pour cent."
2766,40.6,40.6,59.4,"Birsfelden (BL)","Les habitants de Birsfelden s'opposent à l'initiative ""Pas de Suisse à 10 millions!» par 59,4 pour cent des voix. Le rejet de l'initiative est toutefois moins marqué que celui enregistré lors de la votation sur l'initiative ""pour une immigration modérée» en 2020. Les habitants de Birsfelden avaient alors dit non à 61,5 pour cent."
2767,23.9,23.9,76.1,"Bottmingen (BL)","La population de Bottmingen rejette à 76,1 pour cent des voix l'initiative ""Pas de Suisse à 10 millions!». Le refus de l'initiative ""Pas de Suisse à 10 millions!» est plus fort que celui observé pour l'initiative ""pour une immigration modérée» en 2020. La proportion de non à Bottmingen était alors de 67,6 pour cent."
2768,50.1,50.1,49.9,"Ettingen (BL)","L'initiative ""Pas de Suisse à 10 millions!» est approuvée à Ettingen par 50,1 pour cent des votants. Avec ce résultat, Ettingen bascule dans le camp du oui. En 2020, la commune avait rejeté l'initiative ""pour une immigration modérée» avec 60,2 pour cent des voix."
2769,36,36,64,"Münchenstein (BL)","A Münchenstein, les citoyens rejettent à 64 pour cent l'initiative ""Pas de Suisse à 10 millions!». Le rejet de l'initiative est toutefois moins marqué que celui enregistré lors de la votation sur l'initiative ""pour une immigration modérée» en 2020. Les habitants de Münchenstein avaient alors dit non à 67,7 pour cent."
2770,62.5,62.5,37.5,"Muttenz (BL)","Les habitants de Muttenz soutiennent à 62,5 pour cent l'initiative ""Pas de Suisse à 10 millions!». Avec ce résultat, Muttenz bascule dans le camp du oui. En 2020, la commune avait rejeté l'initiative ""pour une immigration modérée» avec 63,2 pour cent des voix."
2771,11.3,11.3,88.7,"Oberwil (BL)","La population d'Oberwil (BL) rejette à 88,7 pour cent des voix l'initiative ""Pas de Suisse à 10 millions!». Le refus de l'initiative ""Pas de Suisse à 10 millions!» est plus fort que celui observé pour l'initiative ""pour une immigration modérée» en 2020. La proportion de non à Oberwil (BL) était alors de 68,7 pour cent."
2772,6.8,6.8,93.2,"Pfeffingen (BL)","L'initiative ""Pas de Suisse à 10 millions!» n'a pas convaincu à Pfeffingen. Les citoyens de la commune ont refusé le texte à 93,2 pour cent. Le refus de l'initiative ""Pas de Suisse à 10 millions!» est plus fort que celui observé pour l'initiative ""pour une immigration modérée» en 2020. La proportion de non à Pfeffingen était alors de 60,5 pour cent."
2773,52.8,52.8,47.2,"Reinach (BL)","La population de Reinach (BL) approuve à 52,8 pour cent l'initiative ""Pas de Suisse à 10 millions!». Avec ce résultat, Reinach (BL) bascule dans le camp du oui. En 2020, la commune avait rejeté l'initiative ""pour une immigration modérée» avec 62,7 pour cent des voix."
2774,24.8,24.8,75.2,"Schönenbuch (BL)","La population de Schönenbuch rejette à 75,2 pour cent des voix l'initiative ""Pas de Suisse à 10 millions!». Le refus de l'initiative ""Pas de Suisse à 10 millions!» est plus fort que celui observé pour l'initiative ""pour une immigration modérée» en 2020. La proportion de non à Schönenbuch était alors de 62,3 pour cent."
2775,50.6,50.6,49.4,"Therwil (BL)","Therwil dit oui à 50,6 pour cent à l'initiative ""Pas de Suisse à 10 millions!». Avec ce résultat, Therwil bascule dans le camp du oui. En 2020, la commune avait rejeté l'initiative ""pour une immigration modérée» avec 64 pour cent des voix."
2781,57.2,57.2,42.8,"Blauen (BL)","A Blauen, les habitants disent oui à 57,2 pour cent à l'initiative ""Pas de Suisse à 10 millions!». Avec ce résultat, Blauen bascule dans le camp du oui. En 2020, la commune avait rejeté l'initiative ""pour une immigration modérée» avec 50,6 pour cent des voix."
2782,41.8,41.8,58.2,"Brislach (BL)","L'initiative ""Pas de Suisse à 10 millions!» n'a pas convaincu à Brislach. Les citoyens de la commune ont refusé le texte à 58,2 pour cent. En cinq ans, la commune a ainsi changé de camp sur la question de la limitation de l'immigration. Brislach avait rejeté l'initiative ""pour une immigration modérée» à 41,6 pour cent en 2020."
2783,87.2,87.2,12.8,"Burg im Leimental (BL)","La population de Burg im Leimental approuve à 87,2 pour cent l'initiative ""Pas de Suisse à 10 millions!». Avec ce résultat, Burg im Leimental bascule dans le camp du oui. En 2020, la commune avait rejeté l'initiative ""pour une immigration modérée» avec 53,3 pour cent des voix."
2784,46.4,46.4,53.6,"Dittingen (BL)","La population de Dittingen rejette à 53,6 pour cent des voix l'initiative ""Pas de Suisse à 10 millions!». Le rejet de l'initiative est toutefois moins marqué que celui enregistré lors de la votation sur l'initiative ""pour une immigration modérée» en 2020. Les habitants de Dittingen avaient alors dit non à 55,8 pour cent."
2785,42.9,42.9,57.1,"Duggingen (BL)","Les habitants de Duggingen s'opposent à l'initiative ""Pas de Suisse à 10 millions!» par 57,1 pour cent des voix. Le refus de l'initiative ""Pas de Suisse à 10 millions!» est plus fort que celui observé pour l'initiative ""pour une immigration modérée» en 2020. La proportion de non à Duggingen était alors de 51,6 pour cent."
2786,49.1,49.1,50.9,"Grellingen (BL)","L'initiative ""Pas de Suisse à 10 millions!» n'a pas convaincu à Grellingen. Les citoyens de la commune ont refusé le texte à 50,9 pour cent. Le résultat a peu changé par rapport au vote sur l'initiative ""pour une immigration modérée» en 2020. Grellingen avait alors dit non à 51,7 pour cent."
2787,49,49,51,"Laufon (BL)","La population de Laufon rejette à 51 pour cent des voix l'initiative ""Pas de Suisse à 10 millions!». Le rejet de l'initiative est toutefois moins marqué que celui enregistré lors de la votation sur l'initiative ""pour une immigration modérée» en 2020. Les habitants de Laufon avaient alors dit non à 60,5 pour cent."
2788,17.5,17.5,82.5,"Liesberg (BL)","Les habitants de Liesberg s'opposent à l'initiative ""Pas de Suisse à 10 millions!» par 82,5 pour cent des voix. En cinq ans, la commune a ainsi changé de camp sur la question de la limitation de l'immigration. Liesberg avait rejeté l'initiative ""pour une immigration modérée» à 39,4 pour cent en 2020."
2789,1.2,1.2,98.8,"Nenzlingen (BL)","A Nenzlingen, les citoyens rejettent à 98,8 pour cent l'initiative ""Pas de Suisse à 10 millions!». En cinq ans, la commune a ainsi changé de camp sur la question de la limitation de l'immigration. Nenzlingen avait rejeté l'initiative ""pour une immigration modérée» à 46,7 pour cent en 2020."
2790,59.2,59.2,40.8,"Roggenburg (BL)","Les habitants de Roggenburg acceptent à 59,2 pour cent l'initiative ""Pas de Suisse à 10 millions!». Les avis restent ainsi stables sur la question de l'immigration à Roggenburg. En 2020, la commune avait déjà voté oui à 58,8 pour cent à l'initiative ""pour une immigration modérée»."
2791,88.4,88.4,11.6,"Röschenz (BL)","L'initiative ""Pas de Suisse à 10 millions!» passe la rampe avec 88,4 pour cent de oui à Röschenz. Avec ce résultat, Röschenz bascule dans le camp du oui. En 2020, la commune avait rejeté l'initiative ""pour une immigration modérée» avec 51,6 pour cent des voix."
2792,61.6,61.6,38.4,"Wahlen (BL)","L'initiative ""Pas de Suisse à 10 millions!» est approuvée à Wahlen par 61,6 pour cent des votants. Le soutien à l'initiative ""Pas de Suisse à 10 millions!» a augmenté à Wahlen par rapport à l'initiative ""pour une immigration modérée» soumise au vote en 2020. Lors de cette votation, 59,8 pour cent des habitants de la commune avaient accepté ce texte."
2793,15,15,85,"Zwingen (BL)","C'est non à l'initiative ""Pas de Suisse à 10 millions!» à Zwingen. Les habitants ont refusé le texte à 85 pour cent. En cinq ans, la commune a ainsi changé de camp sur la question de la limitation de l'immigration. Zwingen avait rejeté l'initiative ""pour une immigration modérée» à 48,7 pour cent en 2020."
2821,70.6,70.6,29.4,"Arisdorf (BL)","A Arisdorf, les habitants disent oui à 70,6 pour cent à l'initiative ""Pas de Suisse à 10 millions!». Le soutien à l'initiative ""Pas de Suisse à 10 millions!» a augmenté à Arisdorf par rapport à l'initiative ""pour une immigration modérée» soumise au vote en 2020. Lors de cette votation, 51,6 pour cent des habitants de la commune avaient accepté ce texte."
2822,60.4,60.4,39.6,"Augst (BL)","La population d'Augst approuve à 60,4 pour cent l'initiative ""Pas de Suisse à 10 millions!». Avec ce résultat, Augst bascule dans le camp du oui. En 2020, la commune avait rejeté l'initiative ""pour une immigration modérée» avec 57,9 pour cent des voix."
2823,37.2,37.2,62.8,"Bubendorf (BL)","La population de Bubendorf rejette à 62,8 pour cent des voix l'initiative ""Pas de Suisse à 10 millions!». Le résultat a peu changé par rapport au vote sur l'initiative ""pour une immigration modérée» en 2020. Bubendorf avait alors dit non à 61,8 pour cent."
2824,60.7,60.7,39.3,"Frenkendorf (BL)","A Frenkendorf, les habitants disent oui à 60,7 pour cent à l'initiative ""Pas de Suisse à 10 millions!». Avec ce résultat, Frenkendorf bascule dans le camp du oui. En 2020, la commune avait rejeté l'initiative ""pour une immigration modérée» avec 61,4 pour cent des voix."
2825,43.5,43.5,56.5,"Füllinsdorf (BL)","L'initiative ""Pas de Suisse à 10 millions!» est refusée à 56,5 pour cent à Füllinsdorf. Le résultat a peu changé par rapport au vote sur l'initiative ""pour une immigration modérée» en 2020. Füllinsdorf avait alors dit non à 56,7 pour cent."
2826,46.9,46.9,53.1,"Giebenach (BL)","L'initiative ""Pas de Suisse à 10 millions!» n'a pas trouvé grâce aux yeux des citoyens de Giebenach. Ils ont refusé le texte à 53,1 pour cent. En cinq ans, la commune a ainsi changé de camp sur la question de la limitation de l'immigration. Giebenach avait rejeté l'initiative ""pour une immigration modérée» à 46,4 pour cent en 2020."
2827,50.9,50.9,49.1,"Hersberg (BL)","Hersberg dit oui à 50,9 pour cent à l'initiative ""Pas de Suisse à 10 millions!». Avec ce résultat, Hersberg bascule dans le camp du oui. En 2020, la commune avait rejeté l'initiative ""pour une immigration modérée» avec 53 pour cent des voix."
2828,46.9,46.9,53.1,"Lausen (BL)","A Lausen, les citoyens rejettent à 53,1 pour cent l'initiative ""Pas de Suisse à 10 millions!». Le rejet de l'initiative est toutefois moins marqué que celui enregistré lors de la votation sur l'initiative ""pour une immigration modérée» en 2020. Les habitants de Lausen avaient alors dit non à 58,8 pour cent."
2829,50,50,50,"Liestal (BL)","C'est non à l'initiative ""Pas de Suisse à 10 millions!» à Liestal. Les habitants ont refusé le texte à 50 pour cent. Le rejet de l'initiative est toutefois moins marqué que celui enregistré lors de la votation sur l'initiative ""pour une immigration modérée» en 2020. Les habitants de Liestal avaient alors dit non à 66,5 pour cent."
2830,72.7,72.7,27.3,"Lupsingen (BL)","Les habitants de Lupsingen acceptent à 72,7 pour cent l'initiative ""Pas de Suisse à 10 millions!». Avec ce résultat, Lupsingen bascule dans le camp du oui. En 2020, la commune avait rejeté l'initiative ""pour une immigration modérée» avec 58,2 pour cent des voix."
2831,12.8,12.8,87.2,"Pratteln (BL)","L'initiative ""Pas de Suisse à 10 millions!» n'a pas trouvé grâce aux yeux des citoyens de Pratteln. Ils ont refusé le texte à 87,2 pour cent. Le refus de l'initiative ""Pas de Suisse à 10 millions!» est plus fort que celui observé pour l'initiative ""pour une immigration modérée» en 2020. La proportion de non à Pratteln était alors de 62 pour cent."
2832,51.2,51.2,48.8,"Ramlinsburg (BL)","Ramlinsburg dit oui à 51,2 pour cent à l'initiative ""Pas de Suisse à 10 millions!». Avec ce résultat, Ramlinsburg bascule dans le camp du oui. En 2020, la commune avait rejeté l'initiative ""pour une immigration modérée» avec 60,7 pour cent des voix."
2833,92.2,92.2,7.8,"Seltisberg (BL)","L'initiative ""Pas de Suisse à 10 millions!» passe la rampe avec 92,2 pour cent de oui à Seltisberg. Avec ce résultat, Seltisberg bascule dans le camp du oui. En 2020, la commune avait rejeté l'initiative ""pour une immigration modérée» avec 65,1 pour cent des voix."
2834,55.8,55.8,44.2,"Ziefen (BL)","L'initiative ""Pas de Suisse à 10 millions!» passe la rampe avec 55,8 pour cent de oui à Ziefen. Avec ce résultat, Ziefen bascule dans le camp du oui. En 2020, la commune avait rejeté l'initiative ""pour une immigration modérée» avec 63,1 pour cent des voix."
2841,74.4,74.4,25.6,"Anwil (BL)","Anwil dit oui à 74,4 pour cent à l'initiative ""Pas de Suisse à 10 millions!». Le soutien à l'initiative ""Pas de Suisse à 10 millions!» a augmenté à Anwil par rapport à l'initiative ""pour une immigration modérée» soumise au vote en 2020. Lors de cette votation, 51,2 pour cent des habitants de la commune avaient accepté ce texte."
2842,25.4,25.4,74.6,"Böckten (BL)","La population de Böckten rejette à 74,6 pour cent des voix l'initiative ""Pas de Suisse à 10 millions!». Le refus de l'initiative ""Pas de Suisse à 10 millions!» est plus fort que celui observé pour l'initiative ""pour une immigration modérée» en 2020. La proportion de non à Böckten était alors de 55,9 pour cent."
2843,80.1,80.1,19.9,"Buckten (BL)","Les habitants de Buckten soutiennent à 80,1 pour cent l'initiative ""Pas de Suisse à 10 millions!». Avec ce résultat, Buckten bascule dans le camp du oui. En 2020, la commune avait rejeté l'initiative ""pour une immigration modérée» avec 52,5 pour cent des voix."
2844,55.5,55.5,44.5,"Buus (BL)","Buus dit oui à 55,5 pour cent à l'initiative ""Pas de Suisse à 10 millions!». Le soutien à l'initiative ""Pas de Suisse à 10 millions!» a augmenté à Buus par rapport à l'initiative ""pour une immigration modérée» soumise au vote en 2020. Lors de cette votation, 53 pour cent des habitants de la commune avaient accepté ce texte."
2845,91.4,91.4,8.6,"Diepflingen (BL)","L'initiative ""Pas de Suisse à 10 millions!» passe la rampe avec 91,4 pour cent de oui à Diepflingen. Avec ce résultat, Diepflingen bascule dans le camp du oui. En 2020, la commune avait rejeté l'initiative ""pour une immigration modérée» avec 51,2 pour cent des voix."
2846,59.7,59.7,40.3,"Gelterkinden (BL)","Gelterkinden dit oui à 59,7 pour cent à l'initiative ""Pas de Suisse à 10 millions!». Avec ce résultat, Gelterkinden bascule dans le camp du oui. En 2020, la commune avait rejeté l'initiative ""pour une immigration modérée» avec 61,8 pour cent des voix."
2847,65.5,65.5,34.5,"Häfelfingen (BL)","Les habitants de Häfelfingen soutiennent à 65,5 pour cent l'initiative ""Pas de Suisse à 10 millions!». Le soutien à l'initiative ""Pas de Suisse à 10 millions!» a augmenté à Häfelfingen par rapport à l'initiative ""pour une immigration modérée» soumise au vote en 2020. Lors de cette votation, 56,6 pour cent des habitants de la commune avaient accepté ce texte."
2848,40.8,40.8,59.2,"Hemmiken (BL)","L'initiative ""Pas de Suisse à 10 millions!» n'a pas trouvé grâce aux yeux des citoyens de Hemmiken. Ils ont refusé le texte à 59,2 pour cent. En cinq ans, la commune a ainsi changé de camp sur la question de la limitation de l'immigration. Hemmiken avait rejeté l'initiative ""pour une immigration modérée» à 38,8 pour cent en 2020."
2849,81.6,81.6,18.4,"Itingen (BL)","L'initiative ""Pas de Suisse à 10 millions!» est approuvée à Itingen par 81,6 pour cent des votants. Avec ce résultat, Itingen bascule dans le camp du oui. En 2020, la commune avait rejeté l'initiative ""pour une immigration modérée» avec 57,9 pour cent des voix."
2850,48.4,48.4,51.6,"Känerkinden (BL)","L'initiative ""Pas de Suisse à 10 millions!» n'a pas convaincu à Känerkinden. Les citoyens de la commune ont refusé le texte à 51,6 pour cent. Le résultat a peu changé par rapport au vote sur l'initiative ""pour une immigration modérée» en 2020. Känerkinden avait alors dit non à 52,3 pour cent."
2851,1.1,1.1,98.9,"Kilchberg (BL)","Les habitants de Kilchberg (BL) s'opposent à l'initiative ""Pas de Suisse à 10 millions!» par 98,9 pour cent des voix. Le refus de l'initiative ""Pas de Suisse à 10 millions!» est plus fort que celui observé pour l'initiative ""pour une immigration modérée» en 2020. La proportion de non à Kilchberg (BL) était alors de 63,7 pour cent."
2852,51.1,51.1,48.9,"Läufelfingen (BL)","A Läufelfingen, les habitants disent oui à 51,1 pour cent à l'initiative ""Pas de Suisse à 10 millions!». Les avis restent ainsi stables sur la question de l'immigration à Läufelfingen. En 2020, la commune avait déjà voté oui à 50,4 pour cent à l'initiative ""pour une immigration modérée»."
2853,48.4,48.4,51.6,"Maisprach (BL)","La population de Maisprach rejette à 51,6 pour cent des voix l'initiative ""Pas de Suisse à 10 millions!». Le rejet de l'initiative est toutefois moins marqué que celui enregistré lors de la votation sur l'initiative ""pour une immigration modérée» en 2020. Les habitants de Maisprach avaient alors dit non à 56,2 pour cent."
2854,66.1,66.1,33.9,"Nusshof (BL)","La population de Nusshof approuve à 66,1 pour cent l'initiative ""Pas de Suisse à 10 millions!». Avec ce résultat, Nusshof bascule dans le camp du oui. En 2020, la commune avait rejeté l'initiative ""pour une immigration modérée» avec 52,3 pour cent des voix."
2855,22.9,22.9,77.1,"Oltingen (BL)","L'initiative ""Pas de Suisse à 10 millions!» n'a pas trouvé grâce aux yeux des citoyens d'Oltingen. Ils ont refusé le texte à 77,1 pour cent. Le refus de l'initiative ""Pas de Suisse à 10 millions!» est plus fort que celui observé pour l'initiative ""pour une immigration modérée» en 2020. La proportion de non à Oltingen était alors de 56 pour cent."
2856,92.3,92.3,7.7,"Ormalingen (BL)","L'initiative ""Pas de Suisse à 10 millions!» est approuvée à Ormalingen par 92,3 pour cent des votants. Avec ce résultat, Ormalingen bascule dans le camp du oui. En 2020, la commune avait rejeté l'initiative ""pour une immigration modérée» avec 52,8 pour cent des voix."
2857,53.4,53.4,46.6,"Rickenbach (BL)","Les habitants de Rickenbach (BL) acceptent à 53,4 pour cent l'initiative ""Pas de Suisse à 10 millions!». Avec ce résultat, Rickenbach (BL) bascule dans le camp du oui. En 2020, la commune avait rejeté l'initiative ""pour une immigration modérée» avec 54,8 pour cent des voix."
2858,68.1,68.1,31.9,"Rothenfluh (BL)","Rothenfluh dit oui à 68,1 pour cent à l'initiative ""Pas de Suisse à 10 millions!». Le soutien à l'initiative ""Pas de Suisse à 10 millions!» a augmenté à Rothenfluh par rapport à l'initiative ""pour une immigration modérée» soumise au vote en 2020. Lors de cette votation, 50,1 pour cent des habitants de la commune avaient accepté ce texte."
2859,10.7,10.7,89.3,"Rümlingen (BL)","L'initiative ""Pas de Suisse à 10 millions!» est refusée à 89,3 pour cent à Rümlingen. En cinq ans, la commune a ainsi changé de camp sur la question de la limitation de l'immigration. Rümlingen avait rejeté l'initiative ""pour une immigration modérée» à 46,1 pour cent en 2020."
2860,69.6,69.6,30.4,"Rünenberg (BL)","Rünenberg dit oui à 69,6 pour cent à l'initiative ""Pas de Suisse à 10 millions!». Le soutien à l'initiative ""Pas de Suisse à 10 millions!» a augmenté à Rünenberg par rapport à l'initiative ""pour une immigration modérée» soumise au vote en 2020. Lors de cette votation, 50,2 pour cent des habitants de la commune avaient accepté ce texte."
2861,20.3,20.3,79.7,"Sissach (BL)","A Sissach, les citoyens rejettent à 79,7 pour cent l'initiative ""Pas de Suisse à 10 millions!». Le refus de l'initiative ""Pas de Suisse à 10 millions!» est plus fort que celui observé pour l'initiative ""pour une immigration modérée» en 2020. La proportion de non à Sissach était alors de 64,5 pour cent."
2862,50.8,50.8,49.2,"Tecknau (BL)","Les habitants de Tecknau acceptent à 50,8 pour cent l'initiative ""Pas de Suisse à 10 millions!». Avec ce résultat, Tecknau bascule dans le camp du oui. En 2020, la commune avait rejeté l'initiative ""pour une immigration modérée» avec 50,2 pour cent des voix."
2863,56.5,56.5,43.5,"Tenniken (BL)","Les habitants de Tenniken soutiennent à 56,5 pour cent l'initiative ""Pas de Suisse à 10 millions!». Avec ce résultat, Tenniken bascule dans le camp du oui. En 2020, la commune avait rejeté l'initiative ""pour une immigration modérée» avec 55,4 pour cent des voix."
2864,16,16,84,"Thürnen (BL)","La population de Thürnen rejette à 84 pour cent des voix l'initiative ""Pas de Suisse à 10 millions!». Le refus de l'initiative ""Pas de Suisse à 10 millions!» est plus fort que celui observé pour l'initiative ""pour une immigration modérée» en 2020. La proportion de non à Thürnen était alors de 58,6 pour cent."
2865,54.9,54.9,45.1,"Wenslingen (BL)","L'initiative ""Pas de Suisse à 10 millions!» passe la rampe avec 54,9 pour cent de oui à Wenslingen. Avec ce résultat, Wenslingen bascule dans le camp du oui. En 2020, la commune avait rejeté l'initiative ""pour une immigration modérée» avec 59 pour cent des voix."
2866,53.2,53.2,46.8,"Wintersingen (BL)","Wintersingen dit oui à 53,2 pour cent à l'initiative ""Pas de Suisse à 10 millions!». Le soutien à l'initiative ""Pas de Suisse à 10 millions!» a augmenté à Wintersingen par rapport à l'initiative ""pour une immigration modérée» soumise au vote en 2020. Lors de cette votation, 50,7 pour cent des habitants de la commune avaient accepté ce texte."
2867,63.8,63.8,36.2,"Wittinsburg (BL)","A Wittinsburg, les habitants disent oui à 63,8 pour cent à l'initiative ""Pas de Suisse à 10 millions!». Le soutien à l'initiative ""Pas de Suisse à 10 millions!» a augmenté à Wittinsburg par rapport à l'initiative ""pour une immigration modérée» soumise au vote en 2020. Lors de cette votation, 50,9 pour cent des habitants de la commune avaient accepté ce texte."
2868,55.7,55.7,44.3,"Zeglingen (BL)","Les habitants de Zeglingen acceptent à 55,7 pour cent l'initiative ""Pas de Suisse à 10 millions!». Avec ce résultat, Zeglingen bascule dans le camp du oui. En 2020, la commune avait rejeté l'initiative ""pour une immigration modérée» avec 53,6 pour cent des voix."
2869,41.6,41.6,58.4,"Zunzgen (BL)","Les habitants de Zunzgen s'opposent à l'initiative ""Pas de Suisse à 10 millions!» par 58,4 pour cent des voix. Le refus de l'initiative ""Pas de Suisse à 10 millions!» est plus fort que celui observé pour l'initiative ""pour une immigration modérée» en 2020. La proportion de non à Zunzgen était alors de 50,7 pour cent."
2881,41.8,41.8,58.2,"Arboldswil (BL)","L'initiative ""Pas de Suisse à 10 millions!» n'a pas convaincu à Arboldswil. Les citoyens de la commune ont refusé le texte à 58,2 pour cent. En cinq ans, la commune a ainsi changé de camp sur la question de la limitation de l'immigration. Arboldswil avait rejeté l'initiative ""pour une immigration modérée» à 41,3 pour cent en 2020."
2882,42.9,42.9,57.1,"Bennwil (BL)","C'est non à l'initiative ""Pas de Suisse à 10 millions!» à Bennwil. Les habitants ont refusé le texte à 57,1 pour cent. En cinq ans, la commune a ainsi changé de camp sur la question de la limitation de l'immigration. Bennwil avait rejeté l'initiative ""pour une immigration modérée» à 41 pour cent en 2020."
2883,33.8,33.8,66.2,"Bretzwil (BL)","Les habitants de Bretzwil s'opposent à l'initiative ""Pas de Suisse à 10 millions!» par 66,2 pour cent des voix. En cinq ans, la commune a ainsi changé de camp sur la question de la limitation de l'immigration. Bretzwil avait rejeté l'initiative ""pour une immigration modérée» à 33,8 pour cent en 2020."
2884,25.9,25.9,74.1,"Diegten (BL)","Les habitants de Diegten s'opposent à l'initiative ""Pas de Suisse à 10 millions!» par 74,1 pour cent des voix. En cinq ans, la commune a ainsi changé de camp sur la question de la limitation de l'immigration. Diegten avait rejeté l'initiative ""pour une immigration modérée» à 43,8 pour cent en 2020."
2885,24.6,24.6,75.4,"Eptingen (BL)","L'initiative ""Pas de Suisse à 10 millions!» n'a pas convaincu à Eptingen. Les citoyens de la commune ont refusé le texte à 75,4 pour cent. En cinq ans, la commune a ainsi changé de camp sur la question de la limitation de l'immigration. Eptingen avait rejeté l'initiative ""pour une immigration modérée» à 37,1 pour cent en 2020."
2886,93.1,93.1,6.9,"Hölstein (BL)","La population de Hölstein approuve à 93,1 pour cent l'initiative ""Pas de Suisse à 10 millions!». Avec ce résultat, Hölstein bascule dans le camp du oui. En 2020, la commune avait rejeté l'initiative ""pour une immigration modérée» avec 61,4 pour cent des voix."
2887,60.6,60.6,39.4,"Lampenberg (BL)","L'initiative ""Pas de Suisse à 10 millions!» passe la rampe avec 60,6 pour cent de oui à Lampenberg. Le soutien à l'initiative ""Pas de Suisse à 10 millions!» a augmenté à Lampenberg par rapport à l'initiative ""pour une immigration modérée» soumise au vote en 2020. Lors de cette votation, 50,8 pour cent des habitants de la commune avaient accepté ce texte."
2888,36.5,36.5,63.5,"Langenbruck (BL)","C'est non à l'initiative ""Pas de Suisse à 10 millions!» à Langenbruck. Les habitants ont refusé le texte à 63,5 pour cent. En cinq ans, la commune a ainsi changé de camp sur la question de la limitation de l'immigration. Langenbruck avait rejeté l'initiative ""pour une immigration modérée» à 49,4 pour cent en 2020."
2889,37.9,37.9,62.1,"Lauwil (BL)","C'est non à l'initiative ""Pas de Suisse à 10 millions!» à Lauwil. Les habitants ont refusé le texte à 62,1 pour cent. En cinq ans, la commune a ainsi changé de camp sur la question de la limitation de l'immigration. Lauwil avait rejeté l'initiative ""pour une immigration modérée» à 48,5 pour cent en 2020."
2890,9,9,91,"Liedertswil (BL)","C'est non à l'initiative ""Pas de Suisse à 10 millions!» à Liedertswil. Les habitants ont refusé le texte à 91 pour cent. En cinq ans, la commune a ainsi changé de camp sur la question de la limitation de l'immigration. Liedertswil avait rejeté l'initiative ""pour une immigration modérée» à 27,3 pour cent en 2020."
2891,38.4,38.4,61.6,"Niederdorf (BL)","C'est non à l'initiative ""Pas de Suisse à 10 millions!» à Niederdorf. Les habitants ont refusé le texte à 61,6 pour cent. En cinq ans, la commune a ainsi changé de camp sur la question de la limitation de l'immigration. Niederdorf avait rejeté l'initiative ""pour une immigration modérée» à 49,7 pour cent en 2020."
2892,42.6,42.6,57.4,"Oberdorf (BL)","La population d'Oberdorf (BL) rejette à 57,4 pour cent des voix l'initiative ""Pas de Suisse à 10 millions!». Le résultat a peu changé par rapport au vote sur l'initiative ""pour une immigration modérée» en 2020. Oberdorf (BL) avait alors dit non à 57,6 pour cent."
2893,57.7,57.7,42.3,"Reigoldswil (BL)","Les habitants de Reigoldswil acceptent à 57,7 pour cent l'initiative ""Pas de Suisse à 10 millions!». Avec ce résultat, Reigoldswil bascule dans le camp du oui. En 2020, la commune avait rejeté l'initiative ""pour une immigration modérée» avec 55 pour cent des voix."
2894,97.7,97.7,2.3,"Titterten (BL)","L'initiative ""Pas de Suisse à 10 millions!» est approuvée à Titterten par 97,7 pour cent des votants. Avec ce résultat, Titterten bascule dans le camp du oui. En 2020, la commune avait rejeté l'initiative ""pour une immigration modérée» avec 56,4 pour cent des voix."
2895,45.7,45.7,54.3,"Waldenburg (BL)","L'initiative ""Pas de Suisse à 10 millions!» n'a pas convaincu à Waldenburg. Les citoyens de la commune ont refusé le texte à 54,3 pour cent. En cinq ans, la commune a ainsi changé de camp sur la question de la limitation de l'immigration. Waldenburg avait rejeté l'initiative ""pour une immigration modérée» à 48,5 pour cent en 2020."
2901,76.9,76.9,23.1,"Gächlingen (SH)","Gächlingen dit oui à 76,9 pour cent à l'initiative ""Pas de Suisse à 10 millions!». Le soutien à l'initiative ""Pas de Suisse à 10 millions!» a augmenté à Gächlingen par rapport à l'initiative ""pour une immigration modérée» soumise au vote en 2020. Lors de cette votation, 54,2 pour cent des habitants de la commune avaient accepté ce texte."
2903,87,87,13,"Löhningen (SH)","L'initiative ""Pas de Suisse à 10 millions!» passe la rampe avec 87 pour cent de oui à Löhningen. Avec ce résultat, Löhningen bascule dans le camp du oui. En 2020, la commune avait rejeté l'initiative ""pour une immigration modérée» avec 53 pour cent des voix."
2904,98.7,98.7,1.3,"Neunkirch (SH)","La population de Neunkirch approuve à 98,7 pour cent l'initiative ""Pas de Suisse à 10 millions!». Avec ce résultat, Neunkirch bascule dans le camp du oui. En 2020, la commune avait rejeté l'initiative ""pour une immigration modérée» avec 56,7 pour cent des voix."
2914,89.8,89.8,10.2,"Büttenhardt (SH)","La population de Büttenhardt approuve à 89,8 pour cent l'initiative ""Pas de Suisse à 10 millions!». Le soutien à l'initiative ""Pas de Suisse à 10 millions!» a augmenté à Büttenhardt par rapport à l'initiative ""pour une immigration modérée» soumise au vote en 2020. Lors de cette votation, 59,1 pour cent des habitants de la commune avaient accepté ce texte."
2915,30.6,30.6,69.4,"Dörflingen (SH)","L'initiative ""Pas de Suisse à 10 millions!» n'a pas trouvé grâce aux yeux des citoyens de Dörflingen. Ils ont refusé le texte à 69,4 pour cent. En cinq ans, la commune a ainsi changé de camp sur la question de la limitation de l'immigration. Dörflingen avait rejeté l'initiative ""pour une immigration modérée» à 48,5 pour cent en 2020."
2917,46.8,46.8,53.2,"Lohn (SH)","Les habitants de Lohn (SH) s'opposent à l'initiative ""Pas de Suisse à 10 millions!» par 53,2 pour cent des voix. En cinq ans, la commune a ainsi changé de camp sur la question de la limitation de l'immigration. Lohn (SH) avait rejeté l'initiative ""pour une immigration modérée» à 45,3 pour cent en 2020."
2919,68.1,68.1,31.9,"Stetten (SH)","Les habitants de Stetten (SH) acceptent à 68,1 pour cent l'initiative ""Pas de Suisse à 10 millions!». Avec ce résultat, Stetten (SH) bascule dans le camp du oui. En 2020, la commune avait rejeté l'initiative ""pour une immigration modérée» avec 62,3 pour cent des voix."
2920,58.6,58.6,41.4,"Thayngen (SH)","A Thayngen, les habitants disent oui à 58,6 pour cent à l'initiative ""Pas de Suisse à 10 millions!». Le soutien à l'initiative ""Pas de Suisse à 10 millions!» a augmenté à Thayngen par rapport à l'initiative ""pour une immigration modérée» soumise au vote en 2020. Lors de cette votation, 51,4 pour cent des habitants de la commune avaient accepté ce texte."
2931,35.4,35.4,64.6,"Bargen (SH)","L'initiative ""Pas de Suisse à 10 millions!» n'a pas convaincu à Bargen (SH). Les citoyens de la commune ont refusé le texte à 64,6 pour cent. En cinq ans, la commune a ainsi changé de camp sur la question de la limitation de l'immigration. Bargen (SH) avait rejeté l'initiative ""pour une immigration modérée» à 40,4 pour cent en 2020."
2932,1.8,1.8,98.2,"Beringen (SH)","Les habitants de Beringen s'opposent à l'initiative ""Pas de Suisse à 10 millions!» par 98,2 pour cent des voix. Le refus de l'initiative ""Pas de Suisse à 10 millions!» est plus fort que celui observé pour l'initiative ""pour une immigration modérée» en 2020. La proportion de non à Beringen était alors de 53,7 pour cent."
2933,7.1,7.1,92.9,"Buchberg (SH)","La population de Buchberg rejette à 92,9 pour cent des voix l'initiative ""Pas de Suisse à 10 millions!». Le refus de l'initiative ""Pas de Suisse à 10 millions!» est plus fort que celui observé pour l'initiative ""pour une immigration modérée» en 2020. La proportion de non à Buchberg était alors de 50,5 pour cent."
2936,35.3,35.3,64.7,"Merishausen (SH)","C'est non à l'initiative ""Pas de Suisse à 10 millions!» à Merishausen. Les habitants ont refusé le texte à 64,7 pour cent. En cinq ans, la commune a ainsi changé de camp sur la question de la limitation de l'immigration. Merishausen avait rejeté l'initiative ""pour une immigration modérée» à 49,2 pour cent en 2020."
2937,54.5,54.5,45.5,"Neuhausen am Rheinfall (SH)","Neuhausen am Rheinfall dit oui à 54,5 pour cent à l'initiative ""Pas de Suisse à 10 millions!». Avec ce résultat, Neuhausen am Rheinfall bascule dans le camp du oui. En 2020, la commune avait rejeté l'initiative ""pour une immigration modérée» avec 52,5 pour cent des voix."
2938,8.5,8.5,91.5,"Rüdlingen (SH)","L'initiative ""Pas de Suisse à 10 millions!» est refusée à 91,5 pour cent à Rüdlingen. En cinq ans, la commune a ainsi changé de camp sur la question de la limitation de l'immigration. Rüdlingen avait rejeté l'initiative ""pour une immigration modérée» à 46,8 pour cent en 2020."
2939,96.4,96.4,3.6,"Schaffhouse (SH)","La population de Schaffhouse approuve à 96,4 pour cent l'initiative ""Pas de Suisse à 10 millions!». Avec ce résultat, Schaffhouse bascule dans le camp du oui. En 2020, la commune avait rejeté l'initiative ""pour une immigration modérée» avec 64,9 pour cent des voix."
2951,48.4,48.4,51.6,"Beggingen (SH)","L'initiative ""Pas de Suisse à 10 millions!» n'a pas convaincu à Beggingen. Les citoyens de la commune ont refusé le texte à 51,6 pour cent. En cinq ans, la commune a ainsi changé de camp sur la question de la limitation de l'immigration. Beggingen avait rejeté l'initiative ""pour une immigration modérée» à 32,5 pour cent en 2020."
2952,55.7,55.7,44.3,"Schleitheim (SH)","L'initiative ""Pas de Suisse à 10 millions!» passe la rampe avec 55,7 pour cent de oui à Schleitheim. Les avis restent ainsi stables sur la question de l'immigration à Schleitheim. En 2020, la commune avait déjà voté oui à 55 pour cent à l'initiative ""pour une immigration modérée»."
2953,37,37,63,"Siblingen (SH)","La population de Siblingen rejette à 63 pour cent des voix l'initiative ""Pas de Suisse à 10 millions!». En cinq ans, la commune a ainsi changé de camp sur la question de la limitation de l'immigration. Siblingen avait rejeté l'initiative ""pour une immigration modérée» à 49,7 pour cent en 2020."
2961,92.6,92.6,7.4,"Buch (SH)","A Buch (SH), les habitants disent oui à 92,6 pour cent à l'initiative ""Pas de Suisse à 10 millions!». Le soutien à l'initiative ""Pas de Suisse à 10 millions!» a augmenté à Buch (SH) par rapport à l'initiative ""pour une immigration modérée» soumise au vote en 2020. Lors de cette votation, 58,4 pour cent des habitants de la commune avaient accepté ce texte."
2962,4.8,4.8,95.2,"Hemishofen (SH)","C'est non à l'initiative ""Pas de Suisse à 10 millions!» à Hemishofen. Les habitants ont refusé le texte à 95,2 pour cent. Le refus de l'initiative ""Pas de Suisse à 10 millions!» est plus fort que celui observé pour l'initiative ""pour une immigration modérée» en 2020. La proportion de non à Hemishofen était alors de 53,8 pour cent."
2963,23.9,23.9,76.1,"Ramsen (SH)","La population de Ramsen rejette à 76,1 pour cent des voix l'initiative ""Pas de Suisse à 10 millions!». En cinq ans, la commune a ainsi changé de camp sur la question de la limitation de l'immigration. Ramsen avait rejeté l'initiative ""pour une immigration modérée» à 49,7 pour cent en 2020."
2964,87.3,87.3,12.7,"Stein am Rhein (SH)","A Stein am Rhein, les habitants disent oui à 87,3 pour cent à l'initiative ""Pas de Suisse à 10 millions!». Avec ce résultat, Stein am Rhein bascule dans le camp du oui. En 2020, la commune avait rejeté l'initiative ""pour une immigration modérée» avec 58,3 pour cent des voix."
2971,54.2,54.2,45.8,"Hallau (SH)","Les habitants de Hallau acceptent à 54,2 pour cent l'initiative ""Pas de Suisse à 10 millions!». Le soutien à l'initiative ""Pas de Suisse à 10 millions!» a augmenté à Hallau par rapport à l'initiative ""pour une immigration modérée» soumise au vote en 2020. Lors de cette votation, 52,8 pour cent des habitants de la commune avaient accepté ce texte."
2972,74.1,74.1,25.9,"Oberhallau (SH)","Oberhallau dit oui à 74,1 pour cent à l'initiative ""Pas de Suisse à 10 millions!». Le soutien à l'initiative ""Pas de Suisse à 10 millions!» a augmenté à Oberhallau par rapport à l'initiative ""pour une immigration modérée» soumise au vote en 2020. Lors de cette votation, 61,8 pour cent des habitants de la commune avaient accepté ce texte."
2973,41.4,41.4,58.6,"Trasadingen (SH)","L'initiative ""Pas de Suisse à 10 millions!» n'a pas convaincu à Trasadingen. Les citoyens de la commune ont refusé le texte à 58,6 pour cent. En cinq ans, la commune a ainsi changé de camp sur la question de la limitation de l'immigration. Trasadingen avait rejeté l'initiative ""pour une immigration modérée» à 43 pour cent en 2020."
2974,69.2,69.2,30.8,"Wilchingen (SH)","Les habitants de Wilchingen soutiennent à 69,2 pour cent l'initiative ""Pas de Suisse à 10 millions!». Le soutien à l'initiative ""Pas de Suisse à 10 millions!» a augmenté à Wilchingen par rapport à l'initiative ""pour une immigration modérée» soumise au vote en 2020. Lors de cette votation, 59,7 pour cent des habitants de la commune avaient accepté ce texte."
3001,61,61,39,"Herisau (AR)","L'initiative ""Pas de Suisse à 10 millions!» passe la rampe avec 61 pour cent de oui à Herisau. Avec ce résultat, Herisau bascule dans le camp du oui. En 2020, la commune avait rejeté l'initiative ""pour une immigration modérée» avec 59,1 pour cent des voix."
3002,46.9,46.9,53.1,"Hundwil (AR)","C'est non à l'initiative ""Pas de Suisse à 10 millions!» à Hundwil. Les habitants ont refusé le texte à 53,1 pour cent. En cinq ans, la commune a ainsi changé de camp sur la question de la limitation de l'immigration. Hundwil avait rejeté l'initiative ""pour une immigration modérée» à 34,4 pour cent en 2020."
3003,42.3,42.3,57.7,"Schönengrund (AR)","A Schönengrund, les citoyens rejettent à 57,7 pour cent l'initiative ""Pas de Suisse à 10 millions!». En cinq ans, la commune a ainsi changé de camp sur la question de la limitation de l'immigration. Schönengrund avait rejeté l'initiative ""pour une immigration modérée» à 33,8 pour cent en 2020."
3004,34.4,34.4,65.6,"Schwellbrunn (AR)","L'initiative ""Pas de Suisse à 10 millions!» est refusée à 65,6 pour cent à Schwellbrunn. En cinq ans, la commune a ainsi changé de camp sur la question de la limitation de l'immigration. Schwellbrunn avait rejeté l'initiative ""pour une immigration modérée» à 36,7 pour cent en 2020."
3005,99.3,99.3,0.7,"Stein (AR)","A Stein (AR), les habitants disent oui à 99,3 pour cent à l'initiative ""Pas de Suisse à 10 millions!». Le soutien à l'initiative ""Pas de Suisse à 10 millions!» a augmenté à Stein (AR) par rapport à l'initiative ""pour une immigration modérée» soumise au vote en 2020. Lors de cette votation, 50,4 pour cent des habitants de la commune avaient accepté ce texte."
3006,86.9,86.9,13.1,"Urnäsch (AR)","La population d'Urnäsch approuve à 86,9 pour cent l'initiative ""Pas de Suisse à 10 millions!». Le soutien à l'initiative ""Pas de Suisse à 10 millions!» a augmenté à Urnäsch par rapport à l'initiative ""pour une immigration modérée» soumise au vote en 2020. Lors de cette votation, 64,6 pour cent des habitants de la commune avaient accepté ce texte."
3007,23.7,23.7,76.3,"Waldstatt (AR)","L'initiative ""Pas de Suisse à 10 millions!» n'a pas convaincu à Waldstatt. Les citoyens de la commune ont refusé le texte à 76,3 pour cent. Le refus de l'initiative ""Pas de Suisse à 10 millions!» est plus fort que celui observé pour l'initiative ""pour une immigration modérée» en 2020. La proportion de non à Waldstatt était alors de 50,1 pour cent."
3021,86.1,86.1,13.9,"Bühler (AR)","Les habitants de Bühler soutiennent à 86,1 pour cent l'initiative ""Pas de Suisse à 10 millions!». Avec ce résultat, Bühler bascule dans le camp du oui. En 2020, la commune avait rejeté l'initiative ""pour une immigration modérée» avec 52,2 pour cent des voix."
3022,44.4,44.4,55.6,"Gais (AR)","La population de Gais rejette à 55,6 pour cent des voix l'initiative ""Pas de Suisse à 10 millions!». Le rejet de l'initiative est toutefois moins marqué que celui enregistré lors de la votation sur l'initiative ""pour une immigration modérée» en 2020. Les habitants de Gais avaient alors dit non à 60,4 pour cent."
3023,66.9,66.9,33.1,"Speicher (AR)","Les habitants de Speicher soutiennent à 66,9 pour cent l'initiative ""Pas de Suisse à 10 millions!». Avec ce résultat, Speicher bascule dans le camp du oui. En 2020, la commune avait rejeté l'initiative ""pour une immigration modérée» avec 67,6 pour cent des voix."
3024,14,14,86,"Teufen (AR)","A Teufen (AR), les citoyens rejettent à 86 pour cent l'initiative ""Pas de Suisse à 10 millions!». Le refus de l'initiative ""Pas de Suisse à 10 millions!» est plus fort que celui observé pour l'initiative ""pour une immigration modérée» en 2020. La proportion de non à Teufen (AR) était alors de 64,9 pour cent."
3025,54,54,46,"Trogen (AR)","La population de Trogen approuve à 54 pour cent l'initiative ""Pas de Suisse à 10 millions!». Avec ce résultat, Trogen bascule dans le camp du oui. En 2020, la commune avait rejeté l'initiative ""pour une immigration modérée» avec 70,4 pour cent des voix."
3031,40.5,40.5,59.5,"Grub (AR)","L'initiative ""Pas de Suisse à 10 millions!» n'a pas trouvé grâce aux yeux des citoyens de Grub (AR). Ils ont refusé le texte à 59,5 pour cent. En cinq ans, la commune a ainsi changé de camp sur la question de la limitation de l'immigration. Grub (AR) avait rejeté l'initiative ""pour une immigration modérée» à 46,9 pour cent en 2020."
3032,12.1,12.1,87.9,"Heiden (AR)","C'est non à l'initiative ""Pas de Suisse à 10 millions!» à Heiden. Les habitants ont refusé le texte à 87,9 pour cent. Le refus de l'initiative ""Pas de Suisse à 10 millions!» est plus fort que celui observé pour l'initiative ""pour une immigration modérée» en 2020. La proportion de non à Heiden était alors de 58,8 pour cent."
3033,92.9,92.9,7.1,"Lutzenberg (AR)","L'initiative ""Pas de Suisse à 10 millions!» est approuvée à Lutzenberg par 92,9 pour cent des votants. Le soutien à l'initiative ""Pas de Suisse à 10 millions!» a augmenté à Lutzenberg par rapport à l'initiative ""pour une immigration modérée» soumise au vote en 2020. Lors de cette votation, 55,9 pour cent des habitants de la commune avaient accepté ce texte."
3034,12.2,12.2,87.8,"Rehetobel (AR)","La population de Rehetobel rejette à 87,8 pour cent des voix l'initiative ""Pas de Suisse à 10 millions!». Le refus de l'initiative ""Pas de Suisse à 10 millions!» est plus fort que celui observé pour l'initiative ""pour une immigration modérée» en 2020. La proportion de non à Rehetobel était alors de 65,6 pour cent."
3035,25.1,25.1,74.9,"Reute (AR)","A Reute (AR), les citoyens rejettent à 74,9 pour cent l'initiative ""Pas de Suisse à 10 millions!». En cinq ans, la commune a ainsi changé de camp sur la question de la limitation de l'immigration. Reute (AR) avait rejeté l'initiative ""pour une immigration modérée» à 45,1 pour cent en 2020."
3036,1.4,1.4,98.6,"Wald (AR)","L'initiative ""Pas de Suisse à 10 millions!» n'a pas convaincu à Wald (AR). Les citoyens de la commune ont refusé le texte à 98,6 pour cent. Le refus de l'initiative ""Pas de Suisse à 10 millions!» est plus fort que celui observé pour l'initiative ""pour une immigration modérée» en 2020. La proportion de non à Wald (AR) était alors de 53,2 pour cent."
3037,21.7,21.7,78.3,"Walzenhausen (AR)","A Walzenhausen, les citoyens rejettent à 78,3 pour cent l'initiative ""Pas de Suisse à 10 millions!». En cinq ans, la commune a ainsi changé de camp sur la question de la limitation de l'immigration. Walzenhausen avait rejeté l'initiative ""pour une immigration modérée» à 45,6 pour cent en 2020."
3038,44.1,44.1,55.9,"Wolfhalden (AR)","C'est non à l'initiative ""Pas de Suisse à 10 millions!» à Wolfhalden. Les habitants ont refusé le texte à 55,9 pour cent. En cinq ans, la commune a ainsi changé de camp sur la question de la limitation de l'immigration. Wolfhalden avait rejeté l'initiative ""pour une immigration modérée» à 49,9 pour cent en 2020."
3101,74.2,74.2,25.8,"Appenzell (AI)","Appenzell dit oui à 74,2 pour cent à l'initiative ""Pas de Suisse à 10 millions!». Avec ce résultat, Appenzell bascule dans le camp du oui. En 2020, la commune avait rejeté l'initiative ""pour une immigration modérée» avec 51,5 pour cent des voix."
3102,49.1,49.1,50.9,"Gonten (AI)","L'initiative ""Pas de Suisse à 10 millions!» n'a pas convaincu à Gonten. Les citoyens de la commune ont refusé le texte à 50,9 pour cent. En cinq ans, la commune a ainsi changé de camp sur la question de la limitation de l'immigration. Gonten avait rejeté l'initiative ""pour une immigration modérée» à 34,4 pour cent en 2020."
3104,37.6,37.6,62.4,"Schlatt-Haslen (AI)","La population de Schlatt-Haslen rejette à 62,4 pour cent des voix l'initiative ""Pas de Suisse à 10 millions!». En cinq ans, la commune a ainsi changé de camp sur la question de la limitation de l'immigration. Schlatt-Haslen avait rejeté l'initiative ""pour une immigration modérée» à 38,5 pour cent en 2020."
3111,62.9,62.9,37.1,"Oberegg (AI)","L'initiative ""Pas de Suisse à 10 millions!» est approuvée à Oberegg par 62,9 pour cent des votants. Le soutien à l'initiative ""Pas de Suisse à 10 millions!» a augmenté à Oberegg par rapport à l'initiative ""pour une immigration modérée» soumise au vote en 2020. Lors de cette votation, 51,7 pour cent des habitants de la commune avaient accepté ce texte."
3112,72.4,72.4,27.6,"Schwende-Rüti (AI)","L'initiative ""Pas de Suisse à 10 millions!» passe la rampe avec 72,4 pour cent de oui à Schwende-Rüti. Le soutien à l'initiative ""Pas de Suisse à 10 millions!» a augmenté à Schwende-Rüti par rapport à l'initiative ""pour une immigration modérée» soumise au vote en 2020. Lors de cette votation, 57,5 pour cent des habitants de la commune avaient accepté ce texte."
3201,21.1,21.1,78.9,"Häggenschwil (SG)","L'initiative ""Pas de Suisse à 10 millions!» n'a pas trouvé grâce aux yeux des citoyens de Häggenschwil. Ils ont refusé le texte à 78,9 pour cent. Le refus de l'initiative ""Pas de Suisse à 10 millions!» est plus fort que celui observé pour l'initiative ""pour une immigration modérée» en 2020. La proportion de non à Häggenschwil était alors de 52,7 pour cent."
3202,40.5,40.5,59.5,"Muolen (SG)","L'initiative ""Pas de Suisse à 10 millions!» est refusée à 59,5 pour cent à Muolen. En cinq ans, la commune a ainsi changé de camp sur la question de la limitation de l'immigration. Muolen avait rejeté l'initiative ""pour une immigration modérée» à 47,8 pour cent en 2020."
3203,39.2,39.2,60.8,"Saint-Gall (SG)","Les habitants de Saint-Gall s'opposent à l'initiative ""Pas de Suisse à 10 millions!» par 60,8 pour cent des voix. Le rejet de l'initiative est toutefois moins marqué que celui enregistré lors de la votation sur l'initiative ""pour une immigration modérée» en 2020. Les habitants de Saint-Gall avaient alors dit non à 74,1 pour cent."
3204,51.1,51.1,48.9,"Wittenbach (SG)","L'initiative ""Pas de Suisse à 10 millions!» passe la rampe avec 51,1 pour cent de oui à Wittenbach. Avec ce résultat, Wittenbach bascule dans le camp du oui. En 2020, la commune avait rejeté l'initiative ""pour une immigration modérée» avec 59,6 pour cent des voix."
3211,94,94,6,"Berg (SG)","La population de Berg (SG) approuve à 94 pour cent l'initiative ""Pas de Suisse à 10 millions!». Avec ce résultat, Berg (SG) bascule dans le camp du oui. En 2020, la commune avait rejeté l'initiative ""pour une immigration modérée» avec 56,1 pour cent des voix."
3212,28.1,28.1,71.9,"Eggersriet (SG)","C'est non à l'initiative ""Pas de Suisse à 10 millions!» à Eggersriet. Les habitants ont refusé le texte à 71,9 pour cent. Le refus de l'initiative ""Pas de Suisse à 10 millions!» est plus fort que celui observé pour l'initiative ""pour une immigration modérée» en 2020. La proportion de non à Eggersriet était alors de 57,4 pour cent."
3213,40,40,60,"Goldach (SG)","L'initiative ""Pas de Suisse à 10 millions!» n'a pas convaincu à Goldach. Les citoyens de la commune ont refusé le texte à 60 pour cent. Le refus de l'initiative ""Pas de Suisse à 10 millions!» est plus fort que celui observé pour l'initiative ""pour une immigration modérée» en 2020. La proportion de non à Goldach était alors de 58,9 pour cent."
3214,96.9,96.9,3.1,"Mörschwil (SG)","Mörschwil dit oui à 96,9 pour cent à l'initiative ""Pas de Suisse à 10 millions!». Avec ce résultat, Mörschwil bascule dans le camp du oui. En 2020, la commune avait rejeté l'initiative ""pour une immigration modérée» avec 64,1 pour cent des voix."
3215,35.6,35.6,64.4,"Rorschach (SG)","L'initiative ""Pas de Suisse à 10 millions!» n'a pas convaincu à Rorschach. Les citoyens de la commune ont refusé le texte à 64,4 pour cent. Le refus de l'initiative ""Pas de Suisse à 10 millions!» est plus fort que celui observé pour l'initiative ""pour une immigration modérée» en 2020. La proportion de non à Rorschach était alors de 63,2 pour cent."
3216,90,90,10,"Rorschacherberg (SG)","Les habitants de Rorschacherberg soutiennent à 90 pour cent l'initiative ""Pas de Suisse à 10 millions!». Avec ce résultat, Rorschacherberg bascule dans le camp du oui. En 2020, la commune avait rejeté l'initiative ""pour une immigration modérée» avec 55,7 pour cent des voix."
3217,67.3,67.3,32.7,"Steinach (SG)","L'initiative ""Pas de Suisse à 10 millions!» passe la rampe avec 67,3 pour cent de oui à Steinach. Avec ce résultat, Steinach bascule dans le camp du oui. En 2020, la commune avait rejeté l'initiative ""pour une immigration modérée» avec 58,8 pour cent des voix."
3218,40.1,40.1,59.9,"Tübach (SG)","L'initiative ""Pas de Suisse à 10 millions!» n'a pas trouvé grâce aux yeux des citoyens de Tübach. Ils ont refusé le texte à 59,9 pour cent. Le résultat a peu changé par rapport au vote sur l'initiative ""pour une immigration modérée» en 2020. Tübach avait alors dit non à 59,2 pour cent."
3219,14.5,14.5,85.5,"Untereggen (SG)","C'est non à l'initiative ""Pas de Suisse à 10 millions!» à Untereggen. Les habitants ont refusé le texte à 85,5 pour cent. Le refus de l'initiative ""Pas de Suisse à 10 millions!» est plus fort que celui observé pour l'initiative ""pour une immigration modérée» en 2020. La proportion de non à Untereggen était alors de 55 pour cent."
3231,53,53,47,"Au (SG)","L'initiative ""Pas de Suisse à 10 millions!» est approuvée à Au (SG) par 53 pour cent des votants. Avec ce résultat, Au (SG) bascule dans le camp du oui. En 2020, la commune avait rejeté l'initiative ""pour une immigration modérée» avec 57,3 pour cent des voix."
3232,51.1,51.1,48.9,"Balgach (SG)","Les habitants de Balgach acceptent à 51,1 pour cent l'initiative ""Pas de Suisse à 10 millions!». Avec ce résultat, Balgach bascule dans le camp du oui. En 2020, la commune avait rejeté l'initiative ""pour une immigration modérée» avec 61,2 pour cent des voix."
3233,29.2,29.2,70.8,"Berneck (SG)","A Berneck, les citoyens rejettent à 70,8 pour cent l'initiative ""Pas de Suisse à 10 millions!». Le refus de l'initiative ""Pas de Suisse à 10 millions!» est plus fort que celui observé pour l'initiative ""pour une immigration modérée» en 2020. La proportion de non à Berneck était alors de 55,4 pour cent."
3234,96.9,96.9,3.1,"Diepoldsau (SG)","La population de Diepoldsau approuve à 96,9 pour cent l'initiative ""Pas de Suisse à 10 millions!». Avec ce résultat, Diepoldsau bascule dans le camp du oui. En 2020, la commune avait rejeté l'initiative ""pour une immigration modérée» avec 53,5 pour cent des voix."
3235,84.2,84.2,15.8,"Rheineck (SG)","Les habitants de Rheineck acceptent à 84,2 pour cent l'initiative ""Pas de Suisse à 10 millions!». Avec ce résultat, Rheineck bascule dans le camp du oui. En 2020, la commune avait rejeté l'initiative ""pour une immigration modérée» avec 53,9 pour cent des voix."
3236,72.3,72.3,27.7,"St. Margrethen (SG)","St. Margrethen dit oui à 72,3 pour cent à l'initiative ""Pas de Suisse à 10 millions!». Le soutien à l'initiative ""Pas de Suisse à 10 millions!» a augmenté à St. Margrethen par rapport à l'initiative ""pour une immigration modérée» soumise au vote en 2020. Lors de cette votation, 50,5 pour cent des habitants de la commune avaient accepté ce texte."
3237,56.1,56.1,43.9,"Thal (SG)","Les habitants de Thal acceptent à 56,1 pour cent l'initiative ""Pas de Suisse à 10 millions!». Avec ce résultat, Thal bascule dans le camp du oui. En 2020, la commune avait rejeté l'initiative ""pour une immigration modérée» avec 51,8 pour cent des voix."
3238,74.2,74.2,25.8,"Widnau (SG)","A Widnau, les habitants disent oui à 74,2 pour cent à l'initiative ""Pas de Suisse à 10 millions!». Avec ce résultat, Widnau bascule dans le camp du oui. En 2020, la commune avait rejeté l'initiative ""pour une immigration modérée» avec 53,2 pour cent des voix."
3251,23.5,23.5,76.5,"Altstätten (SG)","L'initiative ""Pas de Suisse à 10 millions!» n'a pas convaincu à Altstätten. Les citoyens de la commune ont refusé le texte à 76,5 pour cent. En cinq ans, la commune a ainsi changé de camp sur la question de la limitation de l'immigration. Altstätten avait rejeté l'initiative ""pour une immigration modérée» à 49,5 pour cent en 2020."
3252,78.9,78.9,21.1,"Eichberg (SG)","La population d'Eichberg approuve à 78,9 pour cent l'initiative ""Pas de Suisse à 10 millions!». Le soutien à l'initiative ""Pas de Suisse à 10 millions!» a augmenté à Eichberg par rapport à l'initiative ""pour une immigration modérée» soumise au vote en 2020. Lors de cette votation, 59,5 pour cent des habitants de la commune avaient accepté ce texte."
3253,93.5,93.5,6.5,"Marbach (SG)","L'initiative ""Pas de Suisse à 10 millions!» passe la rampe avec 93,5 pour cent de oui à Marbach (SG). Avec ce résultat, Marbach (SG) bascule dans le camp du oui. En 2020, la commune avait rejeté l'initiative ""pour une immigration modérée» avec 56 pour cent des voix."
3254,50.4,50.4,49.6,"Oberriet (SG)","Les habitants d'Oberriet (SG) soutiennent à 50,4 pour cent l'initiative ""Pas de Suisse à 10 millions!». Le soutien à l'initiative ""Pas de Suisse à 10 millions!» est toutefois moins marqué que celui obtenu par l'initiative ""pour une immigration modérée» en 2020. Les habitants d'Oberriet (SG) avaient alors dit oui à 56,8 pour cent."
3255,40,40,60,"Rebstein (SG)","A Rebstein, les citoyens rejettent à 60 pour cent l'initiative ""Pas de Suisse à 10 millions!». Le refus de l'initiative ""Pas de Suisse à 10 millions!» est plus fort que celui observé pour l'initiative ""pour une immigration modérée» en 2020. La proportion de non à Rebstein était alors de 51,5 pour cent."
3256,44.7,44.7,55.3,"Rüthi (SG)","Les habitants de Rüthi (SG) s'opposent à l'initiative ""Pas de Suisse à 10 millions!» par 55,3 pour cent des voix. En cinq ans, la commune a ainsi changé de camp sur la question de la limitation de l'immigration. Rüthi (SG) avait rejeté l'initiative ""pour une immigration modérée» à 47,2 pour cent en 2020."
3271,78.6,78.6,21.4,"Buchs (SG)","L'initiative ""Pas de Suisse à 10 millions!» passe la rampe avec 78,6 pour cent de oui à Buchs (SG). Avec ce résultat, Buchs (SG) bascule dans le camp du oui. En 2020, la commune avait rejeté l'initiative ""pour une immigration modérée» avec 57,3 pour cent des voix."
3272,28.6,28.6,71.4,"Gams (SG)","Les habitants de Gams s'opposent à l'initiative ""Pas de Suisse à 10 millions!» par 71,4 pour cent des voix. Le refus de l'initiative ""Pas de Suisse à 10 millions!» est plus fort que celui observé pour l'initiative ""pour une immigration modérée» en 2020. La proportion de non à Gams était alors de 50,2 pour cent."
3273,89.3,89.3,10.7,"Grabs (SG)","La population de Grabs approuve à 89,3 pour cent l'initiative ""Pas de Suisse à 10 millions!». Avec ce résultat, Grabs bascule dans le camp du oui. En 2020, la commune avait rejeté l'initiative ""pour une immigration modérée» avec 55,4 pour cent des voix."
3274,32.9,32.9,67.1,"Sennwald (SG)","La population de Sennwald rejette à 67,1 pour cent des voix l'initiative ""Pas de Suisse à 10 millions!». En cinq ans, la commune a ainsi changé de camp sur la question de la limitation de l'immigration. Sennwald avait rejeté l'initiative ""pour une immigration modérée» à 46,5 pour cent en 2020."
3275,1.8,1.8,98.2,"Sevelen (SG)","L'initiative ""Pas de Suisse à 10 millions!» n'a pas trouvé grâce aux yeux des citoyens de Sevelen. Ils ont refusé le texte à 98,2 pour cent. En cinq ans, la commune a ainsi changé de camp sur la question de la limitation de l'immigration. Sevelen avait rejeté l'initiative ""pour une immigration modérée» à 47,9 pour cent en 2020."
3276,78,78,22,"Wartau (SG)","Les habitants de Wartau acceptent à 78 pour cent l'initiative ""Pas de Suisse à 10 millions!». Avec ce résultat, Wartau bascule dans le camp du oui. En 2020, la commune avait rejeté l'initiative ""pour une immigration modérée» avec 54,5 pour cent des voix."
3291,36.4,36.4,63.6,"Bad Ragaz (SG)","C'est non à l'initiative ""Pas de Suisse à 10 millions!» à Bad Ragaz. Les habitants ont refusé le texte à 63,6 pour cent. Le refus de l'initiative ""Pas de Suisse à 10 millions!» est plus fort que celui observé pour l'initiative ""pour une immigration modérée» en 2020. La proportion de non à Bad Ragaz était alors de 54,8 pour cent."
3292,81.1,81.1,18.9,"Flums (SG)","La population de Flums approuve à 81,1 pour cent l'initiative ""Pas de Suisse à 10 millions!». Le soutien à l'initiative ""Pas de Suisse à 10 millions!» a augmenté à Flums par rapport à l'initiative ""pour une immigration modérée» soumise au vote en 2020. Lors de cette votation, 59,7 pour cent des habitants de la commune avaient accepté ce texte."
3293,58.5,58.5,41.5,"Mels (SG)","L'initiative ""Pas de Suisse à 10 millions!» est approuvée à Mels par 58,5 pour cent des votants. Le soutien à l'initiative ""Pas de Suisse à 10 millions!» a augmenté à Mels par rapport à l'initiative ""pour une immigration modérée» soumise au vote en 2020. Lors de cette votation, 53,6 pour cent des habitants de la commune avaient accepté ce texte."
3294,26.8,26.8,73.2,"Pfäfers (SG)","L'initiative ""Pas de Suisse à 10 millions!» est refusée à 73,2 pour cent à Pfäfers. En cinq ans, la commune a ainsi changé de camp sur la question de la limitation de l'immigration. Pfäfers avait rejeté l'initiative ""pour une immigration modérée» à 45,3 pour cent en 2020."
3295,49,49,51,"Quarten (SG)","L'initiative ""Pas de Suisse à 10 millions!» est refusée à 51 pour cent à Quarten. En cinq ans, la commune a ainsi changé de camp sur la question de la limitation de l'immigration. Quarten avait rejeté l'initiative ""pour une immigration modérée» à 42,1 pour cent en 2020."
3296,50.9,50.9,49.1,"Sargans (SG)","La population de Sargans approuve à 50,9 pour cent l'initiative ""Pas de Suisse à 10 millions!». Avec ce résultat, Sargans bascule dans le camp du oui. En 2020, la commune avait rejeté l'initiative ""pour une immigration modérée» avec 59 pour cent des voix."
3297,72.1,72.1,27.9,"Vilters-Wangs (SG)","L'initiative ""Pas de Suisse à 10 millions!» passe la rampe avec 72,1 pour cent de oui à Vilters-Wangs. Avec ce résultat, Vilters-Wangs bascule dans le camp du oui. En 2020, la commune avait rejeté l'initiative ""pour une immigration modérée» avec 51 pour cent des voix."
3298,44.7,44.7,55.3,"Walenstadt (SG)","C'est non à l'initiative ""Pas de Suisse à 10 millions!» à Walenstadt. Les habitants ont refusé le texte à 55,3 pour cent. Le refus de l'initiative ""Pas de Suisse à 10 millions!» est plus fort que celui observé pour l'initiative ""pour une immigration modérée» en 2020. La proportion de non à Walenstadt était alors de 53,6 pour cent."
3311,57.2,57.2,42.8,"Amden (SG)","A Amden, les habitants disent oui à 57,2 pour cent à l'initiative ""Pas de Suisse à 10 millions!». Les avis restent ainsi stables sur la question de l'immigration à Amden. En 2020, la commune avait déjà voté oui à 56,3 pour cent à l'initiative ""pour une immigration modérée»."
3312,37.9,37.9,62.1,"Benken (SG)","L'initiative ""Pas de Suisse à 10 millions!» n'a pas convaincu à Benken (SG). Les citoyens de la commune ont refusé le texte à 62,1 pour cent. En cinq ans, la commune a ainsi changé de camp sur la question de la limitation de l'immigration. Benken (SG) avait rejeté l'initiative ""pour une immigration modérée» à 37,8 pour cent en 2020."
3313,32.9,32.9,67.1,"Kaltbrunn (SG)","Les habitants de Kaltbrunn s'opposent à l'initiative ""Pas de Suisse à 10 millions!» par 67,1 pour cent des voix. En cinq ans, la commune a ainsi changé de camp sur la question de la limitation de l'immigration. Kaltbrunn avait rejeté l'initiative ""pour une immigration modérée» à 42,9 pour cent en 2020."
3315,51.5,51.5,48.5,"Schänis (SG)","La population de Schänis approuve à 51,5 pour cent l'initiative ""Pas de Suisse à 10 millions!». Le soutien à l'initiative ""Pas de Suisse à 10 millions!» est toutefois moins marqué que celui obtenu par l'initiative ""pour une immigration modérée» en 2020. Les habitants de Schänis avaient alors dit oui à 58,8 pour cent."
3316,92,92,8,"Weesen (SG)","Les habitants de Weesen soutiennent à 92 pour cent l'initiative ""Pas de Suisse à 10 millions!». Avec ce résultat, Weesen bascule dans le camp du oui. En 2020, la commune avait rejeté l'initiative ""pour une immigration modérée» avec 52,7 pour cent des voix."
3338,33.5,33.5,66.5,"Schmerikon (SG)","La population de Schmerikon rejette à 66,5 pour cent des voix l'initiative ""Pas de Suisse à 10 millions!». Le refus de l'initiative ""Pas de Suisse à 10 millions!» est plus fort que celui observé pour l'initiative ""pour une immigration modérée» en 2020. La proportion de non à Schmerikon était alors de 54,8 pour cent."
3339,31.8,31.8,68.2,"Uznach (SG)","A Uznach, les citoyens rejettent à 68,2 pour cent l'initiative ""Pas de Suisse à 10 millions!». Le refus de l'initiative ""Pas de Suisse à 10 millions!» est plus fort que celui observé pour l'initiative ""pour une immigration modérée» en 2020. La proportion de non à Uznach était alors de 56,8 pour cent."
3340,89.6,89.6,10.4,"Rapperswil-Jona (SG)","La population de Rapperswil-Jona approuve à 89,6 pour cent l'initiative ""Pas de Suisse à 10 millions!». Avec ce résultat, Rapperswil-Jona bascule dans le camp du oui. En 2020, la commune avait rejeté l'initiative ""pour une immigration modérée» avec 64,7 pour cent des voix."
3341,86.5,86.5,13.5,"Gommiswald (SG)","La population de Gommiswald approuve à 86,5 pour cent l'initiative ""Pas de Suisse à 10 millions!». Le soutien à l'initiative ""Pas de Suisse à 10 millions!» a augmenté à Gommiswald par rapport à l'initiative ""pour une immigration modérée» soumise au vote en 2020. Lors de cette votation, 56,9 pour cent des habitants de la commune avaient accepté ce texte."
3342,4.9,4.9,95.1,"Eschenbach (SG)","C'est non à l'initiative ""Pas de Suisse à 10 millions!» à Eschenbach (SG). Les habitants ont refusé le texte à 95,1 pour cent. En cinq ans, la commune a ainsi changé de camp sur la question de la limitation de l'immigration. Eschenbach (SG) avait rejeté l'initiative ""pour une immigration modérée» à 43,6 pour cent en 2020."
3352,94.4,94.4,5.6,"Ebnat-Kappel (SG)","A Ebnat-Kappel, les habitants disent oui à 94,4 pour cent à l'initiative ""Pas de Suisse à 10 millions!». Le soutien à l'initiative ""Pas de Suisse à 10 millions!» a augmenté à Ebnat-Kappel par rapport à l'initiative ""pour une immigration modérée» soumise au vote en 2020. Lors de cette votation, 53 pour cent des habitants de la commune avaient accepté ce texte."
3359,70.6,70.6,29.4,"Wildhaus-Alt St. Johann (SG)","Les habitants de Wildhaus-Alt St. Johann acceptent à 70,6 pour cent l'initiative ""Pas de Suisse à 10 millions!». Le soutien à l'initiative ""Pas de Suisse à 10 millions!» a augmenté à Wildhaus-Alt St. Johann par rapport à l'initiative ""pour une immigration modérée» soumise au vote en 2020. Lors de cette votation, 54,4 pour cent des habitants de la commune avaient accepté ce texte."
3360,92.8,92.8,7.2,"Nesslau (SG)","L'initiative ""Pas de Suisse à 10 millions!» passe la rampe avec 92,8 pour cent de oui à Nesslau. Le soutien à l'initiative ""Pas de Suisse à 10 millions!» a augmenté à Nesslau par rapport à l'initiative ""pour une immigration modérée» soumise au vote en 2020. Lors de cette votation, 61,6 pour cent des habitants de la commune avaient accepté ce texte."
3374,34.1,34.1,65.9,"Lichtensteig (SG)","La population de Lichtensteig rejette à 65,9 pour cent des voix l'initiative ""Pas de Suisse à 10 millions!». Le refus de l'initiative ""Pas de Suisse à 10 millions!» est plus fort que celui observé pour l'initiative ""pour une immigration modérée» en 2020. La proportion de non à Lichtensteig était alors de 59,7 pour cent."
3379,40,40,60,"Wattwil (SG)","Les habitants de Wattwil s'opposent à l'initiative ""Pas de Suisse à 10 millions!» par 60 pour cent des voix. Le refus de l'initiative ""Pas de Suisse à 10 millions!» est plus fort que celui observé pour l'initiative ""pour une immigration modérée» en 2020. La proportion de non à Wattwil était alors de 51 pour cent."
3392,21.8,21.8,78.2,"Kirchberg (SG)","L'initiative ""Pas de Suisse à 10 millions!» n'a pas trouvé grâce aux yeux des citoyens de Kirchberg (SG). Ils ont refusé le texte à 78,2 pour cent. En cinq ans, la commune a ainsi changé de camp sur la question de la limitation de l'immigration. Kirchberg (SG) avait rejeté l'initiative ""pour une immigration modérée» à 48,1 pour cent en 2020."
3393,56.3,56.3,43.7,"Lütisburg (SG)","Lütisburg dit oui à 56,3 pour cent à l'initiative ""Pas de Suisse à 10 millions!». Les avis restent ainsi stables sur la question de l'immigration à Lütisburg. En 2020, la commune avait déjà voté oui à 57,1 pour cent à l'initiative ""pour une immigration modérée»."
3394,80.1,80.1,19.9,"Mosnang (SG)","A Mosnang, les habitants disent oui à 80,1 pour cent à l'initiative ""Pas de Suisse à 10 millions!». Le soutien à l'initiative ""Pas de Suisse à 10 millions!» a augmenté à Mosnang par rapport à l'initiative ""pour une immigration modérée» soumise au vote en 2020. Lors de cette votation, 60,3 pour cent des habitants de la commune avaient accepté ce texte."
3395,26.2,26.2,73.8,"Bütschwil-Ganterschwil (SG)","L'initiative ""Pas de Suisse à 10 millions!» n'a pas trouvé grâce aux yeux des citoyens de Bütschwil-Ganterschwil. Ils ont refusé le texte à 73,8 pour cent. En cinq ans, la commune a ainsi changé de camp sur la question de la limitation de l'immigration. Bütschwil-Ganterschwil avait rejeté l'initiative ""pour une immigration modérée» à 44 pour cent en 2020."
3396,47.4,47.4,52.6,"Neckertal (SG)","La population de Neckertal rejette à 52,6 pour cent des voix l'initiative ""Pas de Suisse à 10 millions!». En cinq ans, la commune a ainsi changé de camp sur la question de la limitation de l'immigration. Neckertal avait rejeté l'initiative ""pour une immigration modérée» à 43,9 pour cent en 2020."
3401,59.5,59.5,40.5,"Degersheim (SG)","Les habitants de Degersheim acceptent à 59,5 pour cent l'initiative ""Pas de Suisse à 10 millions!». Avec ce résultat, Degersheim bascule dans le camp du oui. En 2020, la commune avait rejeté l'initiative ""pour une immigration modérée» avec 59,7 pour cent des voix."
3402,59.7,59.7,40.3,"Flawil (SG)","L'initiative ""Pas de Suisse à 10 millions!» passe la rampe avec 59,7 pour cent de oui à Flawil. Avec ce résultat, Flawil bascule dans le camp du oui. En 2020, la commune avait rejeté l'initiative ""pour une immigration modérée» avec 61,5 pour cent des voix."
3405,37,37,63,"Jonschwil (SG)","A Jonschwil, les citoyens rejettent à 63 pour cent l'initiative ""Pas de Suisse à 10 millions!». Le refus de l'initiative ""Pas de Suisse à 10 millions!» est plus fort que celui observé pour l'initiative ""pour une immigration modérée» en 2020. La proportion de non à Jonschwil était alors de 51,8 pour cent."
3407,63.1,63.1,36.9,"Oberuzwil (SG)","L'initiative ""Pas de Suisse à 10 millions!» passe la rampe avec 63,1 pour cent de oui à Oberuzwil. Avec ce résultat, Oberuzwil bascule dans le camp du oui. En 2020, la commune avait rejeté l'initiative ""pour une immigration modérée» avec 59,1 pour cent des voix."
3408,51.4,51.4,48.6,"Uzwil (SG)","La population d'Uzwil approuve à 51,4 pour cent l'initiative ""Pas de Suisse à 10 millions!». Avec ce résultat, Uzwil bascule dans le camp du oui. En 2020, la commune avait rejeté l'initiative ""pour une immigration modérée» avec 56,6 pour cent des voix."
3422,69.5,69.5,30.5,"Niederbüren (SG)","A Niederbüren, les habitants disent oui à 69,5 pour cent à l'initiative ""Pas de Suisse à 10 millions!». Le soutien à l'initiative ""Pas de Suisse à 10 millions!» a augmenté à Niederbüren par rapport à l'initiative ""pour une immigration modérée» soumise au vote en 2020. Lors de cette votation, 54,1 pour cent des habitants de la commune avaient accepté ce texte."
3423,51.2,51.2,48.8,"Niederhelfenschwil (SG)","Les habitants de Niederhelfenschwil soutiennent à 51,2 pour cent l'initiative ""Pas de Suisse à 10 millions!». Avec ce résultat, Niederhelfenschwil bascule dans le camp du oui. En 2020, la commune avait rejeté l'initiative ""pour une immigration modérée» avec 53,4 pour cent des voix."
3424,13.9,13.9,86.1,"Oberbüren (SG)","L'initiative ""Pas de Suisse à 10 millions!» n'a pas trouvé grâce aux yeux des citoyens d'Oberbüren. Ils ont refusé le texte à 86,1 pour cent. En cinq ans, la commune a ainsi changé de camp sur la question de la limitation de l'immigration. Oberbüren avait rejeté l'initiative ""pour une immigration modérée» à 47,4 pour cent en 2020."
3426,39.4,39.4,60.6,"Zuzwil (SG)","C'est non à l'initiative ""Pas de Suisse à 10 millions!» à Zuzwil (SG). Les habitants ont refusé le texte à 60,6 pour cent. Le refus de l'initiative ""Pas de Suisse à 10 millions!» est plus fort que celui observé pour l'initiative ""pour une immigration modérée» en 2020. La proportion de non à Zuzwil (SG) était alors de 57,1 pour cent."
3427,51.6,51.6,48.4,"Wil (SG)","L'initiative ""Pas de Suisse à 10 millions!» est approuvée à Wil (SG) par 51,6 pour cent des votants. Avec ce résultat, Wil (SG) bascule dans le camp du oui. En 2020, la commune avait rejeté l'initiative ""pour une immigration modérée» avec 64,3 pour cent des voix."
3441,50.1,50.1,49.9,"Andwil (SG)","La population d'Andwil (SG) approuve à 50,1 pour cent l'initiative ""Pas de Suisse à 10 millions!». Avec ce résultat, Andwil (SG) bascule dans le camp du oui. En 2020, la commune avait rejeté l'initiative ""pour une immigration modérée» avec 59,6 pour cent des voix."
3442,41.9,41.9,58.1,"Gaiserwald (SG)","L'initiative ""Pas de Suisse à 10 millions!» n'a pas trouvé grâce aux yeux des citoyens de Gaiserwald. Ils ont refusé le texte à 58,1 pour cent. Le rejet de l'initiative est toutefois moins marqué que celui enregistré lors de la votation sur l'initiative ""pour une immigration modérée» en 2020. Les habitants de Gaiserwald avaient alors dit non à 60,5 pour cent."
3443,18.7,18.7,81.3,"Gossau (SG)","L'initiative ""Pas de Suisse à 10 millions!» n'a pas trouvé grâce aux yeux des citoyens de Gossau (SG). Ils ont refusé le texte à 81,3 pour cent. Le refus de l'initiative ""Pas de Suisse à 10 millions!» est plus fort que celui observé pour l'initiative ""pour une immigration modérée» en 2020. La proportion de non à Gossau (SG) était alors de 59,1 pour cent."
3444,29.6,29.6,70.4,"Waldkirch (SG)","L'initiative ""Pas de Suisse à 10 millions!» n'a pas convaincu à Waldkirch. Les citoyens de la commune ont refusé le texte à 70,4 pour cent. En cinq ans, la commune a ainsi changé de camp sur la question de la limitation de l'immigration. Waldkirch avait rejeté l'initiative ""pour une immigration modérée» à 48,5 pour cent en 2020."
3506,70.7,70.7,29.3,"Vaz/Obervaz (GR)","Les habitants de Vaz/Obervaz soutiennent à 70,7 pour cent l'initiative ""Pas de Suisse à 10 millions!». Avec ce résultat, Vaz/Obervaz bascule dans le camp du oui. En 2020, la commune avait rejeté l'initiative ""pour une immigration modérée» avec 62,2 pour cent des voix."
3513,43.2,43.2,56.8,"Lantsch/Lenz (GR)","A Lantsch/Lenz, les citoyens rejettent à 56,8 pour cent l'initiative ""Pas de Suisse à 10 millions!». Le rejet de l'initiative est toutefois moins marqué que celui enregistré lors de la votation sur l'initiative ""pour une immigration modérée» en 2020. Les habitants de Lantsch/Lenz avaient alors dit non à 64,3 pour cent."
3514,50.9,50.9,49.1,"Schmitten (GR)","Les habitants de Schmitten (GR) soutiennent à 50,9 pour cent l'initiative ""Pas de Suisse à 10 millions!». Le soutien à l'initiative ""Pas de Suisse à 10 millions!» est toutefois moins marqué que celui obtenu par l'initiative ""pour une immigration modérée» en 2020. Les habitants de Schmitten (GR) avaient alors dit oui à 52,1 pour cent."
3542,68.4,68.4,31.6,"Albula/Alvra (GR)","Les habitants d'Albula/Alvra acceptent à 68,4 pour cent l'initiative ""Pas de Suisse à 10 millions!». Avec ce résultat, Albula/Alvra bascule dans le camp du oui. En 2020, la commune avait rejeté l'initiative ""pour une immigration modérée» avec 57,3 pour cent des voix."
3543,75.3,75.3,24.7,"Surses (GR)","A Surses, les habitants disent oui à 75,3 pour cent à l'initiative ""Pas de Suisse à 10 millions!». Avec ce résultat, Surses bascule dans le camp du oui. En 2020, la commune avait rejeté l'initiative ""pour une immigration modérée» avec 63,8 pour cent des voix."
3544,1.3,1.3,98.7,"Bergün Filisur (GR)","A Bergün Filisur, les citoyens rejettent à 98,7 pour cent l'initiative ""Pas de Suisse à 10 millions!». Le refus de l'initiative ""Pas de Suisse à 10 millions!» est plus fort que celui observé pour l'initiative ""pour une immigration modérée» en 2020. La proportion de non à Bergün Filisur était alors de 63,2 pour cent."
3551,20.5,20.5,79.5,"Brusio (GR)","L'initiative ""Pas de Suisse à 10 millions!» n'a pas convaincu à Brusio. Les citoyens de la commune ont refusé le texte à 79,5 pour cent. En cinq ans, la commune a ainsi changé de camp sur la question de la limitation de l'immigration. Brusio avait rejeté l'initiative ""pour une immigration modérée» à 41,1 pour cent en 2020."
3561,82.2,82.2,17.8,"Poschiavo (GR)","Poschiavo dit oui à 82,2 pour cent à l'initiative ""Pas de Suisse à 10 millions!». Avec ce résultat, Poschiavo bascule dans le camp du oui. En 2020, la commune avait rejeté l'initiative ""pour une immigration modérée» avec 52,7 pour cent des voix."
3572,41,41,59,"Falera (GR)","Les habitants de Falera s'opposent à l'initiative ""Pas de Suisse à 10 millions!» par 59 pour cent des voix. Le résultat a peu changé par rapport au vote sur l'initiative ""pour une immigration modérée» en 2020. Falera avait alors dit non à 59,6 pour cent."
3575,22.5,22.5,77.5,"Laax (GR)","L'initiative ""Pas de Suisse à 10 millions!» est refusée à 77,5 pour cent à Laax. Le refus de l'initiative ""Pas de Suisse à 10 millions!» est plus fort que celui observé pour l'initiative ""pour une immigration modérée» en 2020. La proportion de non à Laax était alors de 62,5 pour cent."
3581,25.2,25.2,74.8,"Sagogn (GR)","A Sagogn, les citoyens rejettent à 74,8 pour cent l'initiative ""Pas de Suisse à 10 millions!». Le refus de l'initiative ""Pas de Suisse à 10 millions!» est plus fort que celui observé pour l'initiative ""pour une immigration modérée» en 2020. La proportion de non à Sagogn était alors de 65,3 pour cent."
3582,43.9,43.9,56.1,"Schluein (GR)","La population de Schluein rejette à 56,1 pour cent des voix l'initiative ""Pas de Suisse à 10 millions!». Le refus de l'initiative ""Pas de Suisse à 10 millions!» est plus fort que celui observé pour l'initiative ""pour une immigration modérée» en 2020. La proportion de non à Schluein était alors de 54,9 pour cent."
3603,18.3,18.3,81.7,"Vals (GR)","A Vals, les citoyens rejettent à 81,7 pour cent l'initiative ""Pas de Suisse à 10 millions!». Le refus de l'initiative ""Pas de Suisse à 10 millions!» est plus fort que celui observé pour l'initiative ""pour une immigration modérée» en 2020. La proportion de non à Vals était alors de 73,4 pour cent."
3618,67.4,67.4,32.6,"Lumnezia (GR)","Les habitants de Lumnezia acceptent à 67,4 pour cent l'initiative ""Pas de Suisse à 10 millions!». Avec ce résultat, Lumnezia bascule dans le camp du oui. En 2020, la commune avait rejeté l'initiative ""pour une immigration modérée» avec 57,3 pour cent des voix."
3619,60.3,60.3,39.7,"Ilanz/Glion (GR)","La population d'Ilanz/Glion approuve à 60,3 pour cent l'initiative ""Pas de Suisse à 10 millions!». Avec ce résultat, Ilanz/Glion bascule dans le camp du oui. En 2020, la commune avait rejeté l'initiative ""pour une immigration modérée» avec 57,3 pour cent des voix."
3633,42.8,42.8,57.2,"Fürstenau (GR)","Les habitants de Fürstenau s'opposent à l'initiative ""Pas de Suisse à 10 millions!» par 57,2 pour cent des voix. Le refus de l'initiative ""Pas de Suisse à 10 millions!» est plus fort que celui observé pour l'initiative ""pour une immigration modérée» en 2020. La proportion de non à Fürstenau était alors de 54,3 pour cent."
3637,46.1,46.1,53.9,"Rothenbrunnen (GR)","L'initiative ""Pas de Suisse à 10 millions!» est refusée à 53,9 pour cent à Rothenbrunnen. Le résultat a peu changé par rapport au vote sur l'initiative ""pour une immigration modérée» en 2020. Rothenbrunnen avait alors dit non à 53,7 pour cent."
3638,40.8,40.8,59.2,"Scharans (GR)","L'initiative ""Pas de Suisse à 10 millions!» n'a pas trouvé grâce aux yeux des citoyens de Scharans. Ils ont refusé le texte à 59,2 pour cent. Le résultat a peu changé par rapport au vote sur l'initiative ""pour une immigration modérée» en 2020. Scharans avait alors dit non à 59,4 pour cent."
3640,79.7,79.7,20.3,"Sils im Domleschg (GR)","La population de Sils im Domleschg approuve à 79,7 pour cent l'initiative ""Pas de Suisse à 10 millions!». Avec ce résultat, Sils im Domleschg bascule dans le camp du oui. En 2020, la commune avait rejeté l'initiative ""pour une immigration modérée» avec 55 pour cent des voix."
3661,66.2,66.2,33.8,"Cazis (GR)","Les habitants de Cazis acceptent à 66,2 pour cent l'initiative ""Pas de Suisse à 10 millions!». Avec ce résultat, Cazis bascule dans le camp du oui. En 2020, la commune avait rejeté l'initiative ""pour une immigration modérée» avec 55 pour cent des voix."
3662,65.2,65.2,34.8,"Flerden (GR)","La population de Flerden approuve à 65,2 pour cent l'initiative ""Pas de Suisse à 10 millions!». Avec ce résultat, Flerden bascule dans le camp du oui. En 2020, la commune avait rejeté l'initiative ""pour une immigration modérée» avec 68,3 pour cent des voix."
3663,48.4,48.4,51.6,"Masein (GR)","La population de Masein rejette à 51,6 pour cent des voix l'initiative ""Pas de Suisse à 10 millions!». Le rejet de l'initiative est toutefois moins marqué que celui enregistré lors de la votation sur l'initiative ""pour une immigration modérée» en 2020. Les habitants de Masein avaient alors dit non à 65,8 pour cent."
3668,46.7,46.7,53.3,"Thusis (GR)","L'initiative ""Pas de Suisse à 10 millions!» est refusée à 53,3 pour cent à Thusis. Le rejet de l'initiative est toutefois moins marqué que celui enregistré lors de la votation sur l'initiative ""pour une immigration modérée» en 2020. Les habitants de Thusis avaient alors dit non à 55,1 pour cent."
3669,86.7,86.7,13.3,"Tschappina (GR)","A Tschappina, les habitants disent oui à 86,7 pour cent à l'initiative ""Pas de Suisse à 10 millions!». Avec ce résultat, Tschappina bascule dans le camp du oui. En 2020, la commune avait rejeté l'initiative ""pour une immigration modérée» avec 60,9 pour cent des voix."
3670,41.7,41.7,58.3,"Urmein (GR)","Les habitants d'Urmein s'opposent à l'initiative ""Pas de Suisse à 10 millions!» par 58,3 pour cent des voix. Le rejet de l'initiative est toutefois moins marqué que celui enregistré lors de la votation sur l'initiative ""pour une immigration modérée» en 2020. Les habitants d'Urmein avaient alors dit non à 61,7 pour cent."
3672,87.9,87.9,12.1,"Safiental (GR)","Les habitants de Safiental acceptent à 87,9 pour cent l'initiative ""Pas de Suisse à 10 millions!». Avec ce résultat, Safiental bascule dans le camp du oui. En 2020, la commune avait rejeté l'initiative ""pour une immigration modérée» avec 60,4 pour cent des voix."
3673,44.4,44.4,55.6,"Domleschg (GR)","La population de Domleschg rejette à 55,6 pour cent des voix l'initiative ""Pas de Suisse à 10 millions!». Le rejet de l'initiative est toutefois moins marqué que celui enregistré lors de la votation sur l'initiative ""pour une immigration modérée» en 2020. Les habitants de Domleschg avaient alors dit non à 63,1 pour cent."
3681,59.4,59.4,40.6,"Avers (GR)","L'initiative ""Pas de Suisse à 10 millions!» passe la rampe avec 59,4 pour cent de oui à Avers. Avec ce résultat, Avers bascule dans le camp du oui. En 2020, la commune avait rejeté l'initiative ""pour une immigration modérée» avec 58,7 pour cent des voix."
3695,12.9,12.9,87.1,"Sufers (GR)","L'initiative ""Pas de Suisse à 10 millions!» n'a pas trouvé grâce aux yeux des citoyens de Sufers. Ils ont refusé le texte à 87,1 pour cent. Le refus de l'initiative ""Pas de Suisse à 10 millions!» est plus fort que celui observé pour l'initiative ""pour une immigration modérée» en 2020. La proportion de non à Sufers était alors de 60,3 pour cent."
3701,40.4,40.4,59.6,"Andeer (GR)","Les habitants d'Andeer s'opposent à l'initiative ""Pas de Suisse à 10 millions!» par 59,6 pour cent des voix. Le refus de l'initiative ""Pas de Suisse à 10 millions!» est plus fort que celui observé pour l'initiative ""pour une immigration modérée» en 2020. La proportion de non à Andeer était alors de 57,4 pour cent."
3711,98.1,98.1,1.9,"Rongellen (GR)","Rongellen dit oui à 98,1 pour cent à l'initiative ""Pas de Suisse à 10 millions!». Le soutien à l'initiative ""Pas de Suisse à 10 millions!» a augmenté à Rongellen par rapport à l'initiative ""pour une immigration modérée» soumise au vote en 2020. Lors de cette votation, 56,2 pour cent des habitants de la commune avaient accepté ce texte."
3712,13.6,13.6,86.4,"Zillis-Reischen (GR)","C'est non à l'initiative ""Pas de Suisse à 10 millions!» à Zillis-Reischen. Les habitants ont refusé le texte à 86,4 pour cent. Le refus de l'initiative ""Pas de Suisse à 10 millions!» est plus fort que celui observé pour l'initiative ""pour une immigration modérée» en 2020. La proportion de non à Zillis-Reischen était alors de 50,9 pour cent."
3713,67.3,67.3,32.7,"Ferrera (GR)","A Ferrera, les habitants disent oui à 67,3 pour cent à l'initiative ""Pas de Suisse à 10 millions!». Avec ce résultat, Ferrera bascule dans le camp du oui. En 2020, la commune avait rejeté l'initiative ""pour une immigration modérée» avec 51,1 pour cent des voix."
3714,53.6,53.6,46.4,"Rheinwald (GR)","La population de Rheinwald approuve à 53,6 pour cent l'initiative ""Pas de Suisse à 10 millions!». Avec ce résultat, Rheinwald bascule dans le camp du oui. En 2020, la commune avait rejeté l'initiative ""pour une immigration modérée» avec 60,3 pour cent des voix."
3715,13.9,13.9,86.1,"Muntogna da Schons (GR)","A Muntogna da Schons, les citoyens rejettent à 86,1 pour cent l'initiative ""Pas de Suisse à 10 millions!». Le refus de l'initiative ""Pas de Suisse à 10 millions!» est plus fort que celui observé pour l'initiative ""pour une immigration modérée» en 2020. La proportion de non à Muntogna da Schons était alors de 58,5 pour cent."
3721,56.4,56.4,43.6,"Bonaduz (GR)","A Bonaduz, les habitants disent oui à 56,4 pour cent à l'initiative ""Pas de Suisse à 10 millions!». Avec ce résultat, Bonaduz bascule dans le camp du oui. En 2020, la commune avait rejeté l'initiative ""pour une immigration modérée» avec 60,9 pour cent des voix."
3722,58.6,58.6,41.4,"Domat/Ems (GR)","La population de Domat/Ems approuve à 58,6 pour cent l'initiative ""Pas de Suisse à 10 millions!». Avec ce résultat, Domat/Ems bascule dans le camp du oui. En 2020, la commune avait rejeté l'initiative ""pour une immigration modérée» avec 59 pour cent des voix."
3723,53.5,53.5,46.5,"Rhäzüns (GR)","L'initiative ""Pas de Suisse à 10 millions!» est approuvée à Rhäzüns par 53,5 pour cent des votants. Avec ce résultat, Rhäzüns bascule dans le camp du oui. En 2020, la commune avait rejeté l'initiative ""pour une immigration modérée» avec 58,5 pour cent des voix."
3731,93.8,93.8,6.2,"Felsberg (GR)","La population de Felsberg approuve à 93,8 pour cent l'initiative ""Pas de Suisse à 10 millions!». Avec ce résultat, Felsberg bascule dans le camp du oui. En 2020, la commune avait rejeté l'initiative ""pour une immigration modérée» avec 60,4 pour cent des voix."
3732,70.6,70.6,29.4,"Flims (GR)","La population de Flims approuve à 70,6 pour cent l'initiative ""Pas de Suisse à 10 millions!». Avec ce résultat, Flims bascule dans le camp du oui. En 2020, la commune avait rejeté l'initiative ""pour une immigration modérée» avec 64,6 pour cent des voix."
3733,44.9,44.9,55.1,"Tamins (GR)","A Tamins, les citoyens rejettent à 55,1 pour cent l'initiative ""Pas de Suisse à 10 millions!». Le rejet de l'initiative est toutefois moins marqué que celui enregistré lors de la votation sur l'initiative ""pour une immigration modérée» en 2020. Les habitants de Tamins avaient alors dit non à 63,5 pour cent."
3734,77.6,77.6,22.4,"Trin (GR)","Les habitants de Trin acceptent à 77,6 pour cent l'initiative ""Pas de Suisse à 10 millions!». Avec ce résultat, Trin bascule dans le camp du oui. En 2020, la commune avait rejeté l'initiative ""pour une immigration modérée» avec 71,1 pour cent des voix."
3746,92.3,92.3,7.7,"Zernez (GR)","A Zernez, les habitants disent oui à 92,3 pour cent à l'initiative ""Pas de Suisse à 10 millions!». Avec ce résultat, Zernez bascule dans le camp du oui. En 2020, la commune avait rejeté l'initiative ""pour une immigration modérée» avec 56 pour cent des voix."
3752,59.6,59.6,40.4,"Samnaun (GR)","L'initiative ""Pas de Suisse à 10 millions!» passe la rampe avec 59,6 pour cent de oui à Samnaun. Avec ce résultat, Samnaun bascule dans le camp du oui. En 2020, la commune avait rejeté l'initiative ""pour une immigration modérée» avec 53,8 pour cent des voix."
3762,16.9,16.9,83.1,"Scuol (GR)","L'initiative ""Pas de Suisse à 10 millions!» n'a pas trouvé grâce aux yeux des citoyens de Scuol. Ils ont refusé le texte à 83,1 pour cent. Le refus de l'initiative ""Pas de Suisse à 10 millions!» est plus fort que celui observé pour l'initiative ""pour une immigration modérée» en 2020. La proportion de non à Scuol était alors de 67,1 pour cent."
3764,28.9,28.9,71.1,"Valsot (GR)","L'initiative ""Pas de Suisse à 10 millions!» est refusée à 71,1 pour cent à Valsot. Le refus de l'initiative ""Pas de Suisse à 10 millions!» est plus fort que celui observé pour l'initiative ""pour une immigration modérée» en 2020. La proportion de non à Valsot était alors de 62,1 pour cent."
3781,53.2,53.2,46.8,"Bever (GR)","Les habitants de Bever soutiennent à 53,2 pour cent l'initiative ""Pas de Suisse à 10 millions!». Avec ce résultat, Bever bascule dans le camp du oui. En 2020, la commune avait rejeté l'initiative ""pour une immigration modérée» avec 67,6 pour cent des voix."
3782,68,68,32,"Celerina/Schlarigna (GR)","A Celerina/Schlarigna, les habitants disent oui à 68 pour cent à l'initiative ""Pas de Suisse à 10 millions!». Avec ce résultat, Celerina/Schlarigna bascule dans le camp du oui. En 2020, la commune avait rejeté l'initiative ""pour une immigration modérée» avec 71,1 pour cent des voix."
3783,37,37,63,"Madulain (GR)","A Madulain, les citoyens rejettent à 63 pour cent l'initiative ""Pas de Suisse à 10 millions!». Le rejet de l'initiative est toutefois moins marqué que celui enregistré lors de la votation sur l'initiative ""pour une immigration modérée» en 2020. Les habitants de Madulain avaient alors dit non à 65,6 pour cent."
3784,59.9,59.9,40.1,"Pontresina (GR)","L'initiative ""Pas de Suisse à 10 millions!» est approuvée à Pontresina par 59,9 pour cent des votants. Avec ce résultat, Pontresina bascule dans le camp du oui. En 2020, la commune avait rejeté l'initiative ""pour une immigration modérée» avec 65,9 pour cent des voix."
3785,44.4,44.4,55.6,"La Punt-Chamues-ch (GR)","L'initiative ""Pas de Suisse à 10 millions!» est refusée à 55,6 pour cent à La Punt-Chamues-ch. Le résultat a peu changé par rapport au vote sur l'initiative ""pour une immigration modérée» en 2020. La Punt-Chamues-ch avait alors dit non à 55,1 pour cent."
3786,96.5,96.5,3.5,"Samedan (GR)","A Samedan, les habitants disent oui à 96,5 pour cent à l'initiative ""Pas de Suisse à 10 millions!». Avec ce résultat, Samedan bascule dans le camp du oui. En 2020, la commune avait rejeté l'initiative ""pour une immigration modérée» avec 64,2 pour cent des voix."
3787,81.7,81.7,18.3,"St. Moritz (GR)","L'initiative ""Pas de Suisse à 10 millions!» passe la rampe avec 81,7 pour cent de oui à St. Moritz. Avec ce résultat, St. Moritz bascule dans le camp du oui. En 2020, la commune avait rejeté l'initiative ""pour une immigration modérée» avec 63,1 pour cent des voix."
3788,42.4,42.4,57.6,"S-chanf (GR)","A S-chanf, les citoyens rejettent à 57,6 pour cent l'initiative ""Pas de Suisse à 10 millions!». Le refus de l'initiative ""Pas de Suisse à 10 millions!» est plus fort que celui observé pour l'initiative ""pour une immigration modérée» en 2020. La proportion de non à S-chanf était alors de 53,7 pour cent."
3789,54.2,54.2,45.8,"Sils im Engadin/Segl (GR)","La population de Sils im Engadin/Segl approuve à 54,2 pour cent l'initiative ""Pas de Suisse à 10 millions!». Avec ce résultat, Sils im Engadin/Segl bascule dans le camp du oui. En 2020, la commune avait rejeté l'initiative ""pour une immigration modérée» avec 67 pour cent des voix."
3790,50,50,50,"Silvaplana (GR)","A Silvaplana, les habitants disent oui à 50 pour cent à l'initiative ""Pas de Suisse à 10 millions!». Avec ce résultat, Silvaplana bascule dans le camp du oui. En 2020, la commune avait rejeté l'initiative ""pour une immigration modérée» avec 63,1 pour cent des voix."
3791,57.2,57.2,42.8,"Zuoz (GR)","Zuoz dit oui à 57,2 pour cent à l'initiative ""Pas de Suisse à 10 millions!». Avec ce résultat, Zuoz bascule dans le camp du oui. En 2020, la commune avait rejeté l'initiative ""pour une immigration modérée» avec 58,2 pour cent des voix."
3792,46.6,46.6,53.4,"Bregaglia (GR)","La population de Bregaglia rejette à 53,4 pour cent des voix l'initiative ""Pas de Suisse à 10 millions!». Le rejet de l'initiative est toutefois moins marqué que celui enregistré lors de la votation sur l'initiative ""pour une immigration modérée» en 2020. Les habitants de Bregaglia avaient alors dit non à 64,2 pour cent."
3804,68.5,68.5,31.5,"Buseno (GR)","Buseno dit oui à 68,5 pour cent à l'initiative ""Pas de Suisse à 10 millions!». Le soutien à l'initiative ""Pas de Suisse à 10 millions!» a augmenté à Buseno par rapport à l'initiative ""pour une immigration modérée» soumise au vote en 2020. Lors de cette votation, 61,4 pour cent des habitants de la commune avaient accepté ce texte."
3805,93.5,93.5,6.5,"Castaneda (GR)","Les habitants de Castaneda soutiennent à 93,5 pour cent l'initiative ""Pas de Suisse à 10 millions!». Avec ce résultat, Castaneda bascule dans le camp du oui. En 2020, la commune avait rejeté l'initiative ""pour une immigration modérée» avec 52,1 pour cent des voix."
3808,16.8,16.8,83.2,"Rossa (GR)","A Rossa, les citoyens rejettent à 83,2 pour cent l'initiative ""Pas de Suisse à 10 millions!». En cinq ans, la commune a ainsi changé de camp sur la question de la limitation de l'immigration. Rossa avait rejeté l'initiative ""pour une immigration modérée» à 28,1 pour cent en 2020."
3810,51.9,51.9,48.1,"Santa Maria in Calanca (GR)","Les habitants de Santa Maria in Calanca acceptent à 51,9 pour cent l'initiative ""Pas de Suisse à 10 millions!». Le soutien à l'initiative ""Pas de Suisse à 10 millions!» est toutefois moins marqué que celui obtenu par l'initiative ""pour une immigration modérée» en 2020. Les habitants de Santa Maria in Calanca avaient alors dit oui à 66,1 pour cent."
3821,1.6,1.6,98.4,"Lostallo (GR)","L'initiative ""Pas de Suisse à 10 millions!» n'a pas convaincu à Lostallo. Les citoyens de la commune ont refusé le texte à 98,4 pour cent. En cinq ans, la commune a ainsi changé de camp sur la question de la limitation de l'immigration. Lostallo avait rejeté l'initiative ""pour une immigration modérée» à 36,8 pour cent en 2020."
3822,96.1,96.1,3.9,"Mesocco (GR)","Les habitants de Mesocco acceptent à 96,1 pour cent l'initiative ""Pas de Suisse à 10 millions!». Le soutien à l'initiative ""Pas de Suisse à 10 millions!» a augmenté à Mesocco par rapport à l'initiative ""pour une immigration modérée» soumise au vote en 2020. Lors de cette votation, 61,2 pour cent des habitants de la commune avaient accepté ce texte."
3823,47.3,47.3,52.7,"Soazza (GR)","A Soazza, les citoyens rejettent à 52,7 pour cent l'initiative ""Pas de Suisse à 10 millions!». En cinq ans, la commune a ainsi changé de camp sur la question de la limitation de l'immigration. Soazza avait rejeté l'initiative ""pour une immigration modérée» à 42,4 pour cent en 2020."
3831,68.8,68.8,31.2,"Cama (GR)","Les habitants de Cama acceptent à 68,8 pour cent l'initiative ""Pas de Suisse à 10 millions!». Le soutien à l'initiative ""Pas de Suisse à 10 millions!» a augmenté à Cama par rapport à l'initiative ""pour une immigration modérée» soumise au vote en 2020. Lors de cette votation, 62,4 pour cent des habitants de la commune avaient accepté ce texte."
3832,37.6,37.6,62.4,"Grono (GR)","L'initiative ""Pas de Suisse à 10 millions!» n'a pas trouvé grâce aux yeux des citoyens de Grono. Ils ont refusé le texte à 62,4 pour cent. En cinq ans, la commune a ainsi changé de camp sur la question de la limitation de l'immigration. Grono avait rejeté l'initiative ""pour une immigration modérée» à 40,7 pour cent en 2020."
3834,80.2,80.2,19.8,"Roveredo (GR)","Roveredo (GR) dit oui à 80,2 pour cent à l'initiative ""Pas de Suisse à 10 millions!». Le soutien à l'initiative ""Pas de Suisse à 10 millions!» a augmenté à Roveredo (GR) par rapport à l'initiative ""pour une immigration modérée» soumise au vote en 2020. Lors de cette votation, 65,6 pour cent des habitants de la commune avaient accepté ce texte."
3835,49.5,49.5,50.5,"San Vittore (GR)","L'initiative ""Pas de Suisse à 10 millions!» n'a pas convaincu à San Vittore. Les citoyens de la commune ont refusé le texte à 50,5 pour cent. En cinq ans, la commune a ainsi changé de camp sur la question de la limitation de l'immigration. San Vittore avait rejeté l'initiative ""pour une immigration modérée» à 40,9 pour cent en 2020."
3837,57.3,57.3,42.7,"Calanca (GR)","Calanca dit oui à 57,3 pour cent à l'initiative ""Pas de Suisse à 10 millions!». Avec ce résultat, Calanca bascule dans le camp du oui. En 2020, la commune avait rejeté l'initiative ""pour une immigration modérée» avec 55,4 pour cent des voix."
3847,53.3,53.3,46.7,"Val Müstair (GR)","La population de Val Müstair approuve à 53,3 pour cent l'initiative ""Pas de Suisse à 10 millions!». Avec ce résultat, Val Müstair bascule dans le camp du oui. En 2020, la commune avait rejeté l'initiative ""pour une immigration modérée» avec 62,5 pour cent des voix."
3851,40.8,40.8,59.2,"Davos (GR)","Les habitants de Davos s'opposent à l'initiative ""Pas de Suisse à 10 millions!» par 59,2 pour cent des voix. Le rejet de l'initiative est toutefois moins marqué que celui enregistré lors de la votation sur l'initiative ""pour une immigration modérée» en 2020. Les habitants de Davos avaient alors dit non à 62,4 pour cent."
3861,16.7,16.7,83.3,"Fideris (GR)","Les habitants de Fideris s'opposent à l'initiative ""Pas de Suisse à 10 millions!» par 83,3 pour cent des voix. Le refus de l'initiative ""Pas de Suisse à 10 millions!» est plus fort que celui observé pour l'initiative ""pour une immigration modérée» en 2020. La proportion de non à Fideris était alors de 54,4 pour cent."
3862,85.7,85.7,14.3,"Furna (GR)","A Furna, les habitants disent oui à 85,7 pour cent à l'initiative ""Pas de Suisse à 10 millions!». Le soutien à l'initiative ""Pas de Suisse à 10 millions!» a augmenté à Furna par rapport à l'initiative ""pour une immigration modérée» soumise au vote en 2020. Lors de cette votation, 68,2 pour cent des habitants de la commune avaient accepté ce texte."
3863,62.9,62.9,37.1,"Jenaz (GR)","Les habitants de Jenaz acceptent à 62,9 pour cent l'initiative ""Pas de Suisse à 10 millions!». Le soutien à l'initiative ""Pas de Suisse à 10 millions!» a augmenté à Jenaz par rapport à l'initiative ""pour une immigration modérée» soumise au vote en 2020. Lors de cette votation, 59,3 pour cent des habitants de la commune avaient accepté ce texte."
3871,84.6,84.6,15.4,"Klosters-Serneus (GR)","L'initiative ""Pas de Suisse à 10 millions!» est approuvée à Klosters-Serneus par 84,6 pour cent des votants. Le soutien à l'initiative ""Pas de Suisse à 10 millions!» a augmenté à Klosters-Serneus par rapport à l'initiative ""pour une immigration modérée» soumise au vote en 2020. Lors de cette votation, 50,9 pour cent des habitants de la commune avaient accepté ce texte."
3881,14.5,14.5,85.5,"Conters im Prättigau (GR)","La population de Conters im Prättigau rejette à 85,5 pour cent des voix l'initiative ""Pas de Suisse à 10 millions!». En cinq ans, la commune a ainsi changé de camp sur la question de la limitation de l'immigration. Conters im Prättigau avait rejeté l'initiative ""pour une immigration modérée» à 40,6 pour cent en 2020."
3882,43.8,43.8,56.2,"Küblis (GR)","A Küblis, les citoyens rejettent à 56,2 pour cent l'initiative ""Pas de Suisse à 10 millions!». En cinq ans, la commune a ainsi changé de camp sur la question de la limitation de l'immigration. Küblis avait rejeté l'initiative ""pour une immigration modérée» à 39,5 pour cent en 2020."
3891,85.7,85.7,14.3,"Luzein (GR)","Luzein dit oui à 85,7 pour cent à l'initiative ""Pas de Suisse à 10 millions!». Le soutien à l'initiative ""Pas de Suisse à 10 millions!» a augmenté à Luzein par rapport à l'initiative ""pour une immigration modérée» soumise au vote en 2020. Lors de cette votation, 64 pour cent des habitants de la commune avaient accepté ce texte."
3901,50.6,50.6,49.4,"Coire (GR)","L'initiative ""Pas de Suisse à 10 millions!» est approuvée à Coire par 50,6 pour cent des votants. Avec ce résultat, Coire bascule dans le camp du oui. En 2020, la commune avait rejeté l'initiative ""pour une immigration modérée» avec 66,9 pour cent des voix."
3911,42.4,42.4,57.6,"Churwalden (GR)","La population de Churwalden rejette à 57,6 pour cent des voix l'initiative ""Pas de Suisse à 10 millions!». Le résultat a peu changé par rapport au vote sur l'initiative ""pour une immigration modérée» en 2020. Churwalden avait alors dit non à 57,5 pour cent."
3921,35,35,65,"Arosa (GR)","L'initiative ""Pas de Suisse à 10 millions!» n'a pas trouvé grâce aux yeux des citoyens d'Arosa. Ils ont refusé le texte à 65 pour cent. Le refus de l'initiative ""Pas de Suisse à 10 millions!» est plus fort que celui observé pour l'initiative ""pour une immigration modérée» en 2020. La proportion de non à Arosa était alors de 55 pour cent."
3945,85.8,85.8,14.2,"Trimmis (GR)","L'initiative ""Pas de Suisse à 10 millions!» passe la rampe avec 85,8 pour cent de oui à Trimmis. Avec ce résultat, Trimmis bascule dans le camp du oui. En 2020, la commune avait rejeté l'initiative ""pour une immigration modérée» avec 50,9 pour cent des voix."
3946,91.2,91.2,8.8,"Untervaz (GR)","A Untervaz, les habitants disent oui à 91,2 pour cent à l'initiative ""Pas de Suisse à 10 millions!». Avec ce résultat, Untervaz bascule dans le camp du oui. En 2020, la commune avait rejeté l'initiative ""pour une immigration modérée» avec 52,8 pour cent des voix."
3947,51.9,51.9,48.1,"Zizers (GR)","Les habitants de Zizers soutiennent à 51,9 pour cent l'initiative ""Pas de Suisse à 10 millions!». Avec ce résultat, Zizers bascule dans le camp du oui. En 2020, la commune avait rejeté l'initiative ""pour une immigration modérée» avec 58,2 pour cent des voix."
3951,50.9,50.9,49.1,"Fläsch (GR)","Les habitants de Fläsch acceptent à 50,9 pour cent l'initiative ""Pas de Suisse à 10 millions!». Avec ce résultat, Fläsch bascule dans le camp du oui. En 2020, la commune avait rejeté l'initiative ""pour une immigration modérée» avec 57,1 pour cent des voix."
3952,48.6,48.6,51.4,"Jenins (GR)","A Jenins, les citoyens rejettent à 51,4 pour cent l'initiative ""Pas de Suisse à 10 millions!». Le rejet de l'initiative est toutefois moins marqué que celui enregistré lors de la votation sur l'initiative ""pour une immigration modérée» en 2020. Les habitants de Jenins avaient alors dit non à 53,8 pour cent."
3953,19.7,19.7,80.3,"Maienfeld (GR)","L'initiative ""Pas de Suisse à 10 millions!» est refusée à 80,3 pour cent à Maienfeld. Le refus de l'initiative ""Pas de Suisse à 10 millions!» est plus fort que celui observé pour l'initiative ""pour une immigration modérée» en 2020. La proportion de non à Maienfeld était alors de 58,7 pour cent."
3954,89.4,89.4,10.6,"Malans (GR)","Les habitants de Malans acceptent à 89,4 pour cent l'initiative ""Pas de Suisse à 10 millions!». Avec ce résultat, Malans bascule dans le camp du oui. En 2020, la commune avait rejeté l'initiative ""pour une immigration modérée» avec 67,7 pour cent des voix."
3955,59.2,59.2,40.8,"Landquart (GR)","Landquart dit oui à 59,2 pour cent à l'initiative ""Pas de Suisse à 10 millions!». Avec ce résultat, Landquart bascule dans le camp du oui. En 2020, la commune avait rejeté l'initiative ""pour une immigration modérée» avec 55,3 pour cent des voix."
3961,43,43,57,"Grüsch (GR)","L'initiative ""Pas de Suisse à 10 millions!» est refusée à 57 pour cent à Grüsch. En cinq ans, la commune a ainsi changé de camp sur la question de la limitation de l'immigration. Grüsch avait rejeté l'initiative ""pour une immigration modérée» à 48,5 pour cent en 2020."
3962,57.2,57.2,42.8,"Schiers (GR)","A Schiers, les habitants disent oui à 57,2 pour cent à l'initiative ""Pas de Suisse à 10 millions!». Le soutien à l'initiative ""Pas de Suisse à 10 millions!» a augmenté à Schiers par rapport à l'initiative ""pour une immigration modérée» soumise au vote en 2020. Lors de cette votation, 53,2 pour cent des habitants de la commune avaient accepté ce texte."
3972,49.7,49.7,50.3,"Seewis im Prättigau (GR)","L'initiative ""Pas de Suisse à 10 millions!» n'a pas convaincu à Seewis im Prättigau. Les citoyens de la commune ont refusé le texte à 50,3 pour cent. En cinq ans, la commune a ainsi changé de camp sur la question de la limitation de l'immigration. Seewis im Prättigau avait rejeté l'initiative ""pour une immigration modérée» à 46,5 pour cent en 2020."
3981,84.7,84.7,15.3,"Breil/Brigels (GR)","Les habitants de Breil/Brigels soutiennent à 84,7 pour cent l'initiative ""Pas de Suisse à 10 millions!». Avec ce résultat, Breil/Brigels bascule dans le camp du oui. En 2020, la commune avait rejeté l'initiative ""pour une immigration modérée» avec 57,4 pour cent des voix."
3982,38.5,38.5,61.5,"Disentis/Mustér (GR)","L'initiative ""Pas de Suisse à 10 millions!» n'a pas trouvé grâce aux yeux des citoyens de Disentis/Mustér. Ils ont refusé le texte à 61,5 pour cent. Le rejet de l'initiative est toutefois moins marqué que celui enregistré lors de la votation sur l'initiative ""pour une immigration modérée» en 2020. Les habitants de Disentis/Mustér avaient alors dit non à 65 pour cent."
3983,83.4,83.4,16.6,"Medel (Lucmagn) (GR)","La population de Medel (Lucmagn) approuve à 83,4 pour cent l'initiative ""Pas de Suisse à 10 millions!». Avec ce résultat, Medel (Lucmagn) bascule dans le camp du oui. En 2020, la commune avait rejeté l'initiative ""pour une immigration modérée» avec 69,4 pour cent des voix."
3985,8.8,8.8,91.2,"Sumvitg (GR)","L'initiative ""Pas de Suisse à 10 millions!» n'a pas trouvé grâce aux yeux des citoyens de Sumvitg. Ils ont refusé le texte à 91,2 pour cent. Le refus de l'initiative ""Pas de Suisse à 10 millions!» est plus fort que celui observé pour l'initiative ""pour une immigration modérée» en 2020. La proportion de non à Sumvitg était alors de 65,5 pour cent."
3986,89.1,89.1,10.9,"Tujetsch (GR)","L'initiative ""Pas de Suisse à 10 millions!» est approuvée à Tujetsch par 89,1 pour cent des votants. Avec ce résultat, Tujetsch bascule dans le camp du oui. En 2020, la commune avait rejeté l'initiative ""pour une immigration modérée» avec 68,5 pour cent des voix."
3987,72.8,72.8,27.2,"Trun (GR)","Trun dit oui à 72,8 pour cent à l'initiative ""Pas de Suisse à 10 millions!». Avec ce résultat, Trun bascule dans le camp du oui. En 2020, la commune avait rejeté l'initiative ""pour une immigration modérée» avec 56,9 pour cent des voix."
3988,88.7,88.7,11.3,"Obersaxen Mundaun (GR)","La population d'Obersaxen Mundaun approuve à 88,7 pour cent l'initiative ""Pas de Suisse à 10 millions!». Avec ce résultat, Obersaxen Mundaun bascule dans le camp du oui. En 2020, la commune avait rejeté l'initiative ""pour une immigration modérée» avec 55,1 pour cent des voix."
4001,77.5,77.5,22.5,"Aarau (AG)","La population d'Aarau approuve à 77,5 pour cent l'initiative ""Pas de Suisse à 10 millions!». Avec ce résultat, Aarau bascule dans le camp du oui. En 2020, la commune avait rejeté l'initiative ""pour une immigration modérée» avec 74,4 pour cent des voix."
4002,18.4,18.4,81.6,"Biberstein (AG)","Les habitants de Biberstein s'opposent à l'initiative ""Pas de Suisse à 10 millions!» par 81,6 pour cent des voix. Le refus de l'initiative ""Pas de Suisse à 10 millions!» est plus fort que celui observé pour l'initiative ""pour une immigration modérée» en 2020. La proportion de non à Biberstein était alors de 64,1 pour cent."
4003,68.6,68.6,31.4,"Buchs (AG)","A Buchs (AG), les habitants disent oui à 68,6 pour cent à l'initiative ""Pas de Suisse à 10 millions!». Avec ce résultat, Buchs (AG) bascule dans le camp du oui. En 2020, la commune avait rejeté l'initiative ""pour une immigration modérée» avec 61,9 pour cent des voix."
4004,40.9,40.9,59.1,"Densbüren (AG)","L'initiative ""Pas de Suisse à 10 millions!» est refusée à 59,1 pour cent à Densbüren. En cinq ans, la commune a ainsi changé de camp sur la question de la limitation de l'immigration. Densbüren avait rejeté l'initiative ""pour une immigration modérée» à 49,5 pour cent en 2020."
4005,72.4,72.4,27.6,"Erlinsbach (AG)","Les habitants d'Erlinsbach (AG) soutiennent à 72,4 pour cent l'initiative ""Pas de Suisse à 10 millions!». Avec ce résultat, Erlinsbach (AG) bascule dans le camp du oui. En 2020, la commune avait rejeté l'initiative ""pour une immigration modérée» avec 59,5 pour cent des voix."
4006,56.4,56.4,43.6,"Gränichen (AG)","L'initiative ""Pas de Suisse à 10 millions!» est approuvée à Gränichen par 56,4 pour cent des votants. Avec ce résultat, Gränichen bascule dans le camp du oui. En 2020, la commune avait rejeté l'initiative ""pour une immigration modérée» avec 54,1 pour cent des voix."
4007,40.6,40.6,59.4,"Hirschthal (AG)","La population de Hirschthal rejette à 59,4 pour cent des voix l'initiative ""Pas de Suisse à 10 millions!». En cinq ans, la commune a ainsi changé de camp sur la question de la limitation de l'immigration. Hirschthal avait rejeté l'initiative ""pour une immigration modérée» à 48,1 pour cent en 2020."
4008,38.5,38.5,61.5,"Küttigen (AG)","A Küttigen, les citoyens rejettent à 61,5 pour cent l'initiative ""Pas de Suisse à 10 millions!». Le rejet de l'initiative est toutefois moins marqué que celui enregistré lors de la votation sur l'initiative ""pour une immigration modérée» en 2020. Les habitants de Küttigen avaient alors dit non à 66,8 pour cent."
4009,70.3,70.3,29.7,"Muhen (AG)","L'initiative ""Pas de Suisse à 10 millions!» est approuvée à Muhen par 70,3 pour cent des votants. Avec ce résultat, Muhen bascule dans le camp du oui. En 2020, la commune avait rejeté l'initiative ""pour une immigration modérée» avec 51,9 pour cent des voix."
4010,79.9,79.9,20.1,"Oberentfelden (AG)","Les habitants d'Oberentfelden acceptent à 79,9 pour cent l'initiative ""Pas de Suisse à 10 millions!». Avec ce résultat, Oberentfelden bascule dans le camp du oui. En 2020, la commune avait rejeté l'initiative ""pour une immigration modérée» avec 55,1 pour cent des voix."
4012,66.6,66.6,33.4,"Suhr (AG)","Les habitants de Suhr acceptent à 66,6 pour cent l'initiative ""Pas de Suisse à 10 millions!». Avec ce résultat, Suhr bascule dans le camp du oui. En 2020, la commune avait rejeté l'initiative ""pour une immigration modérée» avec 63,7 pour cent des voix."
4013,43.1,43.1,56.9,"Unterentfelden (AG)","La population d'Unterentfelden rejette à 56,9 pour cent des voix l'initiative ""Pas de Suisse à 10 millions!». Le rejet de l'initiative est toutefois moins marqué que celui enregistré lors de la votation sur l'initiative ""pour une immigration modérée» en 2020. Les habitants d'Unterentfelden avaient alors dit non à 62,9 pour cent."
4021,61.8,61.8,38.2,"Baden (AG)","Les habitants de Baden acceptent à 61,8 pour cent l'initiative ""Pas de Suisse à 10 millions!». Avec ce résultat, Baden bascule dans le camp du oui. En 2020, la commune avait rejeté l'initiative ""pour une immigration modérée» avec 76,8 pour cent des voix."
4022,54.8,54.8,45.2,"Bellikon (AG)","L'initiative ""Pas de Suisse à 10 millions!» passe la rampe avec 54,8 pour cent de oui à Bellikon. Avec ce résultat, Bellikon bascule dans le camp du oui. En 2020, la commune avait rejeté l'initiative ""pour une immigration modérée» avec 53,8 pour cent des voix."
4023,60,60,40,"Bergdietikon (AG)","La population de Bergdietikon approuve à 60 pour cent l'initiative ""Pas de Suisse à 10 millions!». Avec ce résultat, Bergdietikon bascule dans le camp du oui. En 2020, la commune avait rejeté l'initiative ""pour une immigration modérée» avec 56,3 pour cent des voix."
4024,45.1,45.1,54.9,"Birmenstorf (AG)","C'est non à l'initiative ""Pas de Suisse à 10 millions!» à Birmenstorf (AG). Les habitants ont refusé le texte à 54,9 pour cent. Le rejet de l'initiative est toutefois moins marqué que celui enregistré lors de la votation sur l'initiative ""pour une immigration modérée» en 2020. Les habitants de Birmenstorf (AG) avaient alors dit non à 60,1 pour cent."
4026,37.4,37.4,62.6,"Ennetbaden (AG)","Les habitants d'Ennetbaden s'opposent à l'initiative ""Pas de Suisse à 10 millions!» par 62,6 pour cent des voix. Le rejet de l'initiative est toutefois moins marqué que celui enregistré lors de la votation sur l'initiative ""pour une immigration modérée» en 2020. Les habitants d'Ennetbaden avaient alors dit non à 81,7 pour cent."
4027,51.9,51.9,48.1,"Fislisbach (AG)","A Fislisbach, les habitants disent oui à 51,9 pour cent à l'initiative ""Pas de Suisse à 10 millions!». Avec ce résultat, Fislisbach bascule dans le camp du oui. En 2020, la commune avait rejeté l'initiative ""pour une immigration modérée» avec 63,6 pour cent des voix."
4028,9,9,91,"Freienwil (AG)","Les habitants de Freienwil s'opposent à l'initiative ""Pas de Suisse à 10 millions!» par 91 pour cent des voix. Le refus de l'initiative ""Pas de Suisse à 10 millions!» est plus fort que celui observé pour l'initiative ""pour une immigration modérée» en 2020. La proportion de non à Freienwil était alors de 62,8 pour cent."
4029,62.5,62.5,37.5,"Gebenstorf (AG)","A Gebenstorf, les habitants disent oui à 62,5 pour cent à l'initiative ""Pas de Suisse à 10 millions!». Avec ce résultat, Gebenstorf bascule dans le camp du oui. En 2020, la commune avait rejeté l'initiative ""pour une immigration modérée» avec 62,6 pour cent des voix."
4030,20.9,20.9,79.1,"Killwangen (AG)","C'est non à l'initiative ""Pas de Suisse à 10 millions!» à Killwangen. Les habitants ont refusé le texte à 79,1 pour cent. Le refus de l'initiative ""Pas de Suisse à 10 millions!» est plus fort que celui observé pour l'initiative ""pour une immigration modérée» en 2020. La proportion de non à Killwangen était alors de 58,4 pour cent."
4031,16.7,16.7,83.3,"Künten (AG)","C'est non à l'initiative ""Pas de Suisse à 10 millions!» à Künten. Les habitants ont refusé le texte à 83,3 pour cent. Le refus de l'initiative ""Pas de Suisse à 10 millions!» est plus fort que celui observé pour l'initiative ""pour une immigration modérée» en 2020. La proportion de non à Künten était alors de 53,7 pour cent."
4032,28.8,28.8,71.2,"Mägenwil (AG)","L'initiative ""Pas de Suisse à 10 millions!» n'a pas trouvé grâce aux yeux des citoyens de Mägenwil. Ils ont refusé le texte à 71,2 pour cent. Le refus de l'initiative ""Pas de Suisse à 10 millions!» est plus fort que celui observé pour l'initiative ""pour une immigration modérée» en 2020. La proportion de non à Mägenwil était alors de 56,2 pour cent."
4033,39.9,39.9,60.1,"Mellingen (AG)","C'est non à l'initiative ""Pas de Suisse à 10 millions!» à Mellingen. Les habitants ont refusé le texte à 60,1 pour cent. Le refus de l'initiative ""Pas de Suisse à 10 millions!» est plus fort que celui observé pour l'initiative ""pour une immigration modérée» en 2020. La proportion de non à Mellingen était alors de 58,2 pour cent."
4034,47.2,47.2,52.8,"Neuenhof (AG)","C'est non à l'initiative ""Pas de Suisse à 10 millions!» à Neuenhof. Les habitants ont refusé le texte à 52,8 pour cent. Le rejet de l'initiative est toutefois moins marqué que celui enregistré lors de la votation sur l'initiative ""pour une immigration modérée» en 2020. Les habitants de Neuenhof avaient alors dit non à 55 pour cent."
4035,6.4,6.4,93.6,"Niederrohrdorf (AG)","L'initiative ""Pas de Suisse à 10 millions!» n'a pas trouvé grâce aux yeux des citoyens de Niederrohrdorf. Ils ont refusé le texte à 93,6 pour cent. Le refus de l'initiative ""Pas de Suisse à 10 millions!» est plus fort que celui observé pour l'initiative ""pour une immigration modérée» en 2020. La proportion de non à Niederrohrdorf était alors de 65,2 pour cent."
4037,65.7,65.7,34.3,"Oberrohrdorf (AG)","L'initiative ""Pas de Suisse à 10 millions!» est approuvée à Oberrohrdorf par 65,7 pour cent des votants. Avec ce résultat, Oberrohrdorf bascule dans le camp du oui. En 2020, la commune avait rejeté l'initiative ""pour une immigration modérée» avec 62,8 pour cent des voix."
4038,76.5,76.5,23.5,"Obersiggenthal (AG)","Les habitants d'Obersiggenthal soutiennent à 76,5 pour cent l'initiative ""Pas de Suisse à 10 millions!». Avec ce résultat, Obersiggenthal bascule dans le camp du oui. En 2020, la commune avait rejeté l'initiative ""pour une immigration modérée» avec 66,1 pour cent des voix."
4039,27.8,27.8,72.2,"Remetschwil (AG)","L'initiative ""Pas de Suisse à 10 millions!» n'a pas convaincu à Remetschwil. Les citoyens de la commune ont refusé le texte à 72,2 pour cent. Le refus de l'initiative ""Pas de Suisse à 10 millions!» est plus fort que celui observé pour l'initiative ""pour une immigration modérée» en 2020. La proportion de non à Remetschwil était alors de 56,7 pour cent."
4040,75.7,75.7,24.3,"Spreitenbach (AG)","Les habitants de Spreitenbach acceptent à 75,7 pour cent l'initiative ""Pas de Suisse à 10 millions!». Avec ce résultat, Spreitenbach bascule dans le camp du oui. En 2020, la commune avait rejeté l'initiative ""pour une immigration modérée» avec 54,2 pour cent des voix."
4041,39.8,39.8,60.2,"Stetten (AG)","L'initiative ""Pas de Suisse à 10 millions!» n'a pas convaincu à Stetten (AG). Les citoyens de la commune ont refusé le texte à 60,2 pour cent. Le refus de l'initiative ""Pas de Suisse à 10 millions!» est plus fort que celui observé pour l'initiative ""pour une immigration modérée» en 2020. La proportion de non à Stetten (AG) était alors de 57,5 pour cent."
4044,46,46,54,"Untersiggenthal (AG)","C'est non à l'initiative ""Pas de Suisse à 10 millions!» à Untersiggenthal. Les habitants ont refusé le texte à 54 pour cent. Le rejet de l'initiative est toutefois moins marqué que celui enregistré lors de la votation sur l'initiative ""pour une immigration modérée» en 2020. Les habitants d'Untersiggenthal avaient alors dit non à 62,1 pour cent."
4045,82,82,18,"Wettingen (AG)","A Wettingen, les habitants disent oui à 82 pour cent à l'initiative ""Pas de Suisse à 10 millions!». Avec ce résultat, Wettingen bascule dans le camp du oui. En 2020, la commune avait rejeté l'initiative ""pour une immigration modérée» avec 67,4 pour cent des voix."
4046,47.8,47.8,52.2,"Wohlenschwil (AG)","La population de Wohlenschwil rejette à 52,2 pour cent des voix l'initiative ""Pas de Suisse à 10 millions!». Le rejet de l'initiative est toutefois moins marqué que celui enregistré lors de la votation sur l'initiative ""pour une immigration modérée» en 2020. Les habitants de Wohlenschwil avaient alors dit non à 59,9 pour cent."
4047,3.1,3.1,96.9,"Würenlingen (AG)","L'initiative ""Pas de Suisse à 10 millions!» n'a pas trouvé grâce aux yeux des citoyens de Würenlingen. Ils ont refusé le texte à 96,9 pour cent. Le refus de l'initiative ""Pas de Suisse à 10 millions!» est plus fort que celui observé pour l'initiative ""pour une immigration modérée» en 2020. La proportion de non à Würenlingen était alors de 51,1 pour cent."
4048,30.6,30.6,69.4,"Würenlos (AG)","L'initiative ""Pas de Suisse à 10 millions!» n'a pas convaincu à Würenlos. Les citoyens de la commune ont refusé le texte à 69,4 pour cent. Le refus de l'initiative ""Pas de Suisse à 10 millions!» est plus fort que celui observé pour l'initiative ""pour une immigration modérée» en 2020. La proportion de non à Würenlos était alors de 59,2 pour cent."
4049,46.2,46.2,53.8,"Ehrendingen (AG)","A Ehrendingen, les citoyens rejettent à 53,8 pour cent l'initiative ""Pas de Suisse à 10 millions!». Le rejet de l'initiative est toutefois moins marqué que celui enregistré lors de la votation sur l'initiative ""pour une immigration modérée» en 2020. Les habitants d'Ehrendingen avaient alors dit non à 58,7 pour cent."
4061,56.4,56.4,43.6,"Arni (AG)","Les habitants d'Arni (AG) acceptent à 56,4 pour cent l'initiative ""Pas de Suisse à 10 millions!». Avec ce résultat, Arni (AG) bascule dans le camp du oui. En 2020, la commune avait rejeté l'initiative ""pour une immigration modérée» avec 60,6 pour cent des voix."
4062,2.3,2.3,97.7,"Berikon (AG)","A Berikon, les citoyens rejettent à 97,7 pour cent l'initiative ""Pas de Suisse à 10 millions!». Le refus de l'initiative ""Pas de Suisse à 10 millions!» est plus fort que celui observé pour l'initiative ""pour une immigration modérée» en 2020. La proportion de non à Berikon était alors de 58,2 pour cent."
4063,49,49,51,"Bremgarten (AG)","La population de Bremgarten (AG) rejette à 51 pour cent des voix l'initiative ""Pas de Suisse à 10 millions!». Le rejet de l'initiative est toutefois moins marqué que celui enregistré lors de la votation sur l'initiative ""pour une immigration modérée» en 2020. Les habitants de Bremgarten (AG) avaient alors dit non à 62,2 pour cent."
4064,99.5,99.5,0.5,"Büttikon (AG)","L'initiative ""Pas de Suisse à 10 millions!» passe la rampe avec 99,5 pour cent de oui à Büttikon. Le soutien à l'initiative ""Pas de Suisse à 10 millions!» a augmenté à Büttikon par rapport à l'initiative ""pour une immigration modérée» soumise au vote en 2020. Lors de cette votation, 58 pour cent des habitants de la commune avaient accepté ce texte."
4065,69.5,69.5,30.5,"Dottikon (AG)","Les habitants de Dottikon soutiennent à 69,5 pour cent l'initiative ""Pas de Suisse à 10 millions!». Le soutien à l'initiative ""Pas de Suisse à 10 millions!» a augmenté à Dottikon par rapport à l'initiative ""pour une immigration modérée» soumise au vote en 2020. Lors de cette votation, 51,2 pour cent des habitants de la commune avaient accepté ce texte."
4066,28.3,28.3,71.7,"Eggenwil (AG)","C'est non à l'initiative ""Pas de Suisse à 10 millions!» à Eggenwil. Les habitants ont refusé le texte à 71,7 pour cent. Le refus de l'initiative ""Pas de Suisse à 10 millions!» est plus fort que celui observé pour l'initiative ""pour une immigration modérée» en 2020. La proportion de non à Eggenwil était alors de 55,6 pour cent."
4067,92.3,92.3,7.7,"Fischbach-Göslikon (AG)","A Fischbach-Göslikon, les habitants disent oui à 92,3 pour cent à l'initiative ""Pas de Suisse à 10 millions!». Le soutien à l'initiative ""Pas de Suisse à 10 millions!» a augmenté à Fischbach-Göslikon par rapport à l'initiative ""pour une immigration modérée» soumise au vote en 2020. Lors de cette votation, 53,1 pour cent des habitants de la commune avaient accepté ce texte."
4068,86.7,86.7,13.3,"Hägglingen (AG)","Hägglingen dit oui à 86,7 pour cent à l'initiative ""Pas de Suisse à 10 millions!». Le soutien à l'initiative ""Pas de Suisse à 10 millions!» a augmenté à Hägglingen par rapport à l'initiative ""pour une immigration modérée» soumise au vote en 2020. Lors de cette votation, 50,2 pour cent des habitants de la commune avaient accepté ce texte."
4071,13.7,13.7,86.3,"Jonen (AG)","A Jonen, les citoyens rejettent à 86,3 pour cent l'initiative ""Pas de Suisse à 10 millions!». Le refus de l'initiative ""Pas de Suisse à 10 millions!» est plus fort que celui observé pour l'initiative ""pour une immigration modérée» en 2020. La proportion de non à Jonen était alors de 59,5 pour cent."
4072,44.9,44.9,55.1,"Niederwil (AG)","L'initiative ""Pas de Suisse à 10 millions!» n'a pas convaincu à Niederwil (AG). Les citoyens de la commune ont refusé le texte à 55,1 pour cent. En cinq ans, la commune a ainsi changé de camp sur la question de la limitation de l'immigration. Niederwil (AG) avait rejeté l'initiative ""pour une immigration modérée» à 49,5 pour cent en 2020."
4073,68,68,32,"Oberlunkhofen (AG)","Oberlunkhofen dit oui à 68 pour cent à l'initiative ""Pas de Suisse à 10 millions!». Avec ce résultat, Oberlunkhofen bascule dans le camp du oui. En 2020, la commune avait rejeté l'initiative ""pour une immigration modérée» avec 58,3 pour cent des voix."
4074,50.2,50.2,49.8,"Oberwil-Lieli (AG)","La population d'Oberwil-Lieli approuve à 50,2 pour cent l'initiative ""Pas de Suisse à 10 millions!». Avec ce résultat, Oberwil-Lieli bascule dans le camp du oui. En 2020, la commune avait rejeté l'initiative ""pour une immigration modérée» avec 53,4 pour cent des voix."
4075,71.3,71.3,28.7,"Rudolfstetten-Friedlisberg (AG)","Rudolfstetten-Friedlisberg dit oui à 71,3 pour cent à l'initiative ""Pas de Suisse à 10 millions!». Avec ce résultat, Rudolfstetten-Friedlisberg bascule dans le camp du oui. En 2020, la commune avait rejeté l'initiative ""pour une immigration modérée» avec 53,4 pour cent des voix."
4076,46.4,46.4,53.6,"Sarmenstorf (AG)","C'est non à l'initiative ""Pas de Suisse à 10 millions!» à Sarmenstorf. Les habitants ont refusé le texte à 53,6 pour cent. En cinq ans, la commune a ainsi changé de camp sur la question de la limitation de l'immigration. Sarmenstorf avait rejeté l'initiative ""pour une immigration modérée» à 49,3 pour cent en 2020."
4077,62.7,62.7,37.3,"Tägerig (AG)","A Tägerig, les habitants disent oui à 62,7 pour cent à l'initiative ""Pas de Suisse à 10 millions!». Le soutien à l'initiative ""Pas de Suisse à 10 millions!» a augmenté à Tägerig par rapport à l'initiative ""pour une immigration modérée» soumise au vote en 2020. Lors de cette votation, 53,5 pour cent des habitants de la commune avaient accepté ce texte."
4078,52.8,52.8,47.2,"Uezwil (AG)","La population d'Uezwil approuve à 52,8 pour cent l'initiative ""Pas de Suisse à 10 millions!». Le soutien à l'initiative ""Pas de Suisse à 10 millions!» est toutefois moins marqué que celui obtenu par l'initiative ""pour une immigration modérée» en 2020. Les habitants d'Uezwil avaient alors dit oui à 62,2 pour cent."
4079,63.5,63.5,36.5,"Unterlunkhofen (AG)","Les habitants d'Unterlunkhofen acceptent à 63,5 pour cent l'initiative ""Pas de Suisse à 10 millions!». Avec ce résultat, Unterlunkhofen bascule dans le camp du oui. En 2020, la commune avait rejeté l'initiative ""pour une immigration modérée» avec 53 pour cent des voix."
4080,41.9,41.9,58.1,"Villmergen (AG)","L'initiative ""Pas de Suisse à 10 millions!» n'a pas convaincu à Villmergen. Les citoyens de la commune ont refusé le texte à 58,1 pour cent. En cinq ans, la commune a ainsi changé de camp sur la question de la limitation de l'immigration. Villmergen avait rejeté l'initiative ""pour une immigration modérée» à 45,9 pour cent en 2020."
4081,40.8,40.8,59.2,"Widen (AG)","Les habitants de Widen s'opposent à l'initiative ""Pas de Suisse à 10 millions!» par 59,2 pour cent des voix. Le refus de l'initiative ""Pas de Suisse à 10 millions!» est plus fort que celui observé pour l'initiative ""pour une immigration modérée» en 2020. La proportion de non à Widen était alors de 58,1 pour cent."
4082,35.6,35.6,64.4,"Wohlen (AG)","A Wohlen (AG), les citoyens rejettent à 64,4 pour cent l'initiative ""Pas de Suisse à 10 millions!». Le refus de l'initiative ""Pas de Suisse à 10 millions!» est plus fort que celui observé pour l'initiative ""pour une immigration modérée» en 2020. La proportion de non à Wohlen (AG) était alors de 54,8 pour cent."
4083,53.7,53.7,46.3,"Zufikon (AG)","L'initiative ""Pas de Suisse à 10 millions!» est approuvée à Zufikon par 53,7 pour cent des votants. Avec ce résultat, Zufikon bascule dans le camp du oui. En 2020, la commune avait rejeté l'initiative ""pour une immigration modérée» avec 55,1 pour cent des voix."
4084,34.7,34.7,65.3,"Islisberg (AG)","Les habitants d'Islisberg s'opposent à l'initiative ""Pas de Suisse à 10 millions!» par 65,3 pour cent des voix. Le refus de l'initiative ""Pas de Suisse à 10 millions!» est plus fort que celui observé pour l'initiative ""pour une immigration modérée» en 2020. La proportion de non à Islisberg était alors de 54,8 pour cent."
4091,15,15,85,"Auenstein (AG)","A Auenstein, les citoyens rejettent à 85 pour cent l'initiative ""Pas de Suisse à 10 millions!». Le refus de l'initiative ""Pas de Suisse à 10 millions!» est plus fort que celui observé pour l'initiative ""pour une immigration modérée» en 2020. La proportion de non à Auenstein était alors de 56,4 pour cent."
4092,33,33,67,"Birr (AG)","Les habitants de Birr s'opposent à l'initiative ""Pas de Suisse à 10 millions!» par 67 pour cent des voix. Le refus de l'initiative ""Pas de Suisse à 10 millions!» est plus fort que celui observé pour l'initiative ""pour une immigration modérée» en 2020. La proportion de non à Birr était alors de 55,7 pour cent."
4093,67.1,67.1,32.9,"Birrhard (AG)","L'initiative ""Pas de Suisse à 10 millions!» est approuvée à Birrhard par 67,1 pour cent des votants. Le soutien à l'initiative ""Pas de Suisse à 10 millions!» a augmenté à Birrhard par rapport à l'initiative ""pour une immigration modérée» soumise au vote en 2020. Lors de cette votation, 55,3 pour cent des habitants de la commune avaient accepté ce texte."
4095,44.9,44.9,55.1,"Brugg (AG)","L'initiative ""Pas de Suisse à 10 millions!» est refusée à 55,1 pour cent à Brugg. Le rejet de l'initiative est toutefois moins marqué que celui enregistré lors de la votation sur l'initiative ""pour une immigration modérée» en 2020. Les habitants de Brugg avaient alors dit non à 65,4 pour cent."
4099,26.4,26.4,73.6,"Habsburg (AG)","La population de Habsburg rejette à 73,6 pour cent des voix l'initiative ""Pas de Suisse à 10 millions!». Le refus de l'initiative ""Pas de Suisse à 10 millions!» est plus fort que celui observé pour l'initiative ""pour une immigration modérée» en 2020. La proportion de non à Habsburg était alors de 56,3 pour cent."
4100,3.4,3.4,96.6,"Hausen (AG)","A Hausen (AG), les citoyens rejettent à 96,6 pour cent l'initiative ""Pas de Suisse à 10 millions!». Le refus de l'initiative ""Pas de Suisse à 10 millions!» est plus fort que celui observé pour l'initiative ""pour une immigration modérée» en 2020. La proportion de non à Hausen (AG) était alors de 57,3 pour cent."
4104,5.7,5.7,94.3,"Lupfig (AG)","L'initiative ""Pas de Suisse à 10 millions!» n'a pas convaincu à Lupfig. Les citoyens de la commune ont refusé le texte à 94,3 pour cent. Le refus de l'initiative ""Pas de Suisse à 10 millions!» est plus fort que celui observé pour l'initiative ""pour une immigration modérée» en 2020. La proportion de non à Lupfig était alors de 51,1 pour cent."
4105,65.1,65.1,34.9,"Mandach (AG)","La population de Mandach approuve à 65,1 pour cent l'initiative ""Pas de Suisse à 10 millions!». Le soutien à l'initiative ""Pas de Suisse à 10 millions!» a augmenté à Mandach par rapport à l'initiative ""pour une immigration modérée» soumise au vote en 2020. Lors de cette votation, 62,5 pour cent des habitants de la commune avaient accepté ce texte."
4106,39.4,39.4,60.6,"Mönthal (AG)","C'est non à l'initiative ""Pas de Suisse à 10 millions!» à Mönthal. Les habitants ont refusé le texte à 60,6 pour cent. En cinq ans, la commune a ainsi changé de camp sur la question de la limitation de l'immigration. Mönthal avait rejeté l'initiative ""pour une immigration modérée» à 47,4 pour cent en 2020."
4107,91.8,91.8,8.2,"Mülligen (AG)","Mülligen dit oui à 91,8 pour cent à l'initiative ""Pas de Suisse à 10 millions!». Avec ce résultat, Mülligen bascule dans le camp du oui. En 2020, la commune avait rejeté l'initiative ""pour une immigration modérée» avec 61,7 pour cent des voix."
4110,18.1,18.1,81.9,"Remigen (AG)","L'initiative ""Pas de Suisse à 10 millions!» n'a pas trouvé grâce aux yeux des citoyens de Remigen. Ils ont refusé le texte à 81,9 pour cent. Le refus de l'initiative ""Pas de Suisse à 10 millions!» est plus fort que celui observé pour l'initiative ""pour une immigration modérée» en 2020. La proportion de non à Remigen était alors de 54 pour cent."
4111,48,48,52,"Riniken (AG)","La population de Riniken rejette à 52 pour cent des voix l'initiative ""Pas de Suisse à 10 millions!». Le rejet de l'initiative est toutefois moins marqué que celui enregistré lors de la votation sur l'initiative ""pour une immigration modérée» en 2020. Les habitants de Riniken avaient alors dit non à 59,8 pour cent."
4112,9.2,9.2,90.8,"Rüfenach (AG)","La population de Rüfenach rejette à 90,8 pour cent des voix l'initiative ""Pas de Suisse à 10 millions!». Le refus de l'initiative ""Pas de Suisse à 10 millions!» est plus fort que celui observé pour l'initiative ""pour une immigration modérée» en 2020. La proportion de non à Rüfenach était alors de 58 pour cent."
4117,65.1,65.1,34.9,"Thalheim (AG)","Les habitants de Thalheim (AG) acceptent à 65,1 pour cent l'initiative ""Pas de Suisse à 10 millions!». Le soutien à l'initiative ""Pas de Suisse à 10 millions!» a augmenté à Thalheim (AG) par rapport à l'initiative ""pour une immigration modérée» soumise au vote en 2020. Lors de cette votation, 55,8 pour cent des habitants de la commune avaient accepté ce texte."
4120,40.2,40.2,59.8,"Veltheim (AG)","L'initiative ""Pas de Suisse à 10 millions!» n'a pas convaincu à Veltheim (AG). Les citoyens de la commune ont refusé le texte à 59,8 pour cent. Le refus de l'initiative ""Pas de Suisse à 10 millions!» est plus fort que celui observé pour l'initiative ""pour une immigration modérée» en 2020. La proportion de non à Veltheim (AG) était alors de 54,9 pour cent."
4121,25.9,25.9,74.1,"Villigen (AG)","La population de Villigen rejette à 74,1 pour cent des voix l'initiative ""Pas de Suisse à 10 millions!». Le refus de l'initiative ""Pas de Suisse à 10 millions!» est plus fort que celui observé pour l'initiative ""pour une immigration modérée» en 2020. La proportion de non à Villigen était alors de 51,8 pour cent."
4123,46.1,46.1,53.9,"Windisch (AG)","L'initiative ""Pas de Suisse à 10 millions!» est refusée à 53,9 pour cent à Windisch. Le rejet de l'initiative est toutefois moins marqué que celui enregistré lors de la votation sur l'initiative ""pour une immigration modérée» en 2020. Les habitants de Windisch avaient alors dit non à 69,1 pour cent."
4124,10.9,10.9,89.1,"Bözberg (AG)","C'est non à l'initiative ""Pas de Suisse à 10 millions!» à Bözberg. Les habitants ont refusé le texte à 89,1 pour cent. En cinq ans, la commune a ainsi changé de camp sur la question de la limitation de l'immigration. Bözberg avait rejeté l'initiative ""pour une immigration modérée» à 48,6 pour cent en 2020."
4125,18.1,18.1,81.9,"Schinznach (AG)","A Schinznach, les citoyens rejettent à 81,9 pour cent l'initiative ""Pas de Suisse à 10 millions!». Le refus de l'initiative ""Pas de Suisse à 10 millions!» est plus fort que celui observé pour l'initiative ""pour une immigration modérée» en 2020. La proportion de non à Schinznach était alors de 53,6 pour cent."
4131,23,23,77,"Beinwil am See (AG)","L'initiative ""Pas de Suisse à 10 millions!» est refusée à 77 pour cent à Beinwil am See. Le refus de l'initiative ""Pas de Suisse à 10 millions!» est plus fort que celui observé pour l'initiative ""pour une immigration modérée» en 2020. La proportion de non à Beinwil am See était alors de 54,6 pour cent."
4132,45.2,45.2,54.8,"Birrwil (AG)","Les habitants de Birrwil s'opposent à l'initiative ""Pas de Suisse à 10 millions!» par 54,8 pour cent des voix. Le refus de l'initiative ""Pas de Suisse à 10 millions!» est plus fort que celui observé pour l'initiative ""pour une immigration modérée» en 2020. La proportion de non à Birrwil était alors de 52,8 pour cent."
4134,7.1,7.1,92.9,"Dürrenäsch (AG)","C'est non à l'initiative ""Pas de Suisse à 10 millions!» à Dürrenäsch. Les habitants ont refusé le texte à 92,9 pour cent. En cinq ans, la commune a ainsi changé de camp sur la question de la limitation de l'immigration. Dürrenäsch avait rejeté l'initiative ""pour une immigration modérée» à 36 pour cent en 2020."
4135,39.5,39.5,60.5,"Gontenschwil (AG)","L'initiative ""Pas de Suisse à 10 millions!» n'a pas trouvé grâce aux yeux des citoyens de Gontenschwil. Ils ont refusé le texte à 60,5 pour cent. En cinq ans, la commune a ainsi changé de camp sur la question de la limitation de l'immigration. Gontenschwil avait rejeté l'initiative ""pour une immigration modérée» à 36,5 pour cent en 2020."
4136,42.3,42.3,57.7,"Holziken (AG)","A Holziken, les citoyens rejettent à 57,7 pour cent l'initiative ""Pas de Suisse à 10 millions!». En cinq ans, la commune a ainsi changé de camp sur la question de la limitation de l'immigration. Holziken avait rejeté l'initiative ""pour une immigration modérée» à 37,8 pour cent en 2020."
4137,95.5,95.5,4.5,"Leimbach (AG)","Leimbach (AG) dit oui à 95,5 pour cent à l'initiative ""Pas de Suisse à 10 millions!». Le soutien à l'initiative ""Pas de Suisse à 10 millions!» a augmenté à Leimbach (AG) par rapport à l'initiative ""pour une immigration modérée» soumise au vote en 2020. Lors de cette votation, 52,7 pour cent des habitants de la commune avaient accepté ce texte."
4138,19.8,19.8,80.2,"Leutwil (AG)","L'initiative ""Pas de Suisse à 10 millions!» n'a pas convaincu à Leutwil. Les citoyens de la commune ont refusé le texte à 80,2 pour cent. En cinq ans, la commune a ainsi changé de camp sur la question de la limitation de l'immigration. Leutwil avait rejeté l'initiative ""pour une immigration modérée» à 35 pour cent en 2020."
4139,62.1,62.1,37.9,"Menziken (AG)","La population de Menziken approuve à 62,1 pour cent l'initiative ""Pas de Suisse à 10 millions!». Le soutien à l'initiative ""Pas de Suisse à 10 millions!» a augmenté à Menziken par rapport à l'initiative ""pour une immigration modérée» soumise au vote en 2020. Lors de cette votation, 55,8 pour cent des habitants de la commune avaient accepté ce texte."
4140,79.4,79.4,20.6,"Oberkulm (AG)","La population d'Oberkulm approuve à 79,4 pour cent l'initiative ""Pas de Suisse à 10 millions!». Le soutien à l'initiative ""Pas de Suisse à 10 millions!» a augmenté à Oberkulm par rapport à l'initiative ""pour une immigration modérée» soumise au vote en 2020. Lors de cette votation, 61,1 pour cent des habitants de la commune avaient accepté ce texte."
4141,33.6,33.6,66.4,"Reinach (AG)","La population de Reinach (AG) rejette à 66,4 pour cent des voix l'initiative ""Pas de Suisse à 10 millions!». En cinq ans, la commune a ainsi changé de camp sur la question de la limitation de l'immigration. Reinach (AG) avait rejeté l'initiative ""pour une immigration modérée» à 43,6 pour cent en 2020."
4142,28.7,28.7,71.3,"Schlossrued (AG)","L'initiative ""Pas de Suisse à 10 millions!» est refusée à 71,3 pour cent à Schlossrued. En cinq ans, la commune a ainsi changé de camp sur la question de la limitation de l'immigration. Schlossrued avait rejeté l'initiative ""pour une immigration modérée» à 38,2 pour cent en 2020."
4143,9.5,9.5,90.5,"Schmiedrued (AG)","C'est non à l'initiative ""Pas de Suisse à 10 millions!» à Schmiedrued. Les habitants ont refusé le texte à 90,5 pour cent. En cinq ans, la commune a ainsi changé de camp sur la question de la limitation de l'immigration. Schmiedrued avait rejeté l'initiative ""pour une immigration modérée» à 36,9 pour cent en 2020."
4144,45.2,45.2,54.8,"Schöftland (AG)","C'est non à l'initiative ""Pas de Suisse à 10 millions!» à Schöftland. Les habitants ont refusé le texte à 54,8 pour cent. Le refus de l'initiative ""Pas de Suisse à 10 millions!» est plus fort que celui observé pour l'initiative ""pour une immigration modérée» en 2020. La proportion de non à Schöftland était alors de 52,2 pour cent."
4145,80,80,20,"Teufenthal (AG)","La population de Teufenthal (AG) approuve à 80 pour cent l'initiative ""Pas de Suisse à 10 millions!». Le soutien à l'initiative ""Pas de Suisse à 10 millions!» a augmenté à Teufenthal (AG) par rapport à l'initiative ""pour une immigration modérée» soumise au vote en 2020. Lors de cette votation, 54,8 pour cent des habitants de la commune avaient accepté ce texte."
4146,64.2,64.2,35.8,"Unterkulm (AG)","L'initiative ""Pas de Suisse à 10 millions!» est approuvée à Unterkulm par 64,2 pour cent des votants. Le soutien à l'initiative ""Pas de Suisse à 10 millions!» a augmenté à Unterkulm par rapport à l'initiative ""pour une immigration modérée» soumise au vote en 2020. Lors de cette votation, 57 pour cent des habitants de la commune avaient accepté ce texte."
4147,10.5,10.5,89.5,"Zetzwil (AG)","L'initiative ""Pas de Suisse à 10 millions!» est refusée à 89,5 pour cent à Zetzwil. En cinq ans, la commune a ainsi changé de camp sur la question de la limitation de l'immigration. Zetzwil avait rejeté l'initiative ""pour une immigration modérée» à 41,7 pour cent en 2020."
4161,37.8,37.8,62.2,"Eiken (AG)","L'initiative ""Pas de Suisse à 10 millions!» est refusée à 62,2 pour cent à Eiken. Le refus de l'initiative ""Pas de Suisse à 10 millions!» est plus fort que celui observé pour l'initiative ""pour une immigration modérée» en 2020. La proportion de non à Eiken était alors de 55,3 pour cent."
4163,0.1,0.1,99.9,"Frick (AG)","Pour la part de non à l'initiative ""Pas de Suisse à 10 millions!», Frick se classe au deuxième rang suisse, avec 99,9 pour cent de non. Le refus de l'initiative ""Pas de Suisse à 10 millions!» est plus fort que celui observé pour l'initiative ""pour une immigration modérée» en 2020. La proportion de non à Frick était alors de 58,6 pour cent."
4164,12.1,12.1,87.9,"Gansingen (AG)","Les habitants de Gansingen s'opposent à l'initiative ""Pas de Suisse à 10 millions!» par 87,9 pour cent des voix. Le refus de l'initiative ""Pas de Suisse à 10 millions!» est plus fort que celui observé pour l'initiative ""pour une immigration modérée» en 2020. La proportion de non à Gansingen était alors de 50,4 pour cent."
4165,5,5,95,"Gipf-Oberfrick (AG)","Les habitants de Gipf-Oberfrick s'opposent à l'initiative ""Pas de Suisse à 10 millions!» par 95 pour cent des voix. Le refus de l'initiative ""Pas de Suisse à 10 millions!» est plus fort que celui observé pour l'initiative ""pour une immigration modérée» en 2020. La proportion de non à Gipf-Oberfrick était alors de 63 pour cent."
4169,70.7,70.7,29.3,"Kaisten (AG)","L'initiative ""Pas de Suisse à 10 millions!» passe la rampe avec 70,7 pour cent de oui à Kaisten. Avec ce résultat, Kaisten bascule dans le camp du oui. En 2020, la commune avait rejeté l'initiative ""pour une immigration modérée» avec 57,7 pour cent des voix."
4170,83.2,83.2,16.8,"Laufenburg (AG)","A Laufenburg, les habitants disent oui à 83,2 pour cent à l'initiative ""Pas de Suisse à 10 millions!». Avec ce résultat, Laufenburg bascule dans le camp du oui. En 2020, la commune avait rejeté l'initiative ""pour une immigration modérée» avec 61,3 pour cent des voix."
4172,54.2,54.2,45.8,"Münchwilen (AG)","La population de Münchwilen (AG) approuve à 54,2 pour cent l'initiative ""Pas de Suisse à 10 millions!». Avec ce résultat, Münchwilen (AG) bascule dans le camp du oui. En 2020, la commune avait rejeté l'initiative ""pour une immigration modérée» avec 52,9 pour cent des voix."
4173,61.2,61.2,38.8,"Oberhof (AG)","L'initiative ""Pas de Suisse à 10 millions!» passe la rampe avec 61,2 pour cent de oui à Oberhof. Avec ce résultat, Oberhof bascule dans le camp du oui. En 2020, la commune avait rejeté l'initiative ""pour une immigration modérée» avec 51,5 pour cent des voix."
4175,89.3,89.3,10.7,"Oeschgen (AG)","A Oeschgen, les habitants disent oui à 89,3 pour cent à l'initiative ""Pas de Suisse à 10 millions!». Avec ce résultat, Oeschgen bascule dans le camp du oui. En 2020, la commune avait rejeté l'initiative ""pour une immigration modérée» avec 53,4 pour cent des voix."
4176,88.6,88.6,11.4,"Schwaderloch (AG)","La population de Schwaderloch approuve à 88,6 pour cent l'initiative ""Pas de Suisse à 10 millions!». Le soutien à l'initiative ""Pas de Suisse à 10 millions!» a augmenté à Schwaderloch par rapport à l'initiative ""pour une immigration modérée» soumise au vote en 2020. Lors de cette votation, 60,4 pour cent des habitants de la commune avaient accepté ce texte."
4177,41.2,41.2,58.8,"Sisseln (AG)","Les habitants de Sisseln s'opposent à l'initiative ""Pas de Suisse à 10 millions!» par 58,8 pour cent des voix. En cinq ans, la commune a ainsi changé de camp sur la question de la limitation de l'immigration. Sisseln avait rejeté l'initiative ""pour une immigration modérée» à 45,2 pour cent en 2020."
4181,2.1,2.1,97.9,"Wittnau (AG)","L'initiative ""Pas de Suisse à 10 millions!» est refusée à 97,9 pour cent à Wittnau. Le refus de l'initiative ""Pas de Suisse à 10 millions!» est plus fort que celui observé pour l'initiative ""pour une immigration modérée» en 2020. La proportion de non à Wittnau était alors de 54,6 pour cent."
4182,20.2,20.2,79.8,"Wölflinswil (AG)","Les habitants de Wölflinswil s'opposent à l'initiative ""Pas de Suisse à 10 millions!» par 79,8 pour cent des voix. En cinq ans, la commune a ainsi changé de camp sur la question de la limitation de l'immigration. Wölflinswil avait rejeté l'initiative ""pour une immigration modérée» à 45,8 pour cent en 2020."
4183,55.9,55.9,44.1,"Zeihen (AG)","A Zeihen, les habitants disent oui à 55,9 pour cent à l'initiative ""Pas de Suisse à 10 millions!». Le soutien à l'initiative ""Pas de Suisse à 10 millions!» a augmenté à Zeihen par rapport à l'initiative ""pour une immigration modérée» soumise au vote en 2020. Lors de cette votation, 50,7 pour cent des habitants de la commune avaient accepté ce texte."
4184,51.7,51.7,48.3,"Mettauertal (AG)","Mettauertal dit oui à 51,7 pour cent à l'initiative ""Pas de Suisse à 10 millions!». Les avis restent ainsi stables sur la question de l'immigration à Mettauertal. En 2020, la commune avait déjà voté oui à 51,9 pour cent à l'initiative ""pour une immigration modérée»."
4185,72.5,72.5,27.5,"Böztal (AG)","Böztal dit oui à 72,5 pour cent à l'initiative ""Pas de Suisse à 10 millions!». Avec ce résultat, Böztal bascule dans le camp du oui. En 2020, la commune avait rejeté l'initiative ""pour une immigration modérée» avec 50,4 pour cent des voix."
4186,61.2,61.2,38.8,"Herznach-Ueken (AG)","A Herznach-Ueken, les habitants disent oui à 61,2 pour cent à l'initiative ""Pas de Suisse à 10 millions!». Avec ce résultat, Herznach-Ueken bascule dans le camp du oui. En 2020, la commune avait rejeté l'initiative ""pour une immigration modérée» avec 50,2 pour cent des voix."
4191,37.3,37.3,62.7,"Ammerswil (AG)","L'initiative ""Pas de Suisse à 10 millions!» n'a pas trouvé grâce aux yeux des citoyens d'Ammerswil. Ils ont refusé le texte à 62,7 pour cent. Le refus de l'initiative ""Pas de Suisse à 10 millions!» est plus fort que celui observé pour l'initiative ""pour une immigration modérée» en 2020. La proportion de non à Ammerswil était alors de 55,1 pour cent."
4192,41.6,41.6,58.4,"Boniswil (AG)","La population de Boniswil rejette à 58,4 pour cent des voix l'initiative ""Pas de Suisse à 10 millions!». Le refus de l'initiative ""Pas de Suisse à 10 millions!» est plus fort que celui observé pour l'initiative ""pour une immigration modérée» en 2020. La proportion de non à Boniswil était alors de 50,9 pour cent."
4193,89.2,89.2,10.8,"Brunegg (AG)","La population de Brunegg approuve à 89,2 pour cent l'initiative ""Pas de Suisse à 10 millions!». Le soutien à l'initiative ""Pas de Suisse à 10 millions!» a augmenté à Brunegg par rapport à l'initiative ""pour une immigration modérée» soumise au vote en 2020. Lors de cette votation, 53,5 pour cent des habitants de la commune avaient accepté ce texte."
4194,55.2,55.2,44.8,"Dintikon (AG)","A Dintikon, les habitants disent oui à 55,2 pour cent à l'initiative ""Pas de Suisse à 10 millions!». Les avis restent ainsi stables sur la question de l'immigration à Dintikon. En 2020, la commune avait déjà voté oui à 54,9 pour cent à l'initiative ""pour une immigration modérée»."
4195,28.8,28.8,71.2,"Egliswil (AG)","L'initiative ""Pas de Suisse à 10 millions!» est refusée à 71,2 pour cent à Egliswil. Le refus de l'initiative ""Pas de Suisse à 10 millions!» est plus fort que celui observé pour l'initiative ""pour une immigration modérée» en 2020. La proportion de non à Egliswil était alors de 53,6 pour cent."
4196,51.6,51.6,48.4,"Fahrwangen (AG)","L'initiative ""Pas de Suisse à 10 millions!» est approuvée à Fahrwangen par 51,6 pour cent des votants. Avec ce résultat, Fahrwangen bascule dans le camp du oui. En 2020, la commune avait rejeté l'initiative ""pour une immigration modérée» avec 50,7 pour cent des voix."
4197,46.4,46.4,53.6,"Hallwil (AG)","L'initiative ""Pas de Suisse à 10 millions!» n'a pas convaincu à Hallwil. Les citoyens de la commune ont refusé le texte à 53,6 pour cent. En cinq ans, la commune a ainsi changé de camp sur la question de la limitation de l'immigration. Hallwil avait rejeté l'initiative ""pour une immigration modérée» à 40,5 pour cent en 2020."
4198,68.6,68.6,31.4,"Hendschiken (AG)","L'initiative ""Pas de Suisse à 10 millions!» passe la rampe avec 68,6 pour cent de oui à Hendschiken. Avec ce résultat, Hendschiken bascule dans le camp du oui. En 2020, la commune avait rejeté l'initiative ""pour une immigration modérée» avec 50,1 pour cent des voix."
4199,33.8,33.8,66.2,"Holderbank (AG)","Les habitants de Holderbank (AG) s'opposent à l'initiative ""Pas de Suisse à 10 millions!» par 66,2 pour cent des voix. En cinq ans, la commune a ainsi changé de camp sur la question de la limitation de l'immigration. Holderbank (AG) avait rejeté l'initiative ""pour une immigration modérée» à 36,9 pour cent en 2020."
4200,87.3,87.3,12.7,"Hunzenschwil (AG)","A Hunzenschwil, les habitants disent oui à 87,3 pour cent à l'initiative ""Pas de Suisse à 10 millions!». Le soutien à l'initiative ""Pas de Suisse à 10 millions!» a augmenté à Hunzenschwil par rapport à l'initiative ""pour une immigration modérée» soumise au vote en 2020. Lors de cette votation, 54,6 pour cent des habitants de la commune avaient accepté ce texte."
4201,36.3,36.3,63.7,"Lenzburg (AG)","L'initiative ""Pas de Suisse à 10 millions!» est refusée à 63,7 pour cent à Lenzburg. Le rejet de l'initiative est toutefois moins marqué que celui enregistré lors de la votation sur l'initiative ""pour une immigration modérée» en 2020. Les habitants de Lenzburg avaient alors dit non à 71,2 pour cent."
4202,64.8,64.8,35.2,"Meisterschwanden (AG)","La population de Meisterschwanden approuve à 64,8 pour cent l'initiative ""Pas de Suisse à 10 millions!». Avec ce résultat, Meisterschwanden bascule dans le camp du oui. En 2020, la commune avait rejeté l'initiative ""pour une immigration modérée» avec 50,2 pour cent des voix."
4203,14.9,14.9,85.1,"Möriken-Wildegg (AG)","La population de Möriken-Wildegg rejette à 85,1 pour cent des voix l'initiative ""Pas de Suisse à 10 millions!». Le refus de l'initiative ""Pas de Suisse à 10 millions!» est plus fort que celui observé pour l'initiative ""pour une immigration modérée» en 2020. La proportion de non à Möriken-Wildegg était alors de 55,9 pour cent."
4204,5.9,5.9,94.1,"Niederlenz (AG)","L'initiative ""Pas de Suisse à 10 millions!» n'a pas convaincu à Niederlenz. Les citoyens de la commune ont refusé le texte à 94,1 pour cent. Le refus de l'initiative ""Pas de Suisse à 10 millions!» est plus fort que celui observé pour l'initiative ""pour une immigration modérée» en 2020. La proportion de non à Niederlenz était alors de 62,2 pour cent."
4205,70.5,70.5,29.5,"Othmarsingen (AG)","Les habitants d'Othmarsingen soutiennent à 70,5 pour cent l'initiative ""Pas de Suisse à 10 millions!». Avec ce résultat, Othmarsingen bascule dans le camp du oui. En 2020, la commune avait rejeté l'initiative ""pour une immigration modérée» avec 51,1 pour cent des voix."
4206,63.3,63.3,36.7,"Rupperswil (AG)","La population de Rupperswil approuve à 63,3 pour cent l'initiative ""Pas de Suisse à 10 millions!». Avec ce résultat, Rupperswil bascule dans le camp du oui. En 2020, la commune avait rejeté l'initiative ""pour une immigration modérée» avec 52,1 pour cent des voix."
4207,13.1,13.1,86.9,"Schafisheim (AG)","L'initiative ""Pas de Suisse à 10 millions!» n'a pas trouvé grâce aux yeux des citoyens de Schafisheim. Ils ont refusé le texte à 86,9 pour cent. Le refus de l'initiative ""Pas de Suisse à 10 millions!» est plus fort que celui observé pour l'initiative ""pour une immigration modérée» en 2020. La proportion de non à Schafisheim était alors de 53 pour cent."
4208,49.1,49.1,50.9,"Seengen (AG)","L'initiative ""Pas de Suisse à 10 millions!» est refusée à 50,9 pour cent à Seengen. Le rejet de l'initiative est toutefois moins marqué que celui enregistré lors de la votation sur l'initiative ""pour une immigration modérée» en 2020. Les habitants de Seengen avaient alors dit non à 52,8 pour cent."
4209,51.2,51.2,48.8,"Seon (AG)","Les habitants de Seon acceptent à 51,2 pour cent l'initiative ""Pas de Suisse à 10 millions!». Les avis restent ainsi stables sur la question de l'immigration à Seon. En 2020, la commune avait déjà voté oui à 50,6 pour cent à l'initiative ""pour une immigration modérée»."
4210,96.8,96.8,3.2,"Staufen (AG)","L'initiative ""Pas de Suisse à 10 millions!» passe la rampe avec 96,8 pour cent de oui à Staufen. Avec ce résultat, Staufen bascule dans le camp du oui. En 2020, la commune avait rejeté l'initiative ""pour une immigration modérée» avec 62,7 pour cent des voix."
4221,73.4,73.4,26.6,"Abtwil (AG)","Les habitants d'Abtwil acceptent à 73,4 pour cent l'initiative ""Pas de Suisse à 10 millions!». Le soutien à l'initiative ""Pas de Suisse à 10 millions!» a augmenté à Abtwil par rapport à l'initiative ""pour une immigration modérée» soumise au vote en 2020. Lors de cette votation, 50,6 pour cent des habitants de la commune avaient accepté ce texte."
4222,4.1,4.1,95.9,"Aristau (AG)","Les habitants d'Aristau s'opposent à l'initiative ""Pas de Suisse à 10 millions!» par 95,9 pour cent des voix. Le refus de l'initiative ""Pas de Suisse à 10 millions!» est plus fort que celui observé pour l'initiative ""pour une immigration modérée» en 2020. La proportion de non à Aristau était alors de 50,9 pour cent."
4223,28.2,28.2,71.8,"Auw (AG)","L'initiative ""Pas de Suisse à 10 millions!» est refusée à 71,8 pour cent à Auw. En cinq ans, la commune a ainsi changé de camp sur la question de la limitation de l'immigration. Auw avait rejeté l'initiative ""pour une immigration modérée» à 48,8 pour cent en 2020."
4224,58.3,58.3,41.7,"Beinwil (Freiamt) (AG)","L'initiative ""Pas de Suisse à 10 millions!» passe la rampe avec 58,3 pour cent de oui à Beinwil (Freiamt). Le soutien à l'initiative ""Pas de Suisse à 10 millions!» a augmenté à Beinwil (Freiamt) par rapport à l'initiative ""pour une immigration modérée» soumise au vote en 2020. Lors de cette votation, 53,7 pour cent des habitants de la commune avaient accepté ce texte."
4226,68.4,68.4,31.6,"Besenbüren (AG)","Besenbüren dit oui à 68,4 pour cent à l'initiative ""Pas de Suisse à 10 millions!». Avec ce résultat, Besenbüren bascule dans le camp du oui. En 2020, la commune avait rejeté l'initiative ""pour une immigration modérée» avec 52,2 pour cent des voix."
4227,88.4,88.4,11.6,"Bettwil (AG)","Les habitants de Bettwil acceptent à 88,4 pour cent l'initiative ""Pas de Suisse à 10 millions!». Le soutien à l'initiative ""Pas de Suisse à 10 millions!» a augmenté à Bettwil par rapport à l'initiative ""pour une immigration modérée» soumise au vote en 2020. Lors de cette votation, 52,9 pour cent des habitants de la commune avaient accepté ce texte."
4228,98,98,2,"Boswil (AG)","L'initiative ""Pas de Suisse à 10 millions!» passe la rampe avec 98 pour cent de oui à Boswil. Le soutien à l'initiative ""Pas de Suisse à 10 millions!» a augmenté à Boswil par rapport à l'initiative ""pour une immigration modérée» soumise au vote en 2020. Lors de cette votation, 52,1 pour cent des habitants de la commune avaient accepté ce texte."
4229,46.6,46.6,53.4,"Bünzen (AG)","La population de Bünzen rejette à 53,4 pour cent des voix l'initiative ""Pas de Suisse à 10 millions!». En cinq ans, la commune a ainsi changé de camp sur la question de la limitation de l'immigration. Bünzen avait rejeté l'initiative ""pour une immigration modérée» à 47 pour cent en 2020."
4230,28.5,28.5,71.5,"Buttwil (AG)","A Buttwil, les citoyens rejettent à 71,5 pour cent l'initiative ""Pas de Suisse à 10 millions!». Le refus de l'initiative ""Pas de Suisse à 10 millions!» est plus fort que celui observé pour l'initiative ""pour une immigration modérée» en 2020. La proportion de non à Buttwil était alors de 55,3 pour cent."
4231,66.4,66.4,33.6,"Dietwil (AG)","Les habitants de Dietwil acceptent à 66,4 pour cent l'initiative ""Pas de Suisse à 10 millions!». Le soutien à l'initiative ""Pas de Suisse à 10 millions!» a augmenté à Dietwil par rapport à l'initiative ""pour une immigration modérée» soumise au vote en 2020. Lors de cette votation, 55,9 pour cent des habitants de la commune avaient accepté ce texte."
4232,31.2,31.2,68.8,"Geltwil (AG)","L'initiative ""Pas de Suisse à 10 millions!» est refusée à 68,8 pour cent à Geltwil. Le refus de l'initiative ""Pas de Suisse à 10 millions!» est plus fort que celui observé pour l'initiative ""pour une immigration modérée» en 2020. La proportion de non à Geltwil était alors de 52 pour cent."
4233,68.5,68.5,31.5,"Kallern (AG)","A Kallern, les habitants disent oui à 68,5 pour cent à l'initiative ""Pas de Suisse à 10 millions!». Le soutien à l'initiative ""Pas de Suisse à 10 millions!» a augmenté à Kallern par rapport à l'initiative ""pour une immigration modérée» soumise au vote en 2020. Lors de cette votation, 58 pour cent des habitants de la commune avaient accepté ce texte."
4234,48.4,48.4,51.6,"Merenschwand (AG)","La population de Merenschwand rejette à 51,6 pour cent des voix l'initiative ""Pas de Suisse à 10 millions!». Le rejet de l'initiative est toutefois moins marqué que celui enregistré lors de la votation sur l'initiative ""pour une immigration modérée» en 2020. Les habitants de Merenschwand avaient alors dit non à 54,3 pour cent."
4235,99.1,99.1,0.9,"Mühlau (AG)","Les habitants de Mühlau soutiennent à 99,1 pour cent l'initiative ""Pas de Suisse à 10 millions!». Le soutien à l'initiative ""Pas de Suisse à 10 millions!» a augmenté à Mühlau par rapport à l'initiative ""pour une immigration modérée» soumise au vote en 2020. Lors de cette votation, 51,9 pour cent des habitants de la commune avaient accepté ce texte."
4236,22.9,22.9,77.1,"Muri (AG)","L'initiative ""Pas de Suisse à 10 millions!» est refusée à 77,1 pour cent à Muri (AG). Le refus de l'initiative ""Pas de Suisse à 10 millions!» est plus fort que celui observé pour l'initiative ""pour une immigration modérée» en 2020. La proportion de non à Muri (AG) était alors de 58,8 pour cent."
4237,82.4,82.4,17.6,"Oberrüti (AG)","Oberrüti dit oui à 82,4 pour cent à l'initiative ""Pas de Suisse à 10 millions!». Avec ce résultat, Oberrüti bascule dans le camp du oui. En 2020, la commune avait rejeté l'initiative ""pour une immigration modérée» avec 57 pour cent des voix."
4238,46.2,46.2,53.8,"Rottenschwil (AG)","A Rottenschwil, les citoyens rejettent à 53,8 pour cent l'initiative ""Pas de Suisse à 10 millions!». En cinq ans, la commune a ainsi changé de camp sur la question de la limitation de l'immigration. Rottenschwil avait rejeté l'initiative ""pour une immigration modérée» à 45,1 pour cent en 2020."
4239,56.2,56.2,43.8,"Sins (AG)","Sins dit oui à 56,2 pour cent à l'initiative ""Pas de Suisse à 10 millions!». Avec ce résultat, Sins bascule dans le camp du oui. En 2020, la commune avait rejeté l'initiative ""pour une immigration modérée» avec 53,4 pour cent des voix."
4240,58.2,58.2,41.8,"Waltenschwil (AG)","A Waltenschwil, les habitants disent oui à 58,2 pour cent à l'initiative ""Pas de Suisse à 10 millions!». Avec ce résultat, Waltenschwil bascule dans le camp du oui. En 2020, la commune avait rejeté l'initiative ""pour une immigration modérée» avec 51 pour cent des voix."
4251,96.1,96.1,3.9,"Hellikon (AG)","Hellikon dit oui à 96,1 pour cent à l'initiative ""Pas de Suisse à 10 millions!». Le soutien à l'initiative ""Pas de Suisse à 10 millions!» a augmenté à Hellikon par rapport à l'initiative ""pour une immigration modérée» soumise au vote en 2020. Lors de cette votation, 58,6 pour cent des habitants de la commune avaient accepté ce texte."
4252,55.8,55.8,44.2,"Kaiseraugst (AG)","La population de Kaiseraugst approuve à 55,8 pour cent l'initiative ""Pas de Suisse à 10 millions!». Avec ce résultat, Kaiseraugst bascule dans le camp du oui. En 2020, la commune avait rejeté l'initiative ""pour une immigration modérée» avec 57,6 pour cent des voix."
4253,39.9,39.9,60.1,"Magden (AG)","L'initiative ""Pas de Suisse à 10 millions!» n'a pas trouvé grâce aux yeux des citoyens de Magden. Ils ont refusé le texte à 60,1 pour cent. Le rejet de l'initiative est toutefois moins marqué que celui enregistré lors de la votation sur l'initiative ""pour une immigration modérée» en 2020. Les habitants de Magden avaient alors dit non à 63,6 pour cent."
4254,79.6,79.6,20.4,"Möhlin (AG)","Les habitants de Möhlin acceptent à 79,6 pour cent l'initiative ""Pas de Suisse à 10 millions!». Avec ce résultat, Möhlin bascule dans le camp du oui. En 2020, la commune avait rejeté l'initiative ""pour une immigration modérée» avec 56,9 pour cent des voix."
4255,61.9,61.9,38.1,"Mumpf (AG)","A Mumpf, les habitants disent oui à 61,9 pour cent à l'initiative ""Pas de Suisse à 10 millions!». Avec ce résultat, Mumpf bascule dans le camp du oui. En 2020, la commune avait rejeté l'initiative ""pour une immigration modérée» avec 50,2 pour cent des voix."
4256,4.8,4.8,95.2,"Obermumpf (AG)","Les habitants d'Obermumpf s'opposent à l'initiative ""Pas de Suisse à 10 millions!» par 95,2 pour cent des voix. Le refus de l'initiative ""Pas de Suisse à 10 millions!» est plus fort que celui observé pour l'initiative ""pour une immigration modérée» en 2020. La proportion de non à Obermumpf était alors de 55,5 pour cent."
4257,71.6,71.6,28.4,"Olsberg (AG)","La population d'Olsberg approuve à 71,6 pour cent l'initiative ""Pas de Suisse à 10 millions!». Avec ce résultat, Olsberg bascule dans le camp du oui. En 2020, la commune avait rejeté l'initiative ""pour une immigration modérée» avec 60,3 pour cent des voix."
4258,27.3,27.3,72.7,"Rheinfelden (AG)","C'est non à l'initiative ""Pas de Suisse à 10 millions!» à Rheinfelden. Les habitants ont refusé le texte à 72,7 pour cent. Le refus de l'initiative ""Pas de Suisse à 10 millions!» est plus fort que celui observé pour l'initiative ""pour une immigration modérée» en 2020. La proportion de non à Rheinfelden était alors de 65,5 pour cent."
4259,72,72,28,"Schupfart (AG)","Schupfart dit oui à 72 pour cent à l'initiative ""Pas de Suisse à 10 millions!». Avec ce résultat, Schupfart bascule dans le camp du oui. En 2020, la commune avait rejeté l'initiative ""pour une immigration modérée» avec 52,1 pour cent des voix."
4260,4.3,4.3,95.7,"Stein (AG)","L'initiative ""Pas de Suisse à 10 millions!» est refusée à 95,7 pour cent à Stein (AG). Le refus de l'initiative ""Pas de Suisse à 10 millions!» est plus fort que celui observé pour l'initiative ""pour une immigration modérée» en 2020. La proportion de non à Stein (AG) était alors de 56,2 pour cent."
4261,42.8,42.8,57.2,"Wallbach (AG)","Les habitants de Wallbach s'opposent à l'initiative ""Pas de Suisse à 10 millions!» par 57,2 pour cent des voix. Le résultat a peu changé par rapport au vote sur l'initiative ""pour une immigration modérée» en 2020. Wallbach avait alors dit non à 57,5 pour cent."
4262,92.7,92.7,7.3,"Wegenstetten (AG)","L'initiative ""Pas de Suisse à 10 millions!» est approuvée à Wegenstetten par 92,7 pour cent des votants. Le soutien à l'initiative ""Pas de Suisse à 10 millions!» a augmenté à Wegenstetten par rapport à l'initiative ""pour une immigration modérée» soumise au vote en 2020. Lors de cette votation, 50,7 pour cent des habitants de la commune avaient accepté ce texte."
4263,36.6,36.6,63.4,"Zeiningen (AG)","L'initiative ""Pas de Suisse à 10 millions!» n'a pas convaincu à Zeiningen. Les citoyens de la commune ont refusé le texte à 63,4 pour cent. Le résultat a peu changé par rapport au vote sur l'initiative ""pour une immigration modérée» en 2020. Zeiningen avait alors dit non à 62,8 pour cent."
4264,49.2,49.2,50.8,"Zuzgen (AG)","L'initiative ""Pas de Suisse à 10 millions!» n'a pas trouvé grâce aux yeux des citoyens de Zuzgen. Ils ont refusé le texte à 50,8 pour cent. Le rejet de l'initiative est toutefois moins marqué que celui enregistré lors de la votation sur l'initiative ""pour une immigration modérée» en 2020. Les habitants de Zuzgen avaient alors dit non à 56,6 pour cent."
4271,48.7,48.7,51.3,"Aarburg (AG)","L'initiative ""Pas de Suisse à 10 millions!» n'a pas trouvé grâce aux yeux des citoyens d'Aarburg. Ils ont refusé le texte à 51,3 pour cent. Le rejet de l'initiative est toutefois moins marqué que celui enregistré lors de la votation sur l'initiative ""pour une immigration modérée» en 2020. Les habitants d'Aarburg avaient alors dit non à 54,1 pour cent."
4273,11.2,11.2,88.8,"Bottenwil (AG)","A Bottenwil, les citoyens rejettent à 88,8 pour cent l'initiative ""Pas de Suisse à 10 millions!». Le refus de l'initiative ""Pas de Suisse à 10 millions!» est plus fort que celui observé pour l'initiative ""pour une immigration modérée» en 2020. La proportion de non à Bottenwil était alors de 53,4 pour cent."
4274,48.9,48.9,51.1,"Brittnau (AG)","L'initiative ""Pas de Suisse à 10 millions!» n'a pas trouvé grâce aux yeux des citoyens de Brittnau. Ils ont refusé le texte à 51,1 pour cent. En cinq ans, la commune a ainsi changé de camp sur la question de la limitation de l'immigration. Brittnau avait rejeté l'initiative ""pour une immigration modérée» à 49,9 pour cent en 2020."
4275,6.7,6.7,93.3,"Kirchleerau (AG)","L'initiative ""Pas de Suisse à 10 millions!» n'a pas convaincu à Kirchleerau. Les citoyens de la commune ont refusé le texte à 93,3 pour cent. En cinq ans, la commune a ainsi changé de camp sur la question de la limitation de l'immigration. Kirchleerau avait rejeté l'initiative ""pour une immigration modérée» à 35,6 pour cent en 2020."
4276,80.1,80.1,19.9,"Kölliken (AG)","Les habitants de Kölliken soutiennent à 80,1 pour cent l'initiative ""Pas de Suisse à 10 millions!». Le soutien à l'initiative ""Pas de Suisse à 10 millions!» a augmenté à Kölliken par rapport à l'initiative ""pour une immigration modérée» soumise au vote en 2020. Lors de cette votation, 50,3 pour cent des habitants de la commune avaient accepté ce texte."
4277,1.9,1.9,98.1,"Moosleerau (AG)","L'initiative ""Pas de Suisse à 10 millions!» est refusée à 98,1 pour cent à Moosleerau. En cinq ans, la commune a ainsi changé de camp sur la question de la limitation de l'immigration. Moosleerau avait rejeté l'initiative ""pour une immigration modérée» à 40,1 pour cent en 2020."
4279,78.4,78.4,21.6,"Murgenthal (AG)","Murgenthal dit oui à 78,4 pour cent à l'initiative ""Pas de Suisse à 10 millions!». Le soutien à l'initiative ""Pas de Suisse à 10 millions!» a augmenté à Murgenthal par rapport à l'initiative ""pour une immigration modérée» soumise au vote en 2020. Lors de cette votation, 56,1 pour cent des habitants de la commune avaient accepté ce texte."
4280,73.4,73.4,26.6,"Oftringen (AG)","Les habitants d'Oftringen acceptent à 73,4 pour cent l'initiative ""Pas de Suisse à 10 millions!». Avec ce résultat, Oftringen bascule dans le camp du oui. En 2020, la commune avait rejeté l'initiative ""pour une immigration modérée» avec 53,4 pour cent des voix."
4281,12,12,88,"Reitnau (AG)","L'initiative ""Pas de Suisse à 10 millions!» n'a pas trouvé grâce aux yeux des citoyens de Reitnau. Ils ont refusé le texte à 88 pour cent. En cinq ans, la commune a ainsi changé de camp sur la question de la limitation de l'immigration. Reitnau avait rejeté l'initiative ""pour une immigration modérée» à 36,6 pour cent en 2020."
4282,75.1,75.1,24.9,"Rothrist (AG)","La population de Rothrist approuve à 75,1 pour cent l'initiative ""Pas de Suisse à 10 millions!». Le soutien à l'initiative ""Pas de Suisse à 10 millions!» a augmenté à Rothrist par rapport à l'initiative ""pour une immigration modérée» soumise au vote en 2020. Lors de cette votation, 54 pour cent des habitants de la commune avaient accepté ce texte."
4283,18,18,82,"Safenwil (AG)","L'initiative ""Pas de Suisse à 10 millions!» n'a pas trouvé grâce aux yeux des citoyens de Safenwil. Ils ont refusé le texte à 82 pour cent. En cinq ans, la commune a ainsi changé de camp sur la question de la limitation de l'immigration. Safenwil avait rejeté l'initiative ""pour une immigration modérée» à 44,4 pour cent en 2020."
4284,17.3,17.3,82.7,"Staffelbach (AG)","L'initiative ""Pas de Suisse à 10 millions!» n'a pas convaincu à Staffelbach. Les citoyens de la commune ont refusé le texte à 82,7 pour cent. En cinq ans, la commune a ainsi changé de camp sur la question de la limitation de l'immigration. Staffelbach avait rejeté l'initiative ""pour une immigration modérée» à 38,3 pour cent en 2020."
4285,76.6,76.6,23.4,"Strengelbach (AG)","L'initiative ""Pas de Suisse à 10 millions!» passe la rampe avec 76,6 pour cent de oui à Strengelbach. Avec ce résultat, Strengelbach bascule dans le camp du oui. En 2020, la commune avait rejeté l'initiative ""pour une immigration modérée» avec 54,1 pour cent des voix."
4286,26.5,26.5,73.5,"Uerkheim (AG)","L'initiative ""Pas de Suisse à 10 millions!» n'a pas trouvé grâce aux yeux des citoyens d'Uerkheim. Ils ont refusé le texte à 73,5 pour cent. En cinq ans, la commune a ainsi changé de camp sur la question de la limitation de l'immigration. Uerkheim avait rejeté l'initiative ""pour une immigration modérée» à 38,2 pour cent en 2020."
4287,51.4,51.4,48.6,"Vordemwald (AG)","Les habitants de Vordemwald soutiennent à 51,4 pour cent l'initiative ""Pas de Suisse à 10 millions!». Le soutien à l'initiative ""Pas de Suisse à 10 millions!» est toutefois moins marqué que celui obtenu par l'initiative ""pour une immigration modérée» en 2020. Les habitants de Vordemwald avaient alors dit oui à 53,1 pour cent."
4288,62.3,62.3,37.7,"Wiliberg (AG)","A Wiliberg, les habitants disent oui à 62,3 pour cent à l'initiative ""Pas de Suisse à 10 millions!». Le soutien à l'initiative ""Pas de Suisse à 10 millions!» est toutefois moins marqué que celui obtenu par l'initiative ""pour une immigration modérée» en 2020. Les habitants de Wiliberg avaient alors dit oui à 65,7 pour cent."
4289,57.3,57.3,42.7,"Zofingue (AG)","A Zofingue, les habitants disent oui à 57,3 pour cent à l'initiative ""Pas de Suisse à 10 millions!». Avec ce résultat, Zofingue bascule dans le camp du oui. En 2020, la commune avait rejeté l'initiative ""pour une immigration modérée» avec 66,9 pour cent des voix."
4303,38.7,38.7,61.3,"Böttstein (AG)","La population de Böttstein rejette à 61,3 pour cent des voix l'initiative ""Pas de Suisse à 10 millions!». En cinq ans, la commune a ainsi changé de camp sur la question de la limitation de l'immigration. Böttstein avait rejeté l'initiative ""pour une immigration modérée» à 46,6 pour cent en 2020."
4304,50.5,50.5,49.5,"Döttingen (AG)","Les habitants de Döttingen soutiennent à 50,5 pour cent l'initiative ""Pas de Suisse à 10 millions!». Avec ce résultat, Döttingen bascule dans le camp du oui. En 2020, la commune avait rejeté l'initiative ""pour une immigration modérée» avec 52,7 pour cent des voix."
4305,54.1,54.1,45.9,"Endingen (AG)","L'initiative ""Pas de Suisse à 10 millions!» passe la rampe avec 54,1 pour cent de oui à Endingen. Avec ce résultat, Endingen bascule dans le camp du oui. En 2020, la commune avait rejeté l'initiative ""pour une immigration modérée» avec 57,5 pour cent des voix."
4306,37.5,37.5,62.5,"Fisibach (AG)","Les habitants de Fisibach s'opposent à l'initiative ""Pas de Suisse à 10 millions!» par 62,5 pour cent des voix. En cinq ans, la commune a ainsi changé de camp sur la question de la limitation de l'immigration. Fisibach avait rejeté l'initiative ""pour une immigration modérée» à 38,1 pour cent en 2020."
4307,43.1,43.1,56.9,"Full-Reuenthal (AG)","C'est non à l'initiative ""Pas de Suisse à 10 millions!» à Full-Reuenthal. Les habitants ont refusé le texte à 56,9 pour cent. En cinq ans, la commune a ainsi changé de camp sur la question de la limitation de l'immigration. Full-Reuenthal avait rejeté l'initiative ""pour une immigration modérée» à 45,7 pour cent en 2020."
4309,38.6,38.6,61.4,"Klingnau (AG)","C'est non à l'initiative ""Pas de Suisse à 10 millions!» à Klingnau. Les habitants ont refusé le texte à 61,4 pour cent. Le refus de l'initiative ""Pas de Suisse à 10 millions!» est plus fort que celui observé pour l'initiative ""pour une immigration modérée» en 2020. La proportion de non à Klingnau était alors de 55,2 pour cent."
4310,44.5,44.5,55.5,"Koblenz (AG)","La population de Koblenz rejette à 55,5 pour cent des voix l'initiative ""Pas de Suisse à 10 millions!». En cinq ans, la commune a ainsi changé de camp sur la question de la limitation de l'immigration. Koblenz avait rejeté l'initiative ""pour une immigration modérée» à 48,2 pour cent en 2020."
4311,20.5,20.5,79.5,"Leibstadt (AG)","L'initiative ""Pas de Suisse à 10 millions!» est refusée à 79,5 pour cent à Leibstadt. En cinq ans, la commune a ainsi changé de camp sur la question de la limitation de l'immigration. Leibstadt avait rejeté l'initiative ""pour une immigration modérée» à 37,1 pour cent en 2020."
4312,79.7,79.7,20.3,"Lengnau (AG)","L'initiative ""Pas de Suisse à 10 millions!» est approuvée à Lengnau (AG) par 79,7 pour cent des votants. Avec ce résultat, Lengnau (AG) bascule dans le camp du oui. En 2020, la commune avait rejeté l'initiative ""pour une immigration modérée» avec 51,9 pour cent des voix."
4313,95.9,95.9,4.1,"Leuggern (AG)","Leuggern dit oui à 95,9 pour cent à l'initiative ""Pas de Suisse à 10 millions!». Le soutien à l'initiative ""Pas de Suisse à 10 millions!» a augmenté à Leuggern par rapport à l'initiative ""pour une immigration modérée» soumise au vote en 2020. Lors de cette votation, 56 pour cent des habitants de la commune avaient accepté ce texte."
4314,88.9,88.9,11.1,"Mellikon (AG)","Les habitants de Mellikon soutiennent à 88,9 pour cent l'initiative ""Pas de Suisse à 10 millions!». Avec ce résultat, Mellikon bascule dans le camp du oui. En 2020, la commune avait rejeté l'initiative ""pour une immigration modérée» avec 58,9 pour cent des voix."
4318,96.5,96.5,3.5,"Schneisingen (AG)","A Schneisingen, les habitants disent oui à 96,5 pour cent à l'initiative ""Pas de Suisse à 10 millions!». Avec ce résultat, Schneisingen bascule dans le camp du oui. En 2020, la commune avait rejeté l'initiative ""pour une immigration modérée» avec 52,2 pour cent des voix."
4319,51.5,51.5,48.5,"Siglistorf (AG)","L'initiative ""Pas de Suisse à 10 millions!» passe la rampe avec 51,5 pour cent de oui à Siglistorf. Le soutien à l'initiative ""Pas de Suisse à 10 millions!» est toutefois moins marqué que celui obtenu par l'initiative ""pour une immigration modérée» en 2020. Les habitants de Siglistorf avaient alors dit oui à 56,4 pour cent."
4320,58.3,58.3,41.7,"Tegerfelden (AG)","La population de Tegerfelden approuve à 58,3 pour cent l'initiative ""Pas de Suisse à 10 millions!». Avec ce résultat, Tegerfelden bascule dans le camp du oui. En 2020, la commune avait rejeté l'initiative ""pour une immigration modérée» avec 52 pour cent des voix."
4324,16.4,16.4,83.6,"Zurzach (AG)","L'initiative ""Pas de Suisse à 10 millions!» n'a pas convaincu à Zurzach. Les citoyens de la commune ont refusé le texte à 83,6 pour cent. Le refus de l'initiative ""Pas de Suisse à 10 millions!» est plus fort que celui observé pour l'initiative ""pour une immigration modérée» en 2020. La proportion de non à Zurzach était alors de 54,3 pour cent."
4401,86.5,86.5,13.5,"Arbon (TG)","Les habitants d'Arbon soutiennent à 86,5 pour cent l'initiative ""Pas de Suisse à 10 millions!». Avec ce résultat, Arbon bascule dans le camp du oui. En 2020, la commune avait rejeté l'initiative ""pour une immigration modérée» avec 60,4 pour cent des voix."
4406,61.7,61.7,38.3,"Dozwil (TG)","Les habitants de Dozwil soutiennent à 61,7 pour cent l'initiative ""Pas de Suisse à 10 millions!». Le soutien à l'initiative ""Pas de Suisse à 10 millions!» est toutefois moins marqué que celui obtenu par l'initiative ""pour une immigration modérée» en 2020. Les habitants de Dozwil avaient alors dit oui à 63,7 pour cent."
4411,26.4,26.4,73.6,"Egnach (TG)","L'initiative ""Pas de Suisse à 10 millions!» est refusée à 73,6 pour cent à Egnach. Le refus de l'initiative ""Pas de Suisse à 10 millions!» est plus fort que celui observé pour l'initiative ""pour une immigration modérée» en 2020. La proportion de non à Egnach était alors de 53,3 pour cent."
4416,46.8,46.8,53.2,"Hefenhofen (TG)","La population de Hefenhofen rejette à 53,2 pour cent des voix l'initiative ""Pas de Suisse à 10 millions!». Le refus de l'initiative ""Pas de Suisse à 10 millions!» est plus fort que celui observé pour l'initiative ""pour une immigration modérée» en 2020. La proportion de non à Hefenhofen était alors de 50,4 pour cent."
4421,15.2,15.2,84.8,"Horn (TG)","L'initiative ""Pas de Suisse à 10 millions!» est refusée à 84,8 pour cent à Horn. Le refus de l'initiative ""Pas de Suisse à 10 millions!» est plus fort que celui observé pour l'initiative ""pour une immigration modérée» en 2020. La proportion de non à Horn était alors de 60,9 pour cent."
4426,47.3,47.3,52.7,"Kesswil (TG)","L'initiative ""Pas de Suisse à 10 millions!» n'a pas trouvé grâce aux yeux des citoyens de Kesswil. Ils ont refusé le texte à 52,7 pour cent. Le rejet de l'initiative est toutefois moins marqué que celui enregistré lors de la votation sur l'initiative ""pour une immigration modérée» en 2020. Les habitants de Kesswil avaient alors dit non à 61,6 pour cent."
4431,67.5,67.5,32.5,"Roggwil (TG)","L'initiative ""Pas de Suisse à 10 millions!» passe la rampe avec 67,5 pour cent de oui à Roggwil (TG). Avec ce résultat, Roggwil (TG) bascule dans le camp du oui. En 2020, la commune avait rejeté l'initiative ""pour une immigration modérée» avec 55,4 pour cent des voix."
4436,69.2,69.2,30.8,"Romanshorn (TG)","L'initiative ""Pas de Suisse à 10 millions!» passe la rampe avec 69,2 pour cent de oui à Romanshorn. Avec ce résultat, Romanshorn bascule dans le camp du oui. En 2020, la commune avait rejeté l'initiative ""pour une immigration modérée» avec 58,4 pour cent des voix."
4441,61.6,61.6,38.4,"Salmsach (TG)","A Salmsach, les habitants disent oui à 61,6 pour cent à l'initiative ""Pas de Suisse à 10 millions!». Le soutien à l'initiative ""Pas de Suisse à 10 millions!» a augmenté à Salmsach par rapport à l'initiative ""pour une immigration modérée» soumise au vote en 2020. Lors de cette votation, 50,2 pour cent des habitants de la commune avaient accepté ce texte."
4446,14.4,14.4,85.6,"Sommeri (TG)","Les habitants de Sommeri s'opposent à l'initiative ""Pas de Suisse à 10 millions!» par 85,6 pour cent des voix. En cinq ans, la commune a ainsi changé de camp sur la question de la limitation de l'immigration. Sommeri avait rejeté l'initiative ""pour une immigration modérée» à 42,5 pour cent en 2020."
4451,13.2,13.2,86.8,"Uttwil (TG)","C'est non à l'initiative ""Pas de Suisse à 10 millions!» à Uttwil. Les habitants ont refusé le texte à 86,8 pour cent. Le refus de l'initiative ""Pas de Suisse à 10 millions!» est plus fort que celui observé pour l'initiative ""pour une immigration modérée» en 2020. La proportion de non à Uttwil était alors de 51,3 pour cent."
4461,77.5,77.5,22.5,"Amriswil (TG)","La population d'Amriswil approuve à 77,5 pour cent l'initiative ""Pas de Suisse à 10 millions!». Avec ce résultat, Amriswil bascule dans le camp du oui. En 2020, la commune avait rejeté l'initiative ""pour une immigration modérée» avec 52,7 pour cent des voix."
4471,73.2,73.2,26.8,"Bischofszell (TG)","La population de Bischofszell approuve à 73,2 pour cent l'initiative ""Pas de Suisse à 10 millions!». Avec ce résultat, Bischofszell bascule dans le camp du oui. En 2020, la commune avait rejeté l'initiative ""pour une immigration modérée» avec 56 pour cent des voix."
4476,69.1,69.1,30.9,"Erlen (TG)","L'initiative ""Pas de Suisse à 10 millions!» passe la rampe avec 69,1 pour cent de oui à Erlen. Le soutien à l'initiative ""Pas de Suisse à 10 millions!» a augmenté à Erlen par rapport à l'initiative ""pour une immigration modérée» soumise au vote en 2020. Lors de cette votation, 54,5 pour cent des habitants de la commune avaient accepté ce texte."
4486,62.6,62.6,37.4,"Hauptwil-Gottshaus (TG)","Les habitants de Hauptwil-Gottshaus acceptent à 62,6 pour cent l'initiative ""Pas de Suisse à 10 millions!». Le soutien à l'initiative ""Pas de Suisse à 10 millions!» a augmenté à Hauptwil-Gottshaus par rapport à l'initiative ""pour une immigration modérée» soumise au vote en 2020. Lors de cette votation, 56,4 pour cent des habitants de la commune avaient accepté ce texte."
4495,34.7,34.7,65.3,"Hohentannen (TG)","L'initiative ""Pas de Suisse à 10 millions!» est refusée à 65,3 pour cent à Hohentannen. En cinq ans, la commune a ainsi changé de camp sur la question de la limitation de l'immigration. Hohentannen avait rejeté l'initiative ""pour une immigration modérée» à 43 pour cent en 2020."
4501,58.4,58.4,41.6,"Kradolf-Schönenberg (TG)","L'initiative ""Pas de Suisse à 10 millions!» passe la rampe avec 58,4 pour cent de oui à Kradolf-Schönenberg. Le soutien à l'initiative ""Pas de Suisse à 10 millions!» a augmenté à Kradolf-Schönenberg par rapport à l'initiative ""pour une immigration modérée» soumise au vote en 2020. Lors de cette votation, 54,7 pour cent des habitants de la commune avaient accepté ce texte."
4506,79.8,79.8,20.2,"Sulgen (TG)","A Sulgen, les habitants disent oui à 79,8 pour cent à l'initiative ""Pas de Suisse à 10 millions!». Le soutien à l'initiative ""Pas de Suisse à 10 millions!» a augmenté à Sulgen par rapport à l'initiative ""pour une immigration modérée» soumise au vote en 2020. Lors de cette votation, 52,7 pour cent des habitants de la commune avaient accepté ce texte."
4511,19.6,19.6,80.4,"Zihlschlacht-Sitterdorf (TG)","L'initiative ""Pas de Suisse à 10 millions!» n'a pas convaincu à Zihlschlacht-Sitterdorf. Les citoyens de la commune ont refusé le texte à 80,4 pour cent. En cinq ans, la commune a ainsi changé de camp sur la question de la limitation de l'immigration. Zihlschlacht-Sitterdorf avait rejeté l'initiative ""pour une immigration modérée» à 49 pour cent en 2020."
4536,30.2,30.2,69.8,"Basadingen-Schlattingen (TG)","L'initiative ""Pas de Suisse à 10 millions!» n'a pas trouvé grâce aux yeux des citoyens de Basadingen-Schlattingen. Ils ont refusé le texte à 69,8 pour cent. En cinq ans, la commune a ainsi changé de camp sur la question de la limitation de l'immigration. Basadingen-Schlattingen avait rejeté l'initiative ""pour une immigration modérée» à 46,7 pour cent en 2020."
4545,24.9,24.9,75.1,"Diessenhofen (TG)","L'initiative ""Pas de Suisse à 10 millions!» n'a pas convaincu à Diessenhofen. Les citoyens de la commune ont refusé le texte à 75,1 pour cent. Le refus de l'initiative ""Pas de Suisse à 10 millions!» est plus fort que celui observé pour l'initiative ""pour une immigration modérée» en 2020. La proportion de non à Diessenhofen était alors de 55,8 pour cent."
4546,59.7,59.7,40.3,"Schlatt (TG)","A Schlatt (TG), les habitants disent oui à 59,7 pour cent à l'initiative ""Pas de Suisse à 10 millions!». Avec ce résultat, Schlatt (TG) bascule dans le camp du oui. En 2020, la commune avait rejeté l'initiative ""pour une immigration modérée» avec 50,1 pour cent des voix."
4551,64.2,64.2,35.8,"Aadorf (TG)","L'initiative ""Pas de Suisse à 10 millions!» est approuvée à Aadorf par 64,2 pour cent des votants. Avec ce résultat, Aadorf bascule dans le camp du oui. En 2020, la commune avait rejeté l'initiative ""pour une immigration modérée» avec 55,4 pour cent des voix."
4561,51,51,49,"Felben-Wellhausen (TG)","L'initiative ""Pas de Suisse à 10 millions!» est approuvée à Felben-Wellhausen par 51 pour cent des votants. Avec ce résultat, Felben-Wellhausen bascule dans le camp du oui. En 2020, la commune avait rejeté l'initiative ""pour une immigration modérée» avec 52,8 pour cent des voix."
4566,53.6,53.6,46.4,"Frauenfeld (TG)","A Frauenfeld, les habitants disent oui à 53,6 pour cent à l'initiative ""Pas de Suisse à 10 millions!». Avec ce résultat, Frauenfeld bascule dans le camp du oui. En 2020, la commune avait rejeté l'initiative ""pour une immigration modérée» avec 66,6 pour cent des voix."
4571,64.9,64.9,35.1,"Gachnang (TG)","La population de Gachnang approuve à 64,9 pour cent l'initiative ""Pas de Suisse à 10 millions!». Avec ce résultat, Gachnang bascule dans le camp du oui. En 2020, la commune avait rejeté l'initiative ""pour une immigration modérée» avec 57,4 pour cent des voix."
4590,20.6,20.6,79.4,"Hüttlingen (TG)","Les habitants de Hüttlingen s'opposent à l'initiative ""Pas de Suisse à 10 millions!» par 79,4 pour cent des voix. En cinq ans, la commune a ainsi changé de camp sur la question de la limitation de l'immigration. Hüttlingen avait rejeté l'initiative ""pour une immigration modérée» à 48,9 pour cent en 2020."
4591,5.4,5.4,94.6,"Matzingen (TG)","La population de Matzingen rejette à 94,6 pour cent des voix l'initiative ""Pas de Suisse à 10 millions!». Le refus de l'initiative ""Pas de Suisse à 10 millions!» est plus fort que celui observé pour l'initiative ""pour une immigration modérée» en 2020. La proportion de non à Matzingen était alors de 51,6 pour cent."
4601,47.2,47.2,52.8,"Neunforn (TG)","A Neunforn, les citoyens rejettent à 52,8 pour cent l'initiative ""Pas de Suisse à 10 millions!». Le rejet de l'initiative est toutefois moins marqué que celui enregistré lors de la votation sur l'initiative ""pour une immigration modérée» en 2020. Les habitants de Neunforn avaient alors dit non à 54,1 pour cent."
4606,55.8,55.8,44.2,"Stettfurt (TG)","L'initiative ""Pas de Suisse à 10 millions!» est approuvée à Stettfurt par 55,8 pour cent des votants. Avec ce résultat, Stettfurt bascule dans le camp du oui. En 2020, la commune avait rejeté l'initiative ""pour une immigration modérée» avec 61,3 pour cent des voix."
4611,44.4,44.4,55.6,"Thundorf (TG)","A Thundorf, les citoyens rejettent à 55,6 pour cent l'initiative ""Pas de Suisse à 10 millions!». Le rejet de l'initiative est toutefois moins marqué que celui enregistré lors de la votation sur l'initiative ""pour une immigration modérée» en 2020. Les habitants de Thundorf avaient alors dit non à 57 pour cent."
4616,2.7,2.7,97.3,"Uesslingen-Buch (TG)","L'initiative ""Pas de Suisse à 10 millions!» n'a pas convaincu à Uesslingen-Buch. Les citoyens de la commune ont refusé le texte à 97,3 pour cent."
4621,75.6,75.6,24.4,"Warth-Weiningen (TG)","L'initiative ""Pas de Suisse à 10 millions!» est approuvée à Warth-Weiningen par 75,6 pour cent des votants. Avec ce résultat, Warth-Weiningen bascule dans le camp du oui. En 2020, la commune avait rejeté l'initiative ""pour une immigration modérée» avec 51,1 pour cent des voix."
4641,46.7,46.7,53.3,"Altnau (TG)","L'initiative ""Pas de Suisse à 10 millions!» n'a pas convaincu à Altnau. Les citoyens de la commune ont refusé le texte à 53,3 pour cent. Le rejet de l'initiative est toutefois moins marqué que celui enregistré lors de la votation sur l'initiative ""pour une immigration modérée» en 2020. Les habitants d'Altnau avaient alors dit non à 60,4 pour cent."
4643,16.7,16.7,83.3,"Bottighofen (TG)","La population de Bottighofen rejette à 83,3 pour cent des voix l'initiative ""Pas de Suisse à 10 millions!». Le refus de l'initiative ""Pas de Suisse à 10 millions!» est plus fort que celui observé pour l'initiative ""pour une immigration modérée» en 2020. La proportion de non à Bottighofen était alors de 65,8 pour cent."
4646,87.7,87.7,12.3,"Ermatingen (TG)","A Ermatingen, les habitants disent oui à 87,7 pour cent à l'initiative ""Pas de Suisse à 10 millions!». Avec ce résultat, Ermatingen bascule dans le camp du oui. En 2020, la commune avait rejeté l'initiative ""pour une immigration modérée» avec 58,8 pour cent des voix."
4651,89.2,89.2,10.8,"Gottlieben (TG)","L'initiative ""Pas de Suisse à 10 millions!» est approuvée à Gottlieben par 89,2 pour cent des votants. Avec ce résultat, Gottlieben bascule dans le camp du oui. En 2020, la commune avait rejeté l'initiative ""pour une immigration modérée» avec 71,1 pour cent des voix."
4656,57,57,43,"Güttingen (TG)","La population de Güttingen approuve à 57 pour cent l'initiative ""Pas de Suisse à 10 millions!». Avec ce résultat, Güttingen bascule dans le camp du oui. En 2020, la commune avait rejeté l'initiative ""pour une immigration modérée» avec 55,8 pour cent des voix."
4666,63.3,63.3,36.7,"Kemmental (TG)","Kemmental dit oui à 63,3 pour cent à l'initiative ""Pas de Suisse à 10 millions!». Le soutien à l'initiative ""Pas de Suisse à 10 millions!» a augmenté à Kemmental par rapport à l'initiative ""pour une immigration modérée» soumise au vote en 2020. Lors de cette votation, 51 pour cent des habitants de la commune avaient accepté ce texte."
4671,36.2,36.2,63.8,"Kreuzlingen (TG)","La population de Kreuzlingen rejette à 63,8 pour cent des voix l'initiative ""Pas de Suisse à 10 millions!». Le rejet de l'initiative est toutefois moins marqué que celui enregistré lors de la votation sur l'initiative ""pour une immigration modérée» en 2020. Les habitants de Kreuzlingen avaient alors dit non à 66,4 pour cent."
4681,45.5,45.5,54.5,"Langrickenbach (TG)","Les habitants de Langrickenbach s'opposent à l'initiative ""Pas de Suisse à 10 millions!» par 54,5 pour cent des voix. En cinq ans, la commune a ainsi changé de camp sur la question de la limitation de l'immigration. Langrickenbach avait rejeté l'initiative ""pour une immigration modérée» à 45,8 pour cent en 2020."
4683,30.1,30.1,69.9,"Lengwil (TG)","L'initiative ""Pas de Suisse à 10 millions!» n'a pas trouvé grâce aux yeux des citoyens de Lengwil. Ils ont refusé le texte à 69,9 pour cent. Le refus de l'initiative ""Pas de Suisse à 10 millions!» est plus fort que celui observé pour l'initiative ""pour une immigration modérée» en 2020. La proportion de non à Lengwil était alors de 54,9 pour cent."
4691,37.5,37.5,62.5,"Münsterlingen (TG)","C'est non à l'initiative ""Pas de Suisse à 10 millions!» à Münsterlingen. Les habitants ont refusé le texte à 62,5 pour cent. Le refus de l'initiative ""Pas de Suisse à 10 millions!» est plus fort que celui observé pour l'initiative ""pour une immigration modérée» en 2020. La proportion de non à Münsterlingen était alors de 59,3 pour cent."
4696,12.6,12.6,87.4,"Tägerwilen (TG)","La population de Tägerwilen rejette à 87,4 pour cent des voix l'initiative ""Pas de Suisse à 10 millions!». Le refus de l'initiative ""Pas de Suisse à 10 millions!» est plus fort que celui observé pour l'initiative ""pour une immigration modérée» en 2020. La proportion de non à Tägerwilen était alors de 63,4 pour cent."
4701,49.9,49.9,50.1,"Wäldi (TG)","Les habitants de Wäldi s'opposent à l'initiative ""Pas de Suisse à 10 millions!» par 50,1 pour cent des voix. En cinq ans, la commune a ainsi changé de camp sur la question de la limitation de l'immigration. Wäldi avait rejeté l'initiative ""pour une immigration modérée» à 43,6 pour cent en 2020."
4711,46.3,46.3,53.7,"Affeltrangen (TG)","Les habitants d'Affeltrangen s'opposent à l'initiative ""Pas de Suisse à 10 millions!» par 53,7 pour cent des voix. En cinq ans, la commune a ainsi changé de camp sur la question de la limitation de l'immigration. Affeltrangen avait rejeté l'initiative ""pour une immigration modérée» à 40,3 pour cent en 2020."
4716,40.1,40.1,59.9,"Bettwiesen (TG)","La population de Bettwiesen rejette à 59,9 pour cent des voix l'initiative ""Pas de Suisse à 10 millions!». En cinq ans, la commune a ainsi changé de camp sur la question de la limitation de l'immigration. Bettwiesen avait rejeté l'initiative ""pour une immigration modérée» à 41,1 pour cent en 2020."
4721,45.1,45.1,54.9,"Bichelsee-Balterswil (TG)","L'initiative ""Pas de Suisse à 10 millions!» n'a pas convaincu à Bichelsee-Balterswil. Les citoyens de la commune ont refusé le texte à 54,9 pour cent. Le refus de l'initiative ""Pas de Suisse à 10 millions!» est plus fort que celui observé pour l'initiative ""pour une immigration modérée» en 2020. La proportion de non à Bichelsee-Balterswil était alors de 50,3 pour cent."
4723,76.3,76.3,23.7,"Braunau (TG)","Braunau dit oui à 76,3 pour cent à l'initiative ""Pas de Suisse à 10 millions!». Le soutien à l'initiative ""Pas de Suisse à 10 millions!» a augmenté à Braunau par rapport à l'initiative ""pour une immigration modérée» soumise au vote en 2020. Lors de cette votation, 57,2 pour cent des habitants de la commune avaient accepté ce texte."
4724,84.4,84.4,15.6,"Eschlikon (TG)","La population d'Eschlikon approuve à 84,4 pour cent l'initiative ""Pas de Suisse à 10 millions!». Avec ce résultat, Eschlikon bascule dans le camp du oui. En 2020, la commune avait rejeté l'initiative ""pour une immigration modérée» avec 56,4 pour cent des voix."
4726,48.8,48.8,51.2,"Fischingen (TG)","A Fischingen, les citoyens rejettent à 51,2 pour cent l'initiative ""Pas de Suisse à 10 millions!». En cinq ans, la commune a ainsi changé de camp sur la question de la limitation de l'immigration. Fischingen avait rejeté l'initiative ""pour une immigration modérée» à 44,6 pour cent en 2020."
4741,65.2,65.2,34.8,"Lommis (TG)","Les habitants de Lommis soutiennent à 65,2 pour cent l'initiative ""Pas de Suisse à 10 millions!». Le soutien à l'initiative ""Pas de Suisse à 10 millions!» a augmenté à Lommis par rapport à l'initiative ""pour une immigration modérée» soumise au vote en 2020. Lors de cette votation, 54,6 pour cent des habitants de la commune avaient accepté ce texte."
4746,79.7,79.7,20.3,"Münchwilen (TG)","Les habitants de Münchwilen (TG) acceptent à 79,7 pour cent l'initiative ""Pas de Suisse à 10 millions!». Avec ce résultat, Münchwilen (TG) bascule dans le camp du oui. En 2020, la commune avait rejeté l'initiative ""pour une immigration modérée» avec 51,8 pour cent des voix."
4751,53.5,53.5,46.5,"Rickenbach (TG)","Les habitants de Rickenbach (TG) soutiennent à 53,5 pour cent l'initiative ""Pas de Suisse à 10 millions!». Avec ce résultat, Rickenbach (TG) bascule dans le camp du oui. En 2020, la commune avait rejeté l'initiative ""pour une immigration modérée» avec 51,9 pour cent des voix."
4756,62.5,62.5,37.5,"Schönholzerswilen (TG)","L'initiative ""Pas de Suisse à 10 millions!» est approuvée à Schönholzerswilen par 62,5 pour cent des votants. Le soutien à l'initiative ""Pas de Suisse à 10 millions!» est toutefois moins marqué que celui obtenu par l'initiative ""pour une immigration modérée» en 2020. Les habitants de Schönholzerswilen avaient alors dit oui à 64,7 pour cent."
4761,73.5,73.5,26.5,"Sirnach (TG)","A Sirnach, les habitants disent oui à 73,5 pour cent à l'initiative ""Pas de Suisse à 10 millions!». Avec ce résultat, Sirnach bascule dans le camp du oui. En 2020, la commune avait rejeté l'initiative ""pour une immigration modérée» avec 51,6 pour cent des voix."
4776,80.1,80.1,19.9,"Tobel-Tägerschen (TG)","Tobel-Tägerschen dit oui à 80,1 pour cent à l'initiative ""Pas de Suisse à 10 millions!». Le soutien à l'initiative ""Pas de Suisse à 10 millions!» a augmenté à Tobel-Tägerschen par rapport à l'initiative ""pour une immigration modérée» soumise au vote en 2020. Lors de cette votation, 57,9 pour cent des habitants de la commune avaient accepté ce texte."
4781,4.1,4.1,95.9,"Wängi (TG)","L'initiative ""Pas de Suisse à 10 millions!» n'a pas convaincu à Wängi. Les citoyens de la commune ont refusé le texte à 95,9 pour cent. Le refus de l'initiative ""Pas de Suisse à 10 millions!» est plus fort que celui observé pour l'initiative ""pour une immigration modérée» en 2020. La proportion de non à Wängi était alors de 54,9 pour cent."
4786,73.4,73.4,26.6,"Wilen (TG)","L'initiative ""Pas de Suisse à 10 millions!» passe la rampe avec 73,4 pour cent de oui à Wilen (TG). Avec ce résultat, Wilen (TG) bascule dans le camp du oui. En 2020, la commune avait rejeté l'initiative ""pour une immigration modérée» avec 62,8 pour cent des voix."
4791,55.9,55.9,44.1,"Wuppenau (TG)","A Wuppenau, les habitants disent oui à 55,9 pour cent à l'initiative ""Pas de Suisse à 10 millions!». Le soutien à l'initiative ""Pas de Suisse à 10 millions!» a augmenté à Wuppenau par rapport à l'initiative ""pour une immigration modérée» soumise au vote en 2020. Lors de cette votation, 53,8 pour cent des habitants de la commune avaient accepté ce texte."
4801,34.7,34.7,65.3,"Berlingen (TG)","L'initiative ""Pas de Suisse à 10 millions!» n'a pas convaincu à Berlingen. Les citoyens de la commune ont refusé le texte à 65,3 pour cent. Le refus de l'initiative ""Pas de Suisse à 10 millions!» est plus fort que celui observé pour l'initiative ""pour une immigration modérée» en 2020. La proportion de non à Berlingen était alors de 54,4 pour cent."
4806,60.7,60.7,39.3,"Eschenz (TG)","A Eschenz, les habitants disent oui à 60,7 pour cent à l'initiative ""Pas de Suisse à 10 millions!». Avec ce résultat, Eschenz bascule dans le camp du oui. En 2020, la commune avait rejeté l'initiative ""pour une immigration modérée» avec 52,8 pour cent des voix."
4811,51.7,51.7,48.3,"Herdern (TG)","L'initiative ""Pas de Suisse à 10 millions!» est approuvée à Herdern par 51,7 pour cent des votants. Avec ce résultat, Herdern bascule dans le camp du oui. En 2020, la commune avait rejeté l'initiative ""pour une immigration modérée» avec 52 pour cent des voix."
4816,62.4,62.4,37.6,"Homburg (TG)","Les habitants de Homburg soutiennent à 62,4 pour cent l'initiative ""Pas de Suisse à 10 millions!». Le soutien à l'initiative ""Pas de Suisse à 10 millions!» a augmenté à Homburg par rapport à l'initiative ""pour une immigration modérée» soumise au vote en 2020. Lors de cette votation, 58,5 pour cent des habitants de la commune avaient accepté ce texte."
4821,38.9,38.9,61.1,"Hüttwilen (TG)","L'initiative ""Pas de Suisse à 10 millions!» est refusée à 61,1 pour cent à Hüttwilen. Le refus de l'initiative ""Pas de Suisse à 10 millions!» est plus fort que celui observé pour l'initiative ""pour une immigration modérée» en 2020. La proportion de non à Hüttwilen était alors de 57,4 pour cent."
4826,57.1,57.1,42.9,"Mammern (TG)","L'initiative ""Pas de Suisse à 10 millions!» est approuvée à Mammern par 57,1 pour cent des votants. Avec ce résultat, Mammern bascule dans le camp du oui. En 2020, la commune avait rejeté l'initiative ""pour une immigration modérée» avec 59,5 pour cent des voix."
4831,78.7,78.7,21.3,"Müllheim (TG)","Les habitants de Müllheim soutiennent à 78,7 pour cent l'initiative ""Pas de Suisse à 10 millions!». Le soutien à l'initiative ""Pas de Suisse à 10 millions!» a augmenté à Müllheim par rapport à l'initiative ""pour une immigration modérée» soumise au vote en 2020. Lors de cette votation, 53,1 pour cent des habitants de la commune avaient accepté ce texte."
4841,33.6,33.6,66.4,"Pfyn (TG)","L'initiative ""Pas de Suisse à 10 millions!» est refusée à 66,4 pour cent à Pfyn. En cinq ans, la commune a ainsi changé de camp sur la question de la limitation de l'immigration. Pfyn avait rejeté l'initiative ""pour une immigration modérée» à 48,3 pour cent en 2020."
4846,93.6,93.6,6.4,"Raperswilen (TG)","Les habitants de Raperswilen soutiennent à 93,6 pour cent l'initiative ""Pas de Suisse à 10 millions!». Le soutien à l'initiative ""Pas de Suisse à 10 millions!» a augmenté à Raperswilen par rapport à l'initiative ""pour une immigration modérée» soumise au vote en 2020. Lors de cette votation, 66,8 pour cent des habitants de la commune avaient accepté ce texte."
4851,47.4,47.4,52.6,"Salenstein (TG)","A Salenstein, les citoyens rejettent à 52,6 pour cent l'initiative ""Pas de Suisse à 10 millions!». Le rejet de l'initiative est toutefois moins marqué que celui enregistré lors de la votation sur l'initiative ""pour une immigration modérée» en 2020. Les habitants de Salenstein avaient alors dit non à 58,9 pour cent."
4864,71.1,71.1,28.9,"Steckborn (TG)","L'initiative ""Pas de Suisse à 10 millions!» passe la rampe avec 71,1 pour cent de oui à Steckborn. Avec ce résultat, Steckborn bascule dans le camp du oui. En 2020, la commune avait rejeté l'initiative ""pour une immigration modérée» avec 62,8 pour cent des voix."
4871,72.3,72.3,27.7,"Wagenhausen (TG)","La population de Wagenhausen approuve à 72,3 pour cent l'initiative ""Pas de Suisse à 10 millions!». Le soutien à l'initiative ""Pas de Suisse à 10 millions!» a augmenté à Wagenhausen par rapport à l'initiative ""pour une immigration modérée» soumise au vote en 2020. Lors de cette votation, 52,2 pour cent des habitants de la commune avaient accepté ce texte."
4881,52.6,52.6,47.4,"Amlikon-Bissegg (TG)","L'initiative ""Pas de Suisse à 10 millions!» est approuvée à Amlikon-Bissegg par 52,6 pour cent des votants. Le soutien à l'initiative ""Pas de Suisse à 10 millions!» est toutefois moins marqué que celui obtenu par l'initiative ""pour une immigration modérée» en 2020. Les habitants d'Amlikon-Bissegg avaient alors dit oui à 57,7 pour cent."
4891,44.1,44.1,55.9,"Berg (TG)","L'initiative ""Pas de Suisse à 10 millions!» n'a pas trouvé grâce aux yeux des citoyens de Berg (TG). Ils ont refusé le texte à 55,9 pour cent. Le refus de l'initiative ""Pas de Suisse à 10 millions!» est plus fort que celui observé pour l'initiative ""pour une immigration modérée» en 2020. La proportion de non à Berg (TG) était alors de 52,1 pour cent."
4901,72,72,28,"Birwinken (TG)","La population de Birwinken approuve à 72 pour cent l'initiative ""Pas de Suisse à 10 millions!». Le soutien à l'initiative ""Pas de Suisse à 10 millions!» a augmenté à Birwinken par rapport à l'initiative ""pour une immigration modérée» soumise au vote en 2020. Lors de cette votation, 54 pour cent des habitants de la commune avaient accepté ce texte."
4911,63.4,63.4,36.6,"Bürglen (TG)","L'initiative ""Pas de Suisse à 10 millions!» passe la rampe avec 63,4 pour cent de oui à Bürglen (TG). Le soutien à l'initiative ""Pas de Suisse à 10 millions!» a augmenté à Bürglen (TG) par rapport à l'initiative ""pour une immigration modérée» soumise au vote en 2020. Lors de cette votation, 52,6 pour cent des habitants de la commune avaient accepté ce texte."
4921,77.8,77.8,22.2,"Bussnang (TG)","L'initiative ""Pas de Suisse à 10 millions!» est approuvée à Bussnang par 77,8 pour cent des votants. Le soutien à l'initiative ""Pas de Suisse à 10 millions!» a augmenté à Bussnang par rapport à l'initiative ""pour une immigration modérée» soumise au vote en 2020. Lors de cette votation, 58,8 pour cent des habitants de la commune avaient accepté ce texte."
4941,0.1,0.1,99.9,"Märstetten (TG)","Avec l'initiative ""Pas de Suisse à 10 millions!», Märstetten affiche la plus forte part de non du pays, avec 99,9 pour cent. Le refus de l'initiative ""Pas de Suisse à 10 millions!» est plus fort que celui observé pour l'initiative ""pour une immigration modérée» en 2020. La proportion de non à Märstetten était alors de 54,8 pour cent."
4946,40.5,40.5,59.5,"Weinfelden (TG)","A Weinfelden, les citoyens rejettent à 59,5 pour cent l'initiative ""Pas de Suisse à 10 millions!». Le rejet de l'initiative est toutefois moins marqué que celui enregistré lors de la votation sur l'initiative ""pour une immigration modérée» en 2020. Les habitants de Weinfelden avaient alors dit non à 63 pour cent."
4951,56,56,44,"Wigoltingen (TG)","Les habitants de Wigoltingen acceptent à 56 pour cent l'initiative ""Pas de Suisse à 10 millions!». Avec ce résultat, Wigoltingen bascule dans le camp du oui. En 2020, la commune avait rejeté l'initiative ""pour une immigration modérée» avec 50,6 pour cent des voix."
5001,40.6,40.6,59.4,"Arbedo-Castione (TI)","C'est non à l'initiative ""Pas de Suisse à 10 millions!» à Arbedo-Castione. Les habitants ont refusé le texte à 59,4 pour cent. En cinq ans, la commune a ainsi changé de camp sur la question de la limitation de l'immigration. Arbedo-Castione avait rejeté l'initiative ""pour une immigration modérée» à 46,4 pour cent en 2020."
5002,62.7,62.7,37.3,"Bellinzone (TI)","L'initiative ""Pas de Suisse à 10 millions!» passe la rampe avec 62,7 pour cent de oui à Bellinzone. Le soutien à l'initiative ""Pas de Suisse à 10 millions!» a augmenté à Bellinzone par rapport à l'initiative ""pour une immigration modérée» soumise au vote en 2020. Lors de cette votation, 51,1 pour cent des habitants de la commune avaient accepté ce texte."
5003,64.6,64.6,35.4,"Cadenazzo (TI)","A Cadenazzo, les habitants disent oui à 64,6 pour cent à l'initiative ""Pas de Suisse à 10 millions!». Les avis restent ainsi stables sur la question de l'immigration à Cadenazzo. En 2020, la commune avait déjà voté oui à 64,1 pour cent à l'initiative ""pour une immigration modérée»."
5009,49.2,49.2,50.8,"Isone (TI)","Les habitants d'Isone s'opposent à l'initiative ""Pas de Suisse à 10 millions!» par 50,8 pour cent des voix. En cinq ans, la commune a ainsi changé de camp sur la question de la limitation de l'immigration. Isone avait rejeté l'initiative ""pour une immigration modérée» à 26,4 pour cent en 2020."
5010,69.1,69.1,30.9,"Lumino (TI)","La population de Lumino approuve à 69,1 pour cent l'initiative ""Pas de Suisse à 10 millions!». Le soutien à l'initiative ""Pas de Suisse à 10 millions!» a augmenté à Lumino par rapport à l'initiative ""pour une immigration modérée» soumise au vote en 2020. Lors de cette votation, 55,5 pour cent des habitants de la commune avaient accepté ce texte."
5017,48.4,48.4,51.6,"Sant'Antonino (TI)","L'initiative ""Pas de Suisse à 10 millions!» est refusée à 51,6 pour cent à Sant'Antonino. En cinq ans, la commune a ainsi changé de camp sur la question de la limitation de l'immigration. Sant'Antonino avait rejeté l'initiative ""pour une immigration modérée» à 37,3 pour cent en 2020."
5048,45.5,45.5,54.5,"Acquarossa (TI)","C'est non à l'initiative ""Pas de Suisse à 10 millions!» à Acquarossa. Les habitants ont refusé le texte à 54,5 pour cent. En cinq ans, la commune a ainsi changé de camp sur la question de la limitation de l'immigration. Acquarossa avait rejeté l'initiative ""pour une immigration modérée» à 45,7 pour cent en 2020."
5049,41.6,41.6,58.4,"Blenio (TI)","C'est non à l'initiative ""Pas de Suisse à 10 millions!» à Blenio. Les habitants ont refusé le texte à 58,4 pour cent. En cinq ans, la commune a ainsi changé de camp sur la question de la limitation de l'immigration. Blenio avait rejeté l'initiative ""pour une immigration modérée» à 37,2 pour cent en 2020."
5050,47.7,47.7,52.3,"Serravalle (TI)","L'initiative ""Pas de Suisse à 10 millions!» est refusée à 52,3 pour cent à Serravalle. En cinq ans, la commune a ainsi changé de camp sur la question de la limitation de l'immigration. Serravalle avait rejeté l'initiative ""pour une immigration modérée» à 40,8 pour cent en 2020."
5061,49.4,49.4,50.6,"Airolo (TI)","A Airolo, les citoyens rejettent à 50,6 pour cent l'initiative ""Pas de Suisse à 10 millions!». En cinq ans, la commune a ainsi changé de camp sur la question de la limitation de l'immigration. Airolo avait rejeté l'initiative ""pour une immigration modérée» à 39 pour cent en 2020."
5063,25,25,75,"Bedretto (TI)","C'est non à l'initiative ""Pas de Suisse à 10 millions!» à Bedretto. Les habitants ont refusé le texte à 75 pour cent. En cinq ans, la commune a ainsi changé de camp sur la question de la limitation de l'immigration. Bedretto avait rejeté l'initiative ""pour une immigration modérée» à 26,8 pour cent en 2020."
5071,1.8,1.8,98.2,"Dalpe (TI)","L'initiative ""Pas de Suisse à 10 millions!» est refusée à 98,2 pour cent à Dalpe. En cinq ans, la commune a ainsi changé de camp sur la question de la limitation de l'immigration. Dalpe avait rejeté l'initiative ""pour une immigration modérée» à 46,7 pour cent en 2020."
5072,57.1,57.1,42.9,"Faido (TI)","La population de Faido approuve à 57,1 pour cent l'initiative ""Pas de Suisse à 10 millions!». Le soutien à l'initiative ""Pas de Suisse à 10 millions!» a augmenté à Faido par rapport à l'initiative ""pour une immigration modérée» soumise au vote en 2020. Lors de cette votation, 54,8 pour cent des habitants de la commune avaient accepté ce texte."
5073,35.2,35.2,64.8,"Giornico (TI)","L'initiative ""Pas de Suisse à 10 millions!» n'a pas trouvé grâce aux yeux des citoyens de Giornico. Ils ont refusé le texte à 64,8 pour cent. En cinq ans, la commune a ainsi changé de camp sur la question de la limitation de l'immigration. Giornico avait rejeté l'initiative ""pour une immigration modérée» à 39,4 pour cent en 2020."
5076,88,88,12,"Personico (TI)","Les habitants de Personico acceptent à 88 pour cent l'initiative ""Pas de Suisse à 10 millions!». Le soutien à l'initiative ""Pas de Suisse à 10 millions!» a augmenté à Personico par rapport à l'initiative ""pour une immigration modérée» soumise au vote en 2020. Lors de cette votation, 56,2 pour cent des habitants de la commune avaient accepté ce texte."
5077,25.5,25.5,74.5,"Pollegio (TI)","La population de Pollegio rejette à 74,5 pour cent des voix l'initiative ""Pas de Suisse à 10 millions!». En cinq ans, la commune a ainsi changé de camp sur la question de la limitation de l'immigration. Pollegio avait rejeté l'initiative ""pour une immigration modérée» à 47,5 pour cent en 2020."
5079,49.9,49.9,50.1,"Quinto (TI)","L'initiative ""Pas de Suisse à 10 millions!» n'a pas convaincu à Quinto. Les citoyens de la commune ont refusé le texte à 50,1 pour cent. En cinq ans, la commune a ainsi changé de camp sur la question de la limitation de l'immigration. Quinto avait rejeté l'initiative ""pour une immigration modérée» à 43,3 pour cent en 2020."
5091,72.6,72.6,27.4,"Ascona (TI)","L'initiative ""Pas de Suisse à 10 millions!» passe la rampe avec 72,6 pour cent de oui à Ascona. Avec ce résultat, Ascona bascule dans le camp du oui. En 2020, la commune avait rejeté l'initiative ""pour une immigration modérée» avec 51,9 pour cent des voix."
5096,55.2,55.2,44.8,"Brione sopra Minusio (TI)","Brione sopra Minusio dit oui à 55,2 pour cent à l'initiative ""Pas de Suisse à 10 millions!». Avec ce résultat, Brione sopra Minusio bascule dans le camp du oui. En 2020, la commune avait rejeté l'initiative ""pour une immigration modérée» avec 50,2 pour cent des voix."
5097,69.9,69.9,30.1,"Brissago (TI)","Les habitants de Brissago soutiennent à 69,9 pour cent l'initiative ""Pas de Suisse à 10 millions!». Le soutien à l'initiative ""Pas de Suisse à 10 millions!» a augmenté à Brissago par rapport à l'initiative ""pour une immigration modérée» soumise au vote en 2020. Lors de cette votation, 57,5 pour cent des habitants de la commune avaient accepté ce texte."
5108,63.5,63.5,36.5,"Gordola (TI)","La population de Gordola approuve à 63,5 pour cent l'initiative ""Pas de Suisse à 10 millions!». Le soutien à l'initiative ""Pas de Suisse à 10 millions!» a augmenté à Gordola par rapport à l'initiative ""pour une immigration modérée» soumise au vote en 2020. Lors de cette votation, 53,7 pour cent des habitants de la commune avaient accepté ce texte."
5112,55.8,55.8,44.2,"Lavertezzo (TI)","Lavertezzo dit oui à 55,8 pour cent à l'initiative ""Pas de Suisse à 10 millions!». Le soutien à l'initiative ""Pas de Suisse à 10 millions!» est toutefois moins marqué que celui obtenu par l'initiative ""pour une immigration modérée» en 2020. Les habitants de Lavertezzo avaient alors dit oui à 59,1 pour cent."
5113,52.3,52.3,47.7,"Locarno (TI)","Locarno dit oui à 52,3 pour cent à l'initiative ""Pas de Suisse à 10 millions!». Avec ce résultat, Locarno bascule dans le camp du oui. En 2020, la commune avait rejeté l'initiative ""pour une immigration modérée» avec 52,3 pour cent des voix."
5115,35.6,35.6,64.4,"Losone (TI)","A Losone, les citoyens rejettent à 64,4 pour cent l'initiative ""Pas de Suisse à 10 millions!». En cinq ans, la commune a ainsi changé de camp sur la question de la limitation de l'immigration. Losone avait rejeté l'initiative ""pour une immigration modérée» à 46,6 pour cent en 2020."
5117,51.8,51.8,48.2,"Mergoscia (TI)","La population de Mergoscia approuve à 51,8 pour cent l'initiative ""Pas de Suisse à 10 millions!». Les avis restent ainsi stables sur la question de l'immigration à Mergoscia. En 2020, la commune avait déjà voté oui à 52 pour cent à l'initiative ""pour une immigration modérée»."
5118,31.6,31.6,68.4,"Minusio (TI)","L'initiative ""Pas de Suisse à 10 millions!» n'a pas trouvé grâce aux yeux des citoyens de Minusio. Ils ont refusé le texte à 68,4 pour cent. Le refus de l'initiative ""Pas de Suisse à 10 millions!» est plus fort que celui observé pour l'initiative ""pour une immigration modérée» en 2020. La proportion de non à Minusio était alors de 53,1 pour cent."
5120,37.6,37.6,62.4,"Muralto (TI)","La population de Muralto rejette à 62,4 pour cent des voix l'initiative ""Pas de Suisse à 10 millions!». Le refus de l'initiative ""Pas de Suisse à 10 millions!» est plus fort que celui observé pour l'initiative ""pour une immigration modérée» en 2020. La proportion de non à Muralto était alors de 52,3 pour cent."
5121,32.5,32.5,67.5,"Orselina (TI)","A Orselina, les citoyens rejettent à 67,5 pour cent l'initiative ""Pas de Suisse à 10 millions!». Le refus de l'initiative ""Pas de Suisse à 10 millions!» est plus fort que celui observé pour l'initiative ""pour une immigration modérée» en 2020. La proportion de non à Orselina était alors de 56,6 pour cent."
5125,14,14,86,"Ronco sopra Ascona (TI)","A Ronco sopra Ascona, les citoyens rejettent à 86 pour cent l'initiative ""Pas de Suisse à 10 millions!». En cinq ans, la commune a ainsi changé de camp sur la question de la limitation de l'immigration. Ronco sopra Ascona avait rejeté l'initiative ""pour une immigration modérée» à 45,6 pour cent en 2020."
5131,91.2,91.2,8.8,"Tenero-Contra (TI)","Les habitants de Tenero-Contra acceptent à 91,2 pour cent l'initiative ""Pas de Suisse à 10 millions!». Le soutien à l'initiative ""Pas de Suisse à 10 millions!» a augmenté à Tenero-Contra par rapport à l'initiative ""pour une immigration modérée» soumise au vote en 2020. Lors de cette votation, 52,9 pour cent des habitants de la commune avaient accepté ce texte."
5136,5.5,5.5,94.5,"Onsernone (TI)","Les habitants d'Onsernone s'opposent à l'initiative ""Pas de Suisse à 10 millions!» par 94,5 pour cent des voix. Le refus de l'initiative ""Pas de Suisse à 10 millions!» est plus fort que celui observé pour l'initiative ""pour une immigration modérée» en 2020. La proportion de non à Onsernone était alors de 55,3 pour cent."
5138,42.1,42.1,57.9,"Cugnasco-Gerra (TI)","Les habitants de Cugnasco-Gerra s'opposent à l'initiative ""Pas de Suisse à 10 millions!» par 57,9 pour cent des voix. En cinq ans, la commune a ainsi changé de camp sur la question de la limitation de l'immigration. Cugnasco-Gerra avait rejeté l'initiative ""pour une immigration modérée» à 46,7 pour cent en 2020."
5141,53.1,53.1,46.9,"Agno (TI)","Les habitants d'Agno acceptent à 53,1 pour cent l'initiative ""Pas de Suisse à 10 millions!». Le soutien à l'initiative ""Pas de Suisse à 10 millions!» est toutefois moins marqué que celui obtenu par l'initiative ""pour une immigration modérée» en 2020. Les habitants d'Agno avaient alors dit oui à 57 pour cent."
5143,7.8,7.8,92.2,"Aranno (TI)","C'est non à l'initiative ""Pas de Suisse à 10 millions!» à Aranno. Les habitants ont refusé le texte à 92,2 pour cent. Le refus de l'initiative ""Pas de Suisse à 10 millions!» est plus fort que celui observé pour l'initiative ""pour une immigration modérée» en 2020. La proportion de non à Aranno était alors de 54,7 pour cent."
5144,85.1,85.1,14.9,"Arogno (TI)","L'initiative ""Pas de Suisse à 10 millions!» est approuvée à Arogno par 85,1 pour cent des votants. Avec ce résultat, Arogno bascule dans le camp du oui. En 2020, la commune avait rejeté l'initiative ""pour une immigration modérée» avec 52,4 pour cent des voix."
5148,68.2,68.2,31.8,"Bedano (TI)","L'initiative ""Pas de Suisse à 10 millions!» passe la rampe avec 68,2 pour cent de oui à Bedano. Le soutien à l'initiative ""Pas de Suisse à 10 millions!» a augmenté à Bedano par rapport à l'initiative ""pour une immigration modérée» soumise au vote en 2020. Lors de cette votation, 60,7 pour cent des habitants de la commune avaient accepté ce texte."
5151,27,27,73,"Bioggio (TI)","L'initiative ""Pas de Suisse à 10 millions!» est refusée à 73 pour cent à Bioggio. En cinq ans, la commune a ainsi changé de camp sur la question de la limitation de l'immigration. Bioggio avait rejeté l'initiative ""pour une immigration modérée» à 41 pour cent en 2020."
5154,48.4,48.4,51.6,"Bissone (TI)","L'initiative ""Pas de Suisse à 10 millions!» n'a pas convaincu à Bissone. Les citoyens de la commune ont refusé le texte à 51,6 pour cent. En cinq ans, la commune a ainsi changé de camp sur la question de la limitation de l'immigration. Bissone avait rejeté l'initiative ""pour une immigration modérée» à 41,2 pour cent en 2020."
5160,36.6,36.6,63.4,"Brusino Arsizio (TI)","Les habitants de Brusino Arsizio s'opposent à l'initiative ""Pas de Suisse à 10 millions!» par 63,4 pour cent des voix. Le refus de l'initiative ""Pas de Suisse à 10 millions!» est plus fort que celui observé pour l'initiative ""pour une immigration modérée» en 2020. La proportion de non à Brusino Arsizio était alors de 50,9 pour cent."
5161,65.3,65.3,34.7,"Cademario (TI)","Les habitants de Cademario soutiennent à 65,3 pour cent l'initiative ""Pas de Suisse à 10 millions!». Le soutien à l'initiative ""Pas de Suisse à 10 millions!» a augmenté à Cademario par rapport à l'initiative ""pour une immigration modérée» soumise au vote en 2020. Lors de cette votation, 56,3 pour cent des habitants de la commune avaient accepté ce texte."
5162,19.5,19.5,80.5,"Cadempino (TI)","L'initiative ""Pas de Suisse à 10 millions!» n'a pas trouvé grâce aux yeux des citoyens de Cadempino. Ils ont refusé le texte à 80,5 pour cent. En cinq ans, la commune a ainsi changé de camp sur la question de la limitation de l'immigration. Cadempino avait rejeté l'initiative ""pour une immigration modérée» à 39,3 pour cent en 2020."
5167,89.5,89.5,10.5,"Canobbio (TI)","Les habitants de Canobbio acceptent à 89,5 pour cent l'initiative ""Pas de Suisse à 10 millions!». Le soutien à l'initiative ""Pas de Suisse à 10 millions!» a augmenté à Canobbio par rapport à l'initiative ""pour une immigration modérée» soumise au vote en 2020. Lors de cette votation, 55,1 pour cent des habitants de la commune avaient accepté ce texte."
5171,54.4,54.4,45.6,"Caslano (TI)","Les habitants de Caslano soutiennent à 54,4 pour cent l'initiative ""Pas de Suisse à 10 millions!». Les avis restent ainsi stables sur la question de l'immigration à Caslano. En 2020, la commune avait déjà voté oui à 54,1 pour cent à l'initiative ""pour une immigration modérée»."
5176,43.3,43.3,56.7,"Comano (TI)","C'est non à l'initiative ""Pas de Suisse à 10 millions!» à Comano. Les habitants ont refusé le texte à 56,7 pour cent. Le refus de l'initiative ""Pas de Suisse à 10 millions!» est plus fort que celui observé pour l'initiative ""pour une immigration modérée» en 2020. La proportion de non à Comano était alors de 54,9 pour cent."
5180,58.8,58.8,41.2,"Cureglia (TI)","L'initiative ""Pas de Suisse à 10 millions!» passe la rampe avec 58,8 pour cent de oui à Cureglia. Le soutien à l'initiative ""Pas de Suisse à 10 millions!» a augmenté à Cureglia par rapport à l'initiative ""pour une immigration modérée» soumise au vote en 2020. Lors de cette votation, 52,1 pour cent des habitants de la commune avaient accepté ce texte."
5186,50.5,50.5,49.5,"Grancia (TI)","La population de Grancia approuve à 50,5 pour cent l'initiative ""Pas de Suisse à 10 millions!». Le soutien à l'initiative ""Pas de Suisse à 10 millions!» est toutefois moins marqué que celui obtenu par l'initiative ""pour une immigration modérée» en 2020. Les habitants de Grancia avaient alors dit oui à 61,8 pour cent."
5187,51,51,49,"Gravesano (TI)","L'initiative ""Pas de Suisse à 10 millions!» passe la rampe avec 51 pour cent de oui à Gravesano. Le soutien à l'initiative ""Pas de Suisse à 10 millions!» est toutefois moins marqué que celui obtenu par l'initiative ""pour une immigration modérée» en 2020. Les habitants de Gravesano avaient alors dit oui à 64,4 pour cent."
5189,56.1,56.1,43.9,"Lamone (TI)","L'initiative ""Pas de Suisse à 10 millions!» passe la rampe avec 56,1 pour cent de oui à Lamone. Les avis restent ainsi stables sur la question de l'immigration à Lamone. En 2020, la commune avait déjà voté oui à 57 pour cent à l'initiative ""pour une immigration modérée»."
5192,54.4,54.4,45.6,"Lugano (TI)","Les habitants de Lugano acceptent à 54,4 pour cent l'initiative ""Pas de Suisse à 10 millions!». Le soutien à l'initiative ""Pas de Suisse à 10 millions!» a augmenté à Lugano par rapport à l'initiative ""pour une immigration modérée» soumise au vote en 2020. Lors de cette votation, 52,6 pour cent des habitants de la commune avaient accepté ce texte."
5193,87.6,87.6,12.4,"Magliaso (TI)","L'initiative ""Pas de Suisse à 10 millions!» passe la rampe avec 87,6 pour cent de oui à Magliaso. Le soutien à l'initiative ""Pas de Suisse à 10 millions!» a augmenté à Magliaso par rapport à l'initiative ""pour une immigration modérée» soumise au vote en 2020. Lors de cette votation, 56,5 pour cent des habitants de la commune avaient accepté ce texte."
5194,70.4,70.4,29.6,"Manno (TI)","A Manno, les habitants disent oui à 70,4 pour cent à l'initiative ""Pas de Suisse à 10 millions!». Le soutien à l'initiative ""Pas de Suisse à 10 millions!» a augmenté à Manno par rapport à l'initiative ""pour une immigration modérée» soumise au vote en 2020. Lors de cette votation, 57,6 pour cent des habitants de la commune avaient accepté ce texte."
5196,47.4,47.4,52.6,"Massagno (TI)","L'initiative ""Pas de Suisse à 10 millions!» est refusée à 52,6 pour cent à Massagno. Le rejet de l'initiative est toutefois moins marqué que celui enregistré lors de la votation sur l'initiative ""pour une immigration modérée» en 2020. Les habitants de Massagno avaient alors dit non à 56,9 pour cent."
5198,53.7,53.7,46.3,"Melide (TI)","Les habitants de Melide soutiennent à 53,7 pour cent l'initiative ""Pas de Suisse à 10 millions!». Le soutien à l'initiative ""Pas de Suisse à 10 millions!» a augmenté à Melide par rapport à l'initiative ""pour une immigration modérée» soumise au vote en 2020. Lors de cette votation, 50,6 pour cent des habitants de la commune avaient accepté ce texte."
5199,28.7,28.7,71.3,"Mezzovico-Vira (TI)","La population de Mezzovico-Vira rejette à 71,3 pour cent des voix l'initiative ""Pas de Suisse à 10 millions!». En cinq ans, la commune a ainsi changé de camp sur la question de la limitation de l'immigration. Mezzovico-Vira avait rejeté l'initiative ""pour une immigration modérée» à 36,9 pour cent en 2020."
5203,30.1,30.1,69.9,"Morcote (TI)","L'initiative ""Pas de Suisse à 10 millions!» n'a pas trouvé grâce aux yeux des citoyens de Morcote. Ils ont refusé le texte à 69,9 pour cent. Le refus de l'initiative ""Pas de Suisse à 10 millions!» est plus fort que celui observé pour l'initiative ""pour une immigration modérée» en 2020. La proportion de non à Morcote était alors de 50,2 pour cent."
5205,75.4,75.4,24.6,"Muzzano (TI)","L'initiative ""Pas de Suisse à 10 millions!» passe la rampe avec 75,4 pour cent de oui à Muzzano. Le soutien à l'initiative ""Pas de Suisse à 10 millions!» a augmenté à Muzzano par rapport à l'initiative ""pour une immigration modérée» soumise au vote en 2020. Lors de cette votation, 53,1 pour cent des habitants de la commune avaient accepté ce texte."
5206,3,3,97,"Neggio (TI)","Les habitants de Neggio s'opposent à l'initiative ""Pas de Suisse à 10 millions!» par 97 pour cent des voix. En cinq ans, la commune a ainsi changé de camp sur la question de la limitation de l'immigration. Neggio avait rejeté l'initiative ""pour une immigration modérée» à 47,2 pour cent en 2020."
5208,58.6,58.6,41.4,"Origlio (TI)","A Origlio, les habitants disent oui à 58,6 pour cent à l'initiative ""Pas de Suisse à 10 millions!». Le soutien à l'initiative ""Pas de Suisse à 10 millions!» a augmenté à Origlio par rapport à l'initiative ""pour une immigration modérée» soumise au vote en 2020. Lors de cette votation, 50,7 pour cent des habitants de la commune avaient accepté ce texte."
5210,64.5,64.5,35.5,"Paradiso (TI)","A Paradiso, les habitants disent oui à 64,5 pour cent à l'initiative ""Pas de Suisse à 10 millions!». Le soutien à l'initiative ""Pas de Suisse à 10 millions!» a augmenté à Paradiso par rapport à l'initiative ""pour une immigration modérée» soumise au vote en 2020. Lors de cette votation, 51,7 pour cent des habitants de la commune avaient accepté ce texte."
5212,40.7,40.7,59.3,"Ponte Capriasca (TI)","La population de Ponte Capriasca rejette à 59,3 pour cent des voix l'initiative ""Pas de Suisse à 10 millions!». En cinq ans, la commune a ainsi changé de camp sur la question de la limitation de l'immigration. Ponte Capriasca avait rejeté l'initiative ""pour une immigration modérée» à 47,2 pour cent en 2020."
5214,39.6,39.6,60.4,"Porza (TI)","La population de Porza rejette à 60,4 pour cent des voix l'initiative ""Pas de Suisse à 10 millions!». Le refus de l'initiative ""Pas de Suisse à 10 millions!» est plus fort que celui observé pour l'initiative ""pour une immigration modérée» en 2020. La proportion de non à Porza était alors de 51,6 pour cent."
5216,48.2,48.2,51.8,"Pura (TI)","L'initiative ""Pas de Suisse à 10 millions!» n'a pas convaincu à Pura. Les citoyens de la commune ont refusé le texte à 51,8 pour cent. En cinq ans, la commune a ainsi changé de camp sur la question de la limitation de l'immigration. Pura avait rejeté l'initiative ""pour une immigration modérée» à 48,5 pour cent en 2020."
5221,67.6,67.6,32.4,"Savosa (TI)","La population de Savosa approuve à 67,6 pour cent l'initiative ""Pas de Suisse à 10 millions!». Le soutien à l'initiative ""Pas de Suisse à 10 millions!» a augmenté à Savosa par rapport à l'initiative ""pour une immigration modérée» soumise au vote en 2020. Lors de cette votation, 52,8 pour cent des habitants de la commune avaient accepté ce texte."
5225,48.9,48.9,51.1,"Sorengo (TI)","Les habitants de Sorengo s'opposent à l'initiative ""Pas de Suisse à 10 millions!» par 51,1 pour cent des voix. Le rejet de l'initiative est toutefois moins marqué que celui enregistré lors de la votation sur l'initiative ""pour une immigration modérée» en 2020. Les habitants de Sorengo avaient alors dit non à 54,2 pour cent."
5226,76.2,76.2,23.8,"Capriasca (TI)","L'initiative ""Pas de Suisse à 10 millions!» est approuvée à Capriasca par 76,2 pour cent des votants. Le soutien à l'initiative ""Pas de Suisse à 10 millions!» a augmenté à Capriasca par rapport à l'initiative ""pour une immigration modérée» soumise au vote en 2020. Lors de cette votation, 50,9 pour cent des habitants de la commune avaient accepté ce texte."
5227,45.5,45.5,54.5,"Torricella-Taverne (TI)","Les habitants de Torricella-Taverne s'opposent à l'initiative ""Pas de Suisse à 10 millions!» par 54,5 pour cent des voix. En cinq ans, la commune a ainsi changé de camp sur la question de la limitation de l'immigration. Torricella-Taverne avait rejeté l'initiative ""pour une immigration modérée» à 44,7 pour cent en 2020."
5230,39.5,39.5,60.5,"Vernate (TI)","La population de Vernate rejette à 60,5 pour cent des voix l'initiative ""Pas de Suisse à 10 millions!». En cinq ans, la commune a ainsi changé de camp sur la question de la limitation de l'immigration. Vernate avait rejeté l'initiative ""pour une immigration modérée» à 48,1 pour cent en 2020."
5231,90.4,90.4,9.6,"Vezia (TI)","Les habitants de Vezia acceptent à 90,4 pour cent l'initiative ""Pas de Suisse à 10 millions!». Le soutien à l'initiative ""Pas de Suisse à 10 millions!» a augmenté à Vezia par rapport à l'initiative ""pour une immigration modérée» soumise au vote en 2020. Lors de cette votation, 52,3 pour cent des habitants de la commune avaient accepté ce texte."
5233,70.6,70.6,29.4,"Vico Morcote (TI)","Les habitants de Vico Morcote acceptent à 70,6 pour cent l'initiative ""Pas de Suisse à 10 millions!». Avec ce résultat, Vico Morcote bascule dans le camp du oui. En 2020, la commune avait rejeté l'initiative ""pour une immigration modérée» avec 55,3 pour cent des voix."
5236,77.8,77.8,22.2,"Collina d'Oro (TI)","A Collina d'Oro, les habitants disent oui à 77,8 pour cent à l'initiative ""Pas de Suisse à 10 millions!». Avec ce résultat, Collina d'Oro bascule dans le camp du oui. En 2020, la commune avait rejeté l'initiative ""pour une immigration modérée» avec 51,1 pour cent des voix."
5237,38.2,38.2,61.8,"Alto Malcantone (TI)","La population d'Alto Malcantone rejette à 61,8 pour cent des voix l'initiative ""Pas de Suisse à 10 millions!». En cinq ans, la commune a ainsi changé de camp sur la question de la limitation de l'immigration. Alto Malcantone avait rejeté l'initiative ""pour une immigration modérée» à 49,2 pour cent en 2020."
5238,32.6,32.6,67.4,"Monteceneri (TI)","A Monteceneri, les citoyens rejettent à 67,4 pour cent l'initiative ""Pas de Suisse à 10 millions!». En cinq ans, la commune a ainsi changé de camp sur la question de la limitation de l'immigration. Monteceneri avait rejeté l'initiative ""pour une immigration modérée» à 38,6 pour cent en 2020."
5239,26.7,26.7,73.3,"Tresa (TI)","L'initiative ""Pas de Suisse à 10 millions!» n'a pas convaincu à Tresa. Les citoyens de la commune ont refusé le texte à 73,3 pour cent. En cinq ans, la commune a ainsi changé de camp sur la question de la limitation de l'immigration. Tresa avait rejeté l'initiative ""pour une immigration modérée» à 42,7 pour cent en 2020."
5240,24.5,24.5,75.5,"Val Mara (TI)","L'initiative ""Pas de Suisse à 10 millions!» n'a pas convaincu à Val Mara. Les citoyens de la commune ont refusé le texte à 75,5 pour cent. En cinq ans, la commune a ainsi changé de camp sur la question de la limitation de l'immigration. Val Mara avait rejeté l'initiative ""pour une immigration modérée» à 41,3 pour cent en 2020."
5242,67,67,33,"Balerna (TI)","Les habitants de Balerna acceptent à 67 pour cent l'initiative ""Pas de Suisse à 10 millions!». Le soutien à l'initiative ""Pas de Suisse à 10 millions!» a augmenté à Balerna par rapport à l'initiative ""pour une immigration modérée» soumise au vote en 2020. Lors de cette votation, 51,9 pour cent des habitants de la commune avaient accepté ce texte."
5249,38,38,62,"Castel San Pietro (TI)","C'est non à l'initiative ""Pas de Suisse à 10 millions!» à Castel San Pietro. Les habitants ont refusé le texte à 62 pour cent. En cinq ans, la commune a ainsi changé de camp sur la question de la limitation de l'immigration. Castel San Pietro avait rejeté l'initiative ""pour une immigration modérée» à 43,6 pour cent en 2020."
5250,68.7,68.7,31.3,"Chiasso (TI)","Chiasso dit oui à 68,7 pour cent à l'initiative ""Pas de Suisse à 10 millions!». Le soutien à l'initiative ""Pas de Suisse à 10 millions!» a augmenté à Chiasso par rapport à l'initiative ""pour une immigration modérée» soumise au vote en 2020. Lors de cette votation, 55,5 pour cent des habitants de la commune avaient accepté ce texte."
5251,32.8,32.8,67.2,"Coldrerio (TI)","L'initiative ""Pas de Suisse à 10 millions!» n'a pas convaincu à Coldrerio. Les citoyens de la commune ont refusé le texte à 67,2 pour cent. En cinq ans, la commune a ainsi changé de camp sur la question de la limitation de l'immigration. Coldrerio avait rejeté l'initiative ""pour une immigration modérée» à 41,7 pour cent en 2020."
5254,50.1,50.1,49.9,"Mendrisio (TI)","Mendrisio dit oui à 50,1 pour cent à l'initiative ""Pas de Suisse à 10 millions!». Le soutien à l'initiative ""Pas de Suisse à 10 millions!» est toutefois moins marqué que celui obtenu par l'initiative ""pour une immigration modérée» en 2020. Les habitants de Mendrisio avaient alors dit oui à 52,7 pour cent."
5257,19.9,19.9,80.1,"Morbio Inferiore (TI)","L'initiative ""Pas de Suisse à 10 millions!» n'a pas convaincu à Morbio Inferiore. Les citoyens de la commune ont refusé le texte à 80,1 pour cent. En cinq ans, la commune a ainsi changé de camp sur la question de la limitation de l'immigration. Morbio Inferiore avait rejeté l'initiative ""pour une immigration modérée» à 44,5 pour cent en 2020."
5260,24.4,24.4,75.6,"Novazzano (TI)","L'initiative ""Pas de Suisse à 10 millions!» n'a pas convaincu à Novazzano. Les citoyens de la commune ont refusé le texte à 75,6 pour cent. En cinq ans, la commune a ainsi changé de camp sur la question de la limitation de l'immigration. Novazzano avait rejeté l'initiative ""pour une immigration modérée» à 41,3 pour cent en 2020."
5263,43.5,43.5,56.5,"Riva San Vitale (TI)","L'initiative ""Pas de Suisse à 10 millions!» n'a pas trouvé grâce aux yeux des citoyens de Riva San Vitale. Ils ont refusé le texte à 56,5 pour cent. En cinq ans, la commune a ainsi changé de camp sur la question de la limitation de l'immigration. Riva San Vitale avait rejeté l'initiative ""pour une immigration modérée» à 44,8 pour cent en 2020."
5266,51.4,51.4,48.6,"Stabio (TI)","Les habitants de Stabio soutiennent à 51,4 pour cent l'initiative ""Pas de Suisse à 10 millions!». Le soutien à l'initiative ""Pas de Suisse à 10 millions!» est toutefois moins marqué que celui obtenu par l'initiative ""pour une immigration modérée» en 2020. Les habitants de Stabio avaient alors dit oui à 55,5 pour cent."
5268,27.1,27.1,72.9,"Vacallo (TI)","C'est non à l'initiative ""Pas de Suisse à 10 millions!» à Vacallo. Les habitants ont refusé le texte à 72,9 pour cent. En cinq ans, la commune a ainsi changé de camp sur la question de la limitation de l'immigration. Vacallo avait rejeté l'initiative ""pour une immigration modérée» à 49,3 pour cent en 2020."
5269,60.8,60.8,39.2,"Breggia (TI)","Breggia dit oui à 60,8 pour cent à l'initiative ""Pas de Suisse à 10 millions!». Le soutien à l'initiative ""Pas de Suisse à 10 millions!» a augmenté à Breggia par rapport à l'initiative ""pour une immigration modérée» soumise au vote en 2020. Lors de cette votation, 53,2 pour cent des habitants de la commune avaient accepté ce texte."
5281,66.8,66.8,33.2,"Biasca (TI)","Les habitants de Biasca soutiennent à 66,8 pour cent l'initiative ""Pas de Suisse à 10 millions!». Le soutien à l'initiative ""Pas de Suisse à 10 millions!» a augmenté à Biasca par rapport à l'initiative ""pour une immigration modérée» soumise au vote en 2020. Lors de cette votation, 59,2 pour cent des habitants de la commune avaient accepté ce texte."
5287,76,76,24,"Riviera (TI)","La population de Riviera approuve à 76 pour cent l'initiative ""Pas de Suisse à 10 millions!». Le soutien à l'initiative ""Pas de Suisse à 10 millions!» a augmenté à Riviera par rapport à l'initiative ""pour une immigration modérée» soumise au vote en 2020. Lors de cette votation, 59,7 pour cent des habitants de la commune avaient accepté ce texte."
5304,47.2,47.2,52.8,"Bosco/Gurin (TI)","L'initiative ""Pas de Suisse à 10 millions!» est refusée à 52,8 pour cent à Bosco/Gurin. Le rejet de l'initiative est toutefois moins marqué que celui enregistré lors de la votation sur l'initiative ""pour une immigration modérée» en 2020. Les habitants de Bosco/Gurin avaient alors dit non à 59,3 pour cent."
5307,2.4,2.4,97.6,"Campo (Vallemaggia) (TI)","L'initiative ""Pas de Suisse à 10 millions!» n'a pas trouvé grâce aux yeux des citoyens de Campo (Vallemaggia). Ils ont refusé le texte à 97,6 pour cent. En cinq ans, la commune a ainsi changé de camp sur la question de la limitation de l'immigration. Campo (Vallemaggia) avait rejeté l'initiative ""pour une immigration modérée» à 38,2 pour cent en 2020."
5309,31.7,31.7,68.3,"Cerentino (TI)","A Cerentino, les citoyens rejettent à 68,3 pour cent l'initiative ""Pas de Suisse à 10 millions!». En cinq ans, la commune a ainsi changé de camp sur la question de la limitation de l'immigration. Cerentino avait rejeté l'initiative ""pour une immigration modérée» à 48,1 pour cent en 2020."
5310,21.4,21.4,78.6,"Cevio (TI)","L'initiative ""Pas de Suisse à 10 millions!» n'a pas convaincu à Cevio. Les citoyens de la commune ont refusé le texte à 78,6 pour cent. En cinq ans, la commune a ainsi changé de camp sur la question de la limitation de l'immigration. Cevio avait rejeté l'initiative ""pour une immigration modérée» à 49,7 pour cent en 2020."
5315,72.1,72.1,27.9,"Linescio (TI)","A Linescio, les habitants disent oui à 72,1 pour cent à l'initiative ""Pas de Suisse à 10 millions!». Avec ce résultat, Linescio bascule dans le camp du oui. En 2020, la commune avait rejeté l'initiative ""pour une immigration modérée» avec 63,6 pour cent des voix."
5317,40.7,40.7,59.3,"Maggia (TI)","L'initiative ""Pas de Suisse à 10 millions!» n'a pas convaincu à Maggia. Les citoyens de la commune ont refusé le texte à 59,3 pour cent. En cinq ans, la commune a ainsi changé de camp sur la question de la limitation de l'immigration. Maggia avait rejeté l'initiative ""pour une immigration modérée» à 44,5 pour cent en 2020."
5323,52.8,52.8,47.2,"Lavizzara (TI)","L'initiative ""Pas de Suisse à 10 millions!» est approuvée à Lavizzara par 52,8 pour cent des votants. Le soutien à l'initiative ""Pas de Suisse à 10 millions!» est toutefois moins marqué que celui obtenu par l'initiative ""pour une immigration modérée» en 2020. Les habitants de Lavizzara avaient alors dit oui à 59,9 pour cent."
5324,78.7,78.7,21.3,"Avegno Gordevio (TI)","Avegno Gordevio dit oui à 78,7 pour cent à l'initiative ""Pas de Suisse à 10 millions!». Avec ce résultat, Avegno Gordevio bascule dans le camp du oui. En 2020, la commune avait rejeté l'initiative ""pour une immigration modérée» avec 52,7 pour cent des voix."
5395,74.1,74.1,25.9,"Lema (TI)","A Lema, les habitants disent oui à 74,1 pour cent à l'initiative ""Pas de Suisse à 10 millions!». Le soutien à l'initiative ""Pas de Suisse à 10 millions!» a augmenté à Lema par rapport à l'initiative ""pour une immigration modérée» soumise au vote en 2020. Lors de cette votation, 53,6 pour cent des habitants de la commune avaient accepté ce texte."
5396,59.3,59.3,40.7,"Terre di Pedemonte (TI)","Terre di Pedemonte dit oui à 59,3 pour cent à l'initiative ""Pas de Suisse à 10 millions!». Avec ce résultat, Terre di Pedemonte bascule dans le camp du oui. En 2020, la commune avait rejeté l'initiative ""pour une immigration modérée» avec 55,2 pour cent des voix."
5397,94,94,6,"Centovalli (TI)","L'initiative ""Pas de Suisse à 10 millions!» est approuvée à Centovalli par 94 pour cent des votants. Le soutien à l'initiative ""Pas de Suisse à 10 millions!» a augmenté à Centovalli par rapport à l'initiative ""pour une immigration modérée» soumise au vote en 2020. Lors de cette votation, 52,5 pour cent des habitants de la commune avaient accepté ce texte."
5398,35.6,35.6,64.4,"Gambarogno (TI)","Les habitants de Gambarogno s'opposent à l'initiative ""Pas de Suisse à 10 millions!» par 64,4 pour cent des voix. En cinq ans, la commune a ainsi changé de camp sur la question de la limitation de l'immigration. Gambarogno avait rejeté l'initiative ""pour une immigration modérée» à 49,2 pour cent en 2020."
5399,67,67,33,"Verzasca (TI)","Les habitants de Verzasca acceptent à 67 pour cent l'initiative ""Pas de Suisse à 10 millions!». Le soutien à l'initiative ""Pas de Suisse à 10 millions!» a augmenté à Verzasca par rapport à l'initiative ""pour une immigration modérée» soumise au vote en 2020. Lors de cette votation, 55,2 pour cent des habitants de la commune avaient accepté ce texte."
5401,72.1,72.1,27.9,"Aigle (VD)","L'initiative ""Pas de Suisse à 10 millions!» est approuvée à Aigle par 72,1 pour cent des votants. Avec ce résultat, Aigle bascule dans le camp du oui. En 2020, la commune avait rejeté l'initiative ""pour une immigration modérée» avec 64,2 pour cent des voix."
5402,62,62,38,"Bex (VD)","La population de Bex approuve à 62 pour cent l'initiative ""Pas de Suisse à 10 millions!». Avec ce résultat, Bex bascule dans le camp du oui. En 2020, la commune avait rejeté l'initiative ""pour une immigration modérée» avec 63,1 pour cent des voix."
5403,73,73,27,"Chessel (VD)","Chessel dit oui à 73 pour cent à l'initiative ""Pas de Suisse à 10 millions!». Avec ce résultat, Chessel bascule dans le camp du oui. En 2020, la commune avait rejeté l'initiative ""pour une immigration modérée» avec 51,4 pour cent des voix."
5404,44.7,44.7,55.3,"Corbeyrier (VD)","C'est non à l'initiative ""Pas de Suisse à 10 millions!» à Corbeyrier. Les habitants ont refusé le texte à 55,3 pour cent. Le refus de l'initiative ""Pas de Suisse à 10 millions!» est plus fort que celui observé pour l'initiative ""pour une immigration modérée» en 2020. La proportion de non à Corbeyrier était alors de 54,1 pour cent."
5405,65.6,65.6,34.4,"Gryon (VD)","L'initiative ""Pas de Suisse à 10 millions!» passe la rampe avec 65,6 pour cent de oui à Gryon. Avec ce résultat, Gryon bascule dans le camp du oui. En 2020, la commune avait rejeté l'initiative ""pour une immigration modérée» avec 65,8 pour cent des voix."
5406,65.1,65.1,34.9,"Lavey-Morcles (VD)","A Lavey-Morcles, les habitants disent oui à 65,1 pour cent à l'initiative ""Pas de Suisse à 10 millions!». Avec ce résultat, Lavey-Morcles bascule dans le camp du oui. En 2020, la commune avait rejeté l'initiative ""pour une immigration modérée» avec 60,4 pour cent des voix."
5407,88.8,88.8,11.2,"Leysin (VD)","Les habitants de Leysin soutiennent à 88,8 pour cent l'initiative ""Pas de Suisse à 10 millions!». Avec ce résultat, Leysin bascule dans le camp du oui. En 2020, la commune avait rejeté l'initiative ""pour une immigration modérée» avec 71,5 pour cent des voix."
5408,93,93,7,"Noville (VD)","L'initiative ""Pas de Suisse à 10 millions!» passe la rampe avec 93 pour cent de oui à Noville. Avec ce résultat, Noville bascule dans le camp du oui. En 2020, la commune avait rejeté l'initiative ""pour une immigration modérée» avec 60 pour cent des voix."
5409,58.1,58.1,41.9,"Ollon (VD)","Les habitants d'Ollon soutiennent à 58,1 pour cent l'initiative ""Pas de Suisse à 10 millions!». Avec ce résultat, Ollon bascule dans le camp du oui. En 2020, la commune avait rejeté l'initiative ""pour une immigration modérée» avec 65,8 pour cent des voix."
5410,73.8,73.8,26.2,"Ormont-Dessous (VD)","La population d'Ormont-Dessous approuve à 73,8 pour cent l'initiative ""Pas de Suisse à 10 millions!». Avec ce résultat, Ormont-Dessous bascule dans le camp du oui. En 2020, la commune avait rejeté l'initiative ""pour une immigration modérée» avec 51,3 pour cent des voix."
5411,50.6,50.6,49.4,"Ormont-Dessus (VD)","Les habitants d'Ormont-Dessus soutiennent à 50,6 pour cent l'initiative ""Pas de Suisse à 10 millions!». Avec ce résultat, Ormont-Dessus bascule dans le camp du oui. En 2020, la commune avait rejeté l'initiative ""pour une immigration modérée» avec 63,2 pour cent des voix."
5412,52,52,48,"Rennaz (VD)","L'initiative ""Pas de Suisse à 10 millions!» passe la rampe avec 52 pour cent de oui à Rennaz. Avec ce résultat, Rennaz bascule dans le camp du oui. En 2020, la commune avait rejeté l'initiative ""pour une immigration modérée» avec 56,9 pour cent des voix."
5413,42.4,42.4,57.6,"Roche (VD)","A Roche (VD), les citoyens rejettent à 57,6 pour cent l'initiative ""Pas de Suisse à 10 millions!». Le rejet de l'initiative est toutefois moins marqué que celui enregistré lors de la votation sur l'initiative ""pour une immigration modérée» en 2020. Les habitants de Roche (VD) avaient alors dit non à 60 pour cent."
5414,79.3,79.3,20.7,"Villeneuve (VD)","A Villeneuve (VD), les habitants disent oui à 79,3 pour cent à l'initiative ""Pas de Suisse à 10 millions!». Avec ce résultat, Villeneuve (VD) bascule dans le camp du oui. En 2020, la commune avait rejeté l'initiative ""pour une immigration modérée» avec 62,4 pour cent des voix."
5415,2.4,2.4,97.6,"Yvorne (VD)","L'initiative ""Pas de Suisse à 10 millions!» n'a pas trouvé grâce aux yeux des citoyens d'Yvorne. Ils ont refusé le texte à 97,6 pour cent. Le refus de l'initiative ""Pas de Suisse à 10 millions!» est plus fort que celui observé pour l'initiative ""pour une immigration modérée» en 2020. La proportion de non à Yvorne était alors de 65,4 pour cent."
5422,33.7,33.7,66.3,"Aubonne (VD)","L'initiative ""Pas de Suisse à 10 millions!» n'a pas trouvé grâce aux yeux des citoyens d'Aubonne. Ils ont refusé le texte à 66,3 pour cent. Le rejet de l'initiative est toutefois moins marqué que celui enregistré lors de la votation sur l'initiative ""pour une immigration modérée» en 2020. Les habitants d'Aubonne avaient alors dit non à 73,6 pour cent."
5423,37.5,37.5,62.5,"Ballens (VD)","A Ballens, les citoyens rejettent à 62,5 pour cent l'initiative ""Pas de Suisse à 10 millions!». Le résultat a peu changé par rapport au vote sur l'initiative ""pour une immigration modérée» en 2020. Ballens avait alors dit non à 61,8 pour cent."
5424,64.6,64.6,35.4,"Berolle (VD)","La population de Berolle approuve à 64,6 pour cent l'initiative ""Pas de Suisse à 10 millions!». Avec ce résultat, Berolle bascule dans le camp du oui. En 2020, la commune avait rejeté l'initiative ""pour une immigration modérée» avec 69 pour cent des voix."
5425,96.3,96.3,3.7,"Bière (VD)","Bière dit oui à 96,3 pour cent à l'initiative ""Pas de Suisse à 10 millions!». Avec ce résultat, Bière bascule dans le camp du oui. En 2020, la commune avait rejeté l'initiative ""pour une immigration modérée» avec 54 pour cent des voix."
5426,60.6,60.6,39.4,"Bougy-Villars (VD)","Les habitants de Bougy-Villars acceptent à 60,6 pour cent l'initiative ""Pas de Suisse à 10 millions!». Avec ce résultat, Bougy-Villars bascule dans le camp du oui. En 2020, la commune avait rejeté l'initiative ""pour une immigration modérée» avec 60,8 pour cent des voix."
5427,55.9,55.9,44.1,"Féchy (VD)","A Féchy, les habitants disent oui à 55,9 pour cent à l'initiative ""Pas de Suisse à 10 millions!». Avec ce résultat, Féchy bascule dans le camp du oui. En 2020, la commune avait rejeté l'initiative ""pour une immigration modérée» avec 68,7 pour cent des voix."
5428,84.4,84.4,15.6,"Gimel (VD)","L'initiative ""Pas de Suisse à 10 millions!» est approuvée à Gimel par 84,4 pour cent des votants. Avec ce résultat, Gimel bascule dans le camp du oui. En 2020, la commune avait rejeté l'initiative ""pour une immigration modérée» avec 65,2 pour cent des voix."
5429,79.7,79.7,20.3,"Longirod (VD)","La population de Longirod approuve à 79,7 pour cent l'initiative ""Pas de Suisse à 10 millions!». Avec ce résultat, Longirod bascule dans le camp du oui. En 2020, la commune avait rejeté l'initiative ""pour une immigration modérée» avec 68,6 pour cent des voix."
5430,30.1,30.1,69.9,"Marchissy (VD)","A Marchissy, les citoyens rejettent à 69,9 pour cent l'initiative ""Pas de Suisse à 10 millions!». Le refus de l'initiative ""Pas de Suisse à 10 millions!» est plus fort que celui observé pour l'initiative ""pour une immigration modérée» en 2020. La proportion de non à Marchissy était alors de 68,4 pour cent."
5431,46.3,46.3,53.7,"Mollens (VD)","C'est non à l'initiative ""Pas de Suisse à 10 millions!» à Mollens (VD). Les habitants ont refusé le texte à 53,7 pour cent. Le rejet de l'initiative est toutefois moins marqué que celui enregistré lors de la votation sur l'initiative ""pour une immigration modérée» en 2020. Les habitants de Mollens (VD) avaient alors dit non à 55,6 pour cent."
5434,60.6,60.6,39.4,"Saint-George (VD)","Les habitants de Saint-George soutiennent à 60,6 pour cent l'initiative ""Pas de Suisse à 10 millions!». Avec ce résultat, Saint-George bascule dans le camp du oui. En 2020, la commune avait rejeté l'initiative ""pour une immigration modérée» avec 66,4 pour cent des voix."
5435,92,92,8,"Saint-Livres (VD)","L'initiative ""Pas de Suisse à 10 millions!» est approuvée à Saint-Livres par 92 pour cent des votants. Avec ce résultat, Saint-Livres bascule dans le camp du oui. En 2020, la commune avait rejeté l'initiative ""pour une immigration modérée» avec 64,5 pour cent des voix."
5436,53,53,47,"Saint-Oyens (VD)","Saint-Oyens dit oui à 53 pour cent à l'initiative ""Pas de Suisse à 10 millions!». Avec ce résultat, Saint-Oyens bascule dans le camp du oui. En 2020, la commune avait rejeté l'initiative ""pour une immigration modérée» avec 65,6 pour cent des voix."
5437,34.6,34.6,65.4,"Saubraz (VD)","A Saubraz, les citoyens rejettent à 65,4 pour cent l'initiative ""Pas de Suisse à 10 millions!». Le refus de l'initiative ""Pas de Suisse à 10 millions!» est plus fort que celui observé pour l'initiative ""pour une immigration modérée» en 2020. La proportion de non à Saubraz était alors de 60,8 pour cent."
5451,11.7,11.7,88.3,"Avenches (VD)","C'est non à l'initiative ""Pas de Suisse à 10 millions!» à Avenches. Les habitants ont refusé le texte à 88,3 pour cent. Le refus de l'initiative ""Pas de Suisse à 10 millions!» est plus fort que celui observé pour l'initiative ""pour une immigration modérée» en 2020. La proportion de non à Avenches était alors de 58,1 pour cent."
5456,36.5,36.5,63.5,"Cudrefin (VD)","A Cudrefin, les citoyens rejettent à 63,5 pour cent l'initiative ""Pas de Suisse à 10 millions!». Le résultat a peu changé par rapport au vote sur l'initiative ""pour une immigration modérée» en 2020. Cudrefin avait alors dit non à 63,1 pour cent."
5458,33.9,33.9,66.1,"Faoug (VD)","L'initiative ""Pas de Suisse à 10 millions!» n'a pas trouvé grâce aux yeux des citoyens de Faoug. Ils ont refusé le texte à 66,1 pour cent. Le rejet de l'initiative est toutefois moins marqué que celui enregistré lors de la votation sur l'initiative ""pour une immigration modérée» en 2020. Les habitants de Faoug avaient alors dit non à 70,8 pour cent."
5464,38.5,38.5,61.5,"Vully-les-Lacs (VD)","A Vully-les-Lacs, les citoyens rejettent à 61,5 pour cent l'initiative ""Pas de Suisse à 10 millions!». Le résultat a peu changé par rapport au vote sur l'initiative ""pour une immigration modérée» en 2020. Vully-les-Lacs avait alors dit non à 60,7 pour cent."
5471,72.1,72.1,27.9,"Bettens (VD)","Les habitants de Bettens soutiennent à 72,1 pour cent l'initiative ""Pas de Suisse à 10 millions!». Avec ce résultat, Bettens bascule dans le camp du oui. En 2020, la commune avait rejeté l'initiative ""pour une immigration modérée» avec 68,4 pour cent des voix."
5472,23,23,77,"Bournens (VD)","Les habitants de Bournens s'opposent à l'initiative ""Pas de Suisse à 10 millions!» par 77 pour cent des voix. Le refus de l'initiative ""Pas de Suisse à 10 millions!» est plus fort que celui observé pour l'initiative ""pour une immigration modérée» en 2020. La proportion de non à Bournens était alors de 63 pour cent."
5473,28.4,28.4,71.6,"Boussens (VD)","L'initiative ""Pas de Suisse à 10 millions!» est refusée à 71,6 pour cent à Boussens. Le refus de l'initiative ""Pas de Suisse à 10 millions!» est plus fort que celui observé pour l'initiative ""pour une immigration modérée» en 2020. La proportion de non à Boussens était alors de 63,9 pour cent."
5474,56.8,56.8,43.2,"La Chaux (Cossonay) (VD)","L'initiative ""Pas de Suisse à 10 millions!» est approuvée à La Chaux (Cossonay) par 56,8 pour cent des votants. Avec ce résultat, La Chaux (Cossonay) bascule dans le camp du oui. En 2020, la commune avait rejeté l'initiative ""pour une immigration modérée» avec 68,1 pour cent des voix."
5475,51.1,51.1,48.9,"Chavannes-le-Veyron (VD)","La population de Chavannes-le-Veyron approuve à 51,1 pour cent l'initiative ""Pas de Suisse à 10 millions!». Avec ce résultat, Chavannes-le-Veyron bascule dans le camp du oui. En 2020, la commune avait rejeté l'initiative ""pour une immigration modérée» avec 70,7 pour cent des voix."
5476,60,60,40,"Chevilly (VD)","L'initiative ""Pas de Suisse à 10 millions!» passe la rampe avec 60 pour cent de oui à Chevilly. Avec ce résultat, Chevilly bascule dans le camp du oui. En 2020, la commune avait rejeté l'initiative ""pour une immigration modérée» avec 73,2 pour cent des voix."
5477,51.2,51.2,48.8,"Cossonay (VD)","La population de Cossonay approuve à 51,2 pour cent l'initiative ""Pas de Suisse à 10 millions!». Avec ce résultat, Cossonay bascule dans le camp du oui. En 2020, la commune avait rejeté l'initiative ""pour une immigration modérée» avec 74,2 pour cent des voix."
5479,56.6,56.6,43.4,"Cuarnens (VD)","L'initiative ""Pas de Suisse à 10 millions!» passe la rampe avec 56,6 pour cent de oui à Cuarnens. Avec ce résultat, Cuarnens bascule dans le camp du oui. En 2020, la commune avait rejeté l'initiative ""pour une immigration modérée» avec 63,7 pour cent des voix."
5480,93.9,93.9,6.1,"Daillens (VD)","Daillens dit oui à 93,9 pour cent à l'initiative ""Pas de Suisse à 10 millions!». Avec ce résultat, Daillens bascule dans le camp du oui. En 2020, la commune avait rejeté l'initiative ""pour une immigration modérée» avec 66,3 pour cent des voix."
5481,51.8,51.8,48.2,"Dizy (VD)","Les habitants de Dizy acceptent à 51,8 pour cent l'initiative ""Pas de Suisse à 10 millions!». Avec ce résultat, Dizy bascule dans le camp du oui. En 2020, la commune avait rejeté l'initiative ""pour une immigration modérée» avec 60,9 pour cent des voix."
5482,68.6,68.6,31.4,"Eclépens (VD)","La population d'Eclépens approuve à 68,6 pour cent l'initiative ""Pas de Suisse à 10 millions!». Avec ce résultat, Eclépens bascule dans le camp du oui. En 2020, la commune avait rejeté l'initiative ""pour une immigration modérée» avec 64,3 pour cent des voix."
5483,50.9,50.9,49.1,"Ferreyres (VD)","A Ferreyres, les habitants disent oui à 50,9 pour cent à l'initiative ""Pas de Suisse à 10 millions!». Avec ce résultat, Ferreyres bascule dans le camp du oui. En 2020, la commune avait rejeté l'initiative ""pour une immigration modérée» avec 68,5 pour cent des voix."
5484,91,91,9,"Gollion (VD)","L'initiative ""Pas de Suisse à 10 millions!» est approuvée à Gollion par 91 pour cent des votants. Avec ce résultat, Gollion bascule dans le camp du oui. En 2020, la commune avait rejeté l'initiative ""pour une immigration modérée» avec 66 pour cent des voix."
5485,12.6,12.6,87.4,"Grancy (VD)","L'initiative ""Pas de Suisse à 10 millions!» n'a pas convaincu à Grancy. Les citoyens de la commune ont refusé le texte à 87,4 pour cent. Le refus de l'initiative ""Pas de Suisse à 10 millions!» est plus fort que celui observé pour l'initiative ""pour une immigration modérée» en 2020. La proportion de non à Grancy était alors de 71,7 pour cent."
5486,16.8,16.8,83.2,"L'Isle (VD)","L'initiative ""Pas de Suisse à 10 millions!» n'a pas trouvé grâce aux yeux des citoyens de L'Isle. Ils ont refusé le texte à 83,2 pour cent. Le refus de l'initiative ""Pas de Suisse à 10 millions!» est plus fort que celui observé pour l'initiative ""pour une immigration modérée» en 2020. La proportion de non à L'Isle était alors de 64,8 pour cent."
5487,53.2,53.2,46.8,"Lussery-Villars (VD)","La population de Lussery-Villars approuve à 53,2 pour cent l'initiative ""Pas de Suisse à 10 millions!». Avec ce résultat, Lussery-Villars bascule dans le camp du oui. En 2020, la commune avait rejeté l'initiative ""pour une immigration modérée» avec 69,1 pour cent des voix."
5488,50.3,50.3,49.7,"Mauraz (VD)","Les habitants de Mauraz acceptent à 50,3 pour cent l'initiative ""Pas de Suisse à 10 millions!». Avec ce résultat, Mauraz bascule dans le camp du oui. En 2020, la commune avait rejeté l'initiative ""pour une immigration modérée» avec 60,7 pour cent des voix."
5489,31.1,31.1,68.9,"Mex (VD)","La population de Mex (VD) rejette à 68,9 pour cent des voix l'initiative ""Pas de Suisse à 10 millions!». Le refus de l'initiative ""Pas de Suisse à 10 millions!» est plus fort que celui observé pour l'initiative ""pour une immigration modérée» en 2020. La proportion de non à Mex (VD) était alors de 62,5 pour cent."
5490,41.6,41.6,58.4,"Moiry (VD)","L'initiative ""Pas de Suisse à 10 millions!» n'a pas convaincu à Moiry. Les citoyens de la commune ont refusé le texte à 58,4 pour cent. Le rejet de l'initiative est toutefois moins marqué que celui enregistré lors de la votation sur l'initiative ""pour une immigration modérée» en 2020. Les habitants de Moiry avaient alors dit non à 64,1 pour cent."
5491,35.4,35.4,64.6,"Mont-la-Ville (VD)","L'initiative ""Pas de Suisse à 10 millions!» n'a pas convaincu à Mont-la-Ville. Les citoyens de la commune ont refusé le texte à 64,6 pour cent. Le refus de l'initiative ""Pas de Suisse à 10 millions!» est plus fort que celui observé pour l'initiative ""pour une immigration modérée» en 2020. La proportion de non à Mont-la-Ville était alors de 59,9 pour cent."
5492,33.9,33.9,66.1,"Montricher (VD)","L'initiative ""Pas de Suisse à 10 millions!» n'a pas trouvé grâce aux yeux des citoyens de Montricher. Ils ont refusé le texte à 66,1 pour cent. Le résultat a peu changé par rapport au vote sur l'initiative ""pour une immigration modérée» en 2020. Montricher avait alors dit non à 65,8 pour cent."
5493,85.7,85.7,14.3,"Orny (VD)","Orny dit oui à 85,7 pour cent à l'initiative ""Pas de Suisse à 10 millions!». Avec ce résultat, Orny bascule dans le camp du oui. En 2020, la commune avait rejeté l'initiative ""pour une immigration modérée» avec 69,5 pour cent des voix."
5495,47,47,53,"Penthalaz (VD)","A Penthalaz, les citoyens rejettent à 53 pour cent l'initiative ""Pas de Suisse à 10 millions!». Le rejet de l'initiative est toutefois moins marqué que celui enregistré lors de la votation sur l'initiative ""pour une immigration modérée» en 2020. Les habitants de Penthalaz avaient alors dit non à 66,9 pour cent."
5496,15.9,15.9,84.1,"Penthaz (VD)","La population de Penthaz rejette à 84,1 pour cent des voix l'initiative ""Pas de Suisse à 10 millions!». Le refus de l'initiative ""Pas de Suisse à 10 millions!» est plus fort que celui observé pour l'initiative ""pour une immigration modérée» en 2020. La proportion de non à Penthaz était alors de 66,3 pour cent."
5497,51.8,51.8,48.2,"Pompaples (VD)","Les habitants de Pompaples soutiennent à 51,8 pour cent l'initiative ""Pas de Suisse à 10 millions!». Avec ce résultat, Pompaples bascule dans le camp du oui. En 2020, la commune avait rejeté l'initiative ""pour une immigration modérée» avec 64,9 pour cent des voix."
5498,65.6,65.6,34.4,"La Sarraz (VD)","Les habitants de La Sarraz soutiennent à 65,6 pour cent l'initiative ""Pas de Suisse à 10 millions!». Avec ce résultat, La Sarraz bascule dans le camp du oui. En 2020, la commune avait rejeté l'initiative ""pour une immigration modérée» avec 71,2 pour cent des voix."
5499,42.6,42.6,57.4,"Senarclens (VD)","L'initiative ""Pas de Suisse à 10 millions!» est refusée à 57,4 pour cent à Senarclens. Le rejet de l'initiative est toutefois moins marqué que celui enregistré lors de la votation sur l'initiative ""pour une immigration modérée» en 2020. Les habitants de Senarclens avaient alors dit non à 65,5 pour cent."
5501,59.9,59.9,40.1,"Sullens (VD)","Les habitants de Sullens soutiennent à 59,9 pour cent l'initiative ""Pas de Suisse à 10 millions!». Avec ce résultat, Sullens bascule dans le camp du oui. En 2020, la commune avait rejeté l'initiative ""pour une immigration modérée» avec 66,4 pour cent des voix."
5503,67.6,67.6,32.4,"Vufflens-la-Ville (VD)","A Vufflens-la-Ville, les habitants disent oui à 67,6 pour cent à l'initiative ""Pas de Suisse à 10 millions!». Avec ce résultat, Vufflens-la-Ville bascule dans le camp du oui. En 2020, la commune avait rejeté l'initiative ""pour une immigration modérée» avec 69,4 pour cent des voix."
5511,80.3,80.3,19.7,"Assens (VD)","L'initiative ""Pas de Suisse à 10 millions!» passe la rampe avec 80,3 pour cent de oui à Assens. Avec ce résultat, Assens bascule dans le camp du oui. En 2020, la commune avait rejeté l'initiative ""pour une immigration modérée» avec 64,1 pour cent des voix."
5512,52.4,52.4,47.6,"Bercher (VD)","L'initiative ""Pas de Suisse à 10 millions!» passe la rampe avec 52,4 pour cent de oui à Bercher. Avec ce résultat, Bercher bascule dans le camp du oui. En 2020, la commune avait rejeté l'initiative ""pour une immigration modérée» avec 71 pour cent des voix."
5514,54,54,46,"Bottens (VD)","L'initiative ""Pas de Suisse à 10 millions!» est approuvée à Bottens par 54 pour cent des votants. Avec ce résultat, Bottens bascule dans le camp du oui. En 2020, la commune avait rejeté l'initiative ""pour une immigration modérée» avec 62,6 pour cent des voix."
5515,62.7,62.7,37.3,"Bretigny-sur-Morrens (VD)","L'initiative ""Pas de Suisse à 10 millions!» est approuvée à Bretigny-sur-Morrens par 62,7 pour cent des votants. Avec ce résultat, Bretigny-sur-Morrens bascule dans le camp du oui. En 2020, la commune avait rejeté l'initiative ""pour une immigration modérée» avec 70,7 pour cent des voix."
5516,54.9,54.9,45.1,"Cugy (VD)","A Cugy (VD), les habitants disent oui à 54,9 pour cent à l'initiative ""Pas de Suisse à 10 millions!». Avec ce résultat, Cugy (VD) bascule dans le camp du oui. En 2020, la commune avait rejeté l'initiative ""pour une immigration modérée» avec 71,2 pour cent des voix."
5518,30.5,30.5,69.5,"Echallens (VD)","C'est non à l'initiative ""Pas de Suisse à 10 millions!» à Echallens. Les habitants ont refusé le texte à 69,5 pour cent. Le rejet de l'initiative est toutefois moins marqué que celui enregistré lors de la votation sur l'initiative ""pour une immigration modérée» en 2020. Les habitants d'Echallens avaient alors dit non à 70,9 pour cent."
5520,48.5,48.5,51.5,"Essertines-sur-Yverdon (VD)","L'initiative ""Pas de Suisse à 10 millions!» n'a pas convaincu à Essertines-sur-Yverdon. Les citoyens de la commune ont refusé le texte à 51,5 pour cent. Le rejet de l'initiative est toutefois moins marqué que celui enregistré lors de la votation sur l'initiative ""pour une immigration modérée» en 2020. Les habitants d'Essertines-sur-Yverdon avaient alors dit non à 63,7 pour cent."
5521,25,25,75,"Etagnières (VD)","A Etagnières, les citoyens rejettent à 75 pour cent l'initiative ""Pas de Suisse à 10 millions!». Le refus de l'initiative ""Pas de Suisse à 10 millions!» est plus fort que celui observé pour l'initiative ""pour une immigration modérée» en 2020. La proportion de non à Etagnières était alors de 69 pour cent."
5522,9.2,9.2,90.8,"Fey (VD)","L'initiative ""Pas de Suisse à 10 millions!» n'a pas convaincu à Fey. Les citoyens de la commune ont refusé le texte à 90,8 pour cent. Le refus de l'initiative ""Pas de Suisse à 10 millions!» est plus fort que celui observé pour l'initiative ""pour une immigration modérée» en 2020. La proportion de non à Fey était alors de 70,4 pour cent."
5523,55.6,55.6,44.4,"Froideville (VD)","A Froideville, les habitants disent oui à 55,6 pour cent à l'initiative ""Pas de Suisse à 10 millions!». Avec ce résultat, Froideville bascule dans le camp du oui. En 2020, la commune avait rejeté l'initiative ""pour une immigration modérée» avec 63,3 pour cent des voix."
5527,57.4,57.4,42.6,"Morrens (VD)","Les habitants de Morrens (VD) acceptent à 57,4 pour cent l'initiative ""Pas de Suisse à 10 millions!». Avec ce résultat, Morrens (VD) bascule dans le camp du oui. En 2020, la commune avait rejeté l'initiative ""pour une immigration modérée» avec 66,1 pour cent des voix."
5529,54.4,54.4,45.6,"Oulens-sous-Echallens (VD)","L'initiative ""Pas de Suisse à 10 millions!» passe la rampe avec 54,4 pour cent de oui à Oulens-sous-Echallens. Avec ce résultat, Oulens-sous-Echallens bascule dans le camp du oui. En 2020, la commune avait rejeté l'initiative ""pour une immigration modérée» avec 67,5 pour cent des voix."
5530,80,80,20,"Pailly (VD)","A Pailly, les habitants disent oui à 80 pour cent à l'initiative ""Pas de Suisse à 10 millions!». Avec ce résultat, Pailly bascule dans le camp du oui. En 2020, la commune avait rejeté l'initiative ""pour une immigration modérée» avec 60,2 pour cent des voix."
5531,96.7,96.7,3.3,"Penthéréaz (VD)","Les habitants de Penthéréaz acceptent à 96,7 pour cent l'initiative ""Pas de Suisse à 10 millions!». Avec ce résultat, Penthéréaz bascule dans le camp du oui. En 2020, la commune avait rejeté l'initiative ""pour une immigration modérée» avec 71,8 pour cent des voix."
5533,67.2,67.2,32.8,"Poliez-Pittet (VD)","L'initiative ""Pas de Suisse à 10 millions!» est approuvée à Poliez-Pittet par 67,2 pour cent des votants. Avec ce résultat, Poliez-Pittet bascule dans le camp du oui. En 2020, la commune avait rejeté l'initiative ""pour une immigration modérée» avec 64 pour cent des voix."
5534,67,67,33,"Rueyres (VD)","Les habitants de Rueyres acceptent à 67 pour cent l'initiative ""Pas de Suisse à 10 millions!». Avec ce résultat, Rueyres bascule dans le camp du oui. En 2020, la commune avait rejeté l'initiative ""pour une immigration modérée» avec 60,6 pour cent des voix."
5535,7.8,7.8,92.2,"Saint-Barthélemy (VD)","A Saint-Barthélemy (VD), les citoyens rejettent à 92,2 pour cent l'initiative ""Pas de Suisse à 10 millions!». Le refus de l'initiative ""Pas de Suisse à 10 millions!» est plus fort que celui observé pour l'initiative ""pour une immigration modérée» en 2020. La proportion de non à Saint-Barthélemy (VD) était alors de 67,3 pour cent."
5537,58.2,58.2,41.8,"Villars-le-Terroir (VD)","Villars-le-Terroir dit oui à 58,2 pour cent à l'initiative ""Pas de Suisse à 10 millions!». Avec ce résultat, Villars-le-Terroir bascule dans le camp du oui. En 2020, la commune avait rejeté l'initiative ""pour une immigration modérée» avec 64,1 pour cent des voix."
5539,9.9,9.9,90.1,"Vuarrens (VD)","Les habitants de Vuarrens s'opposent à l'initiative ""Pas de Suisse à 10 millions!» par 90,1 pour cent des voix. Le refus de l'initiative ""Pas de Suisse à 10 millions!» est plus fort que celui observé pour l'initiative ""pour une immigration modérée» en 2020. La proportion de non à Vuarrens était alors de 53,7 pour cent."
5540,43.4,43.4,56.6,"Montilliez (VD)","L'initiative ""Pas de Suisse à 10 millions!» n'a pas convaincu à Montilliez. Les citoyens de la commune ont refusé le texte à 56,6 pour cent. Le rejet de l'initiative est toutefois moins marqué que celui enregistré lors de la votation sur l'initiative ""pour une immigration modérée» en 2020. Les habitants de Montilliez avaient alors dit non à 60 pour cent."
5541,87.7,87.7,12.3,"Goumoëns (VD)","L'initiative ""Pas de Suisse à 10 millions!» est approuvée à Goumoëns par 87,7 pour cent des votants. Avec ce résultat, Goumoëns bascule dans le camp du oui. En 2020, la commune avait rejeté l'initiative ""pour une immigration modérée» avec 66,2 pour cent des voix."
5551,40.1,40.1,59.9,"Bonvillars (VD)","L'initiative ""Pas de Suisse à 10 millions!» n'a pas convaincu à Bonvillars. Les citoyens de la commune ont refusé le texte à 59,9 pour cent. Le rejet de l'initiative est toutefois moins marqué que celui enregistré lors de la votation sur l'initiative ""pour une immigration modérée» en 2020. Les habitants de Bonvillars avaient alors dit non à 65,1 pour cent."
5552,74,74,26,"Bullet (VD)","Les habitants de Bullet soutiennent à 74 pour cent l'initiative ""Pas de Suisse à 10 millions!». Avec ce résultat, Bullet bascule dans le camp du oui. En 2020, la commune avait rejeté l'initiative ""pour une immigration modérée» avec 59,6 pour cent des voix."
5553,25,25,75,"Champagne (VD)","La population de Champagne rejette à 75 pour cent des voix l'initiative ""Pas de Suisse à 10 millions!». Le résultat a peu changé par rapport au vote sur l'initiative ""pour une immigration modérée» en 2020. Champagne avait alors dit non à 74,3 pour cent."
5554,58.1,58.1,41.9,"Concise (VD)","Les habitants de Concise soutiennent à 58,1 pour cent l'initiative ""Pas de Suisse à 10 millions!». Avec ce résultat, Concise bascule dans le camp du oui. En 2020, la commune avait rejeté l'initiative ""pour une immigration modérée» avec 69,5 pour cent des voix."
5555,50,50,50,"Corcelles-près-Concise (VD)","Les habitants de Corcelles-près-Concise acceptent à 50 pour cent l'initiative ""Pas de Suisse à 10 millions!». Avec ce résultat, Corcelles-près-Concise bascule dans le camp du oui. En 2020, la commune avait rejeté l'initiative ""pour une immigration modérée» avec 71,3 pour cent des voix."
5556,35.5,35.5,64.5,"Fiez (VD)","C'est non à l'initiative ""Pas de Suisse à 10 millions!» à Fiez. Les habitants ont refusé le texte à 64,5 pour cent. Le rejet de l'initiative est toutefois moins marqué que celui enregistré lors de la votation sur l'initiative ""pour une immigration modérée» en 2020. Les habitants de Fiez avaient alors dit non à 75 pour cent."
5557,45.3,45.3,54.7,"Fontaines-sur-Grandson (VD)","Les habitants de Fontaines-sur-Grandson s'opposent à l'initiative ""Pas de Suisse à 10 millions!» par 54,7 pour cent des voix. Le rejet de l'initiative est toutefois moins marqué que celui enregistré lors de la votation sur l'initiative ""pour une immigration modérée» en 2020. Les habitants de Fontaines-sur-Grandson avaient alors dit non à 72 pour cent."
5559,90.3,90.3,9.7,"Giez (VD)","Les habitants de Giez acceptent à 90,3 pour cent l'initiative ""Pas de Suisse à 10 millions!». Avec ce résultat, Giez bascule dans le camp du oui. En 2020, la commune avait rejeté l'initiative ""pour une immigration modérée» avec 68,6 pour cent des voix."
5560,42.9,42.9,57.1,"Grandevent (VD)","Les habitants de Grandevent s'opposent à l'initiative ""Pas de Suisse à 10 millions!» par 57,1 pour cent des voix. Le rejet de l'initiative est toutefois moins marqué que celui enregistré lors de la votation sur l'initiative ""pour une immigration modérée» en 2020. Les habitants de Grandevent avaient alors dit non à 75,2 pour cent."
5561,49.7,49.7,50.3,"Grandson (VD)","L'initiative ""Pas de Suisse à 10 millions!» est refusée à 50,3 pour cent à Grandson. Le rejet de l'initiative est toutefois moins marqué que celui enregistré lors de la votation sur l'initiative ""pour une immigration modérée» en 2020. Les habitants de Grandson avaient alors dit non à 74,1 pour cent."
5562,35.1,35.1,64.9,"Mauborget (VD)","Les habitants de Mauborget s'opposent à l'initiative ""Pas de Suisse à 10 millions!» par 64,9 pour cent des voix. En cinq ans, la commune a ainsi changé de camp sur la question de la limitation de l'immigration. Mauborget avait rejeté l'initiative ""pour une immigration modérée» à 48 pour cent en 2020."
5563,34,34,66,"Mutrux (VD)","C'est non à l'initiative ""Pas de Suisse à 10 millions!» à Mutrux. Les habitants ont refusé le texte à 66 pour cent. Le refus de l'initiative ""Pas de Suisse à 10 millions!» est plus fort que celui observé pour l'initiative ""pour une immigration modérée» en 2020. La proportion de non à Mutrux était alors de 60 pour cent."
5564,71.7,71.7,28.3,"Novalles (VD)","L'initiative ""Pas de Suisse à 10 millions!» est approuvée à Novalles par 71,7 pour cent des votants. Avec ce résultat, Novalles bascule dans le camp du oui. En 2020, la commune avait rejeté l'initiative ""pour une immigration modérée» avec 64 pour cent des voix."
5565,71.3,71.3,28.7,"Onnens (VD)","L'initiative ""Pas de Suisse à 10 millions!» est approuvée à Onnens (VD) par 71,3 pour cent des votants. Avec ce résultat, Onnens (VD) bascule dans le camp du oui. En 2020, la commune avait rejeté l'initiative ""pour une immigration modérée» avec 71,3 pour cent des voix."
5566,69.3,69.3,30.7,"Provence (VD)","La population de Provence approuve à 69,3 pour cent l'initiative ""Pas de Suisse à 10 millions!». Avec ce résultat, Provence bascule dans le camp du oui. En 2020, la commune avait rejeté l'initiative ""pour une immigration modérée» avec 61,5 pour cent des voix."
5568,71.1,71.1,28.9,"Sainte-Croix (VD)","La population de Sainte-Croix approuve à 71,1 pour cent l'initiative ""Pas de Suisse à 10 millions!». Avec ce résultat, Sainte-Croix bascule dans le camp du oui. En 2020, la commune avait rejeté l'initiative ""pour une immigration modérée» avec 62,5 pour cent des voix."
5571,44.4,44.4,55.6,"Tévenon (VD)","C'est non à l'initiative ""Pas de Suisse à 10 millions!» à Tévenon. Les habitants ont refusé le texte à 55,6 pour cent. Le rejet de l'initiative est toutefois moins marqué que celui enregistré lors de la votation sur l'initiative ""pour une immigration modérée» en 2020. Les habitants de Tévenon avaient alors dit non à 65,9 pour cent."
5581,10,10,90,"Belmont-sur-Lausanne (VD)","C'est non à l'initiative ""Pas de Suisse à 10 millions!» à Belmont-sur-Lausanne. Les habitants ont refusé le texte à 90 pour cent. Le refus de l'initiative ""Pas de Suisse à 10 millions!» est plus fort que celui observé pour l'initiative ""pour une immigration modérée» en 2020. La proportion de non à Belmont-sur-Lausanne était alors de 77,3 pour cent."
5582,47.9,47.9,52.1,"Cheseaux-sur-Lausanne (VD)","L'initiative ""Pas de Suisse à 10 millions!» n'a pas convaincu à Cheseaux-sur-Lausanne. Les citoyens de la commune ont refusé le texte à 52,1 pour cent. Le rejet de l'initiative est toutefois moins marqué que celui enregistré lors de la votation sur l'initiative ""pour une immigration modérée» en 2020. Les habitants de Cheseaux-sur-Lausanne avaient alors dit non à 71,9 pour cent."
5583,46.1,46.1,53.9,"Crissier (VD)","L'initiative ""Pas de Suisse à 10 millions!» n'a pas trouvé grâce aux yeux des citoyens de Crissier. Ils ont refusé le texte à 53,9 pour cent. Le rejet de l'initiative est toutefois moins marqué que celui enregistré lors de la votation sur l'initiative ""pour une immigration modérée» en 2020. Les habitants de Crissier avaient alors dit non à 69,8 pour cent."
5584,44.5,44.5,55.5,"Epalinges (VD)","C'est non à l'initiative ""Pas de Suisse à 10 millions!» à Epalinges. Les habitants ont refusé le texte à 55,5 pour cent. Le rejet de l'initiative est toutefois moins marqué que celui enregistré lors de la votation sur l'initiative ""pour une immigration modérée» en 2020. Les habitants d'Epalinges avaient alors dit non à 76 pour cent."
5585,58.1,58.1,41.9,"Jouxtens-Mézery (VD)","La population de Jouxtens-Mézery approuve à 58,1 pour cent l'initiative ""Pas de Suisse à 10 millions!». Avec ce résultat, Jouxtens-Mézery bascule dans le camp du oui. En 2020, la commune avait rejeté l'initiative ""pour une immigration modérée» avec 76,5 pour cent des voix."
5586,47.4,47.4,52.6,"Lausanne (VD)","A Lausanne, les citoyens rejettent à 52,6 pour cent l'initiative ""Pas de Suisse à 10 millions!». Le rejet de l'initiative est toutefois moins marqué que celui enregistré lors de la votation sur l'initiative ""pour une immigration modérée» en 2020. Les habitants de Lausanne avaient alors dit non à 79,1 pour cent."
5587,28.3,28.3,71.7,"Le Mont-sur-Lausanne (VD)","Au Mont-sur-Lausanne, les citoyens rejettent à 71,7 pour cent l'initiative ""Pas de Suisse à 10 millions!». Le rejet de l'initiative est toutefois moins marqué que celui enregistré lors de la votation sur l'initiative ""pour une immigration modérée» en 2020. Les habitants du Mont-sur-Lausanne avaient alors dit non à 73,5 pour cent."
5588,28.4,28.4,71.6,"Paudex (VD)","C'est non à l'initiative ""Pas de Suisse à 10 millions!» à Paudex. Les habitants ont refusé le texte à 71,6 pour cent. Le rejet de l'initiative est toutefois moins marqué que celui enregistré lors de la votation sur l'initiative ""pour une immigration modérée» en 2020. Les habitants de Paudex avaient alors dit non à 76,1 pour cent."
5589,32.3,32.3,67.7,"Prilly (VD)","A Prilly, les citoyens rejettent à 67,7 pour cent l'initiative ""Pas de Suisse à 10 millions!». Le rejet de l'initiative est toutefois moins marqué que celui enregistré lors de la votation sur l'initiative ""pour une immigration modérée» en 2020. Les habitants de Prilly avaient alors dit non à 72,7 pour cent."
5590,2.5,2.5,97.5,"Pully (VD)","La population de Pully rejette à 97,5 pour cent des voix l'initiative ""Pas de Suisse à 10 millions!». Le refus de l'initiative ""Pas de Suisse à 10 millions!» est plus fort que celui observé pour l'initiative ""pour une immigration modérée» en 2020. La proportion de non à Pully était alors de 76,9 pour cent."
5591,31.9,31.9,68.1,"Renens (VD)","A Renens (VD), les citoyens rejettent à 68,1 pour cent l'initiative ""Pas de Suisse à 10 millions!». Le résultat a peu changé par rapport au vote sur l'initiative ""pour une immigration modérée» en 2020. Renens (VD) avait alors dit non à 68,3 pour cent."
5592,62.3,62.3,37.7,"Romanel-sur-Lausanne (VD)","A Romanel-sur-Lausanne, les habitants disent oui à 62,3 pour cent à l'initiative ""Pas de Suisse à 10 millions!». Avec ce résultat, Romanel-sur-Lausanne bascule dans le camp du oui. En 2020, la commune avait rejeté l'initiative ""pour une immigration modérée» avec 63,5 pour cent des voix."
5601,30,30,70,"Chexbres (VD)","L'initiative ""Pas de Suisse à 10 millions!» est refusée à 70 pour cent à Chexbres. Le rejet de l'initiative est toutefois moins marqué que celui enregistré lors de la votation sur l'initiative ""pour une immigration modérée» en 2020. Les habitants de Chexbres avaient alors dit non à 71,8 pour cent."
5604,72.1,72.1,27.9,"Forel (Lavaux) (VD)","Les habitants de Forel (Lavaux) soutiennent à 72,1 pour cent l'initiative ""Pas de Suisse à 10 millions!». Avec ce résultat, Forel (Lavaux) bascule dans le camp du oui. En 2020, la commune avait rejeté l'initiative ""pour une immigration modérée» avec 64,5 pour cent des voix."
5606,35.7,35.7,64.3,"Lutry (VD)","Les habitants de Lutry s'opposent à l'initiative ""Pas de Suisse à 10 millions!» par 64,3 pour cent des voix. Le rejet de l'initiative est toutefois moins marqué que celui enregistré lors de la votation sur l'initiative ""pour une immigration modérée» en 2020. Les habitants de Lutry avaient alors dit non à 76,7 pour cent."
5607,61.3,61.3,38.7,"Puidoux (VD)","L'initiative ""Pas de Suisse à 10 millions!» est approuvée à Puidoux par 61,3 pour cent des votants. Avec ce résultat, Puidoux bascule dans le camp du oui. En 2020, la commune avait rejeté l'initiative ""pour une immigration modérée» avec 67,4 pour cent des voix."
5609,31.4,31.4,68.6,"Rivaz (VD)","C'est non à l'initiative ""Pas de Suisse à 10 millions!» à Rivaz. Les habitants ont refusé le texte à 68,6 pour cent. Le rejet de l'initiative est toutefois moins marqué que celui enregistré lors de la votation sur l'initiative ""pour une immigration modérée» en 2020. Les habitants de Rivaz avaient alors dit non à 78,4 pour cent."
5610,49.5,49.5,50.5,"Saint-Saphorin (Lavaux) (VD)","Les habitants de Saint-Saphorin (Lavaux) s'opposent à l'initiative ""Pas de Suisse à 10 millions!» par 50,5 pour cent des voix. Le rejet de l'initiative est toutefois moins marqué que celui enregistré lors de la votation sur l'initiative ""pour une immigration modérée» en 2020. Les habitants de Saint-Saphorin (Lavaux) avaient alors dit non à 78,9 pour cent."
5611,62.2,62.2,37.8,"Savigny (VD)","Les habitants de Savigny soutiennent à 62,2 pour cent l'initiative ""Pas de Suisse à 10 millions!». Avec ce résultat, Savigny bascule dans le camp du oui. En 2020, la commune avait rejeté l'initiative ""pour une immigration modérée» avec 69,2 pour cent des voix."
5613,62.8,62.8,37.2,"Bourg-en-Lavaux (VD)","A Bourg-en-Lavaux, les habitants disent oui à 62,8 pour cent à l'initiative ""Pas de Suisse à 10 millions!». Avec ce résultat, Bourg-en-Lavaux bascule dans le camp du oui. En 2020, la commune avait rejeté l'initiative ""pour une immigration modérée» avec 78,2 pour cent des voix."
5621,54,54,46,"Aclens (VD)","L'initiative ""Pas de Suisse à 10 millions!» est approuvée à Aclens par 54 pour cent des votants. Avec ce résultat, Aclens bascule dans le camp du oui. En 2020, la commune avait rejeté l'initiative ""pour une immigration modérée» avec 69,3 pour cent des voix."
5622,52.9,52.9,47.1,"Bremblens (VD)","Bremblens dit oui à 52,9 pour cent à l'initiative ""Pas de Suisse à 10 millions!». Avec ce résultat, Bremblens bascule dans le camp du oui. En 2020, la commune avait rejeté l'initiative ""pour une immigration modérée» avec 76,4 pour cent des voix."
5623,57.2,57.2,42.8,"Buchillon (VD)","A Buchillon, les habitants disent oui à 57,2 pour cent à l'initiative ""Pas de Suisse à 10 millions!». Avec ce résultat, Buchillon bascule dans le camp du oui. En 2020, la commune avait rejeté l'initiative ""pour une immigration modérée» avec 72,6 pour cent des voix."
5624,49.8,49.8,50.2,"Bussigny (VD)","L'initiative ""Pas de Suisse à 10 millions!» n'a pas trouvé grâce aux yeux des citoyens de Bussigny. Ils ont refusé le texte à 50,2 pour cent. Le rejet de l'initiative est toutefois moins marqué que celui enregistré lors de la votation sur l'initiative ""pour une immigration modérée» en 2020. Les habitants de Bussigny avaient alors dit non à 70,7 pour cent."
5627,14.9,14.9,85.1,"Chavannes-près-Renens (VD)","Les habitants de Chavannes-près-Renens s'opposent à l'initiative ""Pas de Suisse à 10 millions!» par 85,1 pour cent des voix. Le refus de l'initiative ""Pas de Suisse à 10 millions!» est plus fort que celui observé pour l'initiative ""pour une immigration modérée» en 2020. La proportion de non à Chavannes-près-Renens était alors de 67,3 pour cent."
5628,42.5,42.5,57.5,"Chigny (VD)","L'initiative ""Pas de Suisse à 10 millions!» est refusée à 57,5 pour cent à Chigny. Le rejet de l'initiative est toutefois moins marqué que celui enregistré lors de la votation sur l'initiative ""pour une immigration modérée» en 2020. Les habitants de Chigny avaient alors dit non à 80 pour cent."
5629,47.8,47.8,52.2,"Clarmont (VD)","C'est non à l'initiative ""Pas de Suisse à 10 millions!» à Clarmont. Les habitants ont refusé le texte à 52,2 pour cent. Le rejet de l'initiative est toutefois moins marqué que celui enregistré lors de la votation sur l'initiative ""pour une immigration modérée» en 2020. Les habitants de Clarmont avaient alors dit non à 65 pour cent."
5631,56.6,56.6,43.4,"Denens (VD)","La population de Denens approuve à 56,6 pour cent l'initiative ""Pas de Suisse à 10 millions!». Avec ce résultat, Denens bascule dans le camp du oui. En 2020, la commune avait rejeté l'initiative ""pour une immigration modérée» avec 79,5 pour cent des voix."
5632,29.3,29.3,70.7,"Denges (VD)","C'est non à l'initiative ""Pas de Suisse à 10 millions!» à Denges. Les habitants ont refusé le texte à 70,7 pour cent. Le rejet de l'initiative est toutefois moins marqué que celui enregistré lors de la votation sur l'initiative ""pour une immigration modérée» en 2020. Les habitants de Denges avaient alors dit non à 76,6 pour cent."
5633,96.2,96.2,3.8,"Echandens (VD)","Les habitants d'Echandens soutiennent à 96,2 pour cent l'initiative ""Pas de Suisse à 10 millions!». Avec ce résultat, Echandens bascule dans le camp du oui. En 2020, la commune avait rejeté l'initiative ""pour une immigration modérée» avec 69,9 pour cent des voix."
5634,53,53,47,"Echichens (VD)","L'initiative ""Pas de Suisse à 10 millions!» passe la rampe avec 53 pour cent de oui à Echichens. Avec ce résultat, Echichens bascule dans le camp du oui. En 2020, la commune avait rejeté l'initiative ""pour une immigration modérée» avec 72,4 pour cent des voix."
5635,54.6,54.6,45.4,"Ecublens (VD)","A Ecublens (VD), les habitants disent oui à 54,6 pour cent à l'initiative ""Pas de Suisse à 10 millions!». Avec ce résultat, Ecublens (VD) bascule dans le camp du oui. En 2020, la commune avait rejeté l'initiative ""pour une immigration modérée» avec 69,4 pour cent des voix."
5636,3.3,3.3,96.7,"Etoy (VD)","Les habitants d'Etoy s'opposent à l'initiative ""Pas de Suisse à 10 millions!» par 96,7 pour cent des voix. Le refus de l'initiative ""Pas de Suisse à 10 millions!» est plus fort que celui observé pour l'initiative ""pour une immigration modérée» en 2020. La proportion de non à Etoy était alors de 73 pour cent."
5637,33.2,33.2,66.8,"Lavigny (VD)","A Lavigny, les citoyens rejettent à 66,8 pour cent l'initiative ""Pas de Suisse à 10 millions!». Le rejet de l'initiative est toutefois moins marqué que celui enregistré lors de la votation sur l'initiative ""pour une immigration modérée» en 2020. Les habitants de Lavigny avaient alors dit non à 74,9 pour cent."
5638,56.7,56.7,43.3,"Lonay (VD)","A Lonay, les habitants disent oui à 56,7 pour cent à l'initiative ""Pas de Suisse à 10 millions!». Avec ce résultat, Lonay bascule dans le camp du oui. En 2020, la commune avait rejeté l'initiative ""pour une immigration modérée» avec 72 pour cent des voix."
5639,61.3,61.3,38.7,"Lully (VD)","Les habitants de Lully (VD) acceptent à 61,3 pour cent l'initiative ""Pas de Suisse à 10 millions!». Avec ce résultat, Lully (VD) bascule dans le camp du oui. En 2020, la commune avait rejeté l'initiative ""pour une immigration modérée» avec 81,1 pour cent des voix."
5640,53,53,47,"Lussy-sur-Morges (VD)","L'initiative ""Pas de Suisse à 10 millions!» est approuvée à Lussy-sur-Morges par 53 pour cent des votants. Avec ce résultat, Lussy-sur-Morges bascule dans le camp du oui. En 2020, la commune avait rejeté l'initiative ""pour une immigration modérée» avec 82,7 pour cent des voix."
5642,64.1,64.1,35.9,"Morges (VD)","A Morges, les habitants disent oui à 64,1 pour cent à l'initiative ""Pas de Suisse à 10 millions!». Avec ce résultat, Morges bascule dans le camp du oui. En 2020, la commune avait rejeté l'initiative ""pour une immigration modérée» avec 73,1 pour cent des voix."
5643,61.2,61.2,38.8,"Préverenges (VD)","L'initiative ""Pas de Suisse à 10 millions!» passe la rampe avec 61,2 pour cent de oui à Préverenges. Avec ce résultat, Préverenges bascule dans le camp du oui. En 2020, la commune avait rejeté l'initiative ""pour une immigration modérée» avec 73,3 pour cent des voix."
5645,67,67,33,"Romanel-sur-Morges (VD)","Les habitants de Romanel-sur-Morges acceptent à 67 pour cent l'initiative ""Pas de Suisse à 10 millions!». Avec ce résultat, Romanel-sur-Morges bascule dans le camp du oui. En 2020, la commune avait rejeté l'initiative ""pour une immigration modérée» avec 72,2 pour cent des voix."
5646,38.5,38.5,61.5,"Saint-Prex (VD)","L'initiative ""Pas de Suisse à 10 millions!» n'a pas convaincu à Saint-Prex. Les citoyens de la commune ont refusé le texte à 61,5 pour cent. Le rejet de l'initiative est toutefois moins marqué que celui enregistré lors de la votation sur l'initiative ""pour une immigration modérée» en 2020. Les habitants de Saint-Prex avaient alors dit non à 72,9 pour cent."
5648,69.9,69.9,30.1,"Saint-Sulpice (VD)","Les habitants de Saint-Sulpice (VD) soutiennent à 69,9 pour cent l'initiative ""Pas de Suisse à 10 millions!». Avec ce résultat, Saint-Sulpice (VD) bascule dans le camp du oui. En 2020, la commune avait rejeté l'initiative ""pour une immigration modérée» avec 62 pour cent des voix."
5649,29.2,29.2,70.8,"Tolochenaz (VD)","A Tolochenaz, les citoyens rejettent à 70,8 pour cent l'initiative ""Pas de Suisse à 10 millions!». Le résultat a peu changé par rapport au vote sur l'initiative ""pour une immigration modérée» en 2020. Tolochenaz avait alors dit non à 70,4 pour cent."
5650,58.7,58.7,41.3,"Vaux-sur-Morges (VD)","Vaux-sur-Morges dit oui à 58,7 pour cent à l'initiative ""Pas de Suisse à 10 millions!». Avec ce résultat, Vaux-sur-Morges bascule dans le camp du oui. En 2020, la commune avait rejeté l'initiative ""pour une immigration modérée» avec 77,8 pour cent des voix."
5651,31,31,69,"Villars-Sainte-Croix (VD)","A Villars-Sainte-Croix, les citoyens rejettent à 69 pour cent l'initiative ""Pas de Suisse à 10 millions!». Le refus de l'initiative ""Pas de Suisse à 10 millions!» est plus fort que celui observé pour l'initiative ""pour une immigration modérée» en 2020. La proportion de non à Villars-Sainte-Croix était alors de 62,4 pour cent."
5652,72.1,72.1,27.9,"Villars-sous-Yens (VD)","Villars-sous-Yens dit oui à 72,1 pour cent à l'initiative ""Pas de Suisse à 10 millions!». Avec ce résultat, Villars-sous-Yens bascule dans le camp du oui. En 2020, la commune avait rejeté l'initiative ""pour une immigration modérée» avec 71 pour cent des voix."
5653,44.7,44.7,55.3,"Vufflens-le-Château (VD)","L'initiative ""Pas de Suisse à 10 millions!» n'a pas convaincu à Vufflens-le-Château. Les citoyens de la commune ont refusé le texte à 55,3 pour cent. Le rejet de l'initiative est toutefois moins marqué que celui enregistré lors de la votation sur l'initiative ""pour une immigration modérée» en 2020. Les habitants de Vufflens-le-Château avaient alors dit non à 76,3 pour cent."
5654,91.2,91.2,8.8,"Vullierens (VD)","Vullierens dit oui à 91,2 pour cent à l'initiative ""Pas de Suisse à 10 millions!». Avec ce résultat, Vullierens bascule dans le camp du oui. En 2020, la commune avait rejeté l'initiative ""pour une immigration modérée» avec 67,7 pour cent des voix."
5655,88.4,88.4,11.6,"Yens (VD)","A Yens, les habitants disent oui à 88,4 pour cent à l'initiative ""Pas de Suisse à 10 millions!». Avec ce résultat, Yens bascule dans le camp du oui. En 2020, la commune avait rejeté l'initiative ""pour une immigration modérée» avec 70,2 pour cent des voix."
5656,12.4,12.4,87.6,"Hautemorges (VD)","La population de Hautemorges rejette à 87,6 pour cent des voix l'initiative ""Pas de Suisse à 10 millions!». Le refus de l'initiative ""Pas de Suisse à 10 millions!» est plus fort que celui observé pour l'initiative ""pour une immigration modérée» en 2020. La proportion de non à Hautemorges était alors de 72,2 pour cent."
5661,58.2,58.2,41.8,"Boulens (VD)","Les habitants de Boulens soutiennent à 58,2 pour cent l'initiative ""Pas de Suisse à 10 millions!». Avec ce résultat, Boulens bascule dans le camp du oui. En 2020, la commune avait rejeté l'initiative ""pour une immigration modérée» avec 69,1 pour cent des voix."
5663,84.5,84.5,15.5,"Bussy-sur-Moudon (VD)","Bussy-sur-Moudon dit oui à 84,5 pour cent à l'initiative ""Pas de Suisse à 10 millions!». Avec ce résultat, Bussy-sur-Moudon bascule dans le camp du oui. En 2020, la commune avait rejeté l'initiative ""pour une immigration modérée» avec 53,2 pour cent des voix."
5665,79.1,79.1,20.9,"Chavannes-sur-Moudon (VD)","Les habitants de Chavannes-sur-Moudon soutiennent à 79,1 pour cent l'initiative ""Pas de Suisse à 10 millions!». Le soutien à l'initiative ""Pas de Suisse à 10 millions!» a augmenté à Chavannes-sur-Moudon par rapport à l'initiative ""pour une immigration modérée» soumise au vote en 2020. Lors de cette votation, 51,8 pour cent des habitants de la commune avaient accepté ce texte."
5669,22.5,22.5,77.5,"Curtilles (VD)","C'est non à l'initiative ""Pas de Suisse à 10 millions!» à Curtilles. Les habitants ont refusé le texte à 77,5 pour cent. Le refus de l'initiative ""Pas de Suisse à 10 millions!» est plus fort que celui observé pour l'initiative ""pour une immigration modérée» en 2020. La proportion de non à Curtilles était alors de 57,2 pour cent."
5671,92.9,92.9,7.1,"Dompierre (VD)","L'initiative ""Pas de Suisse à 10 millions!» est approuvée à Dompierre (VD) par 92,9 pour cent des votants. Avec ce résultat, Dompierre (VD) bascule dans le camp du oui. En 2020, la commune avait rejeté l'initiative ""pour une immigration modérée» avec 52,2 pour cent des voix."
5673,41.3,41.3,58.7,"Hermenches (VD)","A Hermenches, les citoyens rejettent à 58,7 pour cent l'initiative ""Pas de Suisse à 10 millions!». Le refus de l'initiative ""Pas de Suisse à 10 millions!» est plus fort que celui observé pour l'initiative ""pour une immigration modérée» en 2020. La proportion de non à Hermenches était alors de 52,4 pour cent."
5674,69.4,69.4,30.6,"Lovatens (VD)","L'initiative ""Pas de Suisse à 10 millions!» passe la rampe avec 69,4 pour cent de oui à Lovatens. Avec ce résultat, Lovatens bascule dans le camp du oui. En 2020, la commune avait rejeté l'initiative ""pour une immigration modérée» avec 66,2 pour cent des voix."
5675,31.3,31.3,68.7,"Lucens (VD)","L'initiative ""Pas de Suisse à 10 millions!» est refusée à 68,7 pour cent à Lucens. Le refus de l'initiative ""Pas de Suisse à 10 millions!» est plus fort que celui observé pour l'initiative ""pour une immigration modérée» en 2020. La proportion de non à Lucens était alors de 59,2 pour cent."
5678,51.6,51.6,48.4,"Moudon (VD)","L'initiative ""Pas de Suisse à 10 millions!» est approuvée à Moudon par 51,6 pour cent des votants. Avec ce résultat, Moudon bascule dans le camp du oui. En 2020, la commune avait rejeté l'initiative ""pour une immigration modérée» avec 63,4 pour cent des voix."
5680,33.2,33.2,66.8,"Ogens (VD)","L'initiative ""Pas de Suisse à 10 millions!» est refusée à 66,8 pour cent à Ogens. Le refus de l'initiative ""Pas de Suisse à 10 millions!» est plus fort que celui observé pour l'initiative ""pour une immigration modérée» en 2020. La proportion de non à Ogens était alors de 60,3 pour cent."
5683,66.8,66.8,33.2,"Prévonloup (VD)","Prévonloup dit oui à 66,8 pour cent à l'initiative ""Pas de Suisse à 10 millions!». Avec ce résultat, Prévonloup bascule dans le camp du oui. En 2020, la commune avait rejeté l'initiative ""pour une immigration modérée» avec 61,8 pour cent des voix."
5684,93.7,93.7,6.3,"Rossenges (VD)","La population de Rossenges approuve à 93,7 pour cent l'initiative ""Pas de Suisse à 10 millions!». Avec ce résultat, Rossenges bascule dans le camp du oui. En 2020, la commune avait rejeté l'initiative ""pour une immigration modérée» avec 57,6 pour cent des voix."
5688,36.3,36.3,63.7,"Syens (VD)","L'initiative ""Pas de Suisse à 10 millions!» n'a pas convaincu à Syens. Les citoyens de la commune ont refusé le texte à 63,7 pour cent. En cinq ans, la commune a ainsi changé de camp sur la question de la limitation de l'immigration. Syens avait rejeté l'initiative ""pour une immigration modérée» à 47,2 pour cent en 2020."
5690,77.5,77.5,22.5,"Villars-le-Comte (VD)","Les habitants de Villars-le-Comte acceptent à 77,5 pour cent l'initiative ""Pas de Suisse à 10 millions!». Avec ce résultat, Villars-le-Comte bascule dans le camp du oui. En 2020, la commune avait rejeté l'initiative ""pour une immigration modérée» avec 58,3 pour cent des voix."
5692,80.9,80.9,19.1,"Vucherens (VD)","A Vucherens, les habitants disent oui à 80,9 pour cent à l'initiative ""Pas de Suisse à 10 millions!». Avec ce résultat, Vucherens bascule dans le camp du oui. En 2020, la commune avait rejeté l'initiative ""pour une immigration modérée» avec 62,8 pour cent des voix."
5693,44.8,44.8,55.2,"Montanaire (VD)","L'initiative ""Pas de Suisse à 10 millions!» est refusée à 55,2 pour cent à Montanaire. Le rejet de l'initiative est toutefois moins marqué que celui enregistré lors de la votation sur l'initiative ""pour une immigration modérée» en 2020. Les habitants de Montanaire avaient alors dit non à 61,2 pour cent."
5701,46.7,46.7,53.3,"Arnex-sur-Nyon (VD)","L'initiative ""Pas de Suisse à 10 millions!» est refusée à 53,3 pour cent à Arnex-sur-Nyon. Le rejet de l'initiative est toutefois moins marqué que celui enregistré lors de la votation sur l'initiative ""pour une immigration modérée» en 2020. Les habitants d'Arnex-sur-Nyon avaient alors dit non à 79,6 pour cent."
5702,70.8,70.8,29.2,"Arzier-Le Muids (VD)","La population d'Arzier-Le Muids approuve à 70,8 pour cent l'initiative ""Pas de Suisse à 10 millions!». Avec ce résultat, Arzier-Le Muids bascule dans le camp du oui. En 2020, la commune avait rejeté l'initiative ""pour une immigration modérée» avec 69,6 pour cent des voix."
5703,68.4,68.4,31.6,"Bassins (VD)","A Bassins, les habitants disent oui à 68,4 pour cent à l'initiative ""Pas de Suisse à 10 millions!». Avec ce résultat, Bassins bascule dans le camp du oui. En 2020, la commune avait rejeté l'initiative ""pour une immigration modérée» avec 71,3 pour cent des voix."
5704,49.6,49.6,50.4,"Begnins (VD)","La population de Begnins rejette à 50,4 pour cent des voix l'initiative ""Pas de Suisse à 10 millions!». Le rejet de l'initiative est toutefois moins marqué que celui enregistré lors de la votation sur l'initiative ""pour une immigration modérée» en 2020. Les habitants de Begnins avaient alors dit non à 71 pour cent."
5705,61.4,61.4,38.6,"Bogis-Bossey (VD)","Les habitants de Bogis-Bossey acceptent à 61,4 pour cent l'initiative ""Pas de Suisse à 10 millions!». Avec ce résultat, Bogis-Bossey bascule dans le camp du oui. En 2020, la commune avait rejeté l'initiative ""pour une immigration modérée» avec 76,4 pour cent des voix."
5706,91.9,91.9,8.1,"Borex (VD)","A Borex, les habitants disent oui à 91,9 pour cent à l'initiative ""Pas de Suisse à 10 millions!». Avec ce résultat, Borex bascule dans le camp du oui. En 2020, la commune avait rejeté l'initiative ""pour une immigration modérée» avec 73,7 pour cent des voix."
5707,77.3,77.3,22.7,"Chavannes-de-Bogis (VD)","Chavannes-de-Bogis dit oui à 77,3 pour cent à l'initiative ""Pas de Suisse à 10 millions!». Avec ce résultat, Chavannes-de-Bogis bascule dans le camp du oui. En 2020, la commune avait rejeté l'initiative ""pour une immigration modérée» avec 68,6 pour cent des voix."
5708,63.3,63.3,36.7,"Chavannes-des-Bois (VD)","L'initiative ""Pas de Suisse à 10 millions!» passe la rampe avec 63,3 pour cent de oui à Chavannes-des-Bois. Avec ce résultat, Chavannes-des-Bois bascule dans le camp du oui. En 2020, la commune avait rejeté l'initiative ""pour une immigration modérée» avec 79,5 pour cent des voix."
5709,81.4,81.4,18.6,"Chéserex (VD)","L'initiative ""Pas de Suisse à 10 millions!» passe la rampe avec 81,4 pour cent de oui à Chéserex. Avec ce résultat, Chéserex bascule dans le camp du oui. En 2020, la commune avait rejeté l'initiative ""pour une immigration modérée» avec 71,3 pour cent des voix."
5710,28.9,28.9,71.1,"Coinsins (VD)","L'initiative ""Pas de Suisse à 10 millions!» est refusée à 71,1 pour cent à Coinsins. Le refus de l'initiative ""Pas de Suisse à 10 millions!» est plus fort que celui observé pour l'initiative ""pour une immigration modérée» en 2020. La proportion de non à Coinsins était alors de 68,3 pour cent."
5711,52.6,52.6,47.4,"Commugny (VD)","Les habitants de Commugny acceptent à 52,6 pour cent l'initiative ""Pas de Suisse à 10 millions!». Avec ce résultat, Commugny bascule dans le camp du oui. En 2020, la commune avait rejeté l'initiative ""pour une immigration modérée» avec 74,4 pour cent des voix."
5712,89.4,89.4,10.6,"Coppet (VD)","La population de Coppet approuve à 89,4 pour cent l'initiative ""Pas de Suisse à 10 millions!». Avec ce résultat, Coppet bascule dans le camp du oui. En 2020, la commune avait rejeté l'initiative ""pour une immigration modérée» avec 75,5 pour cent des voix."
5713,62.2,62.2,37.8,"Crans-près-Céligny (VD)","Les habitants de Crans-près-Céligny acceptent à 62,2 pour cent l'initiative ""Pas de Suisse à 10 millions!». Avec ce résultat, Crans-près-Céligny bascule dans le camp du oui. En 2020, la commune avait rejeté l'initiative ""pour une immigration modérée» avec 72,8 pour cent des voix."
5714,64,64,36,"Crassier (VD)","L'initiative ""Pas de Suisse à 10 millions!» passe la rampe avec 64 pour cent de oui à Crassier. Avec ce résultat, Crassier bascule dans le camp du oui. En 2020, la commune avait rejeté l'initiative ""pour une immigration modérée» avec 73,9 pour cent des voix."
5715,77.7,77.7,22.3,"Duillier (VD)","Les habitants de Duillier acceptent à 77,7 pour cent l'initiative ""Pas de Suisse à 10 millions!». Avec ce résultat, Duillier bascule dans le camp du oui. En 2020, la commune avait rejeté l'initiative ""pour une immigration modérée» avec 73,1 pour cent des voix."
5716,76.9,76.9,23.1,"Eysins (VD)","Les habitants d'Eysins acceptent à 76,9 pour cent l'initiative ""Pas de Suisse à 10 millions!». Avec ce résultat, Eysins bascule dans le camp du oui. En 2020, la commune avait rejeté l'initiative ""pour une immigration modérée» avec 69,3 pour cent des voix."
5717,37.4,37.4,62.6,"Founex (VD)","La population de Founex rejette à 62,6 pour cent des voix l'initiative ""Pas de Suisse à 10 millions!». Le rejet de l'initiative est toutefois moins marqué que celui enregistré lors de la votation sur l'initiative ""pour une immigration modérée» en 2020. Les habitants de Founex avaient alors dit non à 75,2 pour cent."
5718,53.3,53.3,46.7,"Genolier (VD)","Les habitants de Genolier soutiennent à 53,3 pour cent l'initiative ""Pas de Suisse à 10 millions!». Avec ce résultat, Genolier bascule dans le camp du oui. En 2020, la commune avait rejeté l'initiative ""pour une immigration modérée» avec 73,6 pour cent des voix."
5719,86.3,86.3,13.7,"Gingins (VD)","L'initiative ""Pas de Suisse à 10 millions!» passe la rampe avec 86,3 pour cent de oui à Gingins. Avec ce résultat, Gingins bascule dans le camp du oui. En 2020, la commune avait rejeté l'initiative ""pour une immigration modérée» avec 69 pour cent des voix."
5720,93.5,93.5,6.5,"Givrins (VD)","L'initiative ""Pas de Suisse à 10 millions!» est approuvée à Givrins par 93,5 pour cent des votants. Avec ce résultat, Givrins bascule dans le camp du oui. En 2020, la commune avait rejeté l'initiative ""pour une immigration modérée» avec 72,7 pour cent des voix."
5721,97.2,97.2,2.8,"Gland (VD)","L'initiative ""Pas de Suisse à 10 millions!» est approuvée à Gland par 97,2 pour cent des votants. Avec ce résultat, Gland bascule dans le camp du oui. En 2020, la commune avait rejeté l'initiative ""pour une immigration modérée» avec 69,9 pour cent des voix."
5722,74.2,74.2,25.8,"Grens (VD)","A Grens, les habitants disent oui à 74,2 pour cent à l'initiative ""Pas de Suisse à 10 millions!». Avec ce résultat, Grens bascule dans le camp du oui. En 2020, la commune avait rejeté l'initiative ""pour une immigration modérée» avec 79,2 pour cent des voix."
5723,56.5,56.5,43.5,"Mies (VD)","A Mies, les habitants disent oui à 56,5 pour cent à l'initiative ""Pas de Suisse à 10 millions!». Avec ce résultat, Mies bascule dans le camp du oui. En 2020, la commune avait rejeté l'initiative ""pour une immigration modérée» avec 73,8 pour cent des voix."
5724,53.9,53.9,46.1,"Nyon (VD)","Les habitants de Nyon soutiennent à 53,9 pour cent l'initiative ""Pas de Suisse à 10 millions!». Avec ce résultat, Nyon bascule dans le camp du oui. En 2020, la commune avait rejeté l'initiative ""pour une immigration modérée» avec 73,8 pour cent des voix."
5725,90.3,90.3,9.7,"Prangins (VD)","Les habitants de Prangins acceptent à 90,3 pour cent l'initiative ""Pas de Suisse à 10 millions!». Avec ce résultat, Prangins bascule dans le camp du oui. En 2020, la commune avait rejeté l'initiative ""pour une immigration modérée» avec 76,4 pour cent des voix."
5726,53.4,53.4,46.6,"La Rippe (VD)","La population de La Rippe approuve à 53,4 pour cent l'initiative ""Pas de Suisse à 10 millions!». Avec ce résultat, La Rippe bascule dans le camp du oui. En 2020, la commune avait rejeté l'initiative ""pour une immigration modérée» avec 76,7 pour cent des voix."
5727,81.9,81.9,18.1,"Saint-Cergue (VD)","La population de Saint-Cergue approuve à 81,9 pour cent l'initiative ""Pas de Suisse à 10 millions!». Avec ce résultat, Saint-Cergue bascule dans le camp du oui. En 2020, la commune avait rejeté l'initiative ""pour une immigration modérée» avec 62,7 pour cent des voix."
5728,57.4,57.4,42.6,"Signy-Avenex (VD)","L'initiative ""Pas de Suisse à 10 millions!» passe la rampe avec 57,4 pour cent de oui à Signy-Avenex. Avec ce résultat, Signy-Avenex bascule dans le camp du oui. En 2020, la commune avait rejeté l'initiative ""pour une immigration modérée» avec 66,7 pour cent des voix."
5729,93.2,93.2,6.8,"Tannay (VD)","Les habitants de Tannay soutiennent à 93,2 pour cent l'initiative ""Pas de Suisse à 10 millions!». Avec ce résultat, Tannay bascule dans le camp du oui. En 2020, la commune avait rejeté l'initiative ""pour une immigration modérée» avec 75 pour cent des voix."
5730,72.5,72.5,27.5,"Trélex (VD)","Les habitants de Trélex acceptent à 72,5 pour cent l'initiative ""Pas de Suisse à 10 millions!». Avec ce résultat, Trélex bascule dans le camp du oui. En 2020, la commune avait rejeté l'initiative ""pour une immigration modérée» avec 72 pour cent des voix."
5731,57.9,57.9,42.1,"Le Vaud (VD)","Le Vaud dit oui à 57,9 pour cent à l'initiative ""Pas de Suisse à 10 millions!». Avec ce résultat, Le Vaud bascule dans le camp du oui. En 2020, la commune avait rejeté l'initiative ""pour une immigration modérée» avec 72 pour cent des voix."
5732,46.1,46.1,53.9,"Vich (VD)","L'initiative ""Pas de Suisse à 10 millions!» est refusée à 53,9 pour cent à Vich. Le rejet de l'initiative est toutefois moins marqué que celui enregistré lors de la votation sur l'initiative ""pour une immigration modérée» en 2020. Les habitants de Vich avaient alors dit non à 74,5 pour cent."
5741,52.3,52.3,47.7,"L'Abergement (VD)","Les habitants de L'Abergement acceptent à 52,3 pour cent l'initiative ""Pas de Suisse à 10 millions!». Avec ce résultat, L'Abergement bascule dans le camp du oui. En 2020, la commune avait rejeté l'initiative ""pour une immigration modérée» avec 61,4 pour cent des voix."
5742,46.7,46.7,53.3,"Agiez (VD)","La population d'Agiez rejette à 53,3 pour cent des voix l'initiative ""Pas de Suisse à 10 millions!». Le rejet de l'initiative est toutefois moins marqué que celui enregistré lors de la votation sur l'initiative ""pour une immigration modérée» en 2020. Les habitants d'Agiez avaient alors dit non à 67,6 pour cent."
5743,25.4,25.4,74.6,"Arnex-sur-Orbe (VD)","A Arnex-sur-Orbe, les citoyens rejettent à 74,6 pour cent l'initiative ""Pas de Suisse à 10 millions!». Le refus de l'initiative ""Pas de Suisse à 10 millions!» est plus fort que celui observé pour l'initiative ""pour une immigration modérée» en 2020. La proportion de non à Arnex-sur-Orbe était alors de 66 pour cent."
5744,76.3,76.3,23.7,"Ballaigues (VD)","Ballaigues dit oui à 76,3 pour cent à l'initiative ""Pas de Suisse à 10 millions!». Avec ce résultat, Ballaigues bascule dans le camp du oui. En 2020, la commune avait rejeté l'initiative ""pour une immigration modérée» avec 63,2 pour cent des voix."
5745,88.5,88.5,11.5,"Baulmes (VD)","Les habitants de Baulmes soutiennent à 88,5 pour cent l'initiative ""Pas de Suisse à 10 millions!». Avec ce résultat, Baulmes bascule dans le camp du oui. En 2020, la commune avait rejeté l'initiative ""pour une immigration modérée» avec 64,5 pour cent des voix."
5746,63.6,63.6,36.4,"Bavois (VD)","Bavois dit oui à 63,6 pour cent à l'initiative ""Pas de Suisse à 10 millions!». Avec ce résultat, Bavois bascule dans le camp du oui. En 2020, la commune avait rejeté l'initiative ""pour une immigration modérée» avec 64,1 pour cent des voix."
5747,53.1,53.1,46.9,"Bofflens (VD)","Les habitants de Bofflens acceptent à 53,1 pour cent l'initiative ""Pas de Suisse à 10 millions!». Avec ce résultat, Bofflens bascule dans le camp du oui. En 2020, la commune avait rejeté l'initiative ""pour une immigration modérée» avec 61,2 pour cent des voix."
5748,27.1,27.1,72.9,"Bretonnières (VD)","La population de Bretonnières rejette à 72,9 pour cent des voix l'initiative ""Pas de Suisse à 10 millions!». Le refus de l'initiative ""Pas de Suisse à 10 millions!» est plus fort que celui observé pour l'initiative ""pour une immigration modérée» en 2020. La proportion de non à Bretonnières était alors de 65,4 pour cent."
5749,18.5,18.5,81.5,"Chavornay (VD)","L'initiative ""Pas de Suisse à 10 millions!» n'a pas convaincu à Chavornay. Les citoyens de la commune ont refusé le texte à 81,5 pour cent. Le refus de l'initiative ""Pas de Suisse à 10 millions!» est plus fort que celui observé pour l'initiative ""pour une immigration modérée» en 2020. La proportion de non à Chavornay était alors de 68 pour cent."
5750,81.4,81.4,18.6,"Les Clées (VD)","La population des Clées approuve à 81,4 pour cent l'initiative ""Pas de Suisse à 10 millions!». Avec ce résultat, Les Clées bascule dans le camp du oui. En 2020, la commune avait rejeté l'initiative ""pour une immigration modérée» avec 77,4 pour cent des voix."
5752,84.7,84.7,15.3,"Croy (VD)","A Croy, les habitants disent oui à 84,7 pour cent à l'initiative ""Pas de Suisse à 10 millions!». Avec ce résultat, Croy bascule dans le camp du oui. En 2020, la commune avait rejeté l'initiative ""pour une immigration modérée» avec 68,8 pour cent des voix."
5754,50.8,50.8,49.2,"Juriens (VD)","A Juriens, les habitants disent oui à 50,8 pour cent à l'initiative ""Pas de Suisse à 10 millions!». Avec ce résultat, Juriens bascule dans le camp du oui. En 2020, la commune avait rejeté l'initiative ""pour une immigration modérée» avec 67,7 pour cent des voix."
5755,6.4,6.4,93.6,"Lignerolle (VD)","La population de Lignerolle rejette à 93,6 pour cent des voix l'initiative ""Pas de Suisse à 10 millions!». Le refus de l'initiative ""Pas de Suisse à 10 millions!» est plus fort que celui observé pour l'initiative ""pour une immigration modérée» en 2020. La proportion de non à Lignerolle était alors de 63,8 pour cent."
5756,61,61,39,"Montcherand (VD)","L'initiative ""Pas de Suisse à 10 millions!» passe la rampe avec 61 pour cent de oui à Montcherand. Avec ce résultat, Montcherand bascule dans le camp du oui. En 2020, la commune avait rejeté l'initiative ""pour une immigration modérée» avec 61,1 pour cent des voix."
5757,38.9,38.9,61.1,"Orbe (VD)","C'est non à l'initiative ""Pas de Suisse à 10 millions!» à Orbe. Les habitants ont refusé le texte à 61,1 pour cent. Le rejet de l'initiative est toutefois moins marqué que celui enregistré lors de la votation sur l'initiative ""pour une immigration modérée» en 2020. Les habitants d'Orbe avaient alors dit non à 66,9 pour cent."
5758,76.4,76.4,23.6,"La Praz (VD)","La Praz dit oui à 76,4 pour cent à l'initiative ""Pas de Suisse à 10 millions!». Avec ce résultat, La Praz bascule dans le camp du oui. En 2020, la commune avait rejeté l'initiative ""pour une immigration modérée» avec 50,7 pour cent des voix."
5759,51.4,51.4,48.6,"Premier (VD)","Premier dit oui à 51,4 pour cent à l'initiative ""Pas de Suisse à 10 millions!». Avec ce résultat, Premier bascule dans le camp du oui. En 2020, la commune avait rejeté l'initiative ""pour une immigration modérée» avec 65,8 pour cent des voix."
5760,45.8,45.8,54.2,"Rances (VD)","Les habitants de Rances s'opposent à l'initiative ""Pas de Suisse à 10 millions!» par 54,2 pour cent des voix. Le rejet de l'initiative est toutefois moins marqué que celui enregistré lors de la votation sur l'initiative ""pour une immigration modérée» en 2020. Les habitants de Rances avaient alors dit non à 58,8 pour cent."
5761,67,67,33,"Romainmôtier-Envy (VD)","L'initiative ""Pas de Suisse à 10 millions!» passe la rampe avec 67 pour cent de oui à Romainmôtier-Envy. Avec ce résultat, Romainmôtier-Envy bascule dans le camp du oui. En 2020, la commune avait rejeté l'initiative ""pour une immigration modérée» avec 69,5 pour cent des voix."
5762,22.7,22.7,77.3,"Sergey (VD)","L'initiative ""Pas de Suisse à 10 millions!» n'a pas convaincu à Sergey. Les citoyens de la commune ont refusé le texte à 77,3 pour cent. Le refus de l'initiative ""Pas de Suisse à 10 millions!» est plus fort que celui observé pour l'initiative ""pour une immigration modérée» en 2020. La proportion de non à Sergey était alors de 62,9 pour cent."
5763,7.8,7.8,92.2,"Valeyres-sous-Rances (VD)","L'initiative ""Pas de Suisse à 10 millions!» n'a pas convaincu à Valeyres-sous-Rances. Les citoyens de la commune ont refusé le texte à 92,2 pour cent. Le refus de l'initiative ""Pas de Suisse à 10 millions!» est plus fort que celui observé pour l'initiative ""pour une immigration modérée» en 2020. La proportion de non à Valeyres-sous-Rances était alors de 65,7 pour cent."
5764,79.4,79.4,20.6,"Vallorbe (VD)","L'initiative ""Pas de Suisse à 10 millions!» passe la rampe avec 79,4 pour cent de oui à Vallorbe. Avec ce résultat, Vallorbe bascule dans le camp du oui. En 2020, la commune avait rejeté l'initiative ""pour une immigration modérée» avec 62,8 pour cent des voix."
5765,19.9,19.9,80.1,"Vaulion (VD)","L'initiative ""Pas de Suisse à 10 millions!» n'a pas trouvé grâce aux yeux des citoyens de Vaulion. Ils ont refusé le texte à 80,1 pour cent. Le refus de l'initiative ""Pas de Suisse à 10 millions!» est plus fort que celui observé pour l'initiative ""pour une immigration modérée» en 2020. La proportion de non à Vaulion était alors de 59,3 pour cent."
5766,79.6,79.6,20.4,"Vuiteboeuf (VD)","Les habitants de Vuiteboeuf soutiennent à 79,6 pour cent l'initiative ""Pas de Suisse à 10 millions!». Avec ce résultat, Vuiteboeuf bascule dans le camp du oui. En 2020, la commune avait rejeté l'initiative ""pour une immigration modérée» avec 70,7 pour cent des voix."
5785,45.2,45.2,54.8,"Corcelles-le-Jorat (VD)","Les habitants de Corcelles-le-Jorat s'opposent à l'initiative ""Pas de Suisse à 10 millions!» par 54,8 pour cent des voix. Le rejet de l'initiative est toutefois moins marqué que celui enregistré lors de la votation sur l'initiative ""pour une immigration modérée» en 2020. Les habitants de Corcelles-le-Jorat avaient alors dit non à 64,4 pour cent."
5790,68.3,68.3,31.7,"Maracon (VD)","Les habitants de Maracon soutiennent à 68,3 pour cent l'initiative ""Pas de Suisse à 10 millions!». Avec ce résultat, Maracon bascule dans le camp du oui. En 2020, la commune avait rejeté l'initiative ""pour une immigration modérée» avec 64,5 pour cent des voix."
5792,75.9,75.9,24.1,"Montpreveyres (VD)","La population de Montpreveyres approuve à 75,9 pour cent l'initiative ""Pas de Suisse à 10 millions!». Avec ce résultat, Montpreveyres bascule dans le camp du oui. En 2020, la commune avait rejeté l'initiative ""pour une immigration modérée» avec 71 pour cent des voix."
5798,49.8,49.8,50.2,"Ropraz (VD)","L'initiative ""Pas de Suisse à 10 millions!» est refusée à 50,2 pour cent à Ropraz. Le rejet de l'initiative est toutefois moins marqué que celui enregistré lors de la votation sur l'initiative ""pour une immigration modérée» en 2020. Les habitants de Ropraz avaient alors dit non à 64,6 pour cent."
5799,82.9,82.9,17.1,"Servion (VD)","Servion dit oui à 82,9 pour cent à l'initiative ""Pas de Suisse à 10 millions!». Avec ce résultat, Servion bascule dans le camp du oui. En 2020, la commune avait rejeté l'initiative ""pour une immigration modérée» avec 73,5 pour cent des voix."
5803,19.3,19.3,80.7,"Vulliens (VD)","La population de Vulliens rejette à 80,7 pour cent des voix l'initiative ""Pas de Suisse à 10 millions!». Le refus de l'initiative ""Pas de Suisse à 10 millions!» est plus fort que celui observé pour l'initiative ""pour une immigration modérée» en 2020. La proportion de non à Vulliens était alors de 59,2 pour cent."
5804,65.5,65.5,34.5,"Jorat-Menthue (VD)","Les habitants de Jorat-Menthue soutiennent à 65,5 pour cent l'initiative ""Pas de Suisse à 10 millions!». Avec ce résultat, Jorat-Menthue bascule dans le camp du oui. En 2020, la commune avait rejeté l'initiative ""pour une immigration modérée» avec 63,9 pour cent des voix."
5805,66.5,66.5,33.5,"Oron (VD)","Oron dit oui à 66,5 pour cent à l'initiative ""Pas de Suisse à 10 millions!». Avec ce résultat, Oron bascule dans le camp du oui. En 2020, la commune avait rejeté l'initiative ""pour une immigration modérée» avec 64,5 pour cent des voix."
5806,33.5,33.5,66.5,"Jorat-Mézières (VD)","L'initiative ""Pas de Suisse à 10 millions!» n'a pas convaincu à Jorat-Mézières. Les citoyens de la commune ont refusé le texte à 66,5 pour cent. Le rejet de l'initiative est toutefois moins marqué que celui enregistré lors de la votation sur l'initiative ""pour une immigration modérée» en 2020. Les habitants de Jorat-Mézières avaient alors dit non à 68,1 pour cent."
5812,70.5,70.5,29.5,"Champtauroz (VD)","L'initiative ""Pas de Suisse à 10 millions!» est approuvée à Champtauroz par 70,5 pour cent des votants. Avec ce résultat, Champtauroz bascule dans le camp du oui. En 2020, la commune avait rejeté l'initiative ""pour une immigration modérée» avec 61,9 pour cent des voix."
5813,48.6,48.6,51.4,"Chevroux (VD)","L'initiative ""Pas de Suisse à 10 millions!» n'a pas convaincu à Chevroux. Les citoyens de la commune ont refusé le texte à 51,4 pour cent. Le rejet de l'initiative est toutefois moins marqué que celui enregistré lors de la votation sur l'initiative ""pour une immigration modérée» en 2020. Les habitants de Chevroux avaient alors dit non à 58,1 pour cent."
5816,47,47,53,"Corcelles-près-Payerne (VD)","L'initiative ""Pas de Suisse à 10 millions!» n'a pas convaincu à Corcelles-près-Payerne. Les citoyens de la commune ont refusé le texte à 53 pour cent. Le rejet de l'initiative est toutefois moins marqué que celui enregistré lors de la votation sur l'initiative ""pour une immigration modérée» en 2020. Les habitants de Corcelles-près-Payerne avaient alors dit non à 59 pour cent."
5817,86.9,86.9,13.1,"Grandcour (VD)","L'initiative ""Pas de Suisse à 10 millions!» passe la rampe avec 86,9 pour cent de oui à Grandcour. Avec ce résultat, Grandcour bascule dans le camp du oui. En 2020, la commune avait rejeté l'initiative ""pour une immigration modérée» avec 60,4 pour cent des voix."
5819,16.7,16.7,83.3,"Henniez (VD)","La population d'Henniez rejette à 83,3 pour cent des voix l'initiative ""Pas de Suisse à 10 millions!». Le refus de l'initiative ""Pas de Suisse à 10 millions!» est plus fort que celui observé pour l'initiative ""pour une immigration modérée» en 2020. La proportion de non à Henniez était alors de 57 pour cent."
5821,47.2,47.2,52.8,"Missy (VD)","C'est non à l'initiative ""Pas de Suisse à 10 millions!» à Missy. Les habitants ont refusé le texte à 52,8 pour cent. Le rejet de l'initiative est toutefois moins marqué que celui enregistré lors de la votation sur l'initiative ""pour une immigration modérée» en 2020. Les habitants de Missy avaient alors dit non à 61,1 pour cent."
5822,54.3,54.3,45.7,"Payerne (VD)","La population de Payerne approuve à 54,3 pour cent l'initiative ""Pas de Suisse à 10 millions!». Avec ce résultat, Payerne bascule dans le camp du oui. En 2020, la commune avait rejeté l'initiative ""pour une immigration modérée» avec 63,2 pour cent des voix."
5827,73.3,73.3,26.7,"Trey (VD)","A Trey, les habitants disent oui à 73,3 pour cent à l'initiative ""Pas de Suisse à 10 millions!». Avec ce résultat, Trey bascule dans le camp du oui. En 2020, la commune avait rejeté l'initiative ""pour une immigration modérée» avec 55,5 pour cent des voix."
5828,34.2,34.2,65.8,"Treytorrens (Payerne) (VD)","L'initiative ""Pas de Suisse à 10 millions!» est refusée à 65,8 pour cent à Treytorrens (Payerne). Le refus de l'initiative ""Pas de Suisse à 10 millions!» est plus fort que celui observé pour l'initiative ""pour une immigration modérée» en 2020. La proportion de non à Treytorrens (Payerne) était alors de 52,6 pour cent."
5830,30.9,30.9,69.1,"Villarzel (VD)","L'initiative ""Pas de Suisse à 10 millions!» est refusée à 69,1 pour cent à Villarzel. Le refus de l'initiative ""Pas de Suisse à 10 millions!» est plus fort que celui observé pour l'initiative ""pour une immigration modérée» en 2020. La proportion de non à Villarzel était alors de 58,2 pour cent."
5831,99.2,99.2,0.8,"Valbroye (VD)","Valbroye dit oui à 99,2 pour cent à l'initiative ""Pas de Suisse à 10 millions!». Avec ce résultat, Valbroye bascule dans le camp du oui. En 2020, la commune avait rejeté l'initiative ""pour une immigration modérée» avec 54,5 pour cent des voix."
5841,35.6,35.6,64.4,"Château-d'Oex (VD)","L'initiative ""Pas de Suisse à 10 millions!» est refusée à 64,4 pour cent à Château-d'Oex. Le refus de l'initiative ""Pas de Suisse à 10 millions!» est plus fort que celui observé pour l'initiative ""pour une immigration modérée» en 2020. La proportion de non à Château-d'Oex était alors de 57,8 pour cent."
5842,37.9,37.9,62.1,"Rossinière (VD)","Les habitants de Rossinière s'opposent à l'initiative ""Pas de Suisse à 10 millions!» par 62,1 pour cent des voix. Le refus de l'initiative ""Pas de Suisse à 10 millions!» est plus fort que celui observé pour l'initiative ""pour une immigration modérée» en 2020. La proportion de non à Rossinière était alors de 56,7 pour cent."
5843,93.8,93.8,6.2,"Rougemont (VD)","A Rougemont, les habitants disent oui à 93,8 pour cent à l'initiative ""Pas de Suisse à 10 millions!». Avec ce résultat, Rougemont bascule dans le camp du oui. En 2020, la commune avait rejeté l'initiative ""pour une immigration modérée» avec 55,1 pour cent des voix."
5851,47.3,47.3,52.7,"Allaman (VD)","L'initiative ""Pas de Suisse à 10 millions!» n'a pas convaincu à Allaman. Les citoyens de la commune ont refusé le texte à 52,7 pour cent. Le rejet de l'initiative est toutefois moins marqué que celui enregistré lors de la votation sur l'initiative ""pour une immigration modérée» en 2020. Les habitants d'Allaman avaient alors dit non à 69,1 pour cent."
5852,36.1,36.1,63.9,"Bursinel (VD)","La population de Bursinel rejette à 63,9 pour cent des voix l'initiative ""Pas de Suisse à 10 millions!». Le rejet de l'initiative est toutefois moins marqué que celui enregistré lors de la votation sur l'initiative ""pour une immigration modérée» en 2020. Les habitants de Bursinel avaient alors dit non à 74,7 pour cent."
5853,20.3,20.3,79.7,"Bursins (VD)","L'initiative ""Pas de Suisse à 10 millions!» n'a pas convaincu à Bursins. Les citoyens de la commune ont refusé le texte à 79,7 pour cent. Le refus de l'initiative ""Pas de Suisse à 10 millions!» est plus fort que celui observé pour l'initiative ""pour une immigration modérée» en 2020. La proportion de non à Bursins était alors de 74,8 pour cent."
5854,46.7,46.7,53.3,"Burtigny (VD)","C'est non à l'initiative ""Pas de Suisse à 10 millions!» à Burtigny. Les habitants ont refusé le texte à 53,3 pour cent. Le rejet de l'initiative est toutefois moins marqué que celui enregistré lors de la votation sur l'initiative ""pour une immigration modérée» en 2020. Les habitants de Burtigny avaient alors dit non à 62,1 pour cent."
5855,88.6,88.6,11.4,"Dully (VD)","A Dully, les habitants disent oui à 88,6 pour cent à l'initiative ""Pas de Suisse à 10 millions!». Avec ce résultat, Dully bascule dans le camp du oui. En 2020, la commune avait rejeté l'initiative ""pour une immigration modérée» avec 73,7 pour cent des voix."
5856,48.4,48.4,51.6,"Essertines-sur-Rolle (VD)","L'initiative ""Pas de Suisse à 10 millions!» n'a pas trouvé grâce aux yeux des citoyens d'Essertines-sur-Rolle. Ils ont refusé le texte à 51,6 pour cent. Le rejet de l'initiative est toutefois moins marqué que celui enregistré lors de la votation sur l'initiative ""pour une immigration modérée» en 2020. Les habitants d'Essertines-sur-Rolle avaient alors dit non à 76,9 pour cent."
5857,39.3,39.3,60.7,"Gilly (VD)","Les habitants de Gilly s'opposent à l'initiative ""Pas de Suisse à 10 millions!» par 60,7 pour cent des voix. Le rejet de l'initiative est toutefois moins marqué que celui enregistré lors de la votation sur l'initiative ""pour une immigration modérée» en 2020. Les habitants de Gilly avaient alors dit non à 68,5 pour cent."
5858,2.7,2.7,97.3,"Luins (VD)","A Luins, les citoyens rejettent à 97,3 pour cent l'initiative ""Pas de Suisse à 10 millions!». Le refus de l'initiative ""Pas de Suisse à 10 millions!» est plus fort que celui observé pour l'initiative ""pour une immigration modérée» en 2020. La proportion de non à Luins était alors de 62,8 pour cent."
5859,46.8,46.8,53.2,"Mont-sur-Rolle (VD)","L'initiative ""Pas de Suisse à 10 millions!» est refusée à 53,2 pour cent à Mont-sur-Rolle. Le rejet de l'initiative est toutefois moins marqué que celui enregistré lors de la votation sur l'initiative ""pour une immigration modérée» en 2020. Les habitants de Mont-sur-Rolle avaient alors dit non à 70,2 pour cent."
5860,38.6,38.6,61.4,"Perroy (VD)","L'initiative ""Pas de Suisse à 10 millions!» n'a pas convaincu à Perroy. Les citoyens de la commune ont refusé le texte à 61,4 pour cent. Le rejet de l'initiative est toutefois moins marqué que celui enregistré lors de la votation sur l'initiative ""pour une immigration modérée» en 2020. Les habitants de Perroy avaient alors dit non à 67,7 pour cent."
5861,42.6,42.6,57.4,"Rolle (VD)","C'est non à l'initiative ""Pas de Suisse à 10 millions!» à Rolle. Les habitants ont refusé le texte à 57,4 pour cent. Le rejet de l'initiative est toutefois moins marqué que celui enregistré lors de la votation sur l'initiative ""pour une immigration modérée» en 2020. Les habitants de Rolle avaient alors dit non à 75,5 pour cent."
5862,47.5,47.5,52.5,"Tartegnin (VD)","L'initiative ""Pas de Suisse à 10 millions!» n'a pas trouvé grâce aux yeux des citoyens de Tartegnin. Ils ont refusé le texte à 52,5 pour cent. Le rejet de l'initiative est toutefois moins marqué que celui enregistré lors de la votation sur l'initiative ""pour une immigration modérée» en 2020. Les habitants de Tartegnin avaient alors dit non à 67 pour cent."
5863,78.7,78.7,21.3,"Vinzel (VD)","La population de Vinzel approuve à 78,7 pour cent l'initiative ""Pas de Suisse à 10 millions!». Avec ce résultat, Vinzel bascule dans le camp du oui. En 2020, la commune avait rejeté l'initiative ""pour une immigration modérée» avec 77,4 pour cent des voix."
5871,87.6,87.6,12.4,"L'Abbaye (VD)","La population de L'Abbaye approuve à 87,6 pour cent l'initiative ""Pas de Suisse à 10 millions!». Avec ce résultat, L'Abbaye bascule dans le camp du oui. En 2020, la commune avait rejeté l'initiative ""pour une immigration modérée» avec 64,8 pour cent des voix."
5872,63.2,63.2,36.8,"Le Chenit (VD)","L'initiative ""Pas de Suisse à 10 millions!» passe la rampe avec 63,2 pour cent de oui au Chenit. Avec ce résultat, Le Chenit bascule dans le camp du oui. En 2020, la commune avait rejeté l'initiative ""pour une immigration modérée» avec 62,1 pour cent des voix."
5873,44.7,44.7,55.3,"Le Lieu (VD)","L'initiative ""Pas de Suisse à 10 millions!» n'a pas trouvé grâce aux yeux des citoyens du Lieu. Ils ont refusé le texte à 55,3 pour cent. Le rejet de l'initiative est toutefois moins marqué que celui enregistré lors de la votation sur l'initiative ""pour une immigration modérée» en 2020. Les habitants du Lieu avaient alors dit non à 68,5 pour cent."
5882,62.4,62.4,37.6,"Chardonne (VD)","La population de Chardonne approuve à 62,4 pour cent l'initiative ""Pas de Suisse à 10 millions!». Avec ce résultat, Chardonne bascule dans le camp du oui. En 2020, la commune avait rejeté l'initiative ""pour une immigration modérée» avec 75,4 pour cent des voix."
5883,68.5,68.5,31.5,"Corseaux (VD)","Corseaux dit oui à 68,5 pour cent à l'initiative ""Pas de Suisse à 10 millions!». Avec ce résultat, Corseaux bascule dans le camp du oui. En 2020, la commune avait rejeté l'initiative ""pour une immigration modérée» avec 71,2 pour cent des voix."
5884,43,43,57,"Corsier-sur-Vevey (VD)","Les habitants de Corsier-sur-Vevey s'opposent à l'initiative ""Pas de Suisse à 10 millions!» par 57 pour cent des voix. Le rejet de l'initiative est toutefois moins marqué que celui enregistré lors de la votation sur l'initiative ""pour une immigration modérée» en 2020. Les habitants de Corsier-sur-Vevey avaient alors dit non à 70,2 pour cent."
5885,77.2,77.2,22.8,"Jongny (VD)","A Jongny, les habitants disent oui à 77,2 pour cent à l'initiative ""Pas de Suisse à 10 millions!». Avec ce résultat, Jongny bascule dans le camp du oui. En 2020, la commune avait rejeté l'initiative ""pour une immigration modérée» avec 74,1 pour cent des voix."
5886,39.6,39.6,60.4,"Montreux (VD)","L'initiative ""Pas de Suisse à 10 millions!» n'a pas trouvé grâce aux yeux des citoyens de Montreux. Ils ont refusé le texte à 60,4 pour cent. Le rejet de l'initiative est toutefois moins marqué que celui enregistré lors de la votation sur l'initiative ""pour une immigration modérée» en 2020. Les habitants de Montreux avaient alors dit non à 67 pour cent."
5889,85.3,85.3,14.7,"La Tour-de-Peilz (VD)","La population de La Tour-de-Peilz approuve à 85,3 pour cent l'initiative ""Pas de Suisse à 10 millions!». Avec ce résultat, La Tour-de-Peilz bascule dans le camp du oui. En 2020, la commune avait rejeté l'initiative ""pour une immigration modérée» avec 74,8 pour cent des voix."
5890,23.8,23.8,76.2,"Vevey (VD)","Les habitants de Vevey s'opposent à l'initiative ""Pas de Suisse à 10 millions!» par 76,2 pour cent des voix. Le résultat a peu changé par rapport au vote sur l'initiative ""pour une immigration modérée» en 2020. Vevey avait alors dit non à 76,6 pour cent."
5891,45.3,45.3,54.7,"Veytaux (VD)","La population de Veytaux rejette à 54,7 pour cent des voix l'initiative ""Pas de Suisse à 10 millions!». Le rejet de l'initiative est toutefois moins marqué que celui enregistré lors de la votation sur l'initiative ""pour une immigration modérée» en 2020. Les habitants de Veytaux avaient alors dit non à 69 pour cent."
5892,76.6,76.6,23.4,"Blonay-Saint-Légier (VD)","Blonay-Saint-Légier dit oui à 76,6 pour cent à l'initiative ""Pas de Suisse à 10 millions!». Avec ce résultat, Blonay-Saint-Légier bascule dans le camp du oui. En 2020, la commune avait rejeté l'initiative ""pour une immigration modérée» avec 73,9 pour cent des voix."
5902,94.6,94.6,5.4,"Belmont-sur-Yverdon (VD)","Belmont-sur-Yverdon dit oui à 94,6 pour cent à l'initiative ""Pas de Suisse à 10 millions!». Avec ce résultat, Belmont-sur-Yverdon bascule dans le camp du oui. En 2020, la commune avait rejeté l'initiative ""pour une immigration modérée» avec 62 pour cent des voix."
5903,18.4,18.4,81.6,"Bioley-Magnoux (VD)","A Bioley-Magnoux, les citoyens rejettent à 81,6 pour cent l'initiative ""Pas de Suisse à 10 millions!». Le refus de l'initiative ""Pas de Suisse à 10 millions!» est plus fort que celui observé pour l'initiative ""pour une immigration modérée» en 2020. La proportion de non à Bioley-Magnoux était alors de 55,5 pour cent."
5904,57.9,57.9,42.1,"Chamblon (VD)","L'initiative ""Pas de Suisse à 10 millions!» est approuvée à Chamblon par 57,9 pour cent des votants. Avec ce résultat, Chamblon bascule dans le camp du oui. En 2020, la commune avait rejeté l'initiative ""pour une immigration modérée» avec 72,9 pour cent des voix."
5905,56.6,56.6,43.4,"Champvent (VD)","Les habitants de Champvent soutiennent à 56,6 pour cent l'initiative ""Pas de Suisse à 10 millions!». Avec ce résultat, Champvent bascule dans le camp du oui. En 2020, la commune avait rejeté l'initiative ""pour une immigration modérée» avec 66 pour cent des voix."
5907,39,39,61,"Chavannes-le-Chêne (VD)","L'initiative ""Pas de Suisse à 10 millions!» est refusée à 61 pour cent à Chavannes-le-Chêne. Le refus de l'initiative ""Pas de Suisse à 10 millions!» est plus fort que celui observé pour l'initiative ""pour une immigration modérée» en 2020. La proportion de non à Chavannes-le-Chêne était alors de 58,3 pour cent."
5908,64,64,36,"Chêne-Pâquier (VD)","Les habitants de Chêne-Pâquier soutiennent à 64 pour cent l'initiative ""Pas de Suisse à 10 millions!». Avec ce résultat, Chêne-Pâquier bascule dans le camp du oui. En 2020, la commune avait rejeté l'initiative ""pour une immigration modérée» avec 64,7 pour cent des voix."
5909,74.6,74.6,25.4,"Cheseaux-Noréaz (VD)","Cheseaux-Noréaz dit oui à 74,6 pour cent à l'initiative ""Pas de Suisse à 10 millions!». Avec ce résultat, Cheseaux-Noréaz bascule dans le camp du oui. En 2020, la commune avait rejeté l'initiative ""pour une immigration modérée» avec 73,5 pour cent des voix."
5910,38.3,38.3,61.7,"Cronay (VD)","A Cronay, les citoyens rejettent à 61,7 pour cent l'initiative ""Pas de Suisse à 10 millions!». Le rejet de l'initiative est toutefois moins marqué que celui enregistré lors de la votation sur l'initiative ""pour une immigration modérée» en 2020. Les habitants de Cronay avaient alors dit non à 70,2 pour cent."
5911,85.3,85.3,14.7,"Cuarny (VD)","Cuarny dit oui à 85,3 pour cent à l'initiative ""Pas de Suisse à 10 millions!». Le soutien à l'initiative ""Pas de Suisse à 10 millions!» a augmenté à Cuarny par rapport à l'initiative ""pour une immigration modérée» soumise au vote en 2020. Lors de cette votation, 52,2 pour cent des habitants de la commune avaient accepté ce texte."
5912,93.1,93.1,6.9,"Démoret (VD)","Les habitants de Démoret acceptent à 93,1 pour cent l'initiative ""Pas de Suisse à 10 millions!». Avec ce résultat, Démoret bascule dans le camp du oui. En 2020, la commune avait rejeté l'initiative ""pour une immigration modérée» avec 59,3 pour cent des voix."
5913,41.1,41.1,58.9,"Donneloye (VD)","L'initiative ""Pas de Suisse à 10 millions!» n'a pas trouvé grâce aux yeux des citoyens de Donneloye. Ils ont refusé le texte à 58,9 pour cent. Le rejet de l'initiative est toutefois moins marqué que celui enregistré lors de la votation sur l'initiative ""pour une immigration modérée» en 2020. Les habitants de Donneloye avaient alors dit non à 63,2 pour cent."
5914,78.4,78.4,21.6,"Ependes (VD)","L'initiative ""Pas de Suisse à 10 millions!» passe la rampe avec 78,4 pour cent de oui à Ependes (VD). Avec ce résultat, Ependes (VD) bascule dans le camp du oui. En 2020, la commune avait rejeté l'initiative ""pour une immigration modérée» avec 56,8 pour cent des voix."
5919,53.8,53.8,46.2,"Mathod (VD)","L'initiative ""Pas de Suisse à 10 millions!» passe la rampe avec 53,8 pour cent de oui à Mathod. Avec ce résultat, Mathod bascule dans le camp du oui. En 2020, la commune avait rejeté l'initiative ""pour une immigration modérée» avec 64,8 pour cent des voix."
5921,85.5,85.5,14.5,"Molondin (VD)","A Molondin, les habitants disent oui à 85,5 pour cent à l'initiative ""Pas de Suisse à 10 millions!». Avec ce résultat, Molondin bascule dans le camp du oui. En 2020, la commune avait rejeté l'initiative ""pour une immigration modérée» avec 62,7 pour cent des voix."
5922,82,82,18,"Montagny-près-Yverdon (VD)","Montagny-près-Yverdon dit oui à 82 pour cent à l'initiative ""Pas de Suisse à 10 millions!». Avec ce résultat, Montagny-près-Yverdon bascule dans le camp du oui. En 2020, la commune avait rejeté l'initiative ""pour une immigration modérée» avec 68,1 pour cent des voix."
5923,29.2,29.2,70.8,"Oppens (VD)","Les habitants d'Oppens s'opposent à l'initiative ""Pas de Suisse à 10 millions!» par 70,8 pour cent des voix. Le refus de l'initiative ""Pas de Suisse à 10 millions!» est plus fort que celui observé pour l'initiative ""pour une immigration modérée» en 2020. La proportion de non à Oppens était alors de 57,5 pour cent."
5924,52.9,52.9,47.1,"Orges (VD)","L'initiative ""Pas de Suisse à 10 millions!» passe la rampe avec 52,9 pour cent de oui à Orges. Avec ce résultat, Orges bascule dans le camp du oui. En 2020, la commune avait rejeté l'initiative ""pour une immigration modérée» avec 61,1 pour cent des voix."
5925,60.5,60.5,39.5,"Orzens (VD)","A Orzens, les habitants disent oui à 60,5 pour cent à l'initiative ""Pas de Suisse à 10 millions!». Avec ce résultat, Orzens bascule dans le camp du oui. En 2020, la commune avait rejeté l'initiative ""pour une immigration modérée» avec 56,3 pour cent des voix."
5926,15.9,15.9,84.1,"Pomy (VD)","L'initiative ""Pas de Suisse à 10 millions!» n'a pas trouvé grâce aux yeux des citoyens de Pomy. Ils ont refusé le texte à 84,1 pour cent. Le refus de l'initiative ""Pas de Suisse à 10 millions!» est plus fort que celui observé pour l'initiative ""pour une immigration modérée» en 2020. La proportion de non à Pomy était alors de 64,9 pour cent."
5928,31.9,31.9,68.1,"Rovray (VD)","L'initiative ""Pas de Suisse à 10 millions!» n'a pas convaincu à Rovray. Les citoyens de la commune ont refusé le texte à 68,1 pour cent. En cinq ans, la commune a ainsi changé de camp sur la question de la limitation de l'immigration. Rovray avait rejeté l'initiative ""pour une immigration modérée» à 40,4 pour cent en 2020."
5929,22.3,22.3,77.7,"Suchy (VD)","La population de Suchy rejette à 77,7 pour cent des voix l'initiative ""Pas de Suisse à 10 millions!». Le refus de l'initiative ""Pas de Suisse à 10 millions!» est plus fort que celui observé pour l'initiative ""pour une immigration modérée» en 2020. La proportion de non à Suchy était alors de 70,4 pour cent."
5930,45.2,45.2,54.8,"Suscévaz (VD)","Les habitants de Suscévaz s'opposent à l'initiative ""Pas de Suisse à 10 millions!» par 54,8 pour cent des voix. Le rejet de l'initiative est toutefois moins marqué que celui enregistré lors de la votation sur l'initiative ""pour une immigration modérée» en 2020. Les habitants de Suscévaz avaient alors dit non à 66,7 pour cent."
5931,33.6,33.6,66.4,"Treycovagnes (VD)","Les habitants de Treycovagnes s'opposent à l'initiative ""Pas de Suisse à 10 millions!» par 66,4 pour cent des voix. Le rejet de l'initiative est toutefois moins marqué que celui enregistré lors de la votation sur l'initiative ""pour une immigration modérée» en 2020. Les habitants de Treycovagnes avaient alors dit non à 69,3 pour cent."
5932,63,63,37,"Ursins (VD)","Les habitants d'Ursins soutiennent à 63 pour cent l'initiative ""Pas de Suisse à 10 millions!». Avec ce résultat, Ursins bascule dans le camp du oui. En 2020, la commune avait rejeté l'initiative ""pour une immigration modérée» avec 68,9 pour cent des voix."
5933,7.6,7.6,92.4,"Valeyres-sous-Montagny (VD)","L'initiative ""Pas de Suisse à 10 millions!» n'a pas trouvé grâce aux yeux des citoyens de Valeyres-sous-Montagny. Ils ont refusé le texte à 92,4 pour cent. Le refus de l'initiative ""Pas de Suisse à 10 millions!» est plus fort que celui observé pour l'initiative ""pour une immigration modérée» en 2020. La proportion de non à Valeyres-sous-Montagny était alors de 69,4 pour cent."
5934,55.4,55.4,44.6,"Valeyres-sous-Ursins (VD)","L'initiative ""Pas de Suisse à 10 millions!» est approuvée à Valeyres-sous-Ursins par 55,4 pour cent des votants. Avec ce résultat, Valeyres-sous-Ursins bascule dans le camp du oui. En 2020, la commune avait rejeté l'initiative ""pour une immigration modérée» avec 61,7 pour cent des voix."
5935,62.2,62.2,37.8,"Villars-Epeney (VD)","La population de Villars-Epeney approuve à 62,2 pour cent l'initiative ""Pas de Suisse à 10 millions!». Avec ce résultat, Villars-Epeney bascule dans le camp du oui. En 2020, la commune avait rejeté l'initiative ""pour une immigration modérée» avec 58,6 pour cent des voix."
5937,4.6,4.6,95.4,"Vugelles-La Mothe (VD)","L'initiative ""Pas de Suisse à 10 millions!» n'a pas trouvé grâce aux yeux des citoyens de Vugelles-La Mothe. Ils ont refusé le texte à 95,4 pour cent. Le refus de l'initiative ""Pas de Suisse à 10 millions!» est plus fort que celui observé pour l'initiative ""pour une immigration modérée» en 2020. La proportion de non à Vugelles-La Mothe était alors de 65,6 pour cent."
5938,68.7,68.7,31.3,"Yverdon-les-Bains (VD)","L'initiative ""Pas de Suisse à 10 millions!» passe la rampe avec 68,7 pour cent de oui à Yverdon-les-Bains. Avec ce résultat, Yverdon-les-Bains bascule dans le camp du oui. En 2020, la commune avait rejeté l'initiative ""pour une immigration modérée» avec 69,6 pour cent des voix."
5939,42.2,42.2,57.8,"Yvonand (VD)","C'est non à l'initiative ""Pas de Suisse à 10 millions!» à Yvonand. Les habitants ont refusé le texte à 57,8 pour cent. Le rejet de l'initiative est toutefois moins marqué que celui enregistré lors de la votation sur l'initiative ""pour une immigration modérée» en 2020. Les habitants d'Yvonand avaient alors dit non à 69,3 pour cent."
6002,22.5,22.5,77.5,"Brigue-Glis (VS)","L'initiative ""Pas de Suisse à 10 millions!» n'a pas convaincu à Brigue-Glis. Les citoyens de la commune ont refusé le texte à 77,5 pour cent. Le refus de l'initiative ""Pas de Suisse à 10 millions!» est plus fort que celui observé pour l'initiative ""pour une immigration modérée» en 2020. La proportion de non à Brigue-Glis était alors de 58,6 pour cent."
6004,67.5,67.5,32.5,"Eggerberg (VS)","Eggerberg dit oui à 67,5 pour cent à l'initiative ""Pas de Suisse à 10 millions!». Le soutien à l'initiative ""Pas de Suisse à 10 millions!» a augmenté à Eggerberg par rapport à l'initiative ""pour une immigration modérée» soumise au vote en 2020. Lors de cette votation, 56,4 pour cent des habitants de la commune avaient accepté ce texte."
6007,5.7,5.7,94.3,"Naters (VS)","Les habitants de Naters s'opposent à l'initiative ""Pas de Suisse à 10 millions!» par 94,3 pour cent des voix. Le refus de l'initiative ""Pas de Suisse à 10 millions!» est plus fort que celui observé pour l'initiative ""pour une immigration modérée» en 2020. La proportion de non à Naters était alors de 54,5 pour cent."
6008,53.1,53.1,46.9,"Ried-Brig (VS)","L'initiative ""Pas de Suisse à 10 millions!» passe la rampe avec 53,1 pour cent de oui à Ried-Brig. Avec ce résultat, Ried-Brig bascule dans le camp du oui. En 2020, la commune avait rejeté l'initiative ""pour une immigration modérée» avec 59,5 pour cent des voix."
6009,51.8,51.8,48.2,"Simplon (VS)","A Simplon, les habitants disent oui à 51,8 pour cent à l'initiative ""Pas de Suisse à 10 millions!». Avec ce résultat, Simplon bascule dans le camp du oui. En 2020, la commune avait rejeté l'initiative ""pour une immigration modérée» avec 57,1 pour cent des voix."
6010,15.4,15.4,84.6,"Termen (VS)","L'initiative ""Pas de Suisse à 10 millions!» est refusée à 84,6 pour cent à Termen. Le refus de l'initiative ""Pas de Suisse à 10 millions!» est plus fort que celui observé pour l'initiative ""pour une immigration modérée» en 2020. La proportion de non à Termen était alors de 57,1 pour cent."
6011,54.5,54.5,45.5,"Zwischbergen (VS)","L'initiative ""Pas de Suisse à 10 millions!» est approuvée à Zwischbergen par 54,5 pour cent des votants. Le soutien à l'initiative ""Pas de Suisse à 10 millions!» est toutefois moins marqué que celui obtenu par l'initiative ""pour une immigration modérée» en 2020. Les habitants de Zwischbergen avaient alors dit oui à 81,6 pour cent."
6021,16.6,16.6,83.4,"Ardon (VS)","L'initiative ""Pas de Suisse à 10 millions!» est refusée à 83,4 pour cent à Ardon. Le refus de l'initiative ""Pas de Suisse à 10 millions!» est plus fort que celui observé pour l'initiative ""pour une immigration modérée» en 2020. La proportion de non à Ardon était alors de 59,2 pour cent."
6022,52.3,52.3,47.7,"Chamoson (VS)","Les habitants de Chamoson acceptent à 52,3 pour cent l'initiative ""Pas de Suisse à 10 millions!». Avec ce résultat, Chamoson bascule dans le camp du oui. En 2020, la commune avait rejeté l'initiative ""pour une immigration modérée» avec 62 pour cent des voix."
6023,47.3,47.3,52.7,"Conthey (VS)","L'initiative ""Pas de Suisse à 10 millions!» n'a pas trouvé grâce aux yeux des citoyens de Conthey. Ils ont refusé le texte à 52,7 pour cent. Le rejet de l'initiative est toutefois moins marqué que celui enregistré lors de la votation sur l'initiative ""pour une immigration modérée» en 2020. Les habitants de Conthey avaient alors dit non à 62,8 pour cent."
6024,4.2,4.2,95.8,"Nendaz (VS)","A Nendaz, les citoyens rejettent à 95,8 pour cent l'initiative ""Pas de Suisse à 10 millions!». Le refus de l'initiative ""Pas de Suisse à 10 millions!» est plus fort que celui observé pour l'initiative ""pour une immigration modérée» en 2020. La proportion de non à Nendaz était alors de 63,4 pour cent."
6025,43.5,43.5,56.5,"Vétroz (VS)","L'initiative ""Pas de Suisse à 10 millions!» n'a pas convaincu à Vétroz. Les citoyens de la commune ont refusé le texte à 56,5 pour cent. Le rejet de l'initiative est toutefois moins marqué que celui enregistré lors de la votation sur l'initiative ""pour une immigration modérée» en 2020. Les habitants de Vétroz avaient alors dit non à 63,6 pour cent."
6032,94.1,94.1,5.9,"Bourg-Saint-Pierre (VS)","L'initiative ""Pas de Suisse à 10 millions!» est approuvée à Bourg-Saint-Pierre par 94,1 pour cent des votants. Avec ce résultat, Bourg-Saint-Pierre bascule dans le camp du oui. En 2020, la commune avait rejeté l'initiative ""pour une immigration modérée» avec 55,4 pour cent des voix."
6033,59.1,59.1,40.9,"Liddes (VS)","La population de Liddes approuve à 59,1 pour cent l'initiative ""Pas de Suisse à 10 millions!». Avec ce résultat, Liddes bascule dans le camp du oui. En 2020, la commune avait rejeté l'initiative ""pour une immigration modérée» avec 57,4 pour cent des voix."
6034,42.4,42.4,57.6,"Orsières (VS)","L'initiative ""Pas de Suisse à 10 millions!» n'a pas convaincu à Orsières. Les citoyens de la commune ont refusé le texte à 57,6 pour cent. Le rejet de l'initiative est toutefois moins marqué que celui enregistré lors de la votation sur l'initiative ""pour une immigration modérée» en 2020. Les habitants d'Orsières avaient alors dit non à 64,3 pour cent."
6035,6.7,6.7,93.3,"Sembrancher (VS)","A Sembrancher, les citoyens rejettent à 93,3 pour cent l'initiative ""Pas de Suisse à 10 millions!». Le refus de l'initiative ""Pas de Suisse à 10 millions!» est plus fort que celui observé pour l'initiative ""pour une immigration modérée» en 2020. La proportion de non à Sembrancher était alors de 56,3 pour cent."
6037,54,54,46,"Val de Bagnes (VS)","L'initiative ""Pas de Suisse à 10 millions!» passe la rampe avec 54 pour cent de oui à Val de Bagnes. Avec ce résultat, Val de Bagnes bascule dans le camp du oui. En 2020, la commune avait rejeté l'initiative ""pour une immigration modérée» avec 71,5 pour cent des voix."
6052,99.6,99.6,0.4,"Bellwald (VS)","Concernant le soutien à l'initiative ""Pas de Suisse à 10 millions!», Bellwald occupe la troisième place au niveau national, avec une part de oui de 99,6 pour cent. Avec ce résultat, Bellwald bascule dans le camp du oui. En 2020, la commune avait rejeté l'initiative ""pour une immigration modérée» avec 64,7 pour cent des voix."
6054,60.8,60.8,39.2,"Binn (VS)","Binn dit oui à 60,8 pour cent à l'initiative ""Pas de Suisse à 10 millions!». Avec ce résultat, Binn bascule dans le camp du oui. En 2020, la commune avait rejeté l'initiative ""pour une immigration modérée» avec 59,4 pour cent des voix."
6056,31.2,31.2,68.8,"Ernen (VS)","A Ernen, les citoyens rejettent à 68,8 pour cent l'initiative ""Pas de Suisse à 10 millions!». Le refus de l'initiative ""Pas de Suisse à 10 millions!» est plus fort que celui observé pour l'initiative ""pour une immigration modérée» en 2020. La proportion de non à Ernen était alors de 62,9 pour cent."
6057,42.3,42.3,57.7,"Fiesch (VS)","A Fiesch, les citoyens rejettent à 57,7 pour cent l'initiative ""Pas de Suisse à 10 millions!». Le rejet de l'initiative est toutefois moins marqué que celui enregistré lors de la votation sur l'initiative ""pour une immigration modérée» en 2020. Les habitants de Fiesch avaient alors dit non à 65,6 pour cent."
6058,14.4,14.4,85.6,"Fieschertal (VS)","L'initiative ""Pas de Suisse à 10 millions!» n'a pas trouvé grâce aux yeux des citoyens de Fieschertal. Ils ont refusé le texte à 85,6 pour cent. En cinq ans, la commune a ainsi changé de camp sur la question de la limitation de l'immigration. Fieschertal avait rejeté l'initiative ""pour une immigration modérée» à 46,2 pour cent en 2020."
6061,16.1,16.1,83.9,"Lax (VS)","Les habitants de Lax s'opposent à l'initiative ""Pas de Suisse à 10 millions!» par 83,9 pour cent des voix. Le refus de l'initiative ""Pas de Suisse à 10 millions!» est plus fort que celui observé pour l'initiative ""pour une immigration modérée» en 2020. La proportion de non à Lax était alors de 65,8 pour cent."
6076,43.2,43.2,56.8,"Obergoms (VS)","L'initiative ""Pas de Suisse à 10 millions!» est refusée à 56,8 pour cent à Obergoms. Le refus de l'initiative ""Pas de Suisse à 10 millions!» est plus fort que celui observé pour l'initiative ""pour une immigration modérée» en 2020. La proportion de non à Obergoms était alors de 54,9 pour cent."
6077,87,87,13,"Goms (VS)","Goms dit oui à 87 pour cent à l'initiative ""Pas de Suisse à 10 millions!». Avec ce résultat, Goms bascule dans le camp du oui. En 2020, la commune avait rejeté l'initiative ""pour une immigration modérée» avec 61,2 pour cent des voix."
6082,59.4,59.4,40.6,"Ayent (VS)","L'initiative ""Pas de Suisse à 10 millions!» est approuvée à Ayent par 59,4 pour cent des votants. Avec ce résultat, Ayent bascule dans le camp du oui. En 2020, la commune avait rejeté l'initiative ""pour une immigration modérée» avec 67,2 pour cent des voix."
6083,67.8,67.8,32.2,"Evolène (VS)","Les habitants d'Evolène soutiennent à 67,8 pour cent l'initiative ""Pas de Suisse à 10 millions!». Avec ce résultat, Evolène bascule dans le camp du oui. En 2020, la commune avait rejeté l'initiative ""pour une immigration modérée» avec 58,3 pour cent des voix."
6084,44.5,44.5,55.5,"Hérémence (VS)","Les habitants de Hérémence s'opposent à l'initiative ""Pas de Suisse à 10 millions!» par 55,5 pour cent des voix. Le résultat a peu changé par rapport au vote sur l'initiative ""pour une immigration modérée» en 2020. Hérémence avait alors dit non à 55,9 pour cent."
6087,69.8,69.8,30.2,"Saint-Martin (VS)","Saint-Martin (VS) dit oui à 69,8 pour cent à l'initiative ""Pas de Suisse à 10 millions!». Avec ce résultat, Saint-Martin (VS) bascule dans le camp du oui. En 2020, la commune avait rejeté l'initiative ""pour une immigration modérée» avec 66,7 pour cent des voix."
6089,95.8,95.8,4.2,"Vex (VS)","Vex dit oui à 95,8 pour cent à l'initiative ""Pas de Suisse à 10 millions!». Avec ce résultat, Vex bascule dans le camp du oui. En 2020, la commune avait rejeté l'initiative ""pour une immigration modérée» avec 61 pour cent des voix."
6090,76,76,24,"Mont-Noble (VS)","La population de Mont-Noble approuve à 76 pour cent l'initiative ""Pas de Suisse à 10 millions!». Avec ce résultat, Mont-Noble bascule dans le camp du oui. En 2020, la commune avait rejeté l'initiative ""pour une immigration modérée» avec 70,3 pour cent des voix."
6101,59.2,59.2,40.8,"Agarn (VS)","L'initiative ""Pas de Suisse à 10 millions!» passe la rampe avec 59,2 pour cent de oui à Agarn. Le soutien à l'initiative ""Pas de Suisse à 10 millions!» a augmenté à Agarn par rapport à l'initiative ""pour une immigration modérée» soumise au vote en 2020. Lors de cette votation, 51,9 pour cent des habitants de la commune avaient accepté ce texte."
6102,36.2,36.2,63.8,"Albinen (VS)","Les habitants d'Albinen s'opposent à l'initiative ""Pas de Suisse à 10 millions!» par 63,8 pour cent des voix. Le refus de l'initiative ""Pas de Suisse à 10 millions!» est plus fort que celui observé pour l'initiative ""pour une immigration modérée» en 2020. La proportion de non à Albinen était alors de 54,9 pour cent."
6104,66.6,66.6,33.4,"Ergisch (VS)","L'initiative ""Pas de Suisse à 10 millions!» passe la rampe avec 66,6 pour cent de oui à Ergisch. Le soutien à l'initiative ""Pas de Suisse à 10 millions!» a augmenté à Ergisch par rapport à l'initiative ""pour une immigration modérée» soumise au vote en 2020. Lors de cette votation, 51,4 pour cent des habitants de la commune avaient accepté ce texte."
6109,73.5,73.5,26.5,"Inden (VS)","L'initiative ""Pas de Suisse à 10 millions!» passe la rampe avec 73,5 pour cent de oui à Inden. Avec ce résultat, Inden bascule dans le camp du oui. En 2020, la commune avait rejeté l'initiative ""pour une immigration modérée» avec 70,6 pour cent des voix."
6110,12.3,12.3,87.7,"Loèche (VS)","C'est non à l'initiative ""Pas de Suisse à 10 millions!» à Loèche. Les habitants ont refusé le texte à 87,7 pour cent. Le refus de l'initiative ""Pas de Suisse à 10 millions!» est plus fort que celui observé pour l'initiative ""pour une immigration modérée» en 2020. La proportion de non à Loèche était alors de 57,5 pour cent."
6111,18.3,18.3,81.7,"Loèche-les-Bains (VS)","C'est non à l'initiative ""Pas de Suisse à 10 millions!» à Loèche-les-Bains. Les habitants ont refusé le texte à 81,7 pour cent. Le refus de l'initiative ""Pas de Suisse à 10 millions!» est plus fort que celui observé pour l'initiative ""pour une immigration modérée» en 2020. La proportion de non à Loèche-les-Bains était alors de 55,1 pour cent."
6112,27.7,27.7,72.3,"Oberems (VS)","L'initiative ""Pas de Suisse à 10 millions!» n'a pas trouvé grâce aux yeux des citoyens d'Oberems. Ils ont refusé le texte à 72,3 pour cent. Le refus de l'initiative ""Pas de Suisse à 10 millions!» est plus fort que celui observé pour l'initiative ""pour une immigration modérée» en 2020. La proportion de non à Oberems était alors de 66,2 pour cent."
6113,60.8,60.8,39.2,"Salquenen (VS)","Salquenen dit oui à 60,8 pour cent à l'initiative ""Pas de Suisse à 10 millions!». Avec ce résultat, Salquenen bascule dans le camp du oui. En 2020, la commune avait rejeté l'initiative ""pour une immigration modérée» avec 54,1 pour cent des voix."
6116,47.8,47.8,52.2,"Varone (VS)","Les habitants de Varone s'opposent à l'initiative ""Pas de Suisse à 10 millions!» par 52,2 pour cent des voix. Le rejet de l'initiative est toutefois moins marqué que celui enregistré lors de la votation sur l'initiative ""pour une immigration modérée» en 2020. Les habitants de Varone avaient alors dit non à 57,6 pour cent."
6117,27.4,27.4,72.6,"Guttet-Feschel (VS)","L'initiative ""Pas de Suisse à 10 millions!» est refusée à 72,6 pour cent à Guttet-Feschel. Le refus de l'initiative ""Pas de Suisse à 10 millions!» est plus fort que celui observé pour l'initiative ""pour une immigration modérée» en 2020. La proportion de non à Guttet-Feschel était alors de 51,3 pour cent."
6118,35.8,35.8,64.2,"Gampel-Bratsch (VS)","L'initiative ""Pas de Suisse à 10 millions!» n'a pas trouvé grâce aux yeux des citoyens de Gampel-Bratsch. Ils ont refusé le texte à 64,2 pour cent. Le refus de l'initiative ""Pas de Suisse à 10 millions!» est plus fort que celui observé pour l'initiative ""pour une immigration modérée» en 2020. La proportion de non à Gampel-Bratsch était alors de 56,6 pour cent."
6119,70.3,70.3,29.7,"Turtmann-Unterems (VS)","L'initiative ""Pas de Suisse à 10 millions!» passe la rampe avec 70,3 pour cent de oui à Turtmann-Unterems. Le soutien à l'initiative ""Pas de Suisse à 10 millions!» a augmenté à Turtmann-Unterems par rapport à l'initiative ""pour une immigration modérée» soumise au vote en 2020. Lors de cette votation, 51,7 pour cent des habitants de la commune avaient accepté ce texte."
6131,24.7,24.7,75.3,"Bovernier (VS)","L'initiative ""Pas de Suisse à 10 millions!» n'a pas convaincu à Bovernier. Les citoyens de la commune ont refusé le texte à 75,3 pour cent. Le refus de l'initiative ""Pas de Suisse à 10 millions!» est plus fort que celui observé pour l'initiative ""pour une immigration modérée» en 2020. La proportion de non à Bovernier était alors de 58 pour cent."
6133,15.4,15.4,84.6,"Fully (VS)","Les habitants de Fully s'opposent à l'initiative ""Pas de Suisse à 10 millions!» par 84,6 pour cent des voix. Le refus de l'initiative ""Pas de Suisse à 10 millions!» est plus fort que celui observé pour l'initiative ""pour une immigration modérée» en 2020. La proportion de non à Fully était alors de 64,9 pour cent."
6134,89.6,89.6,10.4,"Isérables (VS)","Les habitants d'Isérables soutiennent à 89,6 pour cent l'initiative ""Pas de Suisse à 10 millions!». Le soutien à l'initiative ""Pas de Suisse à 10 millions!» a augmenté à Isérables par rapport à l'initiative ""pour une immigration modérée» soumise au vote en 2020. Lors de cette votation, 55,3 pour cent des habitants de la commune avaient accepté ce texte."
6135,20.9,20.9,79.1,"Leytron (VS)","C'est non à l'initiative ""Pas de Suisse à 10 millions!» à Leytron. Les habitants ont refusé le texte à 79,1 pour cent. Le refus de l'initiative ""Pas de Suisse à 10 millions!» est plus fort que celui observé pour l'initiative ""pour une immigration modérée» en 2020. La proportion de non à Leytron était alors de 57,3 pour cent."
6136,59.3,59.3,40.7,"Martigny (VS)","Les habitants de Martigny soutiennent à 59,3 pour cent l'initiative ""Pas de Suisse à 10 millions!». Avec ce résultat, Martigny bascule dans le camp du oui. En 2020, la commune avait rejeté l'initiative ""pour une immigration modérée» avec 68 pour cent des voix."
6137,57.2,57.2,42.8,"Martigny-Combe (VS)","L'initiative ""Pas de Suisse à 10 millions!» est approuvée à Martigny-Combe par 57,2 pour cent des votants. Avec ce résultat, Martigny-Combe bascule dans le camp du oui. En 2020, la commune avait rejeté l'initiative ""pour une immigration modérée» avec 65,3 pour cent des voix."
6139,37.1,37.1,62.9,"Riddes (VS)","L'initiative ""Pas de Suisse à 10 millions!» n'a pas trouvé grâce aux yeux des citoyens de Riddes. Ils ont refusé le texte à 62,9 pour cent. Le refus de l'initiative ""Pas de Suisse à 10 millions!» est plus fort que celui observé pour l'initiative ""pour une immigration modérée» en 2020. La proportion de non à Riddes était alors de 56,9 pour cent."
6140,22,22,78,"Saillon (VS)","C'est non à l'initiative ""Pas de Suisse à 10 millions!» à Saillon. Les habitants ont refusé le texte à 78 pour cent. Le refus de l'initiative ""Pas de Suisse à 10 millions!» est plus fort que celui observé pour l'initiative ""pour une immigration modérée» en 2020. La proportion de non à Saillon était alors de 64,4 pour cent."
6141,63,63,37,"Saxon (VS)","L'initiative ""Pas de Suisse à 10 millions!» est approuvée à Saxon par 63 pour cent des votants. Avec ce résultat, Saxon bascule dans le camp du oui. En 2020, la commune avait rejeté l'initiative ""pour une immigration modérée» avec 53,8 pour cent des voix."
6142,79.6,79.6,20.4,"Trient (VS)","La population de Trient approuve à 79,6 pour cent l'initiative ""Pas de Suisse à 10 millions!». Avec ce résultat, Trient bascule dans le camp du oui. En 2020, la commune avait rejeté l'initiative ""pour une immigration modérée» avec 71,2 pour cent des voix."
6151,35.9,35.9,64.1,"Champéry (VS)","La population de Champéry rejette à 64,1 pour cent des voix l'initiative ""Pas de Suisse à 10 millions!». Le refus de l'initiative ""Pas de Suisse à 10 millions!» est plus fort que celui observé pour l'initiative ""pour une immigration modérée» en 2020. La proportion de non à Champéry était alors de 60,5 pour cent."
6152,78.3,78.3,21.7,"Collombey-Muraz (VS)","Les habitants de Collombey-Muraz soutiennent à 78,3 pour cent l'initiative ""Pas de Suisse à 10 millions!». Avec ce résultat, Collombey-Muraz bascule dans le camp du oui. En 2020, la commune avait rejeté l'initiative ""pour une immigration modérée» avec 57,4 pour cent des voix."
6153,24.9,24.9,75.1,"Monthey (VS)","A Monthey, les citoyens rejettent à 75,1 pour cent l'initiative ""Pas de Suisse à 10 millions!». Le refus de l'initiative ""Pas de Suisse à 10 millions!» est plus fort que celui observé pour l'initiative ""pour une immigration modérée» en 2020. La proportion de non à Monthey était alors de 63,1 pour cent."
6154,44.4,44.4,55.6,"Port-Valais (VS)","La population de Port-Valais rejette à 55,6 pour cent des voix l'initiative ""Pas de Suisse à 10 millions!». Le refus de l'initiative ""Pas de Suisse à 10 millions!» est plus fort que celui observé pour l'initiative ""pour une immigration modérée» en 2020. La proportion de non à Port-Valais était alors de 53,9 pour cent."
6155,90.9,90.9,9.1,"Saint-Gingolph (VS)","A Saint-Gingolph, les habitants disent oui à 90,9 pour cent à l'initiative ""Pas de Suisse à 10 millions!». Avec ce résultat, Saint-Gingolph bascule dans le camp du oui. En 2020, la commune avait rejeté l'initiative ""pour une immigration modérée» avec 50,9 pour cent des voix."
6156,60.5,60.5,39.5,"Troistorrents (VS)","La population de Troistorrents approuve à 60,5 pour cent l'initiative ""Pas de Suisse à 10 millions!». Avec ce résultat, Troistorrents bascule dans le camp du oui. En 2020, la commune avait rejeté l'initiative ""pour une immigration modérée» avec 54,7 pour cent des voix."
6157,88.5,88.5,11.5,"Val-d'Illiez (VS)","L'initiative ""Pas de Suisse à 10 millions!» est approuvée à Val-d'Illiez par 88,5 pour cent des votants. Le soutien à l'initiative ""Pas de Suisse à 10 millions!» a augmenté à Val-d'Illiez par rapport à l'initiative ""pour une immigration modérée» soumise au vote en 2020. Lors de cette votation, 52,5 pour cent des habitants de la commune avaient accepté ce texte."
6158,62,62,38,"Vionnaz (VS)","L'initiative ""Pas de Suisse à 10 millions!» est approuvée à Vionnaz par 62 pour cent des votants. Avec ce résultat, Vionnaz bascule dans le camp du oui. En 2020, la commune avait rejeté l'initiative ""pour une immigration modérée» avec 57,9 pour cent des voix."
6159,46.2,46.2,53.8,"Vouvry (VS)","La population de Vouvry rejette à 53,8 pour cent des voix l'initiative ""Pas de Suisse à 10 millions!». Le rejet de l'initiative est toutefois moins marqué que celui enregistré lors de la votation sur l'initiative ""pour une immigration modérée» en 2020. Les habitants de Vouvry avaient alors dit non à 60,1 pour cent."
6172,56.9,56.9,43.1,"Bister (VS)","Bister dit oui à 56,9 pour cent à l'initiative ""Pas de Suisse à 10 millions!». Le soutien à l'initiative ""Pas de Suisse à 10 millions!» est toutefois moins marqué que celui obtenu par l'initiative ""pour une immigration modérée» en 2020. Les habitants de Bister avaient alors dit oui à 68,4 pour cent."
6173,80.1,80.1,19.9,"Bitsch (VS)","L'initiative ""Pas de Suisse à 10 millions!» est approuvée à Bitsch par 80,1 pour cent des votants. Avec ce résultat, Bitsch bascule dans le camp du oui. En 2020, la commune avait rejeté l'initiative ""pour une immigration modérée» avec 51,6 pour cent des voix."
6177,45.4,45.4,54.6,"Grengiols (VS)","La population de Grengiols rejette à 54,6 pour cent des voix l'initiative ""Pas de Suisse à 10 millions!». Le rejet de l'initiative est toutefois moins marqué que celui enregistré lors de la votation sur l'initiative ""pour une immigration modérée» en 2020. Les habitants de Grengiols avaient alors dit non à 57,4 pour cent."
6181,67.9,67.9,32.1,"Riederalp (VS)","L'initiative ""Pas de Suisse à 10 millions!» passe la rampe avec 67,9 pour cent de oui à Riederalp. Avec ce résultat, Riederalp bascule dans le camp du oui. En 2020, la commune avait rejeté l'initiative ""pour une immigration modérée» avec 65,1 pour cent des voix."
6191,31.7,31.7,68.3,"Ausserberg (VS)","A Ausserberg, les citoyens rejettent à 68,3 pour cent l'initiative ""Pas de Suisse à 10 millions!». Le refus de l'initiative ""Pas de Suisse à 10 millions!» est plus fort que celui observé pour l'initiative ""pour une immigration modérée» en 2020. La proportion de non à Ausserberg était alors de 56,5 pour cent."
6192,92.4,92.4,7.6,"Blatten (VS)","L'initiative ""Pas de Suisse à 10 millions!» passe la rampe avec 92,4 pour cent de oui à Blatten. Le soutien à l'initiative ""Pas de Suisse à 10 millions!» a augmenté à Blatten par rapport à l'initiative ""pour une immigration modérée» soumise au vote en 2020. Lors de cette votation, 52 pour cent des habitants de la commune avaient accepté ce texte."
6193,20.9,20.9,79.1,"Bürchen (VS)","L'initiative ""Pas de Suisse à 10 millions!» n'a pas trouvé grâce aux yeux des citoyens de Bürchen. Ils ont refusé le texte à 79,1 pour cent. Le refus de l'initiative ""Pas de Suisse à 10 millions!» est plus fort que celui observé pour l'initiative ""pour une immigration modérée» en 2020. La proportion de non à Bürchen était alors de 61,2 pour cent."
6194,32.8,32.8,67.2,"Eischoll (VS)","A Eischoll, les citoyens rejettent à 67,2 pour cent l'initiative ""Pas de Suisse à 10 millions!». Le refus de l'initiative ""Pas de Suisse à 10 millions!» est plus fort que celui observé pour l'initiative ""pour une immigration modérée» en 2020. La proportion de non à Eischoll était alors de 50,2 pour cent."
6195,11.6,11.6,88.4,"Ferden (VS)","La population de Ferden rejette à 88,4 pour cent des voix l'initiative ""Pas de Suisse à 10 millions!». Le refus de l'initiative ""Pas de Suisse à 10 millions!» est plus fort que celui observé pour l'initiative ""pour une immigration modérée» en 2020. La proportion de non à Ferden était alors de 59,2 pour cent."
6197,85.5,85.5,14.5,"Kippel (VS)","A Kippel, les habitants disent oui à 85,5 pour cent à l'initiative ""Pas de Suisse à 10 millions!». Avec ce résultat, Kippel bascule dans le camp du oui. En 2020, la commune avait rejeté l'initiative ""pour une immigration modérée» avec 70,6 pour cent des voix."
6198,19.6,19.6,80.4,"Niedergesteln (VS)","Les habitants de Niedergesteln s'opposent à l'initiative ""Pas de Suisse à 10 millions!» par 80,4 pour cent des voix. Le refus de l'initiative ""Pas de Suisse à 10 millions!» est plus fort que celui observé pour l'initiative ""pour une immigration modérée» en 2020. La proportion de non à Niedergesteln était alors de 55,9 pour cent."
6199,79.9,79.9,20.1,"Rarogne (VS)","La population de Rarogne approuve à 79,9 pour cent l'initiative ""Pas de Suisse à 10 millions!». Avec ce résultat, Rarogne bascule dans le camp du oui. En 2020, la commune avait rejeté l'initiative ""pour une immigration modérée» avec 58,4 pour cent des voix."
6201,39.9,39.9,60.1,"Unterbäch (VS)","Les habitants d'Unterbäch s'opposent à l'initiative ""Pas de Suisse à 10 millions!» par 60,1 pour cent des voix. Le résultat a peu changé par rapport au vote sur l'initiative ""pour une immigration modérée» en 2020. Unterbäch avait alors dit non à 61,1 pour cent."
6202,51.3,51.3,48.7,"Wiler (Lötschen) (VS)","L'initiative ""Pas de Suisse à 10 millions!» est approuvée à Wiler (Lötschen) par 51,3 pour cent des votants. Avec ce résultat, Wiler (Lötschen) bascule dans le camp du oui. En 2020, la commune avait rejeté l'initiative ""pour une immigration modérée» avec 64,1 pour cent des voix."
6203,18.4,18.4,81.6,"Mörel-Filet (VS)","Les habitants de Mörel-Filet s'opposent à l'initiative ""Pas de Suisse à 10 millions!» par 81,6 pour cent des voix. Le refus de l'initiative ""Pas de Suisse à 10 millions!» est plus fort que celui observé pour l'initiative ""pour une immigration modérée» en 2020. La proportion de non à Mörel-Filet était alors de 65,7 pour cent."
6204,72.8,72.8,27.2,"Steg-Hohtenn (VS)","Les habitants de Steg-Hohtenn soutiennent à 72,8 pour cent l'initiative ""Pas de Suisse à 10 millions!». Avec ce résultat, Steg-Hohtenn bascule dans le camp du oui. En 2020, la commune avait rejeté l'initiative ""pour une immigration modérée» avec 53,1 pour cent des voix."
6205,62.3,62.3,37.7,"Bettmeralp (VS)","L'initiative ""Pas de Suisse à 10 millions!» passe la rampe avec 62,3 pour cent de oui à Bettmeralp. Avec ce résultat, Bettmeralp bascule dans le camp du oui. En 2020, la commune avait rejeté l'initiative ""pour une immigration modérée» avec 60,9 pour cent des voix."
6211,24.3,24.3,75.7,"Collonges (VS)","L'initiative ""Pas de Suisse à 10 millions!» n'a pas trouvé grâce aux yeux des citoyens de Collonges. Ils ont refusé le texte à 75,7 pour cent. Le refus de l'initiative ""Pas de Suisse à 10 millions!» est plus fort que celui observé pour l'initiative ""pour une immigration modérée» en 2020. La proportion de non à Collonges était alors de 63,5 pour cent."
6212,18.9,18.9,81.1,"Dorénaz (VS)","L'initiative ""Pas de Suisse à 10 millions!» n'a pas convaincu à Dorénaz. Les citoyens de la commune ont refusé le texte à 81,1 pour cent. Le refus de l'initiative ""Pas de Suisse à 10 millions!» est plus fort que celui observé pour l'initiative ""pour une immigration modérée» en 2020. La proportion de non à Dorénaz était alors de 56 pour cent."
6213,80,80,20,"Evionnaz (VS)","A Evionnaz, les habitants disent oui à 80 pour cent à l'initiative ""Pas de Suisse à 10 millions!». Avec ce résultat, Evionnaz bascule dans le camp du oui. En 2020, la commune avait rejeté l'initiative ""pour une immigration modérée» avec 59,2 pour cent des voix."
6214,38.6,38.6,61.4,"Finhaut (VS)","L'initiative ""Pas de Suisse à 10 millions!» n'a pas trouvé grâce aux yeux des citoyens de Finhaut. Ils ont refusé le texte à 61,4 pour cent. Le rejet de l'initiative est toutefois moins marqué que celui enregistré lors de la votation sur l'initiative ""pour une immigration modérée» en 2020. Les habitants de Finhaut avaient alors dit non à 69,3 pour cent."
6215,46.8,46.8,53.2,"Massongex (VS)","L'initiative ""Pas de Suisse à 10 millions!» est refusée à 53,2 pour cent à Massongex. Le rejet de l'initiative est toutefois moins marqué que celui enregistré lors de la votation sur l'initiative ""pour une immigration modérée» en 2020. Les habitants de Massongex avaient alors dit non à 58,5 pour cent."
6217,42.5,42.5,57.5,"Saint-Maurice (VS)","A Saint-Maurice, les citoyens rejettent à 57,5 pour cent l'initiative ""Pas de Suisse à 10 millions!». Le rejet de l'initiative est toutefois moins marqué que celui enregistré lors de la votation sur l'initiative ""pour une immigration modérée» en 2020. Les habitants de Saint-Maurice avaient alors dit non à 67,7 pour cent."
6218,62.8,62.8,37.2,"Salvan (VS)","L'initiative ""Pas de Suisse à 10 millions!» passe la rampe avec 62,8 pour cent de oui à Salvan. Avec ce résultat, Salvan bascule dans le camp du oui. En 2020, la commune avait rejeté l'initiative ""pour une immigration modérée» avec 69,5 pour cent des voix."
6219,86,86,14,"Vernayaz (VS)","A Vernayaz, les habitants disent oui à 86 pour cent à l'initiative ""Pas de Suisse à 10 millions!». Avec ce résultat, Vernayaz bascule dans le camp du oui. En 2020, la commune avait rejeté l'initiative ""pour une immigration modérée» avec 60,8 pour cent des voix."
6220,41.1,41.1,58.9,"Vérossaz (VS)","L'initiative ""Pas de Suisse à 10 millions!» n'a pas convaincu à Vérossaz. Les citoyens de la commune ont refusé le texte à 58,9 pour cent. Le rejet de l'initiative est toutefois moins marqué que celui enregistré lors de la votation sur l'initiative ""pour une immigration modérée» en 2020. Les habitants de Vérossaz avaient alors dit non à 62,2 pour cent."
6232,38.1,38.1,61.9,"Chalais (VS)","Les habitants de Chalais s'opposent à l'initiative ""Pas de Suisse à 10 millions!» par 61,9 pour cent des voix. Le rejet de l'initiative est toutefois moins marqué que celui enregistré lors de la votation sur l'initiative ""pour une immigration modérée» en 2020. Les habitants de Chalais avaient alors dit non à 65,3 pour cent."
6235,29.3,29.3,70.7,"Chippis (VS)","L'initiative ""Pas de Suisse à 10 millions!» est refusée à 70,7 pour cent à Chippis. Le refus de l'initiative ""Pas de Suisse à 10 millions!» est plus fort que celui observé pour l'initiative ""pour une immigration modérée» en 2020. La proportion de non à Chippis était alors de 63,7 pour cent."
6238,13.3,13.3,86.7,"Grône (VS)","La population de Grône rejette à 86,7 pour cent des voix l'initiative ""Pas de Suisse à 10 millions!». Le refus de l'initiative ""Pas de Suisse à 10 millions!» est plus fort que celui observé pour l'initiative ""pour une immigration modérée» en 2020. La proportion de non à Grône était alors de 60,7 pour cent."
6239,50.8,50.8,49.2,"Icogne (VS)","Les habitants d'Icogne soutiennent à 50,8 pour cent l'initiative ""Pas de Suisse à 10 millions!». Avec ce résultat, Icogne bascule dans le camp du oui. En 2020, la commune avait rejeté l'initiative ""pour une immigration modérée» avec 67 pour cent des voix."
6240,67.8,67.8,32.2,"Lens (VS)","Les habitants de Lens soutiennent à 67,8 pour cent l'initiative ""Pas de Suisse à 10 millions!». Avec ce résultat, Lens bascule dans le camp du oui. En 2020, la commune avait rejeté l'initiative ""pour une immigration modérée» avec 63,2 pour cent des voix."
6246,14.9,14.9,85.1,"Saint-Léonard (VS)","Les habitants de Saint-Léonard s'opposent à l'initiative ""Pas de Suisse à 10 millions!» par 85,1 pour cent des voix. Le refus de l'initiative ""Pas de Suisse à 10 millions!» est plus fort que celui observé pour l'initiative ""pour une immigration modérée» en 2020. La proportion de non à Saint-Léonard était alors de 61,6 pour cent."
6248,55.4,55.4,44.6,"Sierre (VS)","Les habitants de Sierre acceptent à 55,4 pour cent l'initiative ""Pas de Suisse à 10 millions!». Avec ce résultat, Sierre bascule dans le camp du oui. En 2020, la commune avait rejeté l'initiative ""pour une immigration modérée» avec 64 pour cent des voix."
6252,73.6,73.6,26.4,"Anniviers (VS)","L'initiative ""Pas de Suisse à 10 millions!» passe la rampe avec 73,6 pour cent de oui à Anniviers. Avec ce résultat, Anniviers bascule dans le camp du oui. En 2020, la commune avait rejeté l'initiative ""pour une immigration modérée» avec 69,1 pour cent des voix."
6253,31.9,31.9,68.1,"Crans-Montana (VS)","L'initiative ""Pas de Suisse à 10 millions!» n'a pas convaincu à Crans-Montana. Les citoyens de la commune ont refusé le texte à 68,1 pour cent. Le refus de l'initiative ""Pas de Suisse à 10 millions!» est plus fort que celui observé pour l'initiative ""pour une immigration modérée» en 2020. La proportion de non à Crans-Montana était alors de 63,1 pour cent."
6254,39,39,61,"Noble-Contrée (VS)","Les habitants de Noble-Contrée s'opposent à l'initiative ""Pas de Suisse à 10 millions!» par 61 pour cent des voix. Le rejet de l'initiative est toutefois moins marqué que celui enregistré lors de la votation sur l'initiative ""pour une immigration modérée» en 2020. Les habitants de Noble-Contrée avaient alors dit non à 68,5 pour cent."
6261,49.3,49.3,50.7,"Arbaz (VS)","L'initiative ""Pas de Suisse à 10 millions!» n'a pas convaincu à Arbaz. Les citoyens de la commune ont refusé le texte à 50,7 pour cent. Le rejet de l'initiative est toutefois moins marqué que celui enregistré lors de la votation sur l'initiative ""pour une immigration modérée» en 2020. Les habitants d'Arbaz avaient alors dit non à 69,6 pour cent."
6263,81,81,19,"Grimisuat (VS)","L'initiative ""Pas de Suisse à 10 millions!» passe la rampe avec 81 pour cent de oui à Grimisuat. Avec ce résultat, Grimisuat bascule dans le camp du oui. En 2020, la commune avait rejeté l'initiative ""pour une immigration modérée» avec 71 pour cent des voix."
6265,48.8,48.8,51.2,"Savièse (VS)","L'initiative ""Pas de Suisse à 10 millions!» est refusée à 51,2 pour cent à Savièse. Le rejet de l'initiative est toutefois moins marqué que celui enregistré lors de la votation sur l'initiative ""pour une immigration modérée» en 2020. Les habitants de Savièse avaient alors dit non à 65 pour cent."
6266,42.1,42.1,57.9,"Sion (VS)","L'initiative ""Pas de Suisse à 10 millions!» n'a pas trouvé grâce aux yeux des citoyens de Sion. Ils ont refusé le texte à 57,9 pour cent. Le rejet de l'initiative est toutefois moins marqué que celui enregistré lors de la votation sur l'initiative ""pour une immigration modérée» en 2020. Les habitants de Sion avaient alors dit non à 69,4 pour cent."
6267,17.5,17.5,82.5,"Veysonnaz (VS)","L'initiative ""Pas de Suisse à 10 millions!» n'a pas convaincu à Veysonnaz. Les citoyens de la commune ont refusé le texte à 82,5 pour cent. Le refus de l'initiative ""Pas de Suisse à 10 millions!» est plus fort que celui observé pour l'initiative ""pour une immigration modérée» en 2020. La proportion de non à Veysonnaz était alors de 64,3 pour cent."
6281,26.8,26.8,73.2,"Baltschieder (VS)","C'est non à l'initiative ""Pas de Suisse à 10 millions!» à Baltschieder. Les habitants ont refusé le texte à 73,2 pour cent. Le refus de l'initiative ""Pas de Suisse à 10 millions!» est plus fort que celui observé pour l'initiative ""pour une immigration modérée» en 2020. La proportion de non à Baltschieder était alors de 52,3 pour cent."
6282,36.7,36.7,63.3,"Eisten (VS)","La population d'Eisten rejette à 63,3 pour cent des voix l'initiative ""Pas de Suisse à 10 millions!». En cinq ans, la commune a ainsi changé de camp sur la question de la limitation de l'immigration. Eisten avait rejeté l'initiative ""pour une immigration modérée» à 40,5 pour cent en 2020."
6283,58.7,58.7,41.3,"Embd (VS)","La population d'Embd approuve à 58,7 pour cent l'initiative ""Pas de Suisse à 10 millions!». Le soutien à l'initiative ""Pas de Suisse à 10 millions!» a augmenté à Embd par rapport à l'initiative ""pour une immigration modérée» soumise au vote en 2020. Lors de cette votation, 53,5 pour cent des habitants de la commune avaient accepté ce texte."
6285,41,41,59,"Grächen (VS)","A Grächen, les citoyens rejettent à 59 pour cent l'initiative ""Pas de Suisse à 10 millions!». En cinq ans, la commune a ainsi changé de camp sur la question de la limitation de l'immigration. Grächen avait rejeté l'initiative ""pour une immigration modérée» à 49,7 pour cent en 2020."
6286,56.5,56.5,43.5,"Lalden (VS)","A Lalden, les habitants disent oui à 56,5 pour cent à l'initiative ""Pas de Suisse à 10 millions!». Avec ce résultat, Lalden bascule dans le camp du oui. En 2020, la commune avait rejeté l'initiative ""pour une immigration modérée» avec 51,5 pour cent des voix."
6287,57.5,57.5,42.5,"Randa (VS)","Randa dit oui à 57,5 pour cent à l'initiative ""Pas de Suisse à 10 millions!». Avec ce résultat, Randa bascule dans le camp du oui. En 2020, la commune avait rejeté l'initiative ""pour une immigration modérée» avec 51,2 pour cent des voix."
6288,53.5,53.5,46.5,"Saas-Almagell (VS)","Les habitants de Saas-Almagell acceptent à 53,5 pour cent l'initiative ""Pas de Suisse à 10 millions!». Avec ce résultat, Saas-Almagell bascule dans le camp du oui. En 2020, la commune avait rejeté l'initiative ""pour une immigration modérée» avec 59,1 pour cent des voix."
6289,87.2,87.2,12.8,"Saas-Balen (VS)","Saas-Balen dit oui à 87,2 pour cent à l'initiative ""Pas de Suisse à 10 millions!». Le soutien à l'initiative ""Pas de Suisse à 10 millions!» a augmenté à Saas-Balen par rapport à l'initiative ""pour une immigration modérée» soumise au vote en 2020. Lors de cette votation, 59,8 pour cent des habitants de la commune avaient accepté ce texte."
6290,88.6,88.6,11.4,"Saas-Fee (VS)","L'initiative ""Pas de Suisse à 10 millions!» est approuvée à Saas-Fee par 88,6 pour cent des votants. Avec ce résultat, Saas-Fee bascule dans le camp du oui. En 2020, la commune avait rejeté l'initiative ""pour une immigration modérée» avec 73 pour cent des voix."
6291,33.7,33.7,66.3,"Saas-Grund (VS)","La population de Saas-Grund rejette à 66,3 pour cent des voix l'initiative ""Pas de Suisse à 10 millions!». Le refus de l'initiative ""Pas de Suisse à 10 millions!» est plus fort que celui observé pour l'initiative ""pour une immigration modérée» en 2020. La proportion de non à Saas-Grund était alors de 57,5 pour cent."
6292,64.5,64.5,35.5,"Saint-Nicolas (VS)","A Saint-Nicolas, les habitants disent oui à 64,5 pour cent à l'initiative ""Pas de Suisse à 10 millions!». Le soutien à l'initiative ""Pas de Suisse à 10 millions!» a augmenté à Saint-Nicolas par rapport à l'initiative ""pour une immigration modérée» soumise au vote en 2020. Lors de cette votation, 56,7 pour cent des habitants de la commune avaient accepté ce texte."
6293,50.5,50.5,49.5,"Stalden (VS)","A Stalden (VS), les habitants disent oui à 50,5 pour cent à l'initiative ""Pas de Suisse à 10 millions!». Avec ce résultat, Stalden (VS) bascule dans le camp du oui. En 2020, la commune avait rejeté l'initiative ""pour une immigration modérée» avec 50,3 pour cent des voix."
6294,31.4,31.4,68.6,"Staldenried (VS)","L'initiative ""Pas de Suisse à 10 millions!» est refusée à 68,6 pour cent à Staldenried. Le refus de l'initiative ""Pas de Suisse à 10 millions!» est plus fort que celui observé pour l'initiative ""pour une immigration modérée» en 2020. La proportion de non à Staldenried était alors de 59,6 pour cent."
6295,84,84,16,"Täsch (VS)","Les habitants de Täsch acceptent à 84 pour cent l'initiative ""Pas de Suisse à 10 millions!». Avec ce résultat, Täsch bascule dans le camp du oui. En 2020, la commune avait rejeté l'initiative ""pour une immigration modérée» avec 51,4 pour cent des voix."
6296,94.2,94.2,5.8,"Törbel (VS)","Les habitants de Törbel acceptent à 94,2 pour cent l'initiative ""Pas de Suisse à 10 millions!». Le soutien à l'initiative ""Pas de Suisse à 10 millions!» a augmenté à Törbel par rapport à l'initiative ""pour une immigration modérée» soumise au vote en 2020. Lors de cette votation, 59,6 pour cent des habitants de la commune avaient accepté ce texte."
6297,18.8,18.8,81.2,"Viège (VS)","L'initiative ""Pas de Suisse à 10 millions!» n'a pas trouvé grâce aux yeux des citoyens de Viège. Ils ont refusé le texte à 81,2 pour cent. Le refus de l'initiative ""Pas de Suisse à 10 millions!» est plus fort que celui observé pour l'initiative ""pour une immigration modérée» en 2020. La proportion de non à Viège était alors de 59,7 pour cent."
6298,56.6,56.6,43.4,"Visperterminen (VS)","Les habitants de Visperterminen acceptent à 56,6 pour cent l'initiative ""Pas de Suisse à 10 millions!». Avec ce résultat, Visperterminen bascule dans le camp du oui. En 2020, la commune avait rejeté l'initiative ""pour une immigration modérée» avec 71,7 pour cent des voix."
6299,17.8,17.8,82.2,"Zeneggen (VS)","L'initiative ""Pas de Suisse à 10 millions!» n'a pas trouvé grâce aux yeux des citoyens de Zeneggen. Ils ont refusé le texte à 82,2 pour cent. Le refus de l'initiative ""Pas de Suisse à 10 millions!» est plus fort que celui observé pour l'initiative ""pour une immigration modérée» en 2020. La proportion de non à Zeneggen était alors de 69 pour cent."
6300,8.1,8.1,91.9,"Zermatt (VS)","La population de Zermatt rejette à 91,9 pour cent des voix l'initiative ""Pas de Suisse à 10 millions!». Le refus de l'initiative ""Pas de Suisse à 10 millions!» est plus fort que celui observé pour l'initiative ""pour une immigration modérée» en 2020. La proportion de non à Zermatt était alors de 60,5 pour cent."
6404,24.7,24.7,75.3,"Boudry (NE)","Les habitants de Boudry s'opposent à l'initiative ""Pas de Suisse à 10 millions!» par 75,3 pour cent des voix. Le refus de l'initiative ""Pas de Suisse à 10 millions!» est plus fort que celui observé pour l'initiative ""pour une immigration modérée» en 2020. La proportion de non à Boudry était alors de 71 pour cent."
6408,39.5,39.5,60.5,"Cortaillod (NE)","L'initiative ""Pas de Suisse à 10 millions!» n'a pas trouvé grâce aux yeux des citoyens de Cortaillod. Ils ont refusé le texte à 60,5 pour cent. Le rejet de l'initiative est toutefois moins marqué que celui enregistré lors de la votation sur l'initiative ""pour une immigration modérée» en 2020. Les habitants de Cortaillod avaient alors dit non à 71,1 pour cent."
6413,54.1,54.1,45.9,"Rochefort (NE)","Les habitants de Rochefort soutiennent à 54,1 pour cent l'initiative ""Pas de Suisse à 10 millions!». Avec ce résultat, Rochefort bascule dans le camp du oui. En 2020, la commune avait rejeté l'initiative ""pour une immigration modérée» avec 72,2 pour cent des voix."
6416,67.9,67.9,32.1,"Milvignes (NE)","L'initiative ""Pas de Suisse à 10 millions!» passe la rampe avec 67,9 pour cent de oui à Milvignes. Avec ce résultat, Milvignes bascule dans le camp du oui. En 2020, la commune avait rejeté l'initiative ""pour une immigration modérée» avec 75,5 pour cent des voix."
6417,37.3,37.3,62.7,"La Grande Béroche (NE)","L'initiative ""Pas de Suisse à 10 millions!» n'a pas trouvé grâce aux yeux des citoyens de La Grande Béroche. Ils ont refusé le texte à 62,7 pour cent. Le rejet de l'initiative est toutefois moins marqué que celui enregistré lors de la votation sur l'initiative ""pour une immigration modérée» en 2020. Les habitants de La Grande Béroche avaient alors dit non à 72,3 pour cent."
6421,43.1,43.1,56.9,"La Chaux-de-Fonds (NE)","L'initiative ""Pas de Suisse à 10 millions!» n'a pas trouvé grâce aux yeux des citoyens de La Chaux-de-Fonds. Ils ont refusé le texte à 56,9 pour cent. Le rejet de l'initiative est toutefois moins marqué que celui enregistré lors de la votation sur l'initiative ""pour une immigration modérée» en 2020. Les habitants de La Chaux-de-Fonds avaient alors dit non à 71,4 pour cent."
6422,43.9,43.9,56.1,"Les Planchettes (NE)","Aux Planchettes, les citoyens rejettent à 56,1 pour cent l'initiative ""Pas de Suisse à 10 millions!». Le rejet de l'initiative est toutefois moins marqué que celui enregistré lors de la votation sur l'initiative ""pour une immigration modérée» en 2020. Les habitants des Planchettes avaient alors dit non à 58,6 pour cent."
6423,48.3,48.3,51.7,"La Sagne (NE)","Les habitants de La Sagne s'opposent à l'initiative ""Pas de Suisse à 10 millions!» par 51,7 pour cent des voix. Le rejet de l'initiative est toutefois moins marqué que celui enregistré lors de la votation sur l'initiative ""pour une immigration modérée» en 2020. Les habitants de La Sagne avaient alors dit non à 57,9 pour cent."
6432,5.6,5.6,94.4,"La Brévine (NE)","Les habitants de La Brévine s'opposent à l'initiative ""Pas de Suisse à 10 millions!» par 94,4 pour cent des voix. En cinq ans, la commune a ainsi changé de camp sur la question de la limitation de l'immigration. La Brévine avait rejeté l'initiative ""pour une immigration modérée» à 49,4 pour cent en 2020."
6433,56.7,56.7,43.3,"Brot-Plamboz (NE)","A Brot-Plamboz, les habitants disent oui à 56,7 pour cent à l'initiative ""Pas de Suisse à 10 millions!». Le soutien à l'initiative ""Pas de Suisse à 10 millions!» a augmenté à Brot-Plamboz par rapport à l'initiative ""pour une immigration modérée» soumise au vote en 2020. Lors de cette votation, 53,8 pour cent des habitants de la commune avaient accepté ce texte."
6434,43.3,43.3,56.7,"Le Cerneux-Péquignot (NE)","L'initiative ""Pas de Suisse à 10 millions!» n'a pas trouvé grâce aux yeux des citoyens du Cerneux-Péquignot. Ils ont refusé le texte à 56,7 pour cent. Le résultat a peu changé par rapport au vote sur l'initiative ""pour une immigration modérée» en 2020. Le Cerneux-Péquignot avait alors dit non à 56,7 pour cent."
6435,14.9,14.9,85.1,"La Chaux-du-Milieu (NE)","Les habitants de La Chaux-du-Milieu s'opposent à l'initiative ""Pas de Suisse à 10 millions!» par 85,1 pour cent des voix. Le refus de l'initiative ""Pas de Suisse à 10 millions!» est plus fort que celui observé pour l'initiative ""pour une immigration modérée» en 2020. La proportion de non à La Chaux-du-Milieu était alors de 65,5 pour cent."
6436,79.6,79.6,20.4,"Le Locle (NE)","L'initiative ""Pas de Suisse à 10 millions!» est approuvée au Locle par 79,6 pour cent des votants. Avec ce résultat, Le Locle bascule dans le camp du oui. En 2020, la commune avait rejeté l'initiative ""pour une immigration modérée» avec 64,5 pour cent des voix."
6437,50.6,50.6,49.4,"Les Ponts-de-Martel (NE)","Les habitants des Ponts-de-Martel soutiennent à 50,6 pour cent l'initiative ""Pas de Suisse à 10 millions!». Avec ce résultat, Les Ponts-de-Martel bascule dans le camp du oui. En 2020, la commune avait rejeté l'initiative ""pour une immigration modérée» avec 52,7 pour cent des voix."
6451,13.2,13.2,86.8,"Cornaux (NE)","L'initiative ""Pas de Suisse à 10 millions!» est refusée à 86,8 pour cent à Cornaux. Le refus de l'initiative ""Pas de Suisse à 10 millions!» est plus fort que celui observé pour l'initiative ""pour une immigration modérée» en 2020. La proportion de non à Cornaux était alors de 60,9 pour cent."
6452,47.7,47.7,52.3,"Cressier (NE)","L'initiative ""Pas de Suisse à 10 millions!» n'a pas convaincu à Cressier (NE). Les citoyens de la commune ont refusé le texte à 52,3 pour cent. Le rejet de l'initiative est toutefois moins marqué que celui enregistré lors de la votation sur l'initiative ""pour une immigration modérée» en 2020. Les habitants de Cressier (NE) avaient alors dit non à 70 pour cent."
6455,50.6,50.6,49.4,"Le Landeron (NE)","L'initiative ""Pas de Suisse à 10 millions!» est approuvée au Landeron par 50,6 pour cent des votants. Avec ce résultat, Le Landeron bascule dans le camp du oui. En 2020, la commune avait rejeté l'initiative ""pour une immigration modérée» avec 68,2 pour cent des voix."
6456,53.5,53.5,46.5,"Lignières (NE)","A Lignières, les habitants disent oui à 53,5 pour cent à l'initiative ""Pas de Suisse à 10 millions!». Avec ce résultat, Lignières bascule dans le camp du oui. En 2020, la commune avait rejeté l'initiative ""pour une immigration modérée» avec 70,8 pour cent des voix."
6458,22.4,22.4,77.6,"Neuchâtel (NE)","C'est non à l'initiative ""Pas de Suisse à 10 millions!» à Neuchâtel. Les habitants ont refusé le texte à 77,6 pour cent. Le résultat a peu changé par rapport au vote sur l'initiative ""pour une immigration modérée» en 2020. Neuchâtel avait alors dit non à 77,2 pour cent."
6487,46.9,46.9,53.1,"Val-de-Ruz (NE)","L'initiative ""Pas de Suisse à 10 millions!» n'a pas convaincu à Val-de-Ruz. Les citoyens de la commune ont refusé le texte à 53,1 pour cent. Le rejet de l'initiative est toutefois moins marqué que celui enregistré lors de la votation sur l'initiative ""pour une immigration modérée» en 2020. Les habitants de Val-de-Ruz avaient alors dit non à 67,8 pour cent."
6504,4.8,4.8,95.2,"La Côte-aux-Fées (NE)","Les habitants de La Côte-aux-Fées s'opposent à l'initiative ""Pas de Suisse à 10 millions!» par 95,2 pour cent des voix. Le refus de l'initiative ""Pas de Suisse à 10 millions!» est plus fort que celui observé pour l'initiative ""pour une immigration modérée» en 2020. La proportion de non à La Côte-aux-Fées était alors de 54,6 pour cent."
6511,98.6,98.6,1.4,"Les Verrières (NE)","Les habitants des Verrières soutiennent à 98,6 pour cent l'initiative ""Pas de Suisse à 10 millions!». Avec ce résultat, Les Verrières bascule dans le camp du oui. En 2020, la commune avait rejeté l'initiative ""pour une immigration modérée» avec 56,2 pour cent des voix."
6512,63.5,63.5,36.5,"Val-de-Travers (NE)","La population de Val-de-Travers approuve à 63,5 pour cent l'initiative ""Pas de Suisse à 10 millions!». Avec ce résultat, Val-de-Travers bascule dans le camp du oui. En 2020, la commune avait rejeté l'initiative ""pour une immigration modérée» avec 61,6 pour cent des voix."
6513,49.4,49.4,50.6,"Laténa (NE)","A Laténa, les citoyens rejettent à 50,6 pour cent l'initiative ""Pas de Suisse à 10 millions!». Le rejet de l'initiative est toutefois moins marqué que celui enregistré lors de la votation sur l'initiative ""pour une immigration modérée» en 2020. Les habitants de Laténa avaient alors dit non à 75,3 pour cent."
6601,73.1,73.1,26.9,"Aire-la-Ville (GE)","La population d'Aire-la-Ville approuve à 73,1 pour cent l'initiative ""Pas de Suisse à 10 millions!». Avec ce résultat, Aire-la-Ville bascule dans le camp du oui. En 2020, la commune avait rejeté l'initiative ""pour une immigration modérée» avec 63 pour cent des voix."
6602,80.1,80.1,19.9,"Anières (GE)","L'initiative ""Pas de Suisse à 10 millions!» est approuvée à Anières par 80,1 pour cent des votants. Avec ce résultat, Anières bascule dans le camp du oui. En 2020, la commune avait rejeté l'initiative ""pour une immigration modérée» avec 68 pour cent des voix."
6603,45.4,45.4,54.6,"Avully (GE)","Les habitants d'Avully s'opposent à l'initiative ""Pas de Suisse à 10 millions!» par 54,6 pour cent des voix. Le rejet de l'initiative est toutefois moins marqué que celui enregistré lors de la votation sur l'initiative ""pour une immigration modérée» en 2020. Les habitants d'Avully avaient alors dit non à 64,6 pour cent."
6604,47.1,47.1,52.9,"Avusy (GE)","A Avusy, les citoyens rejettent à 52,9 pour cent l'initiative ""Pas de Suisse à 10 millions!». Le rejet de l'initiative est toutefois moins marqué que celui enregistré lors de la votation sur l'initiative ""pour une immigration modérée» en 2020. Les habitants d'Avusy avaient alors dit non à 72,7 pour cent."
6605,94.9,94.9,5.1,"Bardonnex (GE)","L'initiative ""Pas de Suisse à 10 millions!» passe la rampe avec 94,9 pour cent de oui à Bardonnex. Avec ce résultat, Bardonnex bascule dans le camp du oui. En 2020, la commune avait rejeté l'initiative ""pour une immigration modérée» avec 66,5 pour cent des voix."
6606,42.5,42.5,57.5,"Bellevue (GE)","Les habitants de Bellevue s'opposent à l'initiative ""Pas de Suisse à 10 millions!» par 57,5 pour cent des voix. Le rejet de l'initiative est toutefois moins marqué que celui enregistré lors de la votation sur l'initiative ""pour une immigration modérée» en 2020. Les habitants de Bellevue avaient alors dit non à 69,4 pour cent."
6607,71.5,71.5,28.5,"Bernex (GE)","Bernex dit oui à 71,5 pour cent à l'initiative ""Pas de Suisse à 10 millions!». Avec ce résultat, Bernex bascule dans le camp du oui. En 2020, la commune avait rejeté l'initiative ""pour une immigration modérée» avec 70,8 pour cent des voix."
6608,84.4,84.4,15.6,"Carouge (GE)","Les habitants de Carouge (GE) acceptent à 84,4 pour cent l'initiative ""Pas de Suisse à 10 millions!». Avec ce résultat, Carouge (GE) bascule dans le camp du oui. En 2020, la commune avait rejeté l'initiative ""pour une immigration modérée» avec 72 pour cent des voix."
6609,28.2,28.2,71.8,"Cartigny (GE)","C'est non à l'initiative ""Pas de Suisse à 10 millions!» à Cartigny. Les habitants ont refusé le texte à 71,8 pour cent. Le refus de l'initiative ""Pas de Suisse à 10 millions!» est plus fort que celui observé pour l'initiative ""pour une immigration modérée» en 2020. La proportion de non à Cartigny était alors de 69,5 pour cent."
6610,32.5,32.5,67.5,"Céligny (GE)","La population de Céligny rejette à 67,5 pour cent des voix l'initiative ""Pas de Suisse à 10 millions!». Le rejet de l'initiative est toutefois moins marqué que celui enregistré lors de la votation sur l'initiative ""pour une immigration modérée» en 2020. Les habitants de Céligny avaient alors dit non à 73,9 pour cent."
6611,50.8,50.8,49.2,"Chancy (GE)","Les habitants de Chancy acceptent à 50,8 pour cent l'initiative ""Pas de Suisse à 10 millions!». Avec ce résultat, Chancy bascule dans le camp du oui. En 2020, la commune avait rejeté l'initiative ""pour une immigration modérée» avec 52,8 pour cent des voix."
6612,91.3,91.3,8.7,"Chêne-Bougeries (GE)","La population de Chêne-Bougeries approuve à 91,3 pour cent l'initiative ""Pas de Suisse à 10 millions!». Avec ce résultat, Chêne-Bougeries bascule dans le camp du oui. En 2020, la commune avait rejeté l'initiative ""pour une immigration modérée» avec 73,6 pour cent des voix."
6613,48.3,48.3,51.7,"Chêne-Bourg (GE)","L'initiative ""Pas de Suisse à 10 millions!» est refusée à 51,7 pour cent à Chêne-Bourg. Le rejet de l'initiative est toutefois moins marqué que celui enregistré lors de la votation sur l'initiative ""pour une immigration modérée» en 2020. Les habitants de Chêne-Bourg avaient alors dit non à 66,6 pour cent."
6614,42.3,42.3,57.7,"Choulex (GE)","La population de Choulex rejette à 57,7 pour cent des voix l'initiative ""Pas de Suisse à 10 millions!». Le rejet de l'initiative est toutefois moins marqué que celui enregistré lors de la votation sur l'initiative ""pour une immigration modérée» en 2020. Les habitants de Choulex avaient alors dit non à 70,2 pour cent."
6615,54.2,54.2,45.8,"Collex-Bossy (GE)","A Collex-Bossy, les habitants disent oui à 54,2 pour cent à l'initiative ""Pas de Suisse à 10 millions!». Avec ce résultat, Collex-Bossy bascule dans le camp du oui. En 2020, la commune avait rejeté l'initiative ""pour une immigration modérée» avec 72,9 pour cent des voix."
6616,46.5,46.5,53.5,"Collonge-Bellerive (GE)","La population de Collonge-Bellerive rejette à 53,5 pour cent des voix l'initiative ""Pas de Suisse à 10 millions!». Le rejet de l'initiative est toutefois moins marqué que celui enregistré lors de la votation sur l'initiative ""pour une immigration modérée» en 2020. Les habitants de Collonge-Bellerive avaient alors dit non à 70,5 pour cent."
6617,98.5,98.5,1.5,"Cologny (GE)","A Cologny, les habitants disent oui à 98,5 pour cent à l'initiative ""Pas de Suisse à 10 millions!». Avec ce résultat, Cologny bascule dans le camp du oui. En 2020, la commune avait rejeté l'initiative ""pour une immigration modérée» avec 71,9 pour cent des voix."
6618,20,20,80,"Confignon (GE)","La population de Confignon rejette à 80 pour cent des voix l'initiative ""Pas de Suisse à 10 millions!». Le refus de l'initiative ""Pas de Suisse à 10 millions!» est plus fort que celui observé pour l'initiative ""pour une immigration modérée» en 2020. La proportion de non à Confignon était alors de 71,1 pour cent."
6619,55.4,55.4,44.6,"Corsier (GE)","Corsier (GE) dit oui à 55,4 pour cent à l'initiative ""Pas de Suisse à 10 millions!». Avec ce résultat, Corsier (GE) bascule dans le camp du oui. En 2020, la commune avait rejeté l'initiative ""pour une immigration modérée» avec 69,3 pour cent des voix."
6620,44.5,44.5,55.5,"Dardagny (GE)","Les habitants de Dardagny s'opposent à l'initiative ""Pas de Suisse à 10 millions!» par 55,5 pour cent des voix. Le rejet de l'initiative est toutefois moins marqué que celui enregistré lors de la votation sur l'initiative ""pour une immigration modérée» en 2020. Les habitants de Dardagny avaient alors dit non à 66,9 pour cent."
6621,68.1,68.1,31.9,"Genève (GE)","Les habitants de Genève acceptent à 68,1 pour cent l'initiative ""Pas de Suisse à 10 millions!». Avec ce résultat, Genève bascule dans le camp du oui. En 2020, la commune avait rejeté l'initiative ""pour une immigration modérée» avec 69,7 pour cent des voix."
6622,93.1,93.1,6.9,"Genthod (GE)","L'initiative ""Pas de Suisse à 10 millions!» passe la rampe avec 93,1 pour cent de oui à Genthod. Avec ce résultat, Genthod bascule dans le camp du oui. En 2020, la commune avait rejeté l'initiative ""pour une immigration modérée» avec 65,2 pour cent des voix."
6623,61.8,61.8,38.2,"Le Grand-Saconnex (GE)","L'initiative ""Pas de Suisse à 10 millions!» est approuvée au Grand-Saconnex par 61,8 pour cent des votants. Avec ce résultat, Le Grand-Saconnex bascule dans le camp du oui. En 2020, la commune avait rejeté l'initiative ""pour une immigration modérée» avec 66,6 pour cent des voix."
6624,32.2,32.2,67.8,"Gy (GE)","L'initiative ""Pas de Suisse à 10 millions!» est refusée à 67,8 pour cent à Gy. Le résultat a peu changé par rapport au vote sur l'initiative ""pour une immigration modérée» en 2020. Gy avait alors dit non à 67,3 pour cent."
6625,65.4,65.4,34.6,"Hermance (GE)","Les habitants d'Hermance soutiennent à 65,4 pour cent l'initiative ""Pas de Suisse à 10 millions!». Avec ce résultat, Hermance bascule dans le camp du oui. En 2020, la commune avait rejeté l'initiative ""pour une immigration modérée» avec 73,7 pour cent des voix."
6626,54.3,54.3,45.7,"Jussy (GE)","Les habitants de Jussy soutiennent à 54,3 pour cent l'initiative ""Pas de Suisse à 10 millions!». Avec ce résultat, Jussy bascule dans le camp du oui. En 2020, la commune avait rejeté l'initiative ""pour une immigration modérée» avec 64,3 pour cent des voix."
6627,44.3,44.3,55.7,"Laconnex (GE)","La population de Laconnex rejette à 55,7 pour cent des voix l'initiative ""Pas de Suisse à 10 millions!». Le rejet de l'initiative est toutefois moins marqué que celui enregistré lors de la votation sur l'initiative ""pour une immigration modérée» en 2020. Les habitants de Laconnex avaient alors dit non à 72,8 pour cent."
6628,75.5,75.5,24.5,"Lancy (GE)","La population de Lancy approuve à 75,5 pour cent l'initiative ""Pas de Suisse à 10 millions!». Avec ce résultat, Lancy bascule dans le camp du oui. En 2020, la commune avait rejeté l'initiative ""pour une immigration modérée» avec 66,8 pour cent des voix."
6629,10.6,10.6,89.4,"Meinier (GE)","L'initiative ""Pas de Suisse à 10 millions!» est refusée à 89,4 pour cent à Meinier. Le refus de l'initiative ""Pas de Suisse à 10 millions!» est plus fort que celui observé pour l'initiative ""pour une immigration modérée» en 2020. La proportion de non à Meinier était alors de 71,3 pour cent."
6630,31.9,31.9,68.1,"Meyrin (GE)","L'initiative ""Pas de Suisse à 10 millions!» n'a pas trouvé grâce aux yeux des citoyens de Meyrin. Ils ont refusé le texte à 68,1 pour cent. Le refus de l'initiative ""Pas de Suisse à 10 millions!» est plus fort que celui observé pour l'initiative ""pour une immigration modérée» en 2020. La proportion de non à Meyrin était alors de 61,2 pour cent."
6631,49.8,49.8,50.2,"Onex (GE)","L'initiative ""Pas de Suisse à 10 millions!» est refusée à 50,2 pour cent à Onex. Le rejet de l'initiative est toutefois moins marqué que celui enregistré lors de la votation sur l'initiative ""pour une immigration modérée» en 2020. Les habitants d'Onex avaient alors dit non à 61,1 pour cent."
6632,49.7,49.7,50.3,"Perly-Certoux (GE)","L'initiative ""Pas de Suisse à 10 millions!» n'a pas convaincu à Perly-Certoux. Les citoyens de la commune ont refusé le texte à 50,3 pour cent. Le rejet de l'initiative est toutefois moins marqué que celui enregistré lors de la votation sur l'initiative ""pour une immigration modérée» en 2020. Les habitants de Perly-Certoux avaient alors dit non à 62,3 pour cent."
6633,70.7,70.7,29.3,"Plan-les-Ouates (GE)","La population de Plan-les-Ouates approuve à 70,7 pour cent l'initiative ""Pas de Suisse à 10 millions!». Avec ce résultat, Plan-les-Ouates bascule dans le camp du oui. En 2020, la commune avait rejeté l'initiative ""pour une immigration modérée» avec 69,9 pour cent des voix."
6634,89.4,89.4,10.6,"Pregny-Chambésy (GE)","La population de Pregny-Chambésy approuve à 89,4 pour cent l'initiative ""Pas de Suisse à 10 millions!». Avec ce résultat, Pregny-Chambésy bascule dans le camp du oui. En 2020, la commune avait rejeté l'initiative ""pour une immigration modérée» avec 66,2 pour cent des voix."
6635,55,55,45,"Presinge (GE)","L'initiative ""Pas de Suisse à 10 millions!» passe la rampe avec 55 pour cent de oui à Presinge. Avec ce résultat, Presinge bascule dans le camp du oui. En 2020, la commune avait rejeté l'initiative ""pour une immigration modérée» avec 65 pour cent des voix."
6636,44.9,44.9,55.1,"Puplinge (GE)","La population de Puplinge rejette à 55,1 pour cent des voix l'initiative ""Pas de Suisse à 10 millions!». Le rejet de l'initiative est toutefois moins marqué que celui enregistré lors de la votation sur l'initiative ""pour une immigration modérée» en 2020. Les habitants de Puplinge avaient alors dit non à 69,2 pour cent."
6637,12.1,12.1,87.9,"Russin (GE)","L'initiative ""Pas de Suisse à 10 millions!» n'a pas convaincu à Russin. Les citoyens de la commune ont refusé le texte à 87,9 pour cent. Le refus de l'initiative ""Pas de Suisse à 10 millions!» est plus fort que celui observé pour l'initiative ""pour une immigration modérée» en 2020. La proportion de non à Russin était alors de 61,7 pour cent."
6638,24,24,76,"Satigny (GE)","Les habitants de Satigny s'opposent à l'initiative ""Pas de Suisse à 10 millions!» par 76 pour cent des voix. Le refus de l'initiative ""Pas de Suisse à 10 millions!» est plus fort que celui observé pour l'initiative ""pour une immigration modérée» en 2020. La proportion de non à Satigny était alors de 66,2 pour cent."
6639,47.1,47.1,52.9,"Soral (GE)","L'initiative ""Pas de Suisse à 10 millions!» n'a pas trouvé grâce aux yeux des citoyens de Soral. Ils ont refusé le texte à 52,9 pour cent. Le rejet de l'initiative est toutefois moins marqué que celui enregistré lors de la votation sur l'initiative ""pour une immigration modérée» en 2020. Les habitants de Soral avaient alors dit non à 66,8 pour cent."
6640,60.5,60.5,39.5,"Thônex (GE)","Thônex dit oui à 60,5 pour cent à l'initiative ""Pas de Suisse à 10 millions!». Avec ce résultat, Thônex bascule dans le camp du oui. En 2020, la commune avait rejeté l'initiative ""pour une immigration modérée» avec 62,7 pour cent des voix."
6641,65.9,65.9,34.1,"Troinex (GE)","Les habitants de Troinex soutiennent à 65,9 pour cent l'initiative ""Pas de Suisse à 10 millions!». Avec ce résultat, Troinex bascule dans le camp du oui. En 2020, la commune avait rejeté l'initiative ""pour une immigration modérée» avec 72,9 pour cent des voix."
6642,51.3,51.3,48.7,"Vandoeuvres (GE)","Vandoeuvres dit oui à 51,3 pour cent à l'initiative ""Pas de Suisse à 10 millions!». Avec ce résultat, Vandoeuvres bascule dans le camp du oui. En 2020, la commune avait rejeté l'initiative ""pour une immigration modérée» avec 67,9 pour cent des voix."
6643,70.3,70.3,29.7,"Vernier (GE)","Vernier dit oui à 70,3 pour cent à l'initiative ""Pas de Suisse à 10 millions!». Avec ce résultat, Vernier bascule dans le camp du oui. En 2020, la commune avait rejeté l'initiative ""pour une immigration modérée» avec 60,4 pour cent des voix."
6644,43.9,43.9,56.1,"Versoix (GE)","A Versoix, les citoyens rejettent à 56,1 pour cent l'initiative ""Pas de Suisse à 10 millions!». Le rejet de l'initiative est toutefois moins marqué que celui enregistré lors de la votation sur l'initiative ""pour une immigration modérée» en 2020. Les habitants de Versoix avaient alors dit non à 66,8 pour cent."
6645,18.3,18.3,81.7,"Veyrier (GE)","Les habitants de Veyrier s'opposent à l'initiative ""Pas de Suisse à 10 millions!» par 81,7 pour cent des voix. Le refus de l'initiative ""Pas de Suisse à 10 millions!» est plus fort que celui observé pour l'initiative ""pour une immigration modérée» en 2020. La proportion de non à Veyrier était alors de 75,2 pour cent."
6702,73.4,73.4,26.6,"Boécourt (JU)","A Boécourt, les habitants disent oui à 73,4 pour cent à l'initiative ""Pas de Suisse à 10 millions!». Avec ce résultat, Boécourt bascule dans le camp du oui. En 2020, la commune avait rejeté l'initiative ""pour une immigration modérée» avec 64,2 pour cent des voix."
6703,10.5,10.5,89.5,"Bourrignon (JU)","Les habitants de Bourrignon s'opposent à l'initiative ""Pas de Suisse à 10 millions!» par 89,5 pour cent des voix. Le refus de l'initiative ""Pas de Suisse à 10 millions!» est plus fort que celui observé pour l'initiative ""pour une immigration modérée» en 2020. La proportion de non à Bourrignon était alors de 59,2 pour cent."
6704,25.9,25.9,74.1,"Châtillon (JU)","L'initiative ""Pas de Suisse à 10 millions!» est refusée à 74,1 pour cent à Châtillon (JU). Le refus de l'initiative ""Pas de Suisse à 10 millions!» est plus fort que celui observé pour l'initiative ""pour une immigration modérée» en 2020. La proportion de non à Châtillon (JU) était alors de 56,9 pour cent."
6706,23.3,23.3,76.7,"Courchapoix (JU)","A Courchapoix, les citoyens rejettent à 76,7 pour cent l'initiative ""Pas de Suisse à 10 millions!». Le refus de l'initiative ""Pas de Suisse à 10 millions!» est plus fort que celui observé pour l'initiative ""pour une immigration modérée» en 2020. La proportion de non à Courchapoix était alors de 68,9 pour cent."
6708,27.9,27.9,72.1,"Courrendlin (JU)","L'initiative ""Pas de Suisse à 10 millions!» est refusée à 72,1 pour cent à Courrendlin. Le refus de l'initiative ""Pas de Suisse à 10 millions!» est plus fort que celui observé pour l'initiative ""pour une immigration modérée» en 2020. La proportion de non à Courrendlin était alors de 64,7 pour cent."
6709,79.1,79.1,20.9,"Courroux (JU)","L'initiative ""Pas de Suisse à 10 millions!» est approuvée à Courroux par 79,1 pour cent des votants. Avec ce résultat, Courroux bascule dans le camp du oui. En 2020, la commune avait rejeté l'initiative ""pour une immigration modérée» avec 66,1 pour cent des voix."
6710,55.2,55.2,44.8,"Courtételle (JU)","L'initiative ""Pas de Suisse à 10 millions!» est approuvée à Courtételle par 55,2 pour cent des votants. Avec ce résultat, Courtételle bascule dans le camp du oui. En 2020, la commune avait rejeté l'initiative ""pour une immigration modérée» avec 70,3 pour cent des voix."
6711,7,7,93,"Delémont (JU)","L'initiative ""Pas de Suisse à 10 millions!» est refusée à 93 pour cent à Delémont. Le refus de l'initiative ""Pas de Suisse à 10 millions!» est plus fort que celui observé pour l'initiative ""pour une immigration modérée» en 2020. La proportion de non à Delémont était alors de 78 pour cent."
6712,82.7,82.7,17.3,"Develier (JU)","L'initiative ""Pas de Suisse à 10 millions!» passe la rampe avec 82,7 pour cent de oui à Develier. Avec ce résultat, Develier bascule dans le camp du oui. En 2020, la commune avait rejeté l'initiative ""pour une immigration modérée» avec 66,7 pour cent des voix."
6713,28.1,28.1,71.9,"Ederswiler (JU)","Les habitants d'Ederswiler s'opposent à l'initiative ""Pas de Suisse à 10 millions!» par 71,9 pour cent des voix. En cinq ans, la commune a ainsi changé de camp sur la question de la limitation de l'immigration. Ederswiler avait rejeté l'initiative ""pour une immigration modérée» à 20,7 pour cent en 2020."
6715,51.3,51.3,48.7,"Mervelier (JU)","Les habitants de Mervelier acceptent à 51,3 pour cent l'initiative ""Pas de Suisse à 10 millions!». Avec ce résultat, Mervelier bascule dans le camp du oui. En 2020, la commune avait rejeté l'initiative ""pour une immigration modérée» avec 65,7 pour cent des voix."
6716,71,71,29,"Mettembert (JU)","Mettembert dit oui à 71 pour cent à l'initiative ""Pas de Suisse à 10 millions!». Avec ce résultat, Mettembert bascule dans le camp du oui. En 2020, la commune avait rejeté l'initiative ""pour une immigration modérée» avec 69,4 pour cent des voix."
6718,53.3,53.3,46.7,"Movelier (JU)","Les habitants de Movelier soutiennent à 53,3 pour cent l'initiative ""Pas de Suisse à 10 millions!». Avec ce résultat, Movelier bascule dans le camp du oui. En 2020, la commune avait rejeté l'initiative ""pour une immigration modérée» avec 54,8 pour cent des voix."
6719,49.7,49.7,50.3,"Pleigne (JU)","C'est non à l'initiative ""Pas de Suisse à 10 millions!» à Pleigne. Les habitants ont refusé le texte à 50,3 pour cent. Le rejet de l'initiative est toutefois moins marqué que celui enregistré lors de la votation sur l'initiative ""pour une immigration modérée» en 2020. Les habitants de Pleigne avaient alors dit non à 62,4 pour cent."
6721,30.5,30.5,69.5,"Rossemaison (JU)","Les habitants de Rossemaison s'opposent à l'initiative ""Pas de Suisse à 10 millions!» par 69,5 pour cent des voix. Le rejet de l'initiative est toutefois moins marqué que celui enregistré lors de la votation sur l'initiative ""pour une immigration modérée» en 2020. Les habitants de Rossemaison avaient alors dit non à 72,3 pour cent."
6722,82.7,82.7,17.3,"Saulcy (JU)","A Saulcy, les habitants disent oui à 82,7 pour cent à l'initiative ""Pas de Suisse à 10 millions!». Avec ce résultat, Saulcy bascule dans le camp du oui. En 2020, la commune avait rejeté l'initiative ""pour une immigration modérée» avec 56,6 pour cent des voix."
6724,60.2,60.2,39.8,"Soyhières (JU)","L'initiative ""Pas de Suisse à 10 millions!» passe la rampe avec 60,2 pour cent de oui à Soyhières. Avec ce résultat, Soyhières bascule dans le camp du oui. En 2020, la commune avait rejeté l'initiative ""pour une immigration modérée» avec 57,5 pour cent des voix."
6729,53.8,53.8,46.2,"Haute-Sorne (JU)","Les habitants de Haute-Sorne soutiennent à 53,8 pour cent l'initiative ""Pas de Suisse à 10 millions!». Avec ce résultat, Haute-Sorne bascule dans le camp du oui. En 2020, la commune avait rejeté l'initiative ""pour une immigration modérée» avec 66,7 pour cent des voix."
6730,37.5,37.5,62.5,"Val Terbi (JU)","L'initiative ""Pas de Suisse à 10 millions!» n'a pas convaincu à Val Terbi. Les citoyens de la commune ont refusé le texte à 62,5 pour cent. Le rejet de l'initiative est toutefois moins marqué que celui enregistré lors de la votation sur l'initiative ""pour une immigration modérée» en 2020. Les habitants de Val Terbi avaient alors dit non à 67,5 pour cent."
6741,53.1,53.1,46.9,"Le Bémont (JU)","Le Bémont (JU) dit oui à 53,1 pour cent à l'initiative ""Pas de Suisse à 10 millions!». Avec ce résultat, Le Bémont (JU) bascule dans le camp du oui. En 2020, la commune avait rejeté l'initiative ""pour une immigration modérée» avec 57,5 pour cent des voix."
6742,56.3,56.3,43.7,"Les Bois (JU)","Les habitants des Bois soutiennent à 56,3 pour cent l'initiative ""Pas de Suisse à 10 millions!». Avec ce résultat, Les Bois bascule dans le camp du oui. En 2020, la commune avait rejeté l'initiative ""pour une immigration modérée» avec 68,7 pour cent des voix."
6743,64.7,64.7,35.3,"Les Breuleux (JU)","Aux Breuleux, les habitants disent oui à 64,7 pour cent à l'initiative ""Pas de Suisse à 10 millions!». Avec ce résultat, Les Breuleux bascule dans le camp du oui. En 2020, la commune avait rejeté l'initiative ""pour une immigration modérée» avec 72,2 pour cent des voix."
6745,44.3,44.3,55.7,"Les Enfers (JU)","Aux Enfers, les citoyens rejettent à 55,7 pour cent l'initiative ""Pas de Suisse à 10 millions!». Le rejet de l'initiative est toutefois moins marqué que celui enregistré lors de la votation sur l'initiative ""pour une immigration modérée» en 2020. Les habitants des Enfers avaient alors dit non à 69,3 pour cent."
6748,80.5,80.5,19.5,"Les Genevez (JU)","Les habitants des Genevez (JU) acceptent à 80,5 pour cent l'initiative ""Pas de Suisse à 10 millions!». Avec ce résultat, Les Genevez (JU) bascule dans le camp du oui. En 2020, la commune avait rejeté l'initiative ""pour une immigration modérée» avec 68,8 pour cent des voix."
6750,58.6,58.6,41.4,"Lajoux (JU)","Les habitants de Lajoux (JU) soutiennent à 58,6 pour cent l'initiative ""Pas de Suisse à 10 millions!». Avec ce résultat, Lajoux (JU) bascule dans le camp du oui. En 2020, la commune avait rejeté l'initiative ""pour une immigration modérée» avec 78,7 pour cent des voix."
6751,98.4,98.4,1.6,"Montfaucon (JU)","Montfaucon dit oui à 98,4 pour cent à l'initiative ""Pas de Suisse à 10 millions!». Avec ce résultat, Montfaucon bascule dans le camp du oui. En 2020, la commune avait rejeté l'initiative ""pour une immigration modérée» avec 66,9 pour cent des voix."
6753,39.7,39.7,60.3,"Muriaux (JU)","L'initiative ""Pas de Suisse à 10 millions!» est refusée à 60,3 pour cent à Muriaux. Le rejet de l'initiative est toutefois moins marqué que celui enregistré lors de la votation sur l'initiative ""pour une immigration modérée» en 2020. Les habitants de Muriaux avaient alors dit non à 66,4 pour cent."
6754,57.1,57.1,42.9,"Le Noirmont (JU)","La population du Noirmont approuve à 57,1 pour cent l'initiative ""Pas de Suisse à 10 millions!». Avec ce résultat, Le Noirmont bascule dans le camp du oui. En 2020, la commune avait rejeté l'initiative ""pour une immigration modérée» avec 71,5 pour cent des voix."
6757,6.1,6.1,93.9,"Saignelégier (JU)","A Saignelégier, les citoyens rejettent à 93,9 pour cent l'initiative ""Pas de Suisse à 10 millions!». Le refus de l'initiative ""Pas de Suisse à 10 millions!» est plus fort que celui observé pour l'initiative ""pour une immigration modérée» en 2020. La proportion de non à Saignelégier était alors de 78,3 pour cent."
6758,81.3,81.3,18.7,"Saint-Brais (JU)","Les habitants de Saint-Brais soutiennent à 81,3 pour cent l'initiative ""Pas de Suisse à 10 millions!». Avec ce résultat, Saint-Brais bascule dans le camp du oui. En 2020, la commune avait rejeté l'initiative ""pour une immigration modérée» avec 63,3 pour cent des voix."
6759,33.6,33.6,66.4,"Soubey (JU)","L'initiative ""Pas de Suisse à 10 millions!» est refusée à 66,4 pour cent à Soubey. Le refus de l'initiative ""Pas de Suisse à 10 millions!» est plus fort que celui observé pour l'initiative ""pour une immigration modérée» en 2020. La proportion de non à Soubey était alors de 59,7 pour cent."
6771,48.9,48.9,51.1,"Alle (JU)","L'initiative ""Pas de Suisse à 10 millions!» est refusée à 51,1 pour cent à Alle. Le rejet de l'initiative est toutefois moins marqué que celui enregistré lors de la votation sur l'initiative ""pour une immigration modérée» en 2020. Les habitants d'Alle avaient alors dit non à 70,8 pour cent."
6774,75.6,75.6,24.4,"Boncourt (JU)","Boncourt dit oui à 75,6 pour cent à l'initiative ""Pas de Suisse à 10 millions!». Avec ce résultat, Boncourt bascule dans le camp du oui. En 2020, la commune avait rejeté l'initiative ""pour une immigration modérée» avec 60,9 pour cent des voix."
6778,78.4,78.4,21.6,"Bure (JU)","L'initiative ""Pas de Suisse à 10 millions!» passe la rampe avec 78,4 pour cent de oui à Bure. Avec ce résultat, Bure bascule dans le camp du oui. En 2020, la commune avait rejeté l'initiative ""pour une immigration modérée» avec 55,4 pour cent des voix."
6781,36.4,36.4,63.6,"Coeuve (JU)","Les habitants de Coeuve s'opposent à l'initiative ""Pas de Suisse à 10 millions!» par 63,6 pour cent des voix. Le refus de l'initiative ""Pas de Suisse à 10 millions!» est plus fort que celui observé pour l'initiative ""pour une immigration modérée» en 2020. La proportion de non à Coeuve était alors de 60,8 pour cent."
6782,61.1,61.1,38.9,"Cornol (JU)","La population de Cornol approuve à 61,1 pour cent l'initiative ""Pas de Suisse à 10 millions!». Avec ce résultat, Cornol bascule dans le camp du oui. En 2020, la commune avait rejeté l'initiative ""pour une immigration modérée» avec 61 pour cent des voix."
6783,21.9,21.9,78.1,"Courchavon (JU)","Les habitants de Courchavon s'opposent à l'initiative ""Pas de Suisse à 10 millions!» par 78,1 pour cent des voix. Le refus de l'initiative ""Pas de Suisse à 10 millions!» est plus fort que celui observé pour l'initiative ""pour une immigration modérée» en 2020. La proportion de non à Courchavon était alors de 67,9 pour cent."
6784,13.5,13.5,86.5,"Courgenay (JU)","L'initiative ""Pas de Suisse à 10 millions!» est refusée à 86,5 pour cent à Courgenay. Le refus de l'initiative ""Pas de Suisse à 10 millions!» est plus fort que celui observé pour l'initiative ""pour une immigration modérée» en 2020. La proportion de non à Courgenay était alors de 62,6 pour cent."
6785,67.4,67.4,32.6,"Courtedoux (JU)","L'initiative ""Pas de Suisse à 10 millions!» est approuvée à Courtedoux par 67,4 pour cent des votants. Avec ce résultat, Courtedoux bascule dans le camp du oui. En 2020, la commune avait rejeté l'initiative ""pour une immigration modérée» avec 66,3 pour cent des voix."
6789,12.6,12.6,87.4,"Fahy (JU)","L'initiative ""Pas de Suisse à 10 millions!» n'a pas convaincu à Fahy. Les citoyens de la commune ont refusé le texte à 87,4 pour cent. En cinq ans, la commune a ainsi changé de camp sur la question de la limitation de l'immigration. Fahy avait rejeté l'initiative ""pour une immigration modérée» à 44 pour cent en 2020."
6790,19.9,19.9,80.1,"Fontenais (JU)","L'initiative ""Pas de Suisse à 10 millions!» est refusée à 80,1 pour cent à Fontenais. Le refus de l'initiative ""Pas de Suisse à 10 millions!» est plus fort que celui observé pour l'initiative ""pour une immigration modérée» en 2020. La proportion de non à Fontenais était alors de 71,9 pour cent."
6792,26.7,26.7,73.3,"Grandfontaine (JU)","L'initiative ""Pas de Suisse à 10 millions!» n'a pas convaincu à Grandfontaine. Les citoyens de la commune ont refusé le texte à 73,3 pour cent. Le refus de l'initiative ""Pas de Suisse à 10 millions!» est plus fort que celui observé pour l'initiative ""pour une immigration modérée» en 2020. La proportion de non à Grandfontaine était alors de 54,8 pour cent."
6800,55.4,55.4,44.6,"Porrentruy (JU)","L'initiative ""Pas de Suisse à 10 millions!» est approuvée à Porrentruy par 55,4 pour cent des votants. Avec ce résultat, Porrentruy bascule dans le camp du oui. En 2020, la commune avait rejeté l'initiative ""pour une immigration modérée» avec 74,2 pour cent des voix."
6806,44.4,44.4,55.6,"Vendlincourt (JU)","L'initiative ""Pas de Suisse à 10 millions!» n'a pas convaincu à Vendlincourt. Les citoyens de la commune ont refusé le texte à 55,6 pour cent. Le résultat a peu changé par rapport au vote sur l'initiative ""pour une immigration modérée» en 2020. Vendlincourt avait alors dit non à 54,8 pour cent."
6807,39.5,39.5,60.5,"Basse-Allaine (JU)","L'initiative ""Pas de Suisse à 10 millions!» est refusée à 60,5 pour cent à Basse-Allaine. Le rejet de l'initiative est toutefois moins marqué que celui enregistré lors de la votation sur l'initiative ""pour une immigration modérée» en 2020. Les habitants de Basse-Allaine avaient alors dit non à 63,2 pour cent."
6808,79.8,79.8,20.2,"Clos du Doubs (JU)","L'initiative ""Pas de Suisse à 10 millions!» passe la rampe avec 79,8 pour cent de oui à Clos du Doubs. Avec ce résultat, Clos du Doubs bascule dans le camp du oui. En 2020, la commune avait rejeté l'initiative ""pour une immigration modérée» avec 64,6 pour cent des voix."
6809,61.7,61.7,38.3,"Haute-Ajoie (JU)","Les habitants de Haute-Ajoie acceptent à 61,7 pour cent l'initiative ""Pas de Suisse à 10 millions!». Avec ce résultat, Haute-Ajoie bascule dans le camp du oui. En 2020, la commune avait rejeté l'initiative ""pour une immigration modérée» avec 58,5 pour cent des voix."
6810,77.3,77.3,22.7,"La Baroche (JU)","La population de La Baroche approuve à 77,3 pour cent l'initiative ""Pas de Suisse à 10 millions!». Avec ce résultat, La Baroche bascule dans le camp du oui. En 2020, la commune avait rejeté l'initiative ""pour une immigration modérée» avec 57 pour cent des voix."
6811,63.2,63.2,36.8,"Damphreux-Lugnez (JU)","La population de Damphreux-Lugnez approuve à 63,2 pour cent l'initiative ""Pas de Suisse à 10 millions!». Avec ce résultat, Damphreux-Lugnez bascule dans le camp du oui. En 2020, la commune avait rejeté l'initiative ""pour une immigration modérée» avec 57,8 pour cent des voix."
6812,28.3,28.3,71.7,"Basse-Vendline (JU)","L'initiative ""Pas de Suisse à 10 millions!» n'a pas trouvé grâce aux yeux des citoyens de Basse-Vendline. Ils ont refusé le texte à 71,7 pour cent. Le refus de l'initiative ""Pas de Suisse à 10 millions!» est plus fort que celui observé pour l'initiative ""pour une immigration modérée» en 2020. La proportion de non à Basse-Vendline était alors de 52,2 pour cent."
6831,21.3,21.3,78.7,"Moutier (JU)","Les habitants de Moutier s'opposent à l'initiative ""Pas de Suisse à 10 millions!» par 78,7 pour cent des voix. Le refus de l'initiative ""Pas de Suisse à 10 millions!» est plus fort que celui observé pour l'initiative ""pour une immigration modérée» en 2020. La proportion de non à Moutier était alors de 65,8 pour cent."
