"ID","Gemeinde_color","Ja_Stimmen_In_Prozent","Nein_Stimmen_In_Prozent","Gemeinde_fr","Text_fr"
1,47.1,47.1,52.9,"Aeugst am Albis (ZH)","La réforme du service civil est refusée à 52,9 pour cent à Aeugst am Albis. Aeugst am Albis a rejeté la réforme, contrairement à son canton."
2,87.8,87.8,12.2,"Affoltern am Albis (ZH)","Les habitants d'Affoltern am Albis acceptent à 87,8 pour cent la réforme du service civil. Affoltern am Albis a approuvé la réforme, tout comme son canton."
3,60.2,60.2,39.8,"Bonstetten (ZH)","Les habitants de Bonstetten acceptent à 60,2 pour cent la réforme du service civil. Bonstetten a approuvé la réforme, tout comme son canton."
4,6.6,6.6,93.4,"Hausen am Albis (ZH)","A Hausen am Albis, les citoyens rejettent à 93,4 pour cent la réforme du service civil. Hausen am Albis a rejeté la réforme, contrairement à son canton."
5,58,58,42,"Hedingen (ZH)","Hedingen dit oui à 58 pour cent à la réforme du service civil. Hedingen a approuvé la réforme, tout comme son canton."
6,54,54,46,"Kappel am Albis (ZH)","Les habitants de Kappel am Albis acceptent à 54 pour cent la réforme du service civil. Kappel am Albis a approuvé la réforme, tout comme son canton."
7,26,26,74,"Knonau (ZH)","Les habitants de Knonau s'opposent à la réforme du service civil par 74 pour cent des voix. Knonau a rejeté la réforme, contrairement à son canton."
8,59.8,59.8,40.2,"Maschwanden (ZH)","La réforme du service civil est approuvée à Maschwanden par 59,8 pour cent des votants. Maschwanden a approuvé la réforme, tout comme son canton."
9,35.7,35.7,64.3,"Mettmenstetten (ZH)","A Mettmenstetten, les citoyens rejettent à 64,3 pour cent la réforme du service civil. Mettmenstetten a rejeté la réforme, contrairement à son canton."
10,51.8,51.8,48.2,"Obfelden (ZH)","A Obfelden, les habitants disent oui à 51,8 pour cent à la réforme du service civil. Obfelden a approuvé la réforme, tout comme son canton."
11,60.2,60.2,39.8,"Ottenbach (ZH)","Ottenbach dit oui à 60,2 pour cent à la réforme du service civil. Ottenbach a approuvé la réforme, tout comme son canton."
12,47.3,47.3,52.7,"Rifferswil (ZH)","Les habitants de Rifferswil s'opposent à la réforme du service civil par 52,7 pour cent des voix. Rifferswil a rejeté la réforme, contrairement à son canton."
13,32.1,32.1,67.9,"Stallikon (ZH)","A Stallikon, les citoyens rejettent à 67,9 pour cent la réforme du service civil. Stallikon a rejeté la réforme, contrairement à son canton."
14,80.5,80.5,19.5,"Wettswil am Albis (ZH)","La population de Wettswil am Albis approuve à 80,5 pour cent la réforme du service civil. Wettswil am Albis a approuvé la réforme, tout comme son canton."
22,59.7,59.7,40.3,"Benken (ZH)","La réforme du service civil passe la rampe avec 59,7 pour cent de oui à Benken (ZH). Benken (ZH) a approuvé la réforme, tout comme son canton."
23,7.9,7.9,92.1,"Berg am Irchel (ZH)","La réforme du service civil n'a pas convaincu à Berg am Irchel. Les citoyens de la commune ont refusé le texte à 92,1 pour cent. Berg am Irchel a rejeté la réforme, contrairement à son canton."
24,32.2,32.2,67.8,"Buch am Irchel (ZH)","C'est non à la réforme du service civil à Buch am Irchel. Les habitants ont refusé le texte à 67,8 pour cent. Buch am Irchel a rejeté la réforme, contrairement à son canton."
25,83.9,83.9,16.1,"Dachsen (ZH)","Les habitants de Dachsen soutiennent à 83,9 pour cent la réforme du service civil. Dachsen a approuvé la réforme, tout comme son canton."
26,21.7,21.7,78.3,"Dorf (ZH)","La population de Dorf rejette à 78,3 pour cent des voix la réforme du service civil. Dorf a rejeté la réforme, contrairement à son canton."
27,37.5,37.5,62.5,"Feuerthalen (ZH)","La réforme du service civil n'a pas convaincu à Feuerthalen. Les citoyens de la commune ont refusé le texte à 62,5 pour cent. Feuerthalen a rejeté la réforme, contrairement à son canton."
28,64,64,36,"Flaach (ZH)","La population de Flaach approuve à 64 pour cent la réforme du service civil. Flaach a approuvé la réforme, tout comme son canton."
29,48,48,52,"Flurlingen (ZH)","La réforme du service civil n'a pas convaincu à Flurlingen. Les citoyens de la commune ont refusé le texte à 52 pour cent. Flurlingen a rejeté la réforme, contrairement à son canton."
31,55.1,55.1,44.9,"Henggart (ZH)","Les habitants de Henggart acceptent à 55,1 pour cent la réforme du service civil. Henggart a approuvé la réforme, tout comme son canton."
33,79.1,79.1,20.9,"Kleinandelfingen (ZH)","Kleinandelfingen dit oui à 79,1 pour cent à la réforme du service civil. Kleinandelfingen a approuvé la réforme, tout comme son canton."
34,61.2,61.2,38.8,"Laufen-Uhwiesen (ZH)","Les habitants de Laufen-Uhwiesen acceptent à 61,2 pour cent la réforme du service civil. Laufen-Uhwiesen a approuvé la réforme, tout comme son canton."
35,51.1,51.1,48.9,"Marthalen (ZH)","Marthalen dit oui à 51,1 pour cent à la réforme du service civil. Marthalen a approuvé la réforme, tout comme son canton."
37,84.2,84.2,15.8,"Ossingen (ZH)","La réforme du service civil passe la rampe avec 84,2 pour cent de oui à Ossingen. Ossingen a approuvé la réforme, tout comme son canton."
38,90.8,90.8,9.2,"Rheinau (ZH)","La population de Rheinau approuve à 90,8 pour cent la réforme du service civil. Rheinau a approuvé la réforme, tout comme son canton."
39,68.1,68.1,31.9,"Thalheim an der Thur (ZH)","La population de Thalheim an der Thur approuve à 68,1 pour cent la réforme du service civil. Thalheim an der Thur a approuvé la réforme, tout comme son canton."
40,37.5,37.5,62.5,"Trüllikon (ZH)","C'est non à la réforme du service civil à Trüllikon. Les habitants ont refusé le texte à 62,5 pour cent. Trüllikon a rejeté la réforme, contrairement à son canton."
41,61.4,61.4,38.6,"Truttikon (ZH)","A Truttikon, les habitants disent oui à 61,4 pour cent à la réforme du service civil. Truttikon a approuvé la réforme, tout comme son canton."
43,13.8,13.8,86.2,"Volken (ZH)","La population de Volken rejette à 86,2 pour cent des voix la réforme du service civil. Volken a rejeté la réforme, contrairement à son canton."
51,46.7,46.7,53.3,"Bachenbülach (ZH)","C'est non à la réforme du service civil à Bachenbülach. Les habitants ont refusé le texte à 53,3 pour cent. Bachenbülach a rejeté la réforme, contrairement à son canton."
52,63.2,63.2,36.8,"Bassersdorf (ZH)","A Bassersdorf, les habitants disent oui à 63,2 pour cent à la réforme du service civil. Bassersdorf a approuvé la réforme, tout comme son canton."
53,4.4,4.4,95.6,"Bülach (ZH)","La réforme du service civil n'a pas trouvé grâce aux yeux des citoyens de Bülach. Ils ont refusé le texte à 95,6 pour cent. Bülach a rejeté la réforme, contrairement à son canton."
54,63.9,63.9,36.1,"Dietlikon (ZH)","Les habitants de Dietlikon soutiennent à 63,9 pour cent la réforme du service civil. Dietlikon a approuvé la réforme, tout comme son canton."
55,19.7,19.7,80.3,"Eglisau (ZH)","La réforme du service civil n'a pas trouvé grâce aux yeux des citoyens d'Eglisau. Ils ont refusé le texte à 80,3 pour cent. Eglisau a rejeté la réforme, contrairement à son canton."
56,82.3,82.3,17.7,"Embrach (ZH)","La population d'Embrach approuve à 82,3 pour cent la réforme du service civil. Embrach a approuvé la réforme, tout comme son canton."
57,4.1,4.1,95.9,"Freienstein-Teufen (ZH)","Les habitants de Freienstein-Teufen s'opposent à la réforme du service civil par 95,9 pour cent des voix. Freienstein-Teufen a rejeté la réforme, contrairement à son canton."
58,43.1,43.1,56.9,"Glattfelden (ZH)","A Glattfelden, les citoyens rejettent à 56,9 pour cent la réforme du service civil. Glattfelden a rejeté la réforme, contrairement à son canton."
59,29.9,29.9,70.1,"Hochfelden (ZH)","A Hochfelden, les citoyens rejettent à 70,1 pour cent la réforme du service civil. Hochfelden a rejeté la réforme, contrairement à son canton."
60,37,37,63,"Höri (ZH)","A Höri, les citoyens rejettent à 63 pour cent la réforme du service civil. Höri a rejeté la réforme, contrairement à son canton."
61,18.2,18.2,81.8,"Hüntwangen (ZH)","La population de Hüntwangen rejette à 81,8 pour cent des voix la réforme du service civil. Hüntwangen a rejeté la réforme, contrairement à son canton."
62,77.9,77.9,22.1,"Kloten (ZH)","La réforme du service civil est approuvée à Kloten par 77,9 pour cent des votants. Kloten a approuvé la réforme, tout comme son canton."
63,51.5,51.5,48.5,"Lufingen (ZH)","A Lufingen, les habitants disent oui à 51,5 pour cent à la réforme du service civil. Lufingen a approuvé la réforme, tout comme son canton."
64,40.4,40.4,59.6,"Nürensdorf (ZH)","La population de Nürensdorf rejette à 59,6 pour cent des voix la réforme du service civil. Nürensdorf a rejeté la réforme, contrairement à son canton."
65,91.3,91.3,8.7,"Oberembrach (ZH)","La réforme du service civil passe la rampe avec 91,3 pour cent de oui à Oberembrach. Oberembrach a approuvé la réforme, tout comme son canton."
66,46.8,46.8,53.2,"Opfikon (ZH)","La réforme du service civil n'a pas convaincu à Opfikon. Les citoyens de la commune ont refusé le texte à 53,2 pour cent. Opfikon a rejeté la réforme, contrairement à son canton."
67,48.1,48.1,51.9,"Rafz (ZH)","C'est non à la réforme du service civil à Rafz. Les habitants ont refusé le texte à 51,9 pour cent. Rafz a rejeté la réforme, contrairement à son canton."
68,29.2,29.2,70.8,"Rorbas (ZH)","La population de Rorbas rejette à 70,8 pour cent des voix la réforme du service civil. Rorbas a rejeté la réforme, contrairement à son canton."
69,2,2,98,"Wallisellen (ZH)","La réforme du service civil est refusée à 98 pour cent à Wallisellen. Wallisellen a rejeté la réforme, contrairement à son canton."
70,64.8,64.8,35.2,"Wasterkingen (ZH)","A Wasterkingen, les habitants disent oui à 64,8 pour cent à la réforme du service civil. Wasterkingen a approuvé la réforme, tout comme son canton."
71,2.2,2.2,97.8,"Wil (ZH)","A Wil (ZH), les citoyens rejettent à 97,8 pour cent la réforme du service civil. Wil (ZH) a rejeté la réforme, contrairement à son canton."
72,67.1,67.1,32.9,"Winkel (ZH)","Les habitants de Winkel acceptent à 67,1 pour cent la réforme du service civil. Winkel a approuvé la réforme, tout comme son canton."
81,63.1,63.1,36.9,"Bachs (ZH)","La réforme du service civil est approuvée à Bachs par 63,1 pour cent des votants. Bachs a approuvé la réforme, tout comme son canton."
82,82.4,82.4,17.6,"Boppelsen (ZH)","La population de Boppelsen approuve à 82,4 pour cent la réforme du service civil. Boppelsen a approuvé la réforme, tout comme son canton."
83,18.9,18.9,81.1,"Buchs (ZH)","La réforme du service civil est refusée à 81,1 pour cent à Buchs (ZH). Buchs (ZH) a rejeté la réforme, contrairement à son canton."
84,41.4,41.4,58.6,"Dällikon (ZH)","La réforme du service civil n'a pas trouvé grâce aux yeux des citoyens de Dällikon. Ils ont refusé le texte à 58,6 pour cent. Dällikon a rejeté la réforme, contrairement à son canton."
85,38,38,62,"Dänikon (ZH)","La réforme du service civil est refusée à 62 pour cent à Dänikon. Dänikon a rejeté la réforme, contrairement à son canton."
86,56.3,56.3,43.7,"Dielsdorf (ZH)","A Dielsdorf, les habitants disent oui à 56,3 pour cent à la réforme du service civil. Dielsdorf a approuvé la réforme, tout comme son canton."
87,19.3,19.3,80.7,"Hüttikon (ZH)","La réforme du service civil n'a pas trouvé grâce aux yeux des citoyens de Hüttikon. Ils ont refusé le texte à 80,7 pour cent. Hüttikon a rejeté la réforme, contrairement à son canton."
88,33.6,33.6,66.4,"Neerach (ZH)","C'est non à la réforme du service civil à Neerach. Les habitants ont refusé le texte à 66,4 pour cent. Neerach a rejeté la réforme, contrairement à son canton."
89,40.8,40.8,59.2,"Niederglatt (ZH)","La réforme du service civil n'a pas convaincu à Niederglatt. Les citoyens de la commune ont refusé le texte à 59,2 pour cent. Niederglatt a rejeté la réforme, contrairement à son canton."
90,55.3,55.3,44.7,"Niederhasli (ZH)","La réforme du service civil est approuvée à Niederhasli par 55,3 pour cent des votants. Niederhasli a approuvé la réforme, tout comme son canton."
91,39.8,39.8,60.2,"Niederweningen (ZH)","La réforme du service civil n'a pas convaincu à Niederweningen. Les citoyens de la commune ont refusé le texte à 60,2 pour cent. Niederweningen a rejeté la réforme, contrairement à son canton."
92,13.2,13.2,86.8,"Oberglatt (ZH)","Les habitants d'Oberglatt s'opposent à la réforme du service civil par 86,8 pour cent des voix. Oberglatt a rejeté la réforme, contrairement à son canton."
93,55.5,55.5,44.5,"Oberweningen (ZH)","La population d'Oberweningen approuve à 55,5 pour cent la réforme du service civil. Oberweningen a approuvé la réforme, tout comme son canton."
94,87.4,87.4,12.6,"Otelfingen (ZH)","Otelfingen dit oui à 87,4 pour cent à la réforme du service civil. Otelfingen a approuvé la réforme, tout comme son canton."
95,44.2,44.2,55.8,"Regensberg (ZH)","C'est non à la réforme du service civil à Regensberg. Les habitants ont refusé le texte à 55,8 pour cent. Regensberg a rejeté la réforme, contrairement à son canton."
96,48.8,48.8,51.2,"Regensdorf (ZH)","C'est non à la réforme du service civil à Regensdorf. Les habitants ont refusé le texte à 51,2 pour cent. Regensdorf a rejeté la réforme, contrairement à son canton."
97,3.1,3.1,96.9,"Rümlang (ZH)","La réforme du service civil est refusée à 96,9 pour cent à Rümlang. Rümlang a rejeté la réforme, contrairement à son canton."
98,66.4,66.4,33.6,"Schleinikon (ZH)","La réforme du service civil passe la rampe avec 66,4 pour cent de oui à Schleinikon. Schleinikon a approuvé la réforme, tout comme son canton."
99,66.6,66.6,33.4,"Schöfflisdorf (ZH)","La population de Schöfflisdorf approuve à 66,6 pour cent la réforme du service civil. Schöfflisdorf a approuvé la réforme, tout comme son canton."
100,55.4,55.4,44.6,"Stadel (ZH)","Stadel dit oui à 55,4 pour cent à la réforme du service civil. Stadel a approuvé la réforme, tout comme son canton."
101,41.2,41.2,58.8,"Steinmaur (ZH)","La réforme du service civil est refusée à 58,8 pour cent à Steinmaur. Steinmaur a rejeté la réforme, contrairement à son canton."
102,51.5,51.5,48.5,"Weiach (ZH)","Les habitants de Weiach soutiennent à 51,5 pour cent la réforme du service civil. Weiach a approuvé la réforme, tout comme son canton."
111,27.2,27.2,72.8,"Bäretswil (ZH)","La réforme du service civil n'a pas trouvé grâce aux yeux des citoyens de Bäretswil. Ils ont refusé le texte à 72,8 pour cent. Bäretswil a rejeté la réforme, contrairement à son canton."
112,4,4,96,"Bubikon (ZH)","La réforme du service civil n'a pas trouvé grâce aux yeux des citoyens de Bubikon. Ils ont refusé le texte à 96 pour cent. Bubikon a rejeté la réforme, contrairement à son canton."
113,82.7,82.7,17.3,"Dürnten (ZH)","Les habitants de Dürnten acceptent à 82,7 pour cent la réforme du service civil. Dürnten a approuvé la réforme, tout comme son canton."
114,90,90,10,"Fischenthal (ZH)","Fischenthal dit oui à 90 pour cent à la réforme du service civil. Fischenthal a approuvé la réforme, tout comme son canton."
115,17.9,17.9,82.1,"Gossau (ZH)","C'est non à la réforme du service civil à Gossau (ZH). Les habitants ont refusé le texte à 82,1 pour cent. Gossau (ZH) a rejeté la réforme, contrairement à son canton."
116,49.8,49.8,50.2,"Grüningen (ZH)","C'est non à la réforme du service civil à Grüningen. Les habitants ont refusé le texte à 50,2 pour cent. Grüningen a rejeté la réforme, contrairement à son canton."
117,41.7,41.7,58.3,"Hinwil (ZH)","A Hinwil, les citoyens rejettent à 58,3 pour cent la réforme du service civil. Hinwil a rejeté la réforme, contrairement à son canton."
118,72.1,72.1,27.9,"Rüti (ZH)","La réforme du service civil est approuvée à Rüti (ZH) par 72,1 pour cent des votants. Rüti (ZH) a approuvé la réforme, tout comme son canton."
119,65.9,65.9,34.1,"Seegräben (ZH)","Les habitants de Seegräben soutiennent à 65,9 pour cent la réforme du service civil. Seegräben a approuvé la réforme, tout comme son canton."
120,46.9,46.9,53.1,"Wald (ZH)","La réforme du service civil n'a pas convaincu à Wald (ZH). Les citoyens de la commune ont refusé le texte à 53,1 pour cent. Wald (ZH) a rejeté la réforme, contrairement à son canton."
121,59.6,59.6,40.4,"Wetzikon (ZH)","La réforme du service civil est approuvée à Wetzikon (ZH) par 59,6 pour cent des votants. Wetzikon (ZH) a approuvé la réforme, tout comme son canton."
131,50.7,50.7,49.3,"Adliswil (ZH)","Adliswil dit oui à 50,7 pour cent à la réforme du service civil. Adliswil a approuvé la réforme, tout comme son canton."
135,21.1,21.1,78.9,"Kilchberg (ZH)","La réforme du service civil est refusée à 78,9 pour cent à Kilchberg (ZH). Kilchberg (ZH) a rejeté la réforme, contrairement à son canton."
136,94.3,94.3,5.7,"Langnau am Albis (ZH)","La réforme du service civil est approuvée à Langnau am Albis par 94,3 pour cent des votants. Langnau am Albis a approuvé la réforme, tout comme son canton."
137,76.2,76.2,23.8,"Oberrieden (ZH)","A Oberrieden, les habitants disent oui à 76,2 pour cent à la réforme du service civil. Oberrieden a approuvé la réforme, tout comme son canton."
138,32.1,32.1,67.9,"Richterswil (ZH)","Les habitants de Richterswil s'opposent à la réforme du service civil par 67,9 pour cent des voix. Richterswil a rejeté la réforme, contrairement à son canton."
139,36.2,36.2,63.8,"Rüschlikon (ZH)","La réforme du service civil n'a pas trouvé grâce aux yeux des citoyens de Rüschlikon. Ils ont refusé le texte à 63,8 pour cent. Rüschlikon a rejeté la réforme, contrairement à son canton."
141,29,29,71,"Thalwil (ZH)","La réforme du service civil n'a pas trouvé grâce aux yeux des citoyens de Thalwil. Ils ont refusé le texte à 71 pour cent. Thalwil a rejeté la réforme, contrairement à son canton."
151,9.2,9.2,90.8,"Erlenbach (ZH)","La réforme du service civil n'a pas trouvé grâce aux yeux des citoyens d'Erlenbach (ZH). Ils ont refusé le texte à 90,8 pour cent. Erlenbach (ZH) a rejeté la réforme, contrairement à son canton."
152,99.4,99.4,0.6,"Herrliberg (ZH)","La population de Herrliberg approuve à 99,4 pour cent la réforme du service civil. Le plus fort pourcentage de oui du canton de Zurich a été obtenu à Herrliberg."
153,16.9,16.9,83.1,"Hombrechtikon (ZH)","A Hombrechtikon, les citoyens rejettent à 83,1 pour cent la réforme du service civil. Hombrechtikon a rejeté la réforme, contrairement à son canton."
154,1.8,1.8,98.2,"Küsnacht (ZH)","La population de Küsnacht (ZH) rejette à 98,2 pour cent des voix la réforme du service civil. Küsnacht (ZH) a rejeté la réforme, contrairement à son canton."
155,41.9,41.9,58.1,"Männedorf (ZH)","La réforme du service civil n'a pas trouvé grâce aux yeux des citoyens de Männedorf. Ils ont refusé le texte à 58,1 pour cent. Männedorf a rejeté la réforme, contrairement à son canton."
156,56,56,44,"Meilen (ZH)","Les habitants de Meilen soutiennent à 56 pour cent la réforme du service civil. Meilen a approuvé la réforme, tout comme son canton."
157,41.3,41.3,58.7,"Oetwil am See (ZH)","La réforme du service civil n'a pas convaincu à Oetwil am See. Les citoyens de la commune ont refusé le texte à 58,7 pour cent. Oetwil am See a rejeté la réforme, contrairement à son canton."
158,77,77,23,"Stäfa (ZH)","Les habitants de Stäfa acceptent à 77 pour cent la réforme du service civil. Stäfa a approuvé la réforme, tout comme son canton."
159,33.9,33.9,66.1,"Uetikon am See (ZH)","C'est non à la réforme du service civil à Uetikon am See. Les habitants ont refusé le texte à 66,1 pour cent. Uetikon am See a rejeté la réforme, contrairement à son canton."
160,39.5,39.5,60.5,"Zumikon (ZH)","La réforme du service civil n'a pas trouvé grâce aux yeux des citoyens de Zumikon. Ils ont refusé le texte à 60,5 pour cent. Zumikon a rejeté la réforme, contrairement à son canton."
161,95.6,95.6,4.4,"Zollikon (ZH)","Les habitants de Zollikon acceptent à 95,6 pour cent la réforme du service civil. Zollikon a approuvé la réforme, tout comme son canton."
172,94.7,94.7,5.3,"Fehraltorf (ZH)","Les habitants de Fehraltorf acceptent à 94,7 pour cent la réforme du service civil. Fehraltorf a approuvé la réforme, tout comme son canton."
173,94,94,6,"Hittnau (ZH)","A Hittnau, les habitants disent oui à 94 pour cent à la réforme du service civil. Hittnau a approuvé la réforme, tout comme son canton."
176,76.3,76.3,23.7,"Lindau (ZH)","Lindau dit oui à 76,3 pour cent à la réforme du service civil. Lindau a approuvé la réforme, tout comme son canton."
177,53.5,53.5,46.5,"Pfäffikon (ZH)","Les habitants de Pfäffikon acceptent à 53,5 pour cent la réforme du service civil. Pfäffikon a approuvé la réforme, tout comme son canton."
178,27,27,73,"Russikon (ZH)","Les habitants de Russikon s'opposent à la réforme du service civil par 73 pour cent des voix. Russikon a rejeté la réforme, contrairement à son canton."
180,30,30,70,"Weisslingen (ZH)","La réforme du service civil n'a pas convaincu à Weisslingen. Les citoyens de la commune ont refusé le texte à 70 pour cent. Weisslingen a rejeté la réforme, contrairement à son canton."
181,65.3,65.3,34.7,"Wila (ZH)","Les habitants de Wila acceptent à 65,3 pour cent la réforme du service civil. Wila a approuvé la réforme, tout comme son canton."
182,50.6,50.6,49.4,"Wildberg (ZH)","Wildberg dit oui à 50,6 pour cent à la réforme du service civil. Wildberg a approuvé la réforme, tout comme son canton."
191,47.5,47.5,52.5,"Dübendorf (ZH)","Les habitants de Dübendorf s'opposent à la réforme du service civil par 52,5 pour cent des voix. Dübendorf a rejeté la réforme, contrairement à son canton."
192,49.7,49.7,50.3,"Egg (ZH)","A Egg, les citoyens rejettent à 50,3 pour cent la réforme du service civil. Egg a rejeté la réforme, contrairement à son canton."
193,92.3,92.3,7.7,"Fällanden (ZH)","La réforme du service civil est approuvée à Fällanden par 92,3 pour cent des votants. Fällanden a approuvé la réforme, tout comme son canton."
194,44.1,44.1,55.9,"Greifensee (ZH)","A Greifensee, les citoyens rejettent à 55,9 pour cent la réforme du service civil. Greifensee a rejeté la réforme, contrairement à son canton."
195,58.2,58.2,41.8,"Maur (ZH)","Maur dit oui à 58,2 pour cent à la réforme du service civil. Maur a approuvé la réforme, tout comme son canton."
196,57.3,57.3,42.7,"Mönchaltorf (ZH)","Mönchaltorf dit oui à 57,3 pour cent à la réforme du service civil. Mönchaltorf a approuvé la réforme, tout comme son canton."
197,37,37,63,"Schwerzenbach (ZH)","A Schwerzenbach, les citoyens rejettent à 63 pour cent la réforme du service civil. Schwerzenbach a rejeté la réforme, contrairement à son canton."
198,34.7,34.7,65.3,"Uster (ZH)","Les habitants d'Uster s'opposent à la réforme du service civil par 65,3 pour cent des voix. Uster a rejeté la réforme, contrairement à son canton."
199,82.1,82.1,17.9,"Volketswil (ZH)","A Volketswil, les habitants disent oui à 82,1 pour cent à la réforme du service civil. Volketswil a approuvé la réforme, tout comme son canton."
200,98.6,98.6,1.4,"Wangen-Brüttisellen (ZH)","La réforme du service civil passe la rampe avec 98,6 pour cent de oui à Wangen-Brüttisellen. Wangen-Brüttisellen a approuvé la réforme, tout comme son canton."
211,54.7,54.7,45.3,"Altikon (ZH)","La réforme du service civil est approuvée à Altikon par 54,7 pour cent des votants. Altikon a approuvé la réforme, tout comme son canton."
213,44.6,44.6,55.4,"Brütten (ZH)","La population de Brütten rejette à 55,4 pour cent des voix la réforme du service civil. Brütten a rejeté la réforme, contrairement à son canton."
214,55.3,55.3,44.7,"Dägerlen (ZH)","A Dägerlen, les habitants disent oui à 55,3 pour cent à la réforme du service civil. Dägerlen a approuvé la réforme, tout comme son canton."
215,69.2,69.2,30.8,"Dättlikon (ZH)","Les habitants de Dättlikon soutiennent à 69,2 pour cent la réforme du service civil. Dättlikon a approuvé la réforme, tout comme son canton."
216,54.5,54.5,45.5,"Dinhard (ZH)","A Dinhard, les habitants disent oui à 54,5 pour cent à la réforme du service civil. Dinhard a approuvé la réforme, tout comme son canton."
218,37.5,37.5,62.5,"Ellikon an der Thur (ZH)","A Ellikon an der Thur, les citoyens rejettent à 62,5 pour cent la réforme du service civil. Ellikon an der Thur a rejeté la réforme, contrairement à son canton."
219,67.5,67.5,32.5,"Elsau (ZH)","La population d'Elsau approuve à 67,5 pour cent la réforme du service civil. Elsau a approuvé la réforme, tout comme son canton."
220,67.5,67.5,32.5,"Hagenbuch (ZH)","La population de Hagenbuch approuve à 67,5 pour cent la réforme du service civil. Hagenbuch a approuvé la réforme, tout comme son canton."
221,73.4,73.4,26.6,"Hettlingen (ZH)","Hettlingen dit oui à 73,4 pour cent à la réforme du service civil. Hettlingen a approuvé la réforme, tout comme son canton."
223,19,19,81,"Neftenbach (ZH)","La réforme du service civil est refusée à 81 pour cent à Neftenbach. Neftenbach a rejeté la réforme, contrairement à son canton."
224,76,76,24,"Pfungen (ZH)","Pfungen dit oui à 76 pour cent à la réforme du service civil. Pfungen a approuvé la réforme, tout comme son canton."
225,44.8,44.8,55.2,"Rickenbach (ZH)","La réforme du service civil n'a pas convaincu à Rickenbach (ZH). Les citoyens de la commune ont refusé le texte à 55,2 pour cent. Rickenbach (ZH) a rejeté la réforme, contrairement à son canton."
226,79.8,79.8,20.2,"Schlatt (ZH)","Les habitants de Schlatt (ZH) soutiennent à 79,8 pour cent la réforme du service civil. Schlatt (ZH) a approuvé la réforme, tout comme son canton."
227,39.1,39.1,60.9,"Seuzach (ZH)","A Seuzach, les citoyens rejettent à 60,9 pour cent la réforme du service civil. Seuzach a rejeté la réforme, contrairement à son canton."
228,53.3,53.3,46.7,"Turbenthal (ZH)","La réforme du service civil est approuvée à Turbenthal par 53,3 pour cent des votants. Turbenthal a approuvé la réforme, tout comme son canton."
230,31.2,31.2,68.8,"Winterthour (ZH)","La réforme du service civil n'a pas convaincu à Winterthour. Les citoyens de la commune ont refusé le texte à 68,8 pour cent. Winterthour a rejeté la réforme, contrairement à son canton."
231,9.4,9.4,90.6,"Zell (ZH)","C'est non à la réforme du service civil à Zell (ZH). Les habitants ont refusé le texte à 90,6 pour cent. Zell (ZH) a rejeté la réforme, contrairement à son canton."
241,40.9,40.9,59.1,"Aesch (ZH)","C'est non à la réforme du service civil à Aesch (ZH). Les habitants ont refusé le texte à 59,1 pour cent. Aesch (ZH) a rejeté la réforme, contrairement à son canton."
242,65.3,65.3,34.7,"Birmensdorf (ZH)","Les habitants de Birmensdorf (ZH) acceptent à 65,3 pour cent la réforme du service civil. Birmensdorf (ZH) a approuvé la réforme, tout comme son canton."
243,0.6,0.6,99.4,"Dietikon (ZH)","La population de Dietikon rejette à 99,4 pour cent des voix la réforme du service civil. Le plus fort pourcentage de non du canton de Zurich a été obtenu à Dietikon."
244,21.9,21.9,78.1,"Geroldswil (ZH)","La population de Geroldswil rejette à 78,1 pour cent des voix la réforme du service civil. Geroldswil a rejeté la réforme, contrairement à son canton."
245,39.8,39.8,60.2,"Oberengstringen (ZH)","Les habitants d'Oberengstringen s'opposent à la réforme du service civil par 60,2 pour cent des voix. Oberengstringen a rejeté la réforme, contrairement à son canton."
246,60,60,40,"Oetwil an der Limmat (ZH)","Les habitants d'Oetwil an der Limmat soutiennent à 60 pour cent la réforme du service civil. Oetwil an der Limmat a approuvé la réforme, tout comme son canton."
247,95.4,95.4,4.6,"Schlieren (ZH)","A Schlieren, les habitants disent oui à 95,4 pour cent à la réforme du service civil. Schlieren a approuvé la réforme, tout comme son canton."
248,49.8,49.8,50.2,"Uitikon (ZH)","La population d'Uitikon rejette à 50,2 pour cent des voix la réforme du service civil. Uitikon a rejeté la réforme, contrairement à son canton."
249,3.4,3.4,96.6,"Unterengstringen (ZH)","La réforme du service civil est refusée à 96,6 pour cent à Unterengstringen. Unterengstringen a rejeté la réforme, contrairement à son canton."
250,50.1,50.1,49.9,"Urdorf (ZH)","Urdorf dit oui à 50,1 pour cent à la réforme du service civil. Urdorf a approuvé la réforme, tout comme son canton."
251,99.2,99.2,0.8,"Weiningen (ZH)","Les habitants de Weiningen (ZH) soutiennent à 99,2 pour cent la réforme du service civil. Weiningen (ZH) a approuvé la réforme, tout comme son canton."
261,86.4,86.4,13.6,"Zurich (ZH)","A Zurich, les habitants disent oui à 86,4 pour cent à la réforme du service civil. Zurich a approuvé la réforme, tout comme son canton."
291,52.1,52.1,47.9,"Andelfingen (ZH)","La population d'Andelfingen approuve à 52,1 pour cent la réforme du service civil. Andelfingen a approuvé la réforme, tout comme son canton."
292,55.6,55.6,44.4,"Stammheim (ZH)","Stammheim dit oui à 55,6 pour cent à la réforme du service civil. Stammheim a approuvé la réforme, tout comme son canton."
293,73.7,73.7,26.3,"Wädenswil (ZH)","Les habitants de Wädenswil acceptent à 73,7 pour cent la réforme du service civil. Wädenswil a approuvé la réforme, tout comme son canton."
294,50.2,50.2,49.8,"Elgg (ZH)","La réforme du service civil passe la rampe avec 50,2 pour cent de oui à Elgg. Elgg a approuvé la réforme, tout comme son canton."
295,55.7,55.7,44.3,"Horgen (ZH)","A Horgen, les habitants disent oui à 55,7 pour cent à la réforme du service civil. Horgen a approuvé la réforme, tout comme son canton."
296,17.3,17.3,82.7,"Illnau-Effretikon (ZH)","La réforme du service civil n'a pas convaincu à Illnau-Effretikon. Les citoyens de la commune ont refusé le texte à 82,7 pour cent. Illnau-Effretikon a rejeté la réforme, contrairement à son canton."
297,34.6,34.6,65.4,"Bauma (ZH)","Les habitants de Bauma s'opposent à la réforme du service civil par 65,4 pour cent des voix. Bauma a rejeté la réforme, contrairement à son canton."
298,67.2,67.2,32.8,"Wiesendangen (ZH)","Les habitants de Wiesendangen acceptent à 67,2 pour cent la réforme du service civil. Wiesendangen a approuvé la réforme, tout comme son canton."
301,80,80,20,"Aarberg (BE)","La réforme du service civil est approuvée à Aarberg par 80 pour cent des votants. Aarberg a approuvé la réforme, contrairement à son canton."
302,40.1,40.1,59.9,"Bargen (BE)","C'est non à la réforme du service civil à Bargen (BE). Les habitants ont refusé le texte à 59,9 pour cent. Bargen (BE) a rejeté la réforme, tout comme son canton."
303,10.5,10.5,89.5,"Grossaffoltern (BE)","A Grossaffoltern, les citoyens rejettent à 89,5 pour cent la réforme du service civil. Grossaffoltern a rejeté la réforme, tout comme son canton."
304,37.7,37.7,62.3,"Kallnach (BE)","La réforme du service civil n'a pas convaincu à Kallnach. Les citoyens de la commune ont refusé le texte à 62,3 pour cent. Kallnach a rejeté la réforme, tout comme son canton."
305,39.6,39.6,60.4,"Kappelen (BE)","C'est non à la réforme du service civil à Kappelen. Les habitants ont refusé le texte à 60,4 pour cent. Kappelen a rejeté la réforme, tout comme son canton."
306,70.6,70.6,29.4,"Lyss (BE)","La population de Lyss approuve à 70,6 pour cent la réforme du service civil. Lyss a approuvé la réforme, contrairement à son canton."
307,54.6,54.6,45.4,"Meikirch (BE)","Meikirch dit oui à 54,6 pour cent à la réforme du service civil. Meikirch a approuvé la réforme, contrairement à son canton."
309,59.6,59.6,40.4,"Radelfingen (BE)","La réforme du service civil est approuvée à Radelfingen par 59,6 pour cent des votants. Radelfingen a approuvé la réforme, contrairement à son canton."
310,49.2,49.2,50.8,"Rapperswil (BE)","La réforme du service civil est refusée à 50,8 pour cent à Rapperswil (BE). Rapperswil (BE) a rejeté la réforme, tout comme son canton."
311,47.3,47.3,52.7,"Schüpfen (BE)","A Schüpfen, les citoyens rejettent à 52,7 pour cent la réforme du service civil. Schüpfen a rejeté la réforme, tout comme son canton."
312,40.2,40.2,59.8,"Seedorf (BE)","Les habitants de Seedorf (BE) s'opposent à la réforme du service civil par 59,8 pour cent des voix. Seedorf (BE) a rejeté la réforme, tout comme son canton."
321,13.1,13.1,86.9,"Aarwangen (BE)","La réforme du service civil n'a pas trouvé grâce aux yeux des citoyens d'Aarwangen. Ils ont refusé le texte à 86,9 pour cent. Aarwangen a rejeté la réforme, tout comme son canton."
322,45.4,45.4,54.6,"Auswil (BE)","La réforme du service civil n'a pas convaincu à Auswil. Les citoyens de la commune ont refusé le texte à 54,6 pour cent. Auswil a rejeté la réforme, tout comme son canton."
323,77.1,77.1,22.9,"Bannwil (BE)","La réforme du service civil est approuvée à Bannwil par 77,1 pour cent des votants. Bannwil a approuvé la réforme, contrairement à son canton."
324,82.2,82.2,17.8,"Bleienbach (BE)","Bleienbach dit oui à 82,2 pour cent à la réforme du service civil. Bleienbach a approuvé la réforme, contrairement à son canton."
325,49.6,49.6,50.4,"Busswil bei Melchnau (BE)","C'est non à la réforme du service civil à Busswil bei Melchnau. Les habitants ont refusé le texte à 50,4 pour cent. Busswil bei Melchnau a rejeté la réforme, tout comme son canton."
326,95,95,5,"Gondiswil (BE)","Les habitants de Gondiswil acceptent à 95 pour cent la réforme du service civil. Gondiswil a approuvé la réforme, contrairement à son canton."
329,50.1,50.1,49.9,"Langenthal (BE)","Les habitants de Langenthal soutiennent à 50,1 pour cent la réforme du service civil. Langenthal a approuvé la réforme, contrairement à son canton."
331,90.5,90.5,9.5,"Lotzwil (BE)","Lotzwil dit oui à 90,5 pour cent à la réforme du service civil. Lotzwil a approuvé la réforme, contrairement à son canton."
332,49.3,49.3,50.7,"Madiswil (BE)","A Madiswil, les citoyens rejettent à 50,7 pour cent la réforme du service civil. Madiswil a rejeté la réforme, tout comme son canton."
333,27.1,27.1,72.9,"Melchnau (BE)","La réforme du service civil n'a pas trouvé grâce aux yeux des citoyens de Melchnau. Ils ont refusé le texte à 72,9 pour cent. Melchnau a rejeté la réforme, tout comme son canton."
335,37.4,37.4,62.6,"Oeschenbach (BE)","Les habitants d'Oeschenbach s'opposent à la réforme du service civil par 62,6 pour cent des voix. Oeschenbach a rejeté la réforme, tout comme son canton."
336,73.1,73.1,26.9,"Reisiswil (BE)","A Reisiswil, les habitants disent oui à 73,1 pour cent à la réforme du service civil. Reisiswil a approuvé la réforme, contrairement à son canton."
337,83.9,83.9,16.1,"Roggwil (BE)","Les habitants de Roggwil (BE) soutiennent à 83,9 pour cent la réforme du service civil. Roggwil (BE) a approuvé la réforme, contrairement à son canton."
338,31.6,31.6,68.4,"Rohrbach (BE)","Les habitants de Rohrbach s'opposent à la réforme du service civil par 68,4 pour cent des voix. Rohrbach a rejeté la réforme, tout comme son canton."
339,81.3,81.3,18.7,"Rohrbachgraben (BE)","La réforme du service civil est approuvée à Rohrbachgraben par 81,3 pour cent des votants. Rohrbachgraben a approuvé la réforme, contrairement à son canton."
340,44.2,44.2,55.8,"Rütschelen (BE)","C'est non à la réforme du service civil à Rütschelen. Les habitants ont refusé le texte à 55,8 pour cent. Rütschelen a rejeté la réforme, tout comme son canton."
341,87.2,87.2,12.8,"Schwarzhäusern (BE)","La population de Schwarzhäusern approuve à 87,2 pour cent la réforme du service civil. Schwarzhäusern a approuvé la réforme, contrairement à son canton."
342,38.7,38.7,61.3,"Thunstetten (BE)","Les habitants de Thunstetten s'opposent à la réforme du service civil par 61,3 pour cent des voix. Thunstetten a rejeté la réforme, tout comme son canton."
344,83.1,83.1,16.9,"Ursenbach (BE)","A Ursenbach, les habitants disent oui à 83,1 pour cent à la réforme du service civil. Ursenbach a approuvé la réforme, contrairement à son canton."
345,88.4,88.4,11.6,"Wynau (BE)","Les habitants de Wynau acceptent à 88,4 pour cent la réforme du service civil. Wynau a approuvé la réforme, contrairement à son canton."
351,59.4,59.4,40.6,"Berne (BE)","A Berne, les habitants disent oui à 59,4 pour cent à la réforme du service civil. Berne a approuvé la réforme, contrairement à son canton."
352,34.2,34.2,65.8,"Bolligen (BE)","La réforme du service civil est refusée à 65,8 pour cent à Bolligen. Bolligen a rejeté la réforme, tout comme son canton."
353,72.6,72.6,27.4,"Bremgarten bei Bern (BE)","Bremgarten bei Bern dit oui à 72,6 pour cent à la réforme du service civil. Bremgarten bei Bern a approuvé la réforme, contrairement à son canton."
354,69.8,69.8,30.2,"Kirchlindach (BE)","La réforme du service civil passe la rampe avec 69,8 pour cent de oui à Kirchlindach. Kirchlindach a approuvé la réforme, contrairement à son canton."
355,10.2,10.2,89.8,"Köniz (BE)","La réforme du service civil n'a pas convaincu à Köniz. Les citoyens de la commune ont refusé le texte à 89,8 pour cent. Köniz a rejeté la réforme, tout comme son canton."
356,50.3,50.3,49.7,"Muri bei Bern (BE)","Muri bei Bern dit oui à 50,3 pour cent à la réforme du service civil. Muri bei Bern a approuvé la réforme, contrairement à son canton."
357,47.2,47.2,52.8,"Oberbalm (BE)","C'est non à la réforme du service civil à Oberbalm. Les habitants ont refusé le texte à 52,8 pour cent. Oberbalm a rejeté la réforme, tout comme son canton."
358,63.4,63.4,36.6,"Stettlen (BE)","La réforme du service civil passe la rampe avec 63,4 pour cent de oui à Stettlen. Stettlen a approuvé la réforme, contrairement à son canton."
359,50.4,50.4,49.6,"Vechigen (BE)","La population de Vechigen approuve à 50,4 pour cent la réforme du service civil. Vechigen a approuvé la réforme, contrairement à son canton."
360,32.6,32.6,67.4,"Wohlen bei Bern (BE)","Les habitants de Wohlen bei Bern s'opposent à la réforme du service civil par 67,4 pour cent des voix. Wohlen bei Bern a rejeté la réforme, tout comme son canton."
361,32.3,32.3,67.7,"Zollikofen (BE)","La population de Zollikofen rejette à 67,7 pour cent des voix la réforme du service civil. Zollikofen a rejeté la réforme, tout comme son canton."
362,24.3,24.3,75.7,"Ittigen (BE)","La population d'Ittigen rejette à 75,7 pour cent des voix la réforme du service civil. Ittigen a rejeté la réforme, tout comme son canton."
363,49.3,49.3,50.7,"Ostermundigen (BE)","La réforme du service civil est refusée à 50,7 pour cent à Ostermundigen. Ostermundigen a rejeté la réforme, tout comme son canton."
371,48.6,48.6,51.4,"Bienne (BE)","Les habitants de Bienne s'opposent à la réforme du service civil par 51,4 pour cent des voix. Bienne a rejeté la réforme, tout comme son canton."
372,14.1,14.1,85.9,"Evilard (BE)","La réforme du service civil n'a pas convaincu à Evilard. Les citoyens de la commune ont refusé le texte à 85,9 pour cent. Evilard a rejeté la réforme, tout comme son canton."
381,9.4,9.4,90.6,"Arch (BE)","La réforme du service civil n'a pas trouvé grâce aux yeux des citoyens d'Arch. Ils ont refusé le texte à 90,6 pour cent. Arch a rejeté la réforme, tout comme son canton."
382,52.9,52.9,47.1,"Büetigen (BE)","A Büetigen, les habitants disent oui à 52,9 pour cent à la réforme du service civil. Büetigen a approuvé la réforme, contrairement à son canton."
383,61.6,61.6,38.4,"Büren an der Aare (BE)","Les habitants de Büren an der Aare acceptent à 61,6 pour cent la réforme du service civil. Büren an der Aare a approuvé la réforme, contrairement à son canton."
385,18.3,18.3,81.7,"Diessbach bei Büren (BE)","La réforme du service civil n'a pas trouvé grâce aux yeux des citoyens de Diessbach bei Büren. Ils ont refusé le texte à 81,7 pour cent. Diessbach bei Büren a rejeté la réforme, tout comme son canton."
386,9.4,9.4,90.6,"Dotzigen (BE)","C'est non à la réforme du service civil à Dotzigen. Les habitants ont refusé le texte à 90,6 pour cent. Dotzigen a rejeté la réforme, tout comme son canton."
387,62,62,38,"Longeau (BE)","La réforme du service civil passe la rampe avec 62 pour cent de oui à Longeau. Longeau a approuvé la réforme, contrairement à son canton."
388,11.7,11.7,88.3,"Leuzigen (BE)","La population de Leuzigen rejette à 88,3 pour cent des voix la réforme du service civil. Leuzigen a rejeté la réforme, tout comme son canton."
390,51,51,49,"Meinisberg (BE)","Les habitants de Meinisberg acceptent à 51 pour cent la réforme du service civil. Meinisberg a approuvé la réforme, contrairement à son canton."
391,31.4,31.4,68.6,"Oberwil bei Büren (BE)","La population d'Oberwil bei Büren rejette à 68,6 pour cent des voix la réforme du service civil. Oberwil bei Büren a rejeté la réforme, tout comme son canton."
392,74.4,74.4,25.6,"Perles (BE)","La population de Perles approuve à 74,4 pour cent la réforme du service civil. Perles a approuvé la réforme, contrairement à son canton."
393,60.4,60.4,39.6,"Rüti bei Büren (BE)","La réforme du service civil passe la rampe avec 60,4 pour cent de oui à Rüti bei Büren. Rüti bei Büren a approuvé la réforme, contrairement à son canton."
394,50.7,50.7,49.3,"Wengi (BE)","La population de Wengi approuve à 50,7 pour cent la réforme du service civil. Wengi a approuvé la réforme, contrairement à son canton."
401,45,45,55,"Aefligen (BE)","C'est non à la réforme du service civil à Aefligen. Les habitants ont refusé le texte à 55 pour cent. Aefligen a rejeté la réforme, tout comme son canton."
402,33.1,33.1,66.9,"Alchenstorf (BE)","La réforme du service civil est refusée à 66,9 pour cent à Alchenstorf. Alchenstorf a rejeté la réforme, tout comme son canton."
403,52.5,52.5,47.5,"Bäriswil (BE)","La réforme du service civil passe la rampe avec 52,5 pour cent de oui à Bäriswil. Bäriswil a approuvé la réforme, contrairement à son canton."
404,83.8,83.8,16.2,"Berthoud (BE)","A Berthoud, les habitants disent oui à 83,8 pour cent à la réforme du service civil. Berthoud a approuvé la réforme, contrairement à son canton."
405,83.6,83.6,16.4,"Ersigen (BE)","La population d'Ersigen approuve à 83,6 pour cent la réforme du service civil. Ersigen a approuvé la réforme, contrairement à son canton."
406,66.7,66.7,33.3,"Hasle bei Burgdorf (BE)","La réforme du service civil est approuvée à Hasle bei Burgdorf par 66,7 pour cent des votants. Hasle bei Burgdorf a approuvé la réforme, contrairement à son canton."
407,63.6,63.6,36.4,"Heimiswil (BE)","A Heimiswil, les habitants disent oui à 63,6 pour cent à la réforme du service civil. Heimiswil a approuvé la réforme, contrairement à son canton."
409,83.6,83.6,16.4,"Hindelbank (BE)","Les habitants de Hindelbank soutiennent à 83,6 pour cent la réforme du service civil. Hindelbank a approuvé la réforme, contrairement à son canton."
410,46.8,46.8,53.2,"Höchstetten (BE)","La réforme du service civil n'a pas trouvé grâce aux yeux des citoyens de Höchstetten. Ils ont refusé le texte à 53,2 pour cent. Höchstetten a rejeté la réforme, tout comme son canton."
411,19.9,19.9,80.1,"Kernenried (BE)","La réforme du service civil n'a pas trouvé grâce aux yeux des citoyens de Kernenried. Ils ont refusé le texte à 80,1 pour cent. Kernenried a rejeté la réforme, tout comme son canton."
412,84.6,84.6,15.4,"Kirchberg (BE)","Les habitants de Kirchberg (BE) acceptent à 84,6 pour cent la réforme du service civil. Kirchberg (BE) a approuvé la réforme, contrairement à son canton."
413,74.5,74.5,25.5,"Koppigen (BE)","La réforme du service civil est approuvée à Koppigen par 74,5 pour cent des votants. Koppigen a approuvé la réforme, contrairement à son canton."
414,56.4,56.4,43.6,"Krauchthal (BE)","A Krauchthal, les habitants disent oui à 56,4 pour cent à la réforme du service civil. Krauchthal a approuvé la réforme, contrairement à son canton."
415,87.3,87.3,12.7,"Lyssach (BE)","Lyssach dit oui à 87,3 pour cent à la réforme du service civil. Lyssach a approuvé la réforme, contrairement à son canton."
418,20.1,20.1,79.9,"Oberburg (BE)","La réforme du service civil n'a pas trouvé grâce aux yeux des citoyens d'Oberburg. Ils ont refusé le texte à 79,9 pour cent. Oberburg a rejeté la réforme, tout comme son canton."
420,74.9,74.9,25.1,"Rüdtligen-Alchenflüh (BE)","Les habitants de Rüdtligen-Alchenflüh acceptent à 74,9 pour cent la réforme du service civil. Rüdtligen-Alchenflüh a approuvé la réforme, contrairement à son canton."
421,21,21,79,"Rumendingen (BE)","La réforme du service civil est refusée à 79 pour cent à Rumendingen. Rumendingen a rejeté la réforme, tout comme son canton."
422,29.6,29.6,70.4,"Rüti bei Lyssach (BE)","A Rüti bei Lyssach, les citoyens rejettent à 70,4 pour cent la réforme du service civil. Rüti bei Lyssach a rejeté la réforme, tout comme son canton."
423,12.2,12.2,87.8,"Willadingen (BE)","La réforme du service civil n'a pas trouvé grâce aux yeux des citoyens de Willadingen. Ils ont refusé le texte à 87,8 pour cent. Willadingen a rejeté la réforme, tout comme son canton."
424,5.8,5.8,94.2,"Wynigen (BE)","A Wynigen, les citoyens rejettent à 94,2 pour cent la réforme du service civil. Wynigen a rejeté la réforme, tout comme son canton."
431,61.1,61.1,38.9,"Corgémont (BE)","A Corgémont, les habitants disent oui à 61,1 pour cent à la réforme du service civil. Corgémont a approuvé la réforme, contrairement à son canton."
432,56,56,44,"Cormoret (BE)","A Cormoret, les habitants disent oui à 56 pour cent à la réforme du service civil. Cormoret a approuvé la réforme, contrairement à son canton."
433,76.8,76.8,23.2,"Cortébert (BE)","La réforme du service civil passe la rampe avec 76,8 pour cent de oui à Cortébert. Cortébert a approuvé la réforme, contrairement à son canton."
434,6.7,6.7,93.3,"Courtelary (BE)","A Courtelary, les citoyens rejettent à 93,3 pour cent la réforme du service civil. Courtelary a rejeté la réforme, tout comme son canton."
435,22.3,22.3,77.7,"La Ferrière (BE)","La population de La Ferrière rejette à 77,7 pour cent des voix la réforme du service civil. La Ferrière a rejeté la réforme, tout comme son canton."
437,55.3,55.3,44.7,"Mont-Tramelan (BE)","Mont-Tramelan dit oui à 55,3 pour cent à la réforme du service civil. Mont-Tramelan a approuvé la réforme, contrairement à son canton."
438,58.6,58.6,41.4,"Orvin (BE)","Orvin dit oui à 58,6 pour cent à la réforme du service civil. Orvin a approuvé la réforme, contrairement à son canton."
441,52.6,52.6,47.4,"Renan (BE)","Les habitants de Renan (BE) soutiennent à 52,6 pour cent la réforme du service civil. Renan (BE) a approuvé la réforme, contrairement à son canton."
442,43.5,43.5,56.5,"Romont (BE)","La réforme du service civil n'a pas trouvé grâce aux yeux des citoyens de Romont (BE). Ils ont refusé le texte à 56,5 pour cent. Romont (BE) a rejeté la réforme, tout comme son canton."
443,51.5,51.5,48.5,"Saint-Imier (BE)","A Saint-Imier, les habitants disent oui à 51,5 pour cent à la réforme du service civil. Saint-Imier a approuvé la réforme, contrairement à son canton."
444,47.8,47.8,52.2,"Sonceboz-Sombeval (BE)","La réforme du service civil n'a pas trouvé grâce aux yeux des citoyens de Sonceboz-Sombeval. Ils ont refusé le texte à 52,2 pour cent. Sonceboz-Sombeval a rejeté la réforme, tout comme son canton."
445,50.2,50.2,49.8,"Sonvilier (BE)","La réforme du service civil passe la rampe avec 50,2 pour cent de oui à Sonvilier. Sonvilier a approuvé la réforme, contrairement à son canton."
446,51.7,51.7,48.3,"Tramelan (BE)","La réforme du service civil passe la rampe avec 51,7 pour cent de oui à Tramelan. Tramelan a approuvé la réforme, contrairement à son canton."
448,48.5,48.5,51.5,"Villeret (BE)","La réforme du service civil est refusée à 51,5 pour cent à Villeret. Villeret a rejeté la réforme, tout comme son canton."
449,32.3,32.3,67.7,"Sauge (BE)","C'est non à la réforme du service civil à Sauge. Les habitants ont refusé le texte à 67,7 pour cent. Sauge a rejeté la réforme, tout comme son canton."
450,42.6,42.6,57.4,"Péry-La Heutte (BE)","La population de Péry-La Heutte rejette à 57,4 pour cent des voix la réforme du service civil. Péry-La Heutte a rejeté la réforme, tout comme son canton."
491,33.7,33.7,66.3,"Brüttelen (BE)","Les habitants de Brüttelen s'opposent à la réforme du service civil par 66,3 pour cent des voix. Brüttelen a rejeté la réforme, tout comme son canton."
492,58.5,58.5,41.5,"Cerlier (BE)","La réforme du service civil passe la rampe avec 58,5 pour cent de oui à Cerlier. Cerlier a approuvé la réforme, contrairement à son canton."
493,75.7,75.7,24.3,"Finsterhennen (BE)","La population de Finsterhennen approuve à 75,7 pour cent la réforme du service civil. Finsterhennen a approuvé la réforme, contrairement à son canton."
494,30.9,30.9,69.1,"Gals (BE)","La réforme du service civil n'a pas trouvé grâce aux yeux des citoyens de Gals. Ils ont refusé le texte à 69,1 pour cent. Gals a rejeté la réforme, tout comme son canton."
495,36.7,36.7,63.3,"Champion (Gampelen) (BE)","La population de Champion (Gampelen) rejette à 63,3 pour cent des voix la réforme du service civil. Champion (Gampelen) a rejeté la réforme, tout comme son canton."
496,61.9,61.9,38.1,"Anet (BE)","Les habitants d'Anet acceptent à 61,9 pour cent la réforme du service civil. Anet a approuvé la réforme, contrairement à son canton."
497,33,33,67,"Lüscherz (BE)","A Lüscherz, les citoyens rejettent à 67 pour cent la réforme du service civil. Lüscherz a rejeté la réforme, tout comme son canton."
498,81.9,81.9,18.1,"Müntschemier (BE)","La réforme du service civil est approuvée à Müntschemier par 81,9 pour cent des votants. Müntschemier a approuvé la réforme, contrairement à son canton."
499,46.6,46.6,53.4,"Siselen (BE)","C'est non à la réforme du service civil à Siselen. Les habitants ont refusé le texte à 53,4 pour cent. Siselen a rejeté la réforme, tout comme son canton."
500,55.4,55.4,44.6,"Treiten (BE)","Les habitants de Treiten soutiennent à 55,4 pour cent la réforme du service civil. Treiten a approuvé la réforme, contrairement à son canton."
501,86.7,86.7,13.3,"Tschugg (BE)","La réforme du service civil passe la rampe avec 86,7 pour cent de oui à Tschugg. Tschugg a approuvé la réforme, contrairement à son canton."
502,66.8,66.8,33.2,"Vinelz (BE)","La réforme du service civil passe la rampe avec 66,8 pour cent de oui à Vinelz. Vinelz a approuvé la réforme, contrairement à son canton."
533,51.2,51.2,48.8,"Bätterkinden (BE)","Les habitants de Bätterkinden acceptent à 51,2 pour cent la réforme du service civil. Bätterkinden a approuvé la réforme, contrairement à son canton."
538,44.3,44.3,55.7,"Fraubrunnen (BE)","La réforme du service civil n'a pas convaincu à Fraubrunnen. Les citoyens de la commune ont refusé le texte à 55,7 pour cent. Fraubrunnen a rejeté la réforme, tout comme son canton."
540,74,74,26,"Jegenstorf (BE)","Les habitants de Jegenstorf soutiennent à 74 pour cent la réforme du service civil. Jegenstorf a approuvé la réforme, contrairement à son canton."
541,43.1,43.1,56.9,"Iffwil (BE)","La population d'Iffwil rejette à 56,9 pour cent des voix la réforme du service civil. Iffwil a rejeté la réforme, tout comme son canton."
543,99.9,99.9,0.1,"Mattstetten (BE)","Mattstetten se classe au troisième rang des plus fortes approbations de la réforme du service civil. Ses citoyens disent oui à 99,9 pour cent. Le plus fort pourcentage de oui du canton de Berne a été obtenu à Mattstetten."
544,33.9,33.9,66.1,"Moosseedorf (BE)","La population de Moosseedorf rejette à 66,1 pour cent des voix la réforme du service civil. Moosseedorf a rejeté la réforme, tout comme son canton."
546,38.4,38.4,61.6,"Münchenbuchsee (BE)","La réforme du service civil n'a pas convaincu à Münchenbuchsee. Les citoyens de la commune ont refusé le texte à 61,6 pour cent. Münchenbuchsee a rejeté la réforme, tout comme son canton."
551,43,43,57,"Urtenen-Schönbühl (BE)","Les habitants d'Urtenen-Schönbühl s'opposent à la réforme du service civil par 57 pour cent des voix. Urtenen-Schönbühl a rejeté la réforme, tout comme son canton."
552,43.9,43.9,56.1,"Utzenstorf (BE)","Les habitants d'Utzenstorf s'opposent à la réforme du service civil par 56,1 pour cent des voix. Utzenstorf a rejeté la réforme, tout comme son canton."
553,51.9,51.9,48.1,"Wiggiswil (BE)","Les habitants de Wiggiswil soutiennent à 51,9 pour cent la réforme du service civil. Wiggiswil a approuvé la réforme, contrairement à son canton."
554,42.2,42.2,57.8,"Wiler bei Utzenstorf (BE)","La réforme du service civil n'a pas convaincu à Wiler bei Utzenstorf. Les citoyens de la commune ont refusé le texte à 57,8 pour cent. Wiler bei Utzenstorf a rejeté la réforme, tout comme son canton."
556,3.8,3.8,96.2,"Zielebach (BE)","Les habitants de Zielebach s'opposent à la réforme du service civil par 96,2 pour cent des voix. Zielebach a rejeté la réforme, tout comme son canton."
557,51.9,51.9,48.1,"Zuzwil (BE)","Les habitants de Zuzwil (BE) acceptent à 51,9 pour cent la réforme du service civil. Zuzwil (BE) a approuvé la réforme, contrairement à son canton."
561,2.9,2.9,97.1,"Adelboden (BE)","La réforme du service civil est refusée à 97,1 pour cent à Adelboden. Adelboden a rejeté la réforme, tout comme son canton."
562,40,40,60,"Aeschi bei Spiez (BE)","La réforme du service civil est refusée à 60 pour cent à Aeschi bei Spiez. Aeschi bei Spiez a rejeté la réforme, tout comme son canton."
563,35.4,35.4,64.6,"Frutigen (BE)","La population de Frutigen rejette à 64,6 pour cent des voix la réforme du service civil. Frutigen a rejeté la réforme, tout comme son canton."
564,94,94,6,"Kandergrund (BE)","Les habitants de Kandergrund acceptent à 94 pour cent la réforme du service civil. Kandergrund a approuvé la réforme, contrairement à son canton."
565,7.4,7.4,92.6,"Kandersteg (BE)","La réforme du service civil n'a pas convaincu à Kandersteg. Les citoyens de la commune ont refusé le texte à 92,6 pour cent. Kandersteg a rejeté la réforme, tout comme son canton."
566,40.3,40.3,59.7,"Krattigen (BE)","C'est non à la réforme du service civil à Krattigen. Les habitants ont refusé le texte à 59,7 pour cent. Krattigen a rejeté la réforme, tout comme son canton."
567,27.5,27.5,72.5,"Reichenbach im Kandertal (BE)","La réforme du service civil n'a pas convaincu à Reichenbach im Kandertal. Les citoyens de la commune ont refusé le texte à 72,5 pour cent. Reichenbach im Kandertal a rejeté la réforme, tout comme son canton."
571,25.5,25.5,74.5,"Beatenberg (BE)","La réforme du service civil n'a pas trouvé grâce aux yeux des citoyens de Beatenberg. Ils ont refusé le texte à 74,5 pour cent. Beatenberg a rejeté la réforme, tout comme son canton."
572,42.3,42.3,57.7,"Bönigen (BE)","La population de Bönigen rejette à 57,7 pour cent des voix la réforme du service civil. Bönigen a rejeté la réforme, tout comme son canton."
573,34.8,34.8,65.2,"Brienz (BE)","Les habitants de Brienz (BE) s'opposent à la réforme du service civil par 65,2 pour cent des voix. Brienz (BE) a rejeté la réforme, tout comme son canton."
574,53.7,53.7,46.3,"Brienzwiler (BE)","La population de Brienzwiler approuve à 53,7 pour cent la réforme du service civil. Brienzwiler a approuvé la réforme, contrairement à son canton."
575,36.3,36.3,63.7,"Därligen (BE)","La réforme du service civil n'a pas trouvé grâce aux yeux des citoyens de Därligen. Ils ont refusé le texte à 63,7 pour cent. Därligen a rejeté la réforme, tout comme son canton."
576,67.9,67.9,32.1,"Grindelwald (BE)","Grindelwald dit oui à 67,9 pour cent à la réforme du service civil. Grindelwald a approuvé la réforme, contrairement à son canton."
577,60.4,60.4,39.6,"Gsteigwiler (BE)","Les habitants de Gsteigwiler acceptent à 60,4 pour cent la réforme du service civil. Gsteigwiler a approuvé la réforme, contrairement à son canton."
578,65.1,65.1,34.9,"Gündlischwand (BE)","La réforme du service civil est approuvée à Gündlischwand par 65,1 pour cent des votants. Gündlischwand a approuvé la réforme, contrairement à son canton."
579,29.6,29.6,70.4,"Habkern (BE)","La réforme du service civil est refusée à 70,4 pour cent à Habkern. Habkern a rejeté la réforme, tout comme son canton."
580,72.8,72.8,27.2,"Hofstetten bei Brienz (BE)","La réforme du service civil passe la rampe avec 72,8 pour cent de oui à Hofstetten bei Brienz. Hofstetten bei Brienz a approuvé la réforme, contrairement à son canton."
581,19.3,19.3,80.7,"Interlaken (BE)","La réforme du service civil n'a pas convaincu à Interlaken. Les citoyens de la commune ont refusé le texte à 80,7 pour cent. Interlaken a rejeté la réforme, tout comme son canton."
582,72.3,72.3,27.7,"Iseltwald (BE)","A Iseltwald, les habitants disent oui à 72,3 pour cent à la réforme du service civil. Iseltwald a approuvé la réforme, contrairement à son canton."
584,9.7,9.7,90.3,"Lauterbrunnen (BE)","C'est non à la réforme du service civil à Lauterbrunnen. Les habitants ont refusé le texte à 90,3 pour cent. Lauterbrunnen a rejeté la réforme, tout comme son canton."
585,41.7,41.7,58.3,"Leissigen (BE)","La réforme du service civil est refusée à 58,3 pour cent à Leissigen. Leissigen a rejeté la réforme, tout comme son canton."
586,23.1,23.1,76.9,"Lütschental (BE)","Les habitants de Lütschental s'opposent à la réforme du service civil par 76,9 pour cent des voix. Lütschental a rejeté la réforme, tout comme son canton."
587,93,93,7,"Matten bei Interlaken (BE)","La population de Matten bei Interlaken approuve à 93 pour cent la réforme du service civil. Matten bei Interlaken a approuvé la réforme, contrairement à son canton."
588,41.7,41.7,58.3,"Niederried bei Interlaken (BE)","C'est non à la réforme du service civil à Niederried bei Interlaken. Les habitants ont refusé le texte à 58,3 pour cent. Niederried bei Interlaken a rejeté la réforme, tout comme son canton."
589,71.2,71.2,28.8,"Oberried am Brienzersee (BE)","La réforme du service civil est approuvée à Oberried am Brienzersee par 71,2 pour cent des votants. Oberried am Brienzersee a approuvé la réforme, contrairement à son canton."
590,13.1,13.1,86.9,"Ringgenberg (BE)","C'est non à la réforme du service civil à Ringgenberg (BE). Les habitants ont refusé le texte à 86,9 pour cent. Ringgenberg (BE) a rejeté la réforme, tout comme son canton."
591,58.2,58.2,41.8,"Saxeten (BE)","La réforme du service civil passe la rampe avec 58,2 pour cent de oui à Saxeten. Saxeten a approuvé la réforme, contrairement à son canton."
592,33.2,33.2,66.8,"Schwanden bei Brienz (BE)","La population de Schwanden bei Brienz rejette à 66,8 pour cent des voix la réforme du service civil. Schwanden bei Brienz a rejeté la réforme, tout comme son canton."
593,21.5,21.5,78.5,"Unterseen (BE)","Les habitants d'Unterseen s'opposent à la réforme du service civil par 78,5 pour cent des voix. Unterseen a rejeté la réforme, tout comme son canton."
594,64.7,64.7,35.3,"Wilderswil (BE)","Wilderswil dit oui à 64,7 pour cent à la réforme du service civil. Wilderswil a approuvé la réforme, contrairement à son canton."
602,84.9,84.9,15.1,"Arni (BE)","Les habitants d'Arni (BE) acceptent à 84,9 pour cent la réforme du service civil. Arni (BE) a approuvé la réforme, contrairement à son canton."
603,4.6,4.6,95.4,"Biglen (BE)","La réforme du service civil n'a pas convaincu à Biglen. Les citoyens de la commune ont refusé le texte à 95,4 pour cent. Biglen a rejeté la réforme, tout comme son canton."
605,77.3,77.3,22.7,"Bowil (BE)","Bowil dit oui à 77,3 pour cent à la réforme du service civil. Bowil a approuvé la réforme, contrairement à son canton."
606,72.3,72.3,27.7,"Brenzikofen (BE)","La réforme du service civil passe la rampe avec 72,3 pour cent de oui à Brenzikofen. Brenzikofen a approuvé la réforme, contrairement à son canton."
607,56.1,56.1,43.9,"Freimettigen (BE)","Les habitants de Freimettigen soutiennent à 56,1 pour cent la réforme du service civil. Freimettigen a approuvé la réforme, contrairement à son canton."
608,26,26,74,"Grosshöchstetten (BE)","Les habitants de Grosshöchstetten s'opposent à la réforme du service civil par 74 pour cent des voix. Grosshöchstetten a rejeté la réforme, tout comme son canton."
609,35.2,35.2,64.8,"Häutligen (BE)","Les habitants de Häutligen s'opposent à la réforme du service civil par 64,8 pour cent des voix. Häutligen a rejeté la réforme, tout comme son canton."
610,69.7,69.7,30.3,"Herbligen (BE)","A Herbligen, les habitants disent oui à 69,7 pour cent à la réforme du service civil. Herbligen a approuvé la réforme, contrairement à son canton."
611,65.7,65.7,34.3,"Kiesen (BE)","A Kiesen, les habitants disent oui à 65,7 pour cent à la réforme du service civil. Kiesen a approuvé la réforme, contrairement à son canton."
612,44.9,44.9,55.1,"Konolfingen (BE)","La population de Konolfingen rejette à 55,1 pour cent des voix la réforme du service civil. Konolfingen a rejeté la réforme, tout comme son canton."
613,73.9,73.9,26.1,"Landiswil (BE)","Les habitants de Landiswil acceptent à 73,9 pour cent la réforme du service civil. Landiswil a approuvé la réforme, contrairement à son canton."
614,17.1,17.1,82.9,"Linden (BE)","La réforme du service civil n'a pas convaincu à Linden. Les citoyens de la commune ont refusé le texte à 82,9 pour cent. Linden a rejeté la réforme, tout comme son canton."
615,33.1,33.1,66.9,"Mirchel (BE)","La réforme du service civil n'a pas trouvé grâce aux yeux des citoyens de Mirchel. Ils ont refusé le texte à 66,9 pour cent. Mirchel a rejeté la réforme, tout comme son canton."
616,97.7,97.7,2.3,"Münsingen (BE)","Münsingen dit oui à 97,7 pour cent à la réforme du service civil. Münsingen a approuvé la réforme, contrairement à son canton."
617,79.5,79.5,20.5,"Niederhünigen (BE)","La population de Niederhünigen approuve à 79,5 pour cent la réforme du service civil. Niederhünigen a approuvé la réforme, contrairement à son canton."
619,30.4,30.4,69.6,"Oberdiessbach (BE)","La réforme du service civil n'a pas convaincu à Oberdiessbach. Les citoyens de la commune ont refusé le texte à 69,6 pour cent. Oberdiessbach a rejeté la réforme, tout comme son canton."
620,69.1,69.1,30.9,"Oberthal (BE)","La population d'Oberthal approuve à 69,1 pour cent la réforme du service civil. Oberthal a approuvé la réforme, contrairement à son canton."
622,69,69,31,"Oppligen (BE)","La réforme du service civil est approuvée à Oppligen par 69 pour cent des votants. Oppligen a approuvé la réforme, contrairement à son canton."
623,69.5,69.5,30.5,"Rubigen (BE)","Les habitants de Rubigen soutiennent à 69,5 pour cent la réforme du service civil. Rubigen a approuvé la réforme, contrairement à son canton."
626,49.1,49.1,50.9,"Walkringen (BE)","A Walkringen, les citoyens rejettent à 50,9 pour cent la réforme du service civil. Walkringen a rejeté la réforme, tout comme son canton."
627,20.3,20.3,79.7,"Worb (BE)","La réforme du service civil est refusée à 79,7 pour cent à Worb. Worb a rejeté la réforme, tout comme son canton."
628,49.5,49.5,50.5,"Zäziwil (BE)","Les habitants de Zäziwil s'opposent à la réforme du service civil par 50,5 pour cent des voix. Zäziwil a rejeté la réforme, tout comme son canton."
630,41.9,41.9,58.1,"Allmendingen (BE)","Les habitants d'Allmendingen s'opposent à la réforme du service civil par 58,1 pour cent des voix. Allmendingen a rejeté la réforme, tout comme son canton."
632,50.2,50.2,49.8,"Wichtrach (BE)","La réforme du service civil passe la rampe avec 50,2 pour cent de oui à Wichtrach. Wichtrach a approuvé la réforme, contrairement à son canton."
662,60.8,60.8,39.2,"Ferenbalm (BE)","La réforme du service civil est approuvée à Ferenbalm par 60,8 pour cent des votants. Ferenbalm a approuvé la réforme, contrairement à son canton."
663,79.7,79.7,20.3,"Frauenkappelen (BE)","Frauenkappelen dit oui à 79,7 pour cent à la réforme du service civil. Frauenkappelen a approuvé la réforme, contrairement à son canton."
665,24.8,24.8,75.2,"Gurbrü (BE)","La population de Gurbrü rejette à 75,2 pour cent des voix la réforme du service civil. Gurbrü a rejeté la réforme, tout comme son canton."
666,37.9,37.9,62.1,"Kriechenwil (BE)","La réforme du service civil n'a pas trouvé grâce aux yeux des citoyens de Kriechenwil. Ils ont refusé le texte à 62,1 pour cent. Kriechenwil a rejeté la réforme, tout comme son canton."
667,13.3,13.3,86.7,"Laupen (BE)","La réforme du service civil n'a pas convaincu à Laupen. Les citoyens de la commune ont refusé le texte à 86,7 pour cent. Laupen a rejeté la réforme, tout comme son canton."
668,49.2,49.2,50.8,"Mühleberg (BE)","A Mühleberg, les citoyens rejettent à 50,8 pour cent la réforme du service civil. Mühleberg a rejeté la réforme, tout comme son canton."
669,85.9,85.9,14.1,"Villars-les-Moines (BE)","La réforme du service civil est approuvée à Villars-les-Moines par 85,9 pour cent des votants. Villars-les-Moines a approuvé la réforme, contrairement à son canton."
670,86,86,14,"Neuenegg (BE)","La population de Neuenegg approuve à 86 pour cent la réforme du service civil. Neuenegg a approuvé la réforme, contrairement à son canton."
671,52.7,52.7,47.3,"Wileroltigen (BE)","La population de Wileroltigen approuve à 52,7 pour cent la réforme du service civil. Wileroltigen a approuvé la réforme, contrairement à son canton."
681,58.2,58.2,41.8,"Belprahon (BE)","La réforme du service civil est approuvée à Belprahon par 58,2 pour cent des votants. Belprahon a approuvé la réforme, contrairement à son canton."
683,66.9,66.9,33.1,"Champoz (BE)","Les habitants de Champoz soutiennent à 66,9 pour cent la réforme du service civil. Champoz a approuvé la réforme, contrairement à son canton."
687,48.5,48.5,51.5,"Corcelles (BE)","La population de Corcelles (BE) rejette à 51,5 pour cent des voix la réforme du service civil. Corcelles (BE) a rejeté la réforme, tout comme son canton."
690,28.5,28.5,71.5,"Court (BE)","La réforme du service civil est refusée à 71,5 pour cent à Court. Court a rejeté la réforme, tout comme son canton."
691,11.7,11.7,88.3,"Crémines (BE)","La réforme du service civil est refusée à 88,3 pour cent à Crémines. Crémines a rejeté la réforme, tout comme son canton."
692,46.8,46.8,53.2,"Eschert (BE)","La population d'Eschert rejette à 53,2 pour cent des voix la réforme du service civil. Eschert a rejeté la réforme, tout comme son canton."
694,40.3,40.3,59.7,"Grandval (BE)","La population de Grandval rejette à 59,7 pour cent des voix la réforme du service civil. Grandval a rejeté la réforme, tout comme son canton."
696,50.5,50.5,49.5,"Loveresse (BE)","La réforme du service civil passe la rampe avec 50,5 pour cent de oui à Loveresse. Loveresse a approuvé la réforme, contrairement à son canton."
701,42.8,42.8,57.2,"Perrefitte (BE)","La population de Perrefitte rejette à 57,2 pour cent des voix la réforme du service civil. Perrefitte a rejeté la réforme, tout comme son canton."
703,71.5,71.5,28.5,"Reconvilier (BE)","A Reconvilier, les habitants disent oui à 71,5 pour cent à la réforme du service civil. Reconvilier a approuvé la réforme, contrairement à son canton."
704,46.3,46.3,53.7,"Roches (BE)","La population de Roches (BE) rejette à 53,7 pour cent des voix la réforme du service civil. Roches (BE) a rejeté la réforme, tout comme son canton."
706,71,71,29,"Saicourt (BE)","A Saicourt, les habitants disent oui à 71 pour cent à la réforme du service civil. Saicourt a approuvé la réforme, contrairement à son canton."
707,83.3,83.3,16.7,"Saules (BE)","Les habitants de Saules (BE) soutiennent à 83,3 pour cent la réforme du service civil. Saules (BE) a approuvé la réforme, contrairement à son canton."
708,49.3,49.3,50.7,"La Scheulte (BE)","La population de La Scheulte rejette à 50,7 pour cent des voix la réforme du service civil. La Scheulte a rejeté la réforme, tout comme son canton."
709,35.1,35.1,64.9,"Seehof (BE)","La population de Seehof rejette à 64,9 pour cent des voix la réforme du service civil. Seehof a rejeté la réforme, tout comme son canton."
711,52.3,52.3,47.7,"Sorvilier (BE)","La réforme du service civil passe la rampe avec 52,3 pour cent de oui à Sorvilier. Sorvilier a approuvé la réforme, contrairement à son canton."
713,30.6,30.6,69.4,"Tavannes (BE)","La réforme du service civil n'a pas trouvé grâce aux yeux des citoyens de Tavannes. Ils ont refusé le texte à 69,4 pour cent. Tavannes a rejeté la réforme, tout comme son canton."
715,94.5,94.5,5.5,"Rebévelier (BE)","La réforme du service civil est approuvée à Rebévelier par 94,5 pour cent des votants. Rebévelier a approuvé la réforme, contrairement à son canton."
716,17.7,17.7,82.3,"Petit-Val (BE)","C'est non à la réforme du service civil à Petit-Val. Les habitants ont refusé le texte à 82,3 pour cent. Petit-Val a rejeté la réforme, tout comme son canton."
717,57.4,57.4,42.6,"Valbirse (BE)","A Valbirse, les habitants disent oui à 57,4 pour cent à la réforme du service civil. Valbirse a approuvé la réforme, contrairement à son canton."
723,63.2,63.2,36.8,"La Neuveville (BE)","La réforme du service civil passe la rampe avec 63,2 pour cent de oui à La Neuveville. La Neuveville a approuvé la réforme, contrairement à son canton."
724,30.6,30.6,69.4,"Nods (BE)","La réforme du service civil n'a pas convaincu à Nods. Les citoyens de la commune ont refusé le texte à 69,4 pour cent. Nods a rejeté la réforme, tout comme son canton."
726,67.9,67.9,32.1,"Plateau de Diesse (BE)","La réforme du service civil passe la rampe avec 67,9 pour cent de oui à Plateau de Diesse. Plateau de Diesse a approuvé la réforme, contrairement à son canton."
731,93.7,93.7,6.3,"Aegerten (BE)","Aegerten dit oui à 93,7 pour cent à la réforme du service civil. Aegerten a approuvé la réforme, contrairement à son canton."
732,2.5,2.5,97.5,"Bellmund (BE)","La réforme du service civil est refusée à 97,5 pour cent à Bellmund. Bellmund a rejeté la réforme, tout comme son canton."
733,52.6,52.6,47.4,"Brügg (BE)","A Brügg, les habitants disent oui à 52,6 pour cent à la réforme du service civil. Brügg a approuvé la réforme, contrairement à son canton."
734,30.3,30.3,69.7,"Bühl (BE)","La réforme du service civil n'a pas trouvé grâce aux yeux des citoyens de Bühl. Ils ont refusé le texte à 69,7 pour cent. Bühl a rejeté la réforme, tout comme son canton."
735,63.3,63.3,36.7,"Epsach (BE)","La population d'Epsach approuve à 63,3 pour cent la réforme du service civil. Epsach a approuvé la réforme, contrairement à son canton."
736,16.2,16.2,83.8,"Hagneck (BE)","La réforme du service civil n'a pas trouvé grâce aux yeux des citoyens de Hagneck. Ils ont refusé le texte à 83,8 pour cent. Hagneck a rejeté la réforme, tout comme son canton."
737,51.9,51.9,48.1,"Hermrigen (BE)","La réforme du service civil passe la rampe avec 51,9 pour cent de oui à Hermrigen. Hermrigen a approuvé la réforme, contrairement à son canton."
738,73.2,73.2,26.8,"Jens (BE)","La réforme du service civil passe la rampe avec 73,2 pour cent de oui à Jens. Jens a approuvé la réforme, contrairement à son canton."
739,35.9,35.9,64.1,"Ipsach (BE)","La réforme du service civil est refusée à 64,1 pour cent à Ipsach. Ipsach a rejeté la réforme, tout comme son canton."
740,36.7,36.7,63.3,"Gléresse (BE)","La réforme du service civil n'a pas convaincu à Gléresse. Les citoyens de la commune ont refusé le texte à 63,3 pour cent. Gléresse a rejeté la réforme, tout comme son canton."
741,86.3,86.3,13.7,"Merzligen (BE)","Les habitants de Merzligen soutiennent à 86,3 pour cent la réforme du service civil. Merzligen a approuvé la réforme, contrairement à son canton."
742,43.7,43.7,56.3,"Mörigen (BE)","La population de Mörigen rejette à 56,3 pour cent des voix la réforme du service civil. Mörigen a rejeté la réforme, tout comme son canton."
743,69.7,69.7,30.3,"Nidau (BE)","Les habitants de Nidau acceptent à 69,7 pour cent la réforme du service civil. Nidau a approuvé la réforme, contrairement à son canton."
744,24.1,24.1,75.9,"Orpund (BE)","La réforme du service civil est refusée à 75,9 pour cent à Orpund. Orpund a rejeté la réforme, tout comme son canton."
745,45.5,45.5,54.5,"Port (BE)","A Port, les citoyens rejettent à 54,5 pour cent la réforme du service civil. Port a rejeté la réforme, tout comme son canton."
746,73.2,73.2,26.8,"Safnern (BE)","La réforme du service civil est approuvée à Safnern par 73,2 pour cent des votants. Safnern a approuvé la réforme, contrairement à son canton."
747,98.6,98.6,1.4,"Scheuren (BE)","Scheuren dit oui à 98,6 pour cent à la réforme du service civil. Scheuren a approuvé la réforme, contrairement à son canton."
748,37.2,37.2,62.8,"Schwadernau (BE)","La réforme du service civil est refusée à 62,8 pour cent à Schwadernau. Schwadernau a rejeté la réforme, tout comme son canton."
749,50.8,50.8,49.2,"Studen (BE)","Les habitants de Studen (BE) soutiennent à 50,8 pour cent la réforme du service civil. Studen (BE) a approuvé la réforme, contrairement à son canton."
750,28.2,28.2,71.8,"Sutz-Lattrigen (BE)","La réforme du service civil n'a pas convaincu à Sutz-Lattrigen. Les citoyens de la commune ont refusé le texte à 71,8 pour cent. Sutz-Lattrigen a rejeté la réforme, tout comme son canton."
751,85.9,85.9,14.1,"Täuffelen (BE)","La réforme du service civil passe la rampe avec 85,9 pour cent de oui à Täuffelen. Täuffelen a approuvé la réforme, contrairement à son canton."
754,65.9,65.9,34.1,"Walperswil (BE)","La réforme du service civil est approuvée à Walperswil par 65,9 pour cent des votants. Walperswil a approuvé la réforme, contrairement à son canton."
755,26.5,26.5,73.5,"Worben (BE)","C'est non à la réforme du service civil à Worben. Les habitants ont refusé le texte à 73,5 pour cent. Worben a rejeté la réforme, tout comme son canton."
756,40.4,40.4,59.6,"Douanne-Daucher (BE)","Les habitants de Douanne-Daucher s'opposent à la réforme du service civil par 59,6 pour cent des voix. Douanne-Daucher a rejeté la réforme, tout comme son canton."
761,17.1,17.1,82.9,"Därstetten (BE)","La réforme du service civil n'a pas trouvé grâce aux yeux des citoyens de Därstetten. Ils ont refusé le texte à 82,9 pour cent. Därstetten a rejeté la réforme, tout comme son canton."
762,66.2,66.2,33.8,"Diemtigen (BE)","Les habitants de Diemtigen acceptent à 66,2 pour cent la réforme du service civil. Diemtigen a approuvé la réforme, contrairement à son canton."
763,94.8,94.8,5.2,"Erlenbach im Simmental (BE)","Les habitants d'Erlenbach im Simmental acceptent à 94,8 pour cent la réforme du service civil. Erlenbach im Simmental a approuvé la réforme, contrairement à son canton."
766,1.1,1.1,98.9,"Oberwil im Simmental (BE)","La réforme du service civil est refusée à 98,9 pour cent à Oberwil im Simmental. Le plus fort pourcentage de non du canton de Berne a été obtenu à Oberwil im Simmental."
767,32.9,32.9,67.1,"Reutigen (BE)","C'est non à la réforme du service civil à Reutigen. Les habitants ont refusé le texte à 67,1 pour cent. Reutigen a rejeté la réforme, tout comme son canton."
768,67.1,67.1,32.9,"Spiez (BE)","La réforme du service civil est approuvée à Spiez par 67,1 pour cent des votants. Spiez a approuvé la réforme, contrairement à son canton."
769,20.8,20.8,79.2,"Wimmis (BE)","A Wimmis, les citoyens rejettent à 79,2 pour cent la réforme du service civil. Wimmis a rejeté la réforme, tout comme son canton."
770,63.9,63.9,36.1,"Stocken-Höfen (BE)","La réforme du service civil passe la rampe avec 63,9 pour cent de oui à Stocken-Höfen. Stocken-Höfen a approuvé la réforme, contrairement à son canton."
782,71.4,71.4,28.6,"Guttannen (BE)","La population de Guttannen approuve à 71,4 pour cent la réforme du service civil. Guttannen a approuvé la réforme, contrairement à son canton."
783,17.6,17.6,82.4,"Hasliberg (BE)","La population de Hasliberg rejette à 82,4 pour cent des voix la réforme du service civil. Hasliberg a rejeté la réforme, tout comme son canton."
784,1.6,1.6,98.4,"Innertkirchen (BE)","Les habitants d'Innertkirchen s'opposent à la réforme du service civil par 98,4 pour cent des voix. Innertkirchen a rejeté la réforme, tout comme son canton."
785,60.3,60.3,39.7,"Meiringen (BE)","A Meiringen, les habitants disent oui à 60,3 pour cent à la réforme du service civil. Meiringen a approuvé la réforme, contrairement à son canton."
786,68.8,68.8,31.2,"Schattenhalb (BE)","La réforme du service civil est approuvée à Schattenhalb par 68,8 pour cent des votants. Schattenhalb a approuvé la réforme, contrairement à son canton."
791,53.3,53.3,46.7,"Boltigen (BE)","Boltigen dit oui à 53,3 pour cent à la réforme du service civil. Boltigen a approuvé la réforme, contrairement à son canton."
792,48.2,48.2,51.8,"Lenk (BE)","La réforme du service civil n'a pas convaincu à Lenk. Les citoyens de la commune ont refusé le texte à 51,8 pour cent. Lenk a rejeté la réforme, tout comme son canton."
793,93.2,93.2,6.8,"Saint-Etienne (BE)","Saint-Etienne dit oui à 93,2 pour cent à la réforme du service civil. Saint-Etienne a approuvé la réforme, contrairement à son canton."
794,53.3,53.3,46.7,"Zweisimmen (BE)","A Zweisimmen, les habitants disent oui à 53,3 pour cent à la réforme du service civil. Zweisimmen a approuvé la réforme, contrairement à son canton."
841,56.6,56.6,43.4,"Gsteig (BE)","Les habitants de Gsteig soutiennent à 56,6 pour cent la réforme du service civil. Gsteig a approuvé la réforme, contrairement à son canton."
842,65.2,65.2,34.8,"Lauenen (BE)","Les habitants de Lauenen acceptent à 65,2 pour cent la réforme du service civil. Lauenen a approuvé la réforme, contrairement à son canton."
843,8.9,8.9,91.1,"Gessenay (BE)","La réforme du service civil n'a pas trouvé grâce aux yeux des citoyens de Gessenay. Ils ont refusé le texte à 91,1 pour cent. Gessenay a rejeté la réforme, tout comme son canton."
852,37.6,37.6,62.4,"Guggisberg (BE)","Les habitants de Guggisberg s'opposent à la réforme du service civil par 62,4 pour cent des voix. Guggisberg a rejeté la réforme, tout comme son canton."
853,56.1,56.1,43.9,"Rüschegg (BE)","La population de Rüschegg approuve à 56,1 pour cent la réforme du service civil. Rüschegg a approuvé la réforme, contrairement à son canton."
855,34.1,34.1,65.9,"Schwarzenburg (BE)","Les habitants de Schwarzenburg s'opposent à la réforme du service civil par 65,9 pour cent des voix. Schwarzenburg a rejeté la réforme, tout comme son canton."
861,45.7,45.7,54.3,"Belp (BE)","La population de Belp rejette à 54,3 pour cent des voix la réforme du service civil. Belp a rejeté la réforme, tout comme son canton."
863,58.6,58.6,41.4,"Burgistein (BE)","Les habitants de Burgistein acceptent à 58,6 pour cent la réforme du service civil. Burgistein a approuvé la réforme, contrairement à son canton."
866,42.5,42.5,57.5,"Gerzensee (BE)","La réforme du service civil est refusée à 57,5 pour cent à Gerzensee. Gerzensee a rejeté la réforme, tout comme son canton."
867,46.6,46.6,53.4,"Gurzelen (BE)","La population de Gurzelen rejette à 53,4 pour cent des voix la réforme du service civil. Gurzelen a rejeté la réforme, tout comme son canton."
868,52.6,52.6,47.4,"Jaberg (BE)","La réforme du service civil passe la rampe avec 52,6 pour cent de oui à Jaberg. Jaberg a approuvé la réforme, contrairement à son canton."
869,56.9,56.9,43.1,"Kaufdorf (BE)","Les habitants de Kaufdorf acceptent à 56,9 pour cent la réforme du service civil. Kaufdorf a approuvé la réforme, contrairement à son canton."
870,7.4,7.4,92.6,"Kehrsatz (BE)","A Kehrsatz, les citoyens rejettent à 92,6 pour cent la réforme du service civil. Kehrsatz a rejeté la réforme, tout comme son canton."
872,58.7,58.7,41.3,"Kirchdorf (BE)","La réforme du service civil passe la rampe avec 58,7 pour cent de oui à Kirchdorf (BE). Kirchdorf (BE) a approuvé la réforme, contrairement à son canton."
879,39.9,39.9,60.1,"Riggisberg (BE)","Les habitants de Riggisberg s'opposent à la réforme du service civil par 60,1 pour cent des voix. Riggisberg a rejeté la réforme, tout comme son canton."
880,14.8,14.8,85.2,"Rüeggisberg (BE)","La réforme du service civil n'a pas convaincu à Rüeggisberg. Les citoyens de la commune ont refusé le texte à 85,2 pour cent. Rüeggisberg a rejeté la réforme, tout comme son canton."
883,44,44,56,"Seftigen (BE)","La réforme du service civil n'a pas trouvé grâce aux yeux des citoyens de Seftigen. Ils ont refusé le texte à 56 pour cent. Seftigen a rejeté la réforme, tout comme son canton."
884,19,19,81,"Toffen (BE)","La réforme du service civil n'a pas convaincu à Toffen. Les citoyens de la commune ont refusé le texte à 81 pour cent. Toffen a rejeté la réforme, tout comme son canton."
885,77.6,77.6,22.4,"Uttigen (BE)","La population d'Uttigen approuve à 77,6 pour cent la réforme du service civil. Uttigen a approuvé la réforme, contrairement à son canton."
886,64.9,64.9,35.1,"Wattenwil (BE)","Les habitants de Wattenwil acceptent à 64,9 pour cent la réforme du service civil. Wattenwil a approuvé la réforme, contrairement à son canton."
888,51.6,51.6,48.4,"Wald (BE)","La population de Wald (BE) approuve à 51,6 pour cent la réforme du service civil. Wald (BE) a approuvé la réforme, contrairement à son canton."
889,58.3,58.3,41.7,"Thurnen (BE)","Les habitants de Thurnen acceptent à 58,3 pour cent la réforme du service civil. Thurnen a approuvé la réforme, contrairement à son canton."
901,65.8,65.8,34.2,"Eggiwil (BE)","Eggiwil dit oui à 65,8 pour cent à la réforme du service civil. Eggiwil a approuvé la réforme, contrairement à son canton."
902,66.5,66.5,33.5,"Langnau im Emmental (BE)","La réforme du service civil passe la rampe avec 66,5 pour cent de oui à Langnau im Emmental. Langnau im Emmental a approuvé la réforme, contrairement à son canton."
903,49.3,49.3,50.7,"Lauperswil (BE)","La réforme du service civil n'a pas convaincu à Lauperswil. Les citoyens de la commune ont refusé le texte à 50,7 pour cent. Lauperswil a rejeté la réforme, tout comme son canton."
904,42,42,58,"Röthenbach im Emmental (BE)","La réforme du service civil est refusée à 58 pour cent à Röthenbach im Emmental. Röthenbach im Emmental a rejeté la réforme, tout comme son canton."
905,22.2,22.2,77.8,"Rüderswil (BE)","La réforme du service civil n'a pas trouvé grâce aux yeux des citoyens de Rüderswil. Ils ont refusé le texte à 77,8 pour cent. Rüderswil a rejeté la réforme, tout comme son canton."
906,7.2,7.2,92.8,"Schangnau (BE)","A Schangnau, les citoyens rejettent à 92,8 pour cent la réforme du service civil. Schangnau a rejeté la réforme, tout comme son canton."
907,69.4,69.4,30.6,"Signau (BE)","La réforme du service civil est approuvée à Signau par 69,4 pour cent des votants. Signau a approuvé la réforme, contrairement à son canton."
908,41.6,41.6,58.4,"Trub (BE)","Les habitants de Trub s'opposent à la réforme du service civil par 58,4 pour cent des voix. Trub a rejeté la réforme, tout comme son canton."
909,64.6,64.6,35.4,"Trubschachen (BE)","La réforme du service civil passe la rampe avec 64,6 pour cent de oui à Trubschachen. Trubschachen a approuvé la réforme, contrairement à son canton."
921,91.9,91.9,8.1,"Amsoldingen (BE)","La réforme du service civil est approuvée à Amsoldingen par 91,9 pour cent des votants. Amsoldingen a approuvé la réforme, contrairement à son canton."
922,85.5,85.5,14.5,"Blumenstein (BE)","La réforme du service civil est approuvée à Blumenstein par 85,5 pour cent des votants. Blumenstein a approuvé la réforme, contrairement à son canton."
923,57.3,57.3,42.7,"Buchholterberg (BE)","A Buchholterberg, les habitants disent oui à 57,3 pour cent à la réforme du service civil. Buchholterberg a approuvé la réforme, contrairement à son canton."
924,40.6,40.6,59.4,"Eriz (BE)","Les habitants d'Eriz s'opposent à la réforme du service civil par 59,4 pour cent des voix. Eriz a rejeté la réforme, tout comme son canton."
925,65.9,65.9,34.1,"Fahrni (BE)","Fahrni dit oui à 65,9 pour cent à la réforme du service civil. Fahrni a approuvé la réforme, contrairement à son canton."
927,87.1,87.1,12.9,"Heiligenschwendi (BE)","Les habitants de Heiligenschwendi soutiennent à 87,1 pour cent la réforme du service civil. Heiligenschwendi a approuvé la réforme, contrairement à son canton."
928,33.5,33.5,66.5,"Heimberg (BE)","A Heimberg, les citoyens rejettent à 66,5 pour cent la réforme du service civil. Heimberg a rejeté la réforme, tout comme son canton."
929,43.8,43.8,56.2,"Hilterfingen (BE)","La réforme du service civil n'a pas trouvé grâce aux yeux des citoyens de Hilterfingen. Ils ont refusé le texte à 56,2 pour cent. Hilterfingen a rejeté la réforme, tout comme son canton."
931,90.9,90.9,9.1,"Homberg (BE)","Homberg dit oui à 90,9 pour cent à la réforme du service civil. Homberg a approuvé la réforme, contrairement à son canton."
932,48.3,48.3,51.7,"Horrenbach-Buchen (BE)","La réforme du service civil n'a pas trouvé grâce aux yeux des citoyens de Horrenbach-Buchen. Ils ont refusé le texte à 51,7 pour cent. Horrenbach-Buchen a rejeté la réforme, tout comme son canton."
934,63.4,63.4,36.6,"Oberhofen am Thunersee (BE)","La population d'Oberhofen am Thunersee approuve à 63,4 pour cent la réforme du service civil. Oberhofen am Thunersee a approuvé la réforme, contrairement à son canton."
935,90.5,90.5,9.5,"Oberlangenegg (BE)","Les habitants d'Oberlangenegg soutiennent à 90,5 pour cent la réforme du service civil. Oberlangenegg a approuvé la réforme, contrairement à son canton."
936,4.7,4.7,95.3,"Pohlern (BE)","La population de Pohlern rejette à 95,3 pour cent des voix la réforme du service civil. Pohlern a rejeté la réforme, tout comme son canton."
938,38.1,38.1,61.9,"Sigriswil (BE)","La réforme du service civil n'a pas convaincu à Sigriswil. Les citoyens de la commune ont refusé le texte à 61,9 pour cent. Sigriswil a rejeté la réforme, tout comme son canton."
939,96.1,96.1,3.9,"Steffisburg (BE)","Steffisburg dit oui à 96,1 pour cent à la réforme du service civil. Steffisburg a approuvé la réforme, contrairement à son canton."
940,53,53,47,"Teuffenthal (BE)","La réforme du service civil est approuvée à Teuffenthal (BE) par 53 pour cent des votants. Teuffenthal (BE) a approuvé la réforme, contrairement à son canton."
941,98,98,2,"Thierachern (BE)","Les habitants de Thierachern acceptent à 98 pour cent la réforme du service civil. Thierachern a approuvé la réforme, contrairement à son canton."
942,62.9,62.9,37.1,"Thoune (BE)","Les habitants de Thoune soutiennent à 62,9 pour cent la réforme du service civil. Thoune a approuvé la réforme, contrairement à son canton."
943,58.5,58.5,41.5,"Uebeschi (BE)","A Uebeschi, les habitants disent oui à 58,5 pour cent à la réforme du service civil. Uebeschi a approuvé la réforme, contrairement à son canton."
944,44.2,44.2,55.8,"Uetendorf (BE)","La réforme du service civil n'a pas trouvé grâce aux yeux des citoyens d'Uetendorf. Ils ont refusé le texte à 55,8 pour cent. Uetendorf a rejeté la réforme, tout comme son canton."
945,52.9,52.9,47.1,"Unterlangenegg (BE)","Unterlangenegg dit oui à 52,9 pour cent à la réforme du service civil. Unterlangenegg a approuvé la réforme, contrairement à son canton."
946,56,56,44,"Wachseldorn (BE)","Les habitants de Wachseldorn soutiennent à 56 pour cent la réforme du service civil. Wachseldorn a approuvé la réforme, contrairement à son canton."
948,53.9,53.9,46.1,"Forst-Längenbühl (BE)","La population de Forst-Längenbühl approuve à 53,9 pour cent la réforme du service civil. Forst-Längenbühl a approuvé la réforme, contrairement à son canton."
951,57,57,43,"Affoltern im Emmental (BE)","Les habitants d'Affoltern im Emmental acceptent à 57 pour cent la réforme du service civil. Affoltern im Emmental a approuvé la réforme, contrairement à son canton."
952,99.2,99.2,0.8,"Dürrenroth (BE)","La réforme du service civil est approuvée à Dürrenroth par 99,2 pour cent des votants. Dürrenroth a approuvé la réforme, contrairement à son canton."
953,93.4,93.4,6.6,"Eriswil (BE)","La population d'Eriswil approuve à 93,4 pour cent la réforme du service civil. Eriswil a approuvé la réforme, contrairement à son canton."
954,56.4,56.4,43.6,"Huttwil (BE)","A Huttwil, les habitants disent oui à 56,4 pour cent à la réforme du service civil. Huttwil a approuvé la réforme, contrairement à son canton."
955,52.7,52.7,47.3,"Lützelflüh (BE)","Les habitants de Lützelflüh acceptent à 52,7 pour cent la réforme du service civil. Lützelflüh a approuvé la réforme, contrairement à son canton."
956,85.9,85.9,14.1,"Rüegsau (BE)","La réforme du service civil passe la rampe avec 85,9 pour cent de oui à Rüegsau. Rüegsau a approuvé la réforme, contrairement à son canton."
957,61.4,61.4,38.6,"Sumiswald (BE)","Les habitants de Sumiswald soutiennent à 61,4 pour cent la réforme du service civil. Sumiswald a approuvé la réforme, contrairement à son canton."
958,54.7,54.7,45.3,"Trachselwald (BE)","La réforme du service civil passe la rampe avec 54,7 pour cent de oui à Trachselwald. Trachselwald a approuvé la réforme, contrairement à son canton."
959,35.2,35.2,64.8,"Walterswil (BE)","La réforme du service civil n'a pas trouvé grâce aux yeux des citoyens de Walterswil (BE). Ils ont refusé le texte à 64,8 pour cent. Walterswil (BE) a rejeté la réforme, tout comme son canton."
960,11.4,11.4,88.6,"Wyssachen (BE)","A Wyssachen, les citoyens rejettent à 88,6 pour cent la réforme du service civil. Wyssachen a rejeté la réforme, tout comme son canton."
971,29.9,29.9,70.1,"Attiswil (BE)","La réforme du service civil n'a pas trouvé grâce aux yeux des citoyens d'Attiswil. Ils ont refusé le texte à 70,1 pour cent. Attiswil a rejeté la réforme, tout comme son canton."
972,37.6,37.6,62.4,"Berken (BE)","Les habitants de Berken s'opposent à la réforme du service civil par 62,4 pour cent des voix. Berken a rejeté la réforme, tout comme son canton."
973,16.7,16.7,83.3,"Bettenhausen (BE)","A Bettenhausen, les citoyens rejettent à 83,3 pour cent la réforme du service civil. Bettenhausen a rejeté la réforme, tout comme son canton."
975,14.2,14.2,85.8,"Farnern (BE)","La réforme du service civil n'a pas trouvé grâce aux yeux des citoyens de Farnern. Ils ont refusé le texte à 85,8 pour cent. Farnern a rejeté la réforme, tout comme son canton."
976,10,10,90,"Graben (BE)","La réforme du service civil n'a pas convaincu à Graben. Les citoyens de la commune ont refusé le texte à 90 pour cent. Graben a rejeté la réforme, tout comme son canton."
977,37,37,63,"Heimenhausen (BE)","La réforme du service civil n'a pas trouvé grâce aux yeux des citoyens de Heimenhausen. Ils ont refusé le texte à 63 pour cent. Heimenhausen a rejeté la réforme, tout comme son canton."
979,85,85,15,"Herzogenbuchsee (BE)","La réforme du service civil passe la rampe avec 85 pour cent de oui à Herzogenbuchsee. Herzogenbuchsee a approuvé la réforme, contrairement à son canton."
980,83,83,17,"Inkwil (BE)","La population d'Inkwil approuve à 83 pour cent la réforme du service civil. Inkwil a approuvé la réforme, contrairement à son canton."
981,99.4,99.4,0.6,"Niederbipp (BE)","La réforme du service civil est approuvée à Niederbipp par 99,4 pour cent des votants. Niederbipp a approuvé la réforme, contrairement à son canton."
982,54.9,54.9,45.1,"Niederönz (BE)","Niederönz dit oui à 54,9 pour cent à la réforme du service civil. Niederönz a approuvé la réforme, contrairement à son canton."
983,70.9,70.9,29.1,"Oberbipp (BE)","La population d'Oberbipp approuve à 70,9 pour cent la réforme du service civil. Oberbipp a approuvé la réforme, contrairement à son canton."
985,60.4,60.4,39.6,"Ochlenberg (BE)","La population d'Ochlenberg approuve à 60,4 pour cent la réforme du service civil. Ochlenberg a approuvé la réforme, contrairement à son canton."
987,22,22,78,"Rumisberg (BE)","C'est non à la réforme du service civil à Rumisberg. Les habitants ont refusé le texte à 78 pour cent. Rumisberg a rejeté la réforme, tout comme son canton."
988,71.5,71.5,28.5,"Seeberg (BE)","La réforme du service civil est approuvée à Seeberg par 71,5 pour cent des votants. Seeberg a approuvé la réforme, contrairement à son canton."
989,4.6,4.6,95.4,"Thörigen (BE)","La réforme du service civil n'a pas trouvé grâce aux yeux des citoyens de Thörigen. Ils ont refusé le texte à 95,4 pour cent. Thörigen a rejeté la réforme, tout comme son canton."
990,57,57,43,"Walliswil bei Niederbipp (BE)","Les habitants de Walliswil bei Niederbipp acceptent à 57 pour cent la réforme du service civil. Walliswil bei Niederbipp a approuvé la réforme, contrairement à son canton."
991,11.1,11.1,88.9,"Walliswil bei Wangen (BE)","C'est non à la réforme du service civil à Walliswil bei Wangen. Les habitants ont refusé le texte à 88,9 pour cent. Walliswil bei Wangen a rejeté la réforme, tout comme son canton."
992,21.6,21.6,78.4,"Wangen an der Aare (BE)","C'est non à la réforme du service civil à Wangen an der Aare. Les habitants ont refusé le texte à 78,4 pour cent. Wangen an der Aare a rejeté la réforme, tout comme son canton."
995,87.6,87.6,12.4,"Wiedlisbach (BE)","Les habitants de Wiedlisbach soutiennent à 87,6 pour cent la réforme du service civil. Wiedlisbach a approuvé la réforme, contrairement à son canton."
1001,38.6,38.6,61.4,"Doppleschwand (LU)","C'est non à la réforme du service civil à Doppleschwand. Les habitants ont refusé le texte à 61,4 pour cent. Doppleschwand a rejeté la réforme, contrairement à son canton."
1002,56.4,56.4,43.6,"Entlebuch (LU)","La réforme du service civil est approuvée à Entlebuch par 56,4 pour cent des votants. Entlebuch a approuvé la réforme, tout comme son canton."
1004,37.1,37.1,62.9,"Flühli (LU)","A Flühli, les citoyens rejettent à 62,9 pour cent la réforme du service civil. Flühli a rejeté la réforme, contrairement à son canton."
1005,62.2,62.2,37.8,"Hasle (LU)","Hasle (LU) dit oui à 62,2 pour cent à la réforme du service civil. Hasle (LU) a approuvé la réforme, tout comme son canton."
1007,91.9,91.9,8.1,"Romoos (LU)","A Romoos, les habitants disent oui à 91,9 pour cent à la réforme du service civil. Romoos a approuvé la réforme, tout comme son canton."
1008,54.9,54.9,45.1,"Schüpfheim (LU)","La réforme du service civil passe la rampe avec 54,9 pour cent de oui à Schüpfheim. Schüpfheim a approuvé la réforme, tout comme son canton."
1009,71.2,71.2,28.8,"Werthenstein (LU)","La réforme du service civil est approuvée à Werthenstein par 71,2 pour cent des votants. Werthenstein a approuvé la réforme, tout comme son canton."
1010,25.9,25.9,74.1,"Escholzmatt-Marbach (LU)","La réforme du service civil n'a pas trouvé grâce aux yeux des citoyens d'Escholzmatt-Marbach. Ils ont refusé le texte à 74,1 pour cent. Escholzmatt-Marbach a rejeté la réforme, contrairement à son canton."
1021,37.5,37.5,62.5,"Aesch (LU)","La réforme du service civil n'a pas trouvé grâce aux yeux des citoyens d'Aesch (LU). Ils ont refusé le texte à 62,5 pour cent. Aesch (LU) a rejeté la réforme, contrairement à son canton."
1023,51,51,49,"Ballwil (LU)","La réforme du service civil passe la rampe avec 51 pour cent de oui à Ballwil. Ballwil a approuvé la réforme, tout comme son canton."
1024,60.1,60.1,39.9,"Emmen (LU)","Les habitants d'Emmen acceptent à 60,1 pour cent la réforme du service civil. Emmen a approuvé la réforme, tout comme son canton."
1025,32.6,32.6,67.4,"Ermensee (LU)","La population d'Ermensee rejette à 67,4 pour cent des voix la réforme du service civil. Ermensee a rejeté la réforme, contrairement à son canton."
1026,73.2,73.2,26.8,"Eschenbach (LU)","A Eschenbach (LU), les habitants disent oui à 73,2 pour cent à la réforme du service civil. Eschenbach (LU) a approuvé la réforme, tout comme son canton."
1030,42.6,42.6,57.4,"Hitzkirch (LU)","Les habitants de Hitzkirch s'opposent à la réforme du service civil par 57,4 pour cent des voix. Hitzkirch a rejeté la réforme, contrairement à son canton."
1031,77.6,77.6,22.4,"Hochdorf (LU)","La réforme du service civil est approuvée à Hochdorf par 77,6 pour cent des votants. Hochdorf a approuvé la réforme, tout comme son canton."
1032,34.4,34.4,65.6,"Hohenrain (LU)","La réforme du service civil n'a pas trouvé grâce aux yeux des citoyens de Hohenrain. Ils ont refusé le texte à 65,6 pour cent. Hohenrain a rejeté la réforme, contrairement à son canton."
1033,38.9,38.9,61.1,"Inwil (LU)","La réforme du service civil est refusée à 61,1 pour cent à Inwil. Inwil a rejeté la réforme, contrairement à son canton."
1037,28.2,28.2,71.8,"Rain (LU)","La réforme du service civil est refusée à 71,8 pour cent à Rain. Rain a rejeté la réforme, contrairement à son canton."
1039,89,89,11,"Römerswil (LU)","La réforme du service civil est approuvée à Römerswil par 89 pour cent des votants. Römerswil a approuvé la réforme, tout comme son canton."
1040,40,40,60,"Rothenburg (LU)","C'est non à la réforme du service civil à Rothenburg. Les habitants ont refusé le texte à 60 pour cent. Rothenburg a rejeté la réforme, contrairement à son canton."
1041,51,51,49,"Schongau (LU)","Schongau dit oui à 51 pour cent à la réforme du service civil. Schongau a approuvé la réforme, tout comme son canton."
1051,56.8,56.8,43.2,"Adligenswil (LU)","Les habitants d'Adligenswil acceptent à 56,8 pour cent la réforme du service civil. Adligenswil a approuvé la réforme, tout comme son canton."
1052,68.8,68.8,31.2,"Buchrain (LU)","La réforme du service civil passe la rampe avec 68,8 pour cent de oui à Buchrain. Buchrain a approuvé la réforme, tout comme son canton."
1053,51.4,51.4,48.6,"Dierikon (LU)","La réforme du service civil est approuvée à Dierikon par 51,4 pour cent des votants. Dierikon a approuvé la réforme, tout comme son canton."
1054,35,35,65,"Ebikon (LU)","La réforme du service civil n'a pas trouvé grâce aux yeux des citoyens d'Ebikon. Ils ont refusé le texte à 65 pour cent. Ebikon a rejeté la réforme, contrairement à son canton."
1055,38.5,38.5,61.5,"Gisikon (LU)","C'est non à la réforme du service civil à Gisikon. Les habitants ont refusé le texte à 61,5 pour cent. Gisikon a rejeté la réforme, contrairement à son canton."
1056,52,52,48,"Greppen (LU)","Les habitants de Greppen acceptent à 52 pour cent la réforme du service civil. Greppen a approuvé la réforme, tout comme son canton."
1058,99.6,99.6,0.4,"Horw (LU)","Les habitants de Horw acceptent à 99,6 pour cent la réforme du service civil. Le plus fort pourcentage de oui du canton de Lucerne a été obtenu à Horw."
1059,30.9,30.9,69.1,"Kriens (LU)","C'est non à la réforme du service civil à Kriens. Les habitants ont refusé le texte à 69,1 pour cent. Kriens a rejeté la réforme, contrairement à son canton."
1061,56.7,56.7,43.3,"Lucerne (LU)","A Lucerne, les habitants disent oui à 56,7 pour cent à la réforme du service civil. Lucerne a approuvé la réforme, tout comme son canton."
1062,68.3,68.3,31.7,"Malters (LU)","Malters dit oui à 68,3 pour cent à la réforme du service civil. Malters a approuvé la réforme, tout comme son canton."
1063,52.4,52.4,47.6,"Meggen (LU)","Meggen dit oui à 52,4 pour cent à la réforme du service civil. Meggen a approuvé la réforme, tout comme son canton."
1064,74.5,74.5,25.5,"Meierskappel (LU)","Les habitants de Meierskappel acceptent à 74,5 pour cent la réforme du service civil. Meierskappel a approuvé la réforme, tout comme son canton."
1065,55,55,45,"Root (LU)","Root dit oui à 55 pour cent à la réforme du service civil. Root a approuvé la réforme, tout comme son canton."
1066,32.4,32.4,67.6,"Schwarzenberg (LU)","Les habitants de Schwarzenberg s'opposent à la réforme du service civil par 67,6 pour cent des voix. Schwarzenberg a rejeté la réforme, contrairement à son canton."
1067,33.1,33.1,66.9,"Udligenswil (LU)","Les habitants d'Udligenswil s'opposent à la réforme du service civil par 66,9 pour cent des voix. Udligenswil a rejeté la réforme, contrairement à son canton."
1068,53.8,53.8,46.2,"Vitznau (LU)","La population de Vitznau approuve à 53,8 pour cent la réforme du service civil. Vitznau a approuvé la réforme, tout comme son canton."
1069,53.3,53.3,46.7,"Weggis (LU)","Les habitants de Weggis soutiennent à 53,3 pour cent la réforme du service civil. Weggis a approuvé la réforme, tout comme son canton."
1081,92.2,92.2,7.8,"Beromünster (LU)","Beromünster dit oui à 92,2 pour cent à la réforme du service civil. Beromünster a approuvé la réforme, tout comme son canton."
1082,27,27,73,"Büron (LU)","La réforme du service civil n'a pas convaincu à Büron. Les citoyens de la commune ont refusé le texte à 73 pour cent. Büron a rejeté la réforme, contrairement à son canton."
1083,45.9,45.9,54.1,"Buttisholz (LU)","La réforme du service civil est refusée à 54,1 pour cent à Buttisholz. Buttisholz a rejeté la réforme, contrairement à son canton."
1084,52.3,52.3,47.7,"Eich (LU)","La population d'Eich approuve à 52,3 pour cent la réforme du service civil. Eich a approuvé la réforme, tout comme son canton."
1085,67.2,67.2,32.8,"Geuensee (LU)","Les habitants de Geuensee acceptent à 67,2 pour cent la réforme du service civil. Geuensee a approuvé la réforme, tout comme son canton."
1086,40.4,40.4,59.6,"Grosswangen (LU)","C'est non à la réforme du service civil à Grosswangen. Les habitants ont refusé le texte à 59,6 pour cent. Grosswangen a rejeté la réforme, contrairement à son canton."
1088,26.4,26.4,73.6,"Hildisrieden (LU)","La réforme du service civil n'a pas convaincu à Hildisrieden. Les citoyens de la commune ont refusé le texte à 73,6 pour cent. Hildisrieden a rejeté la réforme, contrairement à son canton."
1089,95.6,95.6,4.4,"Knutwil (LU)","La réforme du service civil passe la rampe avec 95,6 pour cent de oui à Knutwil. Knutwil a approuvé la réforme, tout comme son canton."
1091,48.4,48.4,51.6,"Mauensee (LU)","La population de Mauensee rejette à 51,6 pour cent des voix la réforme du service civil. Mauensee a rejeté la réforme, contrairement à son canton."
1093,94.8,94.8,5.2,"Neuenkirch (LU)","Neuenkirch dit oui à 94,8 pour cent à la réforme du service civil. Neuenkirch a approuvé la réforme, tout comme son canton."
1094,59.1,59.1,40.9,"Nottwil (LU)","Les habitants de Nottwil soutiennent à 59,1 pour cent la réforme du service civil. Nottwil a approuvé la réforme, tout comme son canton."
1095,61,61,39,"Oberkirch (LU)","La réforme du service civil passe la rampe avec 61 pour cent de oui à Oberkirch. Oberkirch a approuvé la réforme, tout comme son canton."
1097,76.5,76.5,23.5,"Rickenbach (LU)","Les habitants de Rickenbach (LU) soutiennent à 76,5 pour cent la réforme du service civil. Rickenbach (LU) a approuvé la réforme, tout comme son canton."
1098,18.7,18.7,81.3,"Ruswil (LU)","La réforme du service civil n'a pas trouvé grâce aux yeux des citoyens de Ruswil. Ils ont refusé le texte à 81,3 pour cent. Ruswil a rejeté la réforme, contrairement à son canton."
1099,74.8,74.8,25.2,"Schenkon (LU)","La réforme du service civil passe la rampe avec 74,8 pour cent de oui à Schenkon. Schenkon a approuvé la réforme, tout comme son canton."
1100,17.5,17.5,82.5,"Schlierbach (LU)","La population de Schlierbach rejette à 82,5 pour cent des voix la réforme du service civil. Le plus fort pourcentage de non du canton de Lucerne a été obtenu à Schlierbach."
1102,47.1,47.1,52.9,"Sempach (LU)","Les habitants de Sempach s'opposent à la réforme du service civil par 52,9 pour cent des voix. Sempach a rejeté la réforme, contrairement à son canton."
1103,99.2,99.2,0.8,"Sursee (LU)","Sursee dit oui à 99,2 pour cent à la réforme du service civil. Sursee a approuvé la réforme, tout comme son canton."
1104,62.8,62.8,37.2,"Triengen (LU)","Les habitants de Triengen soutiennent à 62,8 pour cent la réforme du service civil. Triengen a approuvé la réforme, tout comme son canton."
1107,33.3,33.3,66.7,"Wolhusen (LU)","La réforme du service civil n'a pas trouvé grâce aux yeux des citoyens de Wolhusen. Ils ont refusé le texte à 66,7 pour cent. Wolhusen a rejeté la réforme, contrairement à son canton."
1121,48.6,48.6,51.4,"Alberswil (LU)","La réforme du service civil est refusée à 51,4 pour cent à Alberswil. Alberswil a rejeté la réforme, contrairement à son canton."
1122,52.9,52.9,47.1,"Altbüron (LU)","Altbüron dit oui à 52,9 pour cent à la réforme du service civil. Altbüron a approuvé la réforme, tout comme son canton."
1123,27,27,73,"Altishofen (LU)","La réforme du service civil n'a pas trouvé grâce aux yeux des citoyens d'Altishofen. Ils ont refusé le texte à 73 pour cent. Altishofen a rejeté la réforme, contrairement à son canton."
1125,43.1,43.1,56.9,"Dagmersellen (LU)","C'est non à la réforme du service civil à Dagmersellen. Les habitants ont refusé le texte à 56,9 pour cent. Dagmersellen a rejeté la réforme, contrairement à son canton."
1127,80.6,80.6,19.4,"Egolzwil (LU)","Egolzwil dit oui à 80,6 pour cent à la réforme du service civil. Egolzwil a approuvé la réforme, tout comme son canton."
1128,47.6,47.6,52.4,"Ettiswil (LU)","La réforme du service civil n'a pas convaincu à Ettiswil. Les citoyens de la commune ont refusé le texte à 52,4 pour cent. Ettiswil a rejeté la réforme, contrairement à son canton."
1129,51.5,51.5,48.5,"Fischbach (LU)","La réforme du service civil passe la rampe avec 51,5 pour cent de oui à Fischbach. Fischbach a approuvé la réforme, tout comme son canton."
1131,33.6,33.6,66.4,"Grossdietwil (LU)","Les habitants de Grossdietwil s'opposent à la réforme du service civil par 66,4 pour cent des voix. Grossdietwil a rejeté la réforme, contrairement à son canton."
1132,19.9,19.9,80.1,"Hergiswil bei Willisau (LU)","La réforme du service civil n'a pas convaincu à Hergiswil bei Willisau. Les citoyens de la commune ont refusé le texte à 80,1 pour cent. Hergiswil bei Willisau a rejeté la réforme, contrairement à son canton."
1135,34.5,34.5,65.5,"Luthern (LU)","La réforme du service civil n'a pas convaincu à Luthern. Les citoyens de la commune ont refusé le texte à 65,5 pour cent. Luthern a rejeté la réforme, contrairement à son canton."
1136,54.5,54.5,45.5,"Menznau (LU)","Les habitants de Menznau acceptent à 54,5 pour cent la réforme du service civil. Menznau a approuvé la réforme, tout comme son canton."
1137,39.4,39.4,60.6,"Nebikon (LU)","La réforme du service civil est refusée à 60,6 pour cent à Nebikon. Nebikon a rejeté la réforme, contrairement à son canton."
1139,62.3,62.3,37.7,"Pfaffnau (LU)","La population de Pfaffnau approuve à 62,3 pour cent la réforme du service civil. Pfaffnau a approuvé la réforme, tout comme son canton."
1140,59.2,59.2,40.8,"Reiden (LU)","A Reiden, les habitants disent oui à 59,2 pour cent à la réforme du service civil. Reiden a approuvé la réforme, tout comme son canton."
1142,52.4,52.4,47.6,"Roggliswil (LU)","A Roggliswil, les habitants disent oui à 52,4 pour cent à la réforme du service civil. Roggliswil a approuvé la réforme, tout comme son canton."
1143,67.4,67.4,32.6,"Schötz (LU)","La réforme du service civil est approuvée à Schötz par 67,4 pour cent des votants. Schötz a approuvé la réforme, tout comme son canton."
1145,84.6,84.6,15.4,"Ufhusen (LU)","La réforme du service civil est approuvée à Ufhusen par 84,6 pour cent des votants. Ufhusen a approuvé la réforme, tout comme son canton."
1146,33.6,33.6,66.4,"Wauwil (LU)","C'est non à la réforme du service civil à Wauwil. Les habitants ont refusé le texte à 66,4 pour cent. Wauwil a rejeté la réforme, contrairement à son canton."
1147,52.9,52.9,47.1,"Wikon (LU)","Les habitants de Wikon soutiennent à 52,9 pour cent la réforme du service civil. Wikon a approuvé la réforme, tout comme son canton."
1150,71.5,71.5,28.5,"Zell (LU)","La réforme du service civil passe la rampe avec 71,5 pour cent de oui à Zell (LU). Zell (LU) a approuvé la réforme, tout comme son canton."
1151,29,29,71,"Willisau (LU)","La réforme du service civil n'a pas convaincu à Willisau. Les citoyens de la commune ont refusé le texte à 71 pour cent. Willisau a rejeté la réforme, contrairement à son canton."
1201,59.7,59.7,40.3,"Altdorf (UR)","Les habitants d'Altdorf (UR) soutiennent à 59,7 pour cent la réforme du service civil. Altdorf (UR) a approuvé la réforme, contrairement à son canton."
1202,8.9,8.9,91.1,"Andermatt (UR)","La population d'Andermatt rejette à 91,1 pour cent des voix la réforme du service civil. Le plus fort pourcentage de non du canton d'Uri a été obtenu à Andermatt."
1203,71.7,71.7,28.3,"Attinghausen (UR)","A Attinghausen, les habitants disent oui à 71,7 pour cent à la réforme du service civil. Attinghausen a approuvé la réforme, contrairement à son canton."
1205,24.2,24.2,75.8,"Bürglen (UR)","A Bürglen (UR), les citoyens rejettent à 75,8 pour cent la réforme du service civil. Bürglen (UR) a rejeté la réforme, tout comme son canton."
1206,97.6,97.6,2.4,"Erstfeld (UR)","La population d'Erstfeld approuve à 97,6 pour cent la réforme du service civil. Le plus fort pourcentage de oui du canton d'Uri a été obtenu à Erstfeld."
1207,10.3,10.3,89.7,"Flüelen (UR)","A Flüelen, les citoyens rejettent à 89,7 pour cent la réforme du service civil. Flüelen a rejeté la réforme, tout comme son canton."
1208,57.2,57.2,42.8,"Göschenen (UR)","Les habitants de Göschenen soutiennent à 57,2 pour cent la réforme du service civil. Göschenen a approuvé la réforme, contrairement à son canton."
1209,18.5,18.5,81.5,"Gurtnellen (UR)","La réforme du service civil n'a pas trouvé grâce aux yeux des citoyens de Gurtnellen. Ils ont refusé le texte à 81,5 pour cent. Gurtnellen a rejeté la réforme, tout comme son canton."
1210,33.8,33.8,66.2,"Hospental (UR)","La réforme du service civil n'a pas trouvé grâce aux yeux des citoyens de Hospental. Ils ont refusé le texte à 66,2 pour cent. Hospental a rejeté la réforme, tout comme son canton."
1211,41.3,41.3,58.7,"Isenthal (UR)","C'est non à la réforme du service civil à Isenthal. Les habitants ont refusé le texte à 58,7 pour cent. Isenthal a rejeté la réforme, tout comme son canton."
1212,80.4,80.4,19.6,"Realp (UR)","Realp dit oui à 80,4 pour cent à la réforme du service civil. Realp a approuvé la réforme, contrairement à son canton."
1213,18.1,18.1,81.9,"Schattdorf (UR)","Les habitants de Schattdorf s'opposent à la réforme du service civil par 81,9 pour cent des voix. Schattdorf a rejeté la réforme, tout comme son canton."
1214,69.1,69.1,30.9,"Seedorf (UR)","Seedorf (UR) dit oui à 69,1 pour cent à la réforme du service civil. Seedorf (UR) a approuvé la réforme, contrairement à son canton."
1215,80.4,80.4,19.6,"Seelisberg (UR)","A Seelisberg, les habitants disent oui à 80,4 pour cent à la réforme du service civil. Seelisberg a approuvé la réforme, contrairement à son canton."
1216,57.6,57.6,42.4,"Silenen (UR)","Les habitants de Silenen soutiennent à 57,6 pour cent la réforme du service civil. Silenen a approuvé la réforme, contrairement à son canton."
1217,65.2,65.2,34.8,"Sisikon (UR)","Les habitants de Sisikon soutiennent à 65,2 pour cent la réforme du service civil. Sisikon a approuvé la réforme, contrairement à son canton."
1218,24.6,24.6,75.4,"Spiringen (UR)","La réforme du service civil est refusée à 75,4 pour cent à Spiringen. Spiringen a rejeté la réforme, tout comme son canton."
1219,68.3,68.3,31.7,"Unterschächen (UR)","La population d'Unterschächen approuve à 68,3 pour cent la réforme du service civil. Unterschächen a approuvé la réforme, contrairement à son canton."
1220,10.6,10.6,89.4,"Wassen (UR)","A Wassen, les citoyens rejettent à 89,4 pour cent la réforme du service civil. Wassen a rejeté la réforme, tout comme son canton."
1301,87.9,87.9,12.1,"Einsiedeln (SZ)","Les habitants d'Einsiedeln soutiennent à 87,9 pour cent la réforme du service civil. Einsiedeln a approuvé la réforme, contrairement à son canton."
1311,86.4,86.4,13.6,"Gersau (SZ)","Les habitants de Gersau soutiennent à 86,4 pour cent la réforme du service civil. Gersau a approuvé la réforme, contrairement à son canton."
1321,63.7,63.7,36.3,"Feusisberg (SZ)","A Feusisberg, les habitants disent oui à 63,7 pour cent à la réforme du service civil. Feusisberg a approuvé la réforme, contrairement à son canton."
1322,16.4,16.4,83.6,"Freienbach (SZ)","Les habitants de Freienbach s'opposent à la réforme du service civil par 83,6 pour cent des voix. Freienbach a rejeté la réforme, tout comme son canton."
1323,44.3,44.3,55.7,"Wollerau (SZ)","La réforme du service civil n'a pas convaincu à Wollerau. Les citoyens de la commune ont refusé le texte à 55,7 pour cent. Wollerau a rejeté la réforme, tout comme son canton."
1331,82.7,82.7,17.3,"Küssnacht (SZ)","A Küssnacht (SZ), les habitants disent oui à 82,7 pour cent à la réforme du service civil. Küssnacht (SZ) a approuvé la réforme, contrairement à son canton."
1341,3.7,3.7,96.3,"Altendorf (SZ)","La réforme du service civil est refusée à 96,3 pour cent à Altendorf. Altendorf a rejeté la réforme, tout comme son canton."
1342,34.8,34.8,65.2,"Galgenen (SZ)","Les habitants de Galgenen s'opposent à la réforme du service civil par 65,2 pour cent des voix. Galgenen a rejeté la réforme, tout comme son canton."
1343,52.8,52.8,47.2,"Innerthal (SZ)","A Innerthal, les habitants disent oui à 52,8 pour cent à la réforme du service civil. Innerthal a approuvé la réforme, contrairement à son canton."
1344,80,80,20,"Lachen (SZ)","Lachen dit oui à 80 pour cent à la réforme du service civil. Lachen a approuvé la réforme, contrairement à son canton."
1345,27.9,27.9,72.1,"Reichenburg (SZ)","La population de Reichenburg rejette à 72,1 pour cent des voix la réforme du service civil. Reichenburg a rejeté la réforme, tout comme son canton."
1346,66.4,66.4,33.6,"Schübelbach (SZ)","Les habitants de Schübelbach acceptent à 66,4 pour cent la réforme du service civil. Schübelbach a approuvé la réforme, contrairement à son canton."
1347,97.6,97.6,2.4,"Tuggen (SZ)","Les habitants de Tuggen acceptent à 97,6 pour cent la réforme du service civil. Tuggen a approuvé la réforme, contrairement à son canton."
1348,52.4,52.4,47.6,"Vorderthal (SZ)","Les habitants de Vorderthal soutiennent à 52,4 pour cent la réforme du service civil. Vorderthal a approuvé la réforme, contrairement à son canton."
1349,1.5,1.5,98.5,"Wangen (SZ)","La population de Wangen (SZ) rejette à 98,5 pour cent des voix la réforme du service civil. Wangen (SZ) a rejeté la réforme, tout comme son canton."
1361,71.8,71.8,28.2,"Alpthal (SZ)","La population d'Alpthal approuve à 71,8 pour cent la réforme du service civil. Alpthal a approuvé la réforme, contrairement à son canton."
1362,99.3,99.3,0.7,"Arth (SZ)","La réforme du service civil passe la rampe avec 99,3 pour cent de oui à Arth. Le plus fort pourcentage de oui du canton de Schwyz a été obtenu à Arth."
1363,51.2,51.2,48.8,"Illgau (SZ)","La population d'Illgau approuve à 51,2 pour cent la réforme du service civil. Illgau a approuvé la réforme, contrairement à son canton."
1364,94.3,94.3,5.7,"Ingenbohl (SZ)","La réforme du service civil est approuvée à Ingenbohl par 94,3 pour cent des votants. Ingenbohl a approuvé la réforme, contrairement à son canton."
1365,59.6,59.6,40.4,"Lauerz (SZ)","La population de Lauerz approuve à 59,6 pour cent la réforme du service civil. Lauerz a approuvé la réforme, contrairement à son canton."
1366,0.6,0.6,99.4,"Morschach (SZ)","Les habitants de Morschach s'opposent à la réforme du service civil par 99,4 pour cent des voix. Le plus fort pourcentage de non du canton de Schwyz a été obtenu à Morschach."
1367,83.7,83.7,16.3,"Muotathal (SZ)","Les habitants de Muotathal soutiennent à 83,7 pour cent la réforme du service civil. Muotathal a approuvé la réforme, contrairement à son canton."
1368,8,8,92,"Oberiberg (SZ)","A Oberiberg, les citoyens rejettent à 92 pour cent la réforme du service civil. Oberiberg a rejeté la réforme, tout comme son canton."
1369,29.2,29.2,70.8,"Riemenstalden (SZ)","Les habitants de Riemenstalden s'opposent à la réforme du service civil par 70,8 pour cent des voix. Riemenstalden a rejeté la réforme, tout comme son canton."
1370,50.6,50.6,49.4,"Rothenthurm (SZ)","Les habitants de Rothenthurm soutiennent à 50,6 pour cent la réforme du service civil. Rothenthurm a approuvé la réforme, contrairement à son canton."
1371,84.7,84.7,15.3,"Sattel (SZ)","A Sattel, les habitants disent oui à 84,7 pour cent à la réforme du service civil. Sattel a approuvé la réforme, contrairement à son canton."
1372,70.1,70.1,29.9,"Schwyz (SZ)","Les habitants de Schwyz soutiennent à 70,1 pour cent la réforme du service civil. Schwyz a approuvé la réforme, contrairement à son canton."
1373,68.2,68.2,31.8,"Steinen (SZ)","La réforme du service civil passe la rampe avec 68,2 pour cent de oui à Steinen. Steinen a approuvé la réforme, contrairement à son canton."
1374,96.6,96.6,3.4,"Steinerberg (SZ)","Les habitants de Steinerberg acceptent à 96,6 pour cent la réforme du service civil. Steinerberg a approuvé la réforme, contrairement à son canton."
1375,55.8,55.8,44.2,"Unteriberg (SZ)","La population d'Unteriberg approuve à 55,8 pour cent la réforme du service civil. Unteriberg a approuvé la réforme, contrairement à son canton."
1401,16.3,16.3,83.7,"Alpnach (OW)","La réforme du service civil n'a pas trouvé grâce aux yeux des citoyens d'Alpnach. Ils ont refusé le texte à 83,7 pour cent. Alpnach a rejeté la réforme, tout comme son canton."
1402,53.9,53.9,46.1,"Engelberg (OW)","La réforme du service civil est approuvée à Engelberg par 53,9 pour cent des votants. Engelberg a approuvé la réforme, contrairement à son canton."
1403,31.2,31.2,68.8,"Giswil (OW)","La population de Giswil rejette à 68,8 pour cent des voix la réforme du service civil. Giswil a rejeté la réforme, tout comme son canton."
1404,7.3,7.3,92.7,"Kerns (OW)","La réforme du service civil n'a pas convaincu à Kerns. Les citoyens de la commune ont refusé le texte à 92,7 pour cent. Le plus fort pourcentage de non du canton d'Obwald a été obtenu à Kerns."
1405,60.6,60.6,39.4,"Lungern (OW)","Les habitants de Lungern acceptent à 60,6 pour cent la réforme du service civil. Le plus fort pourcentage de oui du canton d'Obwald a été obtenu à Lungern."
1406,25.7,25.7,74.3,"Sachseln (OW)","La réforme du service civil n'a pas trouvé grâce aux yeux des citoyens de Sachseln. Ils ont refusé le texte à 74,3 pour cent. Sachseln a rejeté la réforme, tout comme son canton."
1407,48.6,48.6,51.4,"Sarnen (OW)","La réforme du service civil est refusée à 51,4 pour cent à Sarnen. Sarnen a rejeté la réforme, tout comme son canton."
1501,58.1,58.1,41.9,"Beckenried (NW)","La population de Beckenried approuve à 58,1 pour cent la réforme du service civil. Beckenried a approuvé la réforme, contrairement à son canton."
1502,3.2,3.2,96.8,"Buochs (NW)","C'est non à la réforme du service civil à Buochs. Les habitants ont refusé le texte à 96,8 pour cent. Le plus fort pourcentage de non du canton de Nidwald a été obtenu à Buochs."
1503,53.7,53.7,46.3,"Dallenwil (NW)","Dallenwil dit oui à 53,7 pour cent à la réforme du service civil. Dallenwil a approuvé la réforme, contrairement à son canton."
1504,27.7,27.7,72.3,"Emmetten (NW)","La réforme du service civil est refusée à 72,3 pour cent à Emmetten. Emmetten a rejeté la réforme, tout comme son canton."
1505,35.9,35.9,64.1,"Ennetbürgen (NW)","La réforme du service civil est refusée à 64,1 pour cent à Ennetbürgen. Ennetbürgen a rejeté la réforme, tout comme son canton."
1506,34.1,34.1,65.9,"Ennetmoos (NW)","La réforme du service civil est refusée à 65,9 pour cent à Ennetmoos. Ennetmoos a rejeté la réforme, tout comme son canton."
1507,88.5,88.5,11.5,"Hergiswil (NW)","Hergiswil (NW) dit oui à 88,5 pour cent à la réforme du service civil. Le plus fort pourcentage de oui du canton de Nidwald a été obtenu à Hergiswil (NW)."
1508,48.9,48.9,51.1,"Oberdorf (NW)","La réforme du service civil n'a pas convaincu à Oberdorf (NW). Les citoyens de la commune ont refusé le texte à 51,1 pour cent. Oberdorf (NW) a rejeté la réforme, tout comme son canton."
1509,42.9,42.9,57.1,"Stans (NW)","La réforme du service civil est refusée à 57,1 pour cent à Stans. Stans a rejeté la réforme, tout comme son canton."
1510,80.1,80.1,19.9,"Stansstad (NW)","Les habitants de Stansstad acceptent à 80,1 pour cent la réforme du service civil. Stansstad a approuvé la réforme, contrairement à son canton."
1511,69.9,69.9,30.1,"Wolfenschiessen (NW)","La réforme du service civil est approuvée à Wolfenschiessen par 69,9 pour cent des votants. Wolfenschiessen a approuvé la réforme, contrairement à son canton."
1630,43.5,43.5,56.5,"Glarus Nord (GL)","La réforme du service civil n'a pas convaincu à Glarus Nord. Les citoyens de la commune ont refusé le texte à 56,5 pour cent."
1631,28.8,28.8,71.2,"Glarus Süd (GL)","A Glarus Süd, les citoyens rejettent à 71,2 pour cent la réforme du service civil. Glarus Süd a rejeté la réforme, contrairement à son canton."
1632,17.9,17.9,82.1,"Glaris (GL)","La réforme du service civil n'a pas trouvé grâce aux yeux des citoyens de Glaris. Ils ont refusé le texte à 82,1 pour cent. Le plus fort pourcentage de non du canton de Glaris a été obtenu à Glaris."
1701,50.6,50.6,49.4,"Baar (ZG)","Les habitants de Baar acceptent à 50,6 pour cent la réforme du service civil. Baar a approuvé la réforme, contrairement à son canton."
1702,96.3,96.3,3.7,"Cham (ZG)","La réforme du service civil est approuvée à Cham par 96,3 pour cent des votants. Le plus fort pourcentage de oui du canton de Zoug a été obtenu à Cham."
1703,47.5,47.5,52.5,"Hünenberg (ZG)","A Hünenberg, les citoyens rejettent à 52,5 pour cent la réforme du service civil. Hünenberg a rejeté la réforme, tout comme son canton."
1704,28,28,72,"Menzingen (ZG)","La réforme du service civil n'a pas convaincu à Menzingen. Les citoyens de la commune ont refusé le texte à 72 pour cent. Menzingen a rejeté la réforme, tout comme son canton."
1705,43.6,43.6,56.4,"Neuheim (ZG)","La réforme du service civil n'a pas trouvé grâce aux yeux des citoyens de Neuheim. Ils ont refusé le texte à 56,4 pour cent. Neuheim a rejeté la réforme, tout comme son canton."
1706,80.7,80.7,19.3,"Oberägeri (ZG)","La réforme du service civil est approuvée à Oberägeri par 80,7 pour cent des votants. Oberägeri a approuvé la réforme, contrairement à son canton."
1707,39.6,39.6,60.4,"Risch (ZG)","C'est non à la réforme du service civil à Risch. Les habitants ont refusé le texte à 60,4 pour cent. Risch a rejeté la réforme, tout comme son canton."
1708,66.7,66.7,33.3,"Steinhausen (ZG)","La réforme du service civil est approuvée à Steinhausen par 66,7 pour cent des votants. Steinhausen a approuvé la réforme, contrairement à son canton."
1709,7.8,7.8,92.2,"Unterägeri (ZG)","La réforme du service civil est refusée à 92,2 pour cent à Unterägeri. Le plus fort pourcentage de non du canton de Zoug a été obtenu à Unterägeri."
1710,21.6,21.6,78.4,"Walchwil (ZG)","La population de Walchwil rejette à 78,4 pour cent des voix la réforme du service civil. Walchwil a rejeté la réforme, tout comme son canton."
1711,78.9,78.9,21.1,"Zoug (ZG)","La réforme du service civil passe la rampe avec 78,9 pour cent de oui à Zoug. Zoug a approuvé la réforme, contrairement à son canton."
2008,61.5,61.5,38.5,"Châtillon (FR)","La réforme du service civil passe la rampe avec 61,5 pour cent de oui à Châtillon (FR). Châtillon (FR) a approuvé la réforme, tout comme son canton."
2011,50.6,50.6,49.4,"Cugy (FR)","Les habitants de Cugy (FR) acceptent à 50,6 pour cent la réforme du service civil. Cugy (FR) a approuvé la réforme, tout comme son canton."
2022,42.8,42.8,57.2,"Gletterens (FR)","La population de Gletterens rejette à 57,2 pour cent des voix la réforme du service civil. Gletterens a rejeté la réforme, contrairement à son canton."
2025,62.7,62.7,37.3,"Lully (FR)","Les habitants de Lully (FR) acceptent à 62,7 pour cent la réforme du service civil. Lully (FR) a approuvé la réforme, tout comme son canton."
2029,95.6,95.6,4.4,"Montagny (FR)","La population de Montagny (FR) approuve à 95,6 pour cent la réforme du service civil. Montagny (FR) a approuvé la réforme, tout comme son canton."
2035,49.2,49.2,50.8,"Nuvilly (FR)","La réforme du service civil est refusée à 50,8 pour cent à Nuvilly. Nuvilly a rejeté la réforme, contrairement à son canton."
2038,30.2,30.2,69.8,"Prévondavaux (FR)","La réforme du service civil est refusée à 69,8 pour cent à Prévondavaux. Prévondavaux a rejeté la réforme, contrairement à son canton."
2041,17.6,17.6,82.4,"Saint-Aubin (FR)","Les habitants de Saint-Aubin (FR) s'opposent à la réforme du service civil par 82,4 pour cent des voix. Saint-Aubin (FR) a rejeté la réforme, contrairement à son canton."
2043,86.2,86.2,13.8,"Sévaz (FR)","La réforme du service civil passe la rampe avec 86,2 pour cent de oui à Sévaz. Sévaz a approuvé la réforme, tout comme son canton."
2044,23.9,23.9,76.1,"Surpierre (FR)","C'est non à la réforme du service civil à Surpierre. Les habitants ont refusé le texte à 76,1 pour cent. Surpierre a rejeté la réforme, contrairement à son canton."
2045,43,43,57,"Vallon (FR)","Les habitants de Vallon s'opposent à la réforme du service civil par 57 pour cent des voix. Vallon a rejeté la réforme, contrairement à son canton."
2050,26.3,26.3,73.7,"Les Montets (FR)","C'est non à la réforme du service civil aux Montets. Les habitants ont refusé le texte à 73,7 pour cent. Les Montets a rejeté la réforme, contrairement à son canton."
2051,41.4,41.4,58.6,"Delley-Portalban (FR)","La population de Delley-Portalban rejette à 58,6 pour cent des voix la réforme du service civil. Delley-Portalban a rejeté la réforme, contrairement à son canton."
2053,31.1,31.1,68.9,"Belmont-Broye (FR)","La réforme du service civil n'a pas convaincu à Belmont-Broye. Les citoyens de la commune ont refusé le texte à 68,9 pour cent. Belmont-Broye a rejeté la réforme, contrairement à son canton."
2054,19.1,19.1,80.9,"Estavayer (FR)","La population d'Estavayer rejette à 80,9 pour cent des voix la réforme du service civil. Estavayer a rejeté la réforme, contrairement à son canton."
2055,33.5,33.5,66.5,"Cheyres-Châbles (FR)","C'est non à la réforme du service civil à Cheyres-Châbles. Les habitants ont refusé le texte à 66,5 pour cent. Cheyres-Châbles a rejeté la réforme, contrairement à son canton."
2056,44.9,44.9,55.1,"Fétigny-Ménières (FR)","La réforme du service civil n'a pas trouvé grâce aux yeux des citoyens de Fétigny-Ménières. Ils ont refusé le texte à 55,1 pour cent. Fétigny-Ménières a rejeté la réforme, contrairement à son canton."
2063,38.1,38.1,61.9,"Billens-Hennens (FR)","La réforme du service civil est refusée à 61,9 pour cent à Billens-Hennens. Billens-Hennens a rejeté la réforme, contrairement à son canton."
2067,50.1,50.1,49.9,"Le Châtelard (FR)","La réforme du service civil passe la rampe avec 50,1 pour cent de oui au Châtelard. Le Châtelard a approuvé la réforme, tout comme son canton."
2068,72.1,72.1,27.9,"Châtonnaye (FR)","Les habitants de Châtonnaye soutiennent à 72,1 pour cent la réforme du service civil. Châtonnaye a approuvé la réforme, tout comme son canton."
2079,3.8,3.8,96.2,"Grangettes (FR)","La réforme du service civil n'a pas convaincu à Grangettes. Les citoyens de la commune ont refusé le texte à 96,2 pour cent. Grangettes a rejeté la réforme, contrairement à son canton."
2086,70.1,70.1,29.9,"Massonnens (FR)","Les habitants de Massonnens acceptent à 70,1 pour cent la réforme du service civil. Massonnens a approuvé la réforme, tout comme son canton."
2087,25.4,25.4,74.6,"Mézières (FR)","C'est non à la réforme du service civil à Mézières (FR). Les habitants ont refusé le texte à 74,6 pour cent. Mézières (FR) a rejeté la réforme, contrairement à son canton."
2096,25,25,75,"Romont (FR)","A Romont (FR), les citoyens rejettent à 75 pour cent la réforme du service civil. Romont (FR) a rejeté la réforme, contrairement à son canton."
2097,7.2,7.2,92.8,"Rue (FR)","La réforme du service civil n'a pas convaincu à Rue. Les citoyens de la commune ont refusé le texte à 92,8 pour cent. Rue a rejeté la réforme, contrairement à son canton."
2099,84.3,84.3,15.7,"Siviriez (FR)","La réforme du service civil passe la rampe avec 84,3 pour cent de oui à Siviriez. Siviriez a approuvé la réforme, tout comme son canton."
2102,48.2,48.2,51.8,"Ursy (FR)","La population d'Ursy rejette à 51,8 pour cent des voix la réforme du service civil. Ursy a rejeté la réforme, contrairement à son canton."
2113,88.3,88.3,11.7,"Vuisternens-devant-Romont (FR)","Les habitants de Vuisternens-devant-Romont acceptent à 88,3 pour cent la réforme du service civil. Vuisternens-devant-Romont a approuvé la réforme, tout comme son canton."
2114,95.3,95.3,4.7,"Villorsonnens (FR)","Les habitants de Villorsonnens acceptent à 95,3 pour cent la réforme du service civil. Villorsonnens a approuvé la réforme, tout comme son canton."
2115,73.8,73.8,26.2,"Torny (FR)","La réforme du service civil est approuvée à Torny par 73,8 pour cent des votants. Torny a approuvé la réforme, tout comme son canton."
2117,75.9,75.9,24.1,"Villaz (FR)","Les habitants de Villaz acceptent à 75,9 pour cent la réforme du service civil. Villaz a approuvé la réforme, tout comme son canton."
2121,72.2,72.2,27.8,"Haut-Intyamon (FR)","La population de Haut-Intyamon approuve à 72,2 pour cent la réforme du service civil. Haut-Intyamon a approuvé la réforme, tout comme son canton."
2122,44.4,44.4,55.6,"Pont-en-Ogoz (FR)","Les habitants de Pont-en-Ogoz s'opposent à la réforme du service civil par 55,6 pour cent des voix. Pont-en-Ogoz a rejeté la réforme, contrairement à son canton."
2123,62.7,62.7,37.3,"Botterens (FR)","La population de Botterens approuve à 62,7 pour cent la réforme du service civil. Botterens a approuvé la réforme, tout comme son canton."
2124,56.8,56.8,43.2,"Broc (FR)","Broc dit oui à 56,8 pour cent à la réforme du service civil. Broc a approuvé la réforme, tout comme son canton."
2125,25.8,25.8,74.2,"Bulle (FR)","La réforme du service civil n'a pas convaincu à Bulle. Les citoyens de la commune ont refusé le texte à 74,2 pour cent. Bulle a rejeté la réforme, contrairement à son canton."
2128,47.4,47.4,52.6,"Châtel-sur-Montsalvens (FR)","C'est non à la réforme du service civil à Châtel-sur-Montsalvens. Les habitants ont refusé le texte à 52,6 pour cent. Châtel-sur-Montsalvens a rejeté la réforme, contrairement à son canton."
2129,65.6,65.6,34.4,"Corbières (FR)","La réforme du service civil passe la rampe avec 65,6 pour cent de oui à Corbières. Corbières a approuvé la réforme, tout comme son canton."
2130,13.9,13.9,86.1,"Crésuz (FR)","Les habitants de Crésuz s'opposent à la réforme du service civil par 86,1 pour cent des voix. Crésuz a rejeté la réforme, contrairement à son canton."
2131,47.3,47.3,52.7,"Echarlens (FR)","A Echarlens, les citoyens rejettent à 52,7 pour cent la réforme du service civil. Echarlens a rejeté la réforme, contrairement à son canton."
2134,92.5,92.5,7.5,"Grandvillard (FR)","La réforme du service civil passe la rampe avec 92,5 pour cent de oui à Grandvillard. Grandvillard a approuvé la réforme, tout comme son canton."
2135,36.4,36.4,63.6,"Gruyères (FR)","C'est non à la réforme du service civil à Gruyères. Les habitants ont refusé le texte à 63,6 pour cent. Gruyères a rejeté la réforme, contrairement à son canton."
2137,56.7,56.7,43.3,"Hauteville (FR)","Hauteville dit oui à 56,7 pour cent à la réforme du service civil. Hauteville a approuvé la réforme, tout comme son canton."
2138,32.1,32.1,67.9,"Bellegarde (FR)","A Bellegarde, les citoyens rejettent à 67,9 pour cent la réforme du service civil. Bellegarde a rejeté la réforme, contrairement à son canton."
2140,39.8,39.8,60.2,"Marsens (FR)","La réforme du service civil n'a pas trouvé grâce aux yeux des citoyens de Marsens. Ils ont refusé le texte à 60,2 pour cent. Marsens a rejeté la réforme, contrairement à son canton."
2143,7.7,7.7,92.3,"Morlon (FR)","La population de Morlon rejette à 92,3 pour cent des voix la réforme du service civil. Morlon a rejeté la réforme, contrairement à son canton."
2145,8.8,8.8,91.2,"Le Pâquier (FR)","Les habitants du Pâquier (FR) s'opposent à la réforme du service civil par 91,2 pour cent des voix. Le Pâquier (FR) a rejeté la réforme, contrairement à son canton."
2147,3.8,3.8,96.2,"Pont-la-Ville (FR)","La réforme du service civil est refusée à 96,2 pour cent à Pont-la-Ville. Pont-la-Ville a rejeté la réforme, contrairement à son canton."
2148,90.3,90.3,9.7,"Riaz (FR)","La réforme du service civil passe la rampe avec 90,3 pour cent de oui à Riaz. Riaz a approuvé la réforme, tout comme son canton."
2149,33.5,33.5,66.5,"La Roche (FR)","C'est non à la réforme du service civil à La Roche. Les habitants ont refusé le texte à 66,5 pour cent. La Roche a rejeté la réforme, contrairement à son canton."
2152,4.9,4.9,95.1,"Sâles (FR)","A Sâles, les citoyens rejettent à 95,1 pour cent la réforme du service civil. Sâles a rejeté la réforme, contrairement à son canton."
2153,76.5,76.5,23.5,"Sorens (FR)","Les habitants de Sorens acceptent à 76,5 pour cent la réforme du service civil. Sorens a approuvé la réforme, tout comme son canton."
2155,54.8,54.8,45.2,"Vaulruz (FR)","Vaulruz dit oui à 54,8 pour cent à la réforme du service civil. Vaulruz a approuvé la réforme, tout comme son canton."
2160,89.8,89.8,10.2,"Vuadens (FR)","A Vuadens, les habitants disent oui à 89,8 pour cent à la réforme du service civil. Vuadens a approuvé la réforme, tout comme son canton."
2162,6.3,6.3,93.7,"Bas-Intyamon (FR)","C'est non à la réforme du service civil à Bas-Intyamon. Les habitants ont refusé le texte à 93,7 pour cent. Bas-Intyamon a rejeté la réforme, contrairement à son canton."
2163,47.8,47.8,52.2,"Val-de-Charmey (FR)","La population de Val-de-Charmey rejette à 52,2 pour cent des voix la réforme du service civil. Val-de-Charmey a rejeté la réforme, contrairement à son canton."
2173,17.3,17.3,82.7,"Autigny (FR)","A Autigny, les citoyens rejettent à 82,7 pour cent la réforme du service civil. Autigny a rejeté la réforme, contrairement à son canton."
2174,89.2,89.2,10.8,"Avry (FR)","Les habitants d'Avry soutiennent à 89,2 pour cent la réforme du service civil. Avry a approuvé la réforme, tout comme son canton."
2175,60.3,60.3,39.7,"Belfaux (FR)","La population de Belfaux approuve à 60,3 pour cent la réforme du service civil. Belfaux a approuvé la réforme, tout comme son canton."
2177,68.8,68.8,31.2,"Chénens (FR)","La réforme du service civil passe la rampe avec 68,8 pour cent de oui à Chénens. Chénens a approuvé la réforme, tout comme son canton."
2183,30.3,30.3,69.7,"Corminboeuf (FR)","Les habitants de Corminboeuf s'opposent à la réforme du service civil par 69,7 pour cent des voix. Corminboeuf a rejeté la réforme, contrairement à son canton."
2186,96.4,96.4,3.6,"Cottens (FR)","Cottens (FR) dit oui à 96,4 pour cent à la réforme du service civil. Cottens (FR) a approuvé la réforme, tout comme son canton."
2194,61.1,61.1,38.9,"Ferpicloz (FR)","La réforme du service civil passe la rampe avec 61,1 pour cent de oui à Ferpicloz. Ferpicloz a approuvé la réforme, tout comme son canton."
2196,23.5,23.5,76.5,"Fribourg (FR)","Les habitants de Fribourg s'opposent à la réforme du service civil par 76,5 pour cent des voix. Fribourg a rejeté la réforme, contrairement à son canton."
2197,41.7,41.7,58.3,"Givisiez (FR)","La réforme du service civil n'a pas trouvé grâce aux yeux des citoyens de Givisiez. Ils ont refusé le texte à 58,3 pour cent. Givisiez a rejeté la réforme, contrairement à son canton."
2198,77.8,77.8,22.2,"Granges-Paccot (FR)","A Granges-Paccot, les habitants disent oui à 77,8 pour cent à la réforme du service civil. Granges-Paccot a approuvé la réforme, tout comme son canton."
2206,70.5,70.5,29.5,"Marly (FR)","A Marly, les habitants disent oui à 70,5 pour cent à la réforme du service civil. Marly a approuvé la réforme, tout comme son canton."
2208,25.7,25.7,74.3,"Matran (FR)","La réforme du service civil est refusée à 74,3 pour cent à Matran. Matran a rejeté la réforme, contrairement à son canton."
2211,89.6,89.6,10.4,"Neyruz (FR)","Les habitants de Neyruz (FR) acceptent à 89,6 pour cent la réforme du service civil. Neyruz (FR) a approuvé la réforme, tout comme son canton."
2216,8.4,8.4,91.6,"Pierrafortscha (FR)","Les habitants de Pierrafortscha s'opposent à la réforme du service civil par 91,6 pour cent des voix. Pierrafortscha a rejeté la réforme, contrairement à son canton."
2220,64.3,64.3,35.7,"Le Mouret (FR)","La réforme du service civil est approuvée au Mouret par 64,3 pour cent des votants. Le Mouret a approuvé la réforme, tout comme son canton."
2226,21.5,21.5,78.5,"Treyvaux (FR)","Les habitants de Treyvaux s'opposent à la réforme du service civil par 78,5 pour cent des voix. Treyvaux a rejeté la réforme, contrairement à son canton."
2228,4.3,4.3,95.7,"Villars-sur-Glâne (FR)","A Villars-sur-Glâne, les citoyens rejettent à 95,7 pour cent la réforme du service civil. Villars-sur-Glâne a rejeté la réforme, contrairement à son canton."
2230,63.8,63.8,36.2,"Villarsel-sur-Marly (FR)","Les habitants de Villarsel-sur-Marly soutiennent à 63,8 pour cent la réforme du service civil. Villarsel-sur-Marly a approuvé la réforme, tout comme son canton."
2233,67.5,67.5,32.5,"Hauterive (FR)","Hauterive (FR) dit oui à 67,5 pour cent à la réforme du service civil. Hauterive (FR) a approuvé la réforme, tout comme son canton."
2234,52.1,52.1,47.9,"La Brillaz (FR)","La Brillaz dit oui à 52,1 pour cent à la réforme du service civil. La Brillaz a approuvé la réforme, tout comme son canton."
2235,73.8,73.8,26.2,"La Sonnaz (FR)","La population de La Sonnaz approuve à 73,8 pour cent la réforme du service civil. La Sonnaz a approuvé la réforme, tout comme son canton."
2236,53.7,53.7,46.3,"Gibloux (FR)","La réforme du service civil passe la rampe avec 53,7 pour cent de oui à Gibloux. Gibloux a approuvé la réforme, tout comme son canton."
2237,65.8,65.8,34.2,"Prez (FR)","Les habitants de Prez soutiennent à 65,8 pour cent la réforme du service civil. Prez a approuvé la réforme, tout comme son canton."
2238,26.7,26.7,73.3,"Bois-d'Amont (FR)","Les habitants de Bois-d'Amont s'opposent à la réforme du service civil par 73,3 pour cent des voix. Bois-d'Amont a rejeté la réforme, contrairement à son canton."
2239,1.8,1.8,98.2,"Grolley-Ponthaux (FR)","C'est non à la réforme du service civil à Grolley-Ponthaux. Les habitants ont refusé le texte à 98,2 pour cent. Le plus fort pourcentage de non du canton de Fribourg a été obtenu à Grolley-Ponthaux."
2250,20.4,20.4,79.6,"Courgevaux (FR)","La réforme du service civil n'a pas convaincu à Courgevaux. Les citoyens de la commune ont refusé le texte à 79,6 pour cent. Courgevaux a rejeté la réforme, contrairement à son canton."
2254,56.9,56.9,43.1,"Courtepin (FR)","Les habitants de Courtepin soutiennent à 56,9 pour cent la réforme du service civil. Courtepin a approuvé la réforme, tout comme son canton."
2257,90.4,90.4,9.6,"Cressier (FR)","Cressier (FR) dit oui à 90,4 pour cent à la réforme du service civil. Cressier (FR) a approuvé la réforme, tout comme son canton."
2258,50.8,50.8,49.2,"Fräschels (FR)","La population de Fräschels approuve à 50,8 pour cent la réforme du service civil. Fräschels a approuvé la réforme, tout comme son canton."
2261,52.5,52.5,47.5,"Greng (FR)","La réforme du service civil passe la rampe avec 52,5 pour cent de oui à Greng. Greng a approuvé la réforme, tout comme son canton."
2262,100,100,0,"Cormondes (FR)","Cormondes se classe au deuxième rang des plus fortes approbations de la réforme du service civil. Ses habitants disent oui à 100 pour cent. Le plus fort pourcentage de oui du canton de Fribourg a été obtenu à Cormondes."
2265,94.5,94.5,5.5,"Chiètres (FR)","La population de Chiètres (FR) approuve à 94,5 pour cent la réforme du service civil. Chiètres (FR) a approuvé la réforme, tout comme son canton."
2266,37.5,37.5,62.5,"Kleinbösingen (FR)","La réforme du service civil est refusée à 62,5 pour cent à Kleinbösingen. Kleinbösingen a rejeté la réforme, contrairement à son canton."
2271,58.7,58.7,41.3,"Meyriez (FR)","La réforme du service civil est approuvée à Meyriez par 58,7 pour cent des votants. Meyriez a approuvé la réforme, tout comme son canton."
2272,41.4,41.4,58.6,"Misery-Courtion (FR)","A Misery-Courtion, les citoyens rejettent à 58,6 pour cent la réforme du service civil. Misery-Courtion a rejeté la réforme, contrairement à son canton."
2274,61.1,61.1,38.9,"Montilier (FR)","Les habitants de Montilier soutiennent à 61,1 pour cent la réforme du service civil. Montilier a approuvé la réforme, tout comme son canton."
2275,14.8,14.8,85.2,"Morat (FR)","La réforme du service civil est refusée à 85,2 pour cent à Morat. Morat a rejeté la réforme, contrairement à son canton."
2276,65.2,65.2,34.8,"Ried bei Kerzers (FR)","La population de Ried bei Kerzers approuve à 65,2 pour cent la réforme du service civil. Ried bei Kerzers a approuvé la réforme, tout comme son canton."
2284,36.6,36.6,63.4,"Mont-Vully (FR)","A Mont-Vully, les citoyens rejettent à 63,4 pour cent la réforme du service civil. Mont-Vully a rejeté la réforme, contrairement à son canton."
2292,47.6,47.6,52.4,"Brünisried (FR)","La réforme du service civil est refusée à 52,4 pour cent à Brünisried. Brünisried a rejeté la réforme, contrairement à son canton."
2293,47.8,47.8,52.2,"Guin (FR)","La réforme du service civil n'a pas trouvé grâce aux yeux des citoyens de Guin. Ils ont refusé le texte à 52,2 pour cent. Guin a rejeté la réforme, contrairement à son canton."
2294,16.8,16.8,83.2,"Chevrilles (FR)","C'est non à la réforme du service civil à Chevrilles. Les habitants ont refusé le texte à 83,2 pour cent. Chevrilles a rejeté la réforme, contrairement à son canton."
2295,95.2,95.2,4.8,"Bösingen (FR)","La réforme du service civil est approuvée à Bösingen par 95,2 pour cent des votants. Bösingen a approuvé la réforme, tout comme son canton."
2296,29.6,29.6,70.4,"Heitenried (FR)","A Heitenried, les citoyens rejettent à 70,4 pour cent la réforme du service civil. Heitenried a rejeté la réforme, contrairement à son canton."
2299,50.8,50.8,49.2,"Planfayon (FR)","Les habitants de Planfayon soutiennent à 50,8 pour cent la réforme du service civil. Planfayon a approuvé la réforme, tout comme son canton."
2300,72.2,72.2,27.8,"Plasselb (FR)","Plasselb dit oui à 72,2 pour cent à la réforme du service civil. Plasselb a approuvé la réforme, tout comme son canton."
2301,6.3,6.3,93.7,"Dirlaret (FR)","C'est non à la réforme du service civil à Dirlaret. Les habitants ont refusé le texte à 93,7 pour cent. Dirlaret a rejeté la réforme, contrairement à son canton."
2303,80.5,80.5,19.5,"Saint-Silvestre (FR)","La population de Saint-Silvestre approuve à 80,5 pour cent la réforme du service civil. Saint-Silvestre a approuvé la réforme, tout comme son canton."
2304,75.1,75.1,24.9,"Saint-Ours (FR)","La réforme du service civil passe la rampe avec 75,1 pour cent de oui à Saint-Ours. Saint-Ours a approuvé la réforme, tout comme son canton."
2305,92.9,92.9,7.1,"Schmitten (FR)","Schmitten (FR) dit oui à 92,9 pour cent à la réforme du service civil. Schmitten (FR) a approuvé la réforme, tout comme son canton."
2306,86.9,86.9,13.1,"Tavel (FR)","Les habitants de Tavel soutiennent à 86,9 pour cent la réforme du service civil. Tavel a approuvé la réforme, tout comme son canton."
2307,58.8,58.8,41.2,"Tinterin (FR)","Tinterin dit oui à 58,8 pour cent à la réforme du service civil. Tinterin a approuvé la réforme, tout comme son canton."
2308,18.9,18.9,81.1,"Ueberstorf (FR)","A Ueberstorf, les citoyens rejettent à 81,1 pour cent la réforme du service civil. Ueberstorf a rejeté la réforme, contrairement à son canton."
2309,49.4,49.4,50.6,"Wünnewil-Flamatt (FR)","La réforme du service civil n'a pas trouvé grâce aux yeux des citoyens de Wünnewil-Flamatt. Ils ont refusé le texte à 50,6 pour cent. Wünnewil-Flamatt a rejeté la réforme, contrairement à son canton."
2321,57.2,57.2,42.8,"Attalens (FR)","La réforme du service civil passe la rampe avec 57,2 pour cent de oui à Attalens. Attalens a approuvé la réforme, tout comme son canton."
2323,72.3,72.3,27.7,"Bossonnens (FR)","Les habitants de Bossonnens acceptent à 72,3 pour cent la réforme du service civil. Bossonnens a approuvé la réforme, tout comme son canton."
2325,71.2,71.2,28.8,"Châtel-Saint-Denis (FR)","La réforme du service civil passe la rampe avec 71,2 pour cent de oui à Châtel-Saint-Denis. Châtel-Saint-Denis a approuvé la réforme, tout comme son canton."
2328,77.3,77.3,22.7,"Granges (Veveyse) (FR)","A Granges (Veveyse), les habitants disent oui à 77,3 pour cent à la réforme du service civil. Granges (Veveyse) a approuvé la réforme, tout comme son canton."
2333,73.4,73.4,26.6,"Remaufens (FR)","Les habitants de Remaufens soutiennent à 73,4 pour cent la réforme du service civil. Remaufens a approuvé la réforme, tout comme son canton."
2335,21.8,21.8,78.2,"Saint-Martin (FR)","La réforme du service civil n'a pas trouvé grâce aux yeux des citoyens de Saint-Martin (FR). Ils ont refusé le texte à 78,2 pour cent. Saint-Martin (FR) a rejeté la réforme, contrairement à son canton."
2336,14.9,14.9,85.1,"Semsales (FR)","La réforme du service civil n'a pas convaincu à Semsales. Les citoyens de la commune ont refusé le texte à 85,1 pour cent. Semsales a rejeté la réforme, contrairement à son canton."
2337,46.7,46.7,53.3,"Le Flon (FR)","La population du Flon rejette à 53,3 pour cent des voix la réforme du service civil. Le Flon a rejeté la réforme, contrairement à son canton."
2338,6.1,6.1,93.9,"La Verrerie (FR)","Les habitants de La Verrerie s'opposent à la réforme du service civil par 93,9 pour cent des voix. La Verrerie a rejeté la réforme, contrairement à son canton."
2401,86,86,14,"Egerkingen (SO)","La population d'Egerkingen approuve à 86 pour cent la réforme du service civil. Egerkingen a approuvé la réforme, tout comme son canton."
2402,16.9,16.9,83.1,"Härkingen (SO)","A Härkingen, les citoyens rejettent à 83,1 pour cent la réforme du service civil. Härkingen a rejeté la réforme, contrairement à son canton."
2403,49.6,49.6,50.4,"Kestenholz (SO)","La réforme du service civil n'a pas convaincu à Kestenholz. Les citoyens de la commune ont refusé le texte à 50,4 pour cent. Kestenholz a rejeté la réforme, contrairement à son canton."
2404,84,84,16,"Neuendorf (SO)","La réforme du service civil est approuvée à Neuendorf par 84 pour cent des votants. Neuendorf a approuvé la réforme, tout comme son canton."
2405,43.1,43.1,56.9,"Niederbuchsiten (SO)","C'est non à la réforme du service civil à Niederbuchsiten. Les habitants ont refusé le texte à 56,9 pour cent. Niederbuchsiten a rejeté la réforme, contrairement à son canton."
2406,48.7,48.7,51.3,"Oberbuchsiten (SO)","C'est non à la réforme du service civil à Oberbuchsiten. Les habitants ont refusé le texte à 51,3 pour cent. Oberbuchsiten a rejeté la réforme, contrairement à son canton."
2407,68.3,68.3,31.7,"Oensingen (SO)","La réforme du service civil est approuvée à Oensingen par 68,3 pour cent des votants. Oensingen a approuvé la réforme, tout comme son canton."
2408,9.7,9.7,90.3,"Wolfwil (SO)","La réforme du service civil est refusée à 90,3 pour cent à Wolfwil. Wolfwil a rejeté la réforme, contrairement à son canton."
2421,65.3,65.3,34.7,"Aedermannsdorf (SO)","La réforme du service civil est approuvée à Aedermannsdorf par 65,3 pour cent des votants. Aedermannsdorf a approuvé la réforme, tout comme son canton."
2422,24.3,24.3,75.7,"Balsthal (SO)","La réforme du service civil n'a pas convaincu à Balsthal. Les citoyens de la commune ont refusé le texte à 75,7 pour cent. Balsthal a rejeté la réforme, contrairement à son canton."
2424,48.7,48.7,51.3,"Herbetswil (SO)","La réforme du service civil n'a pas convaincu à Herbetswil. Les citoyens de la commune ont refusé le texte à 51,3 pour cent. Herbetswil a rejeté la réforme, contrairement à son canton."
2425,40.9,40.9,59.1,"Holderbank (SO)","Les habitants de Holderbank (SO) s'opposent à la réforme du service civil par 59,1 pour cent des voix. Holderbank (SO) a rejeté la réforme, contrairement à son canton."
2426,50.4,50.4,49.6,"Laupersdorf (SO)","Laupersdorf dit oui à 50,4 pour cent à la réforme du service civil. Laupersdorf a approuvé la réforme, tout comme son canton."
2427,55.5,55.5,44.5,"Matzendorf (SO)","La réforme du service civil est approuvée à Matzendorf par 55,5 pour cent des votants. Matzendorf a approuvé la réforme, tout comme son canton."
2428,32.7,32.7,67.3,"Mümliswil-Ramiswil (SO)","Les habitants de Mümliswil-Ramiswil s'opposent à la réforme du service civil par 67,3 pour cent des voix. Mümliswil-Ramiswil a rejeté la réforme, contrairement à son canton."
2430,26.9,26.9,73.1,"Welschenrohr-Gänsbrunnen (SO)","La réforme du service civil n'a pas convaincu à Welschenrohr-Gänsbrunnen. Les citoyens de la commune ont refusé le texte à 73,1 pour cent. Welschenrohr-Gänsbrunnen a rejeté la réforme, contrairement à son canton."
2445,26,26,74,"Biezwil (SO)","Les habitants de Biezwil s'opposent à la réforme du service civil par 74 pour cent des voix. Biezwil a rejeté la réforme, contrairement à son canton."
2455,30.2,30.2,69.8,"Lüterkofen-Ichertswil (SO)","La réforme du service civil n'a pas convaincu à Lüterkofen-Ichertswil. Les citoyens de la commune ont refusé le texte à 69,8 pour cent. Lüterkofen-Ichertswil a rejeté la réforme, contrairement à son canton."
2457,21.8,21.8,78.2,"Messen (SO)","La réforme du service civil n'a pas convaincu à Messen. Les citoyens de la commune ont refusé le texte à 78,2 pour cent. Messen a rejeté la réforme, contrairement à son canton."
2461,66.3,66.3,33.7,"Schnottwil (SO)","La réforme du service civil passe la rampe avec 66,3 pour cent de oui à Schnottwil. Schnottwil a approuvé la réforme, tout comme son canton."
2463,46.7,46.7,53.3,"Unterramsern (SO)","C'est non à la réforme du service civil à Unterramsern. Les habitants ont refusé le texte à 53,3 pour cent. Unterramsern a rejeté la réforme, contrairement à son canton."
2464,36.8,36.8,63.2,"Lüsslingen-Nennigkofen (SO)","La population de Lüsslingen-Nennigkofen rejette à 63,2 pour cent des voix la réforme du service civil. Lüsslingen-Nennigkofen a rejeté la réforme, contrairement à son canton."
2465,56,56,44,"Buchegg (SO)","Les habitants de Buchegg soutiennent à 56 pour cent la réforme du service civil. Buchegg a approuvé la réforme, tout comme son canton."
2471,8,8,92,"Bättwil (SO)","La population de Bättwil rejette à 92 pour cent des voix la réforme du service civil. Bättwil a rejeté la réforme, contrairement à son canton."
2472,61.8,61.8,38.2,"Büren (SO)","La population de Büren (SO) approuve à 61,8 pour cent la réforme du service civil. Büren (SO) a approuvé la réforme, tout comme son canton."
2473,0.6,0.6,99.4,"Dornach (SO)","La réforme du service civil n'a pas trouvé grâce aux yeux des citoyens de Dornach. Ils ont refusé le texte à 99,4 pour cent. Le plus fort pourcentage de non du canton de Soleure a été obtenu à Dornach."
2474,35.6,35.6,64.4,"Gempen (SO)","La réforme du service civil n'a pas convaincu à Gempen. Les citoyens de la commune ont refusé le texte à 64,4 pour cent. Gempen a rejeté la réforme, contrairement à son canton."
2475,47.1,47.1,52.9,"Hochwald (SO)","La réforme du service civil n'a pas trouvé grâce aux yeux des citoyens de Hochwald. Ils ont refusé le texte à 52,9 pour cent. Hochwald a rejeté la réforme, contrairement à son canton."
2476,42.9,42.9,57.1,"Hofstetten-Flüh (SO)","La réforme du service civil est refusée à 57,1 pour cent à Hofstetten-Flüh. Hofstetten-Flüh a rejeté la réforme, contrairement à son canton."
2477,78.8,78.8,21.2,"Metzerlen-Mariastein (SO)","La population de Metzerlen-Mariastein approuve à 78,8 pour cent la réforme du service civil. Metzerlen-Mariastein a approuvé la réforme, tout comme son canton."
2478,53.9,53.9,46.1,"Nuglar-St. Pantaleon (SO)","Nuglar-St. Pantaleon dit oui à 53,9 pour cent à la réforme du service civil. Nuglar-St. Pantaleon a approuvé la réforme, tout comme son canton."
2479,2.4,2.4,97.6,"Rodersdorf (SO)","La réforme du service civil n'a pas trouvé grâce aux yeux des citoyens de Rodersdorf. Ils ont refusé le texte à 97,6 pour cent. Rodersdorf a rejeté la réforme, contrairement à son canton."
2480,70.3,70.3,29.7,"Seewen (SO)","La réforme du service civil est approuvée à Seewen par 70,3 pour cent des votants. Seewen a approuvé la réforme, tout comme son canton."
2481,38.3,38.3,61.7,"Witterswil (SO)","La réforme du service civil est refusée à 61,7 pour cent à Witterswil. Witterswil a rejeté la réforme, contrairement à son canton."
2491,29.5,29.5,70.5,"Hauenstein-Ifenthal (SO)","Les habitants de Hauenstein-Ifenthal s'opposent à la réforme du service civil par 70,5 pour cent des voix. Hauenstein-Ifenthal a rejeté la réforme, contrairement à son canton."
2492,6.3,6.3,93.7,"Kienberg (SO)","La population de Kienberg rejette à 93,7 pour cent des voix la réforme du service civil. Kienberg a rejeté la réforme, contrairement à son canton."
2493,56,56,44,"Lostorf (SO)","Les habitants de Lostorf soutiennent à 56 pour cent la réforme du service civil. Lostorf a approuvé la réforme, tout comme son canton."
2495,8.9,8.9,91.1,"Niedergösgen (SO)","Les habitants de Niedergösgen s'opposent à la réforme du service civil par 91,1 pour cent des voix. Niedergösgen a rejeté la réforme, contrairement à son canton."
2497,45.3,45.3,54.7,"Obergösgen (SO)","A Obergösgen, les citoyens rejettent à 54,7 pour cent la réforme du service civil. Obergösgen a rejeté la réforme, contrairement à son canton."
2499,69.3,69.3,30.7,"Stüsslingen (SO)","Stüsslingen dit oui à 69,3 pour cent à la réforme du service civil. Stüsslingen a approuvé la réforme, tout comme son canton."
2500,67.4,67.4,32.6,"Trimbach (SO)","La réforme du service civil passe la rampe avec 67,4 pour cent de oui à Trimbach. Trimbach a approuvé la réforme, tout comme son canton."
2501,44.3,44.3,55.7,"Winznau (SO)","La réforme du service civil est refusée à 55,7 pour cent à Winznau. Winznau a rejeté la réforme, contrairement à son canton."
2502,54.8,54.8,45.2,"Wisen (SO)","La réforme du service civil est approuvée à Wisen (SO) par 54,8 pour cent des votants. Wisen (SO) a approuvé la réforme, tout comme son canton."
2503,47.6,47.6,52.4,"Erlinsbach (SO)","La population d'Erlinsbach (SO) rejette à 52,4 pour cent des voix la réforme du service civil. Erlinsbach (SO) a rejeté la réforme, contrairement à son canton."
2511,5.2,5.2,94.8,"Aeschi (SO)","Les habitants d'Aeschi (SO) s'opposent à la réforme du service civil par 94,8 pour cent des voix. Aeschi (SO) a rejeté la réforme, contrairement à son canton."
2513,33,33,67,"Biberist (SO)","La réforme du service civil n'a pas convaincu à Biberist. Les citoyens de la commune ont refusé le texte à 67 pour cent. Biberist a rejeté la réforme, contrairement à son canton."
2514,99.4,99.4,0.6,"Bolken (SO)","La population de Bolken approuve à 99,4 pour cent la réforme du service civil. Le plus fort pourcentage de oui du canton de Soleure a été obtenu à Bolken."
2516,17.9,17.9,82.1,"Deitingen (SO)","La réforme du service civil n'a pas trouvé grâce aux yeux des citoyens de Deitingen. Ils ont refusé le texte à 82,1 pour cent. Deitingen a rejeté la réforme, contrairement à son canton."
2517,61.3,61.3,38.7,"Derendingen (SO)","La réforme du service civil passe la rampe avec 61,3 pour cent de oui à Derendingen. Derendingen a approuvé la réforme, tout comme son canton."
2518,23.1,23.1,76.9,"Etziken (SO)","Les habitants d'Etziken s'opposent à la réforme du service civil par 76,9 pour cent des voix. Etziken a rejeté la réforme, contrairement à son canton."
2519,28.3,28.3,71.7,"Gerlafingen (SO)","La réforme du service civil n'a pas convaincu à Gerlafingen. Les citoyens de la commune ont refusé le texte à 71,7 pour cent. Gerlafingen a rejeté la réforme, contrairement à son canton."
2523,36.9,36.9,63.1,"Horriwil (SO)","La population de Horriwil rejette à 63,1 pour cent des voix la réforme du service civil. Horriwil a rejeté la réforme, contrairement à son canton."
2524,50.2,50.2,49.8,"Hüniken (SO)","A Hüniken, les habitants disent oui à 50,2 pour cent à la réforme du service civil. Hüniken a approuvé la réforme, tout comme son canton."
2525,40,40,60,"Kriegstetten (SO)","A Kriegstetten, les citoyens rejettent à 60 pour cent la réforme du service civil. Kriegstetten a rejeté la réforme, contrairement à son canton."
2526,5.2,5.2,94.8,"Lohn-Ammannsegg (SO)","La réforme du service civil n'a pas convaincu à Lohn-Ammannsegg. Les citoyens de la commune ont refusé le texte à 94,8 pour cent. Lohn-Ammannsegg a rejeté la réforme, contrairement à son canton."
2527,29.1,29.1,70.9,"Luterbach (SO)","La réforme du service civil est refusée à 70,9 pour cent à Luterbach. Luterbach a rejeté la réforme, contrairement à son canton."
2528,63.7,63.7,36.3,"Obergerlafingen (SO)","La réforme du service civil est approuvée à Obergerlafingen par 63,7 pour cent des votants. Obergerlafingen a approuvé la réforme, tout comme son canton."
2530,35.6,35.6,64.4,"Recherswil (SO)","A Recherswil, les citoyens rejettent à 64,4 pour cent la réforme du service civil. Recherswil a rejeté la réforme, contrairement à son canton."
2532,60.4,60.4,39.6,"Subingen (SO)","La réforme du service civil est approuvée à Subingen par 60,4 pour cent des votants. Subingen a approuvé la réforme, tout comme son canton."
2534,49,49,51,"Zuchwil (SO)","La réforme du service civil n'a pas convaincu à Zuchwil. Les citoyens de la commune ont refusé le texte à 51 pour cent. Zuchwil a rejeté la réforme, contrairement à son canton."
2535,82.3,82.3,17.7,"Drei Höfe (SO)","Drei Höfe dit oui à 82,3 pour cent à la réforme du service civil. Drei Höfe a approuvé la réforme, tout comme son canton."
2541,23.1,23.1,76.9,"Balm bei Günsberg (SO)","La réforme du service civil est refusée à 76,9 pour cent à Balm bei Günsberg. Balm bei Günsberg a rejeté la réforme, contrairement à son canton."
2542,51.6,51.6,48.4,"Bellach (SO)","Les habitants de Bellach soutiennent à 51,6 pour cent la réforme du service civil. Bellach a approuvé la réforme, tout comme son canton."
2543,50.1,50.1,49.9,"Bettlach (SO)","La réforme du service civil passe la rampe avec 50,1 pour cent de oui à Bettlach. Bettlach a approuvé la réforme, tout comme son canton."
2544,79.4,79.4,20.6,"Feldbrunnen-St. Niklaus (SO)","La population de Feldbrunnen-St. Niklaus approuve à 79,4 pour cent la réforme du service civil. Feldbrunnen-St. Niklaus a approuvé la réforme, tout comme son canton."
2545,62.9,62.9,37.1,"Flumenthal (SO)","La réforme du service civil passe la rampe avec 62,9 pour cent de oui à Flumenthal. Flumenthal a approuvé la réforme, tout comme son canton."
2546,32,32,68,"Granges (SO)","La réforme du service civil est refusée à 68 pour cent à Granges (SO). Granges (SO) a rejeté la réforme, contrairement à son canton."
2547,40.6,40.6,59.4,"Günsberg (SO)","La réforme du service civil est refusée à 59,4 pour cent à Günsberg. Günsberg a rejeté la réforme, contrairement à son canton."
2548,34.7,34.7,65.3,"Hubersdorf (SO)","La population de Hubersdorf rejette à 65,3 pour cent des voix la réforme du service civil. Hubersdorf a rejeté la réforme, contrairement à son canton."
2549,35.1,35.1,64.9,"Kammersrohr (SO)","C'est non à la réforme du service civil à Kammersrohr. Les habitants ont refusé le texte à 64,9 pour cent. Kammersrohr a rejeté la réforme, contrairement à son canton."
2550,89.3,89.3,10.7,"Langendorf (SO)","Langendorf dit oui à 89,3 pour cent à la réforme du service civil. Langendorf a approuvé la réforme, tout comme son canton."
2551,52.2,52.2,47.8,"Lommiswil (SO)","A Lommiswil, les habitants disent oui à 52,2 pour cent à la réforme du service civil. Lommiswil a approuvé la réforme, tout comme son canton."
2553,86.6,86.6,13.4,"Oberdorf (SO)","Oberdorf (SO) dit oui à 86,6 pour cent à la réforme du service civil. Oberdorf (SO) a approuvé la réforme, tout comme son canton."
2554,12.3,12.3,87.7,"Riedholz (SO)","La réforme du service civil n'a pas convaincu à Riedholz. Les citoyens de la commune ont refusé le texte à 87,7 pour cent. Riedholz a rejeté la réforme, contrairement à son canton."
2555,73.2,73.2,26.8,"Rüttenen (SO)","A Rüttenen, les habitants disent oui à 73,2 pour cent à la réforme du service civil. Rüttenen a approuvé la réforme, tout comme son canton."
2556,21.6,21.6,78.4,"Selzach (SO)","La population de Selzach rejette à 78,4 pour cent des voix la réforme du service civil. Selzach a rejeté la réforme, contrairement à son canton."
2571,36.8,36.8,63.2,"Boningen (SO)","Les habitants de Boningen s'opposent à la réforme du service civil par 63,2 pour cent des voix. Boningen a rejeté la réforme, contrairement à son canton."
2572,32.1,32.1,67.9,"Däniken (SO)","Les habitants de Däniken s'opposent à la réforme du service civil par 67,9 pour cent des voix. Däniken a rejeté la réforme, contrairement à son canton."
2573,61.1,61.1,38.9,"Dulliken (SO)","La population de Dulliken approuve à 61,1 pour cent la réforme du service civil. Dulliken a approuvé la réforme, tout comme son canton."
2574,26.9,26.9,73.1,"Eppenberg-Wöschnau (SO)","La réforme du service civil n'a pas trouvé grâce aux yeux des citoyens d'Eppenberg-Wöschnau. Ils ont refusé le texte à 73,1 pour cent. Eppenberg-Wöschnau a rejeté la réforme, contrairement à son canton."
2575,53.2,53.2,46.8,"Fulenbach (SO)","Les habitants de Fulenbach acceptent à 53,2 pour cent la réforme du service civil. Fulenbach a approuvé la réforme, tout comme son canton."
2576,24.9,24.9,75.1,"Gretzenbach (SO)","La réforme du service civil n'a pas trouvé grâce aux yeux des citoyens de Gretzenbach. Ils ont refusé le texte à 75,1 pour cent. Gretzenbach a rejeté la réforme, contrairement à son canton."
2578,7,7,93,"Gunzgen (SO)","C'est non à la réforme du service civil à Gunzgen. Les habitants ont refusé le texte à 93 pour cent. Gunzgen a rejeté la réforme, contrairement à son canton."
2579,61.2,61.2,38.8,"Hägendorf (SO)","La réforme du service civil est approuvée à Hägendorf par 61,2 pour cent des votants. Hägendorf a approuvé la réforme, tout comme son canton."
2580,91.5,91.5,8.5,"Kappel (SO)","La réforme du service civil est approuvée à Kappel (SO) par 91,5 pour cent des votants. Kappel (SO) a approuvé la réforme, tout comme son canton."
2581,13.9,13.9,86.1,"Olten (SO)","La réforme du service civil est refusée à 86,1 pour cent à Olten. Olten a rejeté la réforme, contrairement à son canton."
2582,53.2,53.2,46.8,"Rickenbach (SO)","La réforme du service civil passe la rampe avec 53,2 pour cent de oui à Rickenbach (SO). Rickenbach (SO) a approuvé la réforme, tout comme son canton."
2583,39.2,39.2,60.8,"Schönenwerd (SO)","A Schönenwerd, les citoyens rejettent à 60,8 pour cent la réforme du service civil. Schönenwerd a rejeté la réforme, contrairement à son canton."
2584,32.9,32.9,67.1,"Starrkirch-Wil (SO)","La réforme du service civil est refusée à 67,1 pour cent à Starrkirch-Wil. Starrkirch-Wil a rejeté la réforme, contrairement à son canton."
2585,55.1,55.1,44.9,"Walterswil (SO)","La réforme du service civil passe la rampe avec 55,1 pour cent de oui à Walterswil (SO). Walterswil (SO) a approuvé la réforme, tout comme son canton."
2586,28.5,28.5,71.5,"Wangen bei Olten (SO)","C'est non à la réforme du service civil à Wangen bei Olten. Les habitants ont refusé le texte à 71,5 pour cent. Wangen bei Olten a rejeté la réforme, contrairement à son canton."
2601,47.9,47.9,52.1,"Soleure (SO)","La réforme du service civil n'a pas convaincu à Soleure. Les citoyens de la commune ont refusé le texte à 52,1 pour cent. Soleure a rejeté la réforme, contrairement à son canton."
2611,84.6,84.6,15.4,"Bärschwil (SO)","A Bärschwil, les habitants disent oui à 84,6 pour cent à la réforme du service civil. Bärschwil a approuvé la réforme, tout comme son canton."
2612,13.3,13.3,86.7,"Beinwil (SO)","La réforme du service civil n'a pas convaincu à Beinwil (SO). Les citoyens de la commune ont refusé le texte à 86,7 pour cent. Beinwil (SO) a rejeté la réforme, contrairement à son canton."
2613,49.7,49.7,50.3,"Breitenbach (SO)","La population de Breitenbach rejette à 50,3 pour cent des voix la réforme du service civil. Breitenbach a rejeté la réforme, contrairement à son canton."
2614,65.9,65.9,34.1,"Büsserach (SO)","La réforme du service civil est approuvée à Büsserach par 65,9 pour cent des votants. Büsserach a approuvé la réforme, tout comme son canton."
2615,57.3,57.3,42.7,"Erschwil (SO)","Les habitants d'Erschwil soutiennent à 57,3 pour cent la réforme du service civil. Erschwil a approuvé la réforme, tout comme son canton."
2616,50.5,50.5,49.5,"Fehren (SO)","Fehren dit oui à 50,5 pour cent à la réforme du service civil. Fehren a approuvé la réforme, tout comme son canton."
2617,43.5,43.5,56.5,"Grindel (SO)","Les habitants de Grindel s'opposent à la réforme du service civil par 56,5 pour cent des voix. Grindel a rejeté la réforme, contrairement à son canton."
2618,93.7,93.7,6.3,"Himmelried (SO)","A Himmelried, les habitants disent oui à 93,7 pour cent à la réforme du service civil. Himmelried a approuvé la réforme, tout comme son canton."
2619,23.5,23.5,76.5,"Kleinlützel (SO)","La réforme du service civil est refusée à 76,5 pour cent à Kleinlützel. Kleinlützel a rejeté la réforme, contrairement à son canton."
2620,80.3,80.3,19.7,"Meltingen (SO)","La réforme du service civil est approuvée à Meltingen par 80,3 pour cent des votants. Meltingen a approuvé la réforme, tout comme son canton."
2621,79,79,21,"Nunningen (SO)","Nunningen dit oui à 79 pour cent à la réforme du service civil. Nunningen a approuvé la réforme, tout comme son canton."
2622,60.7,60.7,39.3,"Zullwil (SO)","Les habitants de Zullwil acceptent à 60,7 pour cent la réforme du service civil. Zullwil a approuvé la réforme, tout comme son canton."
2701,32.8,32.8,67.2,"Bâle (BS)","A Bâle, les citoyens rejettent à 67,2 pour cent la réforme du service civil. Bâle a rejeté la réforme, tout comme son canton."
2702,6.2,6.2,93.8,"Bettingen (BS)","La population de Bettingen rejette à 93,8 pour cent des voix la réforme du service civil. Le plus fort pourcentage de non du canton de Bâle-Ville a été obtenu à Bettingen."
2703,79,79,21,"Riehen (BS)","A Riehen, les habitants disent oui à 79 pour cent à la réforme du service civil. Le plus fort pourcentage de oui du canton de Bâle-Ville a été obtenu à Riehen."
2761,29.7,29.7,70.3,"Aesch (BL)","La réforme du service civil n'a pas trouvé grâce aux yeux des citoyens d'Aesch (BL). Ils ont refusé le texte à 70,3 pour cent. Aesch (BL) a rejeté la réforme, tout comme son canton."
2762,73.9,73.9,26.1,"Allschwil (BL)","Allschwil dit oui à 73,9 pour cent à la réforme du service civil. Allschwil a approuvé la réforme, contrairement à son canton."
2763,81.9,81.9,18.1,"Arlesheim (BL)","A Arlesheim, les habitants disent oui à 81,9 pour cent à la réforme du service civil. Arlesheim a approuvé la réforme, contrairement à son canton."
2764,17.4,17.4,82.6,"Biel-Benken (BL)","C'est non à la réforme du service civil à Biel-Benken. Les habitants ont refusé le texte à 82,6 pour cent. Biel-Benken a rejeté la réforme, tout comme son canton."
2765,89.6,89.6,10.4,"Binningen (BL)","A Binningen, les habitants disent oui à 89,6 pour cent à la réforme du service civil. Binningen a approuvé la réforme, contrairement à son canton."
2766,38.9,38.9,61.1,"Birsfelden (BL)","Les habitants de Birsfelden s'opposent à la réforme du service civil par 61,1 pour cent des voix. Birsfelden a rejeté la réforme, tout comme son canton."
2767,68.4,68.4,31.6,"Bottmingen (BL)","La réforme du service civil est approuvée à Bottmingen par 68,4 pour cent des votants. Bottmingen a approuvé la réforme, contrairement à son canton."
2768,2.3,2.3,97.7,"Ettingen (BL)","La population d'Ettingen rejette à 97,7 pour cent des voix la réforme du service civil. Ettingen a rejeté la réforme, tout comme son canton."
2769,57,57,43,"Münchenstein (BL)","A Münchenstein, les habitants disent oui à 57 pour cent à la réforme du service civil. Münchenstein a approuvé la réforme, contrairement à son canton."
2770,0.9,0.9,99.1,"Muttenz (BL)","C'est non à la réforme du service civil à Muttenz. Les habitants ont refusé le texte à 99,1 pour cent. Le plus fort pourcentage de non du canton de Bâle-Campagne a été obtenu à Muttenz."
2771,38.2,38.2,61.8,"Oberwil (BL)","La population d'Oberwil (BL) rejette à 61,8 pour cent des voix la réforme du service civil. Oberwil (BL) a rejeté la réforme, tout comme son canton."
2772,85.3,85.3,14.7,"Pfeffingen (BL)","Les habitants de Pfeffingen acceptent à 85,3 pour cent la réforme du service civil. Pfeffingen a approuvé la réforme, contrairement à son canton."
2773,9.3,9.3,90.7,"Reinach (BL)","La réforme du service civil est refusée à 90,7 pour cent à Reinach (BL). Reinach (BL) a rejeté la réforme, tout comme son canton."
2774,60.9,60.9,39.1,"Schönenbuch (BL)","La réforme du service civil est approuvée à Schönenbuch par 60,9 pour cent des votants. Schönenbuch a approuvé la réforme, contrairement à son canton."
2775,95,95,5,"Therwil (BL)","Therwil dit oui à 95 pour cent à la réforme du service civil. Therwil a approuvé la réforme, contrairement à son canton."
2781,30.7,30.7,69.3,"Blauen (BL)","A Blauen, les citoyens rejettent à 69,3 pour cent la réforme du service civil. Blauen a rejeté la réforme, tout comme son canton."
2782,46.1,46.1,53.9,"Brislach (BL)","La réforme du service civil n'a pas convaincu à Brislach. Les citoyens de la commune ont refusé le texte à 53,9 pour cent. Brislach a rejeté la réforme, tout comme son canton."
2783,89.8,89.8,10.2,"Burg im Leimental (BL)","La population de Burg im Leimental approuve à 89,8 pour cent la réforme du service civil. Burg im Leimental a approuvé la réforme, contrairement à son canton."
2784,87.1,87.1,12.9,"Dittingen (BL)","La réforme du service civil est approuvée à Dittingen par 87,1 pour cent des votants. Dittingen a approuvé la réforme, contrairement à son canton."
2785,73.3,73.3,26.7,"Duggingen (BL)","Duggingen dit oui à 73,3 pour cent à la réforme du service civil. Duggingen a approuvé la réforme, contrairement à son canton."
2786,67.9,67.9,32.1,"Grellingen (BL)","Les habitants de Grellingen acceptent à 67,9 pour cent la réforme du service civil. Grellingen a approuvé la réforme, contrairement à son canton."
2787,62.2,62.2,37.8,"Laufon (BL)","La réforme du service civil est approuvée à Laufon par 62,2 pour cent des votants. Laufon a approuvé la réforme, contrairement à son canton."
2788,30.2,30.2,69.8,"Liesberg (BL)","Les habitants de Liesberg s'opposent à la réforme du service civil par 69,8 pour cent des voix. Liesberg a rejeté la réforme, tout comme son canton."
2789,62.5,62.5,37.5,"Nenzlingen (BL)","A Nenzlingen, les habitants disent oui à 62,5 pour cent à la réforme du service civil. Nenzlingen a approuvé la réforme, contrairement à son canton."
2790,70.5,70.5,29.5,"Roggenburg (BL)","Les habitants de Roggenburg acceptent à 70,5 pour cent la réforme du service civil. Roggenburg a approuvé la réforme, contrairement à son canton."
2791,16.9,16.9,83.1,"Röschenz (BL)","La réforme du service civil n'a pas trouvé grâce aux yeux des citoyens de Röschenz. Ils ont refusé le texte à 83,1 pour cent. Röschenz a rejeté la réforme, tout comme son canton."
2792,48.3,48.3,51.7,"Wahlen (BL)","La population de Wahlen rejette à 51,7 pour cent des voix la réforme du service civil. Wahlen a rejeté la réforme, tout comme son canton."
2793,53.7,53.7,46.3,"Zwingen (BL)","Les habitants de Zwingen soutiennent à 53,7 pour cent la réforme du service civil. Zwingen a approuvé la réforme, contrairement à son canton."
2821,88,88,12,"Arisdorf (BL)","A Arisdorf, les habitants disent oui à 88 pour cent à la réforme du service civil. Arisdorf a approuvé la réforme, contrairement à son canton."
2822,53.2,53.2,46.8,"Augst (BL)","La population d'Augst approuve à 53,2 pour cent la réforme du service civil. Augst a approuvé la réforme, contrairement à son canton."
2823,14.9,14.9,85.1,"Bubendorf (BL)","La population de Bubendorf rejette à 85,1 pour cent des voix la réforme du service civil. Bubendorf a rejeté la réforme, tout comme son canton."
2824,71.2,71.2,28.8,"Frenkendorf (BL)","A Frenkendorf, les habitants disent oui à 71,2 pour cent à la réforme du service civil. Frenkendorf a approuvé la réforme, contrairement à son canton."
2825,98.2,98.2,1.8,"Füllinsdorf (BL)","La population de Füllinsdorf approuve à 98,2 pour cent la réforme du service civil. Le plus fort pourcentage de oui du canton de Bâle-Campagne a été obtenu à Füllinsdorf."
2826,54.6,54.6,45.4,"Giebenach (BL)","La réforme du service civil passe la rampe avec 54,6 pour cent de oui à Giebenach. Giebenach a approuvé la réforme, contrairement à son canton."
2827,60.6,60.6,39.4,"Hersberg (BL)","Hersberg dit oui à 60,6 pour cent à la réforme du service civil. Hersberg a approuvé la réforme, contrairement à son canton."
2828,59.6,59.6,40.4,"Lausen (BL)","A Lausen, les habitants disent oui à 59,6 pour cent à la réforme du service civil. Lausen a approuvé la réforme, contrairement à son canton."
2829,69.2,69.2,30.8,"Liestal (BL)","Les habitants de Liestal soutiennent à 69,2 pour cent la réforme du service civil. Liestal a approuvé la réforme, contrairement à son canton."
2830,81.1,81.1,18.9,"Lupsingen (BL)","Les habitants de Lupsingen acceptent à 81,1 pour cent la réforme du service civil. Lupsingen a approuvé la réforme, contrairement à son canton."
2831,67.2,67.2,32.8,"Pratteln (BL)","La réforme du service civil passe la rampe avec 67,2 pour cent de oui à Pratteln. Pratteln a approuvé la réforme, contrairement à son canton."
2832,85.6,85.6,14.4,"Ramlinsburg (BL)","Ramlinsburg dit oui à 85,6 pour cent à la réforme du service civil. Ramlinsburg a approuvé la réforme, contrairement à son canton."
2833,7.2,7.2,92.8,"Seltisberg (BL)","La réforme du service civil n'a pas trouvé grâce aux yeux des citoyens de Seltisberg. Ils ont refusé le texte à 92,8 pour cent. Seltisberg a rejeté la réforme, tout comme son canton."
2834,43.3,43.3,56.7,"Ziefen (BL)","La réforme du service civil n'a pas trouvé grâce aux yeux des citoyens de Ziefen. Ils ont refusé le texte à 56,7 pour cent. Ziefen a rejeté la réforme, tout comme son canton."
2841,34.6,34.6,65.4,"Anwil (BL)","Les habitants d'Anwil s'opposent à la réforme du service civil par 65,4 pour cent des voix. Anwil a rejeté la réforme, tout comme son canton."
2842,19.8,19.8,80.2,"Böckten (BL)","La population de Böckten rejette à 80,2 pour cent des voix la réforme du service civil. Böckten a rejeté la réforme, tout comme son canton."
2843,75.5,75.5,24.5,"Buckten (BL)","Les habitants de Buckten soutiennent à 75,5 pour cent la réforme du service civil. Buckten a approuvé la réforme, contrairement à son canton."
2844,20.3,20.3,79.7,"Buus (BL)","Les habitants de Buus s'opposent à la réforme du service civil par 79,7 pour cent des voix. Buus a rejeté la réforme, tout comme son canton."
2845,29.4,29.4,70.6,"Diepflingen (BL)","La réforme du service civil n'a pas trouvé grâce aux yeux des citoyens de Diepflingen. Ils ont refusé le texte à 70,6 pour cent. Diepflingen a rejeté la réforme, tout comme son canton."
2846,33.8,33.8,66.2,"Gelterkinden (BL)","Les habitants de Gelterkinden s'opposent à la réforme du service civil par 66,2 pour cent des voix. Gelterkinden a rejeté la réforme, tout comme son canton."
2847,1.2,1.2,98.8,"Häfelfingen (BL)","C'est non à la réforme du service civil à Häfelfingen. Les habitants ont refusé le texte à 98,8 pour cent. Häfelfingen a rejeté la réforme, tout comme son canton."
2848,70.1,70.1,29.9,"Hemmiken (BL)","La réforme du service civil passe la rampe avec 70,1 pour cent de oui à Hemmiken. Hemmiken a approuvé la réforme, contrairement à son canton."
2849,80.7,80.7,19.3,"Itingen (BL)","La réforme du service civil est approuvée à Itingen par 80,7 pour cent des votants. Itingen a approuvé la réforme, contrairement à son canton."
2850,36,36,64,"Känerkinden (BL)","La réforme du service civil n'a pas convaincu à Känerkinden. Les citoyens de la commune ont refusé le texte à 64 pour cent. Känerkinden a rejeté la réforme, tout comme son canton."
2851,68.6,68.6,31.4,"Kilchberg (BL)","Kilchberg (BL) dit oui à 68,6 pour cent à la réforme du service civil. Kilchberg (BL) a approuvé la réforme, contrairement à son canton."
2852,66.5,66.5,33.5,"Läufelfingen (BL)","A Läufelfingen, les habitants disent oui à 66,5 pour cent à la réforme du service civil. Läufelfingen a approuvé la réforme, contrairement à son canton."
2853,55.7,55.7,44.3,"Maisprach (BL)","La réforme du service civil est approuvée à Maisprach par 55,7 pour cent des votants. Maisprach a approuvé la réforme, contrairement à son canton."
2854,45.9,45.9,54.1,"Nusshof (BL)","La réforme du service civil est refusée à 54,1 pour cent à Nusshof. Nusshof a rejeté la réforme, tout comme son canton."
2855,43.4,43.4,56.6,"Oltingen (BL)","La réforme du service civil n'a pas trouvé grâce aux yeux des citoyens d'Oltingen. Ils ont refusé le texte à 56,6 pour cent. Oltingen a rejeté la réforme, tout comme son canton."
2856,87.6,87.6,12.4,"Ormalingen (BL)","La réforme du service civil est approuvée à Ormalingen par 87,6 pour cent des votants. Ormalingen a approuvé la réforme, contrairement à son canton."
2857,81.6,81.6,18.4,"Rickenbach (BL)","Les habitants de Rickenbach (BL) acceptent à 81,6 pour cent la réforme du service civil. Rickenbach (BL) a approuvé la réforme, contrairement à son canton."
2858,30.3,30.3,69.7,"Rothenfluh (BL)","Les habitants de Rothenfluh s'opposent à la réforme du service civil par 69,7 pour cent des voix. Rothenfluh a rejeté la réforme, tout comme son canton."
2859,55.9,55.9,44.1,"Rümlingen (BL)","La population de Rümlingen approuve à 55,9 pour cent la réforme du service civil. Rümlingen a approuvé la réforme, contrairement à son canton."
2860,49.1,49.1,50.9,"Rünenberg (BL)","Les habitants de Rünenberg s'opposent à la réforme du service civil par 50,9 pour cent des voix. Rünenberg a rejeté la réforme, tout comme son canton."
2861,69.9,69.9,30.1,"Sissach (BL)","A Sissach, les habitants disent oui à 69,9 pour cent à la réforme du service civil. Sissach a approuvé la réforme, contrairement à son canton."
2862,34.3,34.3,65.7,"Tecknau (BL)","La réforme du service civil n'a pas convaincu à Tecknau. Les citoyens de la commune ont refusé le texte à 65,7 pour cent. Tecknau a rejeté la réforme, tout comme son canton."
2863,7.7,7.7,92.3,"Tenniken (BL)","C'est non à la réforme du service civil à Tenniken. Les habitants ont refusé le texte à 92,3 pour cent. Tenniken a rejeté la réforme, tout comme son canton."
2864,47.7,47.7,52.3,"Thürnen (BL)","La population de Thürnen rejette à 52,3 pour cent des voix la réforme du service civil. Thürnen a rejeté la réforme, tout comme son canton."
2865,21.3,21.3,78.7,"Wenslingen (BL)","La réforme du service civil n'a pas trouvé grâce aux yeux des citoyens de Wenslingen. Ils ont refusé le texte à 78,7 pour cent. Wenslingen a rejeté la réforme, tout comme son canton."
2866,54.5,54.5,45.5,"Wintersingen (BL)","Wintersingen dit oui à 54,5 pour cent à la réforme du service civil. Wintersingen a approuvé la réforme, contrairement à son canton."
2867,82.4,82.4,17.6,"Wittinsburg (BL)","A Wittinsburg, les habitants disent oui à 82,4 pour cent à la réforme du service civil. Wittinsburg a approuvé la réforme, contrairement à son canton."
2868,24.8,24.8,75.2,"Zeglingen (BL)","La réforme du service civil n'a pas convaincu à Zeglingen. Les citoyens de la commune ont refusé le texte à 75,2 pour cent. Zeglingen a rejeté la réforme, tout comme son canton."
2869,34.8,34.8,65.2,"Zunzgen (BL)","Les habitants de Zunzgen s'opposent à la réforme du service civil par 65,2 pour cent des voix. Zunzgen a rejeté la réforme, tout comme son canton."
2881,58.1,58.1,41.9,"Arboldswil (BL)","Les habitants d'Arboldswil acceptent à 58,1 pour cent la réforme du service civil. Arboldswil a approuvé la réforme, contrairement à son canton."
2882,72.9,72.9,27.1,"Bennwil (BL)","Les habitants de Bennwil soutiennent à 72,9 pour cent la réforme du service civil. Bennwil a approuvé la réforme, contrairement à son canton."
2883,70.1,70.1,29.9,"Bretzwil (BL)","Bretzwil dit oui à 70,1 pour cent à la réforme du service civil. Bretzwil a approuvé la réforme, contrairement à son canton."
2884,63.7,63.7,36.3,"Diegten (BL)","Diegten dit oui à 63,7 pour cent à la réforme du service civil. Diegten a approuvé la réforme, contrairement à son canton."
2885,62.1,62.1,37.9,"Eptingen (BL)","Les habitants d'Eptingen acceptent à 62,1 pour cent la réforme du service civil. Eptingen a approuvé la réforme, contrairement à son canton."
2886,76,76,24,"Hölstein (BL)","La population de Hölstein approuve à 76 pour cent la réforme du service civil. Hölstein a approuvé la réforme, contrairement à son canton."
2887,88.3,88.3,11.7,"Lampenberg (BL)","La réforme du service civil passe la rampe avec 88,3 pour cent de oui à Lampenberg. Lampenberg a approuvé la réforme, contrairement à son canton."
2888,3.6,3.6,96.4,"Langenbruck (BL)","C'est non à la réforme du service civil à Langenbruck. Les habitants ont refusé le texte à 96,4 pour cent. Langenbruck a rejeté la réforme, tout comme son canton."
2889,36.2,36.2,63.8,"Lauwil (BL)","C'est non à la réforme du service civil à Lauwil. Les habitants ont refusé le texte à 63,8 pour cent. Lauwil a rejeté la réforme, tout comme son canton."
2890,16.7,16.7,83.3,"Liedertswil (BL)","C'est non à la réforme du service civil à Liedertswil. Les habitants ont refusé le texte à 83,3 pour cent. Liedertswil a rejeté la réforme, tout comme son canton."
2891,43.1,43.1,56.9,"Niederdorf (BL)","C'est non à la réforme du service civil à Niederdorf. Les habitants ont refusé le texte à 56,9 pour cent. Niederdorf a rejeté la réforme, tout comme son canton."
2892,45,45,55,"Oberdorf (BL)","La population d'Oberdorf (BL) rejette à 55 pour cent des voix la réforme du service civil. Oberdorf (BL) a rejeté la réforme, tout comme son canton."
2893,57.6,57.6,42.4,"Reigoldswil (BL)","Les habitants de Reigoldswil acceptent à 57,6 pour cent la réforme du service civil. Reigoldswil a approuvé la réforme, contrairement à son canton."
2894,29.7,29.7,70.3,"Titterten (BL)","La population de Titterten rejette à 70,3 pour cent des voix la réforme du service civil. Titterten a rejeté la réforme, tout comme son canton."
2895,57.3,57.3,42.7,"Waldenburg (BL)","Les habitants de Waldenburg acceptent à 57,3 pour cent la réforme du service civil. Waldenburg a approuvé la réforme, contrairement à son canton."
2901,17.8,17.8,82.2,"Gächlingen (SH)","Les habitants de Gächlingen s'opposent à la réforme du service civil par 82,2 pour cent des voix. Gächlingen a rejeté la réforme, tout comme son canton."
2903,93.1,93.1,6.9,"Löhningen (SH)","La réforme du service civil passe la rampe avec 93,1 pour cent de oui à Löhningen. Le plus fort pourcentage de oui du canton de Schaffhouse a été obtenu à Löhningen."
2904,42.9,42.9,57.1,"Neunkirch (SH)","La réforme du service civil est refusée à 57,1 pour cent à Neunkirch. Neunkirch a rejeté la réforme, tout comme son canton."
2914,14.6,14.6,85.4,"Büttenhardt (SH)","La réforme du service civil est refusée à 85,4 pour cent à Büttenhardt. Büttenhardt a rejeté la réforme, tout comme son canton."
2915,49.7,49.7,50.3,"Dörflingen (SH)","La réforme du service civil n'a pas trouvé grâce aux yeux des citoyens de Dörflingen. Ils ont refusé le texte à 50,3 pour cent. Dörflingen a rejeté la réforme, tout comme son canton."
2917,89.5,89.5,10.5,"Lohn (SH)","Lohn (SH) dit oui à 89,5 pour cent à la réforme du service civil. Lohn (SH) a approuvé la réforme, contrairement à son canton."
2919,65.3,65.3,34.7,"Stetten (SH)","Les habitants de Stetten (SH) acceptent à 65,3 pour cent la réforme du service civil. Stetten (SH) a approuvé la réforme, contrairement à son canton."
2920,87.8,87.8,12.2,"Thayngen (SH)","A Thayngen, les habitants disent oui à 87,8 pour cent à la réforme du service civil. Thayngen a approuvé la réforme, contrairement à son canton."
2931,72.6,72.6,27.4,"Bargen (SH)","Les habitants de Bargen (SH) acceptent à 72,6 pour cent la réforme du service civil. Bargen (SH) a approuvé la réforme, contrairement à son canton."
2932,33.2,33.2,66.8,"Beringen (SH)","Les habitants de Beringen s'opposent à la réforme du service civil par 66,8 pour cent des voix. Beringen a rejeté la réforme, tout comme son canton."
2933,25.1,25.1,74.9,"Buchberg (SH)","La population de Buchberg rejette à 74,9 pour cent des voix la réforme du service civil. Buchberg a rejeté la réforme, tout comme son canton."
2936,75.8,75.8,24.2,"Merishausen (SH)","Les habitants de Merishausen soutiennent à 75,8 pour cent la réforme du service civil. Merishausen a approuvé la réforme, contrairement à son canton."
2937,45,45,55,"Neuhausen am Rheinfall (SH)","Les habitants de Neuhausen am Rheinfall s'opposent à la réforme du service civil par 55 pour cent des voix. Neuhausen am Rheinfall a rejeté la réforme, tout comme son canton."
2938,42.5,42.5,57.5,"Rüdlingen (SH)","La réforme du service civil est refusée à 57,5 pour cent à Rüdlingen. Rüdlingen a rejeté la réforme, tout comme son canton."
2939,39.2,39.2,60.8,"Schaffhouse (SH)","La réforme du service civil est refusée à 60,8 pour cent à Schaffhouse. Schaffhouse a rejeté la réforme, tout comme son canton."
2951,8,8,92,"Beggingen (SH)","La réforme du service civil n'a pas convaincu à Beggingen. Les citoyens de la commune ont refusé le texte à 92 pour cent. Le plus fort pourcentage de non du canton de Schaffhouse a été obtenu à Beggingen."
2952,91.6,91.6,8.4,"Schleitheim (SH)","La réforme du service civil passe la rampe avec 91,6 pour cent de oui à Schleitheim. Schleitheim a approuvé la réforme, contrairement à son canton."
2953,19.8,19.8,80.2,"Siblingen (SH)","La population de Siblingen rejette à 80,2 pour cent des voix la réforme du service civil. Siblingen a rejeté la réforme, tout comme son canton."
2961,73.9,73.9,26.1,"Buch (SH)","A Buch (SH), les habitants disent oui à 73,9 pour cent à la réforme du service civil. Buch (SH) a approuvé la réforme, contrairement à son canton."
2962,65,65,35,"Hemishofen (SH)","Les habitants de Hemishofen soutiennent à 65 pour cent la réforme du service civil. Hemishofen a approuvé la réforme, contrairement à son canton."
2963,50.8,50.8,49.2,"Ramsen (SH)","La réforme du service civil est approuvée à Ramsen par 50,8 pour cent des votants. Ramsen a approuvé la réforme, contrairement à son canton."
2964,56.2,56.2,43.8,"Stein am Rhein (SH)","A Stein am Rhein, les habitants disent oui à 56,2 pour cent à la réforme du service civil. Stein am Rhein a approuvé la réforme, contrairement à son canton."
2971,71.5,71.5,28.5,"Hallau (SH)","Les habitants de Hallau acceptent à 71,5 pour cent la réforme du service civil. Hallau a approuvé la réforme, contrairement à son canton."
2972,33.1,33.1,66.9,"Oberhallau (SH)","Les habitants d'Oberhallau s'opposent à la réforme du service civil par 66,9 pour cent des voix. Oberhallau a rejeté la réforme, tout comme son canton."
2973,11.5,11.5,88.5,"Trasadingen (SH)","La réforme du service civil n'a pas convaincu à Trasadingen. Les citoyens de la commune ont refusé le texte à 88,5 pour cent. Trasadingen a rejeté la réforme, tout comme son canton."
2974,53.8,53.8,46.2,"Wilchingen (SH)","Les habitants de Wilchingen soutiennent à 53,8 pour cent la réforme du service civil. Wilchingen a approuvé la réforme, contrairement à son canton."
3001,69.8,69.8,30.2,"Herisau (AR)","La réforme du service civil passe la rampe avec 69,8 pour cent de oui à Herisau. Herisau a approuvé la réforme, tout comme son canton."
3002,70.7,70.7,29.3,"Hundwil (AR)","Les habitants de Hundwil soutiennent à 70,7 pour cent la réforme du service civil. Hundwil a approuvé la réforme, tout comme son canton."
3003,61.4,61.4,38.6,"Schönengrund (AR)","A Schönengrund, les habitants disent oui à 61,4 pour cent à la réforme du service civil. Schönengrund a approuvé la réforme, tout comme son canton."
3004,75.1,75.1,24.9,"Schwellbrunn (AR)","La population de Schwellbrunn approuve à 75,1 pour cent la réforme du service civil. Schwellbrunn a approuvé la réforme, tout comme son canton."
3005,43.6,43.6,56.4,"Stein (AR)","A Stein (AR), les citoyens rejettent à 56,4 pour cent la réforme du service civil. Stein (AR) a rejeté la réforme, contrairement à son canton."
3006,47.1,47.1,52.9,"Urnäsch (AR)","La réforme du service civil est refusée à 52,9 pour cent à Urnäsch. Urnäsch a rejeté la réforme, contrairement à son canton."
3007,36.3,36.3,63.7,"Waldstatt (AR)","La réforme du service civil n'a pas convaincu à Waldstatt. Les citoyens de la commune ont refusé le texte à 63,7 pour cent. Waldstatt a rejeté la réforme, contrairement à son canton."
3021,64.1,64.1,35.9,"Bühler (AR)","Les habitants de Bühler soutiennent à 64,1 pour cent la réforme du service civil. Bühler a approuvé la réforme, tout comme son canton."
3022,47.5,47.5,52.5,"Gais (AR)","La population de Gais rejette à 52,5 pour cent des voix la réforme du service civil. Gais a rejeté la réforme, contrairement à son canton."
3023,75.5,75.5,24.5,"Speicher (AR)","Les habitants de Speicher soutiennent à 75,5 pour cent la réforme du service civil. Speicher a approuvé la réforme, tout comme son canton."
3024,28.8,28.8,71.2,"Teufen (AR)","A Teufen (AR), les citoyens rejettent à 71,2 pour cent la réforme du service civil. Le plus fort pourcentage de non du canton d'Appenzell Rhodes-Extérieures a été obtenu à Teufen (AR)."
3025,92.8,92.8,7.2,"Trogen (AR)","La population de Trogen approuve à 92,8 pour cent la réforme du service civil. Le plus fort pourcentage de oui du canton d'Appenzell Rhodes-Extérieures a été obtenu à Trogen."
3031,56.5,56.5,43.5,"Grub (AR)","La réforme du service civil passe la rampe avec 56,5 pour cent de oui à Grub (AR). Grub (AR) a approuvé la réforme, tout comme son canton."
3032,55.6,55.6,44.4,"Heiden (AR)","Les habitants de Heiden soutiennent à 55,6 pour cent la réforme du service civil. Heiden a approuvé la réforme, tout comme son canton."
3033,63,63,37,"Lutzenberg (AR)","La réforme du service civil est approuvée à Lutzenberg par 63 pour cent des votants. Lutzenberg a approuvé la réforme, tout comme son canton."
3034,38.1,38.1,61.9,"Rehetobel (AR)","La population de Rehetobel rejette à 61,9 pour cent des voix la réforme du service civil. Rehetobel a rejeté la réforme, contrairement à son canton."
3035,68.7,68.7,31.3,"Reute (AR)","A Reute (AR), les habitants disent oui à 68,7 pour cent à la réforme du service civil. Reute (AR) a approuvé la réforme, tout comme son canton."
3036,38.9,38.9,61.1,"Wald (AR)","La réforme du service civil n'a pas convaincu à Wald (AR). Les citoyens de la commune ont refusé le texte à 61,1 pour cent. Wald (AR) a rejeté la réforme, contrairement à son canton."
3037,74.9,74.9,25.1,"Walzenhausen (AR)","A Walzenhausen, les habitants disent oui à 74,9 pour cent à la réforme du service civil. Walzenhausen a approuvé la réforme, tout comme son canton."
3038,50.5,50.5,49.5,"Wolfhalden (AR)","Les habitants de Wolfhalden soutiennent à 50,5 pour cent la réforme du service civil. Wolfhalden a approuvé la réforme, tout comme son canton."
3101,66.3,66.3,33.7,"Appenzell (AI)","Appenzell dit oui à 66,3 pour cent à la réforme du service civil. Appenzell a approuvé la réforme, contrairement à son canton."
3102,9.3,9.3,90.7,"Gonten (AI)","La réforme du service civil n'a pas convaincu à Gonten. Les citoyens de la commune ont refusé le texte à 90,7 pour cent. Le plus fort pourcentage de non du canton d'Appenzell Rhodes-Intérieures a été obtenu à Gonten."
3104,17.7,17.7,82.3,"Schlatt-Haslen (AI)","La population de Schlatt-Haslen rejette à 82,3 pour cent des voix la réforme du service civil. Schlatt-Haslen a rejeté la réforme, tout comme son canton."
3111,55.9,55.9,44.1,"Oberegg (AI)","La réforme du service civil est approuvée à Oberegg par 55,9 pour cent des votants. Oberegg a approuvé la réforme, contrairement à son canton."
3112,68.1,68.1,31.9,"Schwende-Rüti (AI)","La réforme du service civil passe la rampe avec 68,1 pour cent de oui à Schwende-Rüti. Le plus fort pourcentage de oui du canton d'Appenzell Rhodes-Intérieures a été obtenu à Schwende-Rüti."
3201,34.7,34.7,65.3,"Häggenschwil (SG)","La réforme du service civil n'a pas trouvé grâce aux yeux des citoyens de Häggenschwil. Ils ont refusé le texte à 65,3 pour cent. Häggenschwil a rejeté la réforme, contrairement à son canton."
3202,63,63,37,"Muolen (SG)","La population de Muolen approuve à 63 pour cent la réforme du service civil. Muolen a approuvé la réforme, tout comme son canton."
3203,2.4,2.4,97.6,"Saint-Gall (SG)","Les habitants de Saint-Gall s'opposent à la réforme du service civil par 97,6 pour cent des voix. Saint-Gall a rejeté la réforme, contrairement à son canton."
3204,37.7,37.7,62.3,"Wittenbach (SG)","La réforme du service civil n'a pas trouvé grâce aux yeux des citoyens de Wittenbach. Ils ont refusé le texte à 62,3 pour cent. Wittenbach a rejeté la réforme, contrairement à son canton."
3211,19.6,19.6,80.4,"Berg (SG)","La réforme du service civil est refusée à 80,4 pour cent à Berg (SG). Berg (SG) a rejeté la réforme, contrairement à son canton."
3212,39,39,61,"Eggersriet (SG)","C'est non à la réforme du service civil à Eggersriet. Les habitants ont refusé le texte à 61 pour cent. Eggersriet a rejeté la réforme, contrairement à son canton."
3213,1.2,1.2,98.8,"Goldach (SG)","La réforme du service civil n'a pas convaincu à Goldach. Les citoyens de la commune ont refusé le texte à 98,8 pour cent. Le plus fort pourcentage de non du canton de Saint-Gall a été obtenu à Goldach."
3214,36.4,36.4,63.6,"Mörschwil (SG)","Les habitants de Mörschwil s'opposent à la réforme du service civil par 63,6 pour cent des voix. Mörschwil a rejeté la réforme, contrairement à son canton."
3215,40,40,60,"Rorschach (SG)","La réforme du service civil n'a pas convaincu à Rorschach. Les citoyens de la commune ont refusé le texte à 60 pour cent. Rorschach a rejeté la réforme, contrairement à son canton."
3216,46,46,54,"Rorschacherberg (SG)","C'est non à la réforme du service civil à Rorschacherberg. Les habitants ont refusé le texte à 54 pour cent. Rorschacherberg a rejeté la réforme, contrairement à son canton."
3217,19.8,19.8,80.2,"Steinach (SG)","La réforme du service civil n'a pas trouvé grâce aux yeux des citoyens de Steinach. Ils ont refusé le texte à 80,2 pour cent. Steinach a rejeté la réforme, contrairement à son canton."
3218,75.4,75.4,24.6,"Tübach (SG)","La réforme du service civil passe la rampe avec 75,4 pour cent de oui à Tübach. Tübach a approuvé la réforme, tout comme son canton."
3219,54.6,54.6,45.4,"Untereggen (SG)","Les habitants d'Untereggen soutiennent à 54,6 pour cent la réforme du service civil. Untereggen a approuvé la réforme, tout comme son canton."
3231,58.7,58.7,41.3,"Au (SG)","La réforme du service civil est approuvée à Au (SG) par 58,7 pour cent des votants. Au (SG) a approuvé la réforme, tout comme son canton."
3232,46.6,46.6,53.4,"Balgach (SG)","La réforme du service civil n'a pas convaincu à Balgach. Les citoyens de la commune ont refusé le texte à 53,4 pour cent. Balgach a rejeté la réforme, contrairement à son canton."
3233,57.3,57.3,42.7,"Berneck (SG)","A Berneck, les habitants disent oui à 57,3 pour cent à la réforme du service civil. Berneck a approuvé la réforme, tout comme son canton."
3234,58.9,58.9,41.1,"Diepoldsau (SG)","La population de Diepoldsau approuve à 58,9 pour cent la réforme du service civil. Diepoldsau a approuvé la réforme, tout comme son canton."
3235,46.7,46.7,53.3,"Rheineck (SG)","La réforme du service civil n'a pas convaincu à Rheineck. Les citoyens de la commune ont refusé le texte à 53,3 pour cent. Rheineck a rejeté la réforme, contrairement à son canton."
3236,61.2,61.2,38.8,"St. Margrethen (SG)","St. Margrethen dit oui à 61,2 pour cent à la réforme du service civil. St. Margrethen a approuvé la réforme, tout comme son canton."
3237,21.3,21.3,78.7,"Thal (SG)","La réforme du service civil n'a pas convaincu à Thal. Les citoyens de la commune ont refusé le texte à 78,7 pour cent. Thal a rejeté la réforme, contrairement à son canton."
3238,37.3,37.3,62.7,"Widnau (SG)","A Widnau, les citoyens rejettent à 62,7 pour cent la réforme du service civil. Widnau a rejeté la réforme, contrairement à son canton."
3251,50,50,50,"Altstätten (SG)","La réforme du service civil n'a pas convaincu à Altstätten. Les citoyens de la commune ont refusé le texte à 50 pour cent. Altstätten a rejeté la réforme, contrairement à son canton."
3252,79,79,21,"Eichberg (SG)","La population d'Eichberg approuve à 79 pour cent la réforme du service civil. Eichberg a approuvé la réforme, tout comme son canton."
3253,92.7,92.7,7.3,"Marbach (SG)","La réforme du service civil passe la rampe avec 92,7 pour cent de oui à Marbach (SG). Marbach (SG) a approuvé la réforme, tout comme son canton."
3254,82.3,82.3,17.7,"Oberriet (SG)","Les habitants d'Oberriet (SG) soutiennent à 82,3 pour cent la réforme du service civil. Oberriet (SG) a approuvé la réforme, tout comme son canton."
3255,5.1,5.1,94.9,"Rebstein (SG)","A Rebstein, les citoyens rejettent à 94,9 pour cent la réforme du service civil. Rebstein a rejeté la réforme, contrairement à son canton."
3256,41.2,41.2,58.8,"Rüthi (SG)","Les habitants de Rüthi (SG) s'opposent à la réforme du service civil par 58,8 pour cent des voix. Rüthi (SG) a rejeté la réforme, contrairement à son canton."
3271,52.1,52.1,47.9,"Buchs (SG)","La réforme du service civil passe la rampe avec 52,1 pour cent de oui à Buchs (SG). Buchs (SG) a approuvé la réforme, tout comme son canton."
3272,42.9,42.9,57.1,"Gams (SG)","Les habitants de Gams s'opposent à la réforme du service civil par 57,1 pour cent des voix. Gams a rejeté la réforme, contrairement à son canton."
3273,82.5,82.5,17.5,"Grabs (SG)","La population de Grabs approuve à 82,5 pour cent la réforme du service civil. Grabs a approuvé la réforme, tout comme son canton."
3274,39.5,39.5,60.5,"Sennwald (SG)","La population de Sennwald rejette à 60,5 pour cent des voix la réforme du service civil. Sennwald a rejeté la réforme, contrairement à son canton."
3275,43.3,43.3,56.7,"Sevelen (SG)","La réforme du service civil n'a pas trouvé grâce aux yeux des citoyens de Sevelen. Ils ont refusé le texte à 56,7 pour cent. Sevelen a rejeté la réforme, contrairement à son canton."
3276,48.7,48.7,51.3,"Wartau (SG)","La réforme du service civil n'a pas convaincu à Wartau. Les citoyens de la commune ont refusé le texte à 51,3 pour cent. Wartau a rejeté la réforme, contrairement à son canton."
3291,66.4,66.4,33.6,"Bad Ragaz (SG)","Les habitants de Bad Ragaz soutiennent à 66,4 pour cent la réforme du service civil. Bad Ragaz a approuvé la réforme, tout comme son canton."
3292,49.5,49.5,50.5,"Flums (SG)","La réforme du service civil est refusée à 50,5 pour cent à Flums. Flums a rejeté la réforme, contrairement à son canton."
3293,54.6,54.6,45.4,"Mels (SG)","La réforme du service civil est approuvée à Mels par 54,6 pour cent des votants. Mels a approuvé la réforme, tout comme son canton."
3294,91.5,91.5,8.5,"Pfäfers (SG)","La population de Pfäfers approuve à 91,5 pour cent la réforme du service civil. Pfäfers a approuvé la réforme, tout comme son canton."
3295,84.7,84.7,15.3,"Quarten (SG)","La population de Quarten approuve à 84,7 pour cent la réforme du service civil. Quarten a approuvé la réforme, tout comme son canton."
3296,50.7,50.7,49.3,"Sargans (SG)","La population de Sargans approuve à 50,7 pour cent la réforme du service civil. Sargans a approuvé la réforme, tout comme son canton."
3297,76.1,76.1,23.9,"Vilters-Wangs (SG)","La réforme du service civil passe la rampe avec 76,1 pour cent de oui à Vilters-Wangs. Vilters-Wangs a approuvé la réforme, tout comme son canton."
3298,38.5,38.5,61.5,"Walenstadt (SG)","C'est non à la réforme du service civil à Walenstadt. Les habitants ont refusé le texte à 61,5 pour cent. Walenstadt a rejeté la réforme, contrairement à son canton."
3311,46.1,46.1,53.9,"Amden (SG)","A Amden, les citoyens rejettent à 53,9 pour cent la réforme du service civil. Amden a rejeté la réforme, contrairement à son canton."
3312,97.4,97.4,2.6,"Benken (SG)","Les habitants de Benken (SG) acceptent à 97,4 pour cent la réforme du service civil. Benken (SG) a approuvé la réforme, tout comme son canton."
3313,45.2,45.2,54.8,"Kaltbrunn (SG)","Les habitants de Kaltbrunn s'opposent à la réforme du service civil par 54,8 pour cent des voix. Kaltbrunn a rejeté la réforme, contrairement à son canton."
3315,65.1,65.1,34.9,"Schänis (SG)","La population de Schänis approuve à 65,1 pour cent la réforme du service civil. Schänis a approuvé la réforme, tout comme son canton."
3316,64.1,64.1,35.9,"Weesen (SG)","Les habitants de Weesen soutiennent à 64,1 pour cent la réforme du service civil. Weesen a approuvé la réforme, tout comme son canton."
3338,56.4,56.4,43.6,"Schmerikon (SG)","La réforme du service civil est approuvée à Schmerikon par 56,4 pour cent des votants. Schmerikon a approuvé la réforme, tout comme son canton."
3339,41.4,41.4,58.6,"Uznach (SG)","A Uznach, les citoyens rejettent à 58,6 pour cent la réforme du service civil. Uznach a rejeté la réforme, contrairement à son canton."
3340,68.8,68.8,31.2,"Rapperswil-Jona (SG)","La population de Rapperswil-Jona approuve à 68,8 pour cent la réforme du service civil. Rapperswil-Jona a approuvé la réforme, tout comme son canton."
3341,76.5,76.5,23.5,"Gommiswald (SG)","La population de Gommiswald approuve à 76,5 pour cent la réforme du service civil. Gommiswald a approuvé la réforme, tout comme son canton."
3342,52.3,52.3,47.7,"Eschenbach (SG)","Les habitants d'Eschenbach (SG) soutiennent à 52,3 pour cent la réforme du service civil. Eschenbach (SG) a approuvé la réforme, tout comme son canton."
3352,67.7,67.7,32.3,"Ebnat-Kappel (SG)","A Ebnat-Kappel, les habitants disent oui à 67,7 pour cent à la réforme du service civil. Ebnat-Kappel a approuvé la réforme, tout comme son canton."
3359,90.5,90.5,9.5,"Wildhaus-Alt St. Johann (SG)","Les habitants de Wildhaus-Alt St. Johann acceptent à 90,5 pour cent la réforme du service civil. Wildhaus-Alt St. Johann a approuvé la réforme, tout comme son canton."
3360,42.4,42.4,57.6,"Nesslau (SG)","La réforme du service civil n'a pas trouvé grâce aux yeux des citoyens de Nesslau. Ils ont refusé le texte à 57,6 pour cent. Nesslau a rejeté la réforme, contrairement à son canton."
3374,56.5,56.5,43.5,"Lichtensteig (SG)","La réforme du service civil est approuvée à Lichtensteig par 56,5 pour cent des votants. Lichtensteig a approuvé la réforme, tout comme son canton."
3379,76.5,76.5,23.5,"Wattwil (SG)","Wattwil dit oui à 76,5 pour cent à la réforme du service civil. Wattwil a approuvé la réforme, tout comme son canton."
3392,67.3,67.3,32.7,"Kirchberg (SG)","La réforme du service civil passe la rampe avec 67,3 pour cent de oui à Kirchberg (SG). Kirchberg (SG) a approuvé la réforme, tout comme son canton."
3393,97.9,97.9,2.1,"Lütisburg (SG)","Lütisburg dit oui à 97,9 pour cent à la réforme du service civil. Le plus fort pourcentage de oui du canton de Saint-Gall a été obtenu à Lütisburg."
3394,49.5,49.5,50.5,"Mosnang (SG)","A Mosnang, les citoyens rejettent à 50,5 pour cent la réforme du service civil. Mosnang a rejeté la réforme, contrairement à son canton."
3395,6.1,6.1,93.9,"Bütschwil-Ganterschwil (SG)","La réforme du service civil n'a pas trouvé grâce aux yeux des citoyens de Bütschwil-Ganterschwil. Ils ont refusé le texte à 93,9 pour cent. Bütschwil-Ganterschwil a rejeté la réforme, contrairement à son canton."
3396,44.2,44.2,55.8,"Neckertal (SG)","La population de Neckertal rejette à 55,8 pour cent des voix la réforme du service civil. Neckertal a rejeté la réforme, contrairement à son canton."
3401,35.4,35.4,64.6,"Degersheim (SG)","La réforme du service civil n'a pas convaincu à Degersheim. Les citoyens de la commune ont refusé le texte à 64,6 pour cent. Degersheim a rejeté la réforme, contrairement à son canton."
3402,47.6,47.6,52.4,"Flawil (SG)","La réforme du service civil n'a pas trouvé grâce aux yeux des citoyens de Flawil. Ils ont refusé le texte à 52,4 pour cent. Flawil a rejeté la réforme, contrairement à son canton."
3405,24.1,24.1,75.9,"Jonschwil (SG)","A Jonschwil, les citoyens rejettent à 75,9 pour cent la réforme du service civil. Jonschwil a rejeté la réforme, contrairement à son canton."
3407,52.3,52.3,47.7,"Oberuzwil (SG)","La réforme du service civil passe la rampe avec 52,3 pour cent de oui à Oberuzwil. Oberuzwil a approuvé la réforme, tout comme son canton."
3408,64.9,64.9,35.1,"Uzwil (SG)","La population d'Uzwil approuve à 64,9 pour cent la réforme du service civil. Uzwil a approuvé la réforme, tout comme son canton."
3422,44.8,44.8,55.2,"Niederbüren (SG)","A Niederbüren, les citoyens rejettent à 55,2 pour cent la réforme du service civil. Niederbüren a rejeté la réforme, contrairement à son canton."
3423,27.2,27.2,72.8,"Niederhelfenschwil (SG)","C'est non à la réforme du service civil à Niederhelfenschwil. Les habitants ont refusé le texte à 72,8 pour cent. Niederhelfenschwil a rejeté la réforme, contrairement à son canton."
3424,77.9,77.9,22.1,"Oberbüren (SG)","La réforme du service civil passe la rampe avec 77,9 pour cent de oui à Oberbüren. Oberbüren a approuvé la réforme, tout comme son canton."
3426,42,42,58,"Zuzwil (SG)","C'est non à la réforme du service civil à Zuzwil (SG). Les habitants ont refusé le texte à 58 pour cent. Zuzwil (SG) a rejeté la réforme, contrairement à son canton."
3427,57.3,57.3,42.7,"Wil (SG)","La réforme du service civil est approuvée à Wil (SG) par 57,3 pour cent des votants. Wil (SG) a approuvé la réforme, tout comme son canton."
3441,92.6,92.6,7.4,"Andwil (SG)","La population d'Andwil (SG) approuve à 92,6 pour cent la réforme du service civil. Andwil (SG) a approuvé la réforme, tout comme son canton."
3442,90.3,90.3,9.7,"Gaiserwald (SG)","La réforme du service civil passe la rampe avec 90,3 pour cent de oui à Gaiserwald. Gaiserwald a approuvé la réforme, tout comme son canton."
3443,91.5,91.5,8.5,"Gossau (SG)","La réforme du service civil passe la rampe avec 91,5 pour cent de oui à Gossau (SG). Gossau (SG) a approuvé la réforme, tout comme son canton."
3444,33.1,33.1,66.9,"Waldkirch (SG)","La réforme du service civil n'a pas convaincu à Waldkirch. Les citoyens de la commune ont refusé le texte à 66,9 pour cent. Waldkirch a rejeté la réforme, contrairement à son canton."
3506,28.6,28.6,71.4,"Vaz/Obervaz (GR)","C'est non à la réforme du service civil à Vaz/Obervaz. Les habitants ont refusé le texte à 71,4 pour cent. Vaz/Obervaz a rejeté la réforme, contrairement à son canton."
3513,44.5,44.5,55.5,"Lantsch/Lenz (GR)","A Lantsch/Lenz, les citoyens rejettent à 55,5 pour cent la réforme du service civil. Lantsch/Lenz a rejeté la réforme, contrairement à son canton."
3514,98.7,98.7,1.3,"Schmitten (GR)","Les habitants de Schmitten (GR) soutiennent à 98,7 pour cent la réforme du service civil. Le plus fort pourcentage de oui du canton des Grisons a été obtenu à Schmitten (GR)."
3542,46.1,46.1,53.9,"Albula/Alvra (GR)","La réforme du service civil n'a pas convaincu à Albula/Alvra. Les citoyens de la commune ont refusé le texte à 53,9 pour cent. Albula/Alvra a rejeté la réforme, contrairement à son canton."
3543,53.1,53.1,46.9,"Surses (GR)","A Surses, les habitants disent oui à 53,1 pour cent à la réforme du service civil. Surses a approuvé la réforme, tout comme son canton."
3544,88.4,88.4,11.6,"Bergün Filisur (GR)","A Bergün Filisur, les habitants disent oui à 88,4 pour cent à la réforme du service civil. Bergün Filisur a approuvé la réforme, tout comme son canton."
3551,28.4,28.4,71.6,"Brusio (GR)","La réforme du service civil n'a pas convaincu à Brusio. Les citoyens de la commune ont refusé le texte à 71,6 pour cent. Brusio a rejeté la réforme, contrairement à son canton."
3561,75.9,75.9,24.1,"Poschiavo (GR)","Poschiavo dit oui à 75,9 pour cent à la réforme du service civil. Poschiavo a approuvé la réforme, tout comme son canton."
3572,8.2,8.2,91.8,"Falera (GR)","Les habitants de Falera s'opposent à la réforme du service civil par 91,8 pour cent des voix. Falera a rejeté la réforme, contrairement à son canton."
3575,47.1,47.1,52.9,"Laax (GR)","La réforme du service civil est refusée à 52,9 pour cent à Laax. Laax a rejeté la réforme, contrairement à son canton."
3581,73.8,73.8,26.2,"Sagogn (GR)","A Sagogn, les habitants disent oui à 73,8 pour cent à la réforme du service civil. Sagogn a approuvé la réforme, tout comme son canton."
3582,41.8,41.8,58.2,"Schluein (GR)","La population de Schluein rejette à 58,2 pour cent des voix la réforme du service civil. Schluein a rejeté la réforme, contrairement à son canton."
3603,88.7,88.7,11.3,"Vals (GR)","A Vals, les habitants disent oui à 88,7 pour cent à la réforme du service civil. Vals a approuvé la réforme, tout comme son canton."
3618,81.6,81.6,18.4,"Lumnezia (GR)","Les habitants de Lumnezia acceptent à 81,6 pour cent la réforme du service civil. Lumnezia a approuvé la réforme, tout comme son canton."
3619,36.9,36.9,63.1,"Ilanz/Glion (GR)","La réforme du service civil est refusée à 63,1 pour cent à Ilanz/Glion. Ilanz/Glion a rejeté la réforme, contrairement à son canton."
3633,54.6,54.6,45.4,"Fürstenau (GR)","Fürstenau dit oui à 54,6 pour cent à la réforme du service civil. Fürstenau a approuvé la réforme, tout comme son canton."
3637,49,49,51,"Rothenbrunnen (GR)","La réforme du service civil est refusée à 51 pour cent à Rothenbrunnen. Rothenbrunnen a rejeté la réforme, contrairement à son canton."
3638,56.1,56.1,43.9,"Scharans (GR)","La réforme du service civil passe la rampe avec 56,1 pour cent de oui à Scharans. Scharans a approuvé la réforme, tout comme son canton."
3640,43.5,43.5,56.5,"Sils im Domleschg (GR)","La réforme du service civil est refusée à 56,5 pour cent à Sils im Domleschg. Sils im Domleschg a rejeté la réforme, contrairement à son canton."
3661,68.2,68.2,31.8,"Cazis (GR)","Les habitants de Cazis acceptent à 68,2 pour cent la réforme du service civil. Cazis a approuvé la réforme, tout comme son canton."
3662,63.3,63.3,36.7,"Flerden (GR)","La population de Flerden approuve à 63,3 pour cent la réforme du service civil. Flerden a approuvé la réforme, tout comme son canton."
3663,60.9,60.9,39.1,"Masein (GR)","La réforme du service civil est approuvée à Masein par 60,9 pour cent des votants. Masein a approuvé la réforme, tout comme son canton."
3668,7,7,93,"Thusis (GR)","La réforme du service civil est refusée à 93 pour cent à Thusis. Thusis a rejeté la réforme, contrairement à son canton."
3669,84.1,84.1,15.9,"Tschappina (GR)","A Tschappina, les habitants disent oui à 84,1 pour cent à la réforme du service civil. Tschappina a approuvé la réforme, tout comme son canton."
3670,10.3,10.3,89.7,"Urmein (GR)","Les habitants d'Urmein s'opposent à la réforme du service civil par 89,7 pour cent des voix. Urmein a rejeté la réforme, contrairement à son canton."
3672,35.3,35.3,64.7,"Safiental (GR)","La réforme du service civil n'a pas convaincu à Safiental. Les citoyens de la commune ont refusé le texte à 64,7 pour cent. Safiental a rejeté la réforme, contrairement à son canton."
3673,51.8,51.8,48.2,"Domleschg (GR)","La réforme du service civil est approuvée à Domleschg par 51,8 pour cent des votants. Domleschg a approuvé la réforme, tout comme son canton."
3681,86.4,86.4,13.6,"Avers (GR)","La réforme du service civil passe la rampe avec 86,4 pour cent de oui à Avers. Avers a approuvé la réforme, tout comme son canton."
3695,21.7,21.7,78.3,"Sufers (GR)","La réforme du service civil n'a pas trouvé grâce aux yeux des citoyens de Sufers. Ils ont refusé le texte à 78,3 pour cent. Sufers a rejeté la réforme, contrairement à son canton."
3701,20.8,20.8,79.2,"Andeer (GR)","Les habitants d'Andeer s'opposent à la réforme du service civil par 79,2 pour cent des voix. Andeer a rejeté la réforme, contrairement à son canton."
3711,67.6,67.6,32.4,"Rongellen (GR)","Rongellen dit oui à 67,6 pour cent à la réforme du service civil. Rongellen a approuvé la réforme, tout comme son canton."
3712,54.6,54.6,45.4,"Zillis-Reischen (GR)","Les habitants de Zillis-Reischen soutiennent à 54,6 pour cent la réforme du service civil. Zillis-Reischen a approuvé la réforme, tout comme son canton."
3713,66.4,66.4,33.6,"Ferrera (GR)","A Ferrera, les habitants disent oui à 66,4 pour cent à la réforme du service civil. Ferrera a approuvé la réforme, tout comme son canton."
3714,73.2,73.2,26.8,"Rheinwald (GR)","La population de Rheinwald approuve à 73,2 pour cent la réforme du service civil. Rheinwald a approuvé la réforme, tout comme son canton."
3715,54.1,54.1,45.9,"Muntogna da Schons (GR)","A Muntogna da Schons, les habitants disent oui à 54,1 pour cent à la réforme du service civil. Muntogna da Schons a approuvé la réforme, tout comme son canton."
3721,30.7,30.7,69.3,"Bonaduz (GR)","A Bonaduz, les citoyens rejettent à 69,3 pour cent la réforme du service civil. Bonaduz a rejeté la réforme, contrairement à son canton."
3722,37.4,37.4,62.6,"Domat/Ems (GR)","La réforme du service civil est refusée à 62,6 pour cent à Domat/Ems. Domat/Ems a rejeté la réforme, contrairement à son canton."
3723,53.8,53.8,46.2,"Rhäzüns (GR)","La réforme du service civil est approuvée à Rhäzüns par 53,8 pour cent des votants. Rhäzüns a approuvé la réforme, tout comme son canton."
3731,25.7,25.7,74.3,"Felsberg (GR)","La réforme du service civil est refusée à 74,3 pour cent à Felsberg. Felsberg a rejeté la réforme, contrairement à son canton."
3732,49.7,49.7,50.3,"Flims (GR)","La réforme du service civil est refusée à 50,3 pour cent à Flims. Flims a rejeté la réforme, contrairement à son canton."
3733,77.2,77.2,22.8,"Tamins (GR)","A Tamins, les habitants disent oui à 77,2 pour cent à la réforme du service civil. Tamins a approuvé la réforme, tout comme son canton."
3734,4.5,4.5,95.5,"Trin (GR)","La réforme du service civil n'a pas convaincu à Trin. Les citoyens de la commune ont refusé le texte à 95,5 pour cent. Le plus fort pourcentage de non du canton des Grisons a été obtenu à Trin."
3746,82.4,82.4,17.6,"Zernez (GR)","A Zernez, les habitants disent oui à 82,4 pour cent à la réforme du service civil. Zernez a approuvé la réforme, tout comme son canton."
3752,60.1,60.1,39.9,"Samnaun (GR)","La réforme du service civil passe la rampe avec 60,1 pour cent de oui à Samnaun. Samnaun a approuvé la réforme, tout comme son canton."
3762,30.3,30.3,69.7,"Scuol (GR)","La réforme du service civil n'a pas trouvé grâce aux yeux des citoyens de Scuol. Ils ont refusé le texte à 69,7 pour cent. Scuol a rejeté la réforme, contrairement à son canton."
3764,29.5,29.5,70.5,"Valsot (GR)","La réforme du service civil est refusée à 70,5 pour cent à Valsot. Valsot a rejeté la réforme, contrairement à son canton."
3781,21,21,79,"Bever (GR)","C'est non à la réforme du service civil à Bever. Les habitants ont refusé le texte à 79 pour cent. Bever a rejeté la réforme, contrairement à son canton."
3782,48.5,48.5,51.5,"Celerina/Schlarigna (GR)","A Celerina/Schlarigna, les citoyens rejettent à 51,5 pour cent la réforme du service civil. Celerina/Schlarigna a rejeté la réforme, contrairement à son canton."
3783,38.6,38.6,61.4,"Madulain (GR)","A Madulain, les citoyens rejettent à 61,4 pour cent la réforme du service civil. Madulain a rejeté la réforme, contrairement à son canton."
3784,67.6,67.6,32.4,"Pontresina (GR)","La réforme du service civil est approuvée à Pontresina par 67,6 pour cent des votants. Pontresina a approuvé la réforme, tout comme son canton."
3785,47.9,47.9,52.1,"La Punt-Chamues-ch (GR)","La réforme du service civil est refusée à 52,1 pour cent à La Punt-Chamues-ch. La Punt-Chamues-ch a rejeté la réforme, contrairement à son canton."
3786,22.1,22.1,77.9,"Samedan (GR)","A Samedan, les citoyens rejettent à 77,9 pour cent la réforme du service civil. Samedan a rejeté la réforme, contrairement à son canton."
3787,63.6,63.6,36.4,"St. Moritz (GR)","La réforme du service civil passe la rampe avec 63,6 pour cent de oui à St. Moritz. St. Moritz a approuvé la réforme, tout comme son canton."
3788,10.1,10.1,89.9,"S-chanf (GR)","A S-chanf, les citoyens rejettent à 89,9 pour cent la réforme du service civil. S-chanf a rejeté la réforme, contrairement à son canton."
3789,11.3,11.3,88.7,"Sils im Engadin/Segl (GR)","La réforme du service civil est refusée à 88,7 pour cent à Sils im Engadin/Segl. Sils im Engadin/Segl a rejeté la réforme, contrairement à son canton."
3790,67.9,67.9,32.1,"Silvaplana (GR)","A Silvaplana, les habitants disent oui à 67,9 pour cent à la réforme du service civil. Silvaplana a approuvé la réforme, tout comme son canton."
3791,40,40,60,"Zuoz (GR)","Les habitants de Zuoz s'opposent à la réforme du service civil par 60 pour cent des voix. Zuoz a rejeté la réforme, contrairement à son canton."
3792,46.6,46.6,53.4,"Bregaglia (GR)","La population de Bregaglia rejette à 53,4 pour cent des voix la réforme du service civil. Bregaglia a rejeté la réforme, contrairement à son canton."
3804,43.1,43.1,56.9,"Buseno (GR)","Les habitants de Buseno s'opposent à la réforme du service civil par 56,9 pour cent des voix. Buseno a rejeté la réforme, contrairement à son canton."
3805,36.9,36.9,63.1,"Castaneda (GR)","C'est non à la réforme du service civil à Castaneda. Les habitants ont refusé le texte à 63,1 pour cent. Castaneda a rejeté la réforme, contrairement à son canton."
3808,34.6,34.6,65.4,"Rossa (GR)","A Rossa, les citoyens rejettent à 65,4 pour cent la réforme du service civil. Rossa a rejeté la réforme, contrairement à son canton."
3810,83,83,17,"Santa Maria in Calanca (GR)","Les habitants de Santa Maria in Calanca acceptent à 83 pour cent la réforme du service civil. Santa Maria in Calanca a approuvé la réforme, tout comme son canton."
3821,33.1,33.1,66.9,"Lostallo (GR)","La réforme du service civil n'a pas convaincu à Lostallo. Les citoyens de la commune ont refusé le texte à 66,9 pour cent. Lostallo a rejeté la réforme, contrairement à son canton."
3822,56.8,56.8,43.2,"Mesocco (GR)","Les habitants de Mesocco acceptent à 56,8 pour cent la réforme du service civil. Mesocco a approuvé la réforme, tout comme son canton."
3823,62.5,62.5,37.5,"Soazza (GR)","A Soazza, les habitants disent oui à 62,5 pour cent à la réforme du service civil. Soazza a approuvé la réforme, tout comme son canton."
3831,52.4,52.4,47.6,"Cama (GR)","Les habitants de Cama acceptent à 52,4 pour cent la réforme du service civil. Cama a approuvé la réforme, tout comme son canton."
3832,73.2,73.2,26.8,"Grono (GR)","La réforme du service civil passe la rampe avec 73,2 pour cent de oui à Grono. Grono a approuvé la réforme, tout comme son canton."
3834,43.8,43.8,56.2,"Roveredo (GR)","Les habitants de Roveredo (GR) s'opposent à la réforme du service civil par 56,2 pour cent des voix. Roveredo (GR) a rejeté la réforme, contrairement à son canton."
3835,40.1,40.1,59.9,"San Vittore (GR)","La réforme du service civil n'a pas convaincu à San Vittore. Les citoyens de la commune ont refusé le texte à 59,9 pour cent. San Vittore a rejeté la réforme, contrairement à son canton."
3837,4.8,4.8,95.2,"Calanca (GR)","Les habitants de Calanca s'opposent à la réforme du service civil par 95,2 pour cent des voix. Calanca a rejeté la réforme, contrairement à son canton."
3847,52.8,52.8,47.2,"Val Müstair (GR)","La population de Val Müstair approuve à 52,8 pour cent la réforme du service civil. Val Müstair a approuvé la réforme, tout comme son canton."
3851,95.5,95.5,4.5,"Davos (GR)","Davos dit oui à 95,5 pour cent à la réforme du service civil. Davos a approuvé la réforme, tout comme son canton."
3861,31.5,31.5,68.5,"Fideris (GR)","Les habitants de Fideris s'opposent à la réforme du service civil par 68,5 pour cent des voix. Fideris a rejeté la réforme, contrairement à son canton."
3862,38.5,38.5,61.5,"Furna (GR)","A Furna, les citoyens rejettent à 61,5 pour cent la réforme du service civil. Furna a rejeté la réforme, contrairement à son canton."
3863,41.4,41.4,58.6,"Jenaz (GR)","La réforme du service civil n'a pas convaincu à Jenaz. Les citoyens de la commune ont refusé le texte à 58,6 pour cent. Jenaz a rejeté la réforme, contrairement à son canton."
3871,14.7,14.7,85.3,"Klosters-Serneus (GR)","La population de Klosters-Serneus rejette à 85,3 pour cent des voix la réforme du service civil. Klosters-Serneus a rejeté la réforme, contrairement à son canton."
3881,59.8,59.8,40.2,"Conters im Prättigau (GR)","La réforme du service civil est approuvée à Conters im Prättigau par 59,8 pour cent des votants. Conters im Prättigau a approuvé la réforme, tout comme son canton."
3882,12.8,12.8,87.2,"Küblis (GR)","A Küblis, les citoyens rejettent à 87,2 pour cent la réforme du service civil. Küblis a rejeté la réforme, contrairement à son canton."
3891,5.3,5.3,94.7,"Luzein (GR)","Les habitants de Luzein s'opposent à la réforme du service civil par 94,7 pour cent des voix. Luzein a rejeté la réforme, contrairement à son canton."
3901,20.6,20.6,79.4,"Coire (GR)","La population de Coire rejette à 79,4 pour cent des voix la réforme du service civil. Coire a rejeté la réforme, contrairement à son canton."
3911,71.6,71.6,28.4,"Churwalden (GR)","La réforme du service civil est approuvée à Churwalden par 71,6 pour cent des votants. Churwalden a approuvé la réforme, tout comme son canton."
3921,79.2,79.2,20.8,"Arosa (GR)","La réforme du service civil passe la rampe avec 79,2 pour cent de oui à Arosa. Arosa a approuvé la réforme, tout comme son canton."
3945,97.6,97.6,2.4,"Trimmis (GR)","La réforme du service civil passe la rampe avec 97,6 pour cent de oui à Trimmis. Trimmis a approuvé la réforme, tout comme son canton."
3946,57.9,57.9,42.1,"Untervaz (GR)","A Untervaz, les habitants disent oui à 57,9 pour cent à la réforme du service civil. Untervaz a approuvé la réforme, tout comme son canton."
3947,23.2,23.2,76.8,"Zizers (GR)","C'est non à la réforme du service civil à Zizers. Les habitants ont refusé le texte à 76,8 pour cent. Zizers a rejeté la réforme, contrairement à son canton."
3951,22.9,22.9,77.1,"Fläsch (GR)","La réforme du service civil n'a pas convaincu à Fläsch. Les citoyens de la commune ont refusé le texte à 77,1 pour cent. Fläsch a rejeté la réforme, contrairement à son canton."
3952,48.6,48.6,51.4,"Jenins (GR)","A Jenins, les citoyens rejettent à 51,4 pour cent la réforme du service civil. Jenins a rejeté la réforme, contrairement à son canton."
3953,32.3,32.3,67.7,"Maienfeld (GR)","La réforme du service civil est refusée à 67,7 pour cent à Maienfeld. Maienfeld a rejeté la réforme, contrairement à son canton."
3954,47.1,47.1,52.9,"Malans (GR)","La réforme du service civil n'a pas convaincu à Malans. Les citoyens de la commune ont refusé le texte à 52,9 pour cent. Malans a rejeté la réforme, contrairement à son canton."
3955,46.8,46.8,53.2,"Landquart (GR)","Les habitants de Landquart s'opposent à la réforme du service civil par 53,2 pour cent des voix. Landquart a rejeté la réforme, contrairement à son canton."
3961,66.2,66.2,33.8,"Grüsch (GR)","La population de Grüsch approuve à 66,2 pour cent la réforme du service civil. Grüsch a approuvé la réforme, tout comme son canton."
3962,91.7,91.7,8.3,"Schiers (GR)","A Schiers, les habitants disent oui à 91,7 pour cent à la réforme du service civil. Schiers a approuvé la réforme, tout comme son canton."
3972,68.2,68.2,31.8,"Seewis im Prättigau (GR)","Les habitants de Seewis im Prättigau acceptent à 68,2 pour cent la réforme du service civil. Seewis im Prättigau a approuvé la réforme, tout comme son canton."
3981,78.6,78.6,21.4,"Breil/Brigels (GR)","Les habitants de Breil/Brigels soutiennent à 78,6 pour cent la réforme du service civil. Breil/Brigels a approuvé la réforme, tout comme son canton."
3982,62.7,62.7,37.3,"Disentis/Mustér (GR)","La réforme du service civil passe la rampe avec 62,7 pour cent de oui à Disentis/Mustér. Disentis/Mustér a approuvé la réforme, tout comme son canton."
3983,35.6,35.6,64.4,"Medel (Lucmagn) (GR)","La réforme du service civil est refusée à 64,4 pour cent à Medel (Lucmagn). Medel (Lucmagn) a rejeté la réforme, contrairement à son canton."
3985,11.7,11.7,88.3,"Sumvitg (GR)","La réforme du service civil n'a pas trouvé grâce aux yeux des citoyens de Sumvitg. Ils ont refusé le texte à 88,3 pour cent. Sumvitg a rejeté la réforme, contrairement à son canton."
3986,68.7,68.7,31.3,"Tujetsch (GR)","La réforme du service civil est approuvée à Tujetsch par 68,7 pour cent des votants. Tujetsch a approuvé la réforme, tout comme son canton."
3987,58.7,58.7,41.3,"Trun (GR)","Trun dit oui à 58,7 pour cent à la réforme du service civil. Trun a approuvé la réforme, tout comme son canton."
3988,50.6,50.6,49.4,"Obersaxen Mundaun (GR)","La population d'Obersaxen Mundaun approuve à 50,6 pour cent la réforme du service civil. Obersaxen Mundaun a approuvé la réforme, tout comme son canton."
4001,28.9,28.9,71.1,"Aarau (AG)","La réforme du service civil est refusée à 71,1 pour cent à Aarau. Aarau a rejeté la réforme, contrairement à son canton."
4002,83.7,83.7,16.3,"Biberstein (AG)","Biberstein dit oui à 83,7 pour cent à la réforme du service civil. Biberstein a approuvé la réforme, tout comme son canton."
4003,42.6,42.6,57.4,"Buchs (AG)","A Buchs (AG), les citoyens rejettent à 57,4 pour cent la réforme du service civil. Buchs (AG) a rejeté la réforme, contrairement à son canton."
4004,77.7,77.7,22.3,"Densbüren (AG)","La population de Densbüren approuve à 77,7 pour cent la réforme du service civil. Densbüren a approuvé la réforme, tout comme son canton."
4005,67.3,67.3,32.7,"Erlinsbach (AG)","Les habitants d'Erlinsbach (AG) soutiennent à 67,3 pour cent la réforme du service civil. Erlinsbach (AG) a approuvé la réforme, tout comme son canton."
4006,32.7,32.7,67.3,"Gränichen (AG)","La population de Gränichen rejette à 67,3 pour cent des voix la réforme du service civil. Gränichen a rejeté la réforme, contrairement à son canton."
4007,47.5,47.5,52.5,"Hirschthal (AG)","La population de Hirschthal rejette à 52,5 pour cent des voix la réforme du service civil. Hirschthal a rejeté la réforme, contrairement à son canton."
4008,90.4,90.4,9.6,"Küttigen (AG)","A Küttigen, les habitants disent oui à 90,4 pour cent à la réforme du service civil. Küttigen a approuvé la réforme, tout comme son canton."
4009,47.4,47.4,52.6,"Muhen (AG)","La population de Muhen rejette à 52,6 pour cent des voix la réforme du service civil. Muhen a rejeté la réforme, contrairement à son canton."
4010,53.8,53.8,46.2,"Oberentfelden (AG)","Les habitants d'Oberentfelden acceptent à 53,8 pour cent la réforme du service civil. Oberentfelden a approuvé la réforme, tout comme son canton."
4012,35.3,35.3,64.7,"Suhr (AG)","La réforme du service civil n'a pas convaincu à Suhr. Les citoyens de la commune ont refusé le texte à 64,7 pour cent. Suhr a rejeté la réforme, contrairement à son canton."
4013,80.4,80.4,19.6,"Unterentfelden (AG)","La réforme du service civil est approuvée à Unterentfelden par 80,4 pour cent des votants. Unterentfelden a approuvé la réforme, tout comme son canton."
4021,23.9,23.9,76.1,"Baden (AG)","La réforme du service civil n'a pas convaincu à Baden. Les citoyens de la commune ont refusé le texte à 76,1 pour cent. Baden a rejeté la réforme, contrairement à son canton."
4022,52.6,52.6,47.4,"Bellikon (AG)","La réforme du service civil passe la rampe avec 52,6 pour cent de oui à Bellikon. Bellikon a approuvé la réforme, tout comme son canton."
4023,11.6,11.6,88.4,"Bergdietikon (AG)","La réforme du service civil est refusée à 88,4 pour cent à Bergdietikon. Bergdietikon a rejeté la réforme, contrairement à son canton."
4024,55.4,55.4,44.6,"Birmenstorf (AG)","Les habitants de Birmenstorf (AG) soutiennent à 55,4 pour cent la réforme du service civil. Birmenstorf (AG) a approuvé la réforme, tout comme son canton."
4026,25.7,25.7,74.3,"Ennetbaden (AG)","Les habitants d'Ennetbaden s'opposent à la réforme du service civil par 74,3 pour cent des voix. Ennetbaden a rejeté la réforme, contrairement à son canton."
4027,51.5,51.5,48.5,"Fislisbach (AG)","A Fislisbach, les habitants disent oui à 51,5 pour cent à la réforme du service civil. Fislisbach a approuvé la réforme, tout comme son canton."
4028,47,47,53,"Freienwil (AG)","Les habitants de Freienwil s'opposent à la réforme du service civil par 53 pour cent des voix. Freienwil a rejeté la réforme, contrairement à son canton."
4029,9.8,9.8,90.2,"Gebenstorf (AG)","A Gebenstorf, les citoyens rejettent à 90,2 pour cent la réforme du service civil. Gebenstorf a rejeté la réforme, contrairement à son canton."
4030,65.4,65.4,34.6,"Killwangen (AG)","Les habitants de Killwangen soutiennent à 65,4 pour cent la réforme du service civil. Killwangen a approuvé la réforme, tout comme son canton."
4031,30.7,30.7,69.3,"Künten (AG)","C'est non à la réforme du service civil à Künten. Les habitants ont refusé le texte à 69,3 pour cent. Künten a rejeté la réforme, contrairement à son canton."
4032,65.7,65.7,34.3,"Mägenwil (AG)","La réforme du service civil passe la rampe avec 65,7 pour cent de oui à Mägenwil. Mägenwil a approuvé la réforme, tout comme son canton."
4033,22.9,22.9,77.1,"Mellingen (AG)","C'est non à la réforme du service civil à Mellingen. Les habitants ont refusé le texte à 77,1 pour cent. Mellingen a rejeté la réforme, contrairement à son canton."
4034,58.9,58.9,41.1,"Neuenhof (AG)","Les habitants de Neuenhof soutiennent à 58,9 pour cent la réforme du service civil. Neuenhof a approuvé la réforme, tout comme son canton."
4035,19.1,19.1,80.9,"Niederrohrdorf (AG)","La réforme du service civil n'a pas trouvé grâce aux yeux des citoyens de Niederrohrdorf. Ils ont refusé le texte à 80,9 pour cent. Niederrohrdorf a rejeté la réforme, contrairement à son canton."
4037,68.2,68.2,31.8,"Oberrohrdorf (AG)","La réforme du service civil est approuvée à Oberrohrdorf par 68,2 pour cent des votants. Oberrohrdorf a approuvé la réforme, tout comme son canton."
4038,53.3,53.3,46.7,"Obersiggenthal (AG)","Les habitants d'Obersiggenthal soutiennent à 53,3 pour cent la réforme du service civil. Obersiggenthal a approuvé la réforme, tout comme son canton."
4039,45.7,45.7,54.3,"Remetschwil (AG)","La réforme du service civil n'a pas convaincu à Remetschwil. Les citoyens de la commune ont refusé le texte à 54,3 pour cent. Remetschwil a rejeté la réforme, contrairement à son canton."
4040,26.6,26.6,73.4,"Spreitenbach (AG)","La réforme du service civil n'a pas convaincu à Spreitenbach. Les citoyens de la commune ont refusé le texte à 73,4 pour cent. Spreitenbach a rejeté la réforme, contrairement à son canton."
4041,83.9,83.9,16.1,"Stetten (AG)","Les habitants de Stetten (AG) acceptent à 83,9 pour cent la réforme du service civil. Stetten (AG) a approuvé la réforme, tout comme son canton."
4044,71.2,71.2,28.8,"Untersiggenthal (AG)","Les habitants d'Untersiggenthal soutiennent à 71,2 pour cent la réforme du service civil. Untersiggenthal a approuvé la réforme, tout comme son canton."
4045,59.3,59.3,40.7,"Wettingen (AG)","A Wettingen, les habitants disent oui à 59,3 pour cent à la réforme du service civil. Wettingen a approuvé la réforme, tout comme son canton."
4046,15.7,15.7,84.3,"Wohlenschwil (AG)","La population de Wohlenschwil rejette à 84,3 pour cent des voix la réforme du service civil. Wohlenschwil a rejeté la réforme, contrairement à son canton."
4047,47.9,47.9,52.1,"Würenlingen (AG)","La réforme du service civil n'a pas trouvé grâce aux yeux des citoyens de Würenlingen. Ils ont refusé le texte à 52,1 pour cent. Würenlingen a rejeté la réforme, contrairement à son canton."
4048,75.7,75.7,24.3,"Würenlos (AG)","Les habitants de Würenlos acceptent à 75,7 pour cent la réforme du service civil. Würenlos a approuvé la réforme, tout comme son canton."
4049,62.6,62.6,37.4,"Ehrendingen (AG)","A Ehrendingen, les habitants disent oui à 62,6 pour cent à la réforme du service civil. Ehrendingen a approuvé la réforme, tout comme son canton."
4061,54.2,54.2,45.8,"Arni (AG)","Les habitants d'Arni (AG) acceptent à 54,2 pour cent la réforme du service civil. Arni (AG) a approuvé la réforme, tout comme son canton."
4062,38.1,38.1,61.9,"Berikon (AG)","A Berikon, les citoyens rejettent à 61,9 pour cent la réforme du service civil. Berikon a rejeté la réforme, contrairement à son canton."
4063,15.2,15.2,84.8,"Bremgarten (AG)","La population de Bremgarten (AG) rejette à 84,8 pour cent des voix la réforme du service civil. Bremgarten (AG) a rejeté la réforme, contrairement à son canton."
4064,3.9,3.9,96.1,"Büttikon (AG)","La réforme du service civil n'a pas trouvé grâce aux yeux des citoyens de Büttikon. Ils ont refusé le texte à 96,1 pour cent. Büttikon a rejeté la réforme, contrairement à son canton."
4065,62.5,62.5,37.5,"Dottikon (AG)","Les habitants de Dottikon soutiennent à 62,5 pour cent la réforme du service civil. Dottikon a approuvé la réforme, tout comme son canton."
4066,49,49,51,"Eggenwil (AG)","C'est non à la réforme du service civil à Eggenwil. Les habitants ont refusé le texte à 51 pour cent. Eggenwil a rejeté la réforme, contrairement à son canton."
4067,48.1,48.1,51.9,"Fischbach-Göslikon (AG)","A Fischbach-Göslikon, les citoyens rejettent à 51,9 pour cent la réforme du service civil. Fischbach-Göslikon a rejeté la réforme, contrairement à son canton."
4068,71.3,71.3,28.7,"Hägglingen (AG)","Hägglingen dit oui à 71,3 pour cent à la réforme du service civil. Hägglingen a approuvé la réforme, tout comme son canton."
4071,55.8,55.8,44.2,"Jonen (AG)","A Jonen, les habitants disent oui à 55,8 pour cent à la réforme du service civil. Jonen a approuvé la réforme, tout comme son canton."
4072,70.2,70.2,29.8,"Niederwil (AG)","Les habitants de Niederwil (AG) acceptent à 70,2 pour cent la réforme du service civil. Niederwil (AG) a approuvé la réforme, tout comme son canton."
4073,48.3,48.3,51.7,"Oberlunkhofen (AG)","Les habitants d'Oberlunkhofen s'opposent à la réforme du service civil par 51,7 pour cent des voix. Oberlunkhofen a rejeté la réforme, contrairement à son canton."
4074,51.4,51.4,48.6,"Oberwil-Lieli (AG)","La population d'Oberwil-Lieli approuve à 51,4 pour cent la réforme du service civil. Oberwil-Lieli a approuvé la réforme, tout comme son canton."
4075,72.9,72.9,27.1,"Rudolfstetten-Friedlisberg (AG)","Rudolfstetten-Friedlisberg dit oui à 72,9 pour cent à la réforme du service civil. Rudolfstetten-Friedlisberg a approuvé la réforme, tout comme son canton."
4076,5.6,5.6,94.4,"Sarmenstorf (AG)","C'est non à la réforme du service civil à Sarmenstorf. Les habitants ont refusé le texte à 94,4 pour cent. Sarmenstorf a rejeté la réforme, contrairement à son canton."
4077,87.9,87.9,12.1,"Tägerig (AG)","A Tägerig, les habitants disent oui à 87,9 pour cent à la réforme du service civil. Tägerig a approuvé la réforme, tout comme son canton."
4078,69,69,31,"Uezwil (AG)","La population d'Uezwil approuve à 69 pour cent la réforme du service civil. Uezwil a approuvé la réforme, tout comme son canton."
4079,39.1,39.1,60.9,"Unterlunkhofen (AG)","La réforme du service civil n'a pas convaincu à Unterlunkhofen. Les citoyens de la commune ont refusé le texte à 60,9 pour cent. Unterlunkhofen a rejeté la réforme, contrairement à son canton."
4080,19.6,19.6,80.4,"Villmergen (AG)","La réforme du service civil n'a pas convaincu à Villmergen. Les citoyens de la commune ont refusé le texte à 80,4 pour cent. Villmergen a rejeté la réforme, contrairement à son canton."
4081,40,40,60,"Widen (AG)","Les habitants de Widen s'opposent à la réforme du service civil par 60 pour cent des voix. Widen a rejeté la réforme, contrairement à son canton."
4082,56.8,56.8,43.2,"Wohlen (AG)","A Wohlen (AG), les habitants disent oui à 56,8 pour cent à la réforme du service civil. Wohlen (AG) a approuvé la réforme, tout comme son canton."
4083,71.5,71.5,28.5,"Zufikon (AG)","La réforme du service civil est approuvée à Zufikon par 71,5 pour cent des votants. Zufikon a approuvé la réforme, tout comme son canton."
4084,96.8,96.8,3.2,"Islisberg (AG)","Islisberg dit oui à 96,8 pour cent à la réforme du service civil. Islisberg a approuvé la réforme, tout comme son canton."
4091,53.8,53.8,46.2,"Auenstein (AG)","A Auenstein, les habitants disent oui à 53,8 pour cent à la réforme du service civil. Auenstein a approuvé la réforme, tout comme son canton."
4092,70.6,70.6,29.4,"Birr (AG)","Birr dit oui à 70,6 pour cent à la réforme du service civil. Birr a approuvé la réforme, tout comme son canton."
4093,89.8,89.8,10.2,"Birrhard (AG)","La réforme du service civil est approuvée à Birrhard par 89,8 pour cent des votants. Birrhard a approuvé la réforme, tout comme son canton."
4095,18.1,18.1,81.9,"Brugg (AG)","La réforme du service civil est refusée à 81,9 pour cent à Brugg. Brugg a rejeté la réforme, contrairement à son canton."
4099,66.9,66.9,33.1,"Habsburg (AG)","La réforme du service civil est approuvée à Habsburg par 66,9 pour cent des votants. Habsburg a approuvé la réforme, tout comme son canton."
4100,22.6,22.6,77.4,"Hausen (AG)","A Hausen (AG), les citoyens rejettent à 77,4 pour cent la réforme du service civil. Hausen (AG) a rejeté la réforme, contrairement à son canton."
4104,43.2,43.2,56.8,"Lupfig (AG)","La réforme du service civil n'a pas convaincu à Lupfig. Les citoyens de la commune ont refusé le texte à 56,8 pour cent. Lupfig a rejeté la réforme, contrairement à son canton."
4105,70.6,70.6,29.4,"Mandach (AG)","La population de Mandach approuve à 70,6 pour cent la réforme du service civil. Mandach a approuvé la réforme, tout comme son canton."
4106,82.4,82.4,17.6,"Mönthal (AG)","Les habitants de Mönthal soutiennent à 82,4 pour cent la réforme du service civil. Mönthal a approuvé la réforme, tout comme son canton."
4107,46.5,46.5,53.5,"Mülligen (AG)","Les habitants de Mülligen s'opposent à la réforme du service civil par 53,5 pour cent des voix. Mülligen a rejeté la réforme, contrairement à son canton."
4110,19.1,19.1,80.9,"Remigen (AG)","La réforme du service civil n'a pas trouvé grâce aux yeux des citoyens de Remigen. Ils ont refusé le texte à 80,9 pour cent. Remigen a rejeté la réforme, contrairement à son canton."
4111,24,24,76,"Riniken (AG)","La population de Riniken rejette à 76 pour cent des voix la réforme du service civil. Riniken a rejeté la réforme, contrairement à son canton."
4112,47.7,47.7,52.3,"Rüfenach (AG)","La population de Rüfenach rejette à 52,3 pour cent des voix la réforme du service civil. Rüfenach a rejeté la réforme, contrairement à son canton."
4117,40.8,40.8,59.2,"Thalheim (AG)","La réforme du service civil n'a pas convaincu à Thalheim (AG). Les citoyens de la commune ont refusé le texte à 59,2 pour cent. Thalheim (AG) a rejeté la réforme, contrairement à son canton."
4120,11.4,11.4,88.6,"Veltheim (AG)","La réforme du service civil n'a pas convaincu à Veltheim (AG). Les citoyens de la commune ont refusé le texte à 88,6 pour cent. Veltheim (AG) a rejeté la réforme, contrairement à son canton."
4121,23.3,23.3,76.7,"Villigen (AG)","La population de Villigen rejette à 76,7 pour cent des voix la réforme du service civil. Villigen a rejeté la réforme, contrairement à son canton."
4123,69.5,69.5,30.5,"Windisch (AG)","La population de Windisch approuve à 69,5 pour cent la réforme du service civil. Windisch a approuvé la réforme, tout comme son canton."
4124,48.3,48.3,51.7,"Bözberg (AG)","C'est non à la réforme du service civil à Bözberg. Les habitants ont refusé le texte à 51,7 pour cent. Bözberg a rejeté la réforme, contrairement à son canton."
4125,15.1,15.1,84.9,"Schinznach (AG)","A Schinznach, les citoyens rejettent à 84,9 pour cent la réforme du service civil. Schinznach a rejeté la réforme, contrairement à son canton."
4131,7.9,7.9,92.1,"Beinwil am See (AG)","La réforme du service civil est refusée à 92,1 pour cent à Beinwil am See. Beinwil am See a rejeté la réforme, contrairement à son canton."
4132,83.2,83.2,16.8,"Birrwil (AG)","Birrwil dit oui à 83,2 pour cent à la réforme du service civil. Birrwil a approuvé la réforme, tout comme son canton."
4134,59.5,59.5,40.5,"Dürrenäsch (AG)","Les habitants de Dürrenäsch soutiennent à 59,5 pour cent la réforme du service civil. Dürrenäsch a approuvé la réforme, tout comme son canton."
4135,38.4,38.4,61.6,"Gontenschwil (AG)","La réforme du service civil n'a pas trouvé grâce aux yeux des citoyens de Gontenschwil. Ils ont refusé le texte à 61,6 pour cent. Gontenschwil a rejeté la réforme, contrairement à son canton."
4136,52.8,52.8,47.2,"Holziken (AG)","A Holziken, les habitants disent oui à 52,8 pour cent à la réforme du service civil. Holziken a approuvé la réforme, tout comme son canton."
4137,53.4,53.4,46.6,"Leimbach (AG)","Leimbach (AG) dit oui à 53,4 pour cent à la réforme du service civil. Leimbach (AG) a approuvé la réforme, tout comme son canton."
4138,43.9,43.9,56.1,"Leutwil (AG)","La réforme du service civil n'a pas convaincu à Leutwil. Les citoyens de la commune ont refusé le texte à 56,1 pour cent. Leutwil a rejeté la réforme, contrairement à son canton."
4139,78.1,78.1,21.9,"Menziken (AG)","La population de Menziken approuve à 78,1 pour cent la réforme du service civil. Menziken a approuvé la réforme, tout comme son canton."
4140,39.2,39.2,60.8,"Oberkulm (AG)","La réforme du service civil est refusée à 60,8 pour cent à Oberkulm. Oberkulm a rejeté la réforme, contrairement à son canton."
4141,53.4,53.4,46.6,"Reinach (AG)","La réforme du service civil est approuvée à Reinach (AG) par 53,4 pour cent des votants. Reinach (AG) a approuvé la réforme, tout comme son canton."
4142,48.9,48.9,51.1,"Schlossrued (AG)","La réforme du service civil est refusée à 51,1 pour cent à Schlossrued. Schlossrued a rejeté la réforme, contrairement à son canton."
4143,18.1,18.1,81.9,"Schmiedrued (AG)","C'est non à la réforme du service civil à Schmiedrued. Les habitants ont refusé le texte à 81,9 pour cent. Schmiedrued a rejeté la réforme, contrairement à son canton."
4144,47.5,47.5,52.5,"Schöftland (AG)","C'est non à la réforme du service civil à Schöftland. Les habitants ont refusé le texte à 52,5 pour cent. Schöftland a rejeté la réforme, contrairement à son canton."
4145,79.4,79.4,20.6,"Teufenthal (AG)","La population de Teufenthal (AG) approuve à 79,4 pour cent la réforme du service civil. Teufenthal (AG) a approuvé la réforme, tout comme son canton."
4146,40.3,40.3,59.7,"Unterkulm (AG)","La population d'Unterkulm rejette à 59,7 pour cent des voix la réforme du service civil. Unterkulm a rejeté la réforme, contrairement à son canton."
4147,99.8,99.8,0.2,"Zetzwil (AG)","La population de Zetzwil approuve à 99,8 pour cent la réforme du service civil. Le plus fort pourcentage de oui du canton d'Argovie a été obtenu à Zetzwil."
4161,37.1,37.1,62.9,"Eiken (AG)","La réforme du service civil est refusée à 62,9 pour cent à Eiken. Eiken a rejeté la réforme, contrairement à son canton."
4163,50.2,50.2,49.8,"Frick (AG)","Les habitants de Frick soutiennent à 50,2 pour cent la réforme du service civil. Frick a approuvé la réforme, tout comme son canton."
4164,16.6,16.6,83.4,"Gansingen (AG)","Les habitants de Gansingen s'opposent à la réforme du service civil par 83,4 pour cent des voix. Gansingen a rejeté la réforme, contrairement à son canton."
4165,12,12,88,"Gipf-Oberfrick (AG)","Les habitants de Gipf-Oberfrick s'opposent à la réforme du service civil par 88 pour cent des voix. Gipf-Oberfrick a rejeté la réforme, contrairement à son canton."
4169,76.8,76.8,23.2,"Kaisten (AG)","La réforme du service civil passe la rampe avec 76,8 pour cent de oui à Kaisten. Kaisten a approuvé la réforme, tout comme son canton."
4170,51.6,51.6,48.4,"Laufenburg (AG)","A Laufenburg, les habitants disent oui à 51,6 pour cent à la réforme du service civil. Laufenburg a approuvé la réforme, tout comme son canton."
4172,44.8,44.8,55.2,"Münchwilen (AG)","La réforme du service civil est refusée à 55,2 pour cent à Münchwilen (AG). Münchwilen (AG) a rejeté la réforme, contrairement à son canton."
4173,61.5,61.5,38.5,"Oberhof (AG)","La réforme du service civil passe la rampe avec 61,5 pour cent de oui à Oberhof. Oberhof a approuvé la réforme, tout comme son canton."
4175,33.9,33.9,66.1,"Oeschgen (AG)","A Oeschgen, les citoyens rejettent à 66,1 pour cent la réforme du service civil. Oeschgen a rejeté la réforme, contrairement à son canton."
4176,76.7,76.7,23.3,"Schwaderloch (AG)","La population de Schwaderloch approuve à 76,7 pour cent la réforme du service civil. Schwaderloch a approuvé la réforme, tout comme son canton."
4177,8.7,8.7,91.3,"Sisseln (AG)","Les habitants de Sisseln s'opposent à la réforme du service civil par 91,3 pour cent des voix. Sisseln a rejeté la réforme, contrairement à son canton."
4181,78,78,22,"Wittnau (AG)","La population de Wittnau approuve à 78 pour cent la réforme du service civil. Wittnau a approuvé la réforme, tout comme son canton."
4182,43.7,43.7,56.3,"Wölflinswil (AG)","Les habitants de Wölflinswil s'opposent à la réforme du service civil par 56,3 pour cent des voix. Wölflinswil a rejeté la réforme, contrairement à son canton."
4183,34.8,34.8,65.2,"Zeihen (AG)","A Zeihen, les citoyens rejettent à 65,2 pour cent la réforme du service civil. Zeihen a rejeté la réforme, contrairement à son canton."
4184,10.3,10.3,89.7,"Mettauertal (AG)","Les habitants de Mettauertal s'opposent à la réforme du service civil par 89,7 pour cent des voix. Mettauertal a rejeté la réforme, contrairement à son canton."
4185,65,65,35,"Böztal (AG)","Böztal dit oui à 65 pour cent à la réforme du service civil. Böztal a approuvé la réforme, tout comme son canton."
4186,57.6,57.6,42.4,"Herznach-Ueken (AG)","A Herznach-Ueken, les habitants disent oui à 57,6 pour cent à la réforme du service civil. Herznach-Ueken a approuvé la réforme, tout comme son canton."
4191,41.6,41.6,58.4,"Ammerswil (AG)","La réforme du service civil n'a pas trouvé grâce aux yeux des citoyens d'Ammerswil. Ils ont refusé le texte à 58,4 pour cent. Ammerswil a rejeté la réforme, contrairement à son canton."
4192,95,95,5,"Boniswil (AG)","La réforme du service civil est approuvée à Boniswil par 95 pour cent des votants. Boniswil a approuvé la réforme, tout comme son canton."
4193,67.4,67.4,32.6,"Brunegg (AG)","La population de Brunegg approuve à 67,4 pour cent la réforme du service civil. Brunegg a approuvé la réforme, tout comme son canton."
4194,80,80,20,"Dintikon (AG)","A Dintikon, les habitants disent oui à 80 pour cent à la réforme du service civil. Dintikon a approuvé la réforme, tout comme son canton."
4195,40.7,40.7,59.3,"Egliswil (AG)","La réforme du service civil est refusée à 59,3 pour cent à Egliswil. Egliswil a rejeté la réforme, contrairement à son canton."
4196,97.6,97.6,2.4,"Fahrwangen (AG)","La réforme du service civil est approuvée à Fahrwangen par 97,6 pour cent des votants. Fahrwangen a approuvé la réforme, tout comme son canton."
4197,92.6,92.6,7.4,"Hallwil (AG)","Les habitants de Hallwil acceptent à 92,6 pour cent la réforme du service civil. Hallwil a approuvé la réforme, tout comme son canton."
4198,3,3,97,"Hendschiken (AG)","La réforme du service civil n'a pas trouvé grâce aux yeux des citoyens de Hendschiken. Ils ont refusé le texte à 97 pour cent. Hendschiken a rejeté la réforme, contrairement à son canton."
4199,35.6,35.6,64.4,"Holderbank (AG)","Les habitants de Holderbank (AG) s'opposent à la réforme du service civil par 64,4 pour cent des voix. Holderbank (AG) a rejeté la réforme, contrairement à son canton."
4200,72.1,72.1,27.9,"Hunzenschwil (AG)","A Hunzenschwil, les habitants disent oui à 72,1 pour cent à la réforme du service civil. Hunzenschwil a approuvé la réforme, tout comme son canton."
4201,61.8,61.8,38.2,"Lenzburg (AG)","La population de Lenzburg approuve à 61,8 pour cent la réforme du service civil. Lenzburg a approuvé la réforme, tout comme son canton."
4202,56.3,56.3,43.7,"Meisterschwanden (AG)","La population de Meisterschwanden approuve à 56,3 pour cent la réforme du service civil. Meisterschwanden a approuvé la réforme, tout comme son canton."
4203,62.2,62.2,37.8,"Möriken-Wildegg (AG)","La réforme du service civil est approuvée à Möriken-Wildegg par 62,2 pour cent des votants. Möriken-Wildegg a approuvé la réforme, tout comme son canton."
4204,55.3,55.3,44.7,"Niederlenz (AG)","Les habitants de Niederlenz acceptent à 55,3 pour cent la réforme du service civil. Niederlenz a approuvé la réforme, tout comme son canton."
4205,26.8,26.8,73.2,"Othmarsingen (AG)","C'est non à la réforme du service civil à Othmarsingen. Les habitants ont refusé le texte à 73,2 pour cent. Othmarsingen a rejeté la réforme, contrairement à son canton."
4206,75.9,75.9,24.1,"Rupperswil (AG)","La population de Rupperswil approuve à 75,9 pour cent la réforme du service civil. Rupperswil a approuvé la réforme, tout comme son canton."
4207,64.1,64.1,35.9,"Schafisheim (AG)","La réforme du service civil passe la rampe avec 64,1 pour cent de oui à Schafisheim. Schafisheim a approuvé la réforme, tout comme son canton."
4208,81.4,81.4,18.6,"Seengen (AG)","La population de Seengen approuve à 81,4 pour cent la réforme du service civil. Seengen a approuvé la réforme, tout comme son canton."
4209,5.8,5.8,94.2,"Seon (AG)","La réforme du service civil n'a pas convaincu à Seon. Les citoyens de la commune ont refusé le texte à 94,2 pour cent. Seon a rejeté la réforme, contrairement à son canton."
4210,72.5,72.5,27.5,"Staufen (AG)","La réforme du service civil passe la rampe avec 72,5 pour cent de oui à Staufen. Staufen a approuvé la réforme, tout comme son canton."
4221,61.2,61.2,38.8,"Abtwil (AG)","Les habitants d'Abtwil acceptent à 61,2 pour cent la réforme du service civil. Abtwil a approuvé la réforme, tout comme son canton."
4222,38.5,38.5,61.5,"Aristau (AG)","Les habitants d'Aristau s'opposent à la réforme du service civil par 61,5 pour cent des voix. Aristau a rejeté la réforme, contrairement à son canton."
4223,12.6,12.6,87.4,"Auw (AG)","La réforme du service civil est refusée à 87,4 pour cent à Auw. Auw a rejeté la réforme, contrairement à son canton."
4224,97.1,97.1,2.9,"Beinwil (Freiamt) (AG)","La réforme du service civil passe la rampe avec 97,1 pour cent de oui à Beinwil (Freiamt). Beinwil (Freiamt) a approuvé la réforme, tout comme son canton."
4226,22.8,22.8,77.2,"Besenbüren (AG)","Les habitants de Besenbüren s'opposent à la réforme du service civil par 77,2 pour cent des voix. Besenbüren a rejeté la réforme, contrairement à son canton."
4227,33.2,33.2,66.8,"Bettwil (AG)","La réforme du service civil n'a pas convaincu à Bettwil. Les citoyens de la commune ont refusé le texte à 66,8 pour cent. Bettwil a rejeté la réforme, contrairement à son canton."
4228,2.7,2.7,97.3,"Boswil (AG)","La réforme du service civil n'a pas trouvé grâce aux yeux des citoyens de Boswil. Ils ont refusé le texte à 97,3 pour cent. Le plus fort pourcentage de non du canton d'Argovie a été obtenu à Boswil."
4229,23.9,23.9,76.1,"Bünzen (AG)","La population de Bünzen rejette à 76,1 pour cent des voix la réforme du service civil. Bünzen a rejeté la réforme, contrairement à son canton."
4230,78.1,78.1,21.9,"Buttwil (AG)","A Buttwil, les habitants disent oui à 78,1 pour cent à la réforme du service civil. Buttwil a approuvé la réforme, tout comme son canton."
4231,31.9,31.9,68.1,"Dietwil (AG)","La réforme du service civil n'a pas convaincu à Dietwil. Les citoyens de la commune ont refusé le texte à 68,1 pour cent. Dietwil a rejeté la réforme, contrairement à son canton."
4232,40.9,40.9,59.1,"Geltwil (AG)","La réforme du service civil est refusée à 59,1 pour cent à Geltwil. Geltwil a rejeté la réforme, contrairement à son canton."
4233,45,45,55,"Kallern (AG)","A Kallern, les citoyens rejettent à 55 pour cent la réforme du service civil. Kallern a rejeté la réforme, contrairement à son canton."
4234,70.3,70.3,29.7,"Merenschwand (AG)","La réforme du service civil est approuvée à Merenschwand par 70,3 pour cent des votants. Merenschwand a approuvé la réforme, tout comme son canton."
4235,62.3,62.3,37.7,"Mühlau (AG)","Les habitants de Mühlau soutiennent à 62,3 pour cent la réforme du service civil. Mühlau a approuvé la réforme, tout comme son canton."
4236,42,42,58,"Muri (AG)","La réforme du service civil est refusée à 58 pour cent à Muri (AG). Muri (AG) a rejeté la réforme, contrairement à son canton."
4237,82.1,82.1,17.9,"Oberrüti (AG)","Oberrüti dit oui à 82,1 pour cent à la réforme du service civil. Oberrüti a approuvé la réforme, tout comme son canton."
4238,23.9,23.9,76.1,"Rottenschwil (AG)","A Rottenschwil, les citoyens rejettent à 76,1 pour cent la réforme du service civil. Rottenschwil a rejeté la réforme, contrairement à son canton."
4239,60.1,60.1,39.9,"Sins (AG)","Sins dit oui à 60,1 pour cent à la réforme du service civil. Sins a approuvé la réforme, tout comme son canton."
4240,53.7,53.7,46.3,"Waltenschwil (AG)","A Waltenschwil, les habitants disent oui à 53,7 pour cent à la réforme du service civil. Waltenschwil a approuvé la réforme, tout comme son canton."
4251,73,73,27,"Hellikon (AG)","Hellikon dit oui à 73 pour cent à la réforme du service civil. Hellikon a approuvé la réforme, tout comme son canton."
4252,25.1,25.1,74.9,"Kaiseraugst (AG)","La réforme du service civil est refusée à 74,9 pour cent à Kaiseraugst. Kaiseraugst a rejeté la réforme, contrairement à son canton."
4253,48.7,48.7,51.3,"Magden (AG)","La réforme du service civil n'a pas trouvé grâce aux yeux des citoyens de Magden. Ils ont refusé le texte à 51,3 pour cent. Magden a rejeté la réforme, contrairement à son canton."
4254,46.7,46.7,53.3,"Möhlin (AG)","La réforme du service civil n'a pas convaincu à Möhlin. Les citoyens de la commune ont refusé le texte à 53,3 pour cent. Möhlin a rejeté la réforme, contrairement à son canton."
4255,41.5,41.5,58.5,"Mumpf (AG)","A Mumpf, les citoyens rejettent à 58,5 pour cent la réforme du service civil. Mumpf a rejeté la réforme, contrairement à son canton."
4256,55.1,55.1,44.9,"Obermumpf (AG)","Obermumpf dit oui à 55,1 pour cent à la réforme du service civil. Obermumpf a approuvé la réforme, tout comme son canton."
4257,64.6,64.6,35.4,"Olsberg (AG)","La population d'Olsberg approuve à 64,6 pour cent la réforme du service civil. Olsberg a approuvé la réforme, tout comme son canton."
4258,77.3,77.3,22.7,"Rheinfelden (AG)","Les habitants de Rheinfelden soutiennent à 77,3 pour cent la réforme du service civil. Rheinfelden a approuvé la réforme, tout comme son canton."
4259,86.8,86.8,13.2,"Schupfart (AG)","Schupfart dit oui à 86,8 pour cent à la réforme du service civil. Schupfart a approuvé la réforme, tout comme son canton."
4260,61,61,39,"Stein (AG)","La population de Stein (AG) approuve à 61 pour cent la réforme du service civil. Stein (AG) a approuvé la réforme, tout comme son canton."
4261,96.2,96.2,3.8,"Wallbach (AG)","Wallbach dit oui à 96,2 pour cent à la réforme du service civil. Wallbach a approuvé la réforme, tout comme son canton."
4262,88.1,88.1,11.9,"Wegenstetten (AG)","La réforme du service civil est approuvée à Wegenstetten par 88,1 pour cent des votants. Wegenstetten a approuvé la réforme, tout comme son canton."
4263,27.3,27.3,72.7,"Zeiningen (AG)","La réforme du service civil n'a pas convaincu à Zeiningen. Les citoyens de la commune ont refusé le texte à 72,7 pour cent. Zeiningen a rejeté la réforme, contrairement à son canton."
4264,68.6,68.6,31.4,"Zuzgen (AG)","La réforme du service civil passe la rampe avec 68,6 pour cent de oui à Zuzgen. Zuzgen a approuvé la réforme, tout comme son canton."
4271,58.6,58.6,41.4,"Aarburg (AG)","La réforme du service civil passe la rampe avec 58,6 pour cent de oui à Aarburg. Aarburg a approuvé la réforme, tout comme son canton."
4273,24.8,24.8,75.2,"Bottenwil (AG)","A Bottenwil, les citoyens rejettent à 75,2 pour cent la réforme du service civil. Bottenwil a rejeté la réforme, contrairement à son canton."
4274,62.5,62.5,37.5,"Brittnau (AG)","La réforme du service civil passe la rampe avec 62,5 pour cent de oui à Brittnau. Brittnau a approuvé la réforme, tout comme son canton."
4275,59.2,59.2,40.8,"Kirchleerau (AG)","Les habitants de Kirchleerau acceptent à 59,2 pour cent la réforme du service civil. Kirchleerau a approuvé la réforme, tout comme son canton."
4276,56.4,56.4,43.6,"Kölliken (AG)","Les habitants de Kölliken soutiennent à 56,4 pour cent la réforme du service civil. Kölliken a approuvé la réforme, tout comme son canton."
4277,79.6,79.6,20.4,"Moosleerau (AG)","La population de Moosleerau approuve à 79,6 pour cent la réforme du service civil. Moosleerau a approuvé la réforme, tout comme son canton."
4279,92.1,92.1,7.9,"Murgenthal (AG)","Murgenthal dit oui à 92,1 pour cent à la réforme du service civil. Murgenthal a approuvé la réforme, tout comme son canton."
4280,43,43,57,"Oftringen (AG)","La réforme du service civil n'a pas convaincu à Oftringen. Les citoyens de la commune ont refusé le texte à 57 pour cent. Oftringen a rejeté la réforme, contrairement à son canton."
4281,41.9,41.9,58.1,"Reitnau (AG)","La réforme du service civil n'a pas trouvé grâce aux yeux des citoyens de Reitnau. Ils ont refusé le texte à 58,1 pour cent. Reitnau a rejeté la réforme, contrairement à son canton."
4282,49.8,49.8,50.2,"Rothrist (AG)","La réforme du service civil est refusée à 50,2 pour cent à Rothrist. Rothrist a rejeté la réforme, contrairement à son canton."
4283,39.6,39.6,60.4,"Safenwil (AG)","La réforme du service civil n'a pas trouvé grâce aux yeux des citoyens de Safenwil. Ils ont refusé le texte à 60,4 pour cent. Safenwil a rejeté la réforme, contrairement à son canton."
4284,63.6,63.6,36.4,"Staffelbach (AG)","Les habitants de Staffelbach acceptent à 63,6 pour cent la réforme du service civil. Staffelbach a approuvé la réforme, tout comme son canton."
4285,51.5,51.5,48.5,"Strengelbach (AG)","La réforme du service civil passe la rampe avec 51,5 pour cent de oui à Strengelbach. Strengelbach a approuvé la réforme, tout comme son canton."
4286,81,81,19,"Uerkheim (AG)","La réforme du service civil passe la rampe avec 81 pour cent de oui à Uerkheim. Uerkheim a approuvé la réforme, tout comme son canton."
4287,63.5,63.5,36.5,"Vordemwald (AG)","Les habitants de Vordemwald soutiennent à 63,5 pour cent la réforme du service civil. Vordemwald a approuvé la réforme, tout comme son canton."
4288,91,91,9,"Wiliberg (AG)","A Wiliberg, les habitants disent oui à 91 pour cent à la réforme du service civil. Wiliberg a approuvé la réforme, tout comme son canton."
4289,35.3,35.3,64.7,"Zofingue (AG)","A Zofingue, les citoyens rejettent à 64,7 pour cent la réforme du service civil. Zofingue a rejeté la réforme, contrairement à son canton."
4303,9.8,9.8,90.2,"Böttstein (AG)","La population de Böttstein rejette à 90,2 pour cent des voix la réforme du service civil. Böttstein a rejeté la réforme, contrairement à son canton."
4304,65.8,65.8,34.2,"Döttingen (AG)","Les habitants de Döttingen soutiennent à 65,8 pour cent la réforme du service civil. Döttingen a approuvé la réforme, tout comme son canton."
4305,32.4,32.4,67.6,"Endingen (AG)","La réforme du service civil n'a pas trouvé grâce aux yeux des citoyens d'Endingen. Ils ont refusé le texte à 67,6 pour cent. Endingen a rejeté la réforme, contrairement à son canton."
4306,86.1,86.1,13.9,"Fisibach (AG)","Fisibach dit oui à 86,1 pour cent à la réforme du service civil. Fisibach a approuvé la réforme, tout comme son canton."
4307,54.2,54.2,45.8,"Full-Reuenthal (AG)","Les habitants de Full-Reuenthal soutiennent à 54,2 pour cent la réforme du service civil. Full-Reuenthal a approuvé la réforme, tout comme son canton."
4309,6.1,6.1,93.9,"Klingnau (AG)","C'est non à la réforme du service civil à Klingnau. Les habitants ont refusé le texte à 93,9 pour cent. Klingnau a rejeté la réforme, contrairement à son canton."
4310,74,74,26,"Koblenz (AG)","La réforme du service civil est approuvée à Koblenz par 74 pour cent des votants. Koblenz a approuvé la réforme, tout comme son canton."
4311,49.4,49.4,50.6,"Leibstadt (AG)","La réforme du service civil est refusée à 50,6 pour cent à Leibstadt. Leibstadt a rejeté la réforme, contrairement à son canton."
4312,55,55,45,"Lengnau (AG)","La réforme du service civil est approuvée à Lengnau (AG) par 55 pour cent des votants. Lengnau (AG) a approuvé la réforme, tout comme son canton."
4313,67.8,67.8,32.2,"Leuggern (AG)","Leuggern dit oui à 67,8 pour cent à la réforme du service civil. Leuggern a approuvé la réforme, tout comme son canton."
4314,39.5,39.5,60.5,"Mellikon (AG)","C'est non à la réforme du service civil à Mellikon. Les habitants ont refusé le texte à 60,5 pour cent. Mellikon a rejeté la réforme, contrairement à son canton."
4318,83.6,83.6,16.4,"Schneisingen (AG)","A Schneisingen, les habitants disent oui à 83,6 pour cent à la réforme du service civil. Schneisingen a approuvé la réforme, tout comme son canton."
4319,52.5,52.5,47.5,"Siglistorf (AG)","La réforme du service civil passe la rampe avec 52,5 pour cent de oui à Siglistorf. Siglistorf a approuvé la réforme, tout comme son canton."
4320,36.7,36.7,63.3,"Tegerfelden (AG)","La réforme du service civil est refusée à 63,3 pour cent à Tegerfelden. Tegerfelden a rejeté la réforme, contrairement à son canton."
4324,31.5,31.5,68.5,"Zurzach (AG)","La réforme du service civil n'a pas convaincu à Zurzach. Les citoyens de la commune ont refusé le texte à 68,5 pour cent. Zurzach a rejeté la réforme, contrairement à son canton."
4401,18.2,18.2,81.8,"Arbon (TG)","C'est non à la réforme du service civil à Arbon. Les habitants ont refusé le texte à 81,8 pour cent. Arbon a rejeté la réforme, tout comme son canton."
4406,14.3,14.3,85.7,"Dozwil (TG)","C'est non à la réforme du service civil à Dozwil. Les habitants ont refusé le texte à 85,7 pour cent. Dozwil a rejeté la réforme, tout comme son canton."
4411,42.8,42.8,57.2,"Egnach (TG)","La réforme du service civil est refusée à 57,2 pour cent à Egnach. Egnach a rejeté la réforme, tout comme son canton."
4416,58.7,58.7,41.3,"Hefenhofen (TG)","La réforme du service civil est approuvée à Hefenhofen par 58,7 pour cent des votants. Hefenhofen a approuvé la réforme, contrairement à son canton."
4421,57.3,57.3,42.7,"Horn (TG)","La population de Horn approuve à 57,3 pour cent la réforme du service civil. Horn a approuvé la réforme, contrairement à son canton."
4426,33.1,33.1,66.9,"Kesswil (TG)","La réforme du service civil n'a pas trouvé grâce aux yeux des citoyens de Kesswil. Ils ont refusé le texte à 66,9 pour cent. Kesswil a rejeté la réforme, tout comme son canton."
4431,36.1,36.1,63.9,"Roggwil (TG)","La réforme du service civil n'a pas trouvé grâce aux yeux des citoyens de Roggwil (TG). Ils ont refusé le texte à 63,9 pour cent. Roggwil (TG) a rejeté la réforme, tout comme son canton."
4436,35.7,35.7,64.3,"Romanshorn (TG)","La réforme du service civil n'a pas trouvé grâce aux yeux des citoyens de Romanshorn. Ils ont refusé le texte à 64,3 pour cent. Romanshorn a rejeté la réforme, tout comme son canton."
4441,56.4,56.4,43.6,"Salmsach (TG)","A Salmsach, les habitants disent oui à 56,4 pour cent à la réforme du service civil. Salmsach a approuvé la réforme, contrairement à son canton."
4446,35.7,35.7,64.3,"Sommeri (TG)","Les habitants de Sommeri s'opposent à la réforme du service civil par 64,3 pour cent des voix. Sommeri a rejeté la réforme, tout comme son canton."
4451,76,76,24,"Uttwil (TG)","Les habitants d'Uttwil soutiennent à 76 pour cent la réforme du service civil. Uttwil a approuvé la réforme, contrairement à son canton."
4461,45.3,45.3,54.7,"Amriswil (TG)","La réforme du service civil est refusée à 54,7 pour cent à Amriswil. Amriswil a rejeté la réforme, tout comme son canton."
4471,53.3,53.3,46.7,"Bischofszell (TG)","La population de Bischofszell approuve à 53,3 pour cent la réforme du service civil. Bischofszell a approuvé la réforme, contrairement à son canton."
4476,34.4,34.4,65.6,"Erlen (TG)","La réforme du service civil n'a pas trouvé grâce aux yeux des citoyens d'Erlen. Ils ont refusé le texte à 65,6 pour cent. Erlen a rejeté la réforme, tout comme son canton."
4486,13.4,13.4,86.6,"Hauptwil-Gottshaus (TG)","La réforme du service civil n'a pas convaincu à Hauptwil-Gottshaus. Les citoyens de la commune ont refusé le texte à 86,6 pour cent. Hauptwil-Gottshaus a rejeté la réforme, tout comme son canton."
4495,15.7,15.7,84.3,"Hohentannen (TG)","La réforme du service civil est refusée à 84,3 pour cent à Hohentannen. Hohentannen a rejeté la réforme, tout comme son canton."
4501,45.7,45.7,54.3,"Kradolf-Schönenberg (TG)","La réforme du service civil n'a pas trouvé grâce aux yeux des citoyens de Kradolf-Schönenberg. Ils ont refusé le texte à 54,3 pour cent. Kradolf-Schönenberg a rejeté la réforme, tout comme son canton."
4506,52,52,48,"Sulgen (TG)","A Sulgen, les habitants disent oui à 52 pour cent à la réforme du service civil. Sulgen a approuvé la réforme, contrairement à son canton."
4511,56.3,56.3,43.7,"Zihlschlacht-Sitterdorf (TG)","Les habitants de Zihlschlacht-Sitterdorf acceptent à 56,3 pour cent la réforme du service civil. Zihlschlacht-Sitterdorf a approuvé la réforme, contrairement à son canton."
4536,44.7,44.7,55.3,"Basadingen-Schlattingen (TG)","La réforme du service civil n'a pas trouvé grâce aux yeux des citoyens de Basadingen-Schlattingen. Ils ont refusé le texte à 55,3 pour cent. Basadingen-Schlattingen a rejeté la réforme, tout comme son canton."
4545,38.8,38.8,61.2,"Diessenhofen (TG)","La réforme du service civil n'a pas convaincu à Diessenhofen. Les citoyens de la commune ont refusé le texte à 61,2 pour cent. Diessenhofen a rejeté la réforme, tout comme son canton."
4546,75.6,75.6,24.4,"Schlatt (TG)","A Schlatt (TG), les habitants disent oui à 75,6 pour cent à la réforme du service civil. Schlatt (TG) a approuvé la réforme, contrairement à son canton."
4551,53.3,53.3,46.7,"Aadorf (TG)","La réforme du service civil est approuvée à Aadorf par 53,3 pour cent des votants. Aadorf a approuvé la réforme, contrairement à son canton."
4561,17.7,17.7,82.3,"Felben-Wellhausen (TG)","La population de Felben-Wellhausen rejette à 82,3 pour cent des voix la réforme du service civil. Felben-Wellhausen a rejeté la réforme, tout comme son canton."
4566,8.5,8.5,91.5,"Frauenfeld (TG)","A Frauenfeld, les citoyens rejettent à 91,5 pour cent la réforme du service civil. Frauenfeld a rejeté la réforme, tout comme son canton."
4571,38.5,38.5,61.5,"Gachnang (TG)","La réforme du service civil est refusée à 61,5 pour cent à Gachnang. Gachnang a rejeté la réforme, tout comme son canton."
4590,58.9,58.9,41.1,"Hüttlingen (TG)","Hüttlingen dit oui à 58,9 pour cent à la réforme du service civil. Hüttlingen a approuvé la réforme, contrairement à son canton."
4591,55.6,55.6,44.4,"Matzingen (TG)","La réforme du service civil est approuvée à Matzingen par 55,6 pour cent des votants. Matzingen a approuvé la réforme, contrairement à son canton."
4601,6.7,6.7,93.3,"Neunforn (TG)","A Neunforn, les citoyens rejettent à 93,3 pour cent la réforme du service civil. Neunforn a rejeté la réforme, tout comme son canton."
4606,20,20,80,"Stettfurt (TG)","La population de Stettfurt rejette à 80 pour cent des voix la réforme du service civil. Stettfurt a rejeté la réforme, tout comme son canton."
4611,44.5,44.5,55.5,"Thundorf (TG)","A Thundorf, les citoyens rejettent à 55,5 pour cent la réforme du service civil. Thundorf a rejeté la réforme, tout comme son canton."
4616,81.2,81.2,18.8,"Uesslingen-Buch (TG)","Les habitants d'Uesslingen-Buch acceptent à 81,2 pour cent la réforme du service civil. Uesslingen-Buch a approuvé la réforme, contrairement à son canton."
4621,63,63,37,"Warth-Weiningen (TG)","La réforme du service civil est approuvée à Warth-Weiningen par 63 pour cent des votants. Warth-Weiningen a approuvé la réforme, contrairement à son canton."
4641,42.6,42.6,57.4,"Altnau (TG)","La réforme du service civil n'a pas convaincu à Altnau. Les citoyens de la commune ont refusé le texte à 57,4 pour cent. Altnau a rejeté la réforme, tout comme son canton."
4643,80.3,80.3,19.7,"Bottighofen (TG)","La réforme du service civil est approuvée à Bottighofen par 80,3 pour cent des votants. Bottighofen a approuvé la réforme, contrairement à son canton."
4646,37,37,63,"Ermatingen (TG)","A Ermatingen, les citoyens rejettent à 63 pour cent la réforme du service civil. Ermatingen a rejeté la réforme, tout comme son canton."
4651,39,39,61,"Gottlieben (TG)","La population de Gottlieben rejette à 61 pour cent des voix la réforme du service civil. Gottlieben a rejeté la réforme, tout comme son canton."
4656,87.1,87.1,12.9,"Güttingen (TG)","La population de Güttingen approuve à 87,1 pour cent la réforme du service civil. Güttingen a approuvé la réforme, contrairement à son canton."
4666,60,60,40,"Kemmental (TG)","Kemmental dit oui à 60 pour cent à la réforme du service civil. Kemmental a approuvé la réforme, contrairement à son canton."
4671,62.5,62.5,37.5,"Kreuzlingen (TG)","La réforme du service civil est approuvée à Kreuzlingen par 62,5 pour cent des votants. Kreuzlingen a approuvé la réforme, contrairement à son canton."
4681,56.2,56.2,43.8,"Langrickenbach (TG)","Langrickenbach dit oui à 56,2 pour cent à la réforme du service civil. Langrickenbach a approuvé la réforme, contrairement à son canton."
4683,58.4,58.4,41.6,"Lengwil (TG)","La réforme du service civil passe la rampe avec 58,4 pour cent de oui à Lengwil. Lengwil a approuvé la réforme, contrairement à son canton."
4691,56.6,56.6,43.4,"Münsterlingen (TG)","Les habitants de Münsterlingen soutiennent à 56,6 pour cent la réforme du service civil. Münsterlingen a approuvé la réforme, contrairement à son canton."
4696,9.9,9.9,90.1,"Tägerwilen (TG)","La population de Tägerwilen rejette à 90,1 pour cent des voix la réforme du service civil. Tägerwilen a rejeté la réforme, tout comme son canton."
4701,17.3,17.3,82.7,"Wäldi (TG)","Les habitants de Wäldi s'opposent à la réforme du service civil par 82,7 pour cent des voix. Wäldi a rejeté la réforme, tout comme son canton."
4711,46.4,46.4,53.6,"Affeltrangen (TG)","Les habitants d'Affeltrangen s'opposent à la réforme du service civil par 53,6 pour cent des voix. Affeltrangen a rejeté la réforme, tout comme son canton."
4716,60.3,60.3,39.7,"Bettwiesen (TG)","La réforme du service civil est approuvée à Bettwiesen par 60,3 pour cent des votants. Bettwiesen a approuvé la réforme, contrairement à son canton."
4721,19.1,19.1,80.9,"Bichelsee-Balterswil (TG)","La réforme du service civil n'a pas convaincu à Bichelsee-Balterswil. Les citoyens de la commune ont refusé le texte à 80,9 pour cent. Bichelsee-Balterswil a rejeté la réforme, tout comme son canton."
4723,90.2,90.2,9.8,"Braunau (TG)","Braunau dit oui à 90,2 pour cent à la réforme du service civil. Braunau a approuvé la réforme, contrairement à son canton."
4724,80.5,80.5,19.5,"Eschlikon (TG)","La population d'Eschlikon approuve à 80,5 pour cent la réforme du service civil. Eschlikon a approuvé la réforme, contrairement à son canton."
4726,34.9,34.9,65.1,"Fischingen (TG)","A Fischingen, les citoyens rejettent à 65,1 pour cent la réforme du service civil. Fischingen a rejeté la réforme, tout comme son canton."
4741,47.5,47.5,52.5,"Lommis (TG)","C'est non à la réforme du service civil à Lommis. Les habitants ont refusé le texte à 52,5 pour cent. Lommis a rejeté la réforme, tout comme son canton."
4746,2.2,2.2,97.8,"Münchwilen (TG)","La réforme du service civil n'a pas convaincu à Münchwilen (TG). Les citoyens de la commune ont refusé le texte à 97,8 pour cent. Le plus fort pourcentage de non du canton de Thurgovie a été obtenu à Münchwilen (TG)."
4751,6.9,6.9,93.1,"Rickenbach (TG)","C'est non à la réforme du service civil à Rickenbach (TG). Les habitants ont refusé le texte à 93,1 pour cent. Rickenbach (TG) a rejeté la réforme, tout comme son canton."
4756,91.8,91.8,8.2,"Schönholzerswilen (TG)","La réforme du service civil est approuvée à Schönholzerswilen par 91,8 pour cent des votants. Le plus fort pourcentage de oui du canton de Thurgovie a été obtenu à Schönholzerswilen."
4761,6.5,6.5,93.5,"Sirnach (TG)","A Sirnach, les citoyens rejettent à 93,5 pour cent la réforme du service civil. Sirnach a rejeté la réforme, tout comme son canton."
4776,75,75,25,"Tobel-Tägerschen (TG)","Tobel-Tägerschen dit oui à 75 pour cent à la réforme du service civil. Tobel-Tägerschen a approuvé la réforme, contrairement à son canton."
4781,49.7,49.7,50.3,"Wängi (TG)","La réforme du service civil n'a pas convaincu à Wängi. Les citoyens de la commune ont refusé le texte à 50,3 pour cent. Wängi a rejeté la réforme, tout comme son canton."
4786,51,51,49,"Wilen (TG)","La réforme du service civil passe la rampe avec 51 pour cent de oui à Wilen (TG). Wilen (TG) a approuvé la réforme, contrairement à son canton."
4791,51.1,51.1,48.9,"Wuppenau (TG)","A Wuppenau, les habitants disent oui à 51,1 pour cent à la réforme du service civil. Wuppenau a approuvé la réforme, contrairement à son canton."
4801,48.4,48.4,51.6,"Berlingen (TG)","La réforme du service civil n'a pas convaincu à Berlingen. Les citoyens de la commune ont refusé le texte à 51,6 pour cent. Berlingen a rejeté la réforme, tout comme son canton."
4806,86.2,86.2,13.8,"Eschenz (TG)","A Eschenz, les habitants disent oui à 86,2 pour cent à la réforme du service civil. Eschenz a approuvé la réforme, contrairement à son canton."
4811,83.6,83.6,16.4,"Herdern (TG)","La réforme du service civil est approuvée à Herdern par 83,6 pour cent des votants. Herdern a approuvé la réforme, contrairement à son canton."
4816,49.5,49.5,50.5,"Homburg (TG)","C'est non à la réforme du service civil à Homburg. Les habitants ont refusé le texte à 50,5 pour cent. Homburg a rejeté la réforme, tout comme son canton."
4821,61.6,61.6,38.4,"Hüttwilen (TG)","La population de Hüttwilen approuve à 61,6 pour cent la réforme du service civil. Hüttwilen a approuvé la réforme, contrairement à son canton."
4826,17.5,17.5,82.5,"Mammern (TG)","La population de Mammern rejette à 82,5 pour cent des voix la réforme du service civil. Mammern a rejeté la réforme, tout comme son canton."
4831,50.2,50.2,49.8,"Müllheim (TG)","Les habitants de Müllheim soutiennent à 50,2 pour cent la réforme du service civil. Müllheim a approuvé la réforme, contrairement à son canton."
4841,15.2,15.2,84.8,"Pfyn (TG)","La réforme du service civil est refusée à 84,8 pour cent à Pfyn. Pfyn a rejeté la réforme, tout comme son canton."
4846,61,61,39,"Raperswilen (TG)","Les habitants de Raperswilen soutiennent à 61 pour cent la réforme du service civil. Raperswilen a approuvé la réforme, contrairement à son canton."
4851,73.8,73.8,26.2,"Salenstein (TG)","A Salenstein, les habitants disent oui à 73,8 pour cent à la réforme du service civil. Salenstein a approuvé la réforme, contrairement à son canton."
4864,51,51,49,"Steckborn (TG)","La réforme du service civil passe la rampe avec 51 pour cent de oui à Steckborn. Steckborn a approuvé la réforme, contrairement à son canton."
4871,60.2,60.2,39.8,"Wagenhausen (TG)","La population de Wagenhausen approuve à 60,2 pour cent la réforme du service civil. Wagenhausen a approuvé la réforme, contrairement à son canton."
4881,73.2,73.2,26.8,"Amlikon-Bissegg (TG)","La réforme du service civil est approuvée à Amlikon-Bissegg par 73,2 pour cent des votants. Amlikon-Bissegg a approuvé la réforme, contrairement à son canton."
4891,72.7,72.7,27.3,"Berg (TG)","La réforme du service civil passe la rampe avec 72,7 pour cent de oui à Berg (TG). Berg (TG) a approuvé la réforme, contrairement à son canton."
4901,59.6,59.6,40.4,"Birwinken (TG)","La population de Birwinken approuve à 59,6 pour cent la réforme du service civil. Birwinken a approuvé la réforme, contrairement à son canton."
4911,44.3,44.3,55.7,"Bürglen (TG)","La réforme du service civil n'a pas trouvé grâce aux yeux des citoyens de Bürglen (TG). Ils ont refusé le texte à 55,7 pour cent. Bürglen (TG) a rejeté la réforme, tout comme son canton."
4921,57.8,57.8,42.2,"Bussnang (TG)","La réforme du service civil est approuvée à Bussnang par 57,8 pour cent des votants. Bussnang a approuvé la réforme, contrairement à son canton."
4941,7.6,7.6,92.4,"Märstetten (TG)","La réforme du service civil n'a pas trouvé grâce aux yeux des citoyens de Märstetten. Ils ont refusé le texte à 92,4 pour cent. Märstetten a rejeté la réforme, tout comme son canton."
4946,55.9,55.9,44.1,"Weinfelden (TG)","A Weinfelden, les habitants disent oui à 55,9 pour cent à la réforme du service civil. Weinfelden a approuvé la réforme, contrairement à son canton."
4951,21.8,21.8,78.2,"Wigoltingen (TG)","La réforme du service civil n'a pas convaincu à Wigoltingen. Les citoyens de la commune ont refusé le texte à 78,2 pour cent. Wigoltingen a rejeté la réforme, tout comme son canton."
5001,87.6,87.6,12.4,"Arbedo-Castione (TI)","Les habitants d'Arbedo-Castione soutiennent à 87,6 pour cent la réforme du service civil. Arbedo-Castione a approuvé la réforme, tout comme son canton."
5002,16.7,16.7,83.3,"Bellinzone (TI)","La réforme du service civil n'a pas trouvé grâce aux yeux des citoyens de Bellinzone. Ils ont refusé le texte à 83,3 pour cent. Bellinzone a rejeté la réforme, contrairement à son canton."
5003,49.7,49.7,50.3,"Cadenazzo (TI)","A Cadenazzo, les citoyens rejettent à 50,3 pour cent la réforme du service civil. Cadenazzo a rejeté la réforme, contrairement à son canton."
5009,25.8,25.8,74.2,"Isone (TI)","Les habitants d'Isone s'opposent à la réforme du service civil par 74,2 pour cent des voix. Isone a rejeté la réforme, contrairement à son canton."
5010,75.6,75.6,24.4,"Lumino (TI)","La population de Lumino approuve à 75,6 pour cent la réforme du service civil. Lumino a approuvé la réforme, tout comme son canton."
5017,59,59,41,"Sant'Antonino (TI)","La population de Sant'Antonino approuve à 59 pour cent la réforme du service civil. Sant'Antonino a approuvé la réforme, tout comme son canton."
5048,47.4,47.4,52.6,"Acquarossa (TI)","C'est non à la réforme du service civil à Acquarossa. Les habitants ont refusé le texte à 52,6 pour cent. Acquarossa a rejeté la réforme, contrairement à son canton."
5049,47.5,47.5,52.5,"Blenio (TI)","C'est non à la réforme du service civil à Blenio. Les habitants ont refusé le texte à 52,5 pour cent. Blenio a rejeté la réforme, contrairement à son canton."
5050,61.5,61.5,38.5,"Serravalle (TI)","La population de Serravalle approuve à 61,5 pour cent la réforme du service civil. Serravalle a approuvé la réforme, tout comme son canton."
5061,4.8,4.8,95.2,"Airolo (TI)","A Airolo, les citoyens rejettent à 95,2 pour cent la réforme du service civil. Airolo a rejeté la réforme, contrairement à son canton."
5063,48.1,48.1,51.9,"Bedretto (TI)","C'est non à la réforme du service civil à Bedretto. Les habitants ont refusé le texte à 51,9 pour cent. Bedretto a rejeté la réforme, contrairement à son canton."
5071,66.6,66.6,33.4,"Dalpe (TI)","La population de Dalpe approuve à 66,6 pour cent la réforme du service civil. Dalpe a approuvé la réforme, tout comme son canton."
5072,21.7,21.7,78.3,"Faido (TI)","La réforme du service civil est refusée à 78,3 pour cent à Faido. Faido a rejeté la réforme, contrairement à son canton."
5073,34.4,34.4,65.6,"Giornico (TI)","La réforme du service civil n'a pas trouvé grâce aux yeux des citoyens de Giornico. Ils ont refusé le texte à 65,6 pour cent. Giornico a rejeté la réforme, contrairement à son canton."
5076,60.7,60.7,39.3,"Personico (TI)","Les habitants de Personico acceptent à 60,7 pour cent la réforme du service civil. Personico a approuvé la réforme, tout comme son canton."
5077,84.7,84.7,15.3,"Pollegio (TI)","La réforme du service civil est approuvée à Pollegio par 84,7 pour cent des votants. Pollegio a approuvé la réforme, tout comme son canton."
5079,7.6,7.6,92.4,"Quinto (TI)","La réforme du service civil n'a pas convaincu à Quinto. Les citoyens de la commune ont refusé le texte à 92,4 pour cent. Quinto a rejeté la réforme, contrairement à son canton."
5091,12.4,12.4,87.6,"Ascona (TI)","La réforme du service civil n'a pas trouvé grâce aux yeux des citoyens d'Ascona. Ils ont refusé le texte à 87,6 pour cent. Ascona a rejeté la réforme, contrairement à son canton."
5096,48.7,48.7,51.3,"Brione sopra Minusio (TI)","Les habitants de Brione sopra Minusio s'opposent à la réforme du service civil par 51,3 pour cent des voix. Brione sopra Minusio a rejeté la réforme, contrairement à son canton."
5097,25.1,25.1,74.9,"Brissago (TI)","C'est non à la réforme du service civil à Brissago. Les habitants ont refusé le texte à 74,9 pour cent. Brissago a rejeté la réforme, contrairement à son canton."
5108,50.9,50.9,49.1,"Gordola (TI)","La population de Gordola approuve à 50,9 pour cent la réforme du service civil. Gordola a approuvé la réforme, tout comme son canton."
5112,17.9,17.9,82.1,"Lavertezzo (TI)","Les habitants de Lavertezzo s'opposent à la réforme du service civil par 82,1 pour cent des voix. Lavertezzo a rejeté la réforme, contrairement à son canton."
5113,90.1,90.1,9.9,"Locarno (TI)","Locarno dit oui à 90,1 pour cent à la réforme du service civil. Locarno a approuvé la réforme, tout comme son canton."
5115,45.5,45.5,54.5,"Losone (TI)","A Losone, les citoyens rejettent à 54,5 pour cent la réforme du service civil. Losone a rejeté la réforme, contrairement à son canton."
5117,27.6,27.6,72.4,"Mergoscia (TI)","La réforme du service civil est refusée à 72,4 pour cent à Mergoscia. Mergoscia a rejeté la réforme, contrairement à son canton."
5118,69.3,69.3,30.7,"Minusio (TI)","La réforme du service civil passe la rampe avec 69,3 pour cent de oui à Minusio. Minusio a approuvé la réforme, tout comme son canton."
5120,58.4,58.4,41.6,"Muralto (TI)","La réforme du service civil est approuvée à Muralto par 58,4 pour cent des votants. Muralto a approuvé la réforme, tout comme son canton."
5121,22.4,22.4,77.6,"Orselina (TI)","A Orselina, les citoyens rejettent à 77,6 pour cent la réforme du service civil. Orselina a rejeté la réforme, contrairement à son canton."
5125,71.5,71.5,28.5,"Ronco sopra Ascona (TI)","A Ronco sopra Ascona, les habitants disent oui à 71,5 pour cent à la réforme du service civil. Ronco sopra Ascona a approuvé la réforme, tout comme son canton."
5131,56.5,56.5,43.5,"Tenero-Contra (TI)","Les habitants de Tenero-Contra acceptent à 56,5 pour cent la réforme du service civil. Tenero-Contra a approuvé la réforme, tout comme son canton."
5136,22.1,22.1,77.9,"Onsernone (TI)","Les habitants d'Onsernone s'opposent à la réforme du service civil par 77,9 pour cent des voix. Onsernone a rejeté la réforme, contrairement à son canton."
5138,8.6,8.6,91.4,"Cugnasco-Gerra (TI)","Les habitants de Cugnasco-Gerra s'opposent à la réforme du service civil par 91,4 pour cent des voix. Cugnasco-Gerra a rejeté la réforme, contrairement à son canton."
5141,78,78,22,"Agno (TI)","Les habitants d'Agno acceptent à 78 pour cent la réforme du service civil. Agno a approuvé la réforme, tout comme son canton."
5143,45,45,55,"Aranno (TI)","C'est non à la réforme du service civil à Aranno. Les habitants ont refusé le texte à 55 pour cent. Aranno a rejeté la réforme, contrairement à son canton."
5144,28.3,28.3,71.7,"Arogno (TI)","La population d'Arogno rejette à 71,7 pour cent des voix la réforme du service civil. Arogno a rejeté la réforme, contrairement à son canton."
5148,16.2,16.2,83.8,"Bedano (TI)","La réforme du service civil n'a pas trouvé grâce aux yeux des citoyens de Bedano. Ils ont refusé le texte à 83,8 pour cent. Bedano a rejeté la réforme, contrairement à son canton."
5151,39.1,39.1,60.9,"Bioggio (TI)","La réforme du service civil est refusée à 60,9 pour cent à Bioggio. Bioggio a rejeté la réforme, contrairement à son canton."
5154,93.9,93.9,6.1,"Bissone (TI)","Les habitants de Bissone acceptent à 93,9 pour cent la réforme du service civil. Bissone a approuvé la réforme, tout comme son canton."
5160,58.1,58.1,41.9,"Brusino Arsizio (TI)","Brusino Arsizio dit oui à 58,1 pour cent à la réforme du service civil. Brusino Arsizio a approuvé la réforme, tout comme son canton."
5161,14.9,14.9,85.1,"Cademario (TI)","C'est non à la réforme du service civil à Cademario. Les habitants ont refusé le texte à 85,1 pour cent. Cademario a rejeté la réforme, contrairement à son canton."
5162,52.2,52.2,47.8,"Cadempino (TI)","La réforme du service civil passe la rampe avec 52,2 pour cent de oui à Cadempino. Cadempino a approuvé la réforme, tout comme son canton."
5167,91.1,91.1,8.9,"Canobbio (TI)","Les habitants de Canobbio acceptent à 91,1 pour cent la réforme du service civil. Canobbio a approuvé la réforme, tout comme son canton."
5171,51.5,51.5,48.5,"Caslano (TI)","Les habitants de Caslano soutiennent à 51,5 pour cent la réforme du service civil. Caslano a approuvé la réforme, tout comme son canton."
5176,43.6,43.6,56.4,"Comano (TI)","C'est non à la réforme du service civil à Comano. Les habitants ont refusé le texte à 56,4 pour cent. Comano a rejeté la réforme, contrairement à son canton."
5180,75.1,75.1,24.9,"Cureglia (TI)","La réforme du service civil passe la rampe avec 75,1 pour cent de oui à Cureglia. Cureglia a approuvé la réforme, tout comme son canton."
5186,68.7,68.7,31.3,"Grancia (TI)","La population de Grancia approuve à 68,7 pour cent la réforme du service civil. Grancia a approuvé la réforme, tout comme son canton."
5187,49.8,49.8,50.2,"Gravesano (TI)","La réforme du service civil n'a pas trouvé grâce aux yeux des citoyens de Gravesano. Ils ont refusé le texte à 50,2 pour cent. Gravesano a rejeté la réforme, contrairement à son canton."
5189,15.9,15.9,84.1,"Lamone (TI)","La réforme du service civil n'a pas trouvé grâce aux yeux des citoyens de Lamone. Ils ont refusé le texte à 84,1 pour cent. Lamone a rejeté la réforme, contrairement à son canton."
5192,80.1,80.1,19.9,"Lugano (TI)","Les habitants de Lugano acceptent à 80,1 pour cent la réforme du service civil. Lugano a approuvé la réforme, tout comme son canton."
5193,54.6,54.6,45.4,"Magliaso (TI)","La réforme du service civil passe la rampe avec 54,6 pour cent de oui à Magliaso. Magliaso a approuvé la réforme, tout comme son canton."
5194,45.9,45.9,54.1,"Manno (TI)","A Manno, les citoyens rejettent à 54,1 pour cent la réforme du service civil. Manno a rejeté la réforme, contrairement à son canton."
5196,29.9,29.9,70.1,"Massagno (TI)","La réforme du service civil est refusée à 70,1 pour cent à Massagno. Massagno a rejeté la réforme, contrairement à son canton."
5198,42.1,42.1,57.9,"Melide (TI)","C'est non à la réforme du service civil à Melide. Les habitants ont refusé le texte à 57,9 pour cent. Melide a rejeté la réforme, contrairement à son canton."
5199,54.5,54.5,45.5,"Mezzovico-Vira (TI)","La réforme du service civil est approuvée à Mezzovico-Vira par 54,5 pour cent des votants. Mezzovico-Vira a approuvé la réforme, tout comme son canton."
5203,2.2,2.2,97.8,"Morcote (TI)","La réforme du service civil n'a pas trouvé grâce aux yeux des citoyens de Morcote. Ils ont refusé le texte à 97,8 pour cent. Morcote a rejeté la réforme, contrairement à son canton."
5205,51.1,51.1,48.9,"Muzzano (TI)","La réforme du service civil passe la rampe avec 51,1 pour cent de oui à Muzzano. Muzzano a approuvé la réforme, tout comme son canton."
5206,68.4,68.4,31.6,"Neggio (TI)","Neggio dit oui à 68,4 pour cent à la réforme du service civil. Neggio a approuvé la réforme, tout comme son canton."
5208,48.3,48.3,51.7,"Origlio (TI)","A Origlio, les citoyens rejettent à 51,7 pour cent la réforme du service civil. Origlio a rejeté la réforme, contrairement à son canton."
5210,29.3,29.3,70.7,"Paradiso (TI)","A Paradiso, les citoyens rejettent à 70,7 pour cent la réforme du service civil. Paradiso a rejeté la réforme, contrairement à son canton."
5212,48.2,48.2,51.8,"Ponte Capriasca (TI)","La population de Ponte Capriasca rejette à 51,8 pour cent des voix la réforme du service civil. Ponte Capriasca a rejeté la réforme, contrairement à son canton."
5214,68.2,68.2,31.8,"Porza (TI)","La réforme du service civil est approuvée à Porza par 68,2 pour cent des votants. Porza a approuvé la réforme, tout comme son canton."
5216,0.2,0.2,99.8,"Pura (TI)","Pura se classe au deuxième rang des plus forts refus de la réforme du service civil. La commune dit non à 99,8 pour cent. Le plus fort pourcentage de non du canton du Tessin a été obtenu à Pura."
5221,79.3,79.3,20.7,"Savosa (TI)","La population de Savosa approuve à 79,3 pour cent la réforme du service civil. Savosa a approuvé la réforme, tout comme son canton."
5225,43.6,43.6,56.4,"Sorengo (TI)","Les habitants de Sorengo s'opposent à la réforme du service civil par 56,4 pour cent des voix. Sorengo a rejeté la réforme, contrairement à son canton."
5226,54.5,54.5,45.5,"Capriasca (TI)","La réforme du service civil est approuvée à Capriasca par 54,5 pour cent des votants. Capriasca a approuvé la réforme, tout comme son canton."
5227,84.3,84.3,15.7,"Torricella-Taverne (TI)","Torricella-Taverne dit oui à 84,3 pour cent à la réforme du service civil. Torricella-Taverne a approuvé la réforme, tout comme son canton."
5230,64.9,64.9,35.1,"Vernate (TI)","La réforme du service civil est approuvée à Vernate par 64,9 pour cent des votants. Vernate a approuvé la réforme, tout comme son canton."
5231,22.3,22.3,77.7,"Vezia (TI)","La réforme du service civil n'a pas convaincu à Vezia. Les citoyens de la commune ont refusé le texte à 77,7 pour cent. Vezia a rejeté la réforme, contrairement à son canton."
5233,95,95,5,"Vico Morcote (TI)","Les habitants de Vico Morcote acceptent à 95 pour cent la réforme du service civil. Vico Morcote a approuvé la réforme, tout comme son canton."
5236,97.1,97.1,2.9,"Collina d'Oro (TI)","A Collina d'Oro, les habitants disent oui à 97,1 pour cent à la réforme du service civil. Le plus fort pourcentage de oui du canton du Tessin a été obtenu à Collina d'Oro."
5237,42.8,42.8,57.2,"Alto Malcantone (TI)","La population d'Alto Malcantone rejette à 57,2 pour cent des voix la réforme du service civil. Alto Malcantone a rejeté la réforme, contrairement à son canton."
5238,39,39,61,"Monteceneri (TI)","A Monteceneri, les citoyens rejettent à 61 pour cent la réforme du service civil. Monteceneri a rejeté la réforme, contrairement à son canton."
5239,3.8,3.8,96.2,"Tresa (TI)","La réforme du service civil n'a pas convaincu à Tresa. Les citoyens de la commune ont refusé le texte à 96,2 pour cent. Tresa a rejeté la réforme, contrairement à son canton."
5240,65.7,65.7,34.3,"Val Mara (TI)","Les habitants de Val Mara acceptent à 65,7 pour cent la réforme du service civil. Val Mara a approuvé la réforme, tout comme son canton."
5242,37.4,37.4,62.6,"Balerna (TI)","La réforme du service civil n'a pas convaincu à Balerna. Les citoyens de la commune ont refusé le texte à 62,6 pour cent. Balerna a rejeté la réforme, contrairement à son canton."
5249,94.1,94.1,5.9,"Castel San Pietro (TI)","Les habitants de Castel San Pietro soutiennent à 94,1 pour cent la réforme du service civil. Castel San Pietro a approuvé la réforme, tout comme son canton."
5250,57.1,57.1,42.9,"Chiasso (TI)","Chiasso dit oui à 57,1 pour cent à la réforme du service civil. Chiasso a approuvé la réforme, tout comme son canton."
5251,61.4,61.4,38.6,"Coldrerio (TI)","Les habitants de Coldrerio acceptent à 61,4 pour cent la réforme du service civil. Coldrerio a approuvé la réforme, tout comme son canton."
5254,63.4,63.4,36.6,"Mendrisio (TI)","Mendrisio dit oui à 63,4 pour cent à la réforme du service civil. Mendrisio a approuvé la réforme, tout comme son canton."
5257,55.7,55.7,44.3,"Morbio Inferiore (TI)","Les habitants de Morbio Inferiore acceptent à 55,7 pour cent la réforme du service civil. Morbio Inferiore a approuvé la réforme, tout comme son canton."
5260,80.6,80.6,19.4,"Novazzano (TI)","Les habitants de Novazzano acceptent à 80,6 pour cent la réforme du service civil. Novazzano a approuvé la réforme, tout comme son canton."
5263,86.3,86.3,13.7,"Riva San Vitale (TI)","La réforme du service civil passe la rampe avec 86,3 pour cent de oui à Riva San Vitale. Riva San Vitale a approuvé la réforme, tout comme son canton."
5266,57.1,57.1,42.9,"Stabio (TI)","Les habitants de Stabio soutiennent à 57,1 pour cent la réforme du service civil. Stabio a approuvé la réforme, tout comme son canton."
5268,49.2,49.2,50.8,"Vacallo (TI)","C'est non à la réforme du service civil à Vacallo. Les habitants ont refusé le texte à 50,8 pour cent. Vacallo a rejeté la réforme, contrairement à son canton."
5269,63.5,63.5,36.5,"Breggia (TI)","Breggia dit oui à 63,5 pour cent à la réforme du service civil. Breggia a approuvé la réforme, tout comme son canton."
5281,27.6,27.6,72.4,"Biasca (TI)","C'est non à la réforme du service civil à Biasca. Les habitants ont refusé le texte à 72,4 pour cent. Biasca a rejeté la réforme, contrairement à son canton."
5287,40.8,40.8,59.2,"Riviera (TI)","La réforme du service civil est refusée à 59,2 pour cent à Riviera. Riviera a rejeté la réforme, contrairement à son canton."
5304,34.8,34.8,65.2,"Bosco/Gurin (TI)","La réforme du service civil est refusée à 65,2 pour cent à Bosco/Gurin. Bosco/Gurin a rejeté la réforme, contrairement à son canton."
5307,38.8,38.8,61.2,"Campo (Vallemaggia) (TI)","La réforme du service civil n'a pas trouvé grâce aux yeux des citoyens de Campo (Vallemaggia). Ils ont refusé le texte à 61,2 pour cent. Campo (Vallemaggia) a rejeté la réforme, contrairement à son canton."
5309,17.1,17.1,82.9,"Cerentino (TI)","A Cerentino, les citoyens rejettent à 82,9 pour cent la réforme du service civil. Cerentino a rejeté la réforme, contrairement à son canton."
5310,34.9,34.9,65.1,"Cevio (TI)","La réforme du service civil n'a pas convaincu à Cevio. Les citoyens de la commune ont refusé le texte à 65,1 pour cent. Cevio a rejeté la réforme, contrairement à son canton."
5315,12.7,12.7,87.3,"Linescio (TI)","A Linescio, les citoyens rejettent à 87,3 pour cent la réforme du service civil. Linescio a rejeté la réforme, contrairement à son canton."
5317,42.3,42.3,57.7,"Maggia (TI)","La réforme du service civil n'a pas convaincu à Maggia. Les citoyens de la commune ont refusé le texte à 57,7 pour cent. Maggia a rejeté la réforme, contrairement à son canton."
5323,61.5,61.5,38.5,"Lavizzara (TI)","La réforme du service civil est approuvée à Lavizzara par 61,5 pour cent des votants. Lavizzara a approuvé la réforme, tout comme son canton."
5324,91.4,91.4,8.6,"Avegno Gordevio (TI)","Avegno Gordevio dit oui à 91,4 pour cent à la réforme du service civil. Avegno Gordevio a approuvé la réforme, tout comme son canton."
5395,53.2,53.2,46.8,"Lema (TI)","A Lema, les habitants disent oui à 53,2 pour cent à la réforme du service civil. Lema a approuvé la réforme, tout comme son canton."
5396,49.6,49.6,50.4,"Terre di Pedemonte (TI)","Les habitants de Terre di Pedemonte s'opposent à la réforme du service civil par 50,4 pour cent des voix. Terre di Pedemonte a rejeté la réforme, contrairement à son canton."
5397,13.8,13.8,86.2,"Centovalli (TI)","La population de Centovalli rejette à 86,2 pour cent des voix la réforme du service civil. Centovalli a rejeté la réforme, contrairement à son canton."
5398,50.5,50.5,49.5,"Gambarogno (TI)","Gambarogno dit oui à 50,5 pour cent à la réforme du service civil. Gambarogno a approuvé la réforme, tout comme son canton."
5399,52.1,52.1,47.9,"Verzasca (TI)","Les habitants de Verzasca acceptent à 52,1 pour cent la réforme du service civil. Verzasca a approuvé la réforme, tout comme son canton."
5401,59,59,41,"Aigle (VD)","La réforme du service civil est approuvée à Aigle par 59 pour cent des votants. Aigle a approuvé la réforme, tout comme son canton."
5402,34.8,34.8,65.2,"Bex (VD)","La réforme du service civil est refusée à 65,2 pour cent à Bex. Bex a rejeté la réforme, contrairement à son canton."
5403,41.8,41.8,58.2,"Chessel (VD)","Les habitants de Chessel s'opposent à la réforme du service civil par 58,2 pour cent des voix. Chessel a rejeté la réforme, contrairement à son canton."
5404,12,12,88,"Corbeyrier (VD)","C'est non à la réforme du service civil à Corbeyrier. Les habitants ont refusé le texte à 88 pour cent. Corbeyrier a rejeté la réforme, contrairement à son canton."
5405,28.3,28.3,71.7,"Gryon (VD)","La réforme du service civil n'a pas trouvé grâce aux yeux des citoyens de Gryon. Ils ont refusé le texte à 71,7 pour cent. Gryon a rejeté la réforme, contrairement à son canton."
5406,79.3,79.3,20.7,"Lavey-Morcles (VD)","A Lavey-Morcles, les habitants disent oui à 79,3 pour cent à la réforme du service civil. Lavey-Morcles a approuvé la réforme, tout comme son canton."
5407,51.8,51.8,48.2,"Leysin (VD)","Les habitants de Leysin soutiennent à 51,8 pour cent la réforme du service civil. Leysin a approuvé la réforme, tout comme son canton."
5408,19.9,19.9,80.1,"Noville (VD)","La réforme du service civil n'a pas trouvé grâce aux yeux des citoyens de Noville. Ils ont refusé le texte à 80,1 pour cent. Noville a rejeté la réforme, contrairement à son canton."
5409,63.4,63.4,36.6,"Ollon (VD)","Les habitants d'Ollon soutiennent à 63,4 pour cent la réforme du service civil. Ollon a approuvé la réforme, tout comme son canton."
5410,53.5,53.5,46.5,"Ormont-Dessous (VD)","La population d'Ormont-Dessous approuve à 53,5 pour cent la réforme du service civil. Ormont-Dessous a approuvé la réforme, tout comme son canton."
5411,86.7,86.7,13.3,"Ormont-Dessus (VD)","Les habitants d'Ormont-Dessus soutiennent à 86,7 pour cent la réforme du service civil. Ormont-Dessus a approuvé la réforme, tout comme son canton."
5412,47,47,53,"Rennaz (VD)","La réforme du service civil n'a pas trouvé grâce aux yeux des citoyens de Rennaz. Ils ont refusé le texte à 53 pour cent. Rennaz a rejeté la réforme, contrairement à son canton."
5413,32,32,68,"Roche (VD)","A Roche (VD), les citoyens rejettent à 68 pour cent la réforme du service civil. Roche (VD) a rejeté la réforme, contrairement à son canton."
5414,29.5,29.5,70.5,"Villeneuve (VD)","A Villeneuve (VD), les citoyens rejettent à 70,5 pour cent la réforme du service civil. Villeneuve (VD) a rejeté la réforme, contrairement à son canton."
5415,31,31,69,"Yvorne (VD)","La réforme du service civil n'a pas trouvé grâce aux yeux des citoyens d'Yvorne. Ils ont refusé le texte à 69 pour cent. Yvorne a rejeté la réforme, contrairement à son canton."
5422,94,94,6,"Aubonne (VD)","La réforme du service civil passe la rampe avec 94 pour cent de oui à Aubonne. Aubonne a approuvé la réforme, tout comme son canton."
5423,85.3,85.3,14.7,"Ballens (VD)","A Ballens, les habitants disent oui à 85,3 pour cent à la réforme du service civil. Ballens a approuvé la réforme, tout comme son canton."
5424,65.3,65.3,34.7,"Berolle (VD)","La population de Berolle approuve à 65,3 pour cent la réforme du service civil. Berolle a approuvé la réforme, tout comme son canton."
5425,28.2,28.2,71.8,"Bière (VD)","Les habitants de Bière s'opposent à la réforme du service civil par 71,8 pour cent des voix. Bière a rejeté la réforme, contrairement à son canton."
5426,30.9,30.9,69.1,"Bougy-Villars (VD)","La réforme du service civil n'a pas convaincu à Bougy-Villars. Les citoyens de la commune ont refusé le texte à 69,1 pour cent. Bougy-Villars a rejeté la réforme, contrairement à son canton."
5427,19,19,81,"Féchy (VD)","A Féchy, les citoyens rejettent à 81 pour cent la réforme du service civil. Féchy a rejeté la réforme, contrairement à son canton."
5428,43.9,43.9,56.1,"Gimel (VD)","La population de Gimel rejette à 56,1 pour cent des voix la réforme du service civil. Gimel a rejeté la réforme, contrairement à son canton."
5429,50.2,50.2,49.8,"Longirod (VD)","La population de Longirod approuve à 50,2 pour cent la réforme du service civil. Longirod a approuvé la réforme, tout comme son canton."
5430,46.1,46.1,53.9,"Marchissy (VD)","A Marchissy, les citoyens rejettent à 53,9 pour cent la réforme du service civil. Marchissy a rejeté la réforme, contrairement à son canton."
5431,28,28,72,"Mollens (VD)","C'est non à la réforme du service civil à Mollens (VD). Les habitants ont refusé le texte à 72 pour cent. Mollens (VD) a rejeté la réforme, contrairement à son canton."
5434,58.6,58.6,41.4,"Saint-George (VD)","Les habitants de Saint-George soutiennent à 58,6 pour cent la réforme du service civil. Saint-George a approuvé la réforme, tout comme son canton."
5435,94.1,94.1,5.9,"Saint-Livres (VD)","La réforme du service civil est approuvée à Saint-Livres par 94,1 pour cent des votants. Saint-Livres a approuvé la réforme, tout comme son canton."
5436,0.3,0.3,99.7,"Saint-Oyens (VD)","Les habitants de Saint-Oyens s'opposent à la réforme du service civil par 99,7 pour cent des voix. Saint-Oyens a rejeté la réforme, contrairement à son canton."
5437,50.6,50.6,49.4,"Saubraz (VD)","A Saubraz, les habitants disent oui à 50,6 pour cent à la réforme du service civil. Saubraz a approuvé la réforme, tout comme son canton."
5451,58.4,58.4,41.6,"Avenches (VD)","Les habitants d'Avenches soutiennent à 58,4 pour cent la réforme du service civil. Avenches a approuvé la réforme, tout comme son canton."
5456,55.8,55.8,44.2,"Cudrefin (VD)","A Cudrefin, les habitants disent oui à 55,8 pour cent à la réforme du service civil. Cudrefin a approuvé la réforme, tout comme son canton."
5458,98,98,2,"Faoug (VD)","La réforme du service civil passe la rampe avec 98 pour cent de oui à Faoug. Faoug a approuvé la réforme, tout comme son canton."
5464,51.4,51.4,48.6,"Vully-les-Lacs (VD)","A Vully-les-Lacs, les habitants disent oui à 51,4 pour cent à la réforme du service civil. Vully-les-Lacs a approuvé la réforme, tout comme son canton."
5471,25.7,25.7,74.3,"Bettens (VD)","C'est non à la réforme du service civil à Bettens. Les habitants ont refusé le texte à 74,3 pour cent. Bettens a rejeté la réforme, contrairement à son canton."
5472,27.4,27.4,72.6,"Bournens (VD)","Les habitants de Bournens s'opposent à la réforme du service civil par 72,6 pour cent des voix. Bournens a rejeté la réforme, contrairement à son canton."
5473,43.7,43.7,56.3,"Boussens (VD)","La réforme du service civil est refusée à 56,3 pour cent à Boussens. Boussens a rejeté la réforme, contrairement à son canton."
5474,74.5,74.5,25.5,"La Chaux (Cossonay) (VD)","La réforme du service civil est approuvée à La Chaux (Cossonay) par 74,5 pour cent des votants. La Chaux (Cossonay) a approuvé la réforme, tout comme son canton."
5475,88.7,88.7,11.3,"Chavannes-le-Veyron (VD)","La population de Chavannes-le-Veyron approuve à 88,7 pour cent la réforme du service civil. Chavannes-le-Veyron a approuvé la réforme, tout comme son canton."
5476,6.3,6.3,93.7,"Chevilly (VD)","La réforme du service civil n'a pas trouvé grâce aux yeux des citoyens de Chevilly. Ils ont refusé le texte à 93,7 pour cent. Chevilly a rejeté la réforme, contrairement à son canton."
5477,58.8,58.8,41.2,"Cossonay (VD)","La population de Cossonay approuve à 58,8 pour cent la réforme du service civil. Cossonay a approuvé la réforme, tout comme son canton."
5479,56.5,56.5,43.5,"Cuarnens (VD)","La réforme du service civil passe la rampe avec 56,5 pour cent de oui à Cuarnens. Cuarnens a approuvé la réforme, tout comme son canton."
5480,44.6,44.6,55.4,"Daillens (VD)","Les habitants de Daillens s'opposent à la réforme du service civil par 55,4 pour cent des voix. Daillens a rejeté la réforme, contrairement à son canton."
5481,81.7,81.7,18.3,"Dizy (VD)","Les habitants de Dizy acceptent à 81,7 pour cent la réforme du service civil. Dizy a approuvé la réforme, tout comme son canton."
5482,30.6,30.6,69.4,"Eclépens (VD)","La réforme du service civil est refusée à 69,4 pour cent à Eclépens. Eclépens a rejeté la réforme, contrairement à son canton."
5483,59.3,59.3,40.7,"Ferreyres (VD)","A Ferreyres, les habitants disent oui à 59,3 pour cent à la réforme du service civil. Ferreyres a approuvé la réforme, tout comme son canton."
5484,90.2,90.2,9.8,"Gollion (VD)","La réforme du service civil est approuvée à Gollion par 90,2 pour cent des votants. Gollion a approuvé la réforme, tout comme son canton."
5485,71.1,71.1,28.9,"Grancy (VD)","Les habitants de Grancy acceptent à 71,1 pour cent la réforme du service civil. Grancy a approuvé la réforme, tout comme son canton."
5486,70.5,70.5,29.5,"L'Isle (VD)","La réforme du service civil passe la rampe avec 70,5 pour cent de oui à L'Isle. L'Isle a approuvé la réforme, tout comme son canton."
5487,20.1,20.1,79.9,"Lussery-Villars (VD)","La réforme du service civil est refusée à 79,9 pour cent à Lussery-Villars. Lussery-Villars a rejeté la réforme, contrairement à son canton."
5488,94.9,94.9,5.1,"Mauraz (VD)","Les habitants de Mauraz acceptent à 94,9 pour cent la réforme du service civil. Mauraz a approuvé la réforme, tout comme son canton."
5489,36.6,36.6,63.4,"Mex (VD)","La population de Mex (VD) rejette à 63,4 pour cent des voix la réforme du service civil. Mex (VD) a rejeté la réforme, contrairement à son canton."
5490,65.1,65.1,34.9,"Moiry (VD)","Les habitants de Moiry acceptent à 65,1 pour cent la réforme du service civil. Moiry a approuvé la réforme, tout comme son canton."
5491,13,13,87,"Mont-la-Ville (VD)","La réforme du service civil n'a pas convaincu à Mont-la-Ville. Les citoyens de la commune ont refusé le texte à 87 pour cent. Mont-la-Ville a rejeté la réforme, contrairement à son canton."
5492,47.3,47.3,52.7,"Montricher (VD)","La réforme du service civil n'a pas trouvé grâce aux yeux des citoyens de Montricher. Ils ont refusé le texte à 52,7 pour cent. Montricher a rejeté la réforme, contrairement à son canton."
5493,35.4,35.4,64.6,"Orny (VD)","Les habitants d'Orny s'opposent à la réforme du service civil par 64,6 pour cent des voix. Orny a rejeté la réforme, contrairement à son canton."
5495,53.8,53.8,46.2,"Penthalaz (VD)","A Penthalaz, les habitants disent oui à 53,8 pour cent à la réforme du service civil. Penthalaz a approuvé la réforme, tout comme son canton."
5496,65.7,65.7,34.3,"Penthaz (VD)","La réforme du service civil est approuvée à Penthaz par 65,7 pour cent des votants. Penthaz a approuvé la réforme, tout comme son canton."
5497,70.2,70.2,29.8,"Pompaples (VD)","Les habitants de Pompaples soutiennent à 70,2 pour cent la réforme du service civil. Pompaples a approuvé la réforme, tout comme son canton."
5498,14.7,14.7,85.3,"La Sarraz (VD)","C'est non à la réforme du service civil à La Sarraz. Les habitants ont refusé le texte à 85,3 pour cent. La Sarraz a rejeté la réforme, contrairement à son canton."
5499,47.6,47.6,52.4,"Senarclens (VD)","La réforme du service civil est refusée à 52,4 pour cent à Senarclens. Senarclens a rejeté la réforme, contrairement à son canton."
5501,36.3,36.3,63.7,"Sullens (VD)","C'est non à la réforme du service civil à Sullens. Les habitants ont refusé le texte à 63,7 pour cent. Sullens a rejeté la réforme, contrairement à son canton."
5503,24.3,24.3,75.7,"Vufflens-la-Ville (VD)","A Vufflens-la-Ville, les citoyens rejettent à 75,7 pour cent la réforme du service civil. Vufflens-la-Ville a rejeté la réforme, contrairement à son canton."
5511,82.9,82.9,17.1,"Assens (VD)","La réforme du service civil passe la rampe avec 82,9 pour cent de oui à Assens. Assens a approuvé la réforme, tout comme son canton."
5512,9.2,9.2,90.8,"Bercher (VD)","La réforme du service civil n'a pas trouvé grâce aux yeux des citoyens de Bercher. Ils ont refusé le texte à 90,8 pour cent. Bercher a rejeté la réforme, contrairement à son canton."
5514,34.9,34.9,65.1,"Bottens (VD)","La population de Bottens rejette à 65,1 pour cent des voix la réforme du service civil. Bottens a rejeté la réforme, contrairement à son canton."
5515,31.4,31.4,68.6,"Bretigny-sur-Morrens (VD)","La population de Bretigny-sur-Morrens rejette à 68,6 pour cent des voix la réforme du service civil. Bretigny-sur-Morrens a rejeté la réforme, contrairement à son canton."
5516,52.8,52.8,47.2,"Cugy (VD)","A Cugy (VD), les habitants disent oui à 52,8 pour cent à la réforme du service civil. Cugy (VD) a approuvé la réforme, tout comme son canton."
5518,44.9,44.9,55.1,"Echallens (VD)","C'est non à la réforme du service civil à Echallens. Les habitants ont refusé le texte à 55,1 pour cent. Echallens a rejeté la réforme, contrairement à son canton."
5520,45.1,45.1,54.9,"Essertines-sur-Yverdon (VD)","La réforme du service civil n'a pas convaincu à Essertines-sur-Yverdon. Les citoyens de la commune ont refusé le texte à 54,9 pour cent. Essertines-sur-Yverdon a rejeté la réforme, contrairement à son canton."
5521,60.2,60.2,39.8,"Etagnières (VD)","A Etagnières, les habitants disent oui à 60,2 pour cent à la réforme du service civil. Etagnières a approuvé la réforme, tout comme son canton."
5522,64.9,64.9,35.1,"Fey (VD)","Les habitants de Fey acceptent à 64,9 pour cent la réforme du service civil. Fey a approuvé la réforme, tout comme son canton."
5523,64,64,36,"Froideville (VD)","A Froideville, les habitants disent oui à 64 pour cent à la réforme du service civil. Froideville a approuvé la réforme, tout comme son canton."
5527,11.8,11.8,88.2,"Morrens (VD)","La réforme du service civil n'a pas convaincu à Morrens (VD). Les citoyens de la commune ont refusé le texte à 88,2 pour cent. Morrens (VD) a rejeté la réforme, contrairement à son canton."
5529,57.1,57.1,42.9,"Oulens-sous-Echallens (VD)","La réforme du service civil passe la rampe avec 57,1 pour cent de oui à Oulens-sous-Echallens. Oulens-sous-Echallens a approuvé la réforme, tout comme son canton."
5530,56.4,56.4,43.6,"Pailly (VD)","A Pailly, les habitants disent oui à 56,4 pour cent à la réforme du service civil. Pailly a approuvé la réforme, tout comme son canton."
5531,47.2,47.2,52.8,"Penthéréaz (VD)","La réforme du service civil n'a pas convaincu à Penthéréaz. Les citoyens de la commune ont refusé le texte à 52,8 pour cent. Penthéréaz a rejeté la réforme, contrairement à son canton."
5533,30.7,30.7,69.3,"Poliez-Pittet (VD)","La population de Poliez-Pittet rejette à 69,3 pour cent des voix la réforme du service civil. Poliez-Pittet a rejeté la réforme, contrairement à son canton."
5534,42.6,42.6,57.4,"Rueyres (VD)","La réforme du service civil n'a pas convaincu à Rueyres. Les citoyens de la commune ont refusé le texte à 57,4 pour cent. Rueyres a rejeté la réforme, contrairement à son canton."
5535,29.7,29.7,70.3,"Saint-Barthélemy (VD)","A Saint-Barthélemy (VD), les citoyens rejettent à 70,3 pour cent la réforme du service civil. Saint-Barthélemy (VD) a rejeté la réforme, contrairement à son canton."
5537,46.2,46.2,53.8,"Villars-le-Terroir (VD)","Les habitants de Villars-le-Terroir s'opposent à la réforme du service civil par 53,8 pour cent des voix. Villars-le-Terroir a rejeté la réforme, contrairement à son canton."
5539,50.4,50.4,49.6,"Vuarrens (VD)","Vuarrens dit oui à 50,4 pour cent à la réforme du service civil. Vuarrens a approuvé la réforme, tout comme son canton."
5540,64.5,64.5,35.5,"Montilliez (VD)","Les habitants de Montilliez acceptent à 64,5 pour cent la réforme du service civil. Montilliez a approuvé la réforme, tout comme son canton."
5541,60.8,60.8,39.2,"Goumoëns (VD)","La réforme du service civil est approuvée à Goumoëns par 60,8 pour cent des votants. Goumoëns a approuvé la réforme, tout comme son canton."
5551,52.3,52.3,47.7,"Bonvillars (VD)","Les habitants de Bonvillars acceptent à 52,3 pour cent la réforme du service civil. Bonvillars a approuvé la réforme, tout comme son canton."
5552,57.9,57.9,42.1,"Bullet (VD)","Les habitants de Bullet soutiennent à 57,9 pour cent la réforme du service civil. Bullet a approuvé la réforme, tout comme son canton."
5553,74.5,74.5,25.5,"Champagne (VD)","La réforme du service civil est approuvée à Champagne par 74,5 pour cent des votants. Champagne a approuvé la réforme, tout comme son canton."
5554,29.6,29.6,70.4,"Concise (VD)","C'est non à la réforme du service civil à Concise. Les habitants ont refusé le texte à 70,4 pour cent. Concise a rejeté la réforme, contrairement à son canton."
5555,27.3,27.3,72.7,"Corcelles-près-Concise (VD)","La réforme du service civil n'a pas convaincu à Corcelles-près-Concise. Les citoyens de la commune ont refusé le texte à 72,7 pour cent. Corcelles-près-Concise a rejeté la réforme, contrairement à son canton."
5556,57.1,57.1,42.9,"Fiez (VD)","Les habitants de Fiez soutiennent à 57,1 pour cent la réforme du service civil. Fiez a approuvé la réforme, tout comme son canton."
5557,40.7,40.7,59.3,"Fontaines-sur-Grandson (VD)","Les habitants de Fontaines-sur-Grandson s'opposent à la réforme du service civil par 59,3 pour cent des voix. Fontaines-sur-Grandson a rejeté la réforme, contrairement à son canton."
5559,38.8,38.8,61.2,"Giez (VD)","La réforme du service civil n'a pas convaincu à Giez. Les citoyens de la commune ont refusé le texte à 61,2 pour cent. Giez a rejeté la réforme, contrairement à son canton."
5560,6.6,6.6,93.4,"Grandevent (VD)","Les habitants de Grandevent s'opposent à la réforme du service civil par 93,4 pour cent des voix. Grandevent a rejeté la réforme, contrairement à son canton."
5561,51.2,51.2,48.8,"Grandson (VD)","La population de Grandson approuve à 51,2 pour cent la réforme du service civil. Grandson a approuvé la réforme, tout comme son canton."
5562,46,46,54,"Mauborget (VD)","Les habitants de Mauborget s'opposent à la réforme du service civil par 54 pour cent des voix. Mauborget a rejeté la réforme, contrairement à son canton."
5563,44.7,44.7,55.3,"Mutrux (VD)","C'est non à la réforme du service civil à Mutrux. Les habitants ont refusé le texte à 55,3 pour cent. Mutrux a rejeté la réforme, contrairement à son canton."
5564,46.2,46.2,53.8,"Novalles (VD)","La population de Novalles rejette à 53,8 pour cent des voix la réforme du service civil. Novalles a rejeté la réforme, contrairement à son canton."
5565,90.6,90.6,9.4,"Onnens (VD)","La réforme du service civil est approuvée à Onnens (VD) par 90,6 pour cent des votants. Onnens (VD) a approuvé la réforme, tout comme son canton."
5566,42,42,58,"Provence (VD)","La réforme du service civil est refusée à 58 pour cent à Provence. Provence a rejeté la réforme, contrairement à son canton."
5568,0.1,0.1,99.9,"Sainte-Croix (VD)","Nulle part ailleurs en Suisse, la réforme du service civil n'est rejetée plus fortement qu'à Sainte-Croix: c'est non à 99,9 pour cent. Le plus fort pourcentage de non du canton de Vaud a été obtenu à Sainte-Croix."
5571,28.4,28.4,71.6,"Tévenon (VD)","C'est non à la réforme du service civil à Tévenon. Les habitants ont refusé le texte à 71,6 pour cent. Tévenon a rejeté la réforme, contrairement à son canton."
5581,49.6,49.6,50.4,"Belmont-sur-Lausanne (VD)","C'est non à la réforme du service civil à Belmont-sur-Lausanne. Les habitants ont refusé le texte à 50,4 pour cent. Belmont-sur-Lausanne a rejeté la réforme, contrairement à son canton."
5582,58.8,58.8,41.2,"Cheseaux-sur-Lausanne (VD)","Les habitants de Cheseaux-sur-Lausanne acceptent à 58,8 pour cent la réforme du service civil. Cheseaux-sur-Lausanne a approuvé la réforme, tout comme son canton."
5583,19.3,19.3,80.7,"Crissier (VD)","La réforme du service civil n'a pas trouvé grâce aux yeux des citoyens de Crissier. Ils ont refusé le texte à 80,7 pour cent. Crissier a rejeté la réforme, contrairement à son canton."
5584,65,65,35,"Epalinges (VD)","Les habitants d'Epalinges soutiennent à 65 pour cent la réforme du service civil. Epalinges a approuvé la réforme, tout comme son canton."
5585,82.1,82.1,17.9,"Jouxtens-Mézery (VD)","La population de Jouxtens-Mézery approuve à 82,1 pour cent la réforme du service civil. Jouxtens-Mézery a approuvé la réforme, tout comme son canton."
5586,32.3,32.3,67.7,"Lausanne (VD)","A Lausanne, les citoyens rejettent à 67,7 pour cent la réforme du service civil. Lausanne a rejeté la réforme, contrairement à son canton."
5587,72.1,72.1,27.9,"Le Mont-sur-Lausanne (VD)","Au Mont-sur-Lausanne, les habitants disent oui à 72,1 pour cent à la réforme du service civil. Le Mont-sur-Lausanne a approuvé la réforme, tout comme son canton."
5588,65.5,65.5,34.5,"Paudex (VD)","Les habitants de Paudex soutiennent à 65,5 pour cent la réforme du service civil. Paudex a approuvé la réforme, tout comme son canton."
5589,81,81,19,"Prilly (VD)","A Prilly, les habitants disent oui à 81 pour cent à la réforme du service civil. Prilly a approuvé la réforme, tout comme son canton."
5590,38.2,38.2,61.8,"Pully (VD)","La population de Pully rejette à 61,8 pour cent des voix la réforme du service civil. Pully a rejeté la réforme, contrairement à son canton."
5591,24.3,24.3,75.7,"Renens (VD)","A Renens (VD), les citoyens rejettent à 75,7 pour cent la réforme du service civil. Renens (VD) a rejeté la réforme, contrairement à son canton."
5592,16.3,16.3,83.7,"Romanel-sur-Lausanne (VD)","A Romanel-sur-Lausanne, les citoyens rejettent à 83,7 pour cent la réforme du service civil. Romanel-sur-Lausanne a rejeté la réforme, contrairement à son canton."
5601,10.2,10.2,89.8,"Chexbres (VD)","La réforme du service civil est refusée à 89,8 pour cent à Chexbres. Chexbres a rejeté la réforme, contrairement à son canton."
5604,26.5,26.5,73.5,"Forel (Lavaux) (VD)","C'est non à la réforme du service civil à Forel (Lavaux). Les habitants ont refusé le texte à 73,5 pour cent. Forel (Lavaux) a rejeté la réforme, contrairement à son canton."
5606,59.2,59.2,40.8,"Lutry (VD)","Lutry dit oui à 59,2 pour cent à la réforme du service civil. Lutry a approuvé la réforme, tout comme son canton."
5607,47.4,47.4,52.6,"Puidoux (VD)","La population de Puidoux rejette à 52,6 pour cent des voix la réforme du service civil. Puidoux a rejeté la réforme, contrairement à son canton."
5609,79,79,21,"Rivaz (VD)","Les habitants de Rivaz soutiennent à 79 pour cent la réforme du service civil. Rivaz a approuvé la réforme, tout comme son canton."
5610,76.6,76.6,23.4,"Saint-Saphorin (Lavaux) (VD)","Saint-Saphorin (Lavaux) dit oui à 76,6 pour cent à la réforme du service civil. Saint-Saphorin (Lavaux) a approuvé la réforme, tout comme son canton."
5611,75.6,75.6,24.4,"Savigny (VD)","Les habitants de Savigny soutiennent à 75,6 pour cent la réforme du service civil. Savigny a approuvé la réforme, tout comme son canton."
5613,70.8,70.8,29.2,"Bourg-en-Lavaux (VD)","A Bourg-en-Lavaux, les habitants disent oui à 70,8 pour cent à la réforme du service civil. Bourg-en-Lavaux a approuvé la réforme, tout comme son canton."
5621,72.5,72.5,27.5,"Aclens (VD)","La réforme du service civil est approuvée à Aclens par 72,5 pour cent des votants. Aclens a approuvé la réforme, tout comme son canton."
5622,75.5,75.5,24.5,"Bremblens (VD)","Bremblens dit oui à 75,5 pour cent à la réforme du service civil. Bremblens a approuvé la réforme, tout comme son canton."
5623,9.4,9.4,90.6,"Buchillon (VD)","A Buchillon, les citoyens rejettent à 90,6 pour cent la réforme du service civil. Buchillon a rejeté la réforme, contrairement à son canton."
5624,77.7,77.7,22.3,"Bussigny (VD)","La réforme du service civil passe la rampe avec 77,7 pour cent de oui à Bussigny. Bussigny a approuvé la réforme, tout comme son canton."
5627,55.9,55.9,44.1,"Chavannes-près-Renens (VD)","Chavannes-près-Renens dit oui à 55,9 pour cent à la réforme du service civil. Chavannes-près-Renens a approuvé la réforme, tout comme son canton."
5628,48.4,48.4,51.6,"Chigny (VD)","La réforme du service civil est refusée à 51,6 pour cent à Chigny. Chigny a rejeté la réforme, contrairement à son canton."
5629,45.2,45.2,54.8,"Clarmont (VD)","C'est non à la réforme du service civil à Clarmont. Les habitants ont refusé le texte à 54,8 pour cent. Clarmont a rejeté la réforme, contrairement à son canton."
5631,93.3,93.3,6.7,"Denens (VD)","La population de Denens approuve à 93,3 pour cent la réforme du service civil. Denens a approuvé la réforme, tout comme son canton."
5632,27,27,73,"Denges (VD)","C'est non à la réforme du service civil à Denges. Les habitants ont refusé le texte à 73 pour cent. Denges a rejeté la réforme, contrairement à son canton."
5633,25,25,75,"Echandens (VD)","C'est non à la réforme du service civil à Echandens. Les habitants ont refusé le texte à 75 pour cent. Echandens a rejeté la réforme, contrairement à son canton."
5634,30.1,30.1,69.9,"Echichens (VD)","La réforme du service civil n'a pas trouvé grâce aux yeux des citoyens d'Echichens. Ils ont refusé le texte à 69,9 pour cent. Echichens a rejeté la réforme, contrairement à son canton."
5635,82.8,82.8,17.2,"Ecublens (VD)","A Ecublens (VD), les habitants disent oui à 82,8 pour cent à la réforme du service civil. Ecublens (VD) a approuvé la réforme, tout comme son canton."
5636,52.2,52.2,47.8,"Etoy (VD)","Etoy dit oui à 52,2 pour cent à la réforme du service civil. Etoy a approuvé la réforme, tout comme son canton."
5637,44.1,44.1,55.9,"Lavigny (VD)","A Lavigny, les citoyens rejettent à 55,9 pour cent la réforme du service civil. Lavigny a rejeté la réforme, contrairement à son canton."
5638,51.6,51.6,48.4,"Lonay (VD)","A Lonay, les habitants disent oui à 51,6 pour cent à la réforme du service civil. Lonay a approuvé la réforme, tout comme son canton."
5639,15,15,85,"Lully (VD)","La réforme du service civil n'a pas convaincu à Lully (VD). Les citoyens de la commune ont refusé le texte à 85 pour cent. Lully (VD) a rejeté la réforme, contrairement à son canton."
5640,67.1,67.1,32.9,"Lussy-sur-Morges (VD)","La réforme du service civil est approuvée à Lussy-sur-Morges par 67,1 pour cent des votants. Lussy-sur-Morges a approuvé la réforme, tout comme son canton."
5642,54.6,54.6,45.4,"Morges (VD)","A Morges, les habitants disent oui à 54,6 pour cent à la réforme du service civil. Morges a approuvé la réforme, tout comme son canton."
5643,12.7,12.7,87.3,"Préverenges (VD)","La réforme du service civil n'a pas trouvé grâce aux yeux des citoyens de Préverenges. Ils ont refusé le texte à 87,3 pour cent. Préverenges a rejeté la réforme, contrairement à son canton."
5645,36.5,36.5,63.5,"Romanel-sur-Morges (VD)","La réforme du service civil n'a pas convaincu à Romanel-sur-Morges. Les citoyens de la commune ont refusé le texte à 63,5 pour cent. Romanel-sur-Morges a rejeté la réforme, contrairement à son canton."
5646,50.6,50.6,49.4,"Saint-Prex (VD)","Les habitants de Saint-Prex acceptent à 50,6 pour cent la réforme du service civil. Saint-Prex a approuvé la réforme, tout comme son canton."
5648,11.8,11.8,88.2,"Saint-Sulpice (VD)","C'est non à la réforme du service civil à Saint-Sulpice (VD). Les habitants ont refusé le texte à 88,2 pour cent. Saint-Sulpice (VD) a rejeté la réforme, contrairement à son canton."
5649,60.1,60.1,39.9,"Tolochenaz (VD)","A Tolochenaz, les habitants disent oui à 60,1 pour cent à la réforme du service civil. Tolochenaz a approuvé la réforme, tout comme son canton."
5650,55.3,55.3,44.7,"Vaux-sur-Morges (VD)","Vaux-sur-Morges dit oui à 55,3 pour cent à la réforme du service civil. Vaux-sur-Morges a approuvé la réforme, tout comme son canton."
5651,24.9,24.9,75.1,"Villars-Sainte-Croix (VD)","A Villars-Sainte-Croix, les citoyens rejettent à 75,1 pour cent la réforme du service civil. Villars-Sainte-Croix a rejeté la réforme, contrairement à son canton."
5652,61.7,61.7,38.3,"Villars-sous-Yens (VD)","Villars-sous-Yens dit oui à 61,7 pour cent à la réforme du service civil. Villars-sous-Yens a approuvé la réforme, tout comme son canton."
5653,46.7,46.7,53.3,"Vufflens-le-Château (VD)","La réforme du service civil n'a pas convaincu à Vufflens-le-Château. Les citoyens de la commune ont refusé le texte à 53,3 pour cent. Vufflens-le-Château a rejeté la réforme, contrairement à son canton."
5654,59.9,59.9,40.1,"Vullierens (VD)","Vullierens dit oui à 59,9 pour cent à la réforme du service civil. Vullierens a approuvé la réforme, tout comme son canton."
5655,7.7,7.7,92.3,"Yens (VD)","A Yens, les citoyens rejettent à 92,3 pour cent la réforme du service civil. Yens a rejeté la réforme, contrairement à son canton."
5656,42.1,42.1,57.9,"Hautemorges (VD)","La population de Hautemorges rejette à 57,9 pour cent des voix la réforme du service civil. Hautemorges a rejeté la réforme, contrairement à son canton."
5661,2.6,2.6,97.4,"Boulens (VD)","C'est non à la réforme du service civil à Boulens. Les habitants ont refusé le texte à 97,4 pour cent. Boulens a rejeté la réforme, contrairement à son canton."
5663,1.3,1.3,98.7,"Bussy-sur-Moudon (VD)","Les habitants de Bussy-sur-Moudon s'opposent à la réforme du service civil par 98,7 pour cent des voix. Bussy-sur-Moudon a rejeté la réforme, contrairement à son canton."
5665,51.3,51.3,48.7,"Chavannes-sur-Moudon (VD)","Les habitants de Chavannes-sur-Moudon soutiennent à 51,3 pour cent la réforme du service civil. Chavannes-sur-Moudon a approuvé la réforme, tout comme son canton."
5669,93.9,93.9,6.1,"Curtilles (VD)","Les habitants de Curtilles soutiennent à 93,9 pour cent la réforme du service civil. Curtilles a approuvé la réforme, tout comme son canton."
5671,67.8,67.8,32.2,"Dompierre (VD)","La réforme du service civil est approuvée à Dompierre (VD) par 67,8 pour cent des votants. Dompierre (VD) a approuvé la réforme, tout comme son canton."
5673,25.6,25.6,74.4,"Hermenches (VD)","A Hermenches, les citoyens rejettent à 74,4 pour cent la réforme du service civil. Hermenches a rejeté la réforme, contrairement à son canton."
5674,96.2,96.2,3.8,"Lovatens (VD)","La réforme du service civil passe la rampe avec 96,2 pour cent de oui à Lovatens. Lovatens a approuvé la réforme, tout comme son canton."
5675,77.4,77.4,22.6,"Lucens (VD)","La population de Lucens approuve à 77,4 pour cent la réforme du service civil. Lucens a approuvé la réforme, tout comme son canton."
5678,45.2,45.2,54.8,"Moudon (VD)","La population de Moudon rejette à 54,8 pour cent des voix la réforme du service civil. Moudon a rejeté la réforme, contrairement à son canton."
5680,41.9,41.9,58.1,"Ogens (VD)","La réforme du service civil est refusée à 58,1 pour cent à Ogens. Ogens a rejeté la réforme, contrairement à son canton."
5683,26.7,26.7,73.3,"Prévonloup (VD)","Les habitants de Prévonloup s'opposent à la réforme du service civil par 73,3 pour cent des voix. Prévonloup a rejeté la réforme, contrairement à son canton."
5684,50.2,50.2,49.8,"Rossenges (VD)","La population de Rossenges approuve à 50,2 pour cent la réforme du service civil. Rossenges a approuvé la réforme, tout comme son canton."
5688,2.3,2.3,97.7,"Syens (VD)","La réforme du service civil n'a pas convaincu à Syens. Les citoyens de la commune ont refusé le texte à 97,7 pour cent. Syens a rejeté la réforme, contrairement à son canton."
5690,40.7,40.7,59.3,"Villars-le-Comte (VD)","La réforme du service civil n'a pas convaincu à Villars-le-Comte. Les citoyens de la commune ont refusé le texte à 59,3 pour cent. Villars-le-Comte a rejeté la réforme, contrairement à son canton."
5692,27.9,27.9,72.1,"Vucherens (VD)","A Vucherens, les citoyens rejettent à 72,1 pour cent la réforme du service civil. Vucherens a rejeté la réforme, contrairement à son canton."
5693,38.3,38.3,61.7,"Montanaire (VD)","La réforme du service civil est refusée à 61,7 pour cent à Montanaire. Montanaire a rejeté la réforme, contrairement à son canton."
5701,50.4,50.4,49.6,"Arnex-sur-Nyon (VD)","La population d'Arnex-sur-Nyon approuve à 50,4 pour cent la réforme du service civil. Arnex-sur-Nyon a approuvé la réforme, tout comme son canton."
5702,45.1,45.1,54.9,"Arzier-Le Muids (VD)","La réforme du service civil est refusée à 54,9 pour cent à Arzier-Le Muids. Arzier-Le Muids a rejeté la réforme, contrairement à son canton."
5703,99,99,1,"Bassins (VD)","A Bassins, les habitants disent oui à 99 pour cent à la réforme du service civil. Bassins a approuvé la réforme, tout comme son canton."
5704,98.5,98.5,1.5,"Begnins (VD)","La réforme du service civil est approuvée à Begnins par 98,5 pour cent des votants. Begnins a approuvé la réforme, tout comme son canton."
5705,16.6,16.6,83.4,"Bogis-Bossey (VD)","La réforme du service civil n'a pas convaincu à Bogis-Bossey. Les citoyens de la commune ont refusé le texte à 83,4 pour cent. Bogis-Bossey a rejeté la réforme, contrairement à son canton."
5706,45.8,45.8,54.2,"Borex (VD)","A Borex, les citoyens rejettent à 54,2 pour cent la réforme du service civil. Borex a rejeté la réforme, contrairement à son canton."
5707,84.8,84.8,15.2,"Chavannes-de-Bogis (VD)","Chavannes-de-Bogis dit oui à 84,8 pour cent à la réforme du service civil. Chavannes-de-Bogis a approuvé la réforme, tout comme son canton."
5708,29,29,71,"Chavannes-des-Bois (VD)","La réforme du service civil n'a pas trouvé grâce aux yeux des citoyens de Chavannes-des-Bois. Ils ont refusé le texte à 71 pour cent. Chavannes-des-Bois a rejeté la réforme, contrairement à son canton."
5709,74.1,74.1,25.9,"Chéserex (VD)","La réforme du service civil passe la rampe avec 74,1 pour cent de oui à Chéserex. Chéserex a approuvé la réforme, tout comme son canton."
5710,39,39,61,"Coinsins (VD)","La réforme du service civil est refusée à 61 pour cent à Coinsins. Coinsins a rejeté la réforme, contrairement à son canton."
5711,54,54,46,"Commugny (VD)","Les habitants de Commugny acceptent à 54 pour cent la réforme du service civil. Commugny a approuvé la réforme, tout comme son canton."
5712,28.9,28.9,71.1,"Coppet (VD)","La réforme du service civil est refusée à 71,1 pour cent à Coppet. Coppet a rejeté la réforme, contrairement à son canton."
5713,53.4,53.4,46.6,"Crans-près-Céligny (VD)","Les habitants de Crans-près-Céligny acceptent à 53,4 pour cent la réforme du service civil. Crans-près-Céligny a approuvé la réforme, tout comme son canton."
5714,80.3,80.3,19.7,"Crassier (VD)","La réforme du service civil passe la rampe avec 80,3 pour cent de oui à Crassier. Crassier a approuvé la réforme, tout comme son canton."
5715,47.3,47.3,52.7,"Duillier (VD)","La réforme du service civil n'a pas convaincu à Duillier. Les citoyens de la commune ont refusé le texte à 52,7 pour cent. Duillier a rejeté la réforme, contrairement à son canton."
5716,47.7,47.7,52.3,"Eysins (VD)","La réforme du service civil n'a pas convaincu à Eysins. Les citoyens de la commune ont refusé le texte à 52,3 pour cent. Eysins a rejeté la réforme, contrairement à son canton."
5717,31.9,31.9,68.1,"Founex (VD)","La population de Founex rejette à 68,1 pour cent des voix la réforme du service civil. Founex a rejeté la réforme, contrairement à son canton."
5718,42.1,42.1,57.9,"Genolier (VD)","C'est non à la réforme du service civil à Genolier. Les habitants ont refusé le texte à 57,9 pour cent. Genolier a rejeté la réforme, contrairement à son canton."
5719,8.1,8.1,91.9,"Gingins (VD)","La réforme du service civil n'a pas trouvé grâce aux yeux des citoyens de Gingins. Ils ont refusé le texte à 91,9 pour cent. Gingins a rejeté la réforme, contrairement à son canton."
5720,11,11,89,"Givrins (VD)","La population de Givrins rejette à 89 pour cent des voix la réforme du service civil. Givrins a rejeté la réforme, contrairement à son canton."
5721,69.6,69.6,30.4,"Gland (VD)","La réforme du service civil est approuvée à Gland par 69,6 pour cent des votants. Gland a approuvé la réforme, tout comme son canton."
5722,49.8,49.8,50.2,"Grens (VD)","A Grens, les citoyens rejettent à 50,2 pour cent la réforme du service civil. Grens a rejeté la réforme, contrairement à son canton."
5723,43.1,43.1,56.9,"Mies (VD)","A Mies, les citoyens rejettent à 56,9 pour cent la réforme du service civil. Mies a rejeté la réforme, contrairement à son canton."
5724,58.6,58.6,41.4,"Nyon (VD)","Les habitants de Nyon soutiennent à 58,6 pour cent la réforme du service civil. Nyon a approuvé la réforme, tout comme son canton."
5725,58.3,58.3,41.7,"Prangins (VD)","Les habitants de Prangins acceptent à 58,3 pour cent la réforme du service civil. Prangins a approuvé la réforme, tout comme son canton."
5726,46.1,46.1,53.9,"La Rippe (VD)","La réforme du service civil est refusée à 53,9 pour cent à La Rippe. La Rippe a rejeté la réforme, contrairement à son canton."
5727,33.6,33.6,66.4,"Saint-Cergue (VD)","La réforme du service civil est refusée à 66,4 pour cent à Saint-Cergue. Saint-Cergue a rejeté la réforme, contrairement à son canton."
5728,62.5,62.5,37.5,"Signy-Avenex (VD)","La réforme du service civil passe la rampe avec 62,5 pour cent de oui à Signy-Avenex. Signy-Avenex a approuvé la réforme, tout comme son canton."
5729,46.2,46.2,53.8,"Tannay (VD)","C'est non à la réforme du service civil à Tannay. Les habitants ont refusé le texte à 53,8 pour cent. Tannay a rejeté la réforme, contrairement à son canton."
5730,46.3,46.3,53.7,"Trélex (VD)","La réforme du service civil n'a pas convaincu à Trélex. Les citoyens de la commune ont refusé le texte à 53,7 pour cent. Trélex a rejeté la réforme, contrairement à son canton."
5731,90.2,90.2,9.8,"Le Vaud (VD)","Le Vaud dit oui à 90,2 pour cent à la réforme du service civil. Le Vaud a approuvé la réforme, tout comme son canton."
5732,68,68,32,"Vich (VD)","La population de Vich approuve à 68 pour cent la réforme du service civil. Vich a approuvé la réforme, tout comme son canton."
5741,35.2,35.2,64.8,"L'Abergement (VD)","La réforme du service civil n'a pas convaincu à L'Abergement. Les citoyens de la commune ont refusé le texte à 64,8 pour cent. L'Abergement a rejeté la réforme, contrairement à son canton."
5742,82.3,82.3,17.7,"Agiez (VD)","La réforme du service civil est approuvée à Agiez par 82,3 pour cent des votants. Agiez a approuvé la réforme, tout comme son canton."
5743,15.6,15.6,84.4,"Arnex-sur-Orbe (VD)","A Arnex-sur-Orbe, les citoyens rejettent à 84,4 pour cent la réforme du service civil. Arnex-sur-Orbe a rejeté la réforme, contrairement à son canton."
5744,48.9,48.9,51.1,"Ballaigues (VD)","Les habitants de Ballaigues s'opposent à la réforme du service civil par 51,1 pour cent des voix. Ballaigues a rejeté la réforme, contrairement à son canton."
5745,51.7,51.7,48.3,"Baulmes (VD)","Les habitants de Baulmes soutiennent à 51,7 pour cent la réforme du service civil. Baulmes a approuvé la réforme, tout comme son canton."
5746,39.3,39.3,60.7,"Bavois (VD)","Les habitants de Bavois s'opposent à la réforme du service civil par 60,7 pour cent des voix. Bavois a rejeté la réforme, contrairement à son canton."
5747,56.9,56.9,43.1,"Bofflens (VD)","Les habitants de Bofflens acceptent à 56,9 pour cent la réforme du service civil. Bofflens a approuvé la réforme, tout comme son canton."
5748,55,55,45,"Bretonnières (VD)","La réforme du service civil est approuvée à Bretonnières par 55 pour cent des votants. Bretonnières a approuvé la réforme, tout comme son canton."
5749,48.6,48.6,51.4,"Chavornay (VD)","La réforme du service civil n'a pas convaincu à Chavornay. Les citoyens de la commune ont refusé le texte à 51,4 pour cent. Chavornay a rejeté la réforme, contrairement à son canton."
5750,11.3,11.3,88.7,"Les Clées (VD)","La réforme du service civil est refusée à 88,7 pour cent aux Clées. Les Clées a rejeté la réforme, contrairement à son canton."
5752,53.6,53.6,46.4,"Croy (VD)","A Croy, les habitants disent oui à 53,6 pour cent à la réforme du service civil. Croy a approuvé la réforme, tout comme son canton."
5754,52.6,52.6,47.4,"Juriens (VD)","A Juriens, les habitants disent oui à 52,6 pour cent à la réforme du service civil. Juriens a approuvé la réforme, tout comme son canton."
5755,20.2,20.2,79.8,"Lignerolle (VD)","La population de Lignerolle rejette à 79,8 pour cent des voix la réforme du service civil. Lignerolle a rejeté la réforme, contrairement à son canton."
5756,99.6,99.6,0.4,"Montcherand (VD)","La réforme du service civil passe la rampe avec 99,6 pour cent de oui à Montcherand. Le plus fort pourcentage de oui du canton de Vaud a été obtenu à Montcherand."
5757,47.4,47.4,52.6,"Orbe (VD)","C'est non à la réforme du service civil à Orbe. Les habitants ont refusé le texte à 52,6 pour cent. Orbe a rejeté la réforme, contrairement à son canton."
5758,54,54,46,"La Praz (VD)","La Praz dit oui à 54 pour cent à la réforme du service civil. La Praz a approuvé la réforme, tout comme son canton."
5759,15.2,15.2,84.8,"Premier (VD)","Les habitants de Premier s'opposent à la réforme du service civil par 84,8 pour cent des voix. Premier a rejeté la réforme, contrairement à son canton."
5760,25.9,25.9,74.1,"Rances (VD)","Les habitants de Rances s'opposent à la réforme du service civil par 74,1 pour cent des voix. Rances a rejeté la réforme, contrairement à son canton."
5761,60.1,60.1,39.9,"Romainmôtier-Envy (VD)","La réforme du service civil passe la rampe avec 60,1 pour cent de oui à Romainmôtier-Envy. Romainmôtier-Envy a approuvé la réforme, tout comme son canton."
5762,72.8,72.8,27.2,"Sergey (VD)","Les habitants de Sergey acceptent à 72,8 pour cent la réforme du service civil. Sergey a approuvé la réforme, tout comme son canton."
5763,97.8,97.8,2.2,"Valeyres-sous-Rances (VD)","Les habitants de Valeyres-sous-Rances acceptent à 97,8 pour cent la réforme du service civil. Valeyres-sous-Rances a approuvé la réforme, tout comme son canton."
5764,3.6,3.6,96.4,"Vallorbe (VD)","La réforme du service civil n'a pas trouvé grâce aux yeux des citoyens de Vallorbe. Ils ont refusé le texte à 96,4 pour cent. Vallorbe a rejeté la réforme, contrairement à son canton."
5765,31.1,31.1,68.9,"Vaulion (VD)","La réforme du service civil n'a pas trouvé grâce aux yeux des citoyens de Vaulion. Ils ont refusé le texte à 68,9 pour cent. Vaulion a rejeté la réforme, contrairement à son canton."
5766,10,10,90,"Vuiteboeuf (VD)","C'est non à la réforme du service civil à Vuiteboeuf. Les habitants ont refusé le texte à 90 pour cent. Vuiteboeuf a rejeté la réforme, contrairement à son canton."
5785,3.9,3.9,96.1,"Corcelles-le-Jorat (VD)","Les habitants de Corcelles-le-Jorat s'opposent à la réforme du service civil par 96,1 pour cent des voix. Corcelles-le-Jorat a rejeté la réforme, contrairement à son canton."
5790,72.6,72.6,27.4,"Maracon (VD)","Les habitants de Maracon soutiennent à 72,6 pour cent la réforme du service civil. Maracon a approuvé la réforme, tout comme son canton."
5792,45.5,45.5,54.5,"Montpreveyres (VD)","La réforme du service civil est refusée à 54,5 pour cent à Montpreveyres. Montpreveyres a rejeté la réforme, contrairement à son canton."
5798,34.6,34.6,65.4,"Ropraz (VD)","La réforme du service civil est refusée à 65,4 pour cent à Ropraz. Ropraz a rejeté la réforme, contrairement à son canton."
5799,90.5,90.5,9.5,"Servion (VD)","Servion dit oui à 90,5 pour cent à la réforme du service civil. Servion a approuvé la réforme, tout comme son canton."
5803,51.1,51.1,48.9,"Vulliens (VD)","La réforme du service civil est approuvée à Vulliens par 51,1 pour cent des votants. Vulliens a approuvé la réforme, tout comme son canton."
5804,96.3,96.3,3.7,"Jorat-Menthue (VD)","Les habitants de Jorat-Menthue soutiennent à 96,3 pour cent la réforme du service civil. Jorat-Menthue a approuvé la réforme, tout comme son canton."
5805,80.6,80.6,19.4,"Oron (VD)","Oron dit oui à 80,6 pour cent à la réforme du service civil. Oron a approuvé la réforme, tout comme son canton."
5806,51.5,51.5,48.5,"Jorat-Mézières (VD)","Les habitants de Jorat-Mézières acceptent à 51,5 pour cent la réforme du service civil. Jorat-Mézières a approuvé la réforme, tout comme son canton."
5812,61.8,61.8,38.2,"Champtauroz (VD)","La réforme du service civil est approuvée à Champtauroz par 61,8 pour cent des votants. Champtauroz a approuvé la réforme, tout comme son canton."
5813,71.1,71.1,28.9,"Chevroux (VD)","Les habitants de Chevroux acceptent à 71,1 pour cent la réforme du service civil. Chevroux a approuvé la réforme, tout comme son canton."
5816,16.9,16.9,83.1,"Corcelles-près-Payerne (VD)","La réforme du service civil n'a pas convaincu à Corcelles-près-Payerne. Les citoyens de la commune ont refusé le texte à 83,1 pour cent. Corcelles-près-Payerne a rejeté la réforme, contrairement à son canton."
5817,52.3,52.3,47.7,"Grandcour (VD)","La réforme du service civil passe la rampe avec 52,3 pour cent de oui à Grandcour. Grandcour a approuvé la réforme, tout comme son canton."
5819,14.7,14.7,85.3,"Henniez (VD)","La population d'Henniez rejette à 85,3 pour cent des voix la réforme du service civil. Henniez a rejeté la réforme, contrairement à son canton."
5821,46.7,46.7,53.3,"Missy (VD)","C'est non à la réforme du service civil à Missy. Les habitants ont refusé le texte à 53,3 pour cent. Missy a rejeté la réforme, contrairement à son canton."
5822,52.9,52.9,47.1,"Payerne (VD)","La population de Payerne approuve à 52,9 pour cent la réforme du service civil. Payerne a approuvé la réforme, tout comme son canton."
5827,41.5,41.5,58.5,"Trey (VD)","A Trey, les citoyens rejettent à 58,5 pour cent la réforme du service civil. Trey a rejeté la réforme, contrairement à son canton."
5828,72.8,72.8,27.2,"Treytorrens (Payerne) (VD)","La population de Treytorrens (Payerne) approuve à 72,8 pour cent la réforme du service civil. Treytorrens (Payerne) a approuvé la réforme, tout comme son canton."
5830,30,30,70,"Villarzel (VD)","La réforme du service civil est refusée à 70 pour cent à Villarzel. Villarzel a rejeté la réforme, contrairement à son canton."
5831,83.2,83.2,16.8,"Valbroye (VD)","Valbroye dit oui à 83,2 pour cent à la réforme du service civil. Valbroye a approuvé la réforme, tout comme son canton."
5841,31.6,31.6,68.4,"Château-d'Oex (VD)","La réforme du service civil est refusée à 68,4 pour cent à Château-d'Oex. Château-d'Oex a rejeté la réforme, contrairement à son canton."
5842,47.9,47.9,52.1,"Rossinière (VD)","Les habitants de Rossinière s'opposent à la réforme du service civil par 52,1 pour cent des voix. Rossinière a rejeté la réforme, contrairement à son canton."
5843,45.7,45.7,54.3,"Rougemont (VD)","A Rougemont, les citoyens rejettent à 54,3 pour cent la réforme du service civil. Rougemont a rejeté la réforme, contrairement à son canton."
5851,27.2,27.2,72.8,"Allaman (VD)","La réforme du service civil n'a pas convaincu à Allaman. Les citoyens de la commune ont refusé le texte à 72,8 pour cent. Allaman a rejeté la réforme, contrairement à son canton."
5852,93,93,7,"Bursinel (VD)","La réforme du service civil est approuvée à Bursinel par 93 pour cent des votants. Bursinel a approuvé la réforme, tout comme son canton."
5853,64.3,64.3,35.7,"Bursins (VD)","Les habitants de Bursins acceptent à 64,3 pour cent la réforme du service civil. Bursins a approuvé la réforme, tout comme son canton."
5854,67.3,67.3,32.7,"Burtigny (VD)","Les habitants de Burtigny soutiennent à 67,3 pour cent la réforme du service civil. Burtigny a approuvé la réforme, tout comme son canton."
5855,48.6,48.6,51.4,"Dully (VD)","A Dully, les citoyens rejettent à 51,4 pour cent la réforme du service civil. Dully a rejeté la réforme, contrairement à son canton."
5856,90.5,90.5,9.5,"Essertines-sur-Rolle (VD)","La réforme du service civil passe la rampe avec 90,5 pour cent de oui à Essertines-sur-Rolle. Essertines-sur-Rolle a approuvé la réforme, tout comme son canton."
5857,47.5,47.5,52.5,"Gilly (VD)","Les habitants de Gilly s'opposent à la réforme du service civil par 52,5 pour cent des voix. Gilly a rejeté la réforme, contrairement à son canton."
5858,80.7,80.7,19.3,"Luins (VD)","A Luins, les habitants disent oui à 80,7 pour cent à la réforme du service civil. Luins a approuvé la réforme, tout comme son canton."
5859,56.1,56.1,43.9,"Mont-sur-Rolle (VD)","La population de Mont-sur-Rolle approuve à 56,1 pour cent la réforme du service civil. Mont-sur-Rolle a approuvé la réforme, tout comme son canton."
5860,24,24,76,"Perroy (VD)","La réforme du service civil n'a pas convaincu à Perroy. Les citoyens de la commune ont refusé le texte à 76 pour cent. Perroy a rejeté la réforme, contrairement à son canton."
5861,34.3,34.3,65.7,"Rolle (VD)","C'est non à la réforme du service civil à Rolle. Les habitants ont refusé le texte à 65,7 pour cent. Rolle a rejeté la réforme, contrairement à son canton."
5862,28.3,28.3,71.7,"Tartegnin (VD)","La réforme du service civil n'a pas trouvé grâce aux yeux des citoyens de Tartegnin. Ils ont refusé le texte à 71,7 pour cent. Tartegnin a rejeté la réforme, contrairement à son canton."
5863,62.8,62.8,37.2,"Vinzel (VD)","La population de Vinzel approuve à 62,8 pour cent la réforme du service civil. Vinzel a approuvé la réforme, tout comme son canton."
5871,65.3,65.3,34.7,"L'Abbaye (VD)","La population de L'Abbaye approuve à 65,3 pour cent la réforme du service civil. L'Abbaye a approuvé la réforme, tout comme son canton."
5872,20.8,20.8,79.2,"Le Chenit (VD)","La réforme du service civil n'a pas trouvé grâce aux yeux des citoyens du Chenit. Ils ont refusé le texte à 79,2 pour cent. Le Chenit a rejeté la réforme, contrairement à son canton."
5873,27.3,27.3,72.7,"Le Lieu (VD)","La réforme du service civil n'a pas trouvé grâce aux yeux des citoyens du Lieu. Ils ont refusé le texte à 72,7 pour cent. Le Lieu a rejeté la réforme, contrairement à son canton."
5882,94.5,94.5,5.5,"Chardonne (VD)","La population de Chardonne approuve à 94,5 pour cent la réforme du service civil. Chardonne a approuvé la réforme, tout comme son canton."
5883,53.1,53.1,46.9,"Corseaux (VD)","Corseaux dit oui à 53,1 pour cent à la réforme du service civil. Corseaux a approuvé la réforme, tout comme son canton."
5884,57.4,57.4,42.6,"Corsier-sur-Vevey (VD)","Corsier-sur-Vevey dit oui à 57,4 pour cent à la réforme du service civil. Corsier-sur-Vevey a approuvé la réforme, tout comme son canton."
5885,86.4,86.4,13.6,"Jongny (VD)","A Jongny, les habitants disent oui à 86,4 pour cent à la réforme du service civil. Jongny a approuvé la réforme, tout comme son canton."
5886,46.7,46.7,53.3,"Montreux (VD)","La réforme du service civil n'a pas trouvé grâce aux yeux des citoyens de Montreux. Ils ont refusé le texte à 53,3 pour cent. Montreux a rejeté la réforme, contrairement à son canton."
5889,37.6,37.6,62.4,"La Tour-de-Peilz (VD)","La réforme du service civil est refusée à 62,4 pour cent à La Tour-de-Peilz. La Tour-de-Peilz a rejeté la réforme, contrairement à son canton."
5890,44.6,44.6,55.4,"Vevey (VD)","Les habitants de Vevey s'opposent à la réforme du service civil par 55,4 pour cent des voix. Vevey a rejeté la réforme, contrairement à son canton."
5891,51,51,49,"Veytaux (VD)","La réforme du service civil est approuvée à Veytaux par 51 pour cent des votants. Veytaux a approuvé la réforme, tout comme son canton."
5892,73,73,27,"Blonay-Saint-Légier (VD)","Blonay-Saint-Légier dit oui à 73 pour cent à la réforme du service civil. Blonay-Saint-Légier a approuvé la réforme, tout comme son canton."
5902,14.6,14.6,85.4,"Belmont-sur-Yverdon (VD)","Les habitants de Belmont-sur-Yverdon s'opposent à la réforme du service civil par 85,4 pour cent des voix. Belmont-sur-Yverdon a rejeté la réforme, contrairement à son canton."
5903,53.9,53.9,46.1,"Bioley-Magnoux (VD)","A Bioley-Magnoux, les habitants disent oui à 53,9 pour cent à la réforme du service civil. Bioley-Magnoux a approuvé la réforme, tout comme son canton."
5904,66.8,66.8,33.2,"Chamblon (VD)","La réforme du service civil est approuvée à Chamblon par 66,8 pour cent des votants. Chamblon a approuvé la réforme, tout comme son canton."
5905,61.7,61.7,38.3,"Champvent (VD)","Les habitants de Champvent soutiennent à 61,7 pour cent la réforme du service civil. Champvent a approuvé la réforme, tout comme son canton."
5907,35.2,35.2,64.8,"Chavannes-le-Chêne (VD)","La réforme du service civil est refusée à 64,8 pour cent à Chavannes-le-Chêne. Chavannes-le-Chêne a rejeté la réforme, contrairement à son canton."
5908,57.5,57.5,42.5,"Chêne-Pâquier (VD)","Les habitants de Chêne-Pâquier soutiennent à 57,5 pour cent la réforme du service civil. Chêne-Pâquier a approuvé la réforme, tout comme son canton."
5909,41.3,41.3,58.7,"Cheseaux-Noréaz (VD)","Les habitants de Cheseaux-Noréaz s'opposent à la réforme du service civil par 58,7 pour cent des voix. Cheseaux-Noréaz a rejeté la réforme, contrairement à son canton."
5910,64.7,64.7,35.3,"Cronay (VD)","A Cronay, les habitants disent oui à 64,7 pour cent à la réforme du service civil. Cronay a approuvé la réforme, tout comme son canton."
5911,67.4,67.4,32.6,"Cuarny (VD)","Cuarny dit oui à 67,4 pour cent à la réforme du service civil. Cuarny a approuvé la réforme, tout comme son canton."
5912,20.6,20.6,79.4,"Démoret (VD)","La réforme du service civil n'a pas convaincu à Démoret. Les citoyens de la commune ont refusé le texte à 79,4 pour cent. Démoret a rejeté la réforme, contrairement à son canton."
5913,9.6,9.6,90.4,"Donneloye (VD)","La réforme du service civil n'a pas trouvé grâce aux yeux des citoyens de Donneloye. Ils ont refusé le texte à 90,4 pour cent. Donneloye a rejeté la réforme, contrairement à son canton."
5914,50,50,50,"Ependes (VD)","La réforme du service civil n'a pas trouvé grâce aux yeux des citoyens d'Ependes (VD). Ils ont refusé le texte à 50 pour cent. Ependes (VD) a rejeté la réforme, contrairement à son canton."
5919,42.5,42.5,57.5,"Mathod (VD)","La réforme du service civil n'a pas trouvé grâce aux yeux des citoyens de Mathod. Ils ont refusé le texte à 57,5 pour cent. Mathod a rejeté la réforme, contrairement à son canton."
5921,55.3,55.3,44.7,"Molondin (VD)","A Molondin, les habitants disent oui à 55,3 pour cent à la réforme du service civil. Molondin a approuvé la réforme, tout comme son canton."
5922,27.8,27.8,72.2,"Montagny-près-Yverdon (VD)","Les habitants de Montagny-près-Yverdon s'opposent à la réforme du service civil par 72,2 pour cent des voix. Montagny-près-Yverdon a rejeté la réforme, contrairement à son canton."
5923,85.1,85.1,14.9,"Oppens (VD)","Oppens dit oui à 85,1 pour cent à la réforme du service civil. Oppens a approuvé la réforme, tout comme son canton."
5924,98.7,98.7,1.3,"Orges (VD)","La réforme du service civil passe la rampe avec 98,7 pour cent de oui à Orges. Orges a approuvé la réforme, tout comme son canton."
5925,26.1,26.1,73.9,"Orzens (VD)","A Orzens, les citoyens rejettent à 73,9 pour cent la réforme du service civil. Orzens a rejeté la réforme, contrairement à son canton."
5926,0.6,0.6,99.4,"Pomy (VD)","La réforme du service civil n'a pas trouvé grâce aux yeux des citoyens de Pomy. Ils ont refusé le texte à 99,4 pour cent. Pomy a rejeté la réforme, contrairement à son canton."
5928,59.4,59.4,40.6,"Rovray (VD)","Les habitants de Rovray acceptent à 59,4 pour cent la réforme du service civil. Rovray a approuvé la réforme, tout comme son canton."
5929,51.7,51.7,48.3,"Suchy (VD)","La réforme du service civil est approuvée à Suchy par 51,7 pour cent des votants. Suchy a approuvé la réforme, tout comme son canton."
5930,55.3,55.3,44.7,"Suscévaz (VD)","Suscévaz dit oui à 55,3 pour cent à la réforme du service civil. Suscévaz a approuvé la réforme, tout comme son canton."
5931,7.9,7.9,92.1,"Treycovagnes (VD)","Les habitants de Treycovagnes s'opposent à la réforme du service civil par 92,1 pour cent des voix. Treycovagnes a rejeté la réforme, contrairement à son canton."
5932,43.5,43.5,56.5,"Ursins (VD)","C'est non à la réforme du service civil à Ursins. Les habitants ont refusé le texte à 56,5 pour cent. Ursins a rejeté la réforme, contrairement à son canton."
5933,30.6,30.6,69.4,"Valeyres-sous-Montagny (VD)","La réforme du service civil n'a pas trouvé grâce aux yeux des citoyens de Valeyres-sous-Montagny. Ils ont refusé le texte à 69,4 pour cent. Valeyres-sous-Montagny a rejeté la réforme, contrairement à son canton."
5934,25.6,25.6,74.4,"Valeyres-sous-Ursins (VD)","La population de Valeyres-sous-Ursins rejette à 74,4 pour cent des voix la réforme du service civil. Valeyres-sous-Ursins a rejeté la réforme, contrairement à son canton."
5935,65.3,65.3,34.7,"Villars-Epeney (VD)","La population de Villars-Epeney approuve à 65,3 pour cent la réforme du service civil. Villars-Epeney a approuvé la réforme, tout comme son canton."
5937,55.3,55.3,44.7,"Vugelles-La Mothe (VD)","La réforme du service civil passe la rampe avec 55,3 pour cent de oui à Vugelles-La Mothe. Vugelles-La Mothe a approuvé la réforme, tout comme son canton."
5938,13.1,13.1,86.9,"Yverdon-les-Bains (VD)","La réforme du service civil n'a pas trouvé grâce aux yeux des citoyens d'Yverdon-les-Bains. Ils ont refusé le texte à 86,9 pour cent. Yverdon-les-Bains a rejeté la réforme, contrairement à son canton."
5939,23.2,23.2,76.8,"Yvonand (VD)","C'est non à la réforme du service civil à Yvonand. Les habitants ont refusé le texte à 76,8 pour cent. Yvonand a rejeté la réforme, contrairement à son canton."
6002,84,84,16,"Brigue-Glis (VS)","Les habitants de Brigue-Glis acceptent à 84 pour cent la réforme du service civil. Brigue-Glis a approuvé la réforme, contrairement à son canton."
6004,61.9,61.9,38.1,"Eggerberg (VS)","Eggerberg dit oui à 61,9 pour cent à la réforme du service civil. Eggerberg a approuvé la réforme, contrairement à son canton."
6007,51.5,51.5,48.5,"Naters (VS)","Naters dit oui à 51,5 pour cent à la réforme du service civil. Naters a approuvé la réforme, contrairement à son canton."
6008,31.2,31.2,68.8,"Ried-Brig (VS)","La réforme du service civil n'a pas trouvé grâce aux yeux des citoyens de Ried-Brig. Ils ont refusé le texte à 68,8 pour cent. Ried-Brig a rejeté la réforme, tout comme son canton."
6009,3.6,3.6,96.4,"Simplon (VS)","A Simplon, les citoyens rejettent à 96,4 pour cent la réforme du service civil. Simplon a rejeté la réforme, tout comme son canton."
6010,67.1,67.1,32.9,"Termen (VS)","La population de Termen approuve à 67,1 pour cent la réforme du service civil. Termen a approuvé la réforme, contrairement à son canton."
6011,50.5,50.5,49.5,"Zwischbergen (VS)","La réforme du service civil est approuvée à Zwischbergen par 50,5 pour cent des votants. Zwischbergen a approuvé la réforme, contrairement à son canton."
6021,48.3,48.3,51.7,"Ardon (VS)","La réforme du service civil est refusée à 51,7 pour cent à Ardon. Ardon a rejeté la réforme, tout comme son canton."
6022,16.3,16.3,83.7,"Chamoson (VS)","La réforme du service civil n'a pas convaincu à Chamoson. Les citoyens de la commune ont refusé le texte à 83,7 pour cent. Chamoson a rejeté la réforme, tout comme son canton."
6023,49.5,49.5,50.5,"Conthey (VS)","La réforme du service civil n'a pas trouvé grâce aux yeux des citoyens de Conthey. Ils ont refusé le texte à 50,5 pour cent. Conthey a rejeté la réforme, tout comme son canton."
6024,44.1,44.1,55.9,"Nendaz (VS)","A Nendaz, les citoyens rejettent à 55,9 pour cent la réforme du service civil. Nendaz a rejeté la réforme, tout comme son canton."
6025,15.1,15.1,84.9,"Vétroz (VS)","La réforme du service civil n'a pas convaincu à Vétroz. Les citoyens de la commune ont refusé le texte à 84,9 pour cent. Vétroz a rejeté la réforme, tout comme son canton."
6032,78.9,78.9,21.1,"Bourg-Saint-Pierre (VS)","La réforme du service civil est approuvée à Bourg-Saint-Pierre par 78,9 pour cent des votants. Bourg-Saint-Pierre a approuvé la réforme, contrairement à son canton."
6033,43.8,43.8,56.2,"Liddes (VS)","La réforme du service civil est refusée à 56,2 pour cent à Liddes. Liddes a rejeté la réforme, tout comme son canton."
6034,20.6,20.6,79.4,"Orsières (VS)","La réforme du service civil n'a pas convaincu à Orsières. Les citoyens de la commune ont refusé le texte à 79,4 pour cent. Orsières a rejeté la réforme, tout comme son canton."
6035,85.2,85.2,14.8,"Sembrancher (VS)","A Sembrancher, les habitants disent oui à 85,2 pour cent à la réforme du service civil. Sembrancher a approuvé la réforme, contrairement à son canton."
6037,86,86,14,"Val de Bagnes (VS)","La réforme du service civil passe la rampe avec 86 pour cent de oui à Val de Bagnes. Val de Bagnes a approuvé la réforme, contrairement à son canton."
6052,81,81,19,"Bellwald (VS)","La réforme du service civil passe la rampe avec 81 pour cent de oui à Bellwald. Bellwald a approuvé la réforme, contrairement à son canton."
6054,62.8,62.8,37.2,"Binn (VS)","Binn dit oui à 62,8 pour cent à la réforme du service civil. Binn a approuvé la réforme, contrairement à son canton."
6056,47.3,47.3,52.7,"Ernen (VS)","A Ernen, les citoyens rejettent à 52,7 pour cent la réforme du service civil. Ernen a rejeté la réforme, tout comme son canton."
6057,44.1,44.1,55.9,"Fiesch (VS)","A Fiesch, les citoyens rejettent à 55,9 pour cent la réforme du service civil. Fiesch a rejeté la réforme, tout comme son canton."
6058,23.3,23.3,76.7,"Fieschertal (VS)","La réforme du service civil n'a pas trouvé grâce aux yeux des citoyens de Fieschertal. Ils ont refusé le texte à 76,7 pour cent. Fieschertal a rejeté la réforme, tout comme son canton."
6061,74,74,26,"Lax (VS)","Lax dit oui à 74 pour cent à la réforme du service civil. Lax a approuvé la réforme, contrairement à son canton."
6076,27.8,27.8,72.2,"Obergoms (VS)","La réforme du service civil est refusée à 72,2 pour cent à Obergoms. Obergoms a rejeté la réforme, tout comme son canton."
6077,40.7,40.7,59.3,"Goms (VS)","Les habitants de Goms s'opposent à la réforme du service civil par 59,3 pour cent des voix. Goms a rejeté la réforme, tout comme son canton."
6082,54.7,54.7,45.3,"Ayent (VS)","La réforme du service civil est approuvée à Ayent par 54,7 pour cent des votants. Ayent a approuvé la réforme, contrairement à son canton."
6083,15.1,15.1,84.9,"Evolène (VS)","C'est non à la réforme du service civil à Evolène. Les habitants ont refusé le texte à 84,9 pour cent. Evolène a rejeté la réforme, tout comme son canton."
6084,70.2,70.2,29.8,"Hérémence (VS)","Hérémence dit oui à 70,2 pour cent à la réforme du service civil. Hérémence a approuvé la réforme, contrairement à son canton."
6087,44.7,44.7,55.3,"Saint-Martin (VS)","Les habitants de Saint-Martin (VS) s'opposent à la réforme du service civil par 55,3 pour cent des voix. Saint-Martin (VS) a rejeté la réforme, tout comme son canton."
6089,56.5,56.5,43.5,"Vex (VS)","Vex dit oui à 56,5 pour cent à la réforme du service civil. Vex a approuvé la réforme, contrairement à son canton."
6090,52.4,52.4,47.6,"Mont-Noble (VS)","La population de Mont-Noble approuve à 52,4 pour cent la réforme du service civil. Mont-Noble a approuvé la réforme, contrairement à son canton."
6101,33.3,33.3,66.7,"Agarn (VS)","La réforme du service civil n'a pas trouvé grâce aux yeux des citoyens d'Agarn. Ils ont refusé le texte à 66,7 pour cent. Agarn a rejeté la réforme, tout comme son canton."
6102,60.9,60.9,39.1,"Albinen (VS)","Albinen dit oui à 60,9 pour cent à la réforme du service civil. Albinen a approuvé la réforme, contrairement à son canton."
6104,29.7,29.7,70.3,"Ergisch (VS)","La réforme du service civil n'a pas trouvé grâce aux yeux des citoyens d'Ergisch. Ils ont refusé le texte à 70,3 pour cent. Ergisch a rejeté la réforme, tout comme son canton."
6109,54.2,54.2,45.8,"Inden (VS)","La réforme du service civil passe la rampe avec 54,2 pour cent de oui à Inden. Inden a approuvé la réforme, contrairement à son canton."
6110,90.9,90.9,9.1,"Loèche (VS)","Les habitants de Loèche soutiennent à 90,9 pour cent la réforme du service civil. Loèche a approuvé la réforme, contrairement à son canton."
6111,89.9,89.9,10.1,"Loèche-les-Bains (VS)","Les habitants de Loèche-les-Bains soutiennent à 89,9 pour cent la réforme du service civil. Loèche-les-Bains a approuvé la réforme, contrairement à son canton."
6112,54.2,54.2,45.8,"Oberems (VS)","La réforme du service civil passe la rampe avec 54,2 pour cent de oui à Oberems. Oberems a approuvé la réforme, contrairement à son canton."
6113,3.1,3.1,96.9,"Salquenen (VS)","Les habitants de Salquenen s'opposent à la réforme du service civil par 96,9 pour cent des voix. Salquenen a rejeté la réforme, tout comme son canton."
6116,13.4,13.4,86.6,"Varone (VS)","Les habitants de Varone s'opposent à la réforme du service civil par 86,6 pour cent des voix. Varone a rejeté la réforme, tout comme son canton."
6117,1.7,1.7,98.3,"Guttet-Feschel (VS)","La réforme du service civil est refusée à 98,3 pour cent à Guttet-Feschel. Guttet-Feschel a rejeté la réforme, tout comme son canton."
6118,41.1,41.1,58.9,"Gampel-Bratsch (VS)","La réforme du service civil n'a pas trouvé grâce aux yeux des citoyens de Gampel-Bratsch. Ils ont refusé le texte à 58,9 pour cent. Gampel-Bratsch a rejeté la réforme, tout comme son canton."
6119,50.6,50.6,49.4,"Turtmann-Unterems (VS)","La réforme du service civil passe la rampe avec 50,6 pour cent de oui à Turtmann-Unterems. Turtmann-Unterems a approuvé la réforme, contrairement à son canton."
6131,47.8,47.8,52.2,"Bovernier (VS)","La réforme du service civil n'a pas convaincu à Bovernier. Les citoyens de la commune ont refusé le texte à 52,2 pour cent. Bovernier a rejeté la réforme, tout comme son canton."
6133,96.6,96.6,3.4,"Fully (VS)","Fully dit oui à 96,6 pour cent à la réforme du service civil. Fully a approuvé la réforme, contrairement à son canton."
6134,90.4,90.4,9.6,"Isérables (VS)","Les habitants d'Isérables soutiennent à 90,4 pour cent la réforme du service civil. Isérables a approuvé la réforme, contrairement à son canton."
6135,8.2,8.2,91.8,"Leytron (VS)","C'est non à la réforme du service civil à Leytron. Les habitants ont refusé le texte à 91,8 pour cent. Leytron a rejeté la réforme, tout comme son canton."
6136,68.9,68.9,31.1,"Martigny (VS)","Les habitants de Martigny soutiennent à 68,9 pour cent la réforme du service civil. Martigny a approuvé la réforme, contrairement à son canton."
6137,11.6,11.6,88.4,"Martigny-Combe (VS)","La population de Martigny-Combe rejette à 88,4 pour cent des voix la réforme du service civil. Martigny-Combe a rejeté la réforme, tout comme son canton."
6139,54.8,54.8,45.2,"Riddes (VS)","La réforme du service civil passe la rampe avec 54,8 pour cent de oui à Riddes. Riddes a approuvé la réforme, contrairement à son canton."
6140,55.5,55.5,44.5,"Saillon (VS)","Les habitants de Saillon soutiennent à 55,5 pour cent la réforme du service civil. Saillon a approuvé la réforme, contrairement à son canton."
6141,81.1,81.1,18.9,"Saxon (VS)","La réforme du service civil est approuvée à Saxon par 81,1 pour cent des votants. Saxon a approuvé la réforme, contrairement à son canton."
6142,24.4,24.4,75.6,"Trient (VS)","La réforme du service civil est refusée à 75,6 pour cent à Trient. Trient a rejeté la réforme, tout comme son canton."
6151,52,52,48,"Champéry (VS)","La réforme du service civil est approuvée à Champéry par 52 pour cent des votants. Champéry a approuvé la réforme, contrairement à son canton."
6152,31,31,69,"Collombey-Muraz (VS)","C'est non à la réforme du service civil à Collombey-Muraz. Les habitants ont refusé le texte à 69 pour cent. Collombey-Muraz a rejeté la réforme, tout comme son canton."
6153,93.3,93.3,6.7,"Monthey (VS)","A Monthey, les habitants disent oui à 93,3 pour cent à la réforme du service civil. Monthey a approuvé la réforme, contrairement à son canton."
6154,50.4,50.4,49.6,"Port-Valais (VS)","La réforme du service civil est approuvée à Port-Valais par 50,4 pour cent des votants. Port-Valais a approuvé la réforme, contrairement à son canton."
6155,62.4,62.4,37.6,"Saint-Gingolph (VS)","A Saint-Gingolph, les habitants disent oui à 62,4 pour cent à la réforme du service civil. Saint-Gingolph a approuvé la réforme, contrairement à son canton."
6156,49.6,49.6,50.4,"Troistorrents (VS)","La réforme du service civil est refusée à 50,4 pour cent à Troistorrents. Troistorrents a rejeté la réforme, tout comme son canton."
6157,38.3,38.3,61.7,"Val-d'Illiez (VS)","La population de Val-d'Illiez rejette à 61,7 pour cent des voix la réforme du service civil. Val-d'Illiez a rejeté la réforme, tout comme son canton."
6158,24.2,24.2,75.8,"Vionnaz (VS)","La population de Vionnaz rejette à 75,8 pour cent des voix la réforme du service civil. Vionnaz a rejeté la réforme, tout comme son canton."
6159,33.1,33.1,66.9,"Vouvry (VS)","La population de Vouvry rejette à 66,9 pour cent des voix la réforme du service civil. Vouvry a rejeté la réforme, tout comme son canton."
6172,83.5,83.5,16.5,"Bister (VS)","Bister dit oui à 83,5 pour cent à la réforme du service civil. Bister a approuvé la réforme, contrairement à son canton."
6173,45.6,45.6,54.4,"Bitsch (VS)","La population de Bitsch rejette à 54,4 pour cent des voix la réforme du service civil. Bitsch a rejeté la réforme, tout comme son canton."
6177,37.7,37.7,62.3,"Grengiols (VS)","La population de Grengiols rejette à 62,3 pour cent des voix la réforme du service civil. Grengiols a rejeté la réforme, tout comme son canton."
6181,29.6,29.6,70.4,"Riederalp (VS)","La réforme du service civil n'a pas trouvé grâce aux yeux des citoyens de Riederalp. Ils ont refusé le texte à 70,4 pour cent. Riederalp a rejeté la réforme, tout comme son canton."
6191,37.8,37.8,62.2,"Ausserberg (VS)","A Ausserberg, les citoyens rejettent à 62,2 pour cent la réforme du service civil. Ausserberg a rejeté la réforme, tout comme son canton."
6192,13.2,13.2,86.8,"Blatten (VS)","La réforme du service civil n'a pas trouvé grâce aux yeux des citoyens de Blatten. Ils ont refusé le texte à 86,8 pour cent. Blatten a rejeté la réforme, tout comme son canton."
6193,4,4,96,"Bürchen (VS)","La réforme du service civil n'a pas trouvé grâce aux yeux des citoyens de Bürchen. Ils ont refusé le texte à 96 pour cent. Bürchen a rejeté la réforme, tout comme son canton."
6194,41,41,59,"Eischoll (VS)","A Eischoll, les citoyens rejettent à 59 pour cent la réforme du service civil. Eischoll a rejeté la réforme, tout comme son canton."
6195,54.8,54.8,45.2,"Ferden (VS)","La réforme du service civil est approuvée à Ferden par 54,8 pour cent des votants. Ferden a approuvé la réforme, contrairement à son canton."
6197,39.6,39.6,60.4,"Kippel (VS)","A Kippel, les citoyens rejettent à 60,4 pour cent la réforme du service civil. Kippel a rejeté la réforme, tout comme son canton."
6198,49,49,51,"Niedergesteln (VS)","Les habitants de Niedergesteln s'opposent à la réforme du service civil par 51 pour cent des voix. Niedergesteln a rejeté la réforme, tout comme son canton."
6199,0.2,0.2,99.8,"Rarogne (VS)","Rarogne se classe au troisième rang des plus forts refus de la réforme du service civil. Le rejet atteint 99,8 pour cent. Le plus fort pourcentage de non en Valais a été obtenu à Rarogne."
6201,48.4,48.4,51.6,"Unterbäch (VS)","Les habitants d'Unterbäch s'opposent à la réforme du service civil par 51,6 pour cent des voix. Unterbäch a rejeté la réforme, tout comme son canton."
6202,29.9,29.9,70.1,"Wiler (Lötschen) (VS)","La population de Wiler (Lötschen) rejette à 70,1 pour cent des voix la réforme du service civil. Wiler (Lötschen) a rejeté la réforme, tout comme son canton."
6203,64.8,64.8,35.2,"Mörel-Filet (VS)","Mörel-Filet dit oui à 64,8 pour cent à la réforme du service civil. Mörel-Filet a approuvé la réforme, contrairement à son canton."
6204,92.4,92.4,7.6,"Steg-Hohtenn (VS)","Les habitants de Steg-Hohtenn soutiennent à 92,4 pour cent la réforme du service civil. Steg-Hohtenn a approuvé la réforme, contrairement à son canton."
6205,27.6,27.6,72.4,"Bettmeralp (VS)","La réforme du service civil n'a pas trouvé grâce aux yeux des citoyens de Bettmeralp. Ils ont refusé le texte à 72,4 pour cent. Bettmeralp a rejeté la réforme, tout comme son canton."
6211,55.7,55.7,44.3,"Collonges (VS)","La réforme du service civil passe la rampe avec 55,7 pour cent de oui à Collonges. Collonges a approuvé la réforme, contrairement à son canton."
6212,45.9,45.9,54.1,"Dorénaz (VS)","La réforme du service civil n'a pas convaincu à Dorénaz. Les citoyens de la commune ont refusé le texte à 54,1 pour cent. Dorénaz a rejeté la réforme, tout comme son canton."
6213,10.4,10.4,89.6,"Evionnaz (VS)","A Evionnaz, les citoyens rejettent à 89,6 pour cent la réforme du service civil. Evionnaz a rejeté la réforme, tout comme son canton."
6214,47.5,47.5,52.5,"Finhaut (VS)","La réforme du service civil n'a pas trouvé grâce aux yeux des citoyens de Finhaut. Ils ont refusé le texte à 52,5 pour cent. Finhaut a rejeté la réforme, tout comme son canton."
6215,1.3,1.3,98.7,"Massongex (VS)","La réforme du service civil est refusée à 98,7 pour cent à Massongex. Massongex a rejeté la réforme, tout comme son canton."
6217,36.9,36.9,63.1,"Saint-Maurice (VS)","A Saint-Maurice, les citoyens rejettent à 63,1 pour cent la réforme du service civil. Saint-Maurice a rejeté la réforme, tout comme son canton."
6218,14.5,14.5,85.5,"Salvan (VS)","La réforme du service civil n'a pas trouvé grâce aux yeux des citoyens de Salvan. Ils ont refusé le texte à 85,5 pour cent. Salvan a rejeté la réforme, tout comme son canton."
6219,94,94,6,"Vernayaz (VS)","A Vernayaz, les habitants disent oui à 94 pour cent à la réforme du service civil. Vernayaz a approuvé la réforme, contrairement à son canton."
6220,32.7,32.7,67.3,"Vérossaz (VS)","La réforme du service civil n'a pas convaincu à Vérossaz. Les citoyens de la commune ont refusé le texte à 67,3 pour cent. Vérossaz a rejeté la réforme, tout comme son canton."
6232,55.9,55.9,44.1,"Chalais (VS)","Chalais dit oui à 55,9 pour cent à la réforme du service civil. Chalais a approuvé la réforme, contrairement à son canton."
6235,69.4,69.4,30.6,"Chippis (VS)","La population de Chippis approuve à 69,4 pour cent la réforme du service civil. Chippis a approuvé la réforme, contrairement à son canton."
6238,43.4,43.4,56.6,"Grône (VS)","La population de Grône rejette à 56,6 pour cent des voix la réforme du service civil. Grône a rejeté la réforme, tout comme son canton."
6239,62.4,62.4,37.6,"Icogne (VS)","Les habitants d'Icogne soutiennent à 62,4 pour cent la réforme du service civil. Icogne a approuvé la réforme, contrairement à son canton."
6240,47.8,47.8,52.2,"Lens (VS)","C'est non à la réforme du service civil à Lens. Les habitants ont refusé le texte à 52,2 pour cent. Lens a rejeté la réforme, tout comme son canton."
6246,89.4,89.4,10.6,"Saint-Léonard (VS)","Saint-Léonard dit oui à 89,4 pour cent à la réforme du service civil. Saint-Léonard a approuvé la réforme, contrairement à son canton."
6248,81.2,81.2,18.8,"Sierre (VS)","Les habitants de Sierre acceptent à 81,2 pour cent la réforme du service civil. Sierre a approuvé la réforme, contrairement à son canton."
6252,41,41,59,"Anniviers (VS)","La réforme du service civil n'a pas trouvé grâce aux yeux des citoyens d'Anniviers. Ils ont refusé le texte à 59 pour cent. Anniviers a rejeté la réforme, tout comme son canton."
6253,60.9,60.9,39.1,"Crans-Montana (VS)","Les habitants de Crans-Montana acceptent à 60,9 pour cent la réforme du service civil. Crans-Montana a approuvé la réforme, contrairement à son canton."
6254,16.8,16.8,83.2,"Noble-Contrée (VS)","Les habitants de Noble-Contrée s'opposent à la réforme du service civil par 83,2 pour cent des voix. Noble-Contrée a rejeté la réforme, tout comme son canton."
6261,18.7,18.7,81.3,"Arbaz (VS)","La réforme du service civil n'a pas convaincu à Arbaz. Les citoyens de la commune ont refusé le texte à 81,3 pour cent. Arbaz a rejeté la réforme, tout comme son canton."
6263,8.7,8.7,91.3,"Grimisuat (VS)","La réforme du service civil n'a pas trouvé grâce aux yeux des citoyens de Grimisuat. Ils ont refusé le texte à 91,3 pour cent. Grimisuat a rejeté la réforme, tout comme son canton."
6265,96.7,96.7,3.3,"Savièse (VS)","La population de Savièse approuve à 96,7 pour cent la réforme du service civil. Le plus fort pourcentage de oui en Valais a été obtenu à Savièse."
6266,63.9,63.9,36.1,"Sion (VS)","La réforme du service civil passe la rampe avec 63,9 pour cent de oui à Sion. Sion a approuvé la réforme, contrairement à son canton."
6267,74,74,26,"Veysonnaz (VS)","Les habitants de Veysonnaz acceptent à 74 pour cent la réforme du service civil. Veysonnaz a approuvé la réforme, contrairement à son canton."
6281,40.1,40.1,59.9,"Baltschieder (VS)","C'est non à la réforme du service civil à Baltschieder. Les habitants ont refusé le texte à 59,9 pour cent. Baltschieder a rejeté la réforme, tout comme son canton."
6282,50.2,50.2,49.8,"Eisten (VS)","La réforme du service civil est approuvée à Eisten par 50,2 pour cent des votants. Eisten a approuvé la réforme, contrairement à son canton."
6283,48.5,48.5,51.5,"Embd (VS)","La réforme du service civil est refusée à 51,5 pour cent à Embd. Embd a rejeté la réforme, tout comme son canton."
6285,39,39,61,"Grächen (VS)","A Grächen, les citoyens rejettent à 61 pour cent la réforme du service civil. Grächen a rejeté la réforme, tout comme son canton."
6286,25.4,25.4,74.6,"Lalden (VS)","A Lalden, les citoyens rejettent à 74,6 pour cent la réforme du service civil. Lalden a rejeté la réforme, tout comme son canton."
6287,45.3,45.3,54.7,"Randa (VS)","Les habitants de Randa s'opposent à la réforme du service civil par 54,7 pour cent des voix. Randa a rejeté la réforme, tout comme son canton."
6288,47.4,47.4,52.6,"Saas-Almagell (VS)","La réforme du service civil n'a pas convaincu à Saas-Almagell. Les citoyens de la commune ont refusé le texte à 52,6 pour cent. Saas-Almagell a rejeté la réforme, tout comme son canton."
6289,10.9,10.9,89.1,"Saas-Balen (VS)","Les habitants de Saas-Balen s'opposent à la réforme du service civil par 89,1 pour cent des voix. Saas-Balen a rejeté la réforme, tout comme son canton."
6290,54.8,54.8,45.2,"Saas-Fee (VS)","La réforme du service civil est approuvée à Saas-Fee par 54,8 pour cent des votants. Saas-Fee a approuvé la réforme, contrairement à son canton."
6291,47.3,47.3,52.7,"Saas-Grund (VS)","La population de Saas-Grund rejette à 52,7 pour cent des voix la réforme du service civil. Saas-Grund a rejeté la réforme, tout comme son canton."
6292,28.4,28.4,71.6,"Saint-Nicolas (VS)","A Saint-Nicolas, les citoyens rejettent à 71,6 pour cent la réforme du service civil. Saint-Nicolas a rejeté la réforme, tout comme son canton."
6293,55.9,55.9,44.1,"Stalden (VS)","A Stalden (VS), les habitants disent oui à 55,9 pour cent à la réforme du service civil. Stalden (VS) a approuvé la réforme, contrairement à son canton."
6294,56.6,56.6,43.4,"Staldenried (VS)","La population de Staldenried approuve à 56,6 pour cent la réforme du service civil. Staldenried a approuvé la réforme, contrairement à son canton."
6295,2.9,2.9,97.1,"Täsch (VS)","La réforme du service civil n'a pas convaincu à Täsch. Les citoyens de la commune ont refusé le texte à 97,1 pour cent. Täsch a rejeté la réforme, tout comme son canton."
6296,52.9,52.9,47.1,"Törbel (VS)","Les habitants de Törbel acceptent à 52,9 pour cent la réforme du service civil. Törbel a approuvé la réforme, contrairement à son canton."
6297,76.6,76.6,23.4,"Viège (VS)","La réforme du service civil passe la rampe avec 76,6 pour cent de oui à Viège. Viège a approuvé la réforme, contrairement à son canton."
6298,70.6,70.6,29.4,"Visperterminen (VS)","Les habitants de Visperterminen acceptent à 70,6 pour cent la réforme du service civil. Visperterminen a approuvé la réforme, contrairement à son canton."
6299,49.5,49.5,50.5,"Zeneggen (VS)","La réforme du service civil n'a pas trouvé grâce aux yeux des citoyens de Zeneggen. Ils ont refusé le texte à 50,5 pour cent. Zeneggen a rejeté la réforme, tout comme son canton."
6300,50.8,50.8,49.2,"Zermatt (VS)","La réforme du service civil est approuvée à Zermatt par 50,8 pour cent des votants. Zermatt a approuvé la réforme, contrairement à son canton."
6404,49.5,49.5,50.5,"Boudry (NE)","Les habitants de Boudry s'opposent à la réforme du service civil par 50,5 pour cent des voix. Boudry a rejeté la réforme, contrairement à son canton."
6408,21.6,21.6,78.4,"Cortaillod (NE)","La réforme du service civil n'a pas trouvé grâce aux yeux des citoyens de Cortaillod. Ils ont refusé le texte à 78,4 pour cent. Cortaillod a rejeté la réforme, contrairement à son canton."
6413,87.8,87.8,12.2,"Rochefort (NE)","Les habitants de Rochefort soutiennent à 87,8 pour cent la réforme du service civil. Rochefort a approuvé la réforme, tout comme son canton."
6416,58.3,58.3,41.7,"Milvignes (NE)","La réforme du service civil passe la rampe avec 58,3 pour cent de oui à Milvignes. Milvignes a approuvé la réforme, tout comme son canton."
6417,46.1,46.1,53.9,"La Grande Béroche (NE)","La réforme du service civil n'a pas trouvé grâce aux yeux des citoyens de La Grande Béroche. Ils ont refusé le texte à 53,9 pour cent. La Grande Béroche a rejeté la réforme, contrairement à son canton."
6421,58.3,58.3,41.7,"La Chaux-de-Fonds (NE)","La réforme du service civil passe la rampe avec 58,3 pour cent de oui à La Chaux-de-Fonds. La Chaux-de-Fonds a approuvé la réforme, tout comme son canton."
6422,76,76,24,"Les Planchettes (NE)","Aux Planchettes, les habitants disent oui à 76 pour cent à la réforme du service civil. Les Planchettes a approuvé la réforme, tout comme son canton."
6423,89.1,89.1,10.9,"La Sagne (NE)","La Sagne dit oui à 89,1 pour cent à la réforme du service civil. Le plus fort pourcentage de oui du canton de Neuchâtel a été obtenu à La Sagne."
6432,4.7,4.7,95.3,"La Brévine (NE)","Les habitants de La Brévine s'opposent à la réforme du service civil par 95,3 pour cent des voix. La Brévine a rejeté la réforme, contrairement à son canton."
6433,35.9,35.9,64.1,"Brot-Plamboz (NE)","A Brot-Plamboz, les citoyens rejettent à 64,1 pour cent la réforme du service civil. Brot-Plamboz a rejeté la réforme, contrairement à son canton."
6434,23,23,77,"Le Cerneux-Péquignot (NE)","La réforme du service civil n'a pas trouvé grâce aux yeux des citoyens du Cerneux-Péquignot. Ils ont refusé le texte à 77 pour cent. Le Cerneux-Péquignot a rejeté la réforme, contrairement à son canton."
6435,56.3,56.3,43.7,"La Chaux-du-Milieu (NE)","La Chaux-du-Milieu dit oui à 56,3 pour cent à la réforme du service civil. La Chaux-du-Milieu a approuvé la réforme, tout comme son canton."
6436,68,68,32,"Le Locle (NE)","La réforme du service civil est approuvée au Locle par 68 pour cent des votants. Le Locle a approuvé la réforme, tout comme son canton."
6437,43.3,43.3,56.7,"Les Ponts-de-Martel (NE)","C'est non à la réforme du service civil aux Ponts-de-Martel. Les habitants ont refusé le texte à 56,7 pour cent. Les Ponts-de-Martel a rejeté la réforme, contrairement à son canton."
6451,8.7,8.7,91.3,"Cornaux (NE)","La réforme du service civil est refusée à 91,3 pour cent à Cornaux. Cornaux a rejeté la réforme, contrairement à son canton."
6452,44.2,44.2,55.8,"Cressier (NE)","La réforme du service civil n'a pas convaincu à Cressier (NE). Les citoyens de la commune ont refusé le texte à 55,8 pour cent. Cressier (NE) a rejeté la réforme, contrairement à son canton."
6455,39.3,39.3,60.7,"Le Landeron (NE)","La population du Landeron rejette à 60,7 pour cent des voix la réforme du service civil. Le Landeron a rejeté la réforme, contrairement à son canton."
6456,80.5,80.5,19.5,"Lignières (NE)","A Lignières, les habitants disent oui à 80,5 pour cent à la réforme du service civil. Lignières a approuvé la réforme, tout comme son canton."
6458,79,79,21,"Neuchâtel (NE)","Les habitants de Neuchâtel soutiennent à 79 pour cent la réforme du service civil. Neuchâtel a approuvé la réforme, tout comme son canton."
6487,39.2,39.2,60.8,"Val-de-Ruz (NE)","La réforme du service civil n'a pas convaincu à Val-de-Ruz. Les citoyens de la commune ont refusé le texte à 60,8 pour cent. Val-de-Ruz a rejeté la réforme, contrairement à son canton."
6504,30,30,70,"La Côte-aux-Fées (NE)","Les habitants de La Côte-aux-Fées s'opposent à la réforme du service civil par 70 pour cent des voix. La Côte-aux-Fées a rejeté la réforme, contrairement à son canton."
6511,59.5,59.5,40.5,"Les Verrières (NE)","Les habitants des Verrières soutiennent à 59,5 pour cent la réforme du service civil. Les Verrières a approuvé la réforme, tout comme son canton."
6512,3.3,3.3,96.7,"Val-de-Travers (NE)","La réforme du service civil est refusée à 96,7 pour cent à Val-de-Travers. Le plus fort pourcentage de non du canton de Neuchâtel a été obtenu à Val-de-Travers."
6513,47.2,47.2,52.8,"Laténa (NE)","A Laténa, les citoyens rejettent à 52,8 pour cent la réforme du service civil. Laténa a rejeté la réforme, contrairement à son canton."
6601,1,1,99,"Aire-la-Ville (GE)","La réforme du service civil est refusée à 99 pour cent à Aire-la-Ville. Le plus fort pourcentage de non du canton de Genève a été obtenu à Aire-la-Ville."
6602,63.1,63.1,36.9,"Anières (GE)","La réforme du service civil est approuvée à Anières par 63,1 pour cent des votants. Anières a approuvé la réforme, tout comme son canton."
6603,44,44,56,"Avully (GE)","Les habitants d'Avully s'opposent à la réforme du service civil par 56 pour cent des voix. Avully a rejeté la réforme, contrairement à son canton."
6604,36.4,36.4,63.6,"Avusy (GE)","A Avusy, les citoyens rejettent à 63,6 pour cent la réforme du service civil. Avusy a rejeté la réforme, contrairement à son canton."
6605,47.3,47.3,52.7,"Bardonnex (GE)","La réforme du service civil n'a pas trouvé grâce aux yeux des citoyens de Bardonnex. Ils ont refusé le texte à 52,7 pour cent. Bardonnex a rejeté la réforme, contrairement à son canton."
6606,33.8,33.8,66.2,"Bellevue (GE)","Les habitants de Bellevue s'opposent à la réforme du service civil par 66,2 pour cent des voix. Bellevue a rejeté la réforme, contrairement à son canton."
6607,84.1,84.1,15.9,"Bernex (GE)","Bernex dit oui à 84,1 pour cent à la réforme du service civil. Bernex a approuvé la réforme, tout comme son canton."
6608,58,58,42,"Carouge (GE)","Les habitants de Carouge (GE) acceptent à 58 pour cent la réforme du service civil. Carouge (GE) a approuvé la réforme, tout comme son canton."
6609,45.7,45.7,54.3,"Cartigny (GE)","C'est non à la réforme du service civil à Cartigny. Les habitants ont refusé le texte à 54,3 pour cent. Cartigny a rejeté la réforme, contrairement à son canton."
6610,96.6,96.6,3.4,"Céligny (GE)","La réforme du service civil est approuvée à Céligny par 96,6 pour cent des votants. Le plus fort pourcentage de oui du canton de Genève a été obtenu à Céligny."
6611,95.4,95.4,4.6,"Chancy (GE)","Les habitants de Chancy acceptent à 95,4 pour cent la réforme du service civil. Chancy a approuvé la réforme, tout comme son canton."
6612,79.1,79.1,20.9,"Chêne-Bougeries (GE)","La population de Chêne-Bougeries approuve à 79,1 pour cent la réforme du service civil. Chêne-Bougeries a approuvé la réforme, tout comme son canton."
6613,17.5,17.5,82.5,"Chêne-Bourg (GE)","La réforme du service civil est refusée à 82,5 pour cent à Chêne-Bourg. Chêne-Bourg a rejeté la réforme, contrairement à son canton."
6614,16,16,84,"Choulex (GE)","La population de Choulex rejette à 84 pour cent des voix la réforme du service civil. Choulex a rejeté la réforme, contrairement à son canton."
6615,22.7,22.7,77.3,"Collex-Bossy (GE)","A Collex-Bossy, les citoyens rejettent à 77,3 pour cent la réforme du service civil. Collex-Bossy a rejeté la réforme, contrairement à son canton."
6616,26,26,74,"Collonge-Bellerive (GE)","La population de Collonge-Bellerive rejette à 74 pour cent des voix la réforme du service civil. Collonge-Bellerive a rejeté la réforme, contrairement à son canton."
6617,32,32,68,"Cologny (GE)","A Cologny, les citoyens rejettent à 68 pour cent la réforme du service civil. Cologny a rejeté la réforme, contrairement à son canton."
6618,39.7,39.7,60.3,"Confignon (GE)","La population de Confignon rejette à 60,3 pour cent des voix la réforme du service civil. Confignon a rejeté la réforme, contrairement à son canton."
6619,88.8,88.8,11.2,"Corsier (GE)","Corsier (GE) dit oui à 88,8 pour cent à la réforme du service civil. Corsier (GE) a approuvé la réforme, tout comme son canton."
6620,34.8,34.8,65.2,"Dardagny (GE)","Les habitants de Dardagny s'opposent à la réforme du service civil par 65,2 pour cent des voix. Dardagny a rejeté la réforme, contrairement à son canton."
6621,49.8,49.8,50.2,"Genève (GE)","La réforme du service civil n'a pas convaincu à Genève. Les citoyens de la commune ont refusé le texte à 50,2 pour cent. Genève a rejeté la réforme, contrairement à son canton."
6622,24.2,24.2,75.8,"Genthod (GE)","La réforme du service civil n'a pas trouvé grâce aux yeux des citoyens de Genthod. Ils ont refusé le texte à 75,8 pour cent. Genthod a rejeté la réforme, contrairement à son canton."
6623,51.6,51.6,48.4,"Le Grand-Saconnex (GE)","La réforme du service civil est approuvée au Grand-Saconnex par 51,6 pour cent des votants. Le Grand-Saconnex a approuvé la réforme, tout comme son canton."
6624,8.8,8.8,91.2,"Gy (GE)","La réforme du service civil est refusée à 91,2 pour cent à Gy. Gy a rejeté la réforme, contrairement à son canton."
6625,83.3,83.3,16.7,"Hermance (GE)","Les habitants d'Hermance soutiennent à 83,3 pour cent la réforme du service civil. Hermance a approuvé la réforme, tout comme son canton."
6626,3.1,3.1,96.9,"Jussy (GE)","C'est non à la réforme du service civil à Jussy. Les habitants ont refusé le texte à 96,9 pour cent. Jussy a rejeté la réforme, contrairement à son canton."
6627,26.8,26.8,73.2,"Laconnex (GE)","La population de Laconnex rejette à 73,2 pour cent des voix la réforme du service civil. Laconnex a rejeté la réforme, contrairement à son canton."
6628,83.6,83.6,16.4,"Lancy (GE)","La population de Lancy approuve à 83,6 pour cent la réforme du service civil. Lancy a approuvé la réforme, tout comme son canton."
6629,78.7,78.7,21.3,"Meinier (GE)","La population de Meinier approuve à 78,7 pour cent la réforme du service civil. Meinier a approuvé la réforme, tout comme son canton."
6630,63,63,37,"Meyrin (GE)","La réforme du service civil passe la rampe avec 63 pour cent de oui à Meyrin. Meyrin a approuvé la réforme, tout comme son canton."
6631,53.6,53.6,46.4,"Onex (GE)","La population d'Onex approuve à 53,6 pour cent la réforme du service civil. Onex a approuvé la réforme, tout comme son canton."
6632,57.3,57.3,42.7,"Perly-Certoux (GE)","Les habitants de Perly-Certoux acceptent à 57,3 pour cent la réforme du service civil. Perly-Certoux a approuvé la réforme, tout comme son canton."
6633,91.2,91.2,8.8,"Plan-les-Ouates (GE)","La population de Plan-les-Ouates approuve à 91,2 pour cent la réforme du service civil. Plan-les-Ouates a approuvé la réforme, tout comme son canton."
6634,43.4,43.4,56.6,"Pregny-Chambésy (GE)","La réforme du service civil est refusée à 56,6 pour cent à Pregny-Chambésy. Pregny-Chambésy a rejeté la réforme, contrairement à son canton."
6635,69.8,69.8,30.2,"Presinge (GE)","La réforme du service civil passe la rampe avec 69,8 pour cent de oui à Presinge. Presinge a approuvé la réforme, tout comme son canton."
6636,42.9,42.9,57.1,"Puplinge (GE)","La population de Puplinge rejette à 57,1 pour cent des voix la réforme du service civil. Puplinge a rejeté la réforme, contrairement à son canton."
6637,72.3,72.3,27.7,"Russin (GE)","Les habitants de Russin acceptent à 72,3 pour cent la réforme du service civil. Russin a approuvé la réforme, tout comme son canton."
6638,22.7,22.7,77.3,"Satigny (GE)","Les habitants de Satigny s'opposent à la réforme du service civil par 77,3 pour cent des voix. Satigny a rejeté la réforme, contrairement à son canton."
6639,1.3,1.3,98.7,"Soral (GE)","La réforme du service civil n'a pas trouvé grâce aux yeux des citoyens de Soral. Ils ont refusé le texte à 98,7 pour cent. Soral a rejeté la réforme, contrairement à son canton."
6640,14.2,14.2,85.8,"Thônex (GE)","Les habitants de Thônex s'opposent à la réforme du service civil par 85,8 pour cent des voix. Thônex a rejeté la réforme, contrairement à son canton."
6641,25.4,25.4,74.6,"Troinex (GE)","C'est non à la réforme du service civil à Troinex. Les habitants ont refusé le texte à 74,6 pour cent. Troinex a rejeté la réforme, contrairement à son canton."
6642,47.3,47.3,52.7,"Vandoeuvres (GE)","Les habitants de Vandoeuvres s'opposent à la réforme du service civil par 52,7 pour cent des voix. Vandoeuvres a rejeté la réforme, contrairement à son canton."
6643,42.2,42.2,57.8,"Vernier (GE)","Les habitants de Vernier s'opposent à la réforme du service civil par 57,8 pour cent des voix. Vernier a rejeté la réforme, contrairement à son canton."
6644,38.8,38.8,61.2,"Versoix (GE)","A Versoix, les citoyens rejettent à 61,2 pour cent la réforme du service civil. Versoix a rejeté la réforme, contrairement à son canton."
6645,42.5,42.5,57.5,"Veyrier (GE)","Les habitants de Veyrier s'opposent à la réforme du service civil par 57,5 pour cent des voix. Veyrier a rejeté la réforme, contrairement à son canton."
6702,50,50,50,"Boécourt (JU)","A Boécourt, les citoyens rejettent à 50 pour cent la réforme du service civil. Boécourt a rejeté la réforme, contrairement à son canton."
6703,30.7,30.7,69.3,"Bourrignon (JU)","Les habitants de Bourrignon s'opposent à la réforme du service civil par 69,3 pour cent des voix. Bourrignon a rejeté la réforme, contrairement à son canton."
6704,70.7,70.7,29.3,"Châtillon (JU)","La population de Châtillon (JU) approuve à 70,7 pour cent la réforme du service civil. Châtillon (JU) a approuvé la réforme, tout comme son canton."
6706,42.4,42.4,57.6,"Courchapoix (JU)","A Courchapoix, les citoyens rejettent à 57,6 pour cent la réforme du service civil. Courchapoix a rejeté la réforme, contrairement à son canton."
6708,78.7,78.7,21.3,"Courrendlin (JU)","La population de Courrendlin approuve à 78,7 pour cent la réforme du service civil. Courrendlin a approuvé la réforme, tout comme son canton."
6709,85.8,85.8,14.2,"Courroux (JU)","La réforme du service civil est approuvée à Courroux par 85,8 pour cent des votants. Courroux a approuvé la réforme, tout comme son canton."
6710,68.5,68.5,31.5,"Courtételle (JU)","La réforme du service civil est approuvée à Courtételle par 68,5 pour cent des votants. Courtételle a approuvé la réforme, tout comme son canton."
6711,36.8,36.8,63.2,"Delémont (JU)","La réforme du service civil est refusée à 63,2 pour cent à Delémont. Delémont a rejeté la réforme, contrairement à son canton."
6712,72.3,72.3,27.7,"Develier (JU)","La réforme du service civil passe la rampe avec 72,3 pour cent de oui à Develier. Develier a approuvé la réforme, tout comme son canton."
6713,49.5,49.5,50.5,"Ederswiler (JU)","Les habitants d'Ederswiler s'opposent à la réforme du service civil par 50,5 pour cent des voix. Ederswiler a rejeté la réforme, contrairement à son canton."
6715,41.6,41.6,58.4,"Mervelier (JU)","La réforme du service civil n'a pas convaincu à Mervelier. Les citoyens de la commune ont refusé le texte à 58,4 pour cent. Mervelier a rejeté la réforme, contrairement à son canton."
6716,4.5,4.5,95.5,"Mettembert (JU)","Les habitants de Mettembert s'opposent à la réforme du service civil par 95,5 pour cent des voix. Mettembert a rejeté la réforme, contrairement à son canton."
6718,100,100,0,"Movelier (JU)","Nulle part ailleurs en Suisse la réforme du service civil n'a été approuvée plus clairement qu'à Movelier. Les électeurs de cette commune disent oui à 100 pour cent. Le plus fort pourcentage de oui du canton du Jura a été obtenu à Movelier."
6719,61.3,61.3,38.7,"Pleigne (JU)","Les habitants de Pleigne soutiennent à 61,3 pour cent la réforme du service civil. Pleigne a approuvé la réforme, tout comme son canton."
6721,40.5,40.5,59.5,"Rossemaison (JU)","Les habitants de Rossemaison s'opposent à la réforme du service civil par 59,5 pour cent des voix. Rossemaison a rejeté la réforme, contrairement à son canton."
6722,31.7,31.7,68.3,"Saulcy (JU)","A Saulcy, les citoyens rejettent à 68,3 pour cent la réforme du service civil. Saulcy a rejeté la réforme, contrairement à son canton."
6724,93.8,93.8,6.2,"Soyhières (JU)","La réforme du service civil passe la rampe avec 93,8 pour cent de oui à Soyhières. Soyhières a approuvé la réforme, tout comme son canton."
6729,66.4,66.4,33.6,"Haute-Sorne (JU)","Les habitants de Haute-Sorne soutiennent à 66,4 pour cent la réforme du service civil. Haute-Sorne a approuvé la réforme, tout comme son canton."
6730,83.6,83.6,16.4,"Val Terbi (JU)","Les habitants de Val Terbi acceptent à 83,6 pour cent la réforme du service civil. Val Terbi a approuvé la réforme, tout comme son canton."
6741,55.2,55.2,44.8,"Le Bémont (JU)","Le Bémont (JU) dit oui à 55,2 pour cent à la réforme du service civil. Le Bémont (JU) a approuvé la réforme, tout comme son canton."
6742,25.2,25.2,74.8,"Les Bois (JU)","C'est non à la réforme du service civil aux Bois. Les habitants ont refusé le texte à 74,8 pour cent. Les Bois a rejeté la réforme, contrairement à son canton."
6743,67.5,67.5,32.5,"Les Breuleux (JU)","Aux Breuleux, les habitants disent oui à 67,5 pour cent à la réforme du service civil. Les Breuleux a approuvé la réforme, tout comme son canton."
6745,75.8,75.8,24.2,"Les Enfers (JU)","Aux Enfers, les habitants disent oui à 75,8 pour cent à la réforme du service civil. Les Enfers a approuvé la réforme, tout comme son canton."
6748,20.8,20.8,79.2,"Les Genevez (JU)","La réforme du service civil n'a pas convaincu aux Genevez (JU). Les citoyens de la commune ont refusé le texte à 79,2 pour cent. Les Genevez (JU) a rejeté la réforme, contrairement à son canton."
6750,48.4,48.4,51.6,"Lajoux (JU)","C'est non à la réforme du service civil à Lajoux (JU). Les habitants ont refusé le texte à 51,6 pour cent. Lajoux (JU) a rejeté la réforme, contrairement à son canton."
6751,83.2,83.2,16.8,"Montfaucon (JU)","Montfaucon dit oui à 83,2 pour cent à la réforme du service civil. Montfaucon a approuvé la réforme, tout comme son canton."
6753,4.4,4.4,95.6,"Muriaux (JU)","La réforme du service civil est refusée à 95,6 pour cent à Muriaux. Le plus fort pourcentage de non du canton du Jura a été obtenu à Muriaux."
6754,67.7,67.7,32.3,"Le Noirmont (JU)","La population du Noirmont approuve à 67,7 pour cent la réforme du service civil. Le Noirmont a approuvé la réforme, tout comme son canton."
6757,53.3,53.3,46.7,"Saignelégier (JU)","A Saignelégier, les habitants disent oui à 53,3 pour cent à la réforme du service civil. Saignelégier a approuvé la réforme, tout comme son canton."
6758,53,53,47,"Saint-Brais (JU)","Les habitants de Saint-Brais soutiennent à 53 pour cent la réforme du service civil. Saint-Brais a approuvé la réforme, tout comme son canton."
6759,68.8,68.8,31.2,"Soubey (JU)","La population de Soubey approuve à 68,8 pour cent la réforme du service civil. Soubey a approuvé la réforme, tout comme son canton."
6771,15.1,15.1,84.9,"Alle (JU)","La réforme du service civil est refusée à 84,9 pour cent à Alle. Alle a rejeté la réforme, contrairement à son canton."
6774,44.6,44.6,55.4,"Boncourt (JU)","Les habitants de Boncourt s'opposent à la réforme du service civil par 55,4 pour cent des voix. Boncourt a rejeté la réforme, contrairement à son canton."
6778,22.1,22.1,77.9,"Bure (JU)","La réforme du service civil n'a pas trouvé grâce aux yeux des citoyens de Bure. Ils ont refusé le texte à 77,9 pour cent. Bure a rejeté la réforme, contrairement à son canton."
6781,75.2,75.2,24.8,"Coeuve (JU)","Coeuve dit oui à 75,2 pour cent à la réforme du service civil. Coeuve a approuvé la réforme, tout comme son canton."
6782,83,83,17,"Cornol (JU)","La population de Cornol approuve à 83 pour cent la réforme du service civil. Cornol a approuvé la réforme, tout comme son canton."
6783,14.5,14.5,85.5,"Courchavon (JU)","Les habitants de Courchavon s'opposent à la réforme du service civil par 85,5 pour cent des voix. Courchavon a rejeté la réforme, contrairement à son canton."
6784,59.7,59.7,40.3,"Courgenay (JU)","La population de Courgenay approuve à 59,7 pour cent la réforme du service civil. Courgenay a approuvé la réforme, tout comme son canton."
6785,23.4,23.4,76.6,"Courtedoux (JU)","La population de Courtedoux rejette à 76,6 pour cent des voix la réforme du service civil. Courtedoux a rejeté la réforme, contrairement à son canton."
6789,66.2,66.2,33.8,"Fahy (JU)","Les habitants de Fahy acceptent à 66,2 pour cent la réforme du service civil. Fahy a approuvé la réforme, tout comme son canton."
6790,44.3,44.3,55.7,"Fontenais (JU)","La réforme du service civil est refusée à 55,7 pour cent à Fontenais. Fontenais a rejeté la réforme, contrairement à son canton."
6792,93.8,93.8,6.2,"Grandfontaine (JU)","Les habitants de Grandfontaine acceptent à 93,8 pour cent la réforme du service civil. Grandfontaine a approuvé la réforme, tout comme son canton."
6800,67.7,67.7,32.3,"Porrentruy (JU)","La réforme du service civil est approuvée à Porrentruy par 67,7 pour cent des votants. Porrentruy a approuvé la réforme, tout comme son canton."
6806,33,33,67,"Vendlincourt (JU)","La réforme du service civil n'a pas convaincu à Vendlincourt. Les citoyens de la commune ont refusé le texte à 67 pour cent. Vendlincourt a rejeté la réforme, contrairement à son canton."
6807,19.2,19.2,80.8,"Basse-Allaine (JU)","La réforme du service civil est refusée à 80,8 pour cent à Basse-Allaine. Basse-Allaine a rejeté la réforme, contrairement à son canton."
6808,34.9,34.9,65.1,"Clos du Doubs (JU)","La réforme du service civil n'a pas trouvé grâce aux yeux des citoyens de Clos du Doubs. Ils ont refusé le texte à 65,1 pour cent. Clos du Doubs a rejeté la réforme, contrairement à son canton."
6809,29.3,29.3,70.7,"Haute-Ajoie (JU)","La réforme du service civil n'a pas convaincu à Haute-Ajoie. Les citoyens de la commune ont refusé le texte à 70,7 pour cent. Haute-Ajoie a rejeté la réforme, contrairement à son canton."
6810,82.1,82.1,17.9,"La Baroche (JU)","La population de La Baroche approuve à 82,1 pour cent la réforme du service civil. La Baroche a approuvé la réforme, tout comme son canton."
6811,51,51,49,"Damphreux-Lugnez (JU)","La population de Damphreux-Lugnez approuve à 51 pour cent la réforme du service civil. Damphreux-Lugnez a approuvé la réforme, tout comme son canton."
6812,51.5,51.5,48.5,"Basse-Vendline (JU)","La réforme du service civil passe la rampe avec 51,5 pour cent de oui à Basse-Vendline. Basse-Vendline a approuvé la réforme, tout comme son canton."
6831,65,65,35,"Moutier (JU)","Moutier dit oui à 65 pour cent à la réforme du service civil. Moutier a approuvé la réforme, tout comme son canton."
