"ID","Gemeinde_color","Ja_Stimmen_In_Prozent","Nein_Stimmen_In_Prozent","Gemeinde_de","Text_de"
1,47.1,47.1,52.9,"Aeugst am Albis ZH","Nein zum Zivildienstgesetz in Aeugst am Albis: 52,9 Prozent. Aeugst am Albis lehnt das Zivildienstgesetz ab, der Kanton Zürich nimmt sie an."
2,87.8,87.8,12.2,"Affoltern am Albis ZH","In Affoltern am Albis ist das Zivildienstgesetz mit 87,8 Prozent der Stimmen angenommen worden. Übereinstimmend mit dem Kanton Zürich stimmt Affoltern am Albis dem Zivildienstgesetz zu."
3,60.2,60.2,39.8,"Bonstetten ZH","In Bonstetten ist das Zivildienstgesetz mit 60,2 Prozent der Stimmen angenommen worden. Übereinstimmend mit dem Kanton Zürich stimmt Bonstetten dem Zivildienstgesetz zu."
4,6.6,6.6,93.4,"Hausen am Albis ZH","Nein zum Zivildienstgesetz in Hausen am Albis: 93,4 Prozent. Hausen am Albis lehnt das Zivildienstgesetz ab, der Kanton Zürich nimmt sie an."
5,58,58,42,"Hedingen ZH","Die Vorlage das Zivildienstgesetz ist in Hedingen mit 58 Prozent der Stimmen angenommen worden. Übereinstimmend mit dem Kanton Zürich stimmt Hedingen dem Zivildienstgesetz zu."
6,54,54,46,"Kappel am Albis ZH","In Kappel am Albis ist das Zivildienstgesetz mit 54 Prozent der Stimmen angenommen worden. Übereinstimmend mit dem Kanton Zürich stimmt Kappel am Albis dem Zivildienstgesetz zu."
7,26,26,74,"Knonau ZH","Knonau hat das Zivildienstgesetz mit 74 Prozent Nein-Stimmen verworfen. Knonau lehnt das Zivildienstgesetz ab, der Kanton Zürich nimmt sie an."
8,59.8,59.8,40.2,"Maschwanden ZH","In Maschwanden wird das Zivildienstgesetz mit 59,8 Prozent angenommen. Übereinstimmend mit dem Kanton Zürich stimmt Maschwanden dem Zivildienstgesetz zu."
9,35.7,35.7,64.3,"Mettmenstetten ZH","Nein zum Zivildienstgesetz in Mettmenstetten: 64,3 Prozent. Mettmenstetten lehnt das Zivildienstgesetz ab, der Kanton Zürich nimmt sie an."
10,51.8,51.8,48.2,"Obfelden ZH","In Obfelden wird das Zivildienstgesetz mit 51,8 Prozent angenommen. Übereinstimmend mit dem Kanton Zürich stimmt Obfelden dem Zivildienstgesetz zu."
11,60.2,60.2,39.8,"Ottenbach ZH","Die Vorlage das Zivildienstgesetz ist in Ottenbach mit 60,2 Prozent der Stimmen angenommen worden. Übereinstimmend mit dem Kanton Zürich stimmt Ottenbach dem Zivildienstgesetz zu."
12,47.3,47.3,52.7,"Rifferswil ZH","Rifferswil hat das Zivildienstgesetz mit 52,7 Prozent Nein-Stimmen verworfen. Rifferswil lehnt das Zivildienstgesetz ab, der Kanton Zürich nimmt sie an."
13,32.1,32.1,67.9,"Stallikon ZH","Nein zum Zivildienstgesetz in Stallikon: 67,9 Prozent. Stallikon lehnt das Zivildienstgesetz ab, der Kanton Zürich nimmt sie an."
14,80.5,80.5,19.5,"Wettswil am Albis ZH","In Wettswil am Albis wird das Zivildienstgesetz mit 80,5 Prozent angenommen. Übereinstimmend mit dem Kanton Zürich stimmt Wettswil am Albis dem Zivildienstgesetz zu."
22,59.7,59.7,40.3,"Benken ZH","Das Zivildienstgesetz erreicht in Benken ZH 59,7 Prozent Ja-Stimmen. Übereinstimmend mit dem Kanton Zürich stimmt Benken ZH dem Zivildienstgesetz zu."
23,7.9,7.9,92.1,"Berg am Irchel ZH","In Berg am Irchel wird das Zivildienstgesetz mit 92,1 Prozent abgelehnt. Berg am Irchel lehnt das Zivildienstgesetz ab, der Kanton Zürich nimmt sie an."
24,32.2,32.2,67.8,"Buch am Irchel ZH","67,8 Prozent der Stimmbürgerinnen und Stimmbürger von Buch am Irchel haben das Zivildienstgesetz abgelehnt. Buch am Irchel lehnt das Zivildienstgesetz ab, der Kanton Zürich nimmt sie an."
25,83.9,83.9,16.1,"Dachsen ZH","Das Zivildienstgesetz erreicht in Dachsen 83,9 Prozent Ja-Stimmen. Übereinstimmend mit dem Kanton Zürich stimmt Dachsen dem Zivildienstgesetz zu."
26,21.7,21.7,78.3,"Dorf ZH","Dorf hat das Zivildienstgesetz mit 78,3 Prozent Nein-Stimmen verworfen. Dorf lehnt das Zivildienstgesetz ab, der Kanton Zürich nimmt sie an."
27,37.5,37.5,62.5,"Feuerthalen ZH","In Feuerthalen wird das Zivildienstgesetz mit 62,5 Prozent abgelehnt. Feuerthalen lehnt das Zivildienstgesetz ab, der Kanton Zürich nimmt sie an."
28,64,64,36,"Flaach ZH","In Flaach wird das Zivildienstgesetz mit 64 Prozent angenommen. Übereinstimmend mit dem Kanton Zürich stimmt Flaach dem Zivildienstgesetz zu."
29,48,48,52,"Flurlingen ZH","In Flurlingen wird das Zivildienstgesetz mit 52 Prozent abgelehnt. Flurlingen lehnt das Zivildienstgesetz ab, der Kanton Zürich nimmt sie an."
31,55.1,55.1,44.9,"Henggart ZH","In Henggart ist das Zivildienstgesetz mit 55,1 Prozent der Stimmen angenommen worden. Übereinstimmend mit dem Kanton Zürich stimmt Henggart dem Zivildienstgesetz zu."
33,79.1,79.1,20.9,"Kleinandelfingen ZH","Die Vorlage das Zivildienstgesetz ist in Kleinandelfingen mit 79,1 Prozent der Stimmen angenommen worden. Übereinstimmend mit dem Kanton Zürich stimmt Kleinandelfingen dem Zivildienstgesetz zu."
34,61.2,61.2,38.8,"Laufen-Uhwiesen ZH","In Laufen-Uhwiesen ist das Zivildienstgesetz mit 61,2 Prozent der Stimmen angenommen worden. Übereinstimmend mit dem Kanton Zürich stimmt Laufen-Uhwiesen dem Zivildienstgesetz zu."
35,51.1,51.1,48.9,"Marthalen ZH","Die Vorlage das Zivildienstgesetz ist in Marthalen mit 51,1 Prozent der Stimmen angenommen worden. Übereinstimmend mit dem Kanton Zürich stimmt Marthalen dem Zivildienstgesetz zu."
37,84.2,84.2,15.8,"Ossingen ZH","Das Zivildienstgesetz erreicht in Ossingen 84,2 Prozent Ja-Stimmen. Übereinstimmend mit dem Kanton Zürich stimmt Ossingen dem Zivildienstgesetz zu."
38,90.8,90.8,9.2,"Rheinau ZH","In Rheinau wird das Zivildienstgesetz mit 90,8 Prozent angenommen. Übereinstimmend mit dem Kanton Zürich stimmt Rheinau dem Zivildienstgesetz zu."
39,68.1,68.1,31.9,"Thalheim an der Thur ZH","In Thalheim an der Thur wird das Zivildienstgesetz mit 68,1 Prozent angenommen. Übereinstimmend mit dem Kanton Zürich stimmt Thalheim an der Thur dem Zivildienstgesetz zu."
40,37.5,37.5,62.5,"Trüllikon ZH","62,5 Prozent der Stimmbürgerinnen und Stimmbürger von Trüllikon haben das Zivildienstgesetz abgelehnt. Trüllikon lehnt das Zivildienstgesetz ab, der Kanton Zürich nimmt sie an."
41,61.4,61.4,38.6,"Truttikon ZH","In Truttikon wird das Zivildienstgesetz mit 61,4 Prozent angenommen. Übereinstimmend mit dem Kanton Zürich stimmt Truttikon dem Zivildienstgesetz zu."
43,13.8,13.8,86.2,"Volken ZH","Volken hat das Zivildienstgesetz mit 86,2 Prozent Nein-Stimmen verworfen. Volken lehnt das Zivildienstgesetz ab, der Kanton Zürich nimmt sie an."
51,46.7,46.7,53.3,"Bachenbülach ZH","53,3 Prozent der Stimmbürgerinnen und Stimmbürger von Bachenbülach haben das Zivildienstgesetz abgelehnt. Bachenbülach lehnt das Zivildienstgesetz ab, der Kanton Zürich nimmt sie an."
52,63.2,63.2,36.8,"Bassersdorf ZH","In Bassersdorf wird das Zivildienstgesetz mit 63,2 Prozent angenommen. Übereinstimmend mit dem Kanton Zürich stimmt Bassersdorf dem Zivildienstgesetz zu."
53,4.4,4.4,95.6,"Bülach ZH","In Bülach hat das Zivildienstgesetz keine Mehrheit gefunden: 95,6 Prozent lehnen die Vorlage ab. Bülach lehnt das Zivildienstgesetz ab, der Kanton Zürich nimmt sie an."
54,63.9,63.9,36.1,"Dietlikon ZH","Das Zivildienstgesetz erreicht in Dietlikon 63,9 Prozent Ja-Stimmen. Übereinstimmend mit dem Kanton Zürich stimmt Dietlikon dem Zivildienstgesetz zu."
55,19.7,19.7,80.3,"Eglisau ZH","In Eglisau hat das Zivildienstgesetz keine Mehrheit gefunden: 80,3 Prozent lehnen die Vorlage ab. Eglisau lehnt das Zivildienstgesetz ab, der Kanton Zürich nimmt sie an."
56,82.3,82.3,17.7,"Embrach ZH","In Embrach wird das Zivildienstgesetz mit 82,3 Prozent angenommen. Übereinstimmend mit dem Kanton Zürich stimmt Embrach dem Zivildienstgesetz zu."
57,4.1,4.1,95.9,"Freienstein-Teufen ZH","Freienstein-Teufen hat das Zivildienstgesetz mit 95,9 Prozent Nein-Stimmen verworfen. Freienstein-Teufen lehnt das Zivildienstgesetz ab, der Kanton Zürich nimmt sie an."
58,43.1,43.1,56.9,"Glattfelden ZH","Nein zum Zivildienstgesetz in Glattfelden: 56,9 Prozent. Glattfelden lehnt das Zivildienstgesetz ab, der Kanton Zürich nimmt sie an."
59,29.9,29.9,70.1,"Hochfelden ZH","Nein zum Zivildienstgesetz in Hochfelden: 70,1 Prozent. Hochfelden lehnt das Zivildienstgesetz ab, der Kanton Zürich nimmt sie an."
60,37,37,63,"Höri ZH","Nein zum Zivildienstgesetz in Höri: 63 Prozent. Höri lehnt das Zivildienstgesetz ab, der Kanton Zürich nimmt sie an."
61,18.2,18.2,81.8,"Hüntwangen ZH","Hüntwangen hat das Zivildienstgesetz mit 81,8 Prozent Nein-Stimmen verworfen. Hüntwangen lehnt das Zivildienstgesetz ab, der Kanton Zürich nimmt sie an."
62,77.9,77.9,22.1,"Kloten ZH","In Kloten wird das Zivildienstgesetz mit 77,9 Prozent angenommen. Übereinstimmend mit dem Kanton Zürich stimmt Kloten dem Zivildienstgesetz zu."
63,51.5,51.5,48.5,"Lufingen ZH","In Lufingen wird das Zivildienstgesetz mit 51,5 Prozent angenommen. Übereinstimmend mit dem Kanton Zürich stimmt Lufingen dem Zivildienstgesetz zu."
64,40.4,40.4,59.6,"Nürensdorf ZH","Nürensdorf hat das Zivildienstgesetz mit 59,6 Prozent Nein-Stimmen verworfen. Nürensdorf lehnt das Zivildienstgesetz ab, der Kanton Zürich nimmt sie an."
65,91.3,91.3,8.7,"Oberembrach ZH","Das Zivildienstgesetz erreicht in Oberembrach 91,3 Prozent Ja-Stimmen. Übereinstimmend mit dem Kanton Zürich stimmt Oberembrach dem Zivildienstgesetz zu."
66,46.8,46.8,53.2,"Opfikon ZH","In Opfikon wird das Zivildienstgesetz mit 53,2 Prozent abgelehnt. Opfikon lehnt das Zivildienstgesetz ab, der Kanton Zürich nimmt sie an."
67,48.1,48.1,51.9,"Rafz ZH","51,9 Prozent der Stimmbürgerinnen und Stimmbürger von Rafz haben das Zivildienstgesetz abgelehnt. Rafz lehnt das Zivildienstgesetz ab, der Kanton Zürich nimmt sie an."
68,29.2,29.2,70.8,"Rorbas ZH","Rorbas hat das Zivildienstgesetz mit 70,8 Prozent Nein-Stimmen verworfen. Rorbas lehnt das Zivildienstgesetz ab, der Kanton Zürich nimmt sie an."
69,2,2,98,"Wallisellen ZH","Nein zum Zivildienstgesetz in Wallisellen: 98 Prozent. Wallisellen lehnt das Zivildienstgesetz ab, der Kanton Zürich nimmt sie an."
70,64.8,64.8,35.2,"Wasterkingen ZH","In Wasterkingen wird das Zivildienstgesetz mit 64,8 Prozent angenommen. Übereinstimmend mit dem Kanton Zürich stimmt Wasterkingen dem Zivildienstgesetz zu."
71,2.2,2.2,97.8,"Wil ZH","Nein zum Zivildienstgesetz in Wil ZH: 97,8 Prozent. Wil ZH lehnt das Zivildienstgesetz ab, der Kanton Zürich nimmt sie an."
72,67.1,67.1,32.9,"Winkel ZH","In Winkel ist das Zivildienstgesetz mit 67,1 Prozent der Stimmen angenommen worden. Übereinstimmend mit dem Kanton Zürich stimmt Winkel dem Zivildienstgesetz zu."
81,63.1,63.1,36.9,"Bachs ZH","In Bachs wird das Zivildienstgesetz mit 63,1 Prozent angenommen. Übereinstimmend mit dem Kanton Zürich stimmt Bachs dem Zivildienstgesetz zu."
82,82.4,82.4,17.6,"Boppelsen ZH","In Boppelsen wird das Zivildienstgesetz mit 82,4 Prozent angenommen. Übereinstimmend mit dem Kanton Zürich stimmt Boppelsen dem Zivildienstgesetz zu."
83,18.9,18.9,81.1,"Buchs ZH","Nein zum Zivildienstgesetz in Buchs ZH: 81,1 Prozent. Buchs ZH lehnt das Zivildienstgesetz ab, der Kanton Zürich nimmt sie an."
84,41.4,41.4,58.6,"Dällikon ZH","In Dällikon hat das Zivildienstgesetz keine Mehrheit gefunden: 58,6 Prozent lehnen die Vorlage ab. Dällikon lehnt das Zivildienstgesetz ab, der Kanton Zürich nimmt sie an."
85,38,38,62,"Dänikon ZH","Nein zum Zivildienstgesetz in Dänikon: 62 Prozent. Dänikon lehnt das Zivildienstgesetz ab, der Kanton Zürich nimmt sie an."
86,56.3,56.3,43.7,"Dielsdorf ZH","In Dielsdorf wird das Zivildienstgesetz mit 56,3 Prozent angenommen. Übereinstimmend mit dem Kanton Zürich stimmt Dielsdorf dem Zivildienstgesetz zu."
87,19.3,19.3,80.7,"Hüttikon ZH","In Hüttikon hat das Zivildienstgesetz keine Mehrheit gefunden: 80,7 Prozent lehnen die Vorlage ab. Hüttikon lehnt das Zivildienstgesetz ab, der Kanton Zürich nimmt sie an."
88,33.6,33.6,66.4,"Neerach ZH","66,4 Prozent der Stimmbürgerinnen und Stimmbürger von Neerach haben das Zivildienstgesetz abgelehnt. Neerach lehnt das Zivildienstgesetz ab, der Kanton Zürich nimmt sie an."
89,40.8,40.8,59.2,"Niederglatt ZH","In Niederglatt wird das Zivildienstgesetz mit 59,2 Prozent abgelehnt. Niederglatt lehnt das Zivildienstgesetz ab, der Kanton Zürich nimmt sie an."
90,55.3,55.3,44.7,"Niederhasli ZH","In Niederhasli wird das Zivildienstgesetz mit 55,3 Prozent angenommen. Übereinstimmend mit dem Kanton Zürich stimmt Niederhasli dem Zivildienstgesetz zu."
91,39.8,39.8,60.2,"Niederweningen ZH","In Niederweningen wird das Zivildienstgesetz mit 60,2 Prozent abgelehnt. Niederweningen lehnt das Zivildienstgesetz ab, der Kanton Zürich nimmt sie an."
92,13.2,13.2,86.8,"Oberglatt ZH","Oberglatt hat das Zivildienstgesetz mit 86,8 Prozent Nein-Stimmen verworfen. Oberglatt lehnt das Zivildienstgesetz ab, der Kanton Zürich nimmt sie an."
93,55.5,55.5,44.5,"Oberweningen ZH","In Oberweningen wird das Zivildienstgesetz mit 55,5 Prozent angenommen. Übereinstimmend mit dem Kanton Zürich stimmt Oberweningen dem Zivildienstgesetz zu."
94,87.4,87.4,12.6,"Otelfingen ZH","Die Vorlage das Zivildienstgesetz ist in Otelfingen mit 87,4 Prozent der Stimmen angenommen worden. Übereinstimmend mit dem Kanton Zürich stimmt Otelfingen dem Zivildienstgesetz zu."
95,44.2,44.2,55.8,"Regensberg ZH","55,8 Prozent der Stimmbürgerinnen und Stimmbürger von Regensberg haben das Zivildienstgesetz abgelehnt. Regensberg lehnt das Zivildienstgesetz ab, der Kanton Zürich nimmt sie an."
96,48.8,48.8,51.2,"Regensdorf ZH","51,2 Prozent der Stimmbürgerinnen und Stimmbürger von Regensdorf haben das Zivildienstgesetz abgelehnt. Regensdorf lehnt das Zivildienstgesetz ab, der Kanton Zürich nimmt sie an."
97,3.1,3.1,96.9,"Rümlang ZH","Nein zum Zivildienstgesetz in Rümlang: 96,9 Prozent. Rümlang lehnt das Zivildienstgesetz ab, der Kanton Zürich nimmt sie an."
98,66.4,66.4,33.6,"Schleinikon ZH","Das Zivildienstgesetz erreicht in Schleinikon 66,4 Prozent Ja-Stimmen. Übereinstimmend mit dem Kanton Zürich stimmt Schleinikon dem Zivildienstgesetz zu."
99,66.6,66.6,33.4,"Schöfflisdorf ZH","In Schöfflisdorf wird das Zivildienstgesetz mit 66,6 Prozent angenommen. Übereinstimmend mit dem Kanton Zürich stimmt Schöfflisdorf dem Zivildienstgesetz zu."
100,55.4,55.4,44.6,"Stadel ZH","Die Vorlage das Zivildienstgesetz ist in Stadel mit 55,4 Prozent der Stimmen angenommen worden. Übereinstimmend mit dem Kanton Zürich stimmt Stadel dem Zivildienstgesetz zu."
101,41.2,41.2,58.8,"Steinmaur ZH","Nein zum Zivildienstgesetz in Steinmaur: 58,8 Prozent. Steinmaur lehnt das Zivildienstgesetz ab, der Kanton Zürich nimmt sie an."
102,51.5,51.5,48.5,"Weiach ZH","Das Zivildienstgesetz erreicht in Weiach 51,5 Prozent Ja-Stimmen. Übereinstimmend mit dem Kanton Zürich stimmt Weiach dem Zivildienstgesetz zu."
111,27.2,27.2,72.8,"Bäretswil ZH","In Bäretswil hat das Zivildienstgesetz keine Mehrheit gefunden: 72,8 Prozent lehnen die Vorlage ab. Bäretswil lehnt das Zivildienstgesetz ab, der Kanton Zürich nimmt sie an."
112,4,4,96,"Bubikon ZH","In Bubikon hat das Zivildienstgesetz keine Mehrheit gefunden: 96 Prozent lehnen die Vorlage ab. Bubikon lehnt das Zivildienstgesetz ab, der Kanton Zürich nimmt sie an."
113,82.7,82.7,17.3,"Dürnten ZH","In Dürnten ist das Zivildienstgesetz mit 82,7 Prozent der Stimmen angenommen worden. Übereinstimmend mit dem Kanton Zürich stimmt Dürnten dem Zivildienstgesetz zu."
114,90,90,10,"Fischenthal ZH","Die Vorlage das Zivildienstgesetz ist in Fischenthal mit 90 Prozent der Stimmen angenommen worden. Übereinstimmend mit dem Kanton Zürich stimmt Fischenthal dem Zivildienstgesetz zu."
115,17.9,17.9,82.1,"Gossau ZH","82,1 Prozent der Stimmbürgerinnen und Stimmbürger von Gossau ZH haben das Zivildienstgesetz abgelehnt. Gossau ZH lehnt das Zivildienstgesetz ab, der Kanton Zürich nimmt sie an."
116,49.8,49.8,50.2,"Grüningen ZH","50,2 Prozent der Stimmbürgerinnen und Stimmbürger von Grüningen haben das Zivildienstgesetz abgelehnt. Grüningen lehnt das Zivildienstgesetz ab, der Kanton Zürich nimmt sie an."
117,41.7,41.7,58.3,"Hinwil ZH","Nein zum Zivildienstgesetz in Hinwil: 58,3 Prozent. Hinwil lehnt das Zivildienstgesetz ab, der Kanton Zürich nimmt sie an."
118,72.1,72.1,27.9,"Rüti ZH","In Rüti ZH wird das Zivildienstgesetz mit 72,1 Prozent angenommen. Übereinstimmend mit dem Kanton Zürich stimmt Rüti ZH dem Zivildienstgesetz zu."
119,65.9,65.9,34.1,"Seegräben ZH","Das Zivildienstgesetz erreicht in Seegräben 65,9 Prozent Ja-Stimmen. Übereinstimmend mit dem Kanton Zürich stimmt Seegräben dem Zivildienstgesetz zu."
120,46.9,46.9,53.1,"Wald ZH","In Wald ZH wird das Zivildienstgesetz mit 53,1 Prozent abgelehnt. Wald ZH lehnt das Zivildienstgesetz ab, der Kanton Zürich nimmt sie an."
121,59.6,59.6,40.4,"Wetzikon ZH","In Wetzikon ZH wird das Zivildienstgesetz mit 59,6 Prozent angenommen. Übereinstimmend mit dem Kanton Zürich stimmt Wetzikon ZH dem Zivildienstgesetz zu."
131,50.7,50.7,49.3,"Adliswil ZH","Die Vorlage das Zivildienstgesetz ist in Adliswil mit 50,7 Prozent der Stimmen angenommen worden. Übereinstimmend mit dem Kanton Zürich stimmt Adliswil dem Zivildienstgesetz zu."
135,21.1,21.1,78.9,"Kilchberg ZH","Nein zum Zivildienstgesetz in Kilchberg ZH: 78,9 Prozent. Kilchberg ZH lehnt das Zivildienstgesetz ab, der Kanton Zürich nimmt sie an."
136,94.3,94.3,5.7,"Langnau am Albis ZH","In Langnau am Albis wird das Zivildienstgesetz mit 94,3 Prozent angenommen. Übereinstimmend mit dem Kanton Zürich stimmt Langnau am Albis dem Zivildienstgesetz zu."
137,76.2,76.2,23.8,"Oberrieden ZH","In Oberrieden wird das Zivildienstgesetz mit 76,2 Prozent angenommen. Übereinstimmend mit dem Kanton Zürich stimmt Oberrieden dem Zivildienstgesetz zu."
138,32.1,32.1,67.9,"Richterswil ZH","Richterswil hat das Zivildienstgesetz mit 67,9 Prozent Nein-Stimmen verworfen. Richterswil lehnt das Zivildienstgesetz ab, der Kanton Zürich nimmt sie an."
139,36.2,36.2,63.8,"Rüschlikon ZH","In Rüschlikon hat das Zivildienstgesetz keine Mehrheit gefunden: 63,8 Prozent lehnen die Vorlage ab. Rüschlikon lehnt das Zivildienstgesetz ab, der Kanton Zürich nimmt sie an."
141,29,29,71,"Thalwil ZH","In Thalwil hat das Zivildienstgesetz keine Mehrheit gefunden: 71 Prozent lehnen die Vorlage ab. Thalwil lehnt das Zivildienstgesetz ab, der Kanton Zürich nimmt sie an."
151,9.2,9.2,90.8,"Erlenbach ZH","In Erlenbach ZH hat das Zivildienstgesetz keine Mehrheit gefunden: 90,8 Prozent lehnen die Vorlage ab. Erlenbach ZH lehnt das Zivildienstgesetz ab, der Kanton Zürich nimmt sie an."
152,99.4,99.4,0.6,"Herrliberg ZH","In Herrliberg wird das Zivildienstgesetz mit 99,4 Prozent angenommen. Höchster Ja-Anteil zum Zivildienstgesetz im Kanton Zürich: Herrliberg."
153,16.9,16.9,83.1,"Hombrechtikon ZH","Nein zum Zivildienstgesetz in Hombrechtikon: 83,1 Prozent. Hombrechtikon lehnt das Zivildienstgesetz ab, der Kanton Zürich nimmt sie an."
154,1.8,1.8,98.2,"Küsnacht ZH","Küsnacht ZH hat das Zivildienstgesetz mit 98,2 Prozent Nein-Stimmen verworfen. Küsnacht ZH lehnt das Zivildienstgesetz ab, der Kanton Zürich nimmt sie an."
155,41.9,41.9,58.1,"Männedorf ZH","In Männedorf hat das Zivildienstgesetz keine Mehrheit gefunden: 58,1 Prozent lehnen die Vorlage ab. Männedorf lehnt das Zivildienstgesetz ab, der Kanton Zürich nimmt sie an."
156,56,56,44,"Meilen ZH","Das Zivildienstgesetz erreicht in Meilen 56 Prozent Ja-Stimmen. Übereinstimmend mit dem Kanton Zürich stimmt Meilen dem Zivildienstgesetz zu."
157,41.3,41.3,58.7,"Oetwil am See ZH","In Oetwil am See wird das Zivildienstgesetz mit 58,7 Prozent abgelehnt. Oetwil am See lehnt das Zivildienstgesetz ab, der Kanton Zürich nimmt sie an."
158,77,77,23,"Stäfa ZH","In Stäfa ist das Zivildienstgesetz mit 77 Prozent der Stimmen angenommen worden. Übereinstimmend mit dem Kanton Zürich stimmt Stäfa dem Zivildienstgesetz zu."
159,33.9,33.9,66.1,"Uetikon am See ZH","66,1 Prozent der Stimmbürgerinnen und Stimmbürger von Uetikon am See haben das Zivildienstgesetz abgelehnt. Uetikon am See lehnt das Zivildienstgesetz ab, der Kanton Zürich nimmt sie an."
160,39.5,39.5,60.5,"Zumikon ZH","In Zumikon hat das Zivildienstgesetz keine Mehrheit gefunden: 60,5 Prozent lehnen die Vorlage ab. Zumikon lehnt das Zivildienstgesetz ab, der Kanton Zürich nimmt sie an."
161,95.6,95.6,4.4,"Zollikon ZH","In Zollikon ist das Zivildienstgesetz mit 95,6 Prozent der Stimmen angenommen worden. Übereinstimmend mit dem Kanton Zürich stimmt Zollikon dem Zivildienstgesetz zu."
172,94.7,94.7,5.3,"Fehraltorf ZH","In Fehraltorf ist das Zivildienstgesetz mit 94,7 Prozent der Stimmen angenommen worden. Übereinstimmend mit dem Kanton Zürich stimmt Fehraltorf dem Zivildienstgesetz zu."
173,94,94,6,"Hittnau ZH","In Hittnau wird das Zivildienstgesetz mit 94 Prozent angenommen. Übereinstimmend mit dem Kanton Zürich stimmt Hittnau dem Zivildienstgesetz zu."
176,76.3,76.3,23.7,"Lindau ZH","Die Vorlage das Zivildienstgesetz ist in Lindau mit 76,3 Prozent der Stimmen angenommen worden. Übereinstimmend mit dem Kanton Zürich stimmt Lindau dem Zivildienstgesetz zu."
177,53.5,53.5,46.5,"Pfäffikon ZH","In Pfäffikon ist das Zivildienstgesetz mit 53,5 Prozent der Stimmen angenommen worden. Übereinstimmend mit dem Kanton Zürich stimmt Pfäffikon dem Zivildienstgesetz zu."
178,27,27,73,"Russikon ZH","Russikon hat das Zivildienstgesetz mit 73 Prozent Nein-Stimmen verworfen. Russikon lehnt das Zivildienstgesetz ab, der Kanton Zürich nimmt sie an."
180,30,30,70,"Weisslingen ZH","In Weisslingen wird das Zivildienstgesetz mit 70 Prozent abgelehnt. Weisslingen lehnt das Zivildienstgesetz ab, der Kanton Zürich nimmt sie an."
181,65.3,65.3,34.7,"Wila ZH","In Wila ist das Zivildienstgesetz mit 65,3 Prozent der Stimmen angenommen worden. Übereinstimmend mit dem Kanton Zürich stimmt Wila dem Zivildienstgesetz zu."
182,50.6,50.6,49.4,"Wildberg ZH","Die Vorlage das Zivildienstgesetz ist in Wildberg mit 50,6 Prozent der Stimmen angenommen worden. Übereinstimmend mit dem Kanton Zürich stimmt Wildberg dem Zivildienstgesetz zu."
191,47.5,47.5,52.5,"Dübendorf ZH","Dübendorf hat das Zivildienstgesetz mit 52,5 Prozent Nein-Stimmen verworfen. Dübendorf lehnt das Zivildienstgesetz ab, der Kanton Zürich nimmt sie an."
192,49.7,49.7,50.3,"Egg ZH","Nein zum Zivildienstgesetz in Egg: 50,3 Prozent. Egg lehnt das Zivildienstgesetz ab, der Kanton Zürich nimmt sie an."
193,92.3,92.3,7.7,"Fällanden ZH","In Fällanden wird das Zivildienstgesetz mit 92,3 Prozent angenommen. Übereinstimmend mit dem Kanton Zürich stimmt Fällanden dem Zivildienstgesetz zu."
194,44.1,44.1,55.9,"Greifensee ZH","Nein zum Zivildienstgesetz in Greifensee: 55,9 Prozent. Greifensee lehnt das Zivildienstgesetz ab, der Kanton Zürich nimmt sie an."
195,58.2,58.2,41.8,"Maur ZH","Die Vorlage das Zivildienstgesetz ist in Maur mit 58,2 Prozent der Stimmen angenommen worden. Übereinstimmend mit dem Kanton Zürich stimmt Maur dem Zivildienstgesetz zu."
196,57.3,57.3,42.7,"Mönchaltorf ZH","Die Vorlage das Zivildienstgesetz ist in Mönchaltorf mit 57,3 Prozent der Stimmen angenommen worden. Übereinstimmend mit dem Kanton Zürich stimmt Mönchaltorf dem Zivildienstgesetz zu."
197,37,37,63,"Schwerzenbach ZH","Nein zum Zivildienstgesetz in Schwerzenbach: 63 Prozent. Schwerzenbach lehnt das Zivildienstgesetz ab, der Kanton Zürich nimmt sie an."
198,34.7,34.7,65.3,"Uster ZH","Uster hat das Zivildienstgesetz mit 65,3 Prozent Nein-Stimmen verworfen. Uster lehnt das Zivildienstgesetz ab, der Kanton Zürich nimmt sie an."
199,82.1,82.1,17.9,"Volketswil ZH","In Volketswil wird das Zivildienstgesetz mit 82,1 Prozent angenommen. Übereinstimmend mit dem Kanton Zürich stimmt Volketswil dem Zivildienstgesetz zu."
200,98.6,98.6,1.4,"Wangen-Brüttisellen ZH","Das Zivildienstgesetz erreicht in Wangen-Brüttisellen 98,6 Prozent Ja-Stimmen. Übereinstimmend mit dem Kanton Zürich stimmt Wangen-Brüttisellen dem Zivildienstgesetz zu."
211,54.7,54.7,45.3,"Altikon ZH","In Altikon wird das Zivildienstgesetz mit 54,7 Prozent angenommen. Übereinstimmend mit dem Kanton Zürich stimmt Altikon dem Zivildienstgesetz zu."
213,44.6,44.6,55.4,"Brütten ZH","Brütten hat das Zivildienstgesetz mit 55,4 Prozent Nein-Stimmen verworfen. Brütten lehnt das Zivildienstgesetz ab, der Kanton Zürich nimmt sie an."
214,55.3,55.3,44.7,"Dägerlen ZH","In Dägerlen wird das Zivildienstgesetz mit 55,3 Prozent angenommen. Übereinstimmend mit dem Kanton Zürich stimmt Dägerlen dem Zivildienstgesetz zu."
215,69.2,69.2,30.8,"Dättlikon ZH","Das Zivildienstgesetz erreicht in Dättlikon 69,2 Prozent Ja-Stimmen. Übereinstimmend mit dem Kanton Zürich stimmt Dättlikon dem Zivildienstgesetz zu."
216,54.5,54.5,45.5,"Dinhard ZH","In Dinhard wird das Zivildienstgesetz mit 54,5 Prozent angenommen. Übereinstimmend mit dem Kanton Zürich stimmt Dinhard dem Zivildienstgesetz zu."
218,37.5,37.5,62.5,"Ellikon an der Thur ZH","Nein zum Zivildienstgesetz in Ellikon an der Thur: 62,5 Prozent. Ellikon an der Thur lehnt das Zivildienstgesetz ab, der Kanton Zürich nimmt sie an."
219,67.5,67.5,32.5,"Elsau ZH","In Elsau wird das Zivildienstgesetz mit 67,5 Prozent angenommen. Übereinstimmend mit dem Kanton Zürich stimmt Elsau dem Zivildienstgesetz zu."
220,67.5,67.5,32.5,"Hagenbuch ZH","In Hagenbuch wird das Zivildienstgesetz mit 67,5 Prozent angenommen. Übereinstimmend mit dem Kanton Zürich stimmt Hagenbuch dem Zivildienstgesetz zu."
221,73.4,73.4,26.6,"Hettlingen ZH","Die Vorlage das Zivildienstgesetz ist in Hettlingen mit 73,4 Prozent der Stimmen angenommen worden. Übereinstimmend mit dem Kanton Zürich stimmt Hettlingen dem Zivildienstgesetz zu."
223,19,19,81,"Neftenbach ZH","Nein zum Zivildienstgesetz in Neftenbach: 81 Prozent. Neftenbach lehnt das Zivildienstgesetz ab, der Kanton Zürich nimmt sie an."
224,76,76,24,"Pfungen ZH","Die Vorlage das Zivildienstgesetz ist in Pfungen mit 76 Prozent der Stimmen angenommen worden. Übereinstimmend mit dem Kanton Zürich stimmt Pfungen dem Zivildienstgesetz zu."
225,44.8,44.8,55.2,"Rickenbach ZH","In Rickenbach ZH wird das Zivildienstgesetz mit 55,2 Prozent abgelehnt. Rickenbach ZH lehnt das Zivildienstgesetz ab, der Kanton Zürich nimmt sie an."
226,79.8,79.8,20.2,"Schlatt ZH","Das Zivildienstgesetz erreicht in Schlatt ZH 79,8 Prozent Ja-Stimmen. Übereinstimmend mit dem Kanton Zürich stimmt Schlatt ZH dem Zivildienstgesetz zu."
227,39.1,39.1,60.9,"Seuzach ZH","Nein zum Zivildienstgesetz in Seuzach: 60,9 Prozent. Seuzach lehnt das Zivildienstgesetz ab, der Kanton Zürich nimmt sie an."
228,53.3,53.3,46.7,"Turbenthal ZH","In Turbenthal wird das Zivildienstgesetz mit 53,3 Prozent angenommen. Übereinstimmend mit dem Kanton Zürich stimmt Turbenthal dem Zivildienstgesetz zu."
230,31.2,31.2,68.8,"Winterthur ZH","In Winterthur wird das Zivildienstgesetz mit 68,8 Prozent abgelehnt. Winterthur lehnt das Zivildienstgesetz ab, der Kanton Zürich nimmt sie an."
231,9.4,9.4,90.6,"Zell ZH","90,6 Prozent der Stimmbürgerinnen und Stimmbürger von Zell ZH haben das Zivildienstgesetz abgelehnt. Zell ZH lehnt das Zivildienstgesetz ab, der Kanton Zürich nimmt sie an."
241,40.9,40.9,59.1,"Aesch ZH","59,1 Prozent der Stimmbürgerinnen und Stimmbürger von Aesch ZH haben das Zivildienstgesetz abgelehnt. Aesch ZH lehnt das Zivildienstgesetz ab, der Kanton Zürich nimmt sie an."
242,65.3,65.3,34.7,"Birmensdorf ZH","In Birmensdorf ZH ist das Zivildienstgesetz mit 65,3 Prozent der Stimmen angenommen worden. Übereinstimmend mit dem Kanton Zürich stimmt Birmensdorf ZH dem Zivildienstgesetz zu."
243,0.6,0.6,99.4,"Dietikon ZH","Dietikon hat das Zivildienstgesetz mit 99,4 Prozent Nein-Stimmen verworfen. Dietikon verzeichnet im Kanton Zürich den höchsten Nein-Anteil zum Zivildienstgesetz."
244,21.9,21.9,78.1,"Geroldswil ZH","Geroldswil hat das Zivildienstgesetz mit 78,1 Prozent Nein-Stimmen verworfen. Geroldswil lehnt das Zivildienstgesetz ab, der Kanton Zürich nimmt sie an."
245,39.8,39.8,60.2,"Oberengstringen ZH","Oberengstringen hat das Zivildienstgesetz mit 60,2 Prozent Nein-Stimmen verworfen. Oberengstringen lehnt das Zivildienstgesetz ab, der Kanton Zürich nimmt sie an."
246,60,60,40,"Oetwil an der Limmat ZH","Das Zivildienstgesetz erreicht in Oetwil an der Limmat 60 Prozent Ja-Stimmen. Übereinstimmend mit dem Kanton Zürich stimmt Oetwil an der Limmat dem Zivildienstgesetz zu."
247,95.4,95.4,4.6,"Schlieren ZH","In Schlieren wird das Zivildienstgesetz mit 95,4 Prozent angenommen. Übereinstimmend mit dem Kanton Zürich stimmt Schlieren dem Zivildienstgesetz zu."
248,49.8,49.8,50.2,"Uitikon ZH","Uitikon hat das Zivildienstgesetz mit 50,2 Prozent Nein-Stimmen verworfen. Uitikon lehnt das Zivildienstgesetz ab, der Kanton Zürich nimmt sie an."
249,3.4,3.4,96.6,"Unterengstringen ZH","Nein zum Zivildienstgesetz in Unterengstringen: 96,6 Prozent. Unterengstringen lehnt das Zivildienstgesetz ab, der Kanton Zürich nimmt sie an."
250,50.1,50.1,49.9,"Urdorf ZH","Die Vorlage das Zivildienstgesetz ist in Urdorf mit 50,1 Prozent der Stimmen angenommen worden. Übereinstimmend mit dem Kanton Zürich stimmt Urdorf dem Zivildienstgesetz zu."
251,99.2,99.2,0.8,"Weiningen ZH","Das Zivildienstgesetz erreicht in Weiningen ZH 99,2 Prozent Ja-Stimmen. Übereinstimmend mit dem Kanton Zürich stimmt Weiningen ZH dem Zivildienstgesetz zu."
261,86.4,86.4,13.6,"Zürich ZH","In Zürich wird das Zivildienstgesetz mit 86,4 Prozent angenommen. Übereinstimmend mit dem Kanton Zürich stimmt Zürich dem Zivildienstgesetz zu."
291,52.1,52.1,47.9,"Andelfingen ZH","In Andelfingen wird das Zivildienstgesetz mit 52,1 Prozent angenommen. Übereinstimmend mit dem Kanton Zürich stimmt Andelfingen dem Zivildienstgesetz zu."
292,55.6,55.6,44.4,"Stammheim ZH","Die Vorlage das Zivildienstgesetz ist in Stammheim mit 55,6 Prozent der Stimmen angenommen worden. Übereinstimmend mit dem Kanton Zürich stimmt Stammheim dem Zivildienstgesetz zu."
293,73.7,73.7,26.3,"Wädenswil ZH","In Wädenswil ist das Zivildienstgesetz mit 73,7 Prozent der Stimmen angenommen worden. Übereinstimmend mit dem Kanton Zürich stimmt Wädenswil dem Zivildienstgesetz zu."
294,50.2,50.2,49.8,"Elgg ZH","Das Zivildienstgesetz erreicht in Elgg 50,2 Prozent Ja-Stimmen. Übereinstimmend mit dem Kanton Zürich stimmt Elgg dem Zivildienstgesetz zu."
295,55.7,55.7,44.3,"Horgen ZH","In Horgen wird das Zivildienstgesetz mit 55,7 Prozent angenommen. Übereinstimmend mit dem Kanton Zürich stimmt Horgen dem Zivildienstgesetz zu."
296,17.3,17.3,82.7,"Illnau-Effretikon ZH","In Illnau-Effretikon wird das Zivildienstgesetz mit 82,7 Prozent abgelehnt. Illnau-Effretikon lehnt das Zivildienstgesetz ab, der Kanton Zürich nimmt sie an."
297,34.6,34.6,65.4,"Bauma ZH","Bauma hat das Zivildienstgesetz mit 65,4 Prozent Nein-Stimmen verworfen. Bauma lehnt das Zivildienstgesetz ab, der Kanton Zürich nimmt sie an."
298,67.2,67.2,32.8,"Wiesendangen ZH","In Wiesendangen ist das Zivildienstgesetz mit 67,2 Prozent der Stimmen angenommen worden. Übereinstimmend mit dem Kanton Zürich stimmt Wiesendangen dem Zivildienstgesetz zu."
301,80,80,20,"Aarberg BE","In Aarberg wird das Zivildienstgesetz mit 80 Prozent angenommen. Aarberg nimmt das Zivildienstgesetz an, der Kanton Bern lehnt es ab."
302,40.1,40.1,59.9,"Bargen BE","59,9 Prozent der Stimmbürgerinnen und Stimmbürger von Bargen BE haben das Zivildienstgesetz abgelehnt. Sowohl Bargen BE als auch der Kanton Bern verwerfen das Zivildienstgesetz."
303,10.5,10.5,89.5,"Grossaffoltern BE","Nein zum Zivildienstgesetz in Grossaffoltern: 89,5 Prozent. Sowohl Grossaffoltern als auch der Kanton Bern verwerfen das Zivildienstgesetz."
304,37.7,37.7,62.3,"Kallnach BE","In Kallnach wird das Zivildienstgesetz mit 62,3 Prozent abgelehnt. Sowohl Kallnach als auch der Kanton Bern verwerfen das Zivildienstgesetz."
305,39.6,39.6,60.4,"Kappelen BE","60,4 Prozent der Stimmbürgerinnen und Stimmbürger von Kappelen haben das Zivildienstgesetz abgelehnt. Sowohl Kappelen als auch der Kanton Bern verwerfen das Zivildienstgesetz."
306,70.6,70.6,29.4,"Lyss BE","In Lyss wird das Zivildienstgesetz mit 70,6 Prozent angenommen. Lyss nimmt das Zivildienstgesetz an, der Kanton Bern lehnt es ab."
307,54.6,54.6,45.4,"Meikirch BE","Die Vorlage das Zivildienstgesetz ist in Meikirch mit 54,6 Prozent der Stimmen angenommen worden. Meikirch nimmt das Zivildienstgesetz an, der Kanton Bern lehnt es ab."
309,59.6,59.6,40.4,"Radelfingen BE","In Radelfingen wird das Zivildienstgesetz mit 59,6 Prozent angenommen. Radelfingen nimmt das Zivildienstgesetz an, der Kanton Bern lehnt es ab."
310,49.2,49.2,50.8,"Rapperswil BE","Nein zum Zivildienstgesetz in Rapperswil BE: 50,8 Prozent. Sowohl Rapperswil BE als auch der Kanton Bern verwerfen das Zivildienstgesetz."
311,47.3,47.3,52.7,"Schüpfen BE","Nein zum Zivildienstgesetz in Schüpfen: 52,7 Prozent. Sowohl Schüpfen als auch der Kanton Bern verwerfen das Zivildienstgesetz."
312,40.2,40.2,59.8,"Seedorf BE","Seedorf BE hat das Zivildienstgesetz mit 59,8 Prozent Nein-Stimmen verworfen. Sowohl Seedorf BE als auch der Kanton Bern verwerfen das Zivildienstgesetz."
321,13.1,13.1,86.9,"Aarwangen BE","In Aarwangen hat das Zivildienstgesetz keine Mehrheit gefunden: 86,9 Prozent lehnen die Vorlage ab. Sowohl Aarwangen als auch der Kanton Bern verwerfen das Zivildienstgesetz."
322,45.4,45.4,54.6,"Auswil BE","In Auswil wird das Zivildienstgesetz mit 54,6 Prozent abgelehnt. Sowohl Auswil als auch der Kanton Bern verwerfen das Zivildienstgesetz."
323,77.1,77.1,22.9,"Bannwil BE","In Bannwil wird das Zivildienstgesetz mit 77,1 Prozent angenommen. Bannwil nimmt das Zivildienstgesetz an, der Kanton Bern lehnt es ab."
324,82.2,82.2,17.8,"Bleienbach BE","Die Vorlage das Zivildienstgesetz ist in Bleienbach mit 82,2 Prozent der Stimmen angenommen worden. Bleienbach nimmt das Zivildienstgesetz an, der Kanton Bern lehnt es ab."
325,49.6,49.6,50.4,"Busswil bei Melchnau BE","50,4 Prozent der Stimmbürgerinnen und Stimmbürger von Busswil bei Melchnau haben das Zivildienstgesetz abgelehnt. Sowohl Busswil bei Melchnau als auch der Kanton Bern verwerfen das Zivildienstgesetz."
326,95,95,5,"Gondiswil BE","In Gondiswil ist das Zivildienstgesetz mit 95 Prozent der Stimmen angenommen worden. Gondiswil nimmt das Zivildienstgesetz an, der Kanton Bern lehnt es ab."
329,50.1,50.1,49.9,"Langenthal BE","Das Zivildienstgesetz erreicht in Langenthal 50,1 Prozent Ja-Stimmen. Langenthal nimmt das Zivildienstgesetz an, der Kanton Bern lehnt es ab."
331,90.5,90.5,9.5,"Lotzwil BE","Die Vorlage das Zivildienstgesetz ist in Lotzwil mit 90,5 Prozent der Stimmen angenommen worden. Lotzwil nimmt das Zivildienstgesetz an, der Kanton Bern lehnt es ab."
332,49.3,49.3,50.7,"Madiswil BE","Nein zum Zivildienstgesetz in Madiswil: 50,7 Prozent. Sowohl Madiswil als auch der Kanton Bern verwerfen das Zivildienstgesetz."
333,27.1,27.1,72.9,"Melchnau BE","In Melchnau hat das Zivildienstgesetz keine Mehrheit gefunden: 72,9 Prozent lehnen die Vorlage ab. Sowohl Melchnau als auch der Kanton Bern verwerfen das Zivildienstgesetz."
335,37.4,37.4,62.6,"Oeschenbach BE","Oeschenbach hat das Zivildienstgesetz mit 62,6 Prozent Nein-Stimmen verworfen. Sowohl Oeschenbach als auch der Kanton Bern verwerfen das Zivildienstgesetz."
336,73.1,73.1,26.9,"Reisiswil BE","In Reisiswil wird das Zivildienstgesetz mit 73,1 Prozent angenommen. Reisiswil nimmt das Zivildienstgesetz an, der Kanton Bern lehnt es ab."
337,83.9,83.9,16.1,"Roggwil BE","Das Zivildienstgesetz erreicht in Roggwil BE 83,9 Prozent Ja-Stimmen. Roggwil BE nimmt das Zivildienstgesetz an, der Kanton Bern lehnt es ab."
338,31.6,31.6,68.4,"Rohrbach BE","Rohrbach hat das Zivildienstgesetz mit 68,4 Prozent Nein-Stimmen verworfen. Sowohl Rohrbach als auch der Kanton Bern verwerfen das Zivildienstgesetz."
339,81.3,81.3,18.7,"Rohrbachgraben BE","In Rohrbachgraben wird das Zivildienstgesetz mit 81,3 Prozent angenommen. Rohrbachgraben nimmt das Zivildienstgesetz an, der Kanton Bern lehnt es ab."
340,44.2,44.2,55.8,"Rütschelen BE","55,8 Prozent der Stimmbürgerinnen und Stimmbürger von Rütschelen haben das Zivildienstgesetz abgelehnt. Sowohl Rütschelen als auch der Kanton Bern verwerfen das Zivildienstgesetz."
341,87.2,87.2,12.8,"Schwarzhäusern BE","In Schwarzhäusern wird das Zivildienstgesetz mit 87,2 Prozent angenommen. Schwarzhäusern nimmt das Zivildienstgesetz an, der Kanton Bern lehnt es ab."
342,38.7,38.7,61.3,"Thunstetten BE","Thunstetten hat das Zivildienstgesetz mit 61,3 Prozent Nein-Stimmen verworfen. Sowohl Thunstetten als auch der Kanton Bern verwerfen das Zivildienstgesetz."
344,83.1,83.1,16.9,"Ursenbach BE","In Ursenbach wird das Zivildienstgesetz mit 83,1 Prozent angenommen. Ursenbach nimmt das Zivildienstgesetz an, der Kanton Bern lehnt es ab."
345,88.4,88.4,11.6,"Wynau BE","In Wynau ist das Zivildienstgesetz mit 88,4 Prozent der Stimmen angenommen worden. Wynau nimmt das Zivildienstgesetz an, der Kanton Bern lehnt es ab."
351,59.4,59.4,40.6,"Bern BE","In Bern wird das Zivildienstgesetz mit 59,4 Prozent angenommen. Bern nimmt das Zivildienstgesetz an, der Kanton Bern lehnt es ab."
352,34.2,34.2,65.8,"Bolligen BE","Nein zum Zivildienstgesetz in Bolligen: 65,8 Prozent. Sowohl Bolligen als auch der Kanton Bern verwerfen das Zivildienstgesetz."
353,72.6,72.6,27.4,"Bremgarten bei Bern BE","Die Vorlage das Zivildienstgesetz ist in Bremgarten bei Bern mit 72,6 Prozent der Stimmen angenommen worden. Bremgarten bei Bern nimmt das Zivildienstgesetz an, der Kanton Bern lehnt es ab."
354,69.8,69.8,30.2,"Kirchlindach BE","Das Zivildienstgesetz erreicht in Kirchlindach 69,8 Prozent Ja-Stimmen. Kirchlindach nimmt das Zivildienstgesetz an, der Kanton Bern lehnt es ab."
355,10.2,10.2,89.8,"Köniz BE","In Köniz wird das Zivildienstgesetz mit 89,8 Prozent abgelehnt. Sowohl Köniz als auch der Kanton Bern verwerfen das Zivildienstgesetz."
356,50.3,50.3,49.7,"Muri bei Bern BE","Die Vorlage das Zivildienstgesetz ist in Muri bei Bern mit 50,3 Prozent der Stimmen angenommen worden. Muri bei Bern nimmt das Zivildienstgesetz an, der Kanton Bern lehnt es ab."
357,47.2,47.2,52.8,"Oberbalm BE","52,8 Prozent der Stimmbürgerinnen und Stimmbürger von Oberbalm haben das Zivildienstgesetz abgelehnt. Sowohl Oberbalm als auch der Kanton Bern verwerfen das Zivildienstgesetz."
358,63.4,63.4,36.6,"Stettlen BE","Das Zivildienstgesetz erreicht in Stettlen 63,4 Prozent Ja-Stimmen. Stettlen nimmt das Zivildienstgesetz an, der Kanton Bern lehnt es ab."
359,50.4,50.4,49.6,"Vechigen BE","In Vechigen wird das Zivildienstgesetz mit 50,4 Prozent angenommen. Vechigen nimmt das Zivildienstgesetz an, der Kanton Bern lehnt es ab."
360,32.6,32.6,67.4,"Wohlen bei Bern BE","Wohlen bei Bern hat das Zivildienstgesetz mit 67,4 Prozent Nein-Stimmen verworfen. Sowohl Wohlen bei Bern als auch der Kanton Bern verwerfen das Zivildienstgesetz."
361,32.3,32.3,67.7,"Zollikofen BE","Zollikofen hat das Zivildienstgesetz mit 67,7 Prozent Nein-Stimmen verworfen. Sowohl Zollikofen als auch der Kanton Bern verwerfen das Zivildienstgesetz."
362,24.3,24.3,75.7,"Ittigen BE","Ittigen hat das Zivildienstgesetz mit 75,7 Prozent Nein-Stimmen verworfen. Sowohl Ittigen als auch der Kanton Bern verwerfen das Zivildienstgesetz."
363,49.3,49.3,50.7,"Ostermundigen BE","Nein zum Zivildienstgesetz in Ostermundigen: 50,7 Prozent. Sowohl Ostermundigen als auch der Kanton Bern verwerfen das Zivildienstgesetz."
371,48.6,48.6,51.4,"Biel BE","Biel BE hat das Zivildienstgesetz mit 51,4 Prozent Nein-Stimmen verworfen. Sowohl Biel BE als auch der Kanton Bern verwerfen das Zivildienstgesetz."
372,14.1,14.1,85.9,"Leubringen BE","In Leubringen wird das Zivildienstgesetz mit 85,9 Prozent abgelehnt. Sowohl Leubringen als auch der Kanton Bern verwerfen das Zivildienstgesetz."
381,9.4,9.4,90.6,"Arch BE","In Arch hat das Zivildienstgesetz keine Mehrheit gefunden: 90,6 Prozent lehnen die Vorlage ab. Sowohl Arch als auch der Kanton Bern verwerfen das Zivildienstgesetz."
382,52.9,52.9,47.1,"Büetigen BE","In Büetigen wird das Zivildienstgesetz mit 52,9 Prozent angenommen. Büetigen nimmt das Zivildienstgesetz an, der Kanton Bern lehnt es ab."
383,61.6,61.6,38.4,"Büren an der Aare BE","In Büren an der Aare ist das Zivildienstgesetz mit 61,6 Prozent der Stimmen angenommen worden. Büren an der Aare nimmt das Zivildienstgesetz an, der Kanton Bern lehnt es ab."
385,18.3,18.3,81.7,"Diessbach bei Büren BE","In Diessbach bei Büren hat das Zivildienstgesetz keine Mehrheit gefunden: 81,7 Prozent lehnen die Vorlage ab. Sowohl Diessbach bei Büren als auch der Kanton Bern verwerfen das Zivildienstgesetz."
386,9.4,9.4,90.6,"Dotzigen BE","90,6 Prozent der Stimmbürgerinnen und Stimmbürger von Dotzigen haben das Zivildienstgesetz abgelehnt. Sowohl Dotzigen als auch der Kanton Bern verwerfen das Zivildienstgesetz."
387,62,62,38,"Lengnau BE","Das Zivildienstgesetz erreicht in Lengnau BE 62 Prozent Ja-Stimmen. Lengnau BE nimmt das Zivildienstgesetz an, der Kanton Bern lehnt es ab."
388,11.7,11.7,88.3,"Leuzigen BE","Leuzigen hat das Zivildienstgesetz mit 88,3 Prozent Nein-Stimmen verworfen. Sowohl Leuzigen als auch der Kanton Bern verwerfen das Zivildienstgesetz."
390,51,51,49,"Meinisberg BE","In Meinisberg ist das Zivildienstgesetz mit 51 Prozent der Stimmen angenommen worden. Meinisberg nimmt das Zivildienstgesetz an, der Kanton Bern lehnt es ab."
391,31.4,31.4,68.6,"Oberwil bei Büren BE","Oberwil bei Büren hat das Zivildienstgesetz mit 68,6 Prozent Nein-Stimmen verworfen. Sowohl Oberwil bei Büren als auch der Kanton Bern verwerfen das Zivildienstgesetz."
392,74.4,74.4,25.6,"Pieterlen BE","In Pieterlen wird das Zivildienstgesetz mit 74,4 Prozent angenommen. Pieterlen nimmt das Zivildienstgesetz an, der Kanton Bern lehnt es ab."
393,60.4,60.4,39.6,"Rüti bei Büren BE","Das Zivildienstgesetz erreicht in Rüti bei Büren 60,4 Prozent Ja-Stimmen. Rüti bei Büren nimmt das Zivildienstgesetz an, der Kanton Bern lehnt es ab."
394,50.7,50.7,49.3,"Wengi BE","In Wengi wird das Zivildienstgesetz mit 50,7 Prozent angenommen. Wengi nimmt das Zivildienstgesetz an, der Kanton Bern lehnt es ab."
401,45,45,55,"Aefligen BE","55 Prozent der Stimmbürgerinnen und Stimmbürger von Aefligen haben das Zivildienstgesetz abgelehnt. Sowohl Aefligen als auch der Kanton Bern verwerfen das Zivildienstgesetz."
402,33.1,33.1,66.9,"Alchenstorf BE","Nein zum Zivildienstgesetz in Alchenstorf: 66,9 Prozent. Sowohl Alchenstorf als auch der Kanton Bern verwerfen das Zivildienstgesetz."
403,52.5,52.5,47.5,"Bäriswil BE","Das Zivildienstgesetz erreicht in Bäriswil 52,5 Prozent Ja-Stimmen. Bäriswil nimmt das Zivildienstgesetz an, der Kanton Bern lehnt es ab."
404,83.8,83.8,16.2,"Burgdorf BE","In Burgdorf wird das Zivildienstgesetz mit 83,8 Prozent angenommen. Burgdorf nimmt das Zivildienstgesetz an, der Kanton Bern lehnt es ab."
405,83.6,83.6,16.4,"Ersigen BE","In Ersigen wird das Zivildienstgesetz mit 83,6 Prozent angenommen. Ersigen nimmt das Zivildienstgesetz an, der Kanton Bern lehnt es ab."
406,66.7,66.7,33.3,"Hasle bei Burgdorf BE","In Hasle bei Burgdorf wird das Zivildienstgesetz mit 66,7 Prozent angenommen. Hasle bei Burgdorf nimmt das Zivildienstgesetz an, der Kanton Bern lehnt es ab."
407,63.6,63.6,36.4,"Heimiswil BE","In Heimiswil wird das Zivildienstgesetz mit 63,6 Prozent angenommen. Heimiswil nimmt das Zivildienstgesetz an, der Kanton Bern lehnt es ab."
409,83.6,83.6,16.4,"Hindelbank BE","Das Zivildienstgesetz erreicht in Hindelbank 83,6 Prozent Ja-Stimmen. Hindelbank nimmt das Zivildienstgesetz an, der Kanton Bern lehnt es ab."
410,46.8,46.8,53.2,"Höchstetten BE","In Höchstetten hat das Zivildienstgesetz keine Mehrheit gefunden: 53,2 Prozent lehnen die Vorlage ab. Sowohl Höchstetten als auch der Kanton Bern verwerfen das Zivildienstgesetz."
411,19.9,19.9,80.1,"Kernenried BE","In Kernenried hat das Zivildienstgesetz keine Mehrheit gefunden: 80,1 Prozent lehnen die Vorlage ab. Sowohl Kernenried als auch der Kanton Bern verwerfen das Zivildienstgesetz."
412,84.6,84.6,15.4,"Kirchberg BE","In Kirchberg BE ist das Zivildienstgesetz mit 84,6 Prozent der Stimmen angenommen worden. Kirchberg BE nimmt das Zivildienstgesetz an, der Kanton Bern lehnt es ab."
413,74.5,74.5,25.5,"Koppigen BE","In Koppigen wird das Zivildienstgesetz mit 74,5 Prozent angenommen. Koppigen nimmt das Zivildienstgesetz an, der Kanton Bern lehnt es ab."
414,56.4,56.4,43.6,"Krauchthal BE","In Krauchthal wird das Zivildienstgesetz mit 56,4 Prozent angenommen. Krauchthal nimmt das Zivildienstgesetz an, der Kanton Bern lehnt es ab."
415,87.3,87.3,12.7,"Lyssach BE","Die Vorlage das Zivildienstgesetz ist in Lyssach mit 87,3 Prozent der Stimmen angenommen worden. Lyssach nimmt das Zivildienstgesetz an, der Kanton Bern lehnt es ab."
418,20.1,20.1,79.9,"Oberburg BE","In Oberburg hat das Zivildienstgesetz keine Mehrheit gefunden: 79,9 Prozent lehnen die Vorlage ab. Sowohl Oberburg als auch der Kanton Bern verwerfen das Zivildienstgesetz."
420,74.9,74.9,25.1,"Rüdtligen-Alchenflüh BE","In Rüdtligen-Alchenflüh ist das Zivildienstgesetz mit 74,9 Prozent der Stimmen angenommen worden. Rüdtligen-Alchenflüh nimmt das Zivildienstgesetz an, der Kanton Bern lehnt es ab."
421,21,21,79,"Rumendingen BE","Nein zum Zivildienstgesetz in Rumendingen: 79 Prozent. Sowohl Rumendingen als auch der Kanton Bern verwerfen das Zivildienstgesetz."
422,29.6,29.6,70.4,"Rüti bei Lyssach BE","Nein zum Zivildienstgesetz in Rüti bei Lyssach: 70,4 Prozent. Sowohl Rüti bei Lyssach als auch der Kanton Bern verwerfen das Zivildienstgesetz."
423,12.2,12.2,87.8,"Willadingen BE","In Willadingen hat das Zivildienstgesetz keine Mehrheit gefunden: 87,8 Prozent lehnen die Vorlage ab. Sowohl Willadingen als auch der Kanton Bern verwerfen das Zivildienstgesetz."
424,5.8,5.8,94.2,"Wynigen BE","Nein zum Zivildienstgesetz in Wynigen: 94,2 Prozent. Sowohl Wynigen als auch der Kanton Bern verwerfen das Zivildienstgesetz."
431,61.1,61.1,38.9,"Corgémont BE","In Corgémont wird das Zivildienstgesetz mit 61,1 Prozent angenommen. Corgémont nimmt das Zivildienstgesetz an, der Kanton Bern lehnt es ab."
432,56,56,44,"Cormoret BE","In Cormoret wird das Zivildienstgesetz mit 56 Prozent angenommen. Cormoret nimmt das Zivildienstgesetz an, der Kanton Bern lehnt es ab."
433,76.8,76.8,23.2,"Cortébert BE","Das Zivildienstgesetz erreicht in Cortébert 76,8 Prozent Ja-Stimmen. Cortébert nimmt das Zivildienstgesetz an, der Kanton Bern lehnt es ab."
434,6.7,6.7,93.3,"Courtelary BE","Nein zum Zivildienstgesetz in Courtelary: 93,3 Prozent. Sowohl Courtelary als auch der Kanton Bern verwerfen das Zivildienstgesetz."
435,22.3,22.3,77.7,"La Ferrière BE","La Ferrière hat das Zivildienstgesetz mit 77,7 Prozent Nein-Stimmen verworfen. Sowohl La Ferrière als auch der Kanton Bern verwerfen das Zivildienstgesetz."
437,55.3,55.3,44.7,"Mont-Tramelan BE","Die Vorlage das Zivildienstgesetz ist in Mont-Tramelan mit 55,3 Prozent der Stimmen angenommen worden. Mont-Tramelan nimmt das Zivildienstgesetz an, der Kanton Bern lehnt es ab."
438,58.6,58.6,41.4,"Orvin BE","Die Vorlage das Zivildienstgesetz ist in Orvin mit 58,6 Prozent der Stimmen angenommen worden. Orvin nimmt das Zivildienstgesetz an, der Kanton Bern lehnt es ab."
441,52.6,52.6,47.4,"Renan BE","Das Zivildienstgesetz erreicht in Renan BE 52,6 Prozent Ja-Stimmen. Renan BE nimmt das Zivildienstgesetz an, der Kanton Bern lehnt es ab."
442,43.5,43.5,56.5,"Romont BE","In Romont BE hat das Zivildienstgesetz keine Mehrheit gefunden: 56,5 Prozent lehnen die Vorlage ab. Sowohl Romont BE als auch der Kanton Bern verwerfen das Zivildienstgesetz."
443,51.5,51.5,48.5,"St. Immer BE","In St. Immer wird das Zivildienstgesetz mit 51,5 Prozent angenommen. St. Immer nimmt das Zivildienstgesetz an, der Kanton Bern lehnt es ab."
444,47.8,47.8,52.2,"Sonceboz-Sombeval BE","In Sonceboz-Sombeval hat das Zivildienstgesetz keine Mehrheit gefunden: 52,2 Prozent lehnen die Vorlage ab. Sowohl Sonceboz-Sombeval als auch der Kanton Bern verwerfen das Zivildienstgesetz."
445,50.2,50.2,49.8,"Sonvilier BE","Das Zivildienstgesetz erreicht in Sonvilier 50,2 Prozent Ja-Stimmen. Sonvilier nimmt das Zivildienstgesetz an, der Kanton Bern lehnt es ab."
446,51.7,51.7,48.3,"Tramelan BE","Das Zivildienstgesetz erreicht in Tramelan 51,7 Prozent Ja-Stimmen. Tramelan nimmt das Zivildienstgesetz an, der Kanton Bern lehnt es ab."
448,48.5,48.5,51.5,"Villeret BE","Nein zum Zivildienstgesetz in Villeret: 51,5 Prozent. Sowohl Villeret als auch der Kanton Bern verwerfen das Zivildienstgesetz."
449,32.3,32.3,67.7,"Sauge BE","67,7 Prozent der Stimmbürgerinnen und Stimmbürger von Sauge haben das Zivildienstgesetz abgelehnt. Sowohl Sauge als auch der Kanton Bern verwerfen das Zivildienstgesetz."
450,42.6,42.6,57.4,"Péry-La Heutte BE","Péry-La Heutte hat das Zivildienstgesetz mit 57,4 Prozent Nein-Stimmen verworfen. Sowohl Péry-La Heutte als auch der Kanton Bern verwerfen das Zivildienstgesetz."
491,33.7,33.7,66.3,"Brüttelen BE","Brüttelen hat das Zivildienstgesetz mit 66,3 Prozent Nein-Stimmen verworfen. Sowohl Brüttelen als auch der Kanton Bern verwerfen das Zivildienstgesetz."
492,58.5,58.5,41.5,"Erlach BE","Das Zivildienstgesetz erreicht in Erlach 58,5 Prozent Ja-Stimmen. Erlach nimmt das Zivildienstgesetz an, der Kanton Bern lehnt es ab."
493,75.7,75.7,24.3,"Finsterhennen BE","In Finsterhennen wird das Zivildienstgesetz mit 75,7 Prozent angenommen. Finsterhennen nimmt das Zivildienstgesetz an, der Kanton Bern lehnt es ab."
494,30.9,30.9,69.1,"Gals BE","In Gals hat das Zivildienstgesetz keine Mehrheit gefunden: 69,1 Prozent lehnen die Vorlage ab. Sowohl Gals als auch der Kanton Bern verwerfen das Zivildienstgesetz."
495,36.7,36.7,63.3,"Gampelen BE","Gampelen hat das Zivildienstgesetz mit 63,3 Prozent Nein-Stimmen verworfen. Sowohl Gampelen als auch der Kanton Bern verwerfen das Zivildienstgesetz."
496,61.9,61.9,38.1,"Ins BE","In Ins ist das Zivildienstgesetz mit 61,9 Prozent der Stimmen angenommen worden. Ins nimmt das Zivildienstgesetz an, der Kanton Bern lehnt es ab."
497,33,33,67,"Lüscherz BE","Nein zum Zivildienstgesetz in Lüscherz: 67 Prozent. Sowohl Lüscherz als auch der Kanton Bern verwerfen das Zivildienstgesetz."
498,81.9,81.9,18.1,"Müntschemier BE","In Müntschemier wird das Zivildienstgesetz mit 81,9 Prozent angenommen. Müntschemier nimmt das Zivildienstgesetz an, der Kanton Bern lehnt es ab."
499,46.6,46.6,53.4,"Siselen BE","53,4 Prozent der Stimmbürgerinnen und Stimmbürger von Siselen haben das Zivildienstgesetz abgelehnt. Sowohl Siselen als auch der Kanton Bern verwerfen das Zivildienstgesetz."
500,55.4,55.4,44.6,"Treiten BE","Das Zivildienstgesetz erreicht in Treiten 55,4 Prozent Ja-Stimmen. Treiten nimmt das Zivildienstgesetz an, der Kanton Bern lehnt es ab."
501,86.7,86.7,13.3,"Tschugg BE","Das Zivildienstgesetz erreicht in Tschugg 86,7 Prozent Ja-Stimmen. Tschugg nimmt das Zivildienstgesetz an, der Kanton Bern lehnt es ab."
502,66.8,66.8,33.2,"Vinelz BE","Das Zivildienstgesetz erreicht in Vinelz 66,8 Prozent Ja-Stimmen. Vinelz nimmt das Zivildienstgesetz an, der Kanton Bern lehnt es ab."
533,51.2,51.2,48.8,"Bätterkinden BE","In Bätterkinden ist das Zivildienstgesetz mit 51,2 Prozent der Stimmen angenommen worden. Bätterkinden nimmt das Zivildienstgesetz an, der Kanton Bern lehnt es ab."
538,44.3,44.3,55.7,"Fraubrunnen BE","In Fraubrunnen wird das Zivildienstgesetz mit 55,7 Prozent abgelehnt. Sowohl Fraubrunnen als auch der Kanton Bern verwerfen das Zivildienstgesetz."
540,74,74,26,"Jegenstorf BE","Das Zivildienstgesetz erreicht in Jegenstorf 74 Prozent Ja-Stimmen. Jegenstorf nimmt das Zivildienstgesetz an, der Kanton Bern lehnt es ab."
541,43.1,43.1,56.9,"Iffwil BE","Iffwil hat das Zivildienstgesetz mit 56,9 Prozent Nein-Stimmen verworfen. Sowohl Iffwil als auch der Kanton Bern verwerfen das Zivildienstgesetz."
543,99.9,99.9,0.1,"Mattstetten BE","Der dritthöchste Ja-Anteil zum Zivildienstgesetz in der Schweiz wird in Mattstetten gemessen, 99,9 Prozent stimmen zu. Höchster Ja-Anteil zum Zivildienstgesetz im Kanton Bern: Mattstetten."
544,33.9,33.9,66.1,"Moosseedorf BE","Moosseedorf hat das Zivildienstgesetz mit 66,1 Prozent Nein-Stimmen verworfen. Sowohl Moosseedorf als auch der Kanton Bern verwerfen das Zivildienstgesetz."
546,38.4,38.4,61.6,"Münchenbuchsee BE","In Münchenbuchsee wird das Zivildienstgesetz mit 61,6 Prozent abgelehnt. Sowohl Münchenbuchsee als auch der Kanton Bern verwerfen das Zivildienstgesetz."
551,43,43,57,"Urtenen-Schönbühl BE","Urtenen-Schönbühl hat das Zivildienstgesetz mit 57 Prozent Nein-Stimmen verworfen. Sowohl Urtenen-Schönbühl als auch der Kanton Bern verwerfen das Zivildienstgesetz."
552,43.9,43.9,56.1,"Utzenstorf BE","Utzenstorf hat das Zivildienstgesetz mit 56,1 Prozent Nein-Stimmen verworfen. Sowohl Utzenstorf als auch der Kanton Bern verwerfen das Zivildienstgesetz."
553,51.9,51.9,48.1,"Wiggiswil BE","Das Zivildienstgesetz erreicht in Wiggiswil 51,9 Prozent Ja-Stimmen. Wiggiswil nimmt das Zivildienstgesetz an, der Kanton Bern lehnt es ab."
554,42.2,42.2,57.8,"Wiler bei Utzenstorf BE","In Wiler bei Utzenstorf wird das Zivildienstgesetz mit 57,8 Prozent abgelehnt. Sowohl Wiler bei Utzenstorf als auch der Kanton Bern verwerfen das Zivildienstgesetz."
556,3.8,3.8,96.2,"Zielebach BE","Zielebach hat das Zivildienstgesetz mit 96,2 Prozent Nein-Stimmen verworfen. Sowohl Zielebach als auch der Kanton Bern verwerfen das Zivildienstgesetz."
557,51.9,51.9,48.1,"Zuzwil BE","In Zuzwil BE ist das Zivildienstgesetz mit 51,9 Prozent der Stimmen angenommen worden. Zuzwil BE nimmt das Zivildienstgesetz an, der Kanton Bern lehnt es ab."
561,2.9,2.9,97.1,"Adelboden BE","Nein zum Zivildienstgesetz in Adelboden: 97,1 Prozent. Sowohl Adelboden als auch der Kanton Bern verwerfen das Zivildienstgesetz."
562,40,40,60,"Aeschi bei Spiez BE","Nein zum Zivildienstgesetz in Aeschi bei Spiez: 60 Prozent. Sowohl Aeschi bei Spiez als auch der Kanton Bern verwerfen das Zivildienstgesetz."
563,35.4,35.4,64.6,"Frutigen BE","Frutigen hat das Zivildienstgesetz mit 64,6 Prozent Nein-Stimmen verworfen. Sowohl Frutigen als auch der Kanton Bern verwerfen das Zivildienstgesetz."
564,94,94,6,"Kandergrund BE","In Kandergrund ist das Zivildienstgesetz mit 94 Prozent der Stimmen angenommen worden. Kandergrund nimmt das Zivildienstgesetz an, der Kanton Bern lehnt es ab."
565,7.4,7.4,92.6,"Kandersteg BE","In Kandersteg wird das Zivildienstgesetz mit 92,6 Prozent abgelehnt. Sowohl Kandersteg als auch der Kanton Bern verwerfen das Zivildienstgesetz."
566,40.3,40.3,59.7,"Krattigen BE","59,7 Prozent der Stimmbürgerinnen und Stimmbürger von Krattigen haben das Zivildienstgesetz abgelehnt. Sowohl Krattigen als auch der Kanton Bern verwerfen das Zivildienstgesetz."
567,27.5,27.5,72.5,"Reichenbach im Kandertal BE","In Reichenbach im Kandertal wird das Zivildienstgesetz mit 72,5 Prozent abgelehnt. Sowohl Reichenbach im Kandertal als auch der Kanton Bern verwerfen das Zivildienstgesetz."
571,25.5,25.5,74.5,"Beatenberg BE","In Beatenberg hat das Zivildienstgesetz keine Mehrheit gefunden: 74,5 Prozent lehnen die Vorlage ab. Sowohl Beatenberg als auch der Kanton Bern verwerfen das Zivildienstgesetz."
572,42.3,42.3,57.7,"Bönigen BE","Bönigen hat das Zivildienstgesetz mit 57,7 Prozent Nein-Stimmen verworfen. Sowohl Bönigen als auch der Kanton Bern verwerfen das Zivildienstgesetz."
573,34.8,34.8,65.2,"Brienz BE","Brienz BE hat das Zivildienstgesetz mit 65,2 Prozent Nein-Stimmen verworfen. Sowohl Brienz BE als auch der Kanton Bern verwerfen das Zivildienstgesetz."
574,53.7,53.7,46.3,"Brienzwiler BE","In Brienzwiler wird das Zivildienstgesetz mit 53,7 Prozent angenommen. Brienzwiler nimmt das Zivildienstgesetz an, der Kanton Bern lehnt es ab."
575,36.3,36.3,63.7,"Därligen BE","In Därligen hat das Zivildienstgesetz keine Mehrheit gefunden: 63,7 Prozent lehnen die Vorlage ab. Sowohl Därligen als auch der Kanton Bern verwerfen das Zivildienstgesetz."
576,67.9,67.9,32.1,"Grindelwald BE","Die Vorlage das Zivildienstgesetz ist in Grindelwald mit 67,9 Prozent der Stimmen angenommen worden. Grindelwald nimmt das Zivildienstgesetz an, der Kanton Bern lehnt es ab."
577,60.4,60.4,39.6,"Gsteigwiler BE","In Gsteigwiler ist das Zivildienstgesetz mit 60,4 Prozent der Stimmen angenommen worden. Gsteigwiler nimmt das Zivildienstgesetz an, der Kanton Bern lehnt es ab."
578,65.1,65.1,34.9,"Gündlischwand BE","In Gündlischwand wird das Zivildienstgesetz mit 65,1 Prozent angenommen. Gündlischwand nimmt das Zivildienstgesetz an, der Kanton Bern lehnt es ab."
579,29.6,29.6,70.4,"Habkern BE","Nein zum Zivildienstgesetz in Habkern: 70,4 Prozent. Sowohl Habkern als auch der Kanton Bern verwerfen das Zivildienstgesetz."
580,72.8,72.8,27.2,"Hofstetten bei Brienz BE","Das Zivildienstgesetz erreicht in Hofstetten bei Brienz 72,8 Prozent Ja-Stimmen. Hofstetten bei Brienz nimmt das Zivildienstgesetz an, der Kanton Bern lehnt es ab."
581,19.3,19.3,80.7,"Interlaken BE","In Interlaken wird das Zivildienstgesetz mit 80,7 Prozent abgelehnt. Sowohl Interlaken als auch der Kanton Bern verwerfen das Zivildienstgesetz."
582,72.3,72.3,27.7,"Iseltwald BE","In Iseltwald wird das Zivildienstgesetz mit 72,3 Prozent angenommen. Iseltwald nimmt das Zivildienstgesetz an, der Kanton Bern lehnt es ab."
584,9.7,9.7,90.3,"Lauterbrunnen BE","90,3 Prozent der Stimmbürgerinnen und Stimmbürger von Lauterbrunnen haben das Zivildienstgesetz abgelehnt. Sowohl Lauterbrunnen als auch der Kanton Bern verwerfen das Zivildienstgesetz."
585,41.7,41.7,58.3,"Leissigen BE","Nein zum Zivildienstgesetz in Leissigen: 58,3 Prozent. Sowohl Leissigen als auch der Kanton Bern verwerfen das Zivildienstgesetz."
586,23.1,23.1,76.9,"Lütschental BE","Lütschental hat das Zivildienstgesetz mit 76,9 Prozent Nein-Stimmen verworfen. Sowohl Lütschental als auch der Kanton Bern verwerfen das Zivildienstgesetz."
587,93,93,7,"Matten bei Interlaken BE","In Matten bei Interlaken wird das Zivildienstgesetz mit 93 Prozent angenommen. Matten bei Interlaken nimmt das Zivildienstgesetz an, der Kanton Bern lehnt es ab."
588,41.7,41.7,58.3,"Niederried bei Interlaken BE","58,3 Prozent der Stimmbürgerinnen und Stimmbürger von Niederried bei Interlaken haben das Zivildienstgesetz abgelehnt. Sowohl Niederried bei Interlaken als auch der Kanton Bern verwerfen das Zivildienstgesetz."
589,71.2,71.2,28.8,"Oberried am Brienzersee BE","In Oberried am Brienzersee wird das Zivildienstgesetz mit 71,2 Prozent angenommen. Oberried am Brienzersee nimmt das Zivildienstgesetz an, der Kanton Bern lehnt es ab."
590,13.1,13.1,86.9,"Ringgenberg BE","86,9 Prozent der Stimmbürgerinnen und Stimmbürger von Ringgenberg BE haben das Zivildienstgesetz abgelehnt. Sowohl Ringgenberg BE als auch der Kanton Bern verwerfen das Zivildienstgesetz."
591,58.2,58.2,41.8,"Saxeten BE","Das Zivildienstgesetz erreicht in Saxeten 58,2 Prozent Ja-Stimmen. Saxeten nimmt das Zivildienstgesetz an, der Kanton Bern lehnt es ab."
592,33.2,33.2,66.8,"Schwanden bei Brienz BE","Schwanden bei Brienz hat das Zivildienstgesetz mit 66,8 Prozent Nein-Stimmen verworfen. Sowohl Schwanden bei Brienz als auch der Kanton Bern verwerfen das Zivildienstgesetz."
593,21.5,21.5,78.5,"Unterseen BE","Unterseen hat das Zivildienstgesetz mit 78,5 Prozent Nein-Stimmen verworfen. Sowohl Unterseen als auch der Kanton Bern verwerfen das Zivildienstgesetz."
594,64.7,64.7,35.3,"Wilderswil BE","Die Vorlage das Zivildienstgesetz ist in Wilderswil mit 64,7 Prozent der Stimmen angenommen worden. Wilderswil nimmt das Zivildienstgesetz an, der Kanton Bern lehnt es ab."
602,84.9,84.9,15.1,"Arni BE","In Arni BE ist das Zivildienstgesetz mit 84,9 Prozent der Stimmen angenommen worden. Arni BE nimmt das Zivildienstgesetz an, der Kanton Bern lehnt es ab."
603,4.6,4.6,95.4,"Biglen BE","In Biglen wird das Zivildienstgesetz mit 95,4 Prozent abgelehnt. Sowohl Biglen als auch der Kanton Bern verwerfen das Zivildienstgesetz."
605,77.3,77.3,22.7,"Bowil BE","Die Vorlage das Zivildienstgesetz ist in Bowil mit 77,3 Prozent der Stimmen angenommen worden. Bowil nimmt das Zivildienstgesetz an, der Kanton Bern lehnt es ab."
606,72.3,72.3,27.7,"Brenzikofen BE","Das Zivildienstgesetz erreicht in Brenzikofen 72,3 Prozent Ja-Stimmen. Brenzikofen nimmt das Zivildienstgesetz an, der Kanton Bern lehnt es ab."
607,56.1,56.1,43.9,"Freimettigen BE","Das Zivildienstgesetz erreicht in Freimettigen 56,1 Prozent Ja-Stimmen. Freimettigen nimmt das Zivildienstgesetz an, der Kanton Bern lehnt es ab."
608,26,26,74,"Grosshöchstetten BE","Grosshöchstetten hat das Zivildienstgesetz mit 74 Prozent Nein-Stimmen verworfen. Sowohl Grosshöchstetten als auch der Kanton Bern verwerfen das Zivildienstgesetz."
609,35.2,35.2,64.8,"Häutligen BE","Häutligen hat das Zivildienstgesetz mit 64,8 Prozent Nein-Stimmen verworfen. Sowohl Häutligen als auch der Kanton Bern verwerfen das Zivildienstgesetz."
610,69.7,69.7,30.3,"Herbligen BE","In Herbligen wird das Zivildienstgesetz mit 69,7 Prozent angenommen. Herbligen nimmt das Zivildienstgesetz an, der Kanton Bern lehnt es ab."
611,65.7,65.7,34.3,"Kiesen BE","In Kiesen wird das Zivildienstgesetz mit 65,7 Prozent angenommen. Kiesen nimmt das Zivildienstgesetz an, der Kanton Bern lehnt es ab."
612,44.9,44.9,55.1,"Konolfingen BE","Konolfingen hat das Zivildienstgesetz mit 55,1 Prozent Nein-Stimmen verworfen. Sowohl Konolfingen als auch der Kanton Bern verwerfen das Zivildienstgesetz."
613,73.9,73.9,26.1,"Landiswil BE","In Landiswil ist das Zivildienstgesetz mit 73,9 Prozent der Stimmen angenommen worden. Landiswil nimmt das Zivildienstgesetz an, der Kanton Bern lehnt es ab."
614,17.1,17.1,82.9,"Linden BE","In Linden wird das Zivildienstgesetz mit 82,9 Prozent abgelehnt. Sowohl Linden als auch der Kanton Bern verwerfen das Zivildienstgesetz."
615,33.1,33.1,66.9,"Mirchel BE","In Mirchel hat das Zivildienstgesetz keine Mehrheit gefunden: 66,9 Prozent lehnen die Vorlage ab. Sowohl Mirchel als auch der Kanton Bern verwerfen das Zivildienstgesetz."
616,97.7,97.7,2.3,"Münsingen BE","Die Vorlage das Zivildienstgesetz ist in Münsingen mit 97,7 Prozent der Stimmen angenommen worden. Münsingen nimmt das Zivildienstgesetz an, der Kanton Bern lehnt es ab."
617,79.5,79.5,20.5,"Niederhünigen BE","In Niederhünigen wird das Zivildienstgesetz mit 79,5 Prozent angenommen. Niederhünigen nimmt das Zivildienstgesetz an, der Kanton Bern lehnt es ab."
619,30.4,30.4,69.6,"Oberdiessbach BE","In Oberdiessbach wird das Zivildienstgesetz mit 69,6 Prozent abgelehnt. Sowohl Oberdiessbach als auch der Kanton Bern verwerfen das Zivildienstgesetz."
620,69.1,69.1,30.9,"Oberthal BE","In Oberthal wird das Zivildienstgesetz mit 69,1 Prozent angenommen. Oberthal nimmt das Zivildienstgesetz an, der Kanton Bern lehnt es ab."
622,69,69,31,"Oppligen BE","In Oppligen wird das Zivildienstgesetz mit 69 Prozent angenommen. Oppligen nimmt das Zivildienstgesetz an, der Kanton Bern lehnt es ab."
623,69.5,69.5,30.5,"Rubigen BE","Das Zivildienstgesetz erreicht in Rubigen 69,5 Prozent Ja-Stimmen. Rubigen nimmt das Zivildienstgesetz an, der Kanton Bern lehnt es ab."
626,49.1,49.1,50.9,"Walkringen BE","Nein zum Zivildienstgesetz in Walkringen: 50,9 Prozent. Sowohl Walkringen als auch der Kanton Bern verwerfen das Zivildienstgesetz."
627,20.3,20.3,79.7,"Worb BE","Nein zum Zivildienstgesetz in Worb: 79,7 Prozent. Sowohl Worb als auch der Kanton Bern verwerfen das Zivildienstgesetz."
628,49.5,49.5,50.5,"Zäziwil BE","Zäziwil hat das Zivildienstgesetz mit 50,5 Prozent Nein-Stimmen verworfen. Sowohl Zäziwil als auch der Kanton Bern verwerfen das Zivildienstgesetz."
630,41.9,41.9,58.1,"Allmendingen BE","Allmendingen hat das Zivildienstgesetz mit 58,1 Prozent Nein-Stimmen verworfen. Sowohl Allmendingen als auch der Kanton Bern verwerfen das Zivildienstgesetz."
632,50.2,50.2,49.8,"Wichtrach BE","Das Zivildienstgesetz erreicht in Wichtrach 50,2 Prozent Ja-Stimmen. Wichtrach nimmt das Zivildienstgesetz an, der Kanton Bern lehnt es ab."
662,60.8,60.8,39.2,"Ferenbalm BE","In Ferenbalm wird das Zivildienstgesetz mit 60,8 Prozent angenommen. Ferenbalm nimmt das Zivildienstgesetz an, der Kanton Bern lehnt es ab."
663,79.7,79.7,20.3,"Frauenkappelen BE","Die Vorlage das Zivildienstgesetz ist in Frauenkappelen mit 79,7 Prozent der Stimmen angenommen worden. Frauenkappelen nimmt das Zivildienstgesetz an, der Kanton Bern lehnt es ab."
665,24.8,24.8,75.2,"Gurbrü BE","Gurbrü hat das Zivildienstgesetz mit 75,2 Prozent Nein-Stimmen verworfen. Sowohl Gurbrü als auch der Kanton Bern verwerfen das Zivildienstgesetz."
666,37.9,37.9,62.1,"Kriechenwil BE","In Kriechenwil hat das Zivildienstgesetz keine Mehrheit gefunden: 62,1 Prozent lehnen die Vorlage ab. Sowohl Kriechenwil als auch der Kanton Bern verwerfen das Zivildienstgesetz."
667,13.3,13.3,86.7,"Laupen BE","In Laupen wird das Zivildienstgesetz mit 86,7 Prozent abgelehnt. Sowohl Laupen als auch der Kanton Bern verwerfen das Zivildienstgesetz."
668,49.2,49.2,50.8,"Mühleberg BE","Nein zum Zivildienstgesetz in Mühleberg: 50,8 Prozent. Sowohl Mühleberg als auch der Kanton Bern verwerfen das Zivildienstgesetz."
669,85.9,85.9,14.1,"Münchenwiler BE","In Münchenwiler wird das Zivildienstgesetz mit 85,9 Prozent angenommen. Münchenwiler nimmt das Zivildienstgesetz an, der Kanton Bern lehnt es ab."
670,86,86,14,"Neuenegg BE","In Neuenegg wird das Zivildienstgesetz mit 86 Prozent angenommen. Neuenegg nimmt das Zivildienstgesetz an, der Kanton Bern lehnt es ab."
671,52.7,52.7,47.3,"Wileroltigen BE","In Wileroltigen wird das Zivildienstgesetz mit 52,7 Prozent angenommen. Wileroltigen nimmt das Zivildienstgesetz an, der Kanton Bern lehnt es ab."
681,58.2,58.2,41.8,"Belprahon BE","In Belprahon wird das Zivildienstgesetz mit 58,2 Prozent angenommen. Belprahon nimmt das Zivildienstgesetz an, der Kanton Bern lehnt es ab."
683,66.9,66.9,33.1,"Champoz BE","Das Zivildienstgesetz erreicht in Champoz 66,9 Prozent Ja-Stimmen. Champoz nimmt das Zivildienstgesetz an, der Kanton Bern lehnt es ab."
687,48.5,48.5,51.5,"Corcelles BE","Corcelles BE hat das Zivildienstgesetz mit 51,5 Prozent Nein-Stimmen verworfen. Sowohl Corcelles BE als auch der Kanton Bern verwerfen das Zivildienstgesetz."
690,28.5,28.5,71.5,"Court BE","Nein zum Zivildienstgesetz in Court: 71,5 Prozent. Sowohl Court als auch der Kanton Bern verwerfen das Zivildienstgesetz."
691,11.7,11.7,88.3,"Crémines BE","Nein zum Zivildienstgesetz in Crémines: 88,3 Prozent. Sowohl Crémines als auch der Kanton Bern verwerfen das Zivildienstgesetz."
692,46.8,46.8,53.2,"Eschert BE","Eschert hat das Zivildienstgesetz mit 53,2 Prozent Nein-Stimmen verworfen. Sowohl Eschert als auch der Kanton Bern verwerfen das Zivildienstgesetz."
694,40.3,40.3,59.7,"Grandval BE","Grandval hat das Zivildienstgesetz mit 59,7 Prozent Nein-Stimmen verworfen. Sowohl Grandval als auch der Kanton Bern verwerfen das Zivildienstgesetz."
696,50.5,50.5,49.5,"Loveresse BE","Das Zivildienstgesetz erreicht in Loveresse 50,5 Prozent Ja-Stimmen. Loveresse nimmt das Zivildienstgesetz an, der Kanton Bern lehnt es ab."
701,42.8,42.8,57.2,"Perrefitte BE","Perrefitte hat das Zivildienstgesetz mit 57,2 Prozent Nein-Stimmen verworfen. Sowohl Perrefitte als auch der Kanton Bern verwerfen das Zivildienstgesetz."
703,71.5,71.5,28.5,"Reconvilier BE","In Reconvilier wird das Zivildienstgesetz mit 71,5 Prozent angenommen. Reconvilier nimmt das Zivildienstgesetz an, der Kanton Bern lehnt es ab."
704,46.3,46.3,53.7,"Roches BE","Roches BE hat das Zivildienstgesetz mit 53,7 Prozent Nein-Stimmen verworfen. Sowohl Roches BE als auch der Kanton Bern verwerfen das Zivildienstgesetz."
706,71,71,29,"Saicourt BE","In Saicourt wird das Zivildienstgesetz mit 71 Prozent angenommen. Saicourt nimmt das Zivildienstgesetz an, der Kanton Bern lehnt es ab."
707,83.3,83.3,16.7,"Saules BE","Das Zivildienstgesetz erreicht in Saules BE 83,3 Prozent Ja-Stimmen. Saules BE nimmt das Zivildienstgesetz an, der Kanton Bern lehnt es ab."
708,49.3,49.3,50.7,"Schelten BE","Schelten hat das Zivildienstgesetz mit 50,7 Prozent Nein-Stimmen verworfen. Sowohl Schelten als auch der Kanton Bern verwerfen das Zivildienstgesetz."
709,35.1,35.1,64.9,"Seehof BE","Seehof hat das Zivildienstgesetz mit 64,9 Prozent Nein-Stimmen verworfen. Sowohl Seehof als auch der Kanton Bern verwerfen das Zivildienstgesetz."
711,52.3,52.3,47.7,"Sorvilier BE","Das Zivildienstgesetz erreicht in Sorvilier 52,3 Prozent Ja-Stimmen. Sorvilier nimmt das Zivildienstgesetz an, der Kanton Bern lehnt es ab."
713,30.6,30.6,69.4,"Tavannes BE","In Tavannes hat das Zivildienstgesetz keine Mehrheit gefunden: 69,4 Prozent lehnen die Vorlage ab. Sowohl Tavannes als auch der Kanton Bern verwerfen das Zivildienstgesetz."
715,94.5,94.5,5.5,"Rebévelier BE","In Rebévelier wird das Zivildienstgesetz mit 94,5 Prozent angenommen. Rebévelier nimmt das Zivildienstgesetz an, der Kanton Bern lehnt es ab."
716,17.7,17.7,82.3,"Petit-Val BE","82,3 Prozent der Stimmbürgerinnen und Stimmbürger von Petit-Val haben das Zivildienstgesetz abgelehnt. Sowohl Petit-Val als auch der Kanton Bern verwerfen das Zivildienstgesetz."
717,57.4,57.4,42.6,"Valbirse BE","In Valbirse wird das Zivildienstgesetz mit 57,4 Prozent angenommen. Valbirse nimmt das Zivildienstgesetz an, der Kanton Bern lehnt es ab."
723,63.2,63.2,36.8,"Neuenstadt BE","Das Zivildienstgesetz erreicht in Neuenstadt 63,2 Prozent Ja-Stimmen. Neuenstadt nimmt das Zivildienstgesetz an, der Kanton Bern lehnt es ab."
724,30.6,30.6,69.4,"Nods BE","In Nods wird das Zivildienstgesetz mit 69,4 Prozent abgelehnt. Sowohl Nods als auch der Kanton Bern verwerfen das Zivildienstgesetz."
726,67.9,67.9,32.1,"Plateau de Diesse BE","Das Zivildienstgesetz erreicht in Plateau de Diesse 67,9 Prozent Ja-Stimmen. Plateau de Diesse nimmt das Zivildienstgesetz an, der Kanton Bern lehnt es ab."
731,93.7,93.7,6.3,"Aegerten BE","Die Vorlage das Zivildienstgesetz ist in Aegerten mit 93,7 Prozent der Stimmen angenommen worden. Aegerten nimmt das Zivildienstgesetz an, der Kanton Bern lehnt es ab."
732,2.5,2.5,97.5,"Bellmund BE","Nein zum Zivildienstgesetz in Bellmund: 97,5 Prozent. Sowohl Bellmund als auch der Kanton Bern verwerfen das Zivildienstgesetz."
733,52.6,52.6,47.4,"Brügg BE","In Brügg wird das Zivildienstgesetz mit 52,6 Prozent angenommen. Brügg nimmt das Zivildienstgesetz an, der Kanton Bern lehnt es ab."
734,30.3,30.3,69.7,"Bühl BE","In Bühl hat das Zivildienstgesetz keine Mehrheit gefunden: 69,7 Prozent lehnen die Vorlage ab. Sowohl Bühl als auch der Kanton Bern verwerfen das Zivildienstgesetz."
735,63.3,63.3,36.7,"Epsach BE","In Epsach wird das Zivildienstgesetz mit 63,3 Prozent angenommen. Epsach nimmt das Zivildienstgesetz an, der Kanton Bern lehnt es ab."
736,16.2,16.2,83.8,"Hagneck BE","In Hagneck hat das Zivildienstgesetz keine Mehrheit gefunden: 83,8 Prozent lehnen die Vorlage ab. Sowohl Hagneck als auch der Kanton Bern verwerfen das Zivildienstgesetz."
737,51.9,51.9,48.1,"Hermrigen BE","Das Zivildienstgesetz erreicht in Hermrigen 51,9 Prozent Ja-Stimmen. Hermrigen nimmt das Zivildienstgesetz an, der Kanton Bern lehnt es ab."
738,73.2,73.2,26.8,"Jens BE","Das Zivildienstgesetz erreicht in Jens 73,2 Prozent Ja-Stimmen. Jens nimmt das Zivildienstgesetz an, der Kanton Bern lehnt es ab."
739,35.9,35.9,64.1,"Ipsach BE","Nein zum Zivildienstgesetz in Ipsach: 64,1 Prozent. Sowohl Ipsach als auch der Kanton Bern verwerfen das Zivildienstgesetz."
740,36.7,36.7,63.3,"Ligerz BE","In Ligerz wird das Zivildienstgesetz mit 63,3 Prozent abgelehnt. Sowohl Ligerz als auch der Kanton Bern verwerfen das Zivildienstgesetz."
741,86.3,86.3,13.7,"Merzligen BE","Das Zivildienstgesetz erreicht in Merzligen 86,3 Prozent Ja-Stimmen. Merzligen nimmt das Zivildienstgesetz an, der Kanton Bern lehnt es ab."
742,43.7,43.7,56.3,"Mörigen BE","Mörigen hat das Zivildienstgesetz mit 56,3 Prozent Nein-Stimmen verworfen. Sowohl Mörigen als auch der Kanton Bern verwerfen das Zivildienstgesetz."
743,69.7,69.7,30.3,"Nidau BE","In Nidau ist das Zivildienstgesetz mit 69,7 Prozent der Stimmen angenommen worden. Nidau nimmt das Zivildienstgesetz an, der Kanton Bern lehnt es ab."
744,24.1,24.1,75.9,"Orpund BE","Nein zum Zivildienstgesetz in Orpund: 75,9 Prozent. Sowohl Orpund als auch der Kanton Bern verwerfen das Zivildienstgesetz."
745,45.5,45.5,54.5,"Port BE","Nein zum Zivildienstgesetz in Port: 54,5 Prozent. Sowohl Port als auch der Kanton Bern verwerfen das Zivildienstgesetz."
746,73.2,73.2,26.8,"Safnern BE","In Safnern wird das Zivildienstgesetz mit 73,2 Prozent angenommen. Safnern nimmt das Zivildienstgesetz an, der Kanton Bern lehnt es ab."
747,98.6,98.6,1.4,"Scheuren BE","Die Vorlage das Zivildienstgesetz ist in Scheuren mit 98,6 Prozent der Stimmen angenommen worden. Scheuren nimmt das Zivildienstgesetz an, der Kanton Bern lehnt es ab."
748,37.2,37.2,62.8,"Schwadernau BE","Nein zum Zivildienstgesetz in Schwadernau: 62,8 Prozent. Sowohl Schwadernau als auch der Kanton Bern verwerfen das Zivildienstgesetz."
749,50.8,50.8,49.2,"Studen BE","Das Zivildienstgesetz erreicht in Studen BE 50,8 Prozent Ja-Stimmen. Studen BE nimmt das Zivildienstgesetz an, der Kanton Bern lehnt es ab."
750,28.2,28.2,71.8,"Sutz-Lattrigen BE","In Sutz-Lattrigen wird das Zivildienstgesetz mit 71,8 Prozent abgelehnt. Sowohl Sutz-Lattrigen als auch der Kanton Bern verwerfen das Zivildienstgesetz."
751,85.9,85.9,14.1,"Täuffelen BE","Das Zivildienstgesetz erreicht in Täuffelen 85,9 Prozent Ja-Stimmen. Täuffelen nimmt das Zivildienstgesetz an, der Kanton Bern lehnt es ab."
754,65.9,65.9,34.1,"Walperswil BE","In Walperswil wird das Zivildienstgesetz mit 65,9 Prozent angenommen. Walperswil nimmt das Zivildienstgesetz an, der Kanton Bern lehnt es ab."
755,26.5,26.5,73.5,"Worben BE","73,5 Prozent der Stimmbürgerinnen und Stimmbürger von Worben haben das Zivildienstgesetz abgelehnt. Sowohl Worben als auch der Kanton Bern verwerfen das Zivildienstgesetz."
756,40.4,40.4,59.6,"Twann-Tüscherz BE","Twann-Tüscherz hat das Zivildienstgesetz mit 59,6 Prozent Nein-Stimmen verworfen. Sowohl Twann-Tüscherz als auch der Kanton Bern verwerfen das Zivildienstgesetz."
761,17.1,17.1,82.9,"Därstetten BE","In Därstetten hat das Zivildienstgesetz keine Mehrheit gefunden: 82,9 Prozent lehnen die Vorlage ab. Sowohl Därstetten als auch der Kanton Bern verwerfen das Zivildienstgesetz."
762,66.2,66.2,33.8,"Diemtigen BE","In Diemtigen ist das Zivildienstgesetz mit 66,2 Prozent der Stimmen angenommen worden. Diemtigen nimmt das Zivildienstgesetz an, der Kanton Bern lehnt es ab."
763,94.8,94.8,5.2,"Erlenbach im Simmental BE","In Erlenbach im Simmental ist das Zivildienstgesetz mit 94,8 Prozent der Stimmen angenommen worden. Erlenbach im Simmental nimmt das Zivildienstgesetz an, der Kanton Bern lehnt es ab."
766,1.1,1.1,98.9,"Oberwil im Simmental BE","Nein zum Zivildienstgesetz in Oberwil im Simmental: 98,9 Prozent. Oberwil im Simmental verzeichnet im Kanton Bern den höchsten Nein-Anteil zum Zivildienstgesetz."
767,32.9,32.9,67.1,"Reutigen BE","67,1 Prozent der Stimmbürgerinnen und Stimmbürger von Reutigen haben das Zivildienstgesetz abgelehnt. Sowohl Reutigen als auch der Kanton Bern verwerfen das Zivildienstgesetz."
768,67.1,67.1,32.9,"Spiez BE","In Spiez wird das Zivildienstgesetz mit 67,1 Prozent angenommen. Spiez nimmt das Zivildienstgesetz an, der Kanton Bern lehnt es ab."
769,20.8,20.8,79.2,"Wimmis BE","Nein zum Zivildienstgesetz in Wimmis: 79,2 Prozent. Sowohl Wimmis als auch der Kanton Bern verwerfen das Zivildienstgesetz."
770,63.9,63.9,36.1,"Stocken-Höfen BE","Das Zivildienstgesetz erreicht in Stocken-Höfen 63,9 Prozent Ja-Stimmen. Stocken-Höfen nimmt das Zivildienstgesetz an, der Kanton Bern lehnt es ab."
782,71.4,71.4,28.6,"Guttannen BE","In Guttannen wird das Zivildienstgesetz mit 71,4 Prozent angenommen. Guttannen nimmt das Zivildienstgesetz an, der Kanton Bern lehnt es ab."
783,17.6,17.6,82.4,"Hasliberg BE","Hasliberg hat das Zivildienstgesetz mit 82,4 Prozent Nein-Stimmen verworfen. Sowohl Hasliberg als auch der Kanton Bern verwerfen das Zivildienstgesetz."
784,1.6,1.6,98.4,"Innertkirchen BE","Innertkirchen hat das Zivildienstgesetz mit 98,4 Prozent Nein-Stimmen verworfen. Sowohl Innertkirchen als auch der Kanton Bern verwerfen das Zivildienstgesetz."
785,60.3,60.3,39.7,"Meiringen BE","In Meiringen wird das Zivildienstgesetz mit 60,3 Prozent angenommen. Meiringen nimmt das Zivildienstgesetz an, der Kanton Bern lehnt es ab."
786,68.8,68.8,31.2,"Schattenhalb BE","In Schattenhalb wird das Zivildienstgesetz mit 68,8 Prozent angenommen. Schattenhalb nimmt das Zivildienstgesetz an, der Kanton Bern lehnt es ab."
791,53.3,53.3,46.7,"Boltigen BE","Die Vorlage das Zivildienstgesetz ist in Boltigen mit 53,3 Prozent der Stimmen angenommen worden. Boltigen nimmt das Zivildienstgesetz an, der Kanton Bern lehnt es ab."
792,48.2,48.2,51.8,"Lenk BE","In Lenk wird das Zivildienstgesetz mit 51,8 Prozent abgelehnt. Sowohl Lenk als auch der Kanton Bern verwerfen das Zivildienstgesetz."
793,93.2,93.2,6.8,"St. Stephan BE","Die Vorlage das Zivildienstgesetz ist in St. Stephan mit 93,2 Prozent der Stimmen angenommen worden. St. Stephan nimmt das Zivildienstgesetz an, der Kanton Bern lehnt es ab."
794,53.3,53.3,46.7,"Zweisimmen BE","In Zweisimmen wird das Zivildienstgesetz mit 53,3 Prozent angenommen. Zweisimmen nimmt das Zivildienstgesetz an, der Kanton Bern lehnt es ab."
841,56.6,56.6,43.4,"Gsteig BE","Das Zivildienstgesetz erreicht in Gsteig 56,6 Prozent Ja-Stimmen. Gsteig nimmt das Zivildienstgesetz an, der Kanton Bern lehnt es ab."
842,65.2,65.2,34.8,"Lauenen BE","In Lauenen ist das Zivildienstgesetz mit 65,2 Prozent der Stimmen angenommen worden. Lauenen nimmt das Zivildienstgesetz an, der Kanton Bern lehnt es ab."
843,8.9,8.9,91.1,"Saanen BE","In Saanen hat das Zivildienstgesetz keine Mehrheit gefunden: 91,1 Prozent lehnen die Vorlage ab. Sowohl Saanen als auch der Kanton Bern verwerfen das Zivildienstgesetz."
852,37.6,37.6,62.4,"Guggisberg BE","Guggisberg hat das Zivildienstgesetz mit 62,4 Prozent Nein-Stimmen verworfen. Sowohl Guggisberg als auch der Kanton Bern verwerfen das Zivildienstgesetz."
853,56.1,56.1,43.9,"Rüschegg BE","In Rüschegg wird das Zivildienstgesetz mit 56,1 Prozent angenommen. Rüschegg nimmt das Zivildienstgesetz an, der Kanton Bern lehnt es ab."
855,34.1,34.1,65.9,"Schwarzenburg BE","Schwarzenburg hat das Zivildienstgesetz mit 65,9 Prozent Nein-Stimmen verworfen. Sowohl Schwarzenburg als auch der Kanton Bern verwerfen das Zivildienstgesetz."
861,45.7,45.7,54.3,"Belp BE","Belp hat das Zivildienstgesetz mit 54,3 Prozent Nein-Stimmen verworfen. Sowohl Belp als auch der Kanton Bern verwerfen das Zivildienstgesetz."
863,58.6,58.6,41.4,"Burgistein BE","In Burgistein ist das Zivildienstgesetz mit 58,6 Prozent der Stimmen angenommen worden. Burgistein nimmt das Zivildienstgesetz an, der Kanton Bern lehnt es ab."
866,42.5,42.5,57.5,"Gerzensee BE","Nein zum Zivildienstgesetz in Gerzensee: 57,5 Prozent. Sowohl Gerzensee als auch der Kanton Bern verwerfen das Zivildienstgesetz."
867,46.6,46.6,53.4,"Gurzelen BE","Gurzelen hat das Zivildienstgesetz mit 53,4 Prozent Nein-Stimmen verworfen. Sowohl Gurzelen als auch der Kanton Bern verwerfen das Zivildienstgesetz."
868,52.6,52.6,47.4,"Jaberg BE","Das Zivildienstgesetz erreicht in Jaberg 52,6 Prozent Ja-Stimmen. Jaberg nimmt das Zivildienstgesetz an, der Kanton Bern lehnt es ab."
869,56.9,56.9,43.1,"Kaufdorf BE","In Kaufdorf ist das Zivildienstgesetz mit 56,9 Prozent der Stimmen angenommen worden. Kaufdorf nimmt das Zivildienstgesetz an, der Kanton Bern lehnt es ab."
870,7.4,7.4,92.6,"Kehrsatz BE","Nein zum Zivildienstgesetz in Kehrsatz: 92,6 Prozent. Sowohl Kehrsatz als auch der Kanton Bern verwerfen das Zivildienstgesetz."
872,58.7,58.7,41.3,"Kirchdorf BE","Das Zivildienstgesetz erreicht in Kirchdorf BE 58,7 Prozent Ja-Stimmen. Kirchdorf BE nimmt das Zivildienstgesetz an, der Kanton Bern lehnt es ab."
879,39.9,39.9,60.1,"Riggisberg BE","Riggisberg hat das Zivildienstgesetz mit 60,1 Prozent Nein-Stimmen verworfen. Sowohl Riggisberg als auch der Kanton Bern verwerfen das Zivildienstgesetz."
880,14.8,14.8,85.2,"Rüeggisberg BE","In Rüeggisberg wird das Zivildienstgesetz mit 85,2 Prozent abgelehnt. Sowohl Rüeggisberg als auch der Kanton Bern verwerfen das Zivildienstgesetz."
883,44,44,56,"Seftigen BE","In Seftigen hat das Zivildienstgesetz keine Mehrheit gefunden: 56 Prozent lehnen die Vorlage ab. Sowohl Seftigen als auch der Kanton Bern verwerfen das Zivildienstgesetz."
884,19,19,81,"Toffen BE","In Toffen wird das Zivildienstgesetz mit 81 Prozent abgelehnt. Sowohl Toffen als auch der Kanton Bern verwerfen das Zivildienstgesetz."
885,77.6,77.6,22.4,"Uttigen BE","In Uttigen wird das Zivildienstgesetz mit 77,6 Prozent angenommen. Uttigen nimmt das Zivildienstgesetz an, der Kanton Bern lehnt es ab."
886,64.9,64.9,35.1,"Wattenwil BE","In Wattenwil ist das Zivildienstgesetz mit 64,9 Prozent der Stimmen angenommen worden. Wattenwil nimmt das Zivildienstgesetz an, der Kanton Bern lehnt es ab."
888,51.6,51.6,48.4,"Wald BE","In Wald BE wird das Zivildienstgesetz mit 51,6 Prozent angenommen. Wald BE nimmt das Zivildienstgesetz an, der Kanton Bern lehnt es ab."
889,58.3,58.3,41.7,"Thurnen BE","In Thurnen ist das Zivildienstgesetz mit 58,3 Prozent der Stimmen angenommen worden. Thurnen nimmt das Zivildienstgesetz an, der Kanton Bern lehnt es ab."
901,65.8,65.8,34.2,"Eggiwil BE","Die Vorlage das Zivildienstgesetz ist in Eggiwil mit 65,8 Prozent der Stimmen angenommen worden. Eggiwil nimmt das Zivildienstgesetz an, der Kanton Bern lehnt es ab."
902,66.5,66.5,33.5,"Langnau im Emmental BE","Das Zivildienstgesetz erreicht in Langnau im Emmental 66,5 Prozent Ja-Stimmen. Langnau im Emmental nimmt das Zivildienstgesetz an, der Kanton Bern lehnt es ab."
903,49.3,49.3,50.7,"Lauperswil BE","In Lauperswil wird das Zivildienstgesetz mit 50,7 Prozent abgelehnt. Sowohl Lauperswil als auch der Kanton Bern verwerfen das Zivildienstgesetz."
904,42,42,58,"Röthenbach im Emmental BE","Nein zum Zivildienstgesetz in Röthenbach im Emmental: 58 Prozent. Sowohl Röthenbach im Emmental als auch der Kanton Bern verwerfen das Zivildienstgesetz."
905,22.2,22.2,77.8,"Rüderswil BE","In Rüderswil hat das Zivildienstgesetz keine Mehrheit gefunden: 77,8 Prozent lehnen die Vorlage ab. Sowohl Rüderswil als auch der Kanton Bern verwerfen das Zivildienstgesetz."
906,7.2,7.2,92.8,"Schangnau BE","Nein zum Zivildienstgesetz in Schangnau: 92,8 Prozent. Sowohl Schangnau als auch der Kanton Bern verwerfen das Zivildienstgesetz."
907,69.4,69.4,30.6,"Signau BE","In Signau wird das Zivildienstgesetz mit 69,4 Prozent angenommen. Signau nimmt das Zivildienstgesetz an, der Kanton Bern lehnt es ab."
908,41.6,41.6,58.4,"Trub BE","Trub hat das Zivildienstgesetz mit 58,4 Prozent Nein-Stimmen verworfen. Sowohl Trub als auch der Kanton Bern verwerfen das Zivildienstgesetz."
909,64.6,64.6,35.4,"Trubschachen BE","Das Zivildienstgesetz erreicht in Trubschachen 64,6 Prozent Ja-Stimmen. Trubschachen nimmt das Zivildienstgesetz an, der Kanton Bern lehnt es ab."
921,91.9,91.9,8.1,"Amsoldingen BE","In Amsoldingen wird das Zivildienstgesetz mit 91,9 Prozent angenommen. Amsoldingen nimmt das Zivildienstgesetz an, der Kanton Bern lehnt es ab."
922,85.5,85.5,14.5,"Blumenstein BE","In Blumenstein wird das Zivildienstgesetz mit 85,5 Prozent angenommen. Blumenstein nimmt das Zivildienstgesetz an, der Kanton Bern lehnt es ab."
923,57.3,57.3,42.7,"Buchholterberg BE","In Buchholterberg wird das Zivildienstgesetz mit 57,3 Prozent angenommen. Buchholterberg nimmt das Zivildienstgesetz an, der Kanton Bern lehnt es ab."
924,40.6,40.6,59.4,"Eriz BE","Eriz hat das Zivildienstgesetz mit 59,4 Prozent Nein-Stimmen verworfen. Sowohl Eriz als auch der Kanton Bern verwerfen das Zivildienstgesetz."
925,65.9,65.9,34.1,"Fahrni BE","Die Vorlage das Zivildienstgesetz ist in Fahrni mit 65,9 Prozent der Stimmen angenommen worden. Fahrni nimmt das Zivildienstgesetz an, der Kanton Bern lehnt es ab."
927,87.1,87.1,12.9,"Heiligenschwendi BE","Das Zivildienstgesetz erreicht in Heiligenschwendi 87,1 Prozent Ja-Stimmen. Heiligenschwendi nimmt das Zivildienstgesetz an, der Kanton Bern lehnt es ab."
928,33.5,33.5,66.5,"Heimberg BE","Nein zum Zivildienstgesetz in Heimberg: 66,5 Prozent. Sowohl Heimberg als auch der Kanton Bern verwerfen das Zivildienstgesetz."
929,43.8,43.8,56.2,"Hilterfingen BE","In Hilterfingen hat das Zivildienstgesetz keine Mehrheit gefunden: 56,2 Prozent lehnen die Vorlage ab. Sowohl Hilterfingen als auch der Kanton Bern verwerfen das Zivildienstgesetz."
931,90.9,90.9,9.1,"Homberg BE","Die Vorlage das Zivildienstgesetz ist in Homberg mit 90,9 Prozent der Stimmen angenommen worden. Homberg nimmt das Zivildienstgesetz an, der Kanton Bern lehnt es ab."
932,48.3,48.3,51.7,"Horrenbach-Buchen BE","In Horrenbach-Buchen hat das Zivildienstgesetz keine Mehrheit gefunden: 51,7 Prozent lehnen die Vorlage ab. Sowohl Horrenbach-Buchen als auch der Kanton Bern verwerfen das Zivildienstgesetz."
934,63.4,63.4,36.6,"Oberhofen am Thunersee BE","In Oberhofen am Thunersee wird das Zivildienstgesetz mit 63,4 Prozent angenommen. Oberhofen am Thunersee nimmt das Zivildienstgesetz an, der Kanton Bern lehnt es ab."
935,90.5,90.5,9.5,"Oberlangenegg BE","Das Zivildienstgesetz erreicht in Oberlangenegg 90,5 Prozent Ja-Stimmen. Oberlangenegg nimmt das Zivildienstgesetz an, der Kanton Bern lehnt es ab."
936,4.7,4.7,95.3,"Pohlern BE","Pohlern hat das Zivildienstgesetz mit 95,3 Prozent Nein-Stimmen verworfen. Sowohl Pohlern als auch der Kanton Bern verwerfen das Zivildienstgesetz."
938,38.1,38.1,61.9,"Sigriswil BE","In Sigriswil wird das Zivildienstgesetz mit 61,9 Prozent abgelehnt. Sowohl Sigriswil als auch der Kanton Bern verwerfen das Zivildienstgesetz."
939,96.1,96.1,3.9,"Steffisburg BE","Die Vorlage das Zivildienstgesetz ist in Steffisburg mit 96,1 Prozent der Stimmen angenommen worden. Steffisburg nimmt das Zivildienstgesetz an, der Kanton Bern lehnt es ab."
940,53,53,47,"Teuffenthal BE","In Teuffenthal BE wird das Zivildienstgesetz mit 53 Prozent angenommen. Teuffenthal BE nimmt das Zivildienstgesetz an, der Kanton Bern lehnt es ab."
941,98,98,2,"Thierachern BE","In Thierachern ist das Zivildienstgesetz mit 98 Prozent der Stimmen angenommen worden. Thierachern nimmt das Zivildienstgesetz an, der Kanton Bern lehnt es ab."
942,62.9,62.9,37.1,"Thun BE","Das Zivildienstgesetz erreicht in Thun 62,9 Prozent Ja-Stimmen. Thun nimmt das Zivildienstgesetz an, der Kanton Bern lehnt es ab."
943,58.5,58.5,41.5,"Uebeschi BE","In Uebeschi wird das Zivildienstgesetz mit 58,5 Prozent angenommen. Uebeschi nimmt das Zivildienstgesetz an, der Kanton Bern lehnt es ab."
944,44.2,44.2,55.8,"Uetendorf BE","In Uetendorf hat das Zivildienstgesetz keine Mehrheit gefunden: 55,8 Prozent lehnen die Vorlage ab. Sowohl Uetendorf als auch der Kanton Bern verwerfen das Zivildienstgesetz."
945,52.9,52.9,47.1,"Unterlangenegg BE","Die Vorlage das Zivildienstgesetz ist in Unterlangenegg mit 52,9 Prozent der Stimmen angenommen worden. Unterlangenegg nimmt das Zivildienstgesetz an, der Kanton Bern lehnt es ab."
946,56,56,44,"Wachseldorn BE","Das Zivildienstgesetz erreicht in Wachseldorn 56 Prozent Ja-Stimmen. Wachseldorn nimmt das Zivildienstgesetz an, der Kanton Bern lehnt es ab."
948,53.9,53.9,46.1,"Forst-Längenbühl BE","In Forst-Längenbühl wird das Zivildienstgesetz mit 53,9 Prozent angenommen. Forst-Längenbühl nimmt das Zivildienstgesetz an, der Kanton Bern lehnt es ab."
951,57,57,43,"Affoltern im Emmental BE","In Affoltern im Emmental ist das Zivildienstgesetz mit 57 Prozent der Stimmen angenommen worden. Affoltern im Emmental nimmt das Zivildienstgesetz an, der Kanton Bern lehnt es ab."
952,99.2,99.2,0.8,"Dürrenroth BE","In Dürrenroth wird das Zivildienstgesetz mit 99,2 Prozent angenommen. Dürrenroth nimmt das Zivildienstgesetz an, der Kanton Bern lehnt es ab."
953,93.4,93.4,6.6,"Eriswil BE","In Eriswil wird das Zivildienstgesetz mit 93,4 Prozent angenommen. Eriswil nimmt das Zivildienstgesetz an, der Kanton Bern lehnt es ab."
954,56.4,56.4,43.6,"Huttwil BE","In Huttwil wird das Zivildienstgesetz mit 56,4 Prozent angenommen. Huttwil nimmt das Zivildienstgesetz an, der Kanton Bern lehnt es ab."
955,52.7,52.7,47.3,"Lützelflüh BE","In Lützelflüh ist das Zivildienstgesetz mit 52,7 Prozent der Stimmen angenommen worden. Lützelflüh nimmt das Zivildienstgesetz an, der Kanton Bern lehnt es ab."
956,85.9,85.9,14.1,"Rüegsau BE","Das Zivildienstgesetz erreicht in Rüegsau 85,9 Prozent Ja-Stimmen. Rüegsau nimmt das Zivildienstgesetz an, der Kanton Bern lehnt es ab."
957,61.4,61.4,38.6,"Sumiswald BE","Das Zivildienstgesetz erreicht in Sumiswald 61,4 Prozent Ja-Stimmen. Sumiswald nimmt das Zivildienstgesetz an, der Kanton Bern lehnt es ab."
958,54.7,54.7,45.3,"Trachselwald BE","Das Zivildienstgesetz erreicht in Trachselwald 54,7 Prozent Ja-Stimmen. Trachselwald nimmt das Zivildienstgesetz an, der Kanton Bern lehnt es ab."
959,35.2,35.2,64.8,"Walterswil BE","In Walterswil BE hat das Zivildienstgesetz keine Mehrheit gefunden: 64,8 Prozent lehnen die Vorlage ab. Sowohl Walterswil BE als auch der Kanton Bern verwerfen das Zivildienstgesetz."
960,11.4,11.4,88.6,"Wyssachen BE","Nein zum Zivildienstgesetz in Wyssachen: 88,6 Prozent. Sowohl Wyssachen als auch der Kanton Bern verwerfen das Zivildienstgesetz."
971,29.9,29.9,70.1,"Attiswil BE","In Attiswil hat das Zivildienstgesetz keine Mehrheit gefunden: 70,1 Prozent lehnen die Vorlage ab. Sowohl Attiswil als auch der Kanton Bern verwerfen das Zivildienstgesetz."
972,37.6,37.6,62.4,"Berken BE","Berken hat das Zivildienstgesetz mit 62,4 Prozent Nein-Stimmen verworfen. Sowohl Berken als auch der Kanton Bern verwerfen das Zivildienstgesetz."
973,16.7,16.7,83.3,"Bettenhausen BE","Nein zum Zivildienstgesetz in Bettenhausen: 83,3 Prozent. Sowohl Bettenhausen als auch der Kanton Bern verwerfen das Zivildienstgesetz."
975,14.2,14.2,85.8,"Farnern BE","In Farnern hat das Zivildienstgesetz keine Mehrheit gefunden: 85,8 Prozent lehnen die Vorlage ab. Sowohl Farnern als auch der Kanton Bern verwerfen das Zivildienstgesetz."
976,10,10,90,"Graben BE","In Graben wird das Zivildienstgesetz mit 90 Prozent abgelehnt. Sowohl Graben als auch der Kanton Bern verwerfen das Zivildienstgesetz."
977,37,37,63,"Heimenhausen BE","In Heimenhausen hat das Zivildienstgesetz keine Mehrheit gefunden: 63 Prozent lehnen die Vorlage ab. Sowohl Heimenhausen als auch der Kanton Bern verwerfen das Zivildienstgesetz."
979,85,85,15,"Herzogenbuchsee BE","Das Zivildienstgesetz erreicht in Herzogenbuchsee 85 Prozent Ja-Stimmen. Herzogenbuchsee nimmt das Zivildienstgesetz an, der Kanton Bern lehnt es ab."
980,83,83,17,"Inkwil BE","In Inkwil wird das Zivildienstgesetz mit 83 Prozent angenommen. Inkwil nimmt das Zivildienstgesetz an, der Kanton Bern lehnt es ab."
981,99.4,99.4,0.6,"Niederbipp BE","In Niederbipp wird das Zivildienstgesetz mit 99,4 Prozent angenommen. Niederbipp nimmt das Zivildienstgesetz an, der Kanton Bern lehnt es ab."
982,54.9,54.9,45.1,"Niederönz BE","Die Vorlage das Zivildienstgesetz ist in Niederönz mit 54,9 Prozent der Stimmen angenommen worden. Niederönz nimmt das Zivildienstgesetz an, der Kanton Bern lehnt es ab."
983,70.9,70.9,29.1,"Oberbipp BE","In Oberbipp wird das Zivildienstgesetz mit 70,9 Prozent angenommen. Oberbipp nimmt das Zivildienstgesetz an, der Kanton Bern lehnt es ab."
985,60.4,60.4,39.6,"Ochlenberg BE","In Ochlenberg wird das Zivildienstgesetz mit 60,4 Prozent angenommen. Ochlenberg nimmt das Zivildienstgesetz an, der Kanton Bern lehnt es ab."
987,22,22,78,"Rumisberg BE","78 Prozent der Stimmbürgerinnen und Stimmbürger von Rumisberg haben das Zivildienstgesetz abgelehnt. Sowohl Rumisberg als auch der Kanton Bern verwerfen das Zivildienstgesetz."
988,71.5,71.5,28.5,"Seeberg BE","In Seeberg wird das Zivildienstgesetz mit 71,5 Prozent angenommen. Seeberg nimmt das Zivildienstgesetz an, der Kanton Bern lehnt es ab."
989,4.6,4.6,95.4,"Thörigen BE","In Thörigen hat das Zivildienstgesetz keine Mehrheit gefunden: 95,4 Prozent lehnen die Vorlage ab. Sowohl Thörigen als auch der Kanton Bern verwerfen das Zivildienstgesetz."
990,57,57,43,"Walliswil bei Niederbipp BE","In Walliswil bei Niederbipp ist das Zivildienstgesetz mit 57 Prozent der Stimmen angenommen worden. Walliswil bei Niederbipp nimmt das Zivildienstgesetz an, der Kanton Bern lehnt es ab."
991,11.1,11.1,88.9,"Walliswil bei Wangen BE","88,9 Prozent der Stimmbürgerinnen und Stimmbürger von Walliswil bei Wangen haben das Zivildienstgesetz abgelehnt. Sowohl Walliswil bei Wangen als auch der Kanton Bern verwerfen das Zivildienstgesetz."
992,21.6,21.6,78.4,"Wangen an der Aare BE","78,4 Prozent der Stimmbürgerinnen und Stimmbürger von Wangen an der Aare haben das Zivildienstgesetz abgelehnt. Sowohl Wangen an der Aare als auch der Kanton Bern verwerfen das Zivildienstgesetz."
995,87.6,87.6,12.4,"Wiedlisbach BE","Das Zivildienstgesetz erreicht in Wiedlisbach 87,6 Prozent Ja-Stimmen. Wiedlisbach nimmt das Zivildienstgesetz an, der Kanton Bern lehnt es ab."
1001,38.6,38.6,61.4,"Doppleschwand LU","61,4 Prozent der Stimmbürgerinnen und Stimmbürger von Doppleschwand haben das Zivildienstgesetz abgelehnt. Doppleschwand lehnt das Zivildienstgesetz ab, der Kanton Luzern nimmt sie an."
1002,56.4,56.4,43.6,"Entlebuch LU","In Entlebuch wird das Zivildienstgesetz mit 56,4 Prozent angenommen. Übereinstimmend mit dem Kanton Luzern stimmt Entlebuch dem Zivildienstgesetz zu."
1004,37.1,37.1,62.9,"Flühli LU","Nein zum Zivildienstgesetz in Flühli: 62,9 Prozent. Flühli lehnt das Zivildienstgesetz ab, der Kanton Luzern nimmt sie an."
1005,62.2,62.2,37.8,"Hasle LU","Die Vorlage das Zivildienstgesetz ist in Hasle LU mit 62,2 Prozent der Stimmen angenommen worden. Übereinstimmend mit dem Kanton Luzern stimmt Hasle LU dem Zivildienstgesetz zu."
1007,91.9,91.9,8.1,"Romoos LU","In Romoos wird das Zivildienstgesetz mit 91,9 Prozent angenommen. Übereinstimmend mit dem Kanton Luzern stimmt Romoos dem Zivildienstgesetz zu."
1008,54.9,54.9,45.1,"Schüpfheim LU","Das Zivildienstgesetz erreicht in Schüpfheim 54,9 Prozent Ja-Stimmen. Übereinstimmend mit dem Kanton Luzern stimmt Schüpfheim dem Zivildienstgesetz zu."
1009,71.2,71.2,28.8,"Werthenstein LU","In Werthenstein wird das Zivildienstgesetz mit 71,2 Prozent angenommen. Übereinstimmend mit dem Kanton Luzern stimmt Werthenstein dem Zivildienstgesetz zu."
1010,25.9,25.9,74.1,"Escholzmatt-Marbach LU","In Escholzmatt-Marbach hat das Zivildienstgesetz keine Mehrheit gefunden: 74,1 Prozent lehnen die Vorlage ab. Escholzmatt-Marbach lehnt das Zivildienstgesetz ab, der Kanton Luzern nimmt sie an."
1021,37.5,37.5,62.5,"Aesch LU","In Aesch LU hat das Zivildienstgesetz keine Mehrheit gefunden: 62,5 Prozent lehnen die Vorlage ab. Aesch LU lehnt das Zivildienstgesetz ab, der Kanton Luzern nimmt sie an."
1023,51,51,49,"Ballwil LU","Das Zivildienstgesetz erreicht in Ballwil 51 Prozent Ja-Stimmen. Übereinstimmend mit dem Kanton Luzern stimmt Ballwil dem Zivildienstgesetz zu."
1024,60.1,60.1,39.9,"Emmen LU","In Emmen ist das Zivildienstgesetz mit 60,1 Prozent der Stimmen angenommen worden. Übereinstimmend mit dem Kanton Luzern stimmt Emmen dem Zivildienstgesetz zu."
1025,32.6,32.6,67.4,"Ermensee LU","Ermensee hat das Zivildienstgesetz mit 67,4 Prozent Nein-Stimmen verworfen. Ermensee lehnt das Zivildienstgesetz ab, der Kanton Luzern nimmt sie an."
1026,73.2,73.2,26.8,"Eschenbach LU","In Eschenbach LU wird das Zivildienstgesetz mit 73,2 Prozent angenommen. Übereinstimmend mit dem Kanton Luzern stimmt Eschenbach LU dem Zivildienstgesetz zu."
1030,42.6,42.6,57.4,"Hitzkirch LU","Hitzkirch hat das Zivildienstgesetz mit 57,4 Prozent Nein-Stimmen verworfen. Hitzkirch lehnt das Zivildienstgesetz ab, der Kanton Luzern nimmt sie an."
1031,77.6,77.6,22.4,"Hochdorf LU","In Hochdorf wird das Zivildienstgesetz mit 77,6 Prozent angenommen. Übereinstimmend mit dem Kanton Luzern stimmt Hochdorf dem Zivildienstgesetz zu."
1032,34.4,34.4,65.6,"Hohenrain LU","In Hohenrain hat das Zivildienstgesetz keine Mehrheit gefunden: 65,6 Prozent lehnen die Vorlage ab. Hohenrain lehnt das Zivildienstgesetz ab, der Kanton Luzern nimmt sie an."
1033,38.9,38.9,61.1,"Inwil LU","Nein zum Zivildienstgesetz in Inwil: 61,1 Prozent. Inwil lehnt das Zivildienstgesetz ab, der Kanton Luzern nimmt sie an."
1037,28.2,28.2,71.8,"Rain LU","Nein zum Zivildienstgesetz in Rain: 71,8 Prozent. Rain lehnt das Zivildienstgesetz ab, der Kanton Luzern nimmt sie an."
1039,89,89,11,"Römerswil LU","In Römerswil wird das Zivildienstgesetz mit 89 Prozent angenommen. Übereinstimmend mit dem Kanton Luzern stimmt Römerswil dem Zivildienstgesetz zu."
1040,40,40,60,"Rothenburg LU","60 Prozent der Stimmbürgerinnen und Stimmbürger von Rothenburg haben das Zivildienstgesetz abgelehnt. Rothenburg lehnt das Zivildienstgesetz ab, der Kanton Luzern nimmt sie an."
1041,51,51,49,"Schongau LU","Die Vorlage das Zivildienstgesetz ist in Schongau mit 51 Prozent der Stimmen angenommen worden. Übereinstimmend mit dem Kanton Luzern stimmt Schongau dem Zivildienstgesetz zu."
1051,56.8,56.8,43.2,"Adligenswil LU","In Adligenswil ist das Zivildienstgesetz mit 56,8 Prozent der Stimmen angenommen worden. Übereinstimmend mit dem Kanton Luzern stimmt Adligenswil dem Zivildienstgesetz zu."
1052,68.8,68.8,31.2,"Buchrain LU","Das Zivildienstgesetz erreicht in Buchrain 68,8 Prozent Ja-Stimmen. Übereinstimmend mit dem Kanton Luzern stimmt Buchrain dem Zivildienstgesetz zu."
1053,51.4,51.4,48.6,"Dierikon LU","In Dierikon wird das Zivildienstgesetz mit 51,4 Prozent angenommen. Übereinstimmend mit dem Kanton Luzern stimmt Dierikon dem Zivildienstgesetz zu."
1054,35,35,65,"Ebikon LU","In Ebikon hat das Zivildienstgesetz keine Mehrheit gefunden: 65 Prozent lehnen die Vorlage ab. Ebikon lehnt das Zivildienstgesetz ab, der Kanton Luzern nimmt sie an."
1055,38.5,38.5,61.5,"Gisikon LU","61,5 Prozent der Stimmbürgerinnen und Stimmbürger von Gisikon haben das Zivildienstgesetz abgelehnt. Gisikon lehnt das Zivildienstgesetz ab, der Kanton Luzern nimmt sie an."
1056,52,52,48,"Greppen LU","In Greppen ist das Zivildienstgesetz mit 52 Prozent der Stimmen angenommen worden. Übereinstimmend mit dem Kanton Luzern stimmt Greppen dem Zivildienstgesetz zu."
1058,99.6,99.6,0.4,"Horw LU","In Horw ist das Zivildienstgesetz mit 99,6 Prozent der Stimmen angenommen worden. Höchster Ja-Anteil zum Zivildienstgesetz im Kanton Luzern: Horw."
1059,30.9,30.9,69.1,"Kriens LU","69,1 Prozent der Stimmbürgerinnen und Stimmbürger von Kriens haben das Zivildienstgesetz abgelehnt. Kriens lehnt das Zivildienstgesetz ab, der Kanton Luzern nimmt sie an."
1061,56.7,56.7,43.3,"Luzern LU","In Luzern wird das Zivildienstgesetz mit 56,7 Prozent angenommen. Übereinstimmend mit dem Kanton Luzern stimmt Luzern dem Zivildienstgesetz zu."
1062,68.3,68.3,31.7,"Malters LU","Die Vorlage das Zivildienstgesetz ist in Malters mit 68,3 Prozent der Stimmen angenommen worden. Übereinstimmend mit dem Kanton Luzern stimmt Malters dem Zivildienstgesetz zu."
1063,52.4,52.4,47.6,"Meggen LU","Die Vorlage das Zivildienstgesetz ist in Meggen mit 52,4 Prozent der Stimmen angenommen worden. Übereinstimmend mit dem Kanton Luzern stimmt Meggen dem Zivildienstgesetz zu."
1064,74.5,74.5,25.5,"Meierskappel LU","In Meierskappel ist das Zivildienstgesetz mit 74,5 Prozent der Stimmen angenommen worden. Übereinstimmend mit dem Kanton Luzern stimmt Meierskappel dem Zivildienstgesetz zu."
1065,55,55,45,"Root LU","Die Vorlage das Zivildienstgesetz ist in Root mit 55 Prozent der Stimmen angenommen worden. Übereinstimmend mit dem Kanton Luzern stimmt Root dem Zivildienstgesetz zu."
1066,32.4,32.4,67.6,"Schwarzenberg LU","Schwarzenberg hat das Zivildienstgesetz mit 67,6 Prozent Nein-Stimmen verworfen. Schwarzenberg lehnt das Zivildienstgesetz ab, der Kanton Luzern nimmt sie an."
1067,33.1,33.1,66.9,"Udligenswil LU","Udligenswil hat das Zivildienstgesetz mit 66,9 Prozent Nein-Stimmen verworfen. Udligenswil lehnt das Zivildienstgesetz ab, der Kanton Luzern nimmt sie an."
1068,53.8,53.8,46.2,"Vitznau LU","In Vitznau wird das Zivildienstgesetz mit 53,8 Prozent angenommen. Übereinstimmend mit dem Kanton Luzern stimmt Vitznau dem Zivildienstgesetz zu."
1069,53.3,53.3,46.7,"Weggis LU","Das Zivildienstgesetz erreicht in Weggis 53,3 Prozent Ja-Stimmen. Übereinstimmend mit dem Kanton Luzern stimmt Weggis dem Zivildienstgesetz zu."
1081,92.2,92.2,7.8,"Beromünster LU","Die Vorlage das Zivildienstgesetz ist in Beromünster mit 92,2 Prozent der Stimmen angenommen worden. Übereinstimmend mit dem Kanton Luzern stimmt Beromünster dem Zivildienstgesetz zu."
1082,27,27,73,"Büron LU","In Büron wird das Zivildienstgesetz mit 73 Prozent abgelehnt. Büron lehnt das Zivildienstgesetz ab, der Kanton Luzern nimmt sie an."
1083,45.9,45.9,54.1,"Buttisholz LU","Nein zum Zivildienstgesetz in Buttisholz: 54,1 Prozent. Buttisholz lehnt das Zivildienstgesetz ab, der Kanton Luzern nimmt sie an."
1084,52.3,52.3,47.7,"Eich LU","In Eich wird das Zivildienstgesetz mit 52,3 Prozent angenommen. Übereinstimmend mit dem Kanton Luzern stimmt Eich dem Zivildienstgesetz zu."
1085,67.2,67.2,32.8,"Geuensee LU","In Geuensee ist das Zivildienstgesetz mit 67,2 Prozent der Stimmen angenommen worden. Übereinstimmend mit dem Kanton Luzern stimmt Geuensee dem Zivildienstgesetz zu."
1086,40.4,40.4,59.6,"Grosswangen LU","59,6 Prozent der Stimmbürgerinnen und Stimmbürger von Grosswangen haben das Zivildienstgesetz abgelehnt. Grosswangen lehnt das Zivildienstgesetz ab, der Kanton Luzern nimmt sie an."
1088,26.4,26.4,73.6,"Hildisrieden LU","In Hildisrieden wird das Zivildienstgesetz mit 73,6 Prozent abgelehnt. Hildisrieden lehnt das Zivildienstgesetz ab, der Kanton Luzern nimmt sie an."
1089,95.6,95.6,4.4,"Knutwil LU","Das Zivildienstgesetz erreicht in Knutwil 95,6 Prozent Ja-Stimmen. Übereinstimmend mit dem Kanton Luzern stimmt Knutwil dem Zivildienstgesetz zu."
1091,48.4,48.4,51.6,"Mauensee LU","Mauensee hat das Zivildienstgesetz mit 51,6 Prozent Nein-Stimmen verworfen. Mauensee lehnt das Zivildienstgesetz ab, der Kanton Luzern nimmt sie an."
1093,94.8,94.8,5.2,"Neuenkirch LU","Die Vorlage das Zivildienstgesetz ist in Neuenkirch mit 94,8 Prozent der Stimmen angenommen worden. Übereinstimmend mit dem Kanton Luzern stimmt Neuenkirch dem Zivildienstgesetz zu."
1094,59.1,59.1,40.9,"Nottwil LU","Das Zivildienstgesetz erreicht in Nottwil 59,1 Prozent Ja-Stimmen. Übereinstimmend mit dem Kanton Luzern stimmt Nottwil dem Zivildienstgesetz zu."
1095,61,61,39,"Oberkirch LU","Das Zivildienstgesetz erreicht in Oberkirch 61 Prozent Ja-Stimmen. Übereinstimmend mit dem Kanton Luzern stimmt Oberkirch dem Zivildienstgesetz zu."
1097,76.5,76.5,23.5,"Rickenbach LU","Das Zivildienstgesetz erreicht in Rickenbach LU 76,5 Prozent Ja-Stimmen. Übereinstimmend mit dem Kanton Luzern stimmt Rickenbach LU dem Zivildienstgesetz zu."
1098,18.7,18.7,81.3,"Ruswil LU","In Ruswil hat das Zivildienstgesetz keine Mehrheit gefunden: 81,3 Prozent lehnen die Vorlage ab. Ruswil lehnt das Zivildienstgesetz ab, der Kanton Luzern nimmt sie an."
1099,74.8,74.8,25.2,"Schenkon LU","Das Zivildienstgesetz erreicht in Schenkon 74,8 Prozent Ja-Stimmen. Übereinstimmend mit dem Kanton Luzern stimmt Schenkon dem Zivildienstgesetz zu."
1100,17.5,17.5,82.5,"Schlierbach LU","Schlierbach hat das Zivildienstgesetz mit 82,5 Prozent Nein-Stimmen verworfen. Schlierbach verzeichnet im Kanton Luzern den höchsten Nein-Anteil zum Zivildienstgesetz."
1102,47.1,47.1,52.9,"Sempach LU","Sempach hat das Zivildienstgesetz mit 52,9 Prozent Nein-Stimmen verworfen. Sempach lehnt das Zivildienstgesetz ab, der Kanton Luzern nimmt sie an."
1103,99.2,99.2,0.8,"Sursee LU","Die Vorlage das Zivildienstgesetz ist in Sursee mit 99,2 Prozent der Stimmen angenommen worden. Übereinstimmend mit dem Kanton Luzern stimmt Sursee dem Zivildienstgesetz zu."
1104,62.8,62.8,37.2,"Triengen LU","Das Zivildienstgesetz erreicht in Triengen 62,8 Prozent Ja-Stimmen. Übereinstimmend mit dem Kanton Luzern stimmt Triengen dem Zivildienstgesetz zu."
1107,33.3,33.3,66.7,"Wolhusen LU","In Wolhusen hat das Zivildienstgesetz keine Mehrheit gefunden: 66,7 Prozent lehnen die Vorlage ab. Wolhusen lehnt das Zivildienstgesetz ab, der Kanton Luzern nimmt sie an."
1121,48.6,48.6,51.4,"Alberswil LU","Nein zum Zivildienstgesetz in Alberswil: 51,4 Prozent. Alberswil lehnt das Zivildienstgesetz ab, der Kanton Luzern nimmt sie an."
1122,52.9,52.9,47.1,"Altbüron LU","Die Vorlage das Zivildienstgesetz ist in Altbüron mit 52,9 Prozent der Stimmen angenommen worden. Übereinstimmend mit dem Kanton Luzern stimmt Altbüron dem Zivildienstgesetz zu."
1123,27,27,73,"Altishofen LU","In Altishofen hat das Zivildienstgesetz keine Mehrheit gefunden: 73 Prozent lehnen die Vorlage ab. Altishofen lehnt das Zivildienstgesetz ab, der Kanton Luzern nimmt sie an."
1125,43.1,43.1,56.9,"Dagmersellen LU","56,9 Prozent der Stimmbürgerinnen und Stimmbürger von Dagmersellen haben das Zivildienstgesetz abgelehnt. Dagmersellen lehnt das Zivildienstgesetz ab, der Kanton Luzern nimmt sie an."
1127,80.6,80.6,19.4,"Egolzwil LU","Die Vorlage das Zivildienstgesetz ist in Egolzwil mit 80,6 Prozent der Stimmen angenommen worden. Übereinstimmend mit dem Kanton Luzern stimmt Egolzwil dem Zivildienstgesetz zu."
1128,47.6,47.6,52.4,"Ettiswil LU","In Ettiswil wird das Zivildienstgesetz mit 52,4 Prozent abgelehnt. Ettiswil lehnt das Zivildienstgesetz ab, der Kanton Luzern nimmt sie an."
1129,51.5,51.5,48.5,"Fischbach LU","Das Zivildienstgesetz erreicht in Fischbach 51,5 Prozent Ja-Stimmen. Übereinstimmend mit dem Kanton Luzern stimmt Fischbach dem Zivildienstgesetz zu."
1131,33.6,33.6,66.4,"Grossdietwil LU","Grossdietwil hat das Zivildienstgesetz mit 66,4 Prozent Nein-Stimmen verworfen. Grossdietwil lehnt das Zivildienstgesetz ab, der Kanton Luzern nimmt sie an."
1132,19.9,19.9,80.1,"Hergiswil bei Willisau LU","In Hergiswil bei Willisau wird das Zivildienstgesetz mit 80,1 Prozent abgelehnt. Hergiswil bei Willisau lehnt das Zivildienstgesetz ab, der Kanton Luzern nimmt sie an."
1135,34.5,34.5,65.5,"Luthern LU","In Luthern wird das Zivildienstgesetz mit 65,5 Prozent abgelehnt. Luthern lehnt das Zivildienstgesetz ab, der Kanton Luzern nimmt sie an."
1136,54.5,54.5,45.5,"Menznau LU","In Menznau ist das Zivildienstgesetz mit 54,5 Prozent der Stimmen angenommen worden. Übereinstimmend mit dem Kanton Luzern stimmt Menznau dem Zivildienstgesetz zu."
1137,39.4,39.4,60.6,"Nebikon LU","Nein zum Zivildienstgesetz in Nebikon: 60,6 Prozent. Nebikon lehnt das Zivildienstgesetz ab, der Kanton Luzern nimmt sie an."
1139,62.3,62.3,37.7,"Pfaffnau LU","In Pfaffnau wird das Zivildienstgesetz mit 62,3 Prozent angenommen. Übereinstimmend mit dem Kanton Luzern stimmt Pfaffnau dem Zivildienstgesetz zu."
1140,59.2,59.2,40.8,"Reiden LU","In Reiden wird das Zivildienstgesetz mit 59,2 Prozent angenommen. Übereinstimmend mit dem Kanton Luzern stimmt Reiden dem Zivildienstgesetz zu."
1142,52.4,52.4,47.6,"Roggliswil LU","In Roggliswil wird das Zivildienstgesetz mit 52,4 Prozent angenommen. Übereinstimmend mit dem Kanton Luzern stimmt Roggliswil dem Zivildienstgesetz zu."
1143,67.4,67.4,32.6,"Schötz LU","In Schötz wird das Zivildienstgesetz mit 67,4 Prozent angenommen. Übereinstimmend mit dem Kanton Luzern stimmt Schötz dem Zivildienstgesetz zu."
1145,84.6,84.6,15.4,"Ufhusen LU","In Ufhusen wird das Zivildienstgesetz mit 84,6 Prozent angenommen. Übereinstimmend mit dem Kanton Luzern stimmt Ufhusen dem Zivildienstgesetz zu."
1146,33.6,33.6,66.4,"Wauwil LU","66,4 Prozent der Stimmbürgerinnen und Stimmbürger von Wauwil haben das Zivildienstgesetz abgelehnt. Wauwil lehnt das Zivildienstgesetz ab, der Kanton Luzern nimmt sie an."
1147,52.9,52.9,47.1,"Wikon LU","Das Zivildienstgesetz erreicht in Wikon 52,9 Prozent Ja-Stimmen. Übereinstimmend mit dem Kanton Luzern stimmt Wikon dem Zivildienstgesetz zu."
1150,71.5,71.5,28.5,"Zell LU","Das Zivildienstgesetz erreicht in Zell LU 71,5 Prozent Ja-Stimmen. Übereinstimmend mit dem Kanton Luzern stimmt Zell LU dem Zivildienstgesetz zu."
1151,29,29,71,"Willisau LU","In Willisau wird das Zivildienstgesetz mit 71 Prozent abgelehnt. Willisau lehnt das Zivildienstgesetz ab, der Kanton Luzern nimmt sie an."
1201,59.7,59.7,40.3,"Altdorf UR","Das Zivildienstgesetz erreicht in Altdorf UR 59,7 Prozent Ja-Stimmen. Altdorf UR nimmt das Zivildienstgesetz an, der Kanton Uri lehnt es ab."
1202,8.9,8.9,91.1,"Andermatt UR","Andermatt hat das Zivildienstgesetz mit 91,1 Prozent Nein-Stimmen verworfen. Andermatt verzeichnet im Kanton Uri den höchsten Nein-Anteil zum Zivildienstgesetz."
1203,71.7,71.7,28.3,"Attinghausen UR","In Attinghausen wird das Zivildienstgesetz mit 71,7 Prozent angenommen. Attinghausen nimmt das Zivildienstgesetz an, der Kanton Uri lehnt es ab."
1205,24.2,24.2,75.8,"Bürglen UR","Nein zum Zivildienstgesetz in Bürglen UR: 75,8 Prozent. Sowohl Bürglen UR als auch der Kanton Uri verwerfen das Zivildienstgesetz."
1206,97.6,97.6,2.4,"Erstfeld UR","In Erstfeld wird das Zivildienstgesetz mit 97,6 Prozent angenommen. Höchster Ja-Anteil zum Zivildienstgesetz im Kanton Uri: Erstfeld."
1207,10.3,10.3,89.7,"Flüelen UR","Nein zum Zivildienstgesetz in Flüelen: 89,7 Prozent. Sowohl Flüelen als auch der Kanton Uri verwerfen das Zivildienstgesetz."
1208,57.2,57.2,42.8,"Göschenen UR","Das Zivildienstgesetz erreicht in Göschenen 57,2 Prozent Ja-Stimmen. Göschenen nimmt das Zivildienstgesetz an, der Kanton Uri lehnt es ab."
1209,18.5,18.5,81.5,"Gurtnellen UR","In Gurtnellen hat das Zivildienstgesetz keine Mehrheit gefunden: 81,5 Prozent lehnen die Vorlage ab. Sowohl Gurtnellen als auch der Kanton Uri verwerfen das Zivildienstgesetz."
1210,33.8,33.8,66.2,"Hospental UR","In Hospental hat das Zivildienstgesetz keine Mehrheit gefunden: 66,2 Prozent lehnen die Vorlage ab. Sowohl Hospental als auch der Kanton Uri verwerfen das Zivildienstgesetz."
1211,41.3,41.3,58.7,"Isenthal UR","58,7 Prozent der Stimmbürgerinnen und Stimmbürger von Isenthal haben das Zivildienstgesetz abgelehnt. Sowohl Isenthal als auch der Kanton Uri verwerfen das Zivildienstgesetz."
1212,80.4,80.4,19.6,"Realp UR","Die Vorlage das Zivildienstgesetz ist in Realp mit 80,4 Prozent der Stimmen angenommen worden. Realp nimmt das Zivildienstgesetz an, der Kanton Uri lehnt es ab."
1213,18.1,18.1,81.9,"Schattdorf UR","Schattdorf hat das Zivildienstgesetz mit 81,9 Prozent Nein-Stimmen verworfen. Sowohl Schattdorf als auch der Kanton Uri verwerfen das Zivildienstgesetz."
1214,69.1,69.1,30.9,"Seedorf UR","Die Vorlage das Zivildienstgesetz ist in Seedorf UR mit 69,1 Prozent der Stimmen angenommen worden. Seedorf UR nimmt das Zivildienstgesetz an, der Kanton Uri lehnt es ab."
1215,80.4,80.4,19.6,"Seelisberg UR","In Seelisberg wird das Zivildienstgesetz mit 80,4 Prozent angenommen. Seelisberg nimmt das Zivildienstgesetz an, der Kanton Uri lehnt es ab."
1216,57.6,57.6,42.4,"Silenen UR","Das Zivildienstgesetz erreicht in Silenen 57,6 Prozent Ja-Stimmen. Silenen nimmt das Zivildienstgesetz an, der Kanton Uri lehnt es ab."
1217,65.2,65.2,34.8,"Sisikon UR","Das Zivildienstgesetz erreicht in Sisikon 65,2 Prozent Ja-Stimmen. Sisikon nimmt das Zivildienstgesetz an, der Kanton Uri lehnt es ab."
1218,24.6,24.6,75.4,"Spiringen UR","Nein zum Zivildienstgesetz in Spiringen: 75,4 Prozent. Sowohl Spiringen als auch der Kanton Uri verwerfen das Zivildienstgesetz."
1219,68.3,68.3,31.7,"Unterschächen UR","In Unterschächen wird das Zivildienstgesetz mit 68,3 Prozent angenommen. Unterschächen nimmt das Zivildienstgesetz an, der Kanton Uri lehnt es ab."
1220,10.6,10.6,89.4,"Wassen UR","Nein zum Zivildienstgesetz in Wassen: 89,4 Prozent. Sowohl Wassen als auch der Kanton Uri verwerfen das Zivildienstgesetz."
1301,87.9,87.9,12.1,"Einsiedeln SZ","Das Zivildienstgesetz erreicht in Einsiedeln 87,9 Prozent Ja-Stimmen. Einsiedeln nimmt das Zivildienstgesetz an, der Kanton Schwyz lehnt es ab."
1311,86.4,86.4,13.6,"Gersau SZ","Das Zivildienstgesetz erreicht in Gersau 86,4 Prozent Ja-Stimmen. Gersau nimmt das Zivildienstgesetz an, der Kanton Schwyz lehnt es ab."
1321,63.7,63.7,36.3,"Feusisberg SZ","In Feusisberg wird das Zivildienstgesetz mit 63,7 Prozent angenommen. Feusisberg nimmt das Zivildienstgesetz an, der Kanton Schwyz lehnt es ab."
1322,16.4,16.4,83.6,"Freienbach SZ","Freienbach hat das Zivildienstgesetz mit 83,6 Prozent Nein-Stimmen verworfen. Sowohl Freienbach als auch der Kanton Schwyz verwerfen das Zivildienstgesetz."
1323,44.3,44.3,55.7,"Wollerau SZ","In Wollerau wird das Zivildienstgesetz mit 55,7 Prozent abgelehnt. Sowohl Wollerau als auch der Kanton Schwyz verwerfen das Zivildienstgesetz."
1331,82.7,82.7,17.3,"Küssnacht SZ","In Küssnacht SZ wird das Zivildienstgesetz mit 82,7 Prozent angenommen. Küssnacht SZ nimmt das Zivildienstgesetz an, der Kanton Schwyz lehnt es ab."
1341,3.7,3.7,96.3,"Altendorf SZ","Nein zum Zivildienstgesetz in Altendorf: 96,3 Prozent. Sowohl Altendorf als auch der Kanton Schwyz verwerfen das Zivildienstgesetz."
1342,34.8,34.8,65.2,"Galgenen SZ","Galgenen hat das Zivildienstgesetz mit 65,2 Prozent Nein-Stimmen verworfen. Sowohl Galgenen als auch der Kanton Schwyz verwerfen das Zivildienstgesetz."
1343,52.8,52.8,47.2,"Innerthal SZ","In Innerthal wird das Zivildienstgesetz mit 52,8 Prozent angenommen. Innerthal nimmt das Zivildienstgesetz an, der Kanton Schwyz lehnt es ab."
1344,80,80,20,"Lachen SZ","Die Vorlage das Zivildienstgesetz ist in Lachen mit 80 Prozent der Stimmen angenommen worden. Lachen nimmt das Zivildienstgesetz an, der Kanton Schwyz lehnt es ab."
1345,27.9,27.9,72.1,"Reichenburg SZ","Reichenburg hat das Zivildienstgesetz mit 72,1 Prozent Nein-Stimmen verworfen. Sowohl Reichenburg als auch der Kanton Schwyz verwerfen das Zivildienstgesetz."
1346,66.4,66.4,33.6,"Schübelbach SZ","In Schübelbach ist das Zivildienstgesetz mit 66,4 Prozent der Stimmen angenommen worden. Schübelbach nimmt das Zivildienstgesetz an, der Kanton Schwyz lehnt es ab."
1347,97.6,97.6,2.4,"Tuggen SZ","In Tuggen ist das Zivildienstgesetz mit 97,6 Prozent der Stimmen angenommen worden. Tuggen nimmt das Zivildienstgesetz an, der Kanton Schwyz lehnt es ab."
1348,52.4,52.4,47.6,"Vorderthal SZ","Das Zivildienstgesetz erreicht in Vorderthal 52,4 Prozent Ja-Stimmen. Vorderthal nimmt das Zivildienstgesetz an, der Kanton Schwyz lehnt es ab."
1349,1.5,1.5,98.5,"Wangen SZ","Wangen SZ hat das Zivildienstgesetz mit 98,5 Prozent Nein-Stimmen verworfen. Sowohl Wangen SZ als auch der Kanton Schwyz verwerfen das Zivildienstgesetz."
1361,71.8,71.8,28.2,"Alpthal SZ","In Alpthal wird das Zivildienstgesetz mit 71,8 Prozent angenommen. Alpthal nimmt das Zivildienstgesetz an, der Kanton Schwyz lehnt es ab."
1362,99.3,99.3,0.7,"Arth SZ","Das Zivildienstgesetz erreicht in Arth 99,3 Prozent Ja-Stimmen. Höchster Ja-Anteil zum Zivildienstgesetz im Kanton Schwyz: Arth."
1363,51.2,51.2,48.8,"Illgau SZ","In Illgau wird das Zivildienstgesetz mit 51,2 Prozent angenommen. Illgau nimmt das Zivildienstgesetz an, der Kanton Schwyz lehnt es ab."
1364,94.3,94.3,5.7,"Ingenbohl SZ","In Ingenbohl wird das Zivildienstgesetz mit 94,3 Prozent angenommen. Ingenbohl nimmt das Zivildienstgesetz an, der Kanton Schwyz lehnt es ab."
1365,59.6,59.6,40.4,"Lauerz SZ","In Lauerz wird das Zivildienstgesetz mit 59,6 Prozent angenommen. Lauerz nimmt das Zivildienstgesetz an, der Kanton Schwyz lehnt es ab."
1366,0.6,0.6,99.4,"Morschach SZ","Morschach hat das Zivildienstgesetz mit 99,4 Prozent Nein-Stimmen verworfen. Morschach verzeichnet im Kanton Schwyz den höchsten Nein-Anteil zum Zivildienstgesetz."
1367,83.7,83.7,16.3,"Muotathal SZ","Das Zivildienstgesetz erreicht in Muotathal 83,7 Prozent Ja-Stimmen. Muotathal nimmt das Zivildienstgesetz an, der Kanton Schwyz lehnt es ab."
1368,8,8,92,"Oberiberg SZ","Nein zum Zivildienstgesetz in Oberiberg: 92 Prozent. Sowohl Oberiberg als auch der Kanton Schwyz verwerfen das Zivildienstgesetz."
1369,29.2,29.2,70.8,"Riemenstalden SZ","Riemenstalden hat das Zivildienstgesetz mit 70,8 Prozent Nein-Stimmen verworfen. Sowohl Riemenstalden als auch der Kanton Schwyz verwerfen das Zivildienstgesetz."
1370,50.6,50.6,49.4,"Rothenthurm SZ","Das Zivildienstgesetz erreicht in Rothenthurm 50,6 Prozent Ja-Stimmen. Rothenthurm nimmt das Zivildienstgesetz an, der Kanton Schwyz lehnt es ab."
1371,84.7,84.7,15.3,"Sattel SZ","In Sattel wird das Zivildienstgesetz mit 84,7 Prozent angenommen. Sattel nimmt das Zivildienstgesetz an, der Kanton Schwyz lehnt es ab."
1372,70.1,70.1,29.9,"Schwyz SZ","Das Zivildienstgesetz erreicht in Schwyz 70,1 Prozent Ja-Stimmen. Schwyz nimmt das Zivildienstgesetz an, der Kanton Schwyz lehnt es ab."
1373,68.2,68.2,31.8,"Steinen SZ","Das Zivildienstgesetz erreicht in Steinen 68,2 Prozent Ja-Stimmen. Steinen nimmt das Zivildienstgesetz an, der Kanton Schwyz lehnt es ab."
1374,96.6,96.6,3.4,"Steinerberg SZ","In Steinerberg ist das Zivildienstgesetz mit 96,6 Prozent der Stimmen angenommen worden. Steinerberg nimmt das Zivildienstgesetz an, der Kanton Schwyz lehnt es ab."
1375,55.8,55.8,44.2,"Unteriberg SZ","In Unteriberg wird das Zivildienstgesetz mit 55,8 Prozent angenommen. Unteriberg nimmt das Zivildienstgesetz an, der Kanton Schwyz lehnt es ab."
1401,16.3,16.3,83.7,"Alpnach OW","In Alpnach hat das Zivildienstgesetz keine Mehrheit gefunden: 83,7 Prozent lehnen die Vorlage ab. Sowohl Alpnach als auch der Kanton Obwalden verwerfen das Zivildienstgesetz."
1402,53.9,53.9,46.1,"Engelberg OW","In Engelberg wird das Zivildienstgesetz mit 53,9 Prozent angenommen. Engelberg nimmt das Zivildienstgesetz an, der Kanton Obwalden lehnt es ab."
1403,31.2,31.2,68.8,"Giswil OW","Giswil hat das Zivildienstgesetz mit 68,8 Prozent Nein-Stimmen verworfen. Sowohl Giswil als auch der Kanton Obwalden verwerfen das Zivildienstgesetz."
1404,7.3,7.3,92.7,"Kerns OW","In Kerns wird das Zivildienstgesetz mit 92,7 Prozent abgelehnt. Kerns verzeichnet im Kanton Obwalden den höchsten Nein-Anteil zum Zivildienstgesetz."
1405,60.6,60.6,39.4,"Lungern OW","In Lungern ist das Zivildienstgesetz mit 60,6 Prozent der Stimmen angenommen worden. Höchster Ja-Anteil zum Zivildienstgesetz im Kanton Obwalden: Lungern."
1406,25.7,25.7,74.3,"Sachseln OW","In Sachseln hat das Zivildienstgesetz keine Mehrheit gefunden: 74,3 Prozent lehnen die Vorlage ab. Sowohl Sachseln als auch der Kanton Obwalden verwerfen das Zivildienstgesetz."
1407,48.6,48.6,51.4,"Sarnen OW","Nein zum Zivildienstgesetz in Sarnen: 51,4 Prozent. Sowohl Sarnen als auch der Kanton Obwalden verwerfen das Zivildienstgesetz."
1501,58.1,58.1,41.9,"Beckenried NW","In Beckenried wird das Zivildienstgesetz mit 58,1 Prozent angenommen. Beckenried nimmt das Zivildienstgesetz an, der Kanton Nidwalden lehnt es ab."
1502,3.2,3.2,96.8,"Buochs NW","96,8 Prozent der Stimmbürgerinnen und Stimmbürger von Buochs haben das Zivildienstgesetz abgelehnt. Buochs verzeichnet im Kanton Nidwalden den höchsten Nein-Anteil zum Zivildienstgesetz."
1503,53.7,53.7,46.3,"Dallenwil NW","Die Vorlage das Zivildienstgesetz ist in Dallenwil mit 53,7 Prozent der Stimmen angenommen worden. Dallenwil nimmt das Zivildienstgesetz an, der Kanton Nidwalden lehnt es ab."
1504,27.7,27.7,72.3,"Emmetten NW","Nein zum Zivildienstgesetz in Emmetten: 72,3 Prozent. Sowohl Emmetten als auch der Kanton Nidwalden verwerfen das Zivildienstgesetz."
1505,35.9,35.9,64.1,"Ennetbürgen NW","Nein zum Zivildienstgesetz in Ennetbürgen: 64,1 Prozent. Sowohl Ennetbürgen als auch der Kanton Nidwalden verwerfen das Zivildienstgesetz."
1506,34.1,34.1,65.9,"Ennetmoos NW","Nein zum Zivildienstgesetz in Ennetmoos: 65,9 Prozent. Sowohl Ennetmoos als auch der Kanton Nidwalden verwerfen das Zivildienstgesetz."
1507,88.5,88.5,11.5,"Hergiswil NW","Die Vorlage das Zivildienstgesetz ist in Hergiswil NW mit 88,5 Prozent der Stimmen angenommen worden. Höchster Ja-Anteil zum Zivildienstgesetz im Kanton Nidwalden: Hergiswil NW."
1508,48.9,48.9,51.1,"Oberdorf NW","In Oberdorf NW wird das Zivildienstgesetz mit 51,1 Prozent abgelehnt. Sowohl Oberdorf NW als auch der Kanton Nidwalden verwerfen das Zivildienstgesetz."
1509,42.9,42.9,57.1,"Stans NW","Nein zum Zivildienstgesetz in Stans: 57,1 Prozent. Sowohl Stans als auch der Kanton Nidwalden verwerfen das Zivildienstgesetz."
1510,80.1,80.1,19.9,"Stansstad NW","In Stansstad ist das Zivildienstgesetz mit 80,1 Prozent der Stimmen angenommen worden. Stansstad nimmt das Zivildienstgesetz an, der Kanton Nidwalden lehnt es ab."
1511,69.9,69.9,30.1,"Wolfenschiessen NW","In Wolfenschiessen wird das Zivildienstgesetz mit 69,9 Prozent angenommen. Wolfenschiessen nimmt das Zivildienstgesetz an, der Kanton Nidwalden lehnt es ab."
1630,43.5,43.5,56.5,"Glarus Nord GL","In Glarus Nord wird das Zivildienstgesetz mit 56,5 Prozent abgelehnt."
1631,28.8,28.8,71.2,"Glarus Süd GL","Nein zum Zivildienstgesetz in Glarus Süd: 71,2 Prozent. Glarus Süd lehnt das Zivildienstgesetz ab, der Kanton Glarus nimmt sie an."
1632,17.9,17.9,82.1,"Glarus GL","In Glarus hat das Zivildienstgesetz keine Mehrheit gefunden: 82,1 Prozent lehnen die Vorlage ab. Glarus verzeichnet im Kanton Glarus den höchsten Nein-Anteil zum Zivildienstgesetz."
1701,50.6,50.6,49.4,"Baar ZG","In Baar ist das Zivildienstgesetz mit 50,6 Prozent der Stimmen angenommen worden. Baar nimmt das Zivildienstgesetz an, der Kanton Zug lehnt es ab."
1702,96.3,96.3,3.7,"Cham ZG","In Cham wird das Zivildienstgesetz mit 96,3 Prozent angenommen. Höchster Ja-Anteil zum Zivildienstgesetz im Kanton Zug: Cham."
1703,47.5,47.5,52.5,"Hünenberg ZG","Nein zum Zivildienstgesetz in Hünenberg: 52,5 Prozent. Sowohl Hünenberg als auch der Kanton Zug verwerfen das Zivildienstgesetz."
1704,28,28,72,"Menzingen ZG","In Menzingen wird das Zivildienstgesetz mit 72 Prozent abgelehnt. Sowohl Menzingen als auch der Kanton Zug verwerfen das Zivildienstgesetz."
1705,43.6,43.6,56.4,"Neuheim ZG","In Neuheim hat das Zivildienstgesetz keine Mehrheit gefunden: 56,4 Prozent lehnen die Vorlage ab. Sowohl Neuheim als auch der Kanton Zug verwerfen das Zivildienstgesetz."
1706,80.7,80.7,19.3,"Oberägeri ZG","In Oberägeri wird das Zivildienstgesetz mit 80,7 Prozent angenommen. Oberägeri nimmt das Zivildienstgesetz an, der Kanton Zug lehnt es ab."
1707,39.6,39.6,60.4,"Risch ZG","60,4 Prozent der Stimmbürgerinnen und Stimmbürger von Risch haben das Zivildienstgesetz abgelehnt. Sowohl Risch als auch der Kanton Zug verwerfen das Zivildienstgesetz."
1708,66.7,66.7,33.3,"Steinhausen ZG","In Steinhausen wird das Zivildienstgesetz mit 66,7 Prozent angenommen. Steinhausen nimmt das Zivildienstgesetz an, der Kanton Zug lehnt es ab."
1709,7.8,7.8,92.2,"Unterägeri ZG","Nein zum Zivildienstgesetz in Unterägeri: 92,2 Prozent. Unterägeri verzeichnet im Kanton Zug den höchsten Nein-Anteil zum Zivildienstgesetz."
1710,21.6,21.6,78.4,"Walchwil ZG","Walchwil hat das Zivildienstgesetz mit 78,4 Prozent Nein-Stimmen verworfen. Sowohl Walchwil als auch der Kanton Zug verwerfen das Zivildienstgesetz."
1711,78.9,78.9,21.1,"Zug ZG","Das Zivildienstgesetz erreicht in Zug 78,9 Prozent Ja-Stimmen. Zug nimmt das Zivildienstgesetz an, der Kanton Zug lehnt es ab."
2008,61.5,61.5,38.5,"Châtillon FR","Das Zivildienstgesetz erreicht in Châtillon FR 61,5 Prozent Ja-Stimmen. Übereinstimmend mit dem Kanton Freiburg stimmt Châtillon FR dem Zivildienstgesetz zu."
2011,50.6,50.6,49.4,"Cugy FR","In Cugy FR ist das Zivildienstgesetz mit 50,6 Prozent der Stimmen angenommen worden. Übereinstimmend mit dem Kanton Freiburg stimmt Cugy FR dem Zivildienstgesetz zu."
2022,42.8,42.8,57.2,"Gletterens FR","Gletterens hat das Zivildienstgesetz mit 57,2 Prozent Nein-Stimmen verworfen. Gletterens lehnt das Zivildienstgesetz ab, der Kanton Freiburg nimmt sie an."
2025,62.7,62.7,37.3,"Lully FR","In Lully FR ist das Zivildienstgesetz mit 62,7 Prozent der Stimmen angenommen worden. Übereinstimmend mit dem Kanton Freiburg stimmt Lully FR dem Zivildienstgesetz zu."
2029,95.6,95.6,4.4,"Montagny FR","In Montagny FR wird das Zivildienstgesetz mit 95,6 Prozent angenommen. Übereinstimmend mit dem Kanton Freiburg stimmt Montagny FR dem Zivildienstgesetz zu."
2035,49.2,49.2,50.8,"Nuvilly FR","Nein zum Zivildienstgesetz in Nuvilly: 50,8 Prozent. Nuvilly lehnt das Zivildienstgesetz ab, der Kanton Freiburg nimmt sie an."
2038,30.2,30.2,69.8,"Prévondavaux FR","Nein zum Zivildienstgesetz in Prévondavaux: 69,8 Prozent. Prévondavaux lehnt das Zivildienstgesetz ab, der Kanton Freiburg nimmt sie an."
2041,17.6,17.6,82.4,"Saint-Aubin FR","Saint-Aubin FR hat das Zivildienstgesetz mit 82,4 Prozent Nein-Stimmen verworfen. Saint-Aubin FR lehnt das Zivildienstgesetz ab, der Kanton Freiburg nimmt sie an."
2043,86.2,86.2,13.8,"Sévaz FR","Das Zivildienstgesetz erreicht in Sévaz 86,2 Prozent Ja-Stimmen. Übereinstimmend mit dem Kanton Freiburg stimmt Sévaz dem Zivildienstgesetz zu."
2044,23.9,23.9,76.1,"Surpierre FR","76,1 Prozent der Stimmbürgerinnen und Stimmbürger von Surpierre haben das Zivildienstgesetz abgelehnt. Surpierre lehnt das Zivildienstgesetz ab, der Kanton Freiburg nimmt sie an."
2045,43,43,57,"Vallon FR","Vallon hat das Zivildienstgesetz mit 57 Prozent Nein-Stimmen verworfen. Vallon lehnt das Zivildienstgesetz ab, der Kanton Freiburg nimmt sie an."
2050,26.3,26.3,73.7,"Les Montets FR","73,7 Prozent der Stimmbürgerinnen und Stimmbürger von Les Montets haben das Zivildienstgesetz abgelehnt. Les Montets lehnt das Zivildienstgesetz ab, der Kanton Freiburg nimmt sie an."
2051,41.4,41.4,58.6,"Delley-Portalban FR","Delley-Portalban hat das Zivildienstgesetz mit 58,6 Prozent Nein-Stimmen verworfen. Delley-Portalban lehnt das Zivildienstgesetz ab, der Kanton Freiburg nimmt sie an."
2053,31.1,31.1,68.9,"Belmont-Broye FR","In Belmont-Broye wird das Zivildienstgesetz mit 68,9 Prozent abgelehnt. Belmont-Broye lehnt das Zivildienstgesetz ab, der Kanton Freiburg nimmt sie an."
2054,19.1,19.1,80.9,"Estavayer FR","Estavayer hat das Zivildienstgesetz mit 80,9 Prozent Nein-Stimmen verworfen. Estavayer lehnt das Zivildienstgesetz ab, der Kanton Freiburg nimmt sie an."
2055,33.5,33.5,66.5,"Cheyres-Châbles FR","66,5 Prozent der Stimmbürgerinnen und Stimmbürger von Cheyres-Châbles haben das Zivildienstgesetz abgelehnt. Cheyres-Châbles lehnt das Zivildienstgesetz ab, der Kanton Freiburg nimmt sie an."
2056,44.9,44.9,55.1,"Fétigny-Ménières FR","In Fétigny-Ménières hat das Zivildienstgesetz keine Mehrheit gefunden: 55,1 Prozent lehnen die Vorlage ab. Fétigny-Ménières lehnt das Zivildienstgesetz ab, der Kanton Freiburg nimmt sie an."
2063,38.1,38.1,61.9,"Billens-Hennens FR","Nein zum Zivildienstgesetz in Billens-Hennens: 61,9 Prozent. Billens-Hennens lehnt das Zivildienstgesetz ab, der Kanton Freiburg nimmt sie an."
2067,50.1,50.1,49.9,"Le Châtelard FR","Das Zivildienstgesetz erreicht in Le Châtelard 50,1 Prozent Ja-Stimmen. Übereinstimmend mit dem Kanton Freiburg stimmt Le Châtelard dem Zivildienstgesetz zu."
2068,72.1,72.1,27.9,"Châtonnaye FR","Das Zivildienstgesetz erreicht in Châtonnaye 72,1 Prozent Ja-Stimmen. Übereinstimmend mit dem Kanton Freiburg stimmt Châtonnaye dem Zivildienstgesetz zu."
2079,3.8,3.8,96.2,"Grangettes FR","In Grangettes wird das Zivildienstgesetz mit 96,2 Prozent abgelehnt. Grangettes lehnt das Zivildienstgesetz ab, der Kanton Freiburg nimmt sie an."
2086,70.1,70.1,29.9,"Massonnens FR","In Massonnens ist das Zivildienstgesetz mit 70,1 Prozent der Stimmen angenommen worden. Übereinstimmend mit dem Kanton Freiburg stimmt Massonnens dem Zivildienstgesetz zu."
2087,25.4,25.4,74.6,"Mézières FR","74,6 Prozent der Stimmbürgerinnen und Stimmbürger von Mézières FR haben das Zivildienstgesetz abgelehnt. Mézières FR lehnt das Zivildienstgesetz ab, der Kanton Freiburg nimmt sie an."
2096,25,25,75,"Romont FR","Nein zum Zivildienstgesetz in Romont FR: 75 Prozent. Romont FR lehnt das Zivildienstgesetz ab, der Kanton Freiburg nimmt sie an."
2097,7.2,7.2,92.8,"Rue FR","In Rue wird das Zivildienstgesetz mit 92,8 Prozent abgelehnt. Rue lehnt das Zivildienstgesetz ab, der Kanton Freiburg nimmt sie an."
2099,84.3,84.3,15.7,"Siviriez FR","Das Zivildienstgesetz erreicht in Siviriez 84,3 Prozent Ja-Stimmen. Übereinstimmend mit dem Kanton Freiburg stimmt Siviriez dem Zivildienstgesetz zu."
2102,48.2,48.2,51.8,"Ursy FR","Ursy hat das Zivildienstgesetz mit 51,8 Prozent Nein-Stimmen verworfen. Ursy lehnt das Zivildienstgesetz ab, der Kanton Freiburg nimmt sie an."
2113,88.3,88.3,11.7,"Vuisternens-devant-Romont FR","In Vuisternens-devant-Romont ist das Zivildienstgesetz mit 88,3 Prozent der Stimmen angenommen worden. Übereinstimmend mit dem Kanton Freiburg stimmt Vuisternens-devant-Romont dem Zivildienstgesetz zu."
2114,95.3,95.3,4.7,"Villorsonnens FR","In Villorsonnens ist das Zivildienstgesetz mit 95,3 Prozent der Stimmen angenommen worden. Übereinstimmend mit dem Kanton Freiburg stimmt Villorsonnens dem Zivildienstgesetz zu."
2115,73.8,73.8,26.2,"Torny FR","In Torny wird das Zivildienstgesetz mit 73,8 Prozent angenommen. Übereinstimmend mit dem Kanton Freiburg stimmt Torny dem Zivildienstgesetz zu."
2117,75.9,75.9,24.1,"Villaz FR","In Villaz ist das Zivildienstgesetz mit 75,9 Prozent der Stimmen angenommen worden. Übereinstimmend mit dem Kanton Freiburg stimmt Villaz dem Zivildienstgesetz zu."
2121,72.2,72.2,27.8,"Haut-Intyamon FR","In Haut-Intyamon wird das Zivildienstgesetz mit 72,2 Prozent angenommen. Übereinstimmend mit dem Kanton Freiburg stimmt Haut-Intyamon dem Zivildienstgesetz zu."
2122,44.4,44.4,55.6,"Pont-en-Ogoz FR","Pont-en-Ogoz hat das Zivildienstgesetz mit 55,6 Prozent Nein-Stimmen verworfen. Pont-en-Ogoz lehnt das Zivildienstgesetz ab, der Kanton Freiburg nimmt sie an."
2123,62.7,62.7,37.3,"Botterens FR","In Botterens wird das Zivildienstgesetz mit 62,7 Prozent angenommen. Übereinstimmend mit dem Kanton Freiburg stimmt Botterens dem Zivildienstgesetz zu."
2124,56.8,56.8,43.2,"Broc FR","Die Vorlage das Zivildienstgesetz ist in Broc mit 56,8 Prozent der Stimmen angenommen worden. Übereinstimmend mit dem Kanton Freiburg stimmt Broc dem Zivildienstgesetz zu."
2125,25.8,25.8,74.2,"Bulle FR","In Bulle wird das Zivildienstgesetz mit 74,2 Prozent abgelehnt. Bulle lehnt das Zivildienstgesetz ab, der Kanton Freiburg nimmt sie an."
2128,47.4,47.4,52.6,"Châtel-sur-Montsalvens FR","52,6 Prozent der Stimmbürgerinnen und Stimmbürger von Châtel-sur-Montsalvens haben das Zivildienstgesetz abgelehnt. Châtel-sur-Montsalvens lehnt das Zivildienstgesetz ab, der Kanton Freiburg nimmt sie an."
2129,65.6,65.6,34.4,"Corbières FR","Das Zivildienstgesetz erreicht in Corbières 65,6 Prozent Ja-Stimmen. Übereinstimmend mit dem Kanton Freiburg stimmt Corbières dem Zivildienstgesetz zu."
2130,13.9,13.9,86.1,"Crésuz FR","Crésuz hat das Zivildienstgesetz mit 86,1 Prozent Nein-Stimmen verworfen. Crésuz lehnt das Zivildienstgesetz ab, der Kanton Freiburg nimmt sie an."
2131,47.3,47.3,52.7,"Echarlens FR","Nein zum Zivildienstgesetz in Echarlens: 52,7 Prozent. Echarlens lehnt das Zivildienstgesetz ab, der Kanton Freiburg nimmt sie an."
2134,92.5,92.5,7.5,"Grandvillard FR","Das Zivildienstgesetz erreicht in Grandvillard 92,5 Prozent Ja-Stimmen. Übereinstimmend mit dem Kanton Freiburg stimmt Grandvillard dem Zivildienstgesetz zu."
2135,36.4,36.4,63.6,"Greyerz FR","63,6 Prozent der Stimmbürgerinnen und Stimmbürger von Greyerz haben das Zivildienstgesetz abgelehnt. Greyerz lehnt das Zivildienstgesetz ab, der Kanton Freiburg nimmt sie an."
2137,56.7,56.7,43.3,"Hauteville FR","Die Vorlage das Zivildienstgesetz ist in Hauteville mit 56,7 Prozent der Stimmen angenommen worden. Übereinstimmend mit dem Kanton Freiburg stimmt Hauteville dem Zivildienstgesetz zu."
2138,32.1,32.1,67.9,"Jaun FR","Nein zum Zivildienstgesetz in Jaun: 67,9 Prozent. Jaun lehnt das Zivildienstgesetz ab, der Kanton Freiburg nimmt sie an."
2140,39.8,39.8,60.2,"Marsens FR","In Marsens hat das Zivildienstgesetz keine Mehrheit gefunden: 60,2 Prozent lehnen die Vorlage ab. Marsens lehnt das Zivildienstgesetz ab, der Kanton Freiburg nimmt sie an."
2143,7.7,7.7,92.3,"Morlon FR","Morlon hat das Zivildienstgesetz mit 92,3 Prozent Nein-Stimmen verworfen. Morlon lehnt das Zivildienstgesetz ab, der Kanton Freiburg nimmt sie an."
2145,8.8,8.8,91.2,"Le Pâquier FR","Le Pâquier FR hat das Zivildienstgesetz mit 91,2 Prozent Nein-Stimmen verworfen. Le Pâquier FR lehnt das Zivildienstgesetz ab, der Kanton Freiburg nimmt sie an."
2147,3.8,3.8,96.2,"Pont-la-Ville FR","Nein zum Zivildienstgesetz in Pont-la-Ville: 96,2 Prozent. Pont-la-Ville lehnt das Zivildienstgesetz ab, der Kanton Freiburg nimmt sie an."
2148,90.3,90.3,9.7,"Riaz FR","Das Zivildienstgesetz erreicht in Riaz 90,3 Prozent Ja-Stimmen. Übereinstimmend mit dem Kanton Freiburg stimmt Riaz dem Zivildienstgesetz zu."
2149,33.5,33.5,66.5,"La Roche FR","66,5 Prozent der Stimmbürgerinnen und Stimmbürger von La Roche haben das Zivildienstgesetz abgelehnt. La Roche lehnt das Zivildienstgesetz ab, der Kanton Freiburg nimmt sie an."
2152,4.9,4.9,95.1,"Sâles FR","Nein zum Zivildienstgesetz in Sâles: 95,1 Prozent. Sâles lehnt das Zivildienstgesetz ab, der Kanton Freiburg nimmt sie an."
2153,76.5,76.5,23.5,"Sorens FR","In Sorens ist das Zivildienstgesetz mit 76,5 Prozent der Stimmen angenommen worden. Übereinstimmend mit dem Kanton Freiburg stimmt Sorens dem Zivildienstgesetz zu."
2155,54.8,54.8,45.2,"Vaulruz FR","Die Vorlage das Zivildienstgesetz ist in Vaulruz mit 54,8 Prozent der Stimmen angenommen worden. Übereinstimmend mit dem Kanton Freiburg stimmt Vaulruz dem Zivildienstgesetz zu."
2160,89.8,89.8,10.2,"Vuadens FR","In Vuadens wird das Zivildienstgesetz mit 89,8 Prozent angenommen. Übereinstimmend mit dem Kanton Freiburg stimmt Vuadens dem Zivildienstgesetz zu."
2162,6.3,6.3,93.7,"Bas-Intyamon FR","93,7 Prozent der Stimmbürgerinnen und Stimmbürger von Bas-Intyamon haben das Zivildienstgesetz abgelehnt. Bas-Intyamon lehnt das Zivildienstgesetz ab, der Kanton Freiburg nimmt sie an."
2163,47.8,47.8,52.2,"Val-de-Charmey FR","Val-de-Charmey hat das Zivildienstgesetz mit 52,2 Prozent Nein-Stimmen verworfen. Val-de-Charmey lehnt das Zivildienstgesetz ab, der Kanton Freiburg nimmt sie an."
2173,17.3,17.3,82.7,"Autigny FR","Nein zum Zivildienstgesetz in Autigny: 82,7 Prozent. Autigny lehnt das Zivildienstgesetz ab, der Kanton Freiburg nimmt sie an."
2174,89.2,89.2,10.8,"Avry FR","Das Zivildienstgesetz erreicht in Avry 89,2 Prozent Ja-Stimmen. Übereinstimmend mit dem Kanton Freiburg stimmt Avry dem Zivildienstgesetz zu."
2175,60.3,60.3,39.7,"Belfaux FR","In Belfaux wird das Zivildienstgesetz mit 60,3 Prozent angenommen. Übereinstimmend mit dem Kanton Freiburg stimmt Belfaux dem Zivildienstgesetz zu."
2177,68.8,68.8,31.2,"Chénens FR","Das Zivildienstgesetz erreicht in Chénens 68,8 Prozent Ja-Stimmen. Übereinstimmend mit dem Kanton Freiburg stimmt Chénens dem Zivildienstgesetz zu."
2183,30.3,30.3,69.7,"Corminboeuf FR","Corminboeuf hat das Zivildienstgesetz mit 69,7 Prozent Nein-Stimmen verworfen. Corminboeuf lehnt das Zivildienstgesetz ab, der Kanton Freiburg nimmt sie an."
2186,96.4,96.4,3.6,"Cottens FR","Die Vorlage das Zivildienstgesetz ist in Cottens FR mit 96,4 Prozent der Stimmen angenommen worden. Übereinstimmend mit dem Kanton Freiburg stimmt Cottens FR dem Zivildienstgesetz zu."
2194,61.1,61.1,38.9,"Ferpicloz FR","Das Zivildienstgesetz erreicht in Ferpicloz 61,1 Prozent Ja-Stimmen. Übereinstimmend mit dem Kanton Freiburg stimmt Ferpicloz dem Zivildienstgesetz zu."
2196,23.5,23.5,76.5,"Freiburg FR","Freiburg hat das Zivildienstgesetz mit 76,5 Prozent Nein-Stimmen verworfen. Freiburg lehnt das Zivildienstgesetz ab, der Kanton Freiburg nimmt sie an."
2197,41.7,41.7,58.3,"Givisiez FR","In Givisiez hat das Zivildienstgesetz keine Mehrheit gefunden: 58,3 Prozent lehnen die Vorlage ab. Givisiez lehnt das Zivildienstgesetz ab, der Kanton Freiburg nimmt sie an."
2198,77.8,77.8,22.2,"Granges-Paccot FR","In Granges-Paccot wird das Zivildienstgesetz mit 77,8 Prozent angenommen. Übereinstimmend mit dem Kanton Freiburg stimmt Granges-Paccot dem Zivildienstgesetz zu."
2206,70.5,70.5,29.5,"Marly FR","In Marly wird das Zivildienstgesetz mit 70,5 Prozent angenommen. Übereinstimmend mit dem Kanton Freiburg stimmt Marly dem Zivildienstgesetz zu."
2208,25.7,25.7,74.3,"Matran FR","Nein zum Zivildienstgesetz in Matran: 74,3 Prozent. Matran lehnt das Zivildienstgesetz ab, der Kanton Freiburg nimmt sie an."
2211,89.6,89.6,10.4,"Neyruz FR","In Neyruz FR ist das Zivildienstgesetz mit 89,6 Prozent der Stimmen angenommen worden. Übereinstimmend mit dem Kanton Freiburg stimmt Neyruz FR dem Zivildienstgesetz zu."
2216,8.4,8.4,91.6,"Pierrafortscha FR","Pierrafortscha hat das Zivildienstgesetz mit 91,6 Prozent Nein-Stimmen verworfen. Pierrafortscha lehnt das Zivildienstgesetz ab, der Kanton Freiburg nimmt sie an."
2220,64.3,64.3,35.7,"Le Mouret FR","In Le Mouret wird das Zivildienstgesetz mit 64,3 Prozent angenommen. Übereinstimmend mit dem Kanton Freiburg stimmt Le Mouret dem Zivildienstgesetz zu."
2226,21.5,21.5,78.5,"Treyvaux FR","Treyvaux hat das Zivildienstgesetz mit 78,5 Prozent Nein-Stimmen verworfen. Treyvaux lehnt das Zivildienstgesetz ab, der Kanton Freiburg nimmt sie an."
2228,4.3,4.3,95.7,"Villars-sur-Glâne FR","Nein zum Zivildienstgesetz in Villars-sur-Glâne: 95,7 Prozent. Villars-sur-Glâne lehnt das Zivildienstgesetz ab, der Kanton Freiburg nimmt sie an."
2230,63.8,63.8,36.2,"Villarsel-sur-Marly FR","Das Zivildienstgesetz erreicht in Villarsel-sur-Marly 63,8 Prozent Ja-Stimmen. Übereinstimmend mit dem Kanton Freiburg stimmt Villarsel-sur-Marly dem Zivildienstgesetz zu."
2233,67.5,67.5,32.5,"Hauterive FR","Die Vorlage das Zivildienstgesetz ist in Hauterive FR mit 67,5 Prozent der Stimmen angenommen worden. Übereinstimmend mit dem Kanton Freiburg stimmt Hauterive FR dem Zivildienstgesetz zu."
2234,52.1,52.1,47.9,"La Brillaz FR","Die Vorlage das Zivildienstgesetz ist in La Brillaz mit 52,1 Prozent der Stimmen angenommen worden. Übereinstimmend mit dem Kanton Freiburg stimmt La Brillaz dem Zivildienstgesetz zu."
2235,73.8,73.8,26.2,"La Sonnaz FR","In La Sonnaz wird das Zivildienstgesetz mit 73,8 Prozent angenommen. Übereinstimmend mit dem Kanton Freiburg stimmt La Sonnaz dem Zivildienstgesetz zu."
2236,53.7,53.7,46.3,"Gibloux FR","Das Zivildienstgesetz erreicht in Gibloux 53,7 Prozent Ja-Stimmen. Übereinstimmend mit dem Kanton Freiburg stimmt Gibloux dem Zivildienstgesetz zu."
2237,65.8,65.8,34.2,"Prez FR","Das Zivildienstgesetz erreicht in Prez 65,8 Prozent Ja-Stimmen. Übereinstimmend mit dem Kanton Freiburg stimmt Prez dem Zivildienstgesetz zu."
2238,26.7,26.7,73.3,"Bois-d'Amont FR","Bois-d'Amont hat das Zivildienstgesetz mit 73,3 Prozent Nein-Stimmen verworfen. Bois-d'Amont lehnt das Zivildienstgesetz ab, der Kanton Freiburg nimmt sie an."
2239,1.8,1.8,98.2,"Grolley-Ponthaux FR","98,2 Prozent der Stimmbürgerinnen und Stimmbürger von Grolley-Ponthaux haben das Zivildienstgesetz abgelehnt. Grolley-Ponthaux verzeichnet im Kanton Freiburg den höchsten Nein-Anteil zum Zivildienstgesetz."
2250,20.4,20.4,79.6,"Gurwolf FR","In Gurwolf wird das Zivildienstgesetz mit 79,6 Prozent abgelehnt. Gurwolf lehnt das Zivildienstgesetz ab, der Kanton Freiburg nimmt sie an."
2254,56.9,56.9,43.1,"Courtepin FR","Das Zivildienstgesetz erreicht in Courtepin 56,9 Prozent Ja-Stimmen. Übereinstimmend mit dem Kanton Freiburg stimmt Courtepin dem Zivildienstgesetz zu."
2257,90.4,90.4,9.6,"Cressier FR","Die Vorlage das Zivildienstgesetz ist in Cressier FR mit 90,4 Prozent der Stimmen angenommen worden. Übereinstimmend mit dem Kanton Freiburg stimmt Cressier FR dem Zivildienstgesetz zu."
2258,50.8,50.8,49.2,"Fräschels FR","In Fräschels wird das Zivildienstgesetz mit 50,8 Prozent angenommen. Übereinstimmend mit dem Kanton Freiburg stimmt Fräschels dem Zivildienstgesetz zu."
2261,52.5,52.5,47.5,"Greng FR","Das Zivildienstgesetz erreicht in Greng 52,5 Prozent Ja-Stimmen. Übereinstimmend mit dem Kanton Freiburg stimmt Greng dem Zivildienstgesetz zu."
2262,100,100,0,"Gurmels FR","Gurmels erreicht schweizweit den zweithöchsten Ja-Anteil beim Zivildienstgesetz mit 100 Prozent. Höchster Ja-Anteil zum Zivildienstgesetz im Kanton Freiburg: Gurmels."
2265,94.5,94.5,5.5,"Kerzers FR","In Kerzers wird das Zivildienstgesetz mit 94,5 Prozent angenommen. Übereinstimmend mit dem Kanton Freiburg stimmt Kerzers dem Zivildienstgesetz zu."
2266,37.5,37.5,62.5,"Kleinbösingen FR","Nein zum Zivildienstgesetz in Kleinbösingen: 62,5 Prozent. Kleinbösingen lehnt das Zivildienstgesetz ab, der Kanton Freiburg nimmt sie an."
2271,58.7,58.7,41.3,"Merlach FR","In Merlach wird das Zivildienstgesetz mit 58,7 Prozent angenommen. Übereinstimmend mit dem Kanton Freiburg stimmt Merlach dem Zivildienstgesetz zu."
2272,41.4,41.4,58.6,"Misery-Courtion FR","Nein zum Zivildienstgesetz in Misery-Courtion: 58,6 Prozent. Misery-Courtion lehnt das Zivildienstgesetz ab, der Kanton Freiburg nimmt sie an."
2274,61.1,61.1,38.9,"Muntelier FR","Das Zivildienstgesetz erreicht in Muntelier 61,1 Prozent Ja-Stimmen. Übereinstimmend mit dem Kanton Freiburg stimmt Muntelier dem Zivildienstgesetz zu."
2275,14.8,14.8,85.2,"Murten FR","Nein zum Zivildienstgesetz in Murten: 85,2 Prozent. Murten lehnt das Zivildienstgesetz ab, der Kanton Freiburg nimmt sie an."
2276,65.2,65.2,34.8,"Ried bei Kerzers FR","In Ried bei Kerzers wird das Zivildienstgesetz mit 65,2 Prozent angenommen. Übereinstimmend mit dem Kanton Freiburg stimmt Ried bei Kerzers dem Zivildienstgesetz zu."
2284,36.6,36.6,63.4,"Mont-Vully FR","Nein zum Zivildienstgesetz in Mont-Vully: 63,4 Prozent. Mont-Vully lehnt das Zivildienstgesetz ab, der Kanton Freiburg nimmt sie an."
2292,47.6,47.6,52.4,"Brünisried FR","Nein zum Zivildienstgesetz in Brünisried: 52,4 Prozent. Brünisried lehnt das Zivildienstgesetz ab, der Kanton Freiburg nimmt sie an."
2293,47.8,47.8,52.2,"Düdingen FR","In Düdingen hat das Zivildienstgesetz keine Mehrheit gefunden: 52,2 Prozent lehnen die Vorlage ab. Düdingen lehnt das Zivildienstgesetz ab, der Kanton Freiburg nimmt sie an."
2294,16.8,16.8,83.2,"Giffers FR","83,2 Prozent der Stimmbürgerinnen und Stimmbürger von Giffers haben das Zivildienstgesetz abgelehnt. Giffers lehnt das Zivildienstgesetz ab, der Kanton Freiburg nimmt sie an."
2295,95.2,95.2,4.8,"Bösingen FR","In Bösingen wird das Zivildienstgesetz mit 95,2 Prozent angenommen. Übereinstimmend mit dem Kanton Freiburg stimmt Bösingen dem Zivildienstgesetz zu."
2296,29.6,29.6,70.4,"Heitenried FR","Nein zum Zivildienstgesetz in Heitenried: 70,4 Prozent. Heitenried lehnt das Zivildienstgesetz ab, der Kanton Freiburg nimmt sie an."
2299,50.8,50.8,49.2,"Plaffeien FR","Das Zivildienstgesetz erreicht in Plaffeien 50,8 Prozent Ja-Stimmen. Übereinstimmend mit dem Kanton Freiburg stimmt Plaffeien dem Zivildienstgesetz zu."
2300,72.2,72.2,27.8,"Plasselb FR","Die Vorlage das Zivildienstgesetz ist in Plasselb mit 72,2 Prozent der Stimmen angenommen worden. Übereinstimmend mit dem Kanton Freiburg stimmt Plasselb dem Zivildienstgesetz zu."
2301,6.3,6.3,93.7,"Rechthalten FR","93,7 Prozent der Stimmbürgerinnen und Stimmbürger von Rechthalten haben das Zivildienstgesetz abgelehnt. Rechthalten lehnt das Zivildienstgesetz ab, der Kanton Freiburg nimmt sie an."
2303,80.5,80.5,19.5,"St. Silvester FR","In St. Silvester wird das Zivildienstgesetz mit 80,5 Prozent angenommen. Übereinstimmend mit dem Kanton Freiburg stimmt St. Silvester dem Zivildienstgesetz zu."
2304,75.1,75.1,24.9,"St. Ursen FR","Das Zivildienstgesetz erreicht in St. Ursen 75,1 Prozent Ja-Stimmen. Übereinstimmend mit dem Kanton Freiburg stimmt St. Ursen dem Zivildienstgesetz zu."
2305,92.9,92.9,7.1,"Schmitten FR","Die Vorlage das Zivildienstgesetz ist in Schmitten FR mit 92,9 Prozent der Stimmen angenommen worden. Übereinstimmend mit dem Kanton Freiburg stimmt Schmitten FR dem Zivildienstgesetz zu."
2306,86.9,86.9,13.1,"Tafers FR","Das Zivildienstgesetz erreicht in Tafers 86,9 Prozent Ja-Stimmen. Übereinstimmend mit dem Kanton Freiburg stimmt Tafers dem Zivildienstgesetz zu."
2307,58.8,58.8,41.2,"Tentlingen FR","Die Vorlage das Zivildienstgesetz ist in Tentlingen mit 58,8 Prozent der Stimmen angenommen worden. Übereinstimmend mit dem Kanton Freiburg stimmt Tentlingen dem Zivildienstgesetz zu."
2308,18.9,18.9,81.1,"Ueberstorf FR","Nein zum Zivildienstgesetz in Ueberstorf: 81,1 Prozent. Ueberstorf lehnt das Zivildienstgesetz ab, der Kanton Freiburg nimmt sie an."
2309,49.4,49.4,50.6,"Wünnewil-Flamatt FR","In Wünnewil-Flamatt hat das Zivildienstgesetz keine Mehrheit gefunden: 50,6 Prozent lehnen die Vorlage ab. Wünnewil-Flamatt lehnt das Zivildienstgesetz ab, der Kanton Freiburg nimmt sie an."
2321,57.2,57.2,42.8,"Attalens FR","Das Zivildienstgesetz erreicht in Attalens 57,2 Prozent Ja-Stimmen. Übereinstimmend mit dem Kanton Freiburg stimmt Attalens dem Zivildienstgesetz zu."
2323,72.3,72.3,27.7,"Bossonnens FR","In Bossonnens ist das Zivildienstgesetz mit 72,3 Prozent der Stimmen angenommen worden. Übereinstimmend mit dem Kanton Freiburg stimmt Bossonnens dem Zivildienstgesetz zu."
2325,71.2,71.2,28.8,"Châtel-Saint-Denis FR","Das Zivildienstgesetz erreicht in Châtel-Saint-Denis 71,2 Prozent Ja-Stimmen. Übereinstimmend mit dem Kanton Freiburg stimmt Châtel-Saint-Denis dem Zivildienstgesetz zu."
2328,77.3,77.3,22.7,"Granges (Veveyse) FR","In Granges (Veveyse) wird das Zivildienstgesetz mit 77,3 Prozent angenommen. Übereinstimmend mit dem Kanton Freiburg stimmt Granges (Veveyse) dem Zivildienstgesetz zu."
2333,73.4,73.4,26.6,"Remaufens FR","Das Zivildienstgesetz erreicht in Remaufens 73,4 Prozent Ja-Stimmen. Übereinstimmend mit dem Kanton Freiburg stimmt Remaufens dem Zivildienstgesetz zu."
2335,21.8,21.8,78.2,"Saint-Martin FR","In Saint-Martin FR hat das Zivildienstgesetz keine Mehrheit gefunden: 78,2 Prozent lehnen die Vorlage ab. Saint-Martin FR lehnt das Zivildienstgesetz ab, der Kanton Freiburg nimmt sie an."
2336,14.9,14.9,85.1,"Semsales FR","In Semsales wird das Zivildienstgesetz mit 85,1 Prozent abgelehnt. Semsales lehnt das Zivildienstgesetz ab, der Kanton Freiburg nimmt sie an."
2337,46.7,46.7,53.3,"Le Flon FR","Le Flon hat das Zivildienstgesetz mit 53,3 Prozent Nein-Stimmen verworfen. Le Flon lehnt das Zivildienstgesetz ab, der Kanton Freiburg nimmt sie an."
2338,6.1,6.1,93.9,"La Verrerie FR","La Verrerie hat das Zivildienstgesetz mit 93,9 Prozent Nein-Stimmen verworfen. La Verrerie lehnt das Zivildienstgesetz ab, der Kanton Freiburg nimmt sie an."
2401,86,86,14,"Egerkingen SO","In Egerkingen wird das Zivildienstgesetz mit 86 Prozent angenommen. Übereinstimmend mit dem Kanton Solothurn stimmt Egerkingen dem Zivildienstgesetz zu."
2402,16.9,16.9,83.1,"Härkingen SO","Nein zum Zivildienstgesetz in Härkingen: 83,1 Prozent. Härkingen lehnt das Zivildienstgesetz ab, der Kanton Solothurn nimmt sie an."
2403,49.6,49.6,50.4,"Kestenholz SO","In Kestenholz wird das Zivildienstgesetz mit 50,4 Prozent abgelehnt. Kestenholz lehnt das Zivildienstgesetz ab, der Kanton Solothurn nimmt sie an."
2404,84,84,16,"Neuendorf SO","In Neuendorf wird das Zivildienstgesetz mit 84 Prozent angenommen. Übereinstimmend mit dem Kanton Solothurn stimmt Neuendorf dem Zivildienstgesetz zu."
2405,43.1,43.1,56.9,"Niederbuchsiten SO","56,9 Prozent der Stimmbürgerinnen und Stimmbürger von Niederbuchsiten haben das Zivildienstgesetz abgelehnt. Niederbuchsiten lehnt das Zivildienstgesetz ab, der Kanton Solothurn nimmt sie an."
2406,48.7,48.7,51.3,"Oberbuchsiten SO","51,3 Prozent der Stimmbürgerinnen und Stimmbürger von Oberbuchsiten haben das Zivildienstgesetz abgelehnt. Oberbuchsiten lehnt das Zivildienstgesetz ab, der Kanton Solothurn nimmt sie an."
2407,68.3,68.3,31.7,"Oensingen SO","In Oensingen wird das Zivildienstgesetz mit 68,3 Prozent angenommen. Übereinstimmend mit dem Kanton Solothurn stimmt Oensingen dem Zivildienstgesetz zu."
2408,9.7,9.7,90.3,"Wolfwil SO","Nein zum Zivildienstgesetz in Wolfwil: 90,3 Prozent. Wolfwil lehnt das Zivildienstgesetz ab, der Kanton Solothurn nimmt sie an."
2421,65.3,65.3,34.7,"Aedermannsdorf SO","In Aedermannsdorf wird das Zivildienstgesetz mit 65,3 Prozent angenommen. Übereinstimmend mit dem Kanton Solothurn stimmt Aedermannsdorf dem Zivildienstgesetz zu."
2422,24.3,24.3,75.7,"Balsthal SO","In Balsthal wird das Zivildienstgesetz mit 75,7 Prozent abgelehnt. Balsthal lehnt das Zivildienstgesetz ab, der Kanton Solothurn nimmt sie an."
2424,48.7,48.7,51.3,"Herbetswil SO","In Herbetswil wird das Zivildienstgesetz mit 51,3 Prozent abgelehnt. Herbetswil lehnt das Zivildienstgesetz ab, der Kanton Solothurn nimmt sie an."
2425,40.9,40.9,59.1,"Holderbank SO","Holderbank SO hat das Zivildienstgesetz mit 59,1 Prozent Nein-Stimmen verworfen. Holderbank SO lehnt das Zivildienstgesetz ab, der Kanton Solothurn nimmt sie an."
2426,50.4,50.4,49.6,"Laupersdorf SO","Die Vorlage das Zivildienstgesetz ist in Laupersdorf mit 50,4 Prozent der Stimmen angenommen worden. Übereinstimmend mit dem Kanton Solothurn stimmt Laupersdorf dem Zivildienstgesetz zu."
2427,55.5,55.5,44.5,"Matzendorf SO","In Matzendorf wird das Zivildienstgesetz mit 55,5 Prozent angenommen. Übereinstimmend mit dem Kanton Solothurn stimmt Matzendorf dem Zivildienstgesetz zu."
2428,32.7,32.7,67.3,"Mümliswil-Ramiswil SO","Mümliswil-Ramiswil hat das Zivildienstgesetz mit 67,3 Prozent Nein-Stimmen verworfen. Mümliswil-Ramiswil lehnt das Zivildienstgesetz ab, der Kanton Solothurn nimmt sie an."
2430,26.9,26.9,73.1,"Welschenrohr-Gänsbrunnen SO","In Welschenrohr-Gänsbrunnen wird das Zivildienstgesetz mit 73,1 Prozent abgelehnt. Welschenrohr-Gänsbrunnen lehnt das Zivildienstgesetz ab, der Kanton Solothurn nimmt sie an."
2445,26,26,74,"Biezwil SO","Biezwil hat das Zivildienstgesetz mit 74 Prozent Nein-Stimmen verworfen. Biezwil lehnt das Zivildienstgesetz ab, der Kanton Solothurn nimmt sie an."
2455,30.2,30.2,69.8,"Lüterkofen-Ichertswil SO","In Lüterkofen-Ichertswil wird das Zivildienstgesetz mit 69,8 Prozent abgelehnt. Lüterkofen-Ichertswil lehnt das Zivildienstgesetz ab, der Kanton Solothurn nimmt sie an."
2457,21.8,21.8,78.2,"Messen SO","In Messen wird das Zivildienstgesetz mit 78,2 Prozent abgelehnt. Messen lehnt das Zivildienstgesetz ab, der Kanton Solothurn nimmt sie an."
2461,66.3,66.3,33.7,"Schnottwil SO","Das Zivildienstgesetz erreicht in Schnottwil 66,3 Prozent Ja-Stimmen. Übereinstimmend mit dem Kanton Solothurn stimmt Schnottwil dem Zivildienstgesetz zu."
2463,46.7,46.7,53.3,"Unterramsern SO","53,3 Prozent der Stimmbürgerinnen und Stimmbürger von Unterramsern haben das Zivildienstgesetz abgelehnt. Unterramsern lehnt das Zivildienstgesetz ab, der Kanton Solothurn nimmt sie an."
2464,36.8,36.8,63.2,"Lüsslingen-Nennigkofen SO","Lüsslingen-Nennigkofen hat das Zivildienstgesetz mit 63,2 Prozent Nein-Stimmen verworfen. Lüsslingen-Nennigkofen lehnt das Zivildienstgesetz ab, der Kanton Solothurn nimmt sie an."
2465,56,56,44,"Buchegg SO","Das Zivildienstgesetz erreicht in Buchegg 56 Prozent Ja-Stimmen. Übereinstimmend mit dem Kanton Solothurn stimmt Buchegg dem Zivildienstgesetz zu."
2471,8,8,92,"Bättwil SO","Bättwil hat das Zivildienstgesetz mit 92 Prozent Nein-Stimmen verworfen. Bättwil lehnt das Zivildienstgesetz ab, der Kanton Solothurn nimmt sie an."
2472,61.8,61.8,38.2,"Büren SO","In Büren SO wird das Zivildienstgesetz mit 61,8 Prozent angenommen. Übereinstimmend mit dem Kanton Solothurn stimmt Büren SO dem Zivildienstgesetz zu."
2473,0.6,0.6,99.4,"Dornach SO","In Dornach hat das Zivildienstgesetz keine Mehrheit gefunden: 99,4 Prozent lehnen die Vorlage ab. Dornach verzeichnet im Kanton Solothurn den höchsten Nein-Anteil zum Zivildienstgesetz."
2474,35.6,35.6,64.4,"Gempen SO","In Gempen wird das Zivildienstgesetz mit 64,4 Prozent abgelehnt. Gempen lehnt das Zivildienstgesetz ab, der Kanton Solothurn nimmt sie an."
2475,47.1,47.1,52.9,"Hochwald SO","In Hochwald hat das Zivildienstgesetz keine Mehrheit gefunden: 52,9 Prozent lehnen die Vorlage ab. Hochwald lehnt das Zivildienstgesetz ab, der Kanton Solothurn nimmt sie an."
2476,42.9,42.9,57.1,"Hofstetten-Flüh SO","Nein zum Zivildienstgesetz in Hofstetten-Flüh: 57,1 Prozent. Hofstetten-Flüh lehnt das Zivildienstgesetz ab, der Kanton Solothurn nimmt sie an."
2477,78.8,78.8,21.2,"Metzerlen-Mariastein SO","In Metzerlen-Mariastein wird das Zivildienstgesetz mit 78,8 Prozent angenommen. Übereinstimmend mit dem Kanton Solothurn stimmt Metzerlen-Mariastein dem Zivildienstgesetz zu."
2478,53.9,53.9,46.1,"Nuglar-St. Pantaleon SO","Die Vorlage das Zivildienstgesetz ist in Nuglar-St. Pantaleon mit 53,9 Prozent der Stimmen angenommen worden. Übereinstimmend mit dem Kanton Solothurn stimmt Nuglar-St. Pantaleon dem Zivildienstgesetz zu."
2479,2.4,2.4,97.6,"Rodersdorf SO","In Rodersdorf hat das Zivildienstgesetz keine Mehrheit gefunden: 97,6 Prozent lehnen die Vorlage ab. Rodersdorf lehnt das Zivildienstgesetz ab, der Kanton Solothurn nimmt sie an."
2480,70.3,70.3,29.7,"Seewen SO","In Seewen wird das Zivildienstgesetz mit 70,3 Prozent angenommen. Übereinstimmend mit dem Kanton Solothurn stimmt Seewen dem Zivildienstgesetz zu."
2481,38.3,38.3,61.7,"Witterswil SO","Nein zum Zivildienstgesetz in Witterswil: 61,7 Prozent. Witterswil lehnt das Zivildienstgesetz ab, der Kanton Solothurn nimmt sie an."
2491,29.5,29.5,70.5,"Hauenstein-Ifenthal SO","Hauenstein-Ifenthal hat das Zivildienstgesetz mit 70,5 Prozent Nein-Stimmen verworfen. Hauenstein-Ifenthal lehnt das Zivildienstgesetz ab, der Kanton Solothurn nimmt sie an."
2492,6.3,6.3,93.7,"Kienberg SO","Kienberg hat das Zivildienstgesetz mit 93,7 Prozent Nein-Stimmen verworfen. Kienberg lehnt das Zivildienstgesetz ab, der Kanton Solothurn nimmt sie an."
2493,56,56,44,"Lostorf SO","Das Zivildienstgesetz erreicht in Lostorf 56 Prozent Ja-Stimmen. Übereinstimmend mit dem Kanton Solothurn stimmt Lostorf dem Zivildienstgesetz zu."
2495,8.9,8.9,91.1,"Niedergösgen SO","Niedergösgen hat das Zivildienstgesetz mit 91,1 Prozent Nein-Stimmen verworfen. Niedergösgen lehnt das Zivildienstgesetz ab, der Kanton Solothurn nimmt sie an."
2497,45.3,45.3,54.7,"Obergösgen SO","Nein zum Zivildienstgesetz in Obergösgen: 54,7 Prozent. Obergösgen lehnt das Zivildienstgesetz ab, der Kanton Solothurn nimmt sie an."
2499,69.3,69.3,30.7,"Stüsslingen SO","Die Vorlage das Zivildienstgesetz ist in Stüsslingen mit 69,3 Prozent der Stimmen angenommen worden. Übereinstimmend mit dem Kanton Solothurn stimmt Stüsslingen dem Zivildienstgesetz zu."
2500,67.4,67.4,32.6,"Trimbach SO","Das Zivildienstgesetz erreicht in Trimbach 67,4 Prozent Ja-Stimmen. Übereinstimmend mit dem Kanton Solothurn stimmt Trimbach dem Zivildienstgesetz zu."
2501,44.3,44.3,55.7,"Winznau SO","Nein zum Zivildienstgesetz in Winznau: 55,7 Prozent. Winznau lehnt das Zivildienstgesetz ab, der Kanton Solothurn nimmt sie an."
2502,54.8,54.8,45.2,"Wisen SO","In Wisen SO wird das Zivildienstgesetz mit 54,8 Prozent angenommen. Übereinstimmend mit dem Kanton Solothurn stimmt Wisen SO dem Zivildienstgesetz zu."
2503,47.6,47.6,52.4,"Erlinsbach SO","Erlinsbach SO hat das Zivildienstgesetz mit 52,4 Prozent Nein-Stimmen verworfen. Erlinsbach SO lehnt das Zivildienstgesetz ab, der Kanton Solothurn nimmt sie an."
2511,5.2,5.2,94.8,"Aeschi SO","Aeschi SO hat das Zivildienstgesetz mit 94,8 Prozent Nein-Stimmen verworfen. Aeschi SO lehnt das Zivildienstgesetz ab, der Kanton Solothurn nimmt sie an."
2513,33,33,67,"Biberist SO","In Biberist wird das Zivildienstgesetz mit 67 Prozent abgelehnt. Biberist lehnt das Zivildienstgesetz ab, der Kanton Solothurn nimmt sie an."
2514,99.4,99.4,0.6,"Bolken SO","In Bolken wird das Zivildienstgesetz mit 99,4 Prozent angenommen. Höchster Ja-Anteil zum Zivildienstgesetz im Kanton Solothurn: Bolken."
2516,17.9,17.9,82.1,"Deitingen SO","In Deitingen hat das Zivildienstgesetz keine Mehrheit gefunden: 82,1 Prozent lehnen die Vorlage ab. Deitingen lehnt das Zivildienstgesetz ab, der Kanton Solothurn nimmt sie an."
2517,61.3,61.3,38.7,"Derendingen SO","Das Zivildienstgesetz erreicht in Derendingen 61,3 Prozent Ja-Stimmen. Übereinstimmend mit dem Kanton Solothurn stimmt Derendingen dem Zivildienstgesetz zu."
2518,23.1,23.1,76.9,"Etziken SO","Etziken hat das Zivildienstgesetz mit 76,9 Prozent Nein-Stimmen verworfen. Etziken lehnt das Zivildienstgesetz ab, der Kanton Solothurn nimmt sie an."
2519,28.3,28.3,71.7,"Gerlafingen SO","In Gerlafingen wird das Zivildienstgesetz mit 71,7 Prozent abgelehnt. Gerlafingen lehnt das Zivildienstgesetz ab, der Kanton Solothurn nimmt sie an."
2523,36.9,36.9,63.1,"Horriwil SO","Horriwil hat das Zivildienstgesetz mit 63,1 Prozent Nein-Stimmen verworfen. Horriwil lehnt das Zivildienstgesetz ab, der Kanton Solothurn nimmt sie an."
2524,50.2,50.2,49.8,"Hüniken SO","In Hüniken wird das Zivildienstgesetz mit 50,2 Prozent angenommen. Übereinstimmend mit dem Kanton Solothurn stimmt Hüniken dem Zivildienstgesetz zu."
2525,40,40,60,"Kriegstetten SO","Nein zum Zivildienstgesetz in Kriegstetten: 60 Prozent. Kriegstetten lehnt das Zivildienstgesetz ab, der Kanton Solothurn nimmt sie an."
2526,5.2,5.2,94.8,"Lohn-Ammannsegg SO","In Lohn-Ammannsegg wird das Zivildienstgesetz mit 94,8 Prozent abgelehnt. Lohn-Ammannsegg lehnt das Zivildienstgesetz ab, der Kanton Solothurn nimmt sie an."
2527,29.1,29.1,70.9,"Luterbach SO","Nein zum Zivildienstgesetz in Luterbach: 70,9 Prozent. Luterbach lehnt das Zivildienstgesetz ab, der Kanton Solothurn nimmt sie an."
2528,63.7,63.7,36.3,"Obergerlafingen SO","In Obergerlafingen wird das Zivildienstgesetz mit 63,7 Prozent angenommen. Übereinstimmend mit dem Kanton Solothurn stimmt Obergerlafingen dem Zivildienstgesetz zu."
2530,35.6,35.6,64.4,"Recherswil SO","Nein zum Zivildienstgesetz in Recherswil: 64,4 Prozent. Recherswil lehnt das Zivildienstgesetz ab, der Kanton Solothurn nimmt sie an."
2532,60.4,60.4,39.6,"Subingen SO","In Subingen wird das Zivildienstgesetz mit 60,4 Prozent angenommen. Übereinstimmend mit dem Kanton Solothurn stimmt Subingen dem Zivildienstgesetz zu."
2534,49,49,51,"Zuchwil SO","In Zuchwil wird das Zivildienstgesetz mit 51 Prozent abgelehnt. Zuchwil lehnt das Zivildienstgesetz ab, der Kanton Solothurn nimmt sie an."
2535,82.3,82.3,17.7,"Drei Höfe SO","Die Vorlage das Zivildienstgesetz ist in Drei Höfe mit 82,3 Prozent der Stimmen angenommen worden. Übereinstimmend mit dem Kanton Solothurn stimmt Drei Höfe dem Zivildienstgesetz zu."
2541,23.1,23.1,76.9,"Balm bei Günsberg SO","Nein zum Zivildienstgesetz in Balm bei Günsberg: 76,9 Prozent. Balm bei Günsberg lehnt das Zivildienstgesetz ab, der Kanton Solothurn nimmt sie an."
2542,51.6,51.6,48.4,"Bellach SO","Das Zivildienstgesetz erreicht in Bellach 51,6 Prozent Ja-Stimmen. Übereinstimmend mit dem Kanton Solothurn stimmt Bellach dem Zivildienstgesetz zu."
2543,50.1,50.1,49.9,"Bettlach SO","Das Zivildienstgesetz erreicht in Bettlach 50,1 Prozent Ja-Stimmen. Übereinstimmend mit dem Kanton Solothurn stimmt Bettlach dem Zivildienstgesetz zu."
2544,79.4,79.4,20.6,"Feldbrunnen-St. Niklaus SO","In Feldbrunnen-St. Niklaus wird das Zivildienstgesetz mit 79,4 Prozent angenommen. Übereinstimmend mit dem Kanton Solothurn stimmt Feldbrunnen-St. Niklaus dem Zivildienstgesetz zu."
2545,62.9,62.9,37.1,"Flumenthal SO","Das Zivildienstgesetz erreicht in Flumenthal 62,9 Prozent Ja-Stimmen. Übereinstimmend mit dem Kanton Solothurn stimmt Flumenthal dem Zivildienstgesetz zu."
2546,32,32,68,"Grenchen SO","Nein zum Zivildienstgesetz in Grenchen: 68 Prozent. Grenchen lehnt das Zivildienstgesetz ab, der Kanton Solothurn nimmt sie an."
2547,40.6,40.6,59.4,"Günsberg SO","Nein zum Zivildienstgesetz in Günsberg: 59,4 Prozent. Günsberg lehnt das Zivildienstgesetz ab, der Kanton Solothurn nimmt sie an."
2548,34.7,34.7,65.3,"Hubersdorf SO","Hubersdorf hat das Zivildienstgesetz mit 65,3 Prozent Nein-Stimmen verworfen. Hubersdorf lehnt das Zivildienstgesetz ab, der Kanton Solothurn nimmt sie an."
2549,35.1,35.1,64.9,"Kammersrohr SO","64,9 Prozent der Stimmbürgerinnen und Stimmbürger von Kammersrohr haben das Zivildienstgesetz abgelehnt. Kammersrohr lehnt das Zivildienstgesetz ab, der Kanton Solothurn nimmt sie an."
2550,89.3,89.3,10.7,"Langendorf SO","Die Vorlage das Zivildienstgesetz ist in Langendorf mit 89,3 Prozent der Stimmen angenommen worden. Übereinstimmend mit dem Kanton Solothurn stimmt Langendorf dem Zivildienstgesetz zu."
2551,52.2,52.2,47.8,"Lommiswil SO","In Lommiswil wird das Zivildienstgesetz mit 52,2 Prozent angenommen. Übereinstimmend mit dem Kanton Solothurn stimmt Lommiswil dem Zivildienstgesetz zu."
2553,86.6,86.6,13.4,"Oberdorf SO","Die Vorlage das Zivildienstgesetz ist in Oberdorf SO mit 86,6 Prozent der Stimmen angenommen worden. Übereinstimmend mit dem Kanton Solothurn stimmt Oberdorf SO dem Zivildienstgesetz zu."
2554,12.3,12.3,87.7,"Riedholz SO","In Riedholz wird das Zivildienstgesetz mit 87,7 Prozent abgelehnt. Riedholz lehnt das Zivildienstgesetz ab, der Kanton Solothurn nimmt sie an."
2555,73.2,73.2,26.8,"Rüttenen SO","In Rüttenen wird das Zivildienstgesetz mit 73,2 Prozent angenommen. Übereinstimmend mit dem Kanton Solothurn stimmt Rüttenen dem Zivildienstgesetz zu."
2556,21.6,21.6,78.4,"Selzach SO","Selzach hat das Zivildienstgesetz mit 78,4 Prozent Nein-Stimmen verworfen. Selzach lehnt das Zivildienstgesetz ab, der Kanton Solothurn nimmt sie an."
2571,36.8,36.8,63.2,"Boningen SO","Boningen hat das Zivildienstgesetz mit 63,2 Prozent Nein-Stimmen verworfen. Boningen lehnt das Zivildienstgesetz ab, der Kanton Solothurn nimmt sie an."
2572,32.1,32.1,67.9,"Däniken SO","Däniken hat das Zivildienstgesetz mit 67,9 Prozent Nein-Stimmen verworfen. Däniken lehnt das Zivildienstgesetz ab, der Kanton Solothurn nimmt sie an."
2573,61.1,61.1,38.9,"Dulliken SO","In Dulliken wird das Zivildienstgesetz mit 61,1 Prozent angenommen. Übereinstimmend mit dem Kanton Solothurn stimmt Dulliken dem Zivildienstgesetz zu."
2574,26.9,26.9,73.1,"Eppenberg-Wöschnau SO","In Eppenberg-Wöschnau hat das Zivildienstgesetz keine Mehrheit gefunden: 73,1 Prozent lehnen die Vorlage ab. Eppenberg-Wöschnau lehnt das Zivildienstgesetz ab, der Kanton Solothurn nimmt sie an."
2575,53.2,53.2,46.8,"Fulenbach SO","In Fulenbach ist das Zivildienstgesetz mit 53,2 Prozent der Stimmen angenommen worden. Übereinstimmend mit dem Kanton Solothurn stimmt Fulenbach dem Zivildienstgesetz zu."
2576,24.9,24.9,75.1,"Gretzenbach SO","In Gretzenbach hat das Zivildienstgesetz keine Mehrheit gefunden: 75,1 Prozent lehnen die Vorlage ab. Gretzenbach lehnt das Zivildienstgesetz ab, der Kanton Solothurn nimmt sie an."
2578,7,7,93,"Gunzgen SO","93 Prozent der Stimmbürgerinnen und Stimmbürger von Gunzgen haben das Zivildienstgesetz abgelehnt. Gunzgen lehnt das Zivildienstgesetz ab, der Kanton Solothurn nimmt sie an."
2579,61.2,61.2,38.8,"Hägendorf SO","In Hägendorf wird das Zivildienstgesetz mit 61,2 Prozent angenommen. Übereinstimmend mit dem Kanton Solothurn stimmt Hägendorf dem Zivildienstgesetz zu."
2580,91.5,91.5,8.5,"Kappel SO","In Kappel SO wird das Zivildienstgesetz mit 91,5 Prozent angenommen. Übereinstimmend mit dem Kanton Solothurn stimmt Kappel SO dem Zivildienstgesetz zu."
2581,13.9,13.9,86.1,"Olten SO","Nein zum Zivildienstgesetz in Olten: 86,1 Prozent. Olten lehnt das Zivildienstgesetz ab, der Kanton Solothurn nimmt sie an."
2582,53.2,53.2,46.8,"Rickenbach SO","Das Zivildienstgesetz erreicht in Rickenbach SO 53,2 Prozent Ja-Stimmen. Übereinstimmend mit dem Kanton Solothurn stimmt Rickenbach SO dem Zivildienstgesetz zu."
2583,39.2,39.2,60.8,"Schönenwerd SO","Nein zum Zivildienstgesetz in Schönenwerd: 60,8 Prozent. Schönenwerd lehnt das Zivildienstgesetz ab, der Kanton Solothurn nimmt sie an."
2584,32.9,32.9,67.1,"Starrkirch-Wil SO","Nein zum Zivildienstgesetz in Starrkirch-Wil: 67,1 Prozent. Starrkirch-Wil lehnt das Zivildienstgesetz ab, der Kanton Solothurn nimmt sie an."
2585,55.1,55.1,44.9,"Walterswil SO","Das Zivildienstgesetz erreicht in Walterswil SO 55,1 Prozent Ja-Stimmen. Übereinstimmend mit dem Kanton Solothurn stimmt Walterswil SO dem Zivildienstgesetz zu."
2586,28.5,28.5,71.5,"Wangen bei Olten SO","71,5 Prozent der Stimmbürgerinnen und Stimmbürger von Wangen bei Olten haben das Zivildienstgesetz abgelehnt. Wangen bei Olten lehnt das Zivildienstgesetz ab, der Kanton Solothurn nimmt sie an."
2601,47.9,47.9,52.1,"Solothurn SO","In Solothurn wird das Zivildienstgesetz mit 52,1 Prozent abgelehnt. Solothurn lehnt das Zivildienstgesetz ab, der Kanton Solothurn nimmt sie an."
2611,84.6,84.6,15.4,"Bärschwil SO","In Bärschwil wird das Zivildienstgesetz mit 84,6 Prozent angenommen. Übereinstimmend mit dem Kanton Solothurn stimmt Bärschwil dem Zivildienstgesetz zu."
2612,13.3,13.3,86.7,"Beinwil SO","In Beinwil SO wird das Zivildienstgesetz mit 86,7 Prozent abgelehnt. Beinwil SO lehnt das Zivildienstgesetz ab, der Kanton Solothurn nimmt sie an."
2613,49.7,49.7,50.3,"Breitenbach SO","Breitenbach hat das Zivildienstgesetz mit 50,3 Prozent Nein-Stimmen verworfen. Breitenbach lehnt das Zivildienstgesetz ab, der Kanton Solothurn nimmt sie an."
2614,65.9,65.9,34.1,"Büsserach SO","In Büsserach wird das Zivildienstgesetz mit 65,9 Prozent angenommen. Übereinstimmend mit dem Kanton Solothurn stimmt Büsserach dem Zivildienstgesetz zu."
2615,57.3,57.3,42.7,"Erschwil SO","Das Zivildienstgesetz erreicht in Erschwil 57,3 Prozent Ja-Stimmen. Übereinstimmend mit dem Kanton Solothurn stimmt Erschwil dem Zivildienstgesetz zu."
2616,50.5,50.5,49.5,"Fehren SO","Die Vorlage das Zivildienstgesetz ist in Fehren mit 50,5 Prozent der Stimmen angenommen worden. Übereinstimmend mit dem Kanton Solothurn stimmt Fehren dem Zivildienstgesetz zu."
2617,43.5,43.5,56.5,"Grindel SO","Grindel hat das Zivildienstgesetz mit 56,5 Prozent Nein-Stimmen verworfen. Grindel lehnt das Zivildienstgesetz ab, der Kanton Solothurn nimmt sie an."
2618,93.7,93.7,6.3,"Himmelried SO","In Himmelried wird das Zivildienstgesetz mit 93,7 Prozent angenommen. Übereinstimmend mit dem Kanton Solothurn stimmt Himmelried dem Zivildienstgesetz zu."
2619,23.5,23.5,76.5,"Kleinlützel SO","Nein zum Zivildienstgesetz in Kleinlützel: 76,5 Prozent. Kleinlützel lehnt das Zivildienstgesetz ab, der Kanton Solothurn nimmt sie an."
2620,80.3,80.3,19.7,"Meltingen SO","In Meltingen wird das Zivildienstgesetz mit 80,3 Prozent angenommen. Übereinstimmend mit dem Kanton Solothurn stimmt Meltingen dem Zivildienstgesetz zu."
2621,79,79,21,"Nunningen SO","Die Vorlage das Zivildienstgesetz ist in Nunningen mit 79 Prozent der Stimmen angenommen worden. Übereinstimmend mit dem Kanton Solothurn stimmt Nunningen dem Zivildienstgesetz zu."
2622,60.7,60.7,39.3,"Zullwil SO","In Zullwil ist das Zivildienstgesetz mit 60,7 Prozent der Stimmen angenommen worden. Übereinstimmend mit dem Kanton Solothurn stimmt Zullwil dem Zivildienstgesetz zu."
2701,32.8,32.8,67.2,"Basel BS","Nein zum Zivildienstgesetz in Basel: 67,2 Prozent. Sowohl Basel als auch der Kanton Basel-Stadt verwerfen das Zivildienstgesetz."
2702,6.2,6.2,93.8,"Bettingen BS","Bettingen hat das Zivildienstgesetz mit 93,8 Prozent Nein-Stimmen verworfen. Bettingen verzeichnet im Kanton Basel-Stadt den höchsten Nein-Anteil zum Zivildienstgesetz."
2703,79,79,21,"Riehen BS","In Riehen wird das Zivildienstgesetz mit 79 Prozent angenommen. Höchster Ja-Anteil zum Zivildienstgesetz im Kanton Basel-Stadt: Riehen."
2761,29.7,29.7,70.3,"Aesch BL","In Aesch BL hat das Zivildienstgesetz keine Mehrheit gefunden: 70,3 Prozent lehnen die Vorlage ab. Sowohl Aesch BL als auch der Kanton Basel-Landschaft verwerfen das Zivildienstgesetz."
2762,73.9,73.9,26.1,"Allschwil BL","Die Vorlage das Zivildienstgesetz ist in Allschwil mit 73,9 Prozent der Stimmen angenommen worden. Allschwil nimmt das Zivildienstgesetz an, der Kanton Basel-Landschaft lehnt es ab."
2763,81.9,81.9,18.1,"Arlesheim BL","In Arlesheim wird das Zivildienstgesetz mit 81,9 Prozent angenommen. Arlesheim nimmt das Zivildienstgesetz an, der Kanton Basel-Landschaft lehnt es ab."
2764,17.4,17.4,82.6,"Biel-Benken BL","82,6 Prozent der Stimmbürgerinnen und Stimmbürger von Biel-Benken haben das Zivildienstgesetz abgelehnt. Sowohl Biel-Benken als auch der Kanton Basel-Landschaft verwerfen das Zivildienstgesetz."
2765,89.6,89.6,10.4,"Binningen BL","In Binningen wird das Zivildienstgesetz mit 89,6 Prozent angenommen. Binningen nimmt das Zivildienstgesetz an, der Kanton Basel-Landschaft lehnt es ab."
2766,38.9,38.9,61.1,"Birsfelden BL","Birsfelden hat das Zivildienstgesetz mit 61,1 Prozent Nein-Stimmen verworfen. Sowohl Birsfelden als auch der Kanton Basel-Landschaft verwerfen das Zivildienstgesetz."
2767,68.4,68.4,31.6,"Bottmingen BL","In Bottmingen wird das Zivildienstgesetz mit 68,4 Prozent angenommen. Bottmingen nimmt das Zivildienstgesetz an, der Kanton Basel-Landschaft lehnt es ab."
2768,2.3,2.3,97.7,"Ettingen BL","Ettingen hat das Zivildienstgesetz mit 97,7 Prozent Nein-Stimmen verworfen. Sowohl Ettingen als auch der Kanton Basel-Landschaft verwerfen das Zivildienstgesetz."
2769,57,57,43,"Münchenstein BL","In Münchenstein wird das Zivildienstgesetz mit 57 Prozent angenommen. Münchenstein nimmt das Zivildienstgesetz an, der Kanton Basel-Landschaft lehnt es ab."
2770,0.9,0.9,99.1,"Muttenz BL","99,1 Prozent der Stimmbürgerinnen und Stimmbürger von Muttenz haben das Zivildienstgesetz abgelehnt. Muttenz verzeichnet im Kanton Basel-Landschaft den höchsten Nein-Anteil zum Zivildienstgesetz."
2771,38.2,38.2,61.8,"Oberwil BL","Oberwil BL hat das Zivildienstgesetz mit 61,8 Prozent Nein-Stimmen verworfen. Sowohl Oberwil BL als auch der Kanton Basel-Landschaft verwerfen das Zivildienstgesetz."
2772,85.3,85.3,14.7,"Pfeffingen BL","In Pfeffingen ist das Zivildienstgesetz mit 85,3 Prozent der Stimmen angenommen worden. Pfeffingen nimmt das Zivildienstgesetz an, der Kanton Basel-Landschaft lehnt es ab."
2773,9.3,9.3,90.7,"Reinach BL","Nein zum Zivildienstgesetz in Reinach BL: 90,7 Prozent. Sowohl Reinach BL als auch der Kanton Basel-Landschaft verwerfen das Zivildienstgesetz."
2774,60.9,60.9,39.1,"Schönenbuch BL","In Schönenbuch wird das Zivildienstgesetz mit 60,9 Prozent angenommen. Schönenbuch nimmt das Zivildienstgesetz an, der Kanton Basel-Landschaft lehnt es ab."
2775,95,95,5,"Therwil BL","Die Vorlage das Zivildienstgesetz ist in Therwil mit 95 Prozent der Stimmen angenommen worden. Therwil nimmt das Zivildienstgesetz an, der Kanton Basel-Landschaft lehnt es ab."
2781,30.7,30.7,69.3,"Blauen BL","Nein zum Zivildienstgesetz in Blauen: 69,3 Prozent. Sowohl Blauen als auch der Kanton Basel-Landschaft verwerfen das Zivildienstgesetz."
2782,46.1,46.1,53.9,"Brislach BL","In Brislach wird das Zivildienstgesetz mit 53,9 Prozent abgelehnt. Sowohl Brislach als auch der Kanton Basel-Landschaft verwerfen das Zivildienstgesetz."
2783,89.8,89.8,10.2,"Burg im Leimental BL","In Burg im Leimental wird das Zivildienstgesetz mit 89,8 Prozent angenommen. Burg im Leimental nimmt das Zivildienstgesetz an, der Kanton Basel-Landschaft lehnt es ab."
2784,87.1,87.1,12.9,"Dittingen BL","In Dittingen wird das Zivildienstgesetz mit 87,1 Prozent angenommen. Dittingen nimmt das Zivildienstgesetz an, der Kanton Basel-Landschaft lehnt es ab."
2785,73.3,73.3,26.7,"Duggingen BL","Die Vorlage das Zivildienstgesetz ist in Duggingen mit 73,3 Prozent der Stimmen angenommen worden. Duggingen nimmt das Zivildienstgesetz an, der Kanton Basel-Landschaft lehnt es ab."
2786,67.9,67.9,32.1,"Grellingen BL","In Grellingen ist das Zivildienstgesetz mit 67,9 Prozent der Stimmen angenommen worden. Grellingen nimmt das Zivildienstgesetz an, der Kanton Basel-Landschaft lehnt es ab."
2787,62.2,62.2,37.8,"Laufen BL","In Laufen wird das Zivildienstgesetz mit 62,2 Prozent angenommen. Laufen nimmt das Zivildienstgesetz an, der Kanton Basel-Landschaft lehnt es ab."
2788,30.2,30.2,69.8,"Liesberg BL","Liesberg hat das Zivildienstgesetz mit 69,8 Prozent Nein-Stimmen verworfen. Sowohl Liesberg als auch der Kanton Basel-Landschaft verwerfen das Zivildienstgesetz."
2789,62.5,62.5,37.5,"Nenzlingen BL","In Nenzlingen wird das Zivildienstgesetz mit 62,5 Prozent angenommen. Nenzlingen nimmt das Zivildienstgesetz an, der Kanton Basel-Landschaft lehnt es ab."
2790,70.5,70.5,29.5,"Roggenburg BL","In Roggenburg ist das Zivildienstgesetz mit 70,5 Prozent der Stimmen angenommen worden. Roggenburg nimmt das Zivildienstgesetz an, der Kanton Basel-Landschaft lehnt es ab."
2791,16.9,16.9,83.1,"Röschenz BL","In Röschenz hat das Zivildienstgesetz keine Mehrheit gefunden: 83,1 Prozent lehnen die Vorlage ab. Sowohl Röschenz als auch der Kanton Basel-Landschaft verwerfen das Zivildienstgesetz."
2792,48.3,48.3,51.7,"Wahlen BL","Wahlen hat das Zivildienstgesetz mit 51,7 Prozent Nein-Stimmen verworfen. Sowohl Wahlen als auch der Kanton Basel-Landschaft verwerfen das Zivildienstgesetz."
2793,53.7,53.7,46.3,"Zwingen BL","Das Zivildienstgesetz erreicht in Zwingen 53,7 Prozent Ja-Stimmen. Zwingen nimmt das Zivildienstgesetz an, der Kanton Basel-Landschaft lehnt es ab."
2821,88,88,12,"Arisdorf BL","In Arisdorf wird das Zivildienstgesetz mit 88 Prozent angenommen. Arisdorf nimmt das Zivildienstgesetz an, der Kanton Basel-Landschaft lehnt es ab."
2822,53.2,53.2,46.8,"Augst BL","In Augst wird das Zivildienstgesetz mit 53,2 Prozent angenommen. Augst nimmt das Zivildienstgesetz an, der Kanton Basel-Landschaft lehnt es ab."
2823,14.9,14.9,85.1,"Bubendorf BL","Bubendorf hat das Zivildienstgesetz mit 85,1 Prozent Nein-Stimmen verworfen. Sowohl Bubendorf als auch der Kanton Basel-Landschaft verwerfen das Zivildienstgesetz."
2824,71.2,71.2,28.8,"Frenkendorf BL","In Frenkendorf wird das Zivildienstgesetz mit 71,2 Prozent angenommen. Frenkendorf nimmt das Zivildienstgesetz an, der Kanton Basel-Landschaft lehnt es ab."
2825,98.2,98.2,1.8,"Füllinsdorf BL","In Füllinsdorf wird das Zivildienstgesetz mit 98,2 Prozent angenommen. Höchster Ja-Anteil zum Zivildienstgesetz im Kanton Basel-Landschaft: Füllinsdorf."
2826,54.6,54.6,45.4,"Giebenach BL","Das Zivildienstgesetz erreicht in Giebenach 54,6 Prozent Ja-Stimmen. Giebenach nimmt das Zivildienstgesetz an, der Kanton Basel-Landschaft lehnt es ab."
2827,60.6,60.6,39.4,"Hersberg BL","Die Vorlage das Zivildienstgesetz ist in Hersberg mit 60,6 Prozent der Stimmen angenommen worden. Hersberg nimmt das Zivildienstgesetz an, der Kanton Basel-Landschaft lehnt es ab."
2828,59.6,59.6,40.4,"Lausen BL","In Lausen wird das Zivildienstgesetz mit 59,6 Prozent angenommen. Lausen nimmt das Zivildienstgesetz an, der Kanton Basel-Landschaft lehnt es ab."
2829,69.2,69.2,30.8,"Liestal BL","Das Zivildienstgesetz erreicht in Liestal 69,2 Prozent Ja-Stimmen. Liestal nimmt das Zivildienstgesetz an, der Kanton Basel-Landschaft lehnt es ab."
2830,81.1,81.1,18.9,"Lupsingen BL","In Lupsingen ist das Zivildienstgesetz mit 81,1 Prozent der Stimmen angenommen worden. Lupsingen nimmt das Zivildienstgesetz an, der Kanton Basel-Landschaft lehnt es ab."
2831,67.2,67.2,32.8,"Pratteln BL","Das Zivildienstgesetz erreicht in Pratteln 67,2 Prozent Ja-Stimmen. Pratteln nimmt das Zivildienstgesetz an, der Kanton Basel-Landschaft lehnt es ab."
2832,85.6,85.6,14.4,"Ramlinsburg BL","Die Vorlage das Zivildienstgesetz ist in Ramlinsburg mit 85,6 Prozent der Stimmen angenommen worden. Ramlinsburg nimmt das Zivildienstgesetz an, der Kanton Basel-Landschaft lehnt es ab."
2833,7.2,7.2,92.8,"Seltisberg BL","In Seltisberg hat das Zivildienstgesetz keine Mehrheit gefunden: 92,8 Prozent lehnen die Vorlage ab. Sowohl Seltisberg als auch der Kanton Basel-Landschaft verwerfen das Zivildienstgesetz."
2834,43.3,43.3,56.7,"Ziefen BL","In Ziefen hat das Zivildienstgesetz keine Mehrheit gefunden: 56,7 Prozent lehnen die Vorlage ab. Sowohl Ziefen als auch der Kanton Basel-Landschaft verwerfen das Zivildienstgesetz."
2841,34.6,34.6,65.4,"Anwil BL","Anwil hat das Zivildienstgesetz mit 65,4 Prozent Nein-Stimmen verworfen. Sowohl Anwil als auch der Kanton Basel-Landschaft verwerfen das Zivildienstgesetz."
2842,19.8,19.8,80.2,"Böckten BL","Böckten hat das Zivildienstgesetz mit 80,2 Prozent Nein-Stimmen verworfen. Sowohl Böckten als auch der Kanton Basel-Landschaft verwerfen das Zivildienstgesetz."
2843,75.5,75.5,24.5,"Buckten BL","Das Zivildienstgesetz erreicht in Buckten 75,5 Prozent Ja-Stimmen. Buckten nimmt das Zivildienstgesetz an, der Kanton Basel-Landschaft lehnt es ab."
2844,20.3,20.3,79.7,"Buus BL","Buus hat das Zivildienstgesetz mit 79,7 Prozent Nein-Stimmen verworfen. Sowohl Buus als auch der Kanton Basel-Landschaft verwerfen das Zivildienstgesetz."
2845,29.4,29.4,70.6,"Diepflingen BL","In Diepflingen hat das Zivildienstgesetz keine Mehrheit gefunden: 70,6 Prozent lehnen die Vorlage ab. Sowohl Diepflingen als auch der Kanton Basel-Landschaft verwerfen das Zivildienstgesetz."
2846,33.8,33.8,66.2,"Gelterkinden BL","Gelterkinden hat das Zivildienstgesetz mit 66,2 Prozent Nein-Stimmen verworfen. Sowohl Gelterkinden als auch der Kanton Basel-Landschaft verwerfen das Zivildienstgesetz."
2847,1.2,1.2,98.8,"Häfelfingen BL","98,8 Prozent der Stimmbürgerinnen und Stimmbürger von Häfelfingen haben das Zivildienstgesetz abgelehnt. Sowohl Häfelfingen als auch der Kanton Basel-Landschaft verwerfen das Zivildienstgesetz."
2848,70.1,70.1,29.9,"Hemmiken BL","Das Zivildienstgesetz erreicht in Hemmiken 70,1 Prozent Ja-Stimmen. Hemmiken nimmt das Zivildienstgesetz an, der Kanton Basel-Landschaft lehnt es ab."
2849,80.7,80.7,19.3,"Itingen BL","In Itingen wird das Zivildienstgesetz mit 80,7 Prozent angenommen. Itingen nimmt das Zivildienstgesetz an, der Kanton Basel-Landschaft lehnt es ab."
2850,36,36,64,"Känerkinden BL","In Känerkinden wird das Zivildienstgesetz mit 64 Prozent abgelehnt. Sowohl Känerkinden als auch der Kanton Basel-Landschaft verwerfen das Zivildienstgesetz."
2851,68.6,68.6,31.4,"Kilchberg BL","Die Vorlage das Zivildienstgesetz ist in Kilchberg BL mit 68,6 Prozent der Stimmen angenommen worden. Kilchberg BL nimmt das Zivildienstgesetz an, der Kanton Basel-Landschaft lehnt es ab."
2852,66.5,66.5,33.5,"Läufelfingen BL","In Läufelfingen wird das Zivildienstgesetz mit 66,5 Prozent angenommen. Läufelfingen nimmt das Zivildienstgesetz an, der Kanton Basel-Landschaft lehnt es ab."
2853,55.7,55.7,44.3,"Maisprach BL","In Maisprach wird das Zivildienstgesetz mit 55,7 Prozent angenommen. Maisprach nimmt das Zivildienstgesetz an, der Kanton Basel-Landschaft lehnt es ab."
2854,45.9,45.9,54.1,"Nusshof BL","Nein zum Zivildienstgesetz in Nusshof: 54,1 Prozent. Sowohl Nusshof als auch der Kanton Basel-Landschaft verwerfen das Zivildienstgesetz."
2855,43.4,43.4,56.6,"Oltingen BL","In Oltingen hat das Zivildienstgesetz keine Mehrheit gefunden: 56,6 Prozent lehnen die Vorlage ab. Sowohl Oltingen als auch der Kanton Basel-Landschaft verwerfen das Zivildienstgesetz."
2856,87.6,87.6,12.4,"Ormalingen BL","In Ormalingen wird das Zivildienstgesetz mit 87,6 Prozent angenommen. Ormalingen nimmt das Zivildienstgesetz an, der Kanton Basel-Landschaft lehnt es ab."
2857,81.6,81.6,18.4,"Rickenbach BL","In Rickenbach BL ist das Zivildienstgesetz mit 81,6 Prozent der Stimmen angenommen worden. Rickenbach BL nimmt das Zivildienstgesetz an, der Kanton Basel-Landschaft lehnt es ab."
2858,30.3,30.3,69.7,"Rothenfluh BL","Rothenfluh hat das Zivildienstgesetz mit 69,7 Prozent Nein-Stimmen verworfen. Sowohl Rothenfluh als auch der Kanton Basel-Landschaft verwerfen das Zivildienstgesetz."
2859,55.9,55.9,44.1,"Rümlingen BL","In Rümlingen wird das Zivildienstgesetz mit 55,9 Prozent angenommen. Rümlingen nimmt das Zivildienstgesetz an, der Kanton Basel-Landschaft lehnt es ab."
2860,49.1,49.1,50.9,"Rünenberg BL","Rünenberg hat das Zivildienstgesetz mit 50,9 Prozent Nein-Stimmen verworfen. Sowohl Rünenberg als auch der Kanton Basel-Landschaft verwerfen das Zivildienstgesetz."
2861,69.9,69.9,30.1,"Sissach BL","In Sissach wird das Zivildienstgesetz mit 69,9 Prozent angenommen. Sissach nimmt das Zivildienstgesetz an, der Kanton Basel-Landschaft lehnt es ab."
2862,34.3,34.3,65.7,"Tecknau BL","In Tecknau wird das Zivildienstgesetz mit 65,7 Prozent abgelehnt. Sowohl Tecknau als auch der Kanton Basel-Landschaft verwerfen das Zivildienstgesetz."
2863,7.7,7.7,92.3,"Tenniken BL","92,3 Prozent der Stimmbürgerinnen und Stimmbürger von Tenniken haben das Zivildienstgesetz abgelehnt. Sowohl Tenniken als auch der Kanton Basel-Landschaft verwerfen das Zivildienstgesetz."
2864,47.7,47.7,52.3,"Thürnen BL","Thürnen hat das Zivildienstgesetz mit 52,3 Prozent Nein-Stimmen verworfen. Sowohl Thürnen als auch der Kanton Basel-Landschaft verwerfen das Zivildienstgesetz."
2865,21.3,21.3,78.7,"Wenslingen BL","In Wenslingen hat das Zivildienstgesetz keine Mehrheit gefunden: 78,7 Prozent lehnen die Vorlage ab. Sowohl Wenslingen als auch der Kanton Basel-Landschaft verwerfen das Zivildienstgesetz."
2866,54.5,54.5,45.5,"Wintersingen BL","Die Vorlage das Zivildienstgesetz ist in Wintersingen mit 54,5 Prozent der Stimmen angenommen worden. Wintersingen nimmt das Zivildienstgesetz an, der Kanton Basel-Landschaft lehnt es ab."
2867,82.4,82.4,17.6,"Wittinsburg BL","In Wittinsburg wird das Zivildienstgesetz mit 82,4 Prozent angenommen. Wittinsburg nimmt das Zivildienstgesetz an, der Kanton Basel-Landschaft lehnt es ab."
2868,24.8,24.8,75.2,"Zeglingen BL","In Zeglingen wird das Zivildienstgesetz mit 75,2 Prozent abgelehnt. Sowohl Zeglingen als auch der Kanton Basel-Landschaft verwerfen das Zivildienstgesetz."
2869,34.8,34.8,65.2,"Zunzgen BL","Zunzgen hat das Zivildienstgesetz mit 65,2 Prozent Nein-Stimmen verworfen. Sowohl Zunzgen als auch der Kanton Basel-Landschaft verwerfen das Zivildienstgesetz."
2881,58.1,58.1,41.9,"Arboldswil BL","In Arboldswil ist das Zivildienstgesetz mit 58,1 Prozent der Stimmen angenommen worden. Arboldswil nimmt das Zivildienstgesetz an, der Kanton Basel-Landschaft lehnt es ab."
2882,72.9,72.9,27.1,"Bennwil BL","Das Zivildienstgesetz erreicht in Bennwil 72,9 Prozent Ja-Stimmen. Bennwil nimmt das Zivildienstgesetz an, der Kanton Basel-Landschaft lehnt es ab."
2883,70.1,70.1,29.9,"Bretzwil BL","Die Vorlage das Zivildienstgesetz ist in Bretzwil mit 70,1 Prozent der Stimmen angenommen worden. Bretzwil nimmt das Zivildienstgesetz an, der Kanton Basel-Landschaft lehnt es ab."
2884,63.7,63.7,36.3,"Diegten BL","Die Vorlage das Zivildienstgesetz ist in Diegten mit 63,7 Prozent der Stimmen angenommen worden. Diegten nimmt das Zivildienstgesetz an, der Kanton Basel-Landschaft lehnt es ab."
2885,62.1,62.1,37.9,"Eptingen BL","In Eptingen ist das Zivildienstgesetz mit 62,1 Prozent der Stimmen angenommen worden. Eptingen nimmt das Zivildienstgesetz an, der Kanton Basel-Landschaft lehnt es ab."
2886,76,76,24,"Hölstein BL","In Hölstein wird das Zivildienstgesetz mit 76 Prozent angenommen. Hölstein nimmt das Zivildienstgesetz an, der Kanton Basel-Landschaft lehnt es ab."
2887,88.3,88.3,11.7,"Lampenberg BL","Das Zivildienstgesetz erreicht in Lampenberg 88,3 Prozent Ja-Stimmen. Lampenberg nimmt das Zivildienstgesetz an, der Kanton Basel-Landschaft lehnt es ab."
2888,3.6,3.6,96.4,"Langenbruck BL","96,4 Prozent der Stimmbürgerinnen und Stimmbürger von Langenbruck haben das Zivildienstgesetz abgelehnt. Sowohl Langenbruck als auch der Kanton Basel-Landschaft verwerfen das Zivildienstgesetz."
2889,36.2,36.2,63.8,"Lauwil BL","63,8 Prozent der Stimmbürgerinnen und Stimmbürger von Lauwil haben das Zivildienstgesetz abgelehnt. Sowohl Lauwil als auch der Kanton Basel-Landschaft verwerfen das Zivildienstgesetz."
2890,16.7,16.7,83.3,"Liedertswil BL","83,3 Prozent der Stimmbürgerinnen und Stimmbürger von Liedertswil haben das Zivildienstgesetz abgelehnt. Sowohl Liedertswil als auch der Kanton Basel-Landschaft verwerfen das Zivildienstgesetz."
2891,43.1,43.1,56.9,"Niederdorf BL","56,9 Prozent der Stimmbürgerinnen und Stimmbürger von Niederdorf haben das Zivildienstgesetz abgelehnt. Sowohl Niederdorf als auch der Kanton Basel-Landschaft verwerfen das Zivildienstgesetz."
2892,45,45,55,"Oberdorf BL","Oberdorf BL hat das Zivildienstgesetz mit 55 Prozent Nein-Stimmen verworfen. Sowohl Oberdorf BL als auch der Kanton Basel-Landschaft verwerfen das Zivildienstgesetz."
2893,57.6,57.6,42.4,"Reigoldswil BL","In Reigoldswil ist das Zivildienstgesetz mit 57,6 Prozent der Stimmen angenommen worden. Reigoldswil nimmt das Zivildienstgesetz an, der Kanton Basel-Landschaft lehnt es ab."
2894,29.7,29.7,70.3,"Titterten BL","Titterten hat das Zivildienstgesetz mit 70,3 Prozent Nein-Stimmen verworfen. Sowohl Titterten als auch der Kanton Basel-Landschaft verwerfen das Zivildienstgesetz."
2895,57.3,57.3,42.7,"Waldenburg BL","In Waldenburg ist das Zivildienstgesetz mit 57,3 Prozent der Stimmen angenommen worden. Waldenburg nimmt das Zivildienstgesetz an, der Kanton Basel-Landschaft lehnt es ab."
2901,17.8,17.8,82.2,"Gächlingen SH","Gächlingen hat das Zivildienstgesetz mit 82,2 Prozent Nein-Stimmen verworfen. Sowohl Gächlingen als auch der Kanton Schaffhausen verwerfen das Zivildienstgesetz."
2903,93.1,93.1,6.9,"Löhningen SH","Das Zivildienstgesetz erreicht in Löhningen 93,1 Prozent Ja-Stimmen. Höchster Ja-Anteil zum Zivildienstgesetz im Kanton Schaffhausen: Löhningen."
2904,42.9,42.9,57.1,"Neunkirch SH","Nein zum Zivildienstgesetz in Neunkirch: 57,1 Prozent. Sowohl Neunkirch als auch der Kanton Schaffhausen verwerfen das Zivildienstgesetz."
2914,14.6,14.6,85.4,"Büttenhardt SH","Nein zum Zivildienstgesetz in Büttenhardt: 85,4 Prozent. Sowohl Büttenhardt als auch der Kanton Schaffhausen verwerfen das Zivildienstgesetz."
2915,49.7,49.7,50.3,"Dörflingen SH","In Dörflingen hat das Zivildienstgesetz keine Mehrheit gefunden: 50,3 Prozent lehnen die Vorlage ab. Sowohl Dörflingen als auch der Kanton Schaffhausen verwerfen das Zivildienstgesetz."
2917,89.5,89.5,10.5,"Lohn SH","Die Vorlage das Zivildienstgesetz ist in Lohn SH mit 89,5 Prozent der Stimmen angenommen worden. Lohn SH nimmt das Zivildienstgesetz an, der Kanton Schaffhausen lehnt es ab."
2919,65.3,65.3,34.7,"Stetten SH","In Stetten SH ist das Zivildienstgesetz mit 65,3 Prozent der Stimmen angenommen worden. Stetten SH nimmt das Zivildienstgesetz an, der Kanton Schaffhausen lehnt es ab."
2920,87.8,87.8,12.2,"Thayngen SH","In Thayngen wird das Zivildienstgesetz mit 87,8 Prozent angenommen. Thayngen nimmt das Zivildienstgesetz an, der Kanton Schaffhausen lehnt es ab."
2931,72.6,72.6,27.4,"Bargen SH","In Bargen SH ist das Zivildienstgesetz mit 72,6 Prozent der Stimmen angenommen worden. Bargen SH nimmt das Zivildienstgesetz an, der Kanton Schaffhausen lehnt es ab."
2932,33.2,33.2,66.8,"Beringen SH","Beringen hat das Zivildienstgesetz mit 66,8 Prozent Nein-Stimmen verworfen. Sowohl Beringen als auch der Kanton Schaffhausen verwerfen das Zivildienstgesetz."
2933,25.1,25.1,74.9,"Buchberg SH","Buchberg hat das Zivildienstgesetz mit 74,9 Prozent Nein-Stimmen verworfen. Sowohl Buchberg als auch der Kanton Schaffhausen verwerfen das Zivildienstgesetz."
2936,75.8,75.8,24.2,"Merishausen SH","Das Zivildienstgesetz erreicht in Merishausen 75,8 Prozent Ja-Stimmen. Merishausen nimmt das Zivildienstgesetz an, der Kanton Schaffhausen lehnt es ab."
2937,45,45,55,"Neuhausen am Rheinfall SH","Neuhausen am Rheinfall hat das Zivildienstgesetz mit 55 Prozent Nein-Stimmen verworfen. Sowohl Neuhausen am Rheinfall als auch der Kanton Schaffhausen verwerfen das Zivildienstgesetz."
2938,42.5,42.5,57.5,"Rüdlingen SH","Nein zum Zivildienstgesetz in Rüdlingen: 57,5 Prozent. Sowohl Rüdlingen als auch der Kanton Schaffhausen verwerfen das Zivildienstgesetz."
2939,39.2,39.2,60.8,"Schaffhausen SH","Nein zum Zivildienstgesetz in Schaffhausen: 60,8 Prozent. Sowohl Schaffhausen als auch der Kanton Schaffhausen verwerfen das Zivildienstgesetz."
2951,8,8,92,"Beggingen SH","In Beggingen wird das Zivildienstgesetz mit 92 Prozent abgelehnt. Beggingen verzeichnet im Kanton Schaffhausen den höchsten Nein-Anteil zum Zivildienstgesetz."
2952,91.6,91.6,8.4,"Schleitheim SH","Das Zivildienstgesetz erreicht in Schleitheim 91,6 Prozent Ja-Stimmen. Schleitheim nimmt das Zivildienstgesetz an, der Kanton Schaffhausen lehnt es ab."
2953,19.8,19.8,80.2,"Siblingen SH","Siblingen hat das Zivildienstgesetz mit 80,2 Prozent Nein-Stimmen verworfen. Sowohl Siblingen als auch der Kanton Schaffhausen verwerfen das Zivildienstgesetz."
2961,73.9,73.9,26.1,"Buch SH","In Buch SH wird das Zivildienstgesetz mit 73,9 Prozent angenommen. Buch SH nimmt das Zivildienstgesetz an, der Kanton Schaffhausen lehnt es ab."
2962,65,65,35,"Hemishofen SH","Das Zivildienstgesetz erreicht in Hemishofen 65 Prozent Ja-Stimmen. Hemishofen nimmt das Zivildienstgesetz an, der Kanton Schaffhausen lehnt es ab."
2963,50.8,50.8,49.2,"Ramsen SH","In Ramsen wird das Zivildienstgesetz mit 50,8 Prozent angenommen. Ramsen nimmt das Zivildienstgesetz an, der Kanton Schaffhausen lehnt es ab."
2964,56.2,56.2,43.8,"Stein am Rhein SH","In Stein am Rhein wird das Zivildienstgesetz mit 56,2 Prozent angenommen. Stein am Rhein nimmt das Zivildienstgesetz an, der Kanton Schaffhausen lehnt es ab."
2971,71.5,71.5,28.5,"Hallau SH","In Hallau ist das Zivildienstgesetz mit 71,5 Prozent der Stimmen angenommen worden. Hallau nimmt das Zivildienstgesetz an, der Kanton Schaffhausen lehnt es ab."
2972,33.1,33.1,66.9,"Oberhallau SH","Oberhallau hat das Zivildienstgesetz mit 66,9 Prozent Nein-Stimmen verworfen. Sowohl Oberhallau als auch der Kanton Schaffhausen verwerfen das Zivildienstgesetz."
2973,11.5,11.5,88.5,"Trasadingen SH","In Trasadingen wird das Zivildienstgesetz mit 88,5 Prozent abgelehnt. Sowohl Trasadingen als auch der Kanton Schaffhausen verwerfen das Zivildienstgesetz."
2974,53.8,53.8,46.2,"Wilchingen SH","Das Zivildienstgesetz erreicht in Wilchingen 53,8 Prozent Ja-Stimmen. Wilchingen nimmt das Zivildienstgesetz an, der Kanton Schaffhausen lehnt es ab."
3001,69.8,69.8,30.2,"Herisau AR","Das Zivildienstgesetz erreicht in Herisau 69,8 Prozent Ja-Stimmen. Übereinstimmend mit dem Kanton Appenzell Ausserrhoden stimmt Herisau dem Zivildienstgesetz zu."
3002,70.7,70.7,29.3,"Hundwil AR","Das Zivildienstgesetz erreicht in Hundwil 70,7 Prozent Ja-Stimmen. Übereinstimmend mit dem Kanton Appenzell Ausserrhoden stimmt Hundwil dem Zivildienstgesetz zu."
3003,61.4,61.4,38.6,"Schönengrund AR","In Schönengrund wird das Zivildienstgesetz mit 61,4 Prozent angenommen. Übereinstimmend mit dem Kanton Appenzell Ausserrhoden stimmt Schönengrund dem Zivildienstgesetz zu."
3004,75.1,75.1,24.9,"Schwellbrunn AR","In Schwellbrunn wird das Zivildienstgesetz mit 75,1 Prozent angenommen. Übereinstimmend mit dem Kanton Appenzell Ausserrhoden stimmt Schwellbrunn dem Zivildienstgesetz zu."
3005,43.6,43.6,56.4,"Stein AR","Nein zum Zivildienstgesetz in Stein AR: 56,4 Prozent. Stein AR lehnt das Zivildienstgesetz ab, der Kanton Appenzell Ausserrhoden nimmt sie an."
3006,47.1,47.1,52.9,"Urnäsch AR","Nein zum Zivildienstgesetz in Urnäsch: 52,9 Prozent. Urnäsch lehnt das Zivildienstgesetz ab, der Kanton Appenzell Ausserrhoden nimmt sie an."
3007,36.3,36.3,63.7,"Waldstatt AR","In Waldstatt wird das Zivildienstgesetz mit 63,7 Prozent abgelehnt. Waldstatt lehnt das Zivildienstgesetz ab, der Kanton Appenzell Ausserrhoden nimmt sie an."
3021,64.1,64.1,35.9,"Bühler AR","Das Zivildienstgesetz erreicht in Bühler 64,1 Prozent Ja-Stimmen. Übereinstimmend mit dem Kanton Appenzell Ausserrhoden stimmt Bühler dem Zivildienstgesetz zu."
3022,47.5,47.5,52.5,"Gais AR","Gais hat das Zivildienstgesetz mit 52,5 Prozent Nein-Stimmen verworfen. Gais lehnt das Zivildienstgesetz ab, der Kanton Appenzell Ausserrhoden nimmt sie an."
3023,75.5,75.5,24.5,"Speicher AR","Das Zivildienstgesetz erreicht in Speicher 75,5 Prozent Ja-Stimmen. Übereinstimmend mit dem Kanton Appenzell Ausserrhoden stimmt Speicher dem Zivildienstgesetz zu."
3024,28.8,28.8,71.2,"Teufen AR","Nein zum Zivildienstgesetz in Teufen AR: 71,2 Prozent. Teufen AR verzeichnet im Kanton Appenzell Ausserrhoden den höchsten Nein-Anteil zum Zivildienstgesetz."
3025,92.8,92.8,7.2,"Trogen AR","In Trogen wird das Zivildienstgesetz mit 92,8 Prozent angenommen. Höchster Ja-Anteil zum Zivildienstgesetz im Kanton Appenzell Ausserrhoden: Trogen."
3031,56.5,56.5,43.5,"Grub AR","Das Zivildienstgesetz erreicht in Grub AR 56,5 Prozent Ja-Stimmen. Übereinstimmend mit dem Kanton Appenzell Ausserrhoden stimmt Grub AR dem Zivildienstgesetz zu."
3032,55.6,55.6,44.4,"Heiden AR","Das Zivildienstgesetz erreicht in Heiden 55,6 Prozent Ja-Stimmen. Übereinstimmend mit dem Kanton Appenzell Ausserrhoden stimmt Heiden dem Zivildienstgesetz zu."
3033,63,63,37,"Lutzenberg AR","In Lutzenberg wird das Zivildienstgesetz mit 63 Prozent angenommen. Übereinstimmend mit dem Kanton Appenzell Ausserrhoden stimmt Lutzenberg dem Zivildienstgesetz zu."
3034,38.1,38.1,61.9,"Rehetobel AR","Rehetobel hat das Zivildienstgesetz mit 61,9 Prozent Nein-Stimmen verworfen. Rehetobel lehnt das Zivildienstgesetz ab, der Kanton Appenzell Ausserrhoden nimmt sie an."
3035,68.7,68.7,31.3,"Reute AR","In Reute AR wird das Zivildienstgesetz mit 68,7 Prozent angenommen. Übereinstimmend mit dem Kanton Appenzell Ausserrhoden stimmt Reute AR dem Zivildienstgesetz zu."
3036,38.9,38.9,61.1,"Wald AR","In Wald AR wird das Zivildienstgesetz mit 61,1 Prozent abgelehnt. Wald AR lehnt das Zivildienstgesetz ab, der Kanton Appenzell Ausserrhoden nimmt sie an."
3037,74.9,74.9,25.1,"Walzenhausen AR","In Walzenhausen wird das Zivildienstgesetz mit 74,9 Prozent angenommen. Übereinstimmend mit dem Kanton Appenzell Ausserrhoden stimmt Walzenhausen dem Zivildienstgesetz zu."
3038,50.5,50.5,49.5,"Wolfhalden AR","Das Zivildienstgesetz erreicht in Wolfhalden 50,5 Prozent Ja-Stimmen. Übereinstimmend mit dem Kanton Appenzell Ausserrhoden stimmt Wolfhalden dem Zivildienstgesetz zu."
3101,66.3,66.3,33.7,"Appenzell AI","Die Vorlage das Zivildienstgesetz ist in Appenzell mit 66,3 Prozent der Stimmen angenommen worden. Appenzell nimmt das Zivildienstgesetz an, der Kanton Appenzell Innerrhoden lehnt es ab."
3102,9.3,9.3,90.7,"Gonten AI","In Gonten wird das Zivildienstgesetz mit 90,7 Prozent abgelehnt. Gonten verzeichnet im Kanton Appenzell Innerrhoden den höchsten Nein-Anteil zum Zivildienstgesetz."
3104,17.7,17.7,82.3,"Schlatt-Haslen AI","Schlatt-Haslen hat das Zivildienstgesetz mit 82,3 Prozent Nein-Stimmen verworfen. Sowohl Schlatt-Haslen als auch der Kanton Appenzell Innerrhoden verwerfen das Zivildienstgesetz."
3111,55.9,55.9,44.1,"Oberegg AI","In Oberegg wird das Zivildienstgesetz mit 55,9 Prozent angenommen. Oberegg nimmt das Zivildienstgesetz an, der Kanton Appenzell Innerrhoden lehnt es ab."
3112,68.1,68.1,31.9,"Schwende-Rüti AI","Das Zivildienstgesetz erreicht in Schwende-Rüti 68,1 Prozent Ja-Stimmen. Höchster Ja-Anteil zum Zivildienstgesetz im Kanton Appenzell Innerrhoden: Schwende-Rüti."
3201,34.7,34.7,65.3,"Häggenschwil SG","In Häggenschwil hat das Zivildienstgesetz keine Mehrheit gefunden: 65,3 Prozent lehnen die Vorlage ab. Häggenschwil lehnt das Zivildienstgesetz ab, der Kanton St. Gallen nimmt sie an."
3202,63,63,37,"Muolen SG","In Muolen wird das Zivildienstgesetz mit 63 Prozent angenommen. Übereinstimmend mit dem Kanton St. Gallen stimmt Muolen dem Zivildienstgesetz zu."
3203,2.4,2.4,97.6,"St. Gallen SG","St. Gallen hat das Zivildienstgesetz mit 97,6 Prozent Nein-Stimmen verworfen. St. Gallen lehnt das Zivildienstgesetz ab, der Kanton St. Gallen nimmt sie an."
3204,37.7,37.7,62.3,"Wittenbach SG","In Wittenbach hat das Zivildienstgesetz keine Mehrheit gefunden: 62,3 Prozent lehnen die Vorlage ab. Wittenbach lehnt das Zivildienstgesetz ab, der Kanton St. Gallen nimmt sie an."
3211,19.6,19.6,80.4,"Berg SG","Nein zum Zivildienstgesetz in Berg SG: 80,4 Prozent. Berg SG lehnt das Zivildienstgesetz ab, der Kanton St. Gallen nimmt sie an."
3212,39,39,61,"Eggersriet SG","61 Prozent der Stimmbürgerinnen und Stimmbürger von Eggersriet haben das Zivildienstgesetz abgelehnt. Eggersriet lehnt das Zivildienstgesetz ab, der Kanton St. Gallen nimmt sie an."
3213,1.2,1.2,98.8,"Goldach SG","In Goldach wird das Zivildienstgesetz mit 98,8 Prozent abgelehnt. Goldach verzeichnet im Kanton St. Gallen den höchsten Nein-Anteil zum Zivildienstgesetz."
3214,36.4,36.4,63.6,"Mörschwil SG","Mörschwil hat das Zivildienstgesetz mit 63,6 Prozent Nein-Stimmen verworfen. Mörschwil lehnt das Zivildienstgesetz ab, der Kanton St. Gallen nimmt sie an."
3215,40,40,60,"Rorschach SG","In Rorschach wird das Zivildienstgesetz mit 60 Prozent abgelehnt. Rorschach lehnt das Zivildienstgesetz ab, der Kanton St. Gallen nimmt sie an."
3216,46,46,54,"Rorschacherberg SG","54 Prozent der Stimmbürgerinnen und Stimmbürger von Rorschacherberg haben das Zivildienstgesetz abgelehnt. Rorschacherberg lehnt das Zivildienstgesetz ab, der Kanton St. Gallen nimmt sie an."
3217,19.8,19.8,80.2,"Steinach SG","In Steinach hat das Zivildienstgesetz keine Mehrheit gefunden: 80,2 Prozent lehnen die Vorlage ab. Steinach lehnt das Zivildienstgesetz ab, der Kanton St. Gallen nimmt sie an."
3218,75.4,75.4,24.6,"Tübach SG","Das Zivildienstgesetz erreicht in Tübach 75,4 Prozent Ja-Stimmen. Übereinstimmend mit dem Kanton St. Gallen stimmt Tübach dem Zivildienstgesetz zu."
3219,54.6,54.6,45.4,"Untereggen SG","Das Zivildienstgesetz erreicht in Untereggen 54,6 Prozent Ja-Stimmen. Übereinstimmend mit dem Kanton St. Gallen stimmt Untereggen dem Zivildienstgesetz zu."
3231,58.7,58.7,41.3,"Au SG","In Au SG wird das Zivildienstgesetz mit 58,7 Prozent angenommen. Übereinstimmend mit dem Kanton St. Gallen stimmt Au SG dem Zivildienstgesetz zu."
3232,46.6,46.6,53.4,"Balgach SG","In Balgach wird das Zivildienstgesetz mit 53,4 Prozent abgelehnt. Balgach lehnt das Zivildienstgesetz ab, der Kanton St. Gallen nimmt sie an."
3233,57.3,57.3,42.7,"Berneck SG","In Berneck wird das Zivildienstgesetz mit 57,3 Prozent angenommen. Übereinstimmend mit dem Kanton St. Gallen stimmt Berneck dem Zivildienstgesetz zu."
3234,58.9,58.9,41.1,"Diepoldsau SG","In Diepoldsau wird das Zivildienstgesetz mit 58,9 Prozent angenommen. Übereinstimmend mit dem Kanton St. Gallen stimmt Diepoldsau dem Zivildienstgesetz zu."
3235,46.7,46.7,53.3,"Rheineck SG","In Rheineck wird das Zivildienstgesetz mit 53,3 Prozent abgelehnt. Rheineck lehnt das Zivildienstgesetz ab, der Kanton St. Gallen nimmt sie an."
3236,61.2,61.2,38.8,"St. Margrethen SG","Die Vorlage das Zivildienstgesetz ist in St. Margrethen mit 61,2 Prozent der Stimmen angenommen worden. Übereinstimmend mit dem Kanton St. Gallen stimmt St. Margrethen dem Zivildienstgesetz zu."
3237,21.3,21.3,78.7,"Thal SG","In Thal wird das Zivildienstgesetz mit 78,7 Prozent abgelehnt. Thal lehnt das Zivildienstgesetz ab, der Kanton St. Gallen nimmt sie an."
3238,37.3,37.3,62.7,"Widnau SG","Nein zum Zivildienstgesetz in Widnau: 62,7 Prozent. Widnau lehnt das Zivildienstgesetz ab, der Kanton St. Gallen nimmt sie an."
3251,50,50,50,"Altstätten SG","In Altstätten wird das Zivildienstgesetz mit 50 Prozent abgelehnt. Altstätten lehnt das Zivildienstgesetz ab, der Kanton St. Gallen nimmt sie an."
3252,79,79,21,"Eichberg SG","In Eichberg wird das Zivildienstgesetz mit 79 Prozent angenommen. Übereinstimmend mit dem Kanton St. Gallen stimmt Eichberg dem Zivildienstgesetz zu."
3253,92.7,92.7,7.3,"Marbach SG","Das Zivildienstgesetz erreicht in Marbach SG 92,7 Prozent Ja-Stimmen. Übereinstimmend mit dem Kanton St. Gallen stimmt Marbach SG dem Zivildienstgesetz zu."
3254,82.3,82.3,17.7,"Oberriet SG","Das Zivildienstgesetz erreicht in Oberriet SG 82,3 Prozent Ja-Stimmen. Übereinstimmend mit dem Kanton St. Gallen stimmt Oberriet SG dem Zivildienstgesetz zu."
3255,5.1,5.1,94.9,"Rebstein SG","Nein zum Zivildienstgesetz in Rebstein: 94,9 Prozent. Rebstein lehnt das Zivildienstgesetz ab, der Kanton St. Gallen nimmt sie an."
3256,41.2,41.2,58.8,"Rüthi SG","Rüthi SG hat das Zivildienstgesetz mit 58,8 Prozent Nein-Stimmen verworfen. Rüthi SG lehnt das Zivildienstgesetz ab, der Kanton St. Gallen nimmt sie an."
3271,52.1,52.1,47.9,"Buchs SG","Das Zivildienstgesetz erreicht in Buchs SG 52,1 Prozent Ja-Stimmen. Übereinstimmend mit dem Kanton St. Gallen stimmt Buchs SG dem Zivildienstgesetz zu."
3272,42.9,42.9,57.1,"Gams SG","Gams hat das Zivildienstgesetz mit 57,1 Prozent Nein-Stimmen verworfen. Gams lehnt das Zivildienstgesetz ab, der Kanton St. Gallen nimmt sie an."
3273,82.5,82.5,17.5,"Grabs SG","In Grabs wird das Zivildienstgesetz mit 82,5 Prozent angenommen. Übereinstimmend mit dem Kanton St. Gallen stimmt Grabs dem Zivildienstgesetz zu."
3274,39.5,39.5,60.5,"Sennwald SG","Sennwald hat das Zivildienstgesetz mit 60,5 Prozent Nein-Stimmen verworfen. Sennwald lehnt das Zivildienstgesetz ab, der Kanton St. Gallen nimmt sie an."
3275,43.3,43.3,56.7,"Sevelen SG","In Sevelen hat das Zivildienstgesetz keine Mehrheit gefunden: 56,7 Prozent lehnen die Vorlage ab. Sevelen lehnt das Zivildienstgesetz ab, der Kanton St. Gallen nimmt sie an."
3276,48.7,48.7,51.3,"Wartau SG","In Wartau wird das Zivildienstgesetz mit 51,3 Prozent abgelehnt. Wartau lehnt das Zivildienstgesetz ab, der Kanton St. Gallen nimmt sie an."
3291,66.4,66.4,33.6,"Bad Ragaz SG","Das Zivildienstgesetz erreicht in Bad Ragaz 66,4 Prozent Ja-Stimmen. Übereinstimmend mit dem Kanton St. Gallen stimmt Bad Ragaz dem Zivildienstgesetz zu."
3292,49.5,49.5,50.5,"Flums SG","Nein zum Zivildienstgesetz in Flums: 50,5 Prozent. Flums lehnt das Zivildienstgesetz ab, der Kanton St. Gallen nimmt sie an."
3293,54.6,54.6,45.4,"Mels SG","In Mels wird das Zivildienstgesetz mit 54,6 Prozent angenommen. Übereinstimmend mit dem Kanton St. Gallen stimmt Mels dem Zivildienstgesetz zu."
3294,91.5,91.5,8.5,"Pfäfers SG","In Pfäfers wird das Zivildienstgesetz mit 91,5 Prozent angenommen. Übereinstimmend mit dem Kanton St. Gallen stimmt Pfäfers dem Zivildienstgesetz zu."
3295,84.7,84.7,15.3,"Quarten SG","In Quarten wird das Zivildienstgesetz mit 84,7 Prozent angenommen. Übereinstimmend mit dem Kanton St. Gallen stimmt Quarten dem Zivildienstgesetz zu."
3296,50.7,50.7,49.3,"Sargans SG","In Sargans wird das Zivildienstgesetz mit 50,7 Prozent angenommen. Übereinstimmend mit dem Kanton St. Gallen stimmt Sargans dem Zivildienstgesetz zu."
3297,76.1,76.1,23.9,"Vilters-Wangs SG","Das Zivildienstgesetz erreicht in Vilters-Wangs 76,1 Prozent Ja-Stimmen. Übereinstimmend mit dem Kanton St. Gallen stimmt Vilters-Wangs dem Zivildienstgesetz zu."
3298,38.5,38.5,61.5,"Walenstadt SG","61,5 Prozent der Stimmbürgerinnen und Stimmbürger von Walenstadt haben das Zivildienstgesetz abgelehnt. Walenstadt lehnt das Zivildienstgesetz ab, der Kanton St. Gallen nimmt sie an."
3311,46.1,46.1,53.9,"Amden SG","Nein zum Zivildienstgesetz in Amden: 53,9 Prozent. Amden lehnt das Zivildienstgesetz ab, der Kanton St. Gallen nimmt sie an."
3312,97.4,97.4,2.6,"Benken SG","In Benken SG ist das Zivildienstgesetz mit 97,4 Prozent der Stimmen angenommen worden. Übereinstimmend mit dem Kanton St. Gallen stimmt Benken SG dem Zivildienstgesetz zu."
3313,45.2,45.2,54.8,"Kaltbrunn SG","Kaltbrunn hat das Zivildienstgesetz mit 54,8 Prozent Nein-Stimmen verworfen. Kaltbrunn lehnt das Zivildienstgesetz ab, der Kanton St. Gallen nimmt sie an."
3315,65.1,65.1,34.9,"Schänis SG","In Schänis wird das Zivildienstgesetz mit 65,1 Prozent angenommen. Übereinstimmend mit dem Kanton St. Gallen stimmt Schänis dem Zivildienstgesetz zu."
3316,64.1,64.1,35.9,"Weesen SG","Das Zivildienstgesetz erreicht in Weesen 64,1 Prozent Ja-Stimmen. Übereinstimmend mit dem Kanton St. Gallen stimmt Weesen dem Zivildienstgesetz zu."
3338,56.4,56.4,43.6,"Schmerikon SG","In Schmerikon wird das Zivildienstgesetz mit 56,4 Prozent angenommen. Übereinstimmend mit dem Kanton St. Gallen stimmt Schmerikon dem Zivildienstgesetz zu."
3339,41.4,41.4,58.6,"Uznach SG","Nein zum Zivildienstgesetz in Uznach: 58,6 Prozent. Uznach lehnt das Zivildienstgesetz ab, der Kanton St. Gallen nimmt sie an."
3340,68.8,68.8,31.2,"Rapperswil-Jona SG","In Rapperswil-Jona wird das Zivildienstgesetz mit 68,8 Prozent angenommen. Übereinstimmend mit dem Kanton St. Gallen stimmt Rapperswil-Jona dem Zivildienstgesetz zu."
3341,76.5,76.5,23.5,"Gommiswald SG","In Gommiswald wird das Zivildienstgesetz mit 76,5 Prozent angenommen. Übereinstimmend mit dem Kanton St. Gallen stimmt Gommiswald dem Zivildienstgesetz zu."
3342,52.3,52.3,47.7,"Eschenbach SG","Das Zivildienstgesetz erreicht in Eschenbach SG 52,3 Prozent Ja-Stimmen. Übereinstimmend mit dem Kanton St. Gallen stimmt Eschenbach SG dem Zivildienstgesetz zu."
3352,67.7,67.7,32.3,"Ebnat-Kappel SG","In Ebnat-Kappel wird das Zivildienstgesetz mit 67,7 Prozent angenommen. Übereinstimmend mit dem Kanton St. Gallen stimmt Ebnat-Kappel dem Zivildienstgesetz zu."
3359,90.5,90.5,9.5,"Wildhaus-Alt St. Johann SG","In Wildhaus-Alt St. Johann ist das Zivildienstgesetz mit 90,5 Prozent der Stimmen angenommen worden. Übereinstimmend mit dem Kanton St. Gallen stimmt Wildhaus-Alt St. Johann dem Zivildienstgesetz zu."
3360,42.4,42.4,57.6,"Nesslau SG","In Nesslau hat das Zivildienstgesetz keine Mehrheit gefunden: 57,6 Prozent lehnen die Vorlage ab. Nesslau lehnt das Zivildienstgesetz ab, der Kanton St. Gallen nimmt sie an."
3374,56.5,56.5,43.5,"Lichtensteig SG","In Lichtensteig wird das Zivildienstgesetz mit 56,5 Prozent angenommen. Übereinstimmend mit dem Kanton St. Gallen stimmt Lichtensteig dem Zivildienstgesetz zu."
3379,76.5,76.5,23.5,"Wattwil SG","Die Vorlage das Zivildienstgesetz ist in Wattwil mit 76,5 Prozent der Stimmen angenommen worden. Übereinstimmend mit dem Kanton St. Gallen stimmt Wattwil dem Zivildienstgesetz zu."
3392,67.3,67.3,32.7,"Kirchberg SG","Das Zivildienstgesetz erreicht in Kirchberg SG 67,3 Prozent Ja-Stimmen. Übereinstimmend mit dem Kanton St. Gallen stimmt Kirchberg SG dem Zivildienstgesetz zu."
3393,97.9,97.9,2.1,"Lütisburg SG","Die Vorlage das Zivildienstgesetz ist in Lütisburg mit 97,9 Prozent der Stimmen angenommen worden. Höchster Ja-Anteil zum Zivildienstgesetz im Kanton St. Gallen: Lütisburg."
3394,49.5,49.5,50.5,"Mosnang SG","Nein zum Zivildienstgesetz in Mosnang: 50,5 Prozent. Mosnang lehnt das Zivildienstgesetz ab, der Kanton St. Gallen nimmt sie an."
3395,6.1,6.1,93.9,"Bütschwil-Ganterschwil SG","In Bütschwil-Ganterschwil hat das Zivildienstgesetz keine Mehrheit gefunden: 93,9 Prozent lehnen die Vorlage ab. Bütschwil-Ganterschwil lehnt das Zivildienstgesetz ab, der Kanton St. Gallen nimmt sie an."
3396,44.2,44.2,55.8,"Neckertal SG","Neckertal hat das Zivildienstgesetz mit 55,8 Prozent Nein-Stimmen verworfen. Neckertal lehnt das Zivildienstgesetz ab, der Kanton St. Gallen nimmt sie an."
3401,35.4,35.4,64.6,"Degersheim SG","In Degersheim wird das Zivildienstgesetz mit 64,6 Prozent abgelehnt. Degersheim lehnt das Zivildienstgesetz ab, der Kanton St. Gallen nimmt sie an."
3402,47.6,47.6,52.4,"Flawil SG","In Flawil hat das Zivildienstgesetz keine Mehrheit gefunden: 52,4 Prozent lehnen die Vorlage ab. Flawil lehnt das Zivildienstgesetz ab, der Kanton St. Gallen nimmt sie an."
3405,24.1,24.1,75.9,"Jonschwil SG","Nein zum Zivildienstgesetz in Jonschwil: 75,9 Prozent. Jonschwil lehnt das Zivildienstgesetz ab, der Kanton St. Gallen nimmt sie an."
3407,52.3,52.3,47.7,"Oberuzwil SG","Das Zivildienstgesetz erreicht in Oberuzwil 52,3 Prozent Ja-Stimmen. Übereinstimmend mit dem Kanton St. Gallen stimmt Oberuzwil dem Zivildienstgesetz zu."
3408,64.9,64.9,35.1,"Uzwil SG","In Uzwil wird das Zivildienstgesetz mit 64,9 Prozent angenommen. Übereinstimmend mit dem Kanton St. Gallen stimmt Uzwil dem Zivildienstgesetz zu."
3422,44.8,44.8,55.2,"Niederbüren SG","Nein zum Zivildienstgesetz in Niederbüren: 55,2 Prozent. Niederbüren lehnt das Zivildienstgesetz ab, der Kanton St. Gallen nimmt sie an."
3423,27.2,27.2,72.8,"Niederhelfenschwil SG","72,8 Prozent der Stimmbürgerinnen und Stimmbürger von Niederhelfenschwil haben das Zivildienstgesetz abgelehnt. Niederhelfenschwil lehnt das Zivildienstgesetz ab, der Kanton St. Gallen nimmt sie an."
3424,77.9,77.9,22.1,"Oberbüren SG","Das Zivildienstgesetz erreicht in Oberbüren 77,9 Prozent Ja-Stimmen. Übereinstimmend mit dem Kanton St. Gallen stimmt Oberbüren dem Zivildienstgesetz zu."
3426,42,42,58,"Zuzwil SG","58 Prozent der Stimmbürgerinnen und Stimmbürger von Zuzwil SG haben das Zivildienstgesetz abgelehnt. Zuzwil SG lehnt das Zivildienstgesetz ab, der Kanton St. Gallen nimmt sie an."
3427,57.3,57.3,42.7,"Wil SG","In Wil SG wird das Zivildienstgesetz mit 57,3 Prozent angenommen. Übereinstimmend mit dem Kanton St. Gallen stimmt Wil SG dem Zivildienstgesetz zu."
3441,92.6,92.6,7.4,"Andwil SG","In Andwil SG wird das Zivildienstgesetz mit 92,6 Prozent angenommen. Übereinstimmend mit dem Kanton St. Gallen stimmt Andwil SG dem Zivildienstgesetz zu."
3442,90.3,90.3,9.7,"Gaiserwald SG","Das Zivildienstgesetz erreicht in Gaiserwald 90,3 Prozent Ja-Stimmen. Übereinstimmend mit dem Kanton St. Gallen stimmt Gaiserwald dem Zivildienstgesetz zu."
3443,91.5,91.5,8.5,"Gossau SG","Das Zivildienstgesetz erreicht in Gossau SG 91,5 Prozent Ja-Stimmen. Übereinstimmend mit dem Kanton St. Gallen stimmt Gossau SG dem Zivildienstgesetz zu."
3444,33.1,33.1,66.9,"Waldkirch SG","In Waldkirch wird das Zivildienstgesetz mit 66,9 Prozent abgelehnt. Waldkirch lehnt das Zivildienstgesetz ab, der Kanton St. Gallen nimmt sie an."
3506,28.6,28.6,71.4,"Vaz/Obervaz GR","71,4 Prozent der Stimmbürgerinnen und Stimmbürger von Vaz/Obervaz haben das Zivildienstgesetz abgelehnt. Vaz/Obervaz lehnt das Zivildienstgesetz ab, der Kanton Graubünden nimmt sie an."
3513,44.5,44.5,55.5,"Lantsch/Lenz GR","Nein zum Zivildienstgesetz in Lantsch/Lenz: 55,5 Prozent. Lantsch/Lenz lehnt das Zivildienstgesetz ab, der Kanton Graubünden nimmt sie an."
3514,98.7,98.7,1.3,"Schmitten GR","Das Zivildienstgesetz erreicht in Schmitten GR 98,7 Prozent Ja-Stimmen. Höchster Ja-Anteil zum Zivildienstgesetz im Kanton Graubünden: Schmitten GR."
3542,46.1,46.1,53.9,"Albula/Alvra GR","In Albula/Alvra wird das Zivildienstgesetz mit 53,9 Prozent abgelehnt. Albula/Alvra lehnt das Zivildienstgesetz ab, der Kanton Graubünden nimmt sie an."
3543,53.1,53.1,46.9,"Surses GR","In Surses wird das Zivildienstgesetz mit 53,1 Prozent angenommen. Übereinstimmend mit dem Kanton Graubünden stimmt Surses dem Zivildienstgesetz zu."
3544,88.4,88.4,11.6,"Bergün Filisur GR","In Bergün Filisur wird das Zivildienstgesetz mit 88,4 Prozent angenommen. Übereinstimmend mit dem Kanton Graubünden stimmt Bergün Filisur dem Zivildienstgesetz zu."
3551,28.4,28.4,71.6,"Brusio GR","In Brusio wird das Zivildienstgesetz mit 71,6 Prozent abgelehnt. Brusio lehnt das Zivildienstgesetz ab, der Kanton Graubünden nimmt sie an."
3561,75.9,75.9,24.1,"Poschiavo GR","Die Vorlage das Zivildienstgesetz ist in Poschiavo mit 75,9 Prozent der Stimmen angenommen worden. Übereinstimmend mit dem Kanton Graubünden stimmt Poschiavo dem Zivildienstgesetz zu."
3572,8.2,8.2,91.8,"Falera GR","Falera hat das Zivildienstgesetz mit 91,8 Prozent Nein-Stimmen verworfen. Falera lehnt das Zivildienstgesetz ab, der Kanton Graubünden nimmt sie an."
3575,47.1,47.1,52.9,"Laax GR","Nein zum Zivildienstgesetz in Laax: 52,9 Prozent. Laax lehnt das Zivildienstgesetz ab, der Kanton Graubünden nimmt sie an."
3581,73.8,73.8,26.2,"Sagogn GR","In Sagogn wird das Zivildienstgesetz mit 73,8 Prozent angenommen. Übereinstimmend mit dem Kanton Graubünden stimmt Sagogn dem Zivildienstgesetz zu."
3582,41.8,41.8,58.2,"Schluein GR","Schluein hat das Zivildienstgesetz mit 58,2 Prozent Nein-Stimmen verworfen. Schluein lehnt das Zivildienstgesetz ab, der Kanton Graubünden nimmt sie an."
3603,88.7,88.7,11.3,"Vals GR","In Vals wird das Zivildienstgesetz mit 88,7 Prozent angenommen. Übereinstimmend mit dem Kanton Graubünden stimmt Vals dem Zivildienstgesetz zu."
3618,81.6,81.6,18.4,"Lumnezia GR","In Lumnezia ist das Zivildienstgesetz mit 81,6 Prozent der Stimmen angenommen worden. Übereinstimmend mit dem Kanton Graubünden stimmt Lumnezia dem Zivildienstgesetz zu."
3619,36.9,36.9,63.1,"Ilanz/Glion GR","Nein zum Zivildienstgesetz in Ilanz/Glion: 63,1 Prozent. Ilanz/Glion lehnt das Zivildienstgesetz ab, der Kanton Graubünden nimmt sie an."
3633,54.6,54.6,45.4,"Fürstenau GR","Die Vorlage das Zivildienstgesetz ist in Fürstenau mit 54,6 Prozent der Stimmen angenommen worden. Übereinstimmend mit dem Kanton Graubünden stimmt Fürstenau dem Zivildienstgesetz zu."
3637,49,49,51,"Rothenbrunnen GR","Nein zum Zivildienstgesetz in Rothenbrunnen: 51 Prozent. Rothenbrunnen lehnt das Zivildienstgesetz ab, der Kanton Graubünden nimmt sie an."
3638,56.1,56.1,43.9,"Scharans GR","Das Zivildienstgesetz erreicht in Scharans 56,1 Prozent Ja-Stimmen. Übereinstimmend mit dem Kanton Graubünden stimmt Scharans dem Zivildienstgesetz zu."
3640,43.5,43.5,56.5,"Sils im Domleschg GR","Nein zum Zivildienstgesetz in Sils im Domleschg: 56,5 Prozent. Sils im Domleschg lehnt das Zivildienstgesetz ab, der Kanton Graubünden nimmt sie an."
3661,68.2,68.2,31.8,"Cazis GR","In Cazis ist das Zivildienstgesetz mit 68,2 Prozent der Stimmen angenommen worden. Übereinstimmend mit dem Kanton Graubünden stimmt Cazis dem Zivildienstgesetz zu."
3662,63.3,63.3,36.7,"Flerden GR","In Flerden wird das Zivildienstgesetz mit 63,3 Prozent angenommen. Übereinstimmend mit dem Kanton Graubünden stimmt Flerden dem Zivildienstgesetz zu."
3663,60.9,60.9,39.1,"Masein GR","In Masein wird das Zivildienstgesetz mit 60,9 Prozent angenommen. Übereinstimmend mit dem Kanton Graubünden stimmt Masein dem Zivildienstgesetz zu."
3668,7,7,93,"Thusis GR","Nein zum Zivildienstgesetz in Thusis: 93 Prozent. Thusis lehnt das Zivildienstgesetz ab, der Kanton Graubünden nimmt sie an."
3669,84.1,84.1,15.9,"Tschappina GR","In Tschappina wird das Zivildienstgesetz mit 84,1 Prozent angenommen. Übereinstimmend mit dem Kanton Graubünden stimmt Tschappina dem Zivildienstgesetz zu."
3670,10.3,10.3,89.7,"Urmein GR","Urmein hat das Zivildienstgesetz mit 89,7 Prozent Nein-Stimmen verworfen. Urmein lehnt das Zivildienstgesetz ab, der Kanton Graubünden nimmt sie an."
3672,35.3,35.3,64.7,"Safiental GR","In Safiental wird das Zivildienstgesetz mit 64,7 Prozent abgelehnt. Safiental lehnt das Zivildienstgesetz ab, der Kanton Graubünden nimmt sie an."
3673,51.8,51.8,48.2,"Domleschg GR","In Domleschg wird das Zivildienstgesetz mit 51,8 Prozent angenommen. Übereinstimmend mit dem Kanton Graubünden stimmt Domleschg dem Zivildienstgesetz zu."
3681,86.4,86.4,13.6,"Avers GR","Das Zivildienstgesetz erreicht in Avers 86,4 Prozent Ja-Stimmen. Übereinstimmend mit dem Kanton Graubünden stimmt Avers dem Zivildienstgesetz zu."
3695,21.7,21.7,78.3,"Sufers GR","In Sufers hat das Zivildienstgesetz keine Mehrheit gefunden: 78,3 Prozent lehnen die Vorlage ab. Sufers lehnt das Zivildienstgesetz ab, der Kanton Graubünden nimmt sie an."
3701,20.8,20.8,79.2,"Andeer GR","Andeer hat das Zivildienstgesetz mit 79,2 Prozent Nein-Stimmen verworfen. Andeer lehnt das Zivildienstgesetz ab, der Kanton Graubünden nimmt sie an."
3711,67.6,67.6,32.4,"Rongellen GR","Die Vorlage das Zivildienstgesetz ist in Rongellen mit 67,6 Prozent der Stimmen angenommen worden. Übereinstimmend mit dem Kanton Graubünden stimmt Rongellen dem Zivildienstgesetz zu."
3712,54.6,54.6,45.4,"Zillis-Reischen GR","Das Zivildienstgesetz erreicht in Zillis-Reischen 54,6 Prozent Ja-Stimmen. Übereinstimmend mit dem Kanton Graubünden stimmt Zillis-Reischen dem Zivildienstgesetz zu."
3713,66.4,66.4,33.6,"Ferrera GR","In Ferrera wird das Zivildienstgesetz mit 66,4 Prozent angenommen. Übereinstimmend mit dem Kanton Graubünden stimmt Ferrera dem Zivildienstgesetz zu."
3714,73.2,73.2,26.8,"Rheinwald GR","In Rheinwald wird das Zivildienstgesetz mit 73,2 Prozent angenommen. Übereinstimmend mit dem Kanton Graubünden stimmt Rheinwald dem Zivildienstgesetz zu."
3715,54.1,54.1,45.9,"Muntogna da Schons GR","In Muntogna da Schons wird das Zivildienstgesetz mit 54,1 Prozent angenommen. Übereinstimmend mit dem Kanton Graubünden stimmt Muntogna da Schons dem Zivildienstgesetz zu."
3721,30.7,30.7,69.3,"Bonaduz GR","Nein zum Zivildienstgesetz in Bonaduz: 69,3 Prozent. Bonaduz lehnt das Zivildienstgesetz ab, der Kanton Graubünden nimmt sie an."
3722,37.4,37.4,62.6,"Domat/Ems GR","Nein zum Zivildienstgesetz in Domat/Ems: 62,6 Prozent. Domat/Ems lehnt das Zivildienstgesetz ab, der Kanton Graubünden nimmt sie an."
3723,53.8,53.8,46.2,"Rhäzüns GR","In Rhäzüns wird das Zivildienstgesetz mit 53,8 Prozent angenommen. Übereinstimmend mit dem Kanton Graubünden stimmt Rhäzüns dem Zivildienstgesetz zu."
3731,25.7,25.7,74.3,"Felsberg GR","Nein zum Zivildienstgesetz in Felsberg: 74,3 Prozent. Felsberg lehnt das Zivildienstgesetz ab, der Kanton Graubünden nimmt sie an."
3732,49.7,49.7,50.3,"Flims GR","Nein zum Zivildienstgesetz in Flims: 50,3 Prozent. Flims lehnt das Zivildienstgesetz ab, der Kanton Graubünden nimmt sie an."
3733,77.2,77.2,22.8,"Tamins GR","In Tamins wird das Zivildienstgesetz mit 77,2 Prozent angenommen. Übereinstimmend mit dem Kanton Graubünden stimmt Tamins dem Zivildienstgesetz zu."
3734,4.5,4.5,95.5,"Trin GR","In Trin wird das Zivildienstgesetz mit 95,5 Prozent abgelehnt. Trin verzeichnet im Kanton Graubünden den höchsten Nein-Anteil zum Zivildienstgesetz."
3746,82.4,82.4,17.6,"Zernez GR","In Zernez wird das Zivildienstgesetz mit 82,4 Prozent angenommen. Übereinstimmend mit dem Kanton Graubünden stimmt Zernez dem Zivildienstgesetz zu."
3752,60.1,60.1,39.9,"Samnaun GR","Das Zivildienstgesetz erreicht in Samnaun 60,1 Prozent Ja-Stimmen. Übereinstimmend mit dem Kanton Graubünden stimmt Samnaun dem Zivildienstgesetz zu."
3762,30.3,30.3,69.7,"Scuol GR","In Scuol hat das Zivildienstgesetz keine Mehrheit gefunden: 69,7 Prozent lehnen die Vorlage ab. Scuol lehnt das Zivildienstgesetz ab, der Kanton Graubünden nimmt sie an."
3764,29.5,29.5,70.5,"Valsot GR","Nein zum Zivildienstgesetz in Valsot: 70,5 Prozent. Valsot lehnt das Zivildienstgesetz ab, der Kanton Graubünden nimmt sie an."
3781,21,21,79,"Bever GR","79 Prozent der Stimmbürgerinnen und Stimmbürger von Bever haben das Zivildienstgesetz abgelehnt. Bever lehnt das Zivildienstgesetz ab, der Kanton Graubünden nimmt sie an."
3782,48.5,48.5,51.5,"Celerina/Schlarigna GR","Nein zum Zivildienstgesetz in Celerina/Schlarigna: 51,5 Prozent. Celerina/Schlarigna lehnt das Zivildienstgesetz ab, der Kanton Graubünden nimmt sie an."
3783,38.6,38.6,61.4,"Madulain GR","Nein zum Zivildienstgesetz in Madulain: 61,4 Prozent. Madulain lehnt das Zivildienstgesetz ab, der Kanton Graubünden nimmt sie an."
3784,67.6,67.6,32.4,"Pontresina GR","In Pontresina wird das Zivildienstgesetz mit 67,6 Prozent angenommen. Übereinstimmend mit dem Kanton Graubünden stimmt Pontresina dem Zivildienstgesetz zu."
3785,47.9,47.9,52.1,"La Punt-Chamues-ch GR","Nein zum Zivildienstgesetz in La Punt-Chamues-ch: 52,1 Prozent. La Punt-Chamues-ch lehnt das Zivildienstgesetz ab, der Kanton Graubünden nimmt sie an."
3786,22.1,22.1,77.9,"Samedan GR","Nein zum Zivildienstgesetz in Samedan: 77,9 Prozent. Samedan lehnt das Zivildienstgesetz ab, der Kanton Graubünden nimmt sie an."
3787,63.6,63.6,36.4,"St. Moritz GR","Das Zivildienstgesetz erreicht in St. Moritz 63,6 Prozent Ja-Stimmen. Übereinstimmend mit dem Kanton Graubünden stimmt St. Moritz dem Zivildienstgesetz zu."
3788,10.1,10.1,89.9,"S-chanf GR","Nein zum Zivildienstgesetz in S-chanf: 89,9 Prozent. S-chanf lehnt das Zivildienstgesetz ab, der Kanton Graubünden nimmt sie an."
3789,11.3,11.3,88.7,"Sils im Engadin/Segl GR","Nein zum Zivildienstgesetz in Sils im Engadin/Segl: 88,7 Prozent. Sils im Engadin/Segl lehnt das Zivildienstgesetz ab, der Kanton Graubünden nimmt sie an."
3790,67.9,67.9,32.1,"Silvaplana GR","In Silvaplana wird das Zivildienstgesetz mit 67,9 Prozent angenommen. Übereinstimmend mit dem Kanton Graubünden stimmt Silvaplana dem Zivildienstgesetz zu."
3791,40,40,60,"Zuoz GR","Zuoz hat das Zivildienstgesetz mit 60 Prozent Nein-Stimmen verworfen. Zuoz lehnt das Zivildienstgesetz ab, der Kanton Graubünden nimmt sie an."
3792,46.6,46.6,53.4,"Bregaglia GR","Bregaglia hat das Zivildienstgesetz mit 53,4 Prozent Nein-Stimmen verworfen. Bregaglia lehnt das Zivildienstgesetz ab, der Kanton Graubünden nimmt sie an."
3804,43.1,43.1,56.9,"Buseno GR","Buseno hat das Zivildienstgesetz mit 56,9 Prozent Nein-Stimmen verworfen. Buseno lehnt das Zivildienstgesetz ab, der Kanton Graubünden nimmt sie an."
3805,36.9,36.9,63.1,"Castaneda GR","63,1 Prozent der Stimmbürgerinnen und Stimmbürger von Castaneda haben das Zivildienstgesetz abgelehnt. Castaneda lehnt das Zivildienstgesetz ab, der Kanton Graubünden nimmt sie an."
3808,34.6,34.6,65.4,"Rossa GR","Nein zum Zivildienstgesetz in Rossa: 65,4 Prozent. Rossa lehnt das Zivildienstgesetz ab, der Kanton Graubünden nimmt sie an."
3810,83,83,17,"Santa Maria in Calanca GR","In Santa Maria in Calanca ist das Zivildienstgesetz mit 83 Prozent der Stimmen angenommen worden. Übereinstimmend mit dem Kanton Graubünden stimmt Santa Maria in Calanca dem Zivildienstgesetz zu."
3821,33.1,33.1,66.9,"Lostallo GR","In Lostallo wird das Zivildienstgesetz mit 66,9 Prozent abgelehnt. Lostallo lehnt das Zivildienstgesetz ab, der Kanton Graubünden nimmt sie an."
3822,56.8,56.8,43.2,"Mesocco GR","In Mesocco ist das Zivildienstgesetz mit 56,8 Prozent der Stimmen angenommen worden. Übereinstimmend mit dem Kanton Graubünden stimmt Mesocco dem Zivildienstgesetz zu."
3823,62.5,62.5,37.5,"Soazza GR","In Soazza wird das Zivildienstgesetz mit 62,5 Prozent angenommen. Übereinstimmend mit dem Kanton Graubünden stimmt Soazza dem Zivildienstgesetz zu."
3831,52.4,52.4,47.6,"Cama GR","In Cama ist das Zivildienstgesetz mit 52,4 Prozent der Stimmen angenommen worden. Übereinstimmend mit dem Kanton Graubünden stimmt Cama dem Zivildienstgesetz zu."
3832,73.2,73.2,26.8,"Grono GR","Das Zivildienstgesetz erreicht in Grono 73,2 Prozent Ja-Stimmen. Übereinstimmend mit dem Kanton Graubünden stimmt Grono dem Zivildienstgesetz zu."
3834,43.8,43.8,56.2,"Roveredo GR","Roveredo GR hat das Zivildienstgesetz mit 56,2 Prozent Nein-Stimmen verworfen. Roveredo GR lehnt das Zivildienstgesetz ab, der Kanton Graubünden nimmt sie an."
3835,40.1,40.1,59.9,"San Vittore GR","In San Vittore wird das Zivildienstgesetz mit 59,9 Prozent abgelehnt. San Vittore lehnt das Zivildienstgesetz ab, der Kanton Graubünden nimmt sie an."
3837,4.8,4.8,95.2,"Calanca GR","Calanca hat das Zivildienstgesetz mit 95,2 Prozent Nein-Stimmen verworfen. Calanca lehnt das Zivildienstgesetz ab, der Kanton Graubünden nimmt sie an."
3847,52.8,52.8,47.2,"Val Müstair GR","In Val Müstair wird das Zivildienstgesetz mit 52,8 Prozent angenommen. Übereinstimmend mit dem Kanton Graubünden stimmt Val Müstair dem Zivildienstgesetz zu."
3851,95.5,95.5,4.5,"Davos GR","Die Vorlage das Zivildienstgesetz ist in Davos mit 95,5 Prozent der Stimmen angenommen worden. Übereinstimmend mit dem Kanton Graubünden stimmt Davos dem Zivildienstgesetz zu."
3861,31.5,31.5,68.5,"Fideris GR","Fideris hat das Zivildienstgesetz mit 68,5 Prozent Nein-Stimmen verworfen. Fideris lehnt das Zivildienstgesetz ab, der Kanton Graubünden nimmt sie an."
3862,38.5,38.5,61.5,"Furna GR","Nein zum Zivildienstgesetz in Furna: 61,5 Prozent. Furna lehnt das Zivildienstgesetz ab, der Kanton Graubünden nimmt sie an."
3863,41.4,41.4,58.6,"Jenaz GR","In Jenaz wird das Zivildienstgesetz mit 58,6 Prozent abgelehnt. Jenaz lehnt das Zivildienstgesetz ab, der Kanton Graubünden nimmt sie an."
3871,14.7,14.7,85.3,"Klosters-Serneus GR","Klosters-Serneus hat das Zivildienstgesetz mit 85,3 Prozent Nein-Stimmen verworfen. Klosters-Serneus lehnt das Zivildienstgesetz ab, der Kanton Graubünden nimmt sie an."
3881,59.8,59.8,40.2,"Conters im Prättigau GR","In Conters im Prättigau wird das Zivildienstgesetz mit 59,8 Prozent angenommen. Übereinstimmend mit dem Kanton Graubünden stimmt Conters im Prättigau dem Zivildienstgesetz zu."
3882,12.8,12.8,87.2,"Küblis GR","Nein zum Zivildienstgesetz in Küblis: 87,2 Prozent. Küblis lehnt das Zivildienstgesetz ab, der Kanton Graubünden nimmt sie an."
3891,5.3,5.3,94.7,"Luzein GR","Luzein hat das Zivildienstgesetz mit 94,7 Prozent Nein-Stimmen verworfen. Luzein lehnt das Zivildienstgesetz ab, der Kanton Graubünden nimmt sie an."
3901,20.6,20.6,79.4,"Chur GR","Chur hat das Zivildienstgesetz mit 79,4 Prozent Nein-Stimmen verworfen. Chur lehnt das Zivildienstgesetz ab, der Kanton Graubünden nimmt sie an."
3911,71.6,71.6,28.4,"Churwalden GR","In Churwalden wird das Zivildienstgesetz mit 71,6 Prozent angenommen. Übereinstimmend mit dem Kanton Graubünden stimmt Churwalden dem Zivildienstgesetz zu."
3921,79.2,79.2,20.8,"Arosa GR","Das Zivildienstgesetz erreicht in Arosa 79,2 Prozent Ja-Stimmen. Übereinstimmend mit dem Kanton Graubünden stimmt Arosa dem Zivildienstgesetz zu."
3945,97.6,97.6,2.4,"Trimmis GR","Das Zivildienstgesetz erreicht in Trimmis 97,6 Prozent Ja-Stimmen. Übereinstimmend mit dem Kanton Graubünden stimmt Trimmis dem Zivildienstgesetz zu."
3946,57.9,57.9,42.1,"Untervaz GR","In Untervaz wird das Zivildienstgesetz mit 57,9 Prozent angenommen. Übereinstimmend mit dem Kanton Graubünden stimmt Untervaz dem Zivildienstgesetz zu."
3947,23.2,23.2,76.8,"Zizers GR","76,8 Prozent der Stimmbürgerinnen und Stimmbürger von Zizers haben das Zivildienstgesetz abgelehnt. Zizers lehnt das Zivildienstgesetz ab, der Kanton Graubünden nimmt sie an."
3951,22.9,22.9,77.1,"Fläsch GR","In Fläsch wird das Zivildienstgesetz mit 77,1 Prozent abgelehnt. Fläsch lehnt das Zivildienstgesetz ab, der Kanton Graubünden nimmt sie an."
3952,48.6,48.6,51.4,"Jenins GR","Nein zum Zivildienstgesetz in Jenins: 51,4 Prozent. Jenins lehnt das Zivildienstgesetz ab, der Kanton Graubünden nimmt sie an."
3953,32.3,32.3,67.7,"Maienfeld GR","Nein zum Zivildienstgesetz in Maienfeld: 67,7 Prozent. Maienfeld lehnt das Zivildienstgesetz ab, der Kanton Graubünden nimmt sie an."
3954,47.1,47.1,52.9,"Malans GR","In Malans wird das Zivildienstgesetz mit 52,9 Prozent abgelehnt. Malans lehnt das Zivildienstgesetz ab, der Kanton Graubünden nimmt sie an."
3955,46.8,46.8,53.2,"Landquart GR","Landquart hat das Zivildienstgesetz mit 53,2 Prozent Nein-Stimmen verworfen. Landquart lehnt das Zivildienstgesetz ab, der Kanton Graubünden nimmt sie an."
3961,66.2,66.2,33.8,"Grüsch GR","In Grüsch wird das Zivildienstgesetz mit 66,2 Prozent angenommen. Übereinstimmend mit dem Kanton Graubünden stimmt Grüsch dem Zivildienstgesetz zu."
3962,91.7,91.7,8.3,"Schiers GR","In Schiers wird das Zivildienstgesetz mit 91,7 Prozent angenommen. Übereinstimmend mit dem Kanton Graubünden stimmt Schiers dem Zivildienstgesetz zu."
3972,68.2,68.2,31.8,"Seewis im Prättigau GR","In Seewis im Prättigau ist das Zivildienstgesetz mit 68,2 Prozent der Stimmen angenommen worden. Übereinstimmend mit dem Kanton Graubünden stimmt Seewis im Prättigau dem Zivildienstgesetz zu."
3981,78.6,78.6,21.4,"Breil/Brigels GR","Das Zivildienstgesetz erreicht in Breil/Brigels 78,6 Prozent Ja-Stimmen. Übereinstimmend mit dem Kanton Graubünden stimmt Breil/Brigels dem Zivildienstgesetz zu."
3982,62.7,62.7,37.3,"Disentis/Mustér GR","Das Zivildienstgesetz erreicht in Disentis/Mustér 62,7 Prozent Ja-Stimmen. Übereinstimmend mit dem Kanton Graubünden stimmt Disentis/Mustér dem Zivildienstgesetz zu."
3983,35.6,35.6,64.4,"Medel (Lucmagn) GR","Nein zum Zivildienstgesetz in Medel (Lucmagn): 64,4 Prozent. Medel (Lucmagn) lehnt das Zivildienstgesetz ab, der Kanton Graubünden nimmt sie an."
3985,11.7,11.7,88.3,"Sumvitg GR","In Sumvitg hat das Zivildienstgesetz keine Mehrheit gefunden: 88,3 Prozent lehnen die Vorlage ab. Sumvitg lehnt das Zivildienstgesetz ab, der Kanton Graubünden nimmt sie an."
3986,68.7,68.7,31.3,"Tujetsch GR","In Tujetsch wird das Zivildienstgesetz mit 68,7 Prozent angenommen. Übereinstimmend mit dem Kanton Graubünden stimmt Tujetsch dem Zivildienstgesetz zu."
3987,58.7,58.7,41.3,"Trun GR","Die Vorlage das Zivildienstgesetz ist in Trun mit 58,7 Prozent der Stimmen angenommen worden. Übereinstimmend mit dem Kanton Graubünden stimmt Trun dem Zivildienstgesetz zu."
3988,50.6,50.6,49.4,"Obersaxen Mundaun GR","In Obersaxen Mundaun wird das Zivildienstgesetz mit 50,6 Prozent angenommen. Übereinstimmend mit dem Kanton Graubünden stimmt Obersaxen Mundaun dem Zivildienstgesetz zu."
4001,28.9,28.9,71.1,"Aarau AG","Nein zum Zivildienstgesetz in Aarau: 71,1 Prozent. Aarau lehnt das Zivildienstgesetz ab, der Kanton Aargau nimmt sie an."
4002,83.7,83.7,16.3,"Biberstein AG","Die Vorlage das Zivildienstgesetz ist in Biberstein mit 83,7 Prozent der Stimmen angenommen worden. Übereinstimmend mit dem Kanton Aargau stimmt Biberstein dem Zivildienstgesetz zu."
4003,42.6,42.6,57.4,"Buchs AG","Nein zum Zivildienstgesetz in Buchs AG: 57,4 Prozent. Buchs AG lehnt das Zivildienstgesetz ab, der Kanton Aargau nimmt sie an."
4004,77.7,77.7,22.3,"Densbüren AG","In Densbüren wird das Zivildienstgesetz mit 77,7 Prozent angenommen. Übereinstimmend mit dem Kanton Aargau stimmt Densbüren dem Zivildienstgesetz zu."
4005,67.3,67.3,32.7,"Erlinsbach AG","Das Zivildienstgesetz erreicht in Erlinsbach AG 67,3 Prozent Ja-Stimmen. Übereinstimmend mit dem Kanton Aargau stimmt Erlinsbach AG dem Zivildienstgesetz zu."
4006,32.7,32.7,67.3,"Gränichen AG","Gränichen hat das Zivildienstgesetz mit 67,3 Prozent Nein-Stimmen verworfen. Gränichen lehnt das Zivildienstgesetz ab, der Kanton Aargau nimmt sie an."
4007,47.5,47.5,52.5,"Hirschthal AG","Hirschthal hat das Zivildienstgesetz mit 52,5 Prozent Nein-Stimmen verworfen. Hirschthal lehnt das Zivildienstgesetz ab, der Kanton Aargau nimmt sie an."
4008,90.4,90.4,9.6,"Küttigen AG","In Küttigen wird das Zivildienstgesetz mit 90,4 Prozent angenommen. Übereinstimmend mit dem Kanton Aargau stimmt Küttigen dem Zivildienstgesetz zu."
4009,47.4,47.4,52.6,"Muhen AG","Muhen hat das Zivildienstgesetz mit 52,6 Prozent Nein-Stimmen verworfen. Muhen lehnt das Zivildienstgesetz ab, der Kanton Aargau nimmt sie an."
4010,53.8,53.8,46.2,"Oberentfelden AG","In Oberentfelden ist das Zivildienstgesetz mit 53,8 Prozent der Stimmen angenommen worden. Übereinstimmend mit dem Kanton Aargau stimmt Oberentfelden dem Zivildienstgesetz zu."
4012,35.3,35.3,64.7,"Suhr AG","In Suhr wird das Zivildienstgesetz mit 64,7 Prozent abgelehnt. Suhr lehnt das Zivildienstgesetz ab, der Kanton Aargau nimmt sie an."
4013,80.4,80.4,19.6,"Unterentfelden AG","In Unterentfelden wird das Zivildienstgesetz mit 80,4 Prozent angenommen. Übereinstimmend mit dem Kanton Aargau stimmt Unterentfelden dem Zivildienstgesetz zu."
4021,23.9,23.9,76.1,"Baden AG","In Baden wird das Zivildienstgesetz mit 76,1 Prozent abgelehnt. Baden lehnt das Zivildienstgesetz ab, der Kanton Aargau nimmt sie an."
4022,52.6,52.6,47.4,"Bellikon AG","Das Zivildienstgesetz erreicht in Bellikon 52,6 Prozent Ja-Stimmen. Übereinstimmend mit dem Kanton Aargau stimmt Bellikon dem Zivildienstgesetz zu."
4023,11.6,11.6,88.4,"Bergdietikon AG","Nein zum Zivildienstgesetz in Bergdietikon: 88,4 Prozent. Bergdietikon lehnt das Zivildienstgesetz ab, der Kanton Aargau nimmt sie an."
4024,55.4,55.4,44.6,"Birmenstorf AG","Das Zivildienstgesetz erreicht in Birmenstorf AG 55,4 Prozent Ja-Stimmen. Übereinstimmend mit dem Kanton Aargau stimmt Birmenstorf AG dem Zivildienstgesetz zu."
4026,25.7,25.7,74.3,"Ennetbaden AG","Ennetbaden hat das Zivildienstgesetz mit 74,3 Prozent Nein-Stimmen verworfen. Ennetbaden lehnt das Zivildienstgesetz ab, der Kanton Aargau nimmt sie an."
4027,51.5,51.5,48.5,"Fislisbach AG","In Fislisbach wird das Zivildienstgesetz mit 51,5 Prozent angenommen. Übereinstimmend mit dem Kanton Aargau stimmt Fislisbach dem Zivildienstgesetz zu."
4028,47,47,53,"Freienwil AG","Freienwil hat das Zivildienstgesetz mit 53 Prozent Nein-Stimmen verworfen. Freienwil lehnt das Zivildienstgesetz ab, der Kanton Aargau nimmt sie an."
4029,9.8,9.8,90.2,"Gebenstorf AG","Nein zum Zivildienstgesetz in Gebenstorf: 90,2 Prozent. Gebenstorf lehnt das Zivildienstgesetz ab, der Kanton Aargau nimmt sie an."
4030,65.4,65.4,34.6,"Killwangen AG","Das Zivildienstgesetz erreicht in Killwangen 65,4 Prozent Ja-Stimmen. Übereinstimmend mit dem Kanton Aargau stimmt Killwangen dem Zivildienstgesetz zu."
4031,30.7,30.7,69.3,"Künten AG","69,3 Prozent der Stimmbürgerinnen und Stimmbürger von Künten haben das Zivildienstgesetz abgelehnt. Künten lehnt das Zivildienstgesetz ab, der Kanton Aargau nimmt sie an."
4032,65.7,65.7,34.3,"Mägenwil AG","Das Zivildienstgesetz erreicht in Mägenwil 65,7 Prozent Ja-Stimmen. Übereinstimmend mit dem Kanton Aargau stimmt Mägenwil dem Zivildienstgesetz zu."
4033,22.9,22.9,77.1,"Mellingen AG","77,1 Prozent der Stimmbürgerinnen und Stimmbürger von Mellingen haben das Zivildienstgesetz abgelehnt. Mellingen lehnt das Zivildienstgesetz ab, der Kanton Aargau nimmt sie an."
4034,58.9,58.9,41.1,"Neuenhof AG","Das Zivildienstgesetz erreicht in Neuenhof 58,9 Prozent Ja-Stimmen. Übereinstimmend mit dem Kanton Aargau stimmt Neuenhof dem Zivildienstgesetz zu."
4035,19.1,19.1,80.9,"Niederrohrdorf AG","In Niederrohrdorf hat das Zivildienstgesetz keine Mehrheit gefunden: 80,9 Prozent lehnen die Vorlage ab. Niederrohrdorf lehnt das Zivildienstgesetz ab, der Kanton Aargau nimmt sie an."
4037,68.2,68.2,31.8,"Oberrohrdorf AG","In Oberrohrdorf wird das Zivildienstgesetz mit 68,2 Prozent angenommen. Übereinstimmend mit dem Kanton Aargau stimmt Oberrohrdorf dem Zivildienstgesetz zu."
4038,53.3,53.3,46.7,"Obersiggenthal AG","Das Zivildienstgesetz erreicht in Obersiggenthal 53,3 Prozent Ja-Stimmen. Übereinstimmend mit dem Kanton Aargau stimmt Obersiggenthal dem Zivildienstgesetz zu."
4039,45.7,45.7,54.3,"Remetschwil AG","In Remetschwil wird das Zivildienstgesetz mit 54,3 Prozent abgelehnt. Remetschwil lehnt das Zivildienstgesetz ab, der Kanton Aargau nimmt sie an."
4040,26.6,26.6,73.4,"Spreitenbach AG","In Spreitenbach wird das Zivildienstgesetz mit 73,4 Prozent abgelehnt. Spreitenbach lehnt das Zivildienstgesetz ab, der Kanton Aargau nimmt sie an."
4041,83.9,83.9,16.1,"Stetten AG","In Stetten AG ist das Zivildienstgesetz mit 83,9 Prozent der Stimmen angenommen worden. Übereinstimmend mit dem Kanton Aargau stimmt Stetten AG dem Zivildienstgesetz zu."
4044,71.2,71.2,28.8,"Untersiggenthal AG","Das Zivildienstgesetz erreicht in Untersiggenthal 71,2 Prozent Ja-Stimmen. Übereinstimmend mit dem Kanton Aargau stimmt Untersiggenthal dem Zivildienstgesetz zu."
4045,59.3,59.3,40.7,"Wettingen AG","In Wettingen wird das Zivildienstgesetz mit 59,3 Prozent angenommen. Übereinstimmend mit dem Kanton Aargau stimmt Wettingen dem Zivildienstgesetz zu."
4046,15.7,15.7,84.3,"Wohlenschwil AG","Wohlenschwil hat das Zivildienstgesetz mit 84,3 Prozent Nein-Stimmen verworfen. Wohlenschwil lehnt das Zivildienstgesetz ab, der Kanton Aargau nimmt sie an."
4047,47.9,47.9,52.1,"Würenlingen AG","In Würenlingen hat das Zivildienstgesetz keine Mehrheit gefunden: 52,1 Prozent lehnen die Vorlage ab. Würenlingen lehnt das Zivildienstgesetz ab, der Kanton Aargau nimmt sie an."
4048,75.7,75.7,24.3,"Würenlos AG","In Würenlos ist das Zivildienstgesetz mit 75,7 Prozent der Stimmen angenommen worden. Übereinstimmend mit dem Kanton Aargau stimmt Würenlos dem Zivildienstgesetz zu."
4049,62.6,62.6,37.4,"Ehrendingen AG","In Ehrendingen wird das Zivildienstgesetz mit 62,6 Prozent angenommen. Übereinstimmend mit dem Kanton Aargau stimmt Ehrendingen dem Zivildienstgesetz zu."
4061,54.2,54.2,45.8,"Arni AG","In Arni AG ist das Zivildienstgesetz mit 54,2 Prozent der Stimmen angenommen worden. Übereinstimmend mit dem Kanton Aargau stimmt Arni AG dem Zivildienstgesetz zu."
4062,38.1,38.1,61.9,"Berikon AG","Nein zum Zivildienstgesetz in Berikon: 61,9 Prozent. Berikon lehnt das Zivildienstgesetz ab, der Kanton Aargau nimmt sie an."
4063,15.2,15.2,84.8,"Bremgarten AG","Bremgarten AG hat das Zivildienstgesetz mit 84,8 Prozent Nein-Stimmen verworfen. Bremgarten AG lehnt das Zivildienstgesetz ab, der Kanton Aargau nimmt sie an."
4064,3.9,3.9,96.1,"Büttikon AG","In Büttikon hat das Zivildienstgesetz keine Mehrheit gefunden: 96,1 Prozent lehnen die Vorlage ab. Büttikon lehnt das Zivildienstgesetz ab, der Kanton Aargau nimmt sie an."
4065,62.5,62.5,37.5,"Dottikon AG","Das Zivildienstgesetz erreicht in Dottikon 62,5 Prozent Ja-Stimmen. Übereinstimmend mit dem Kanton Aargau stimmt Dottikon dem Zivildienstgesetz zu."
4066,49,49,51,"Eggenwil AG","51 Prozent der Stimmbürgerinnen und Stimmbürger von Eggenwil haben das Zivildienstgesetz abgelehnt. Eggenwil lehnt das Zivildienstgesetz ab, der Kanton Aargau nimmt sie an."
4067,48.1,48.1,51.9,"Fischbach-Göslikon AG","Nein zum Zivildienstgesetz in Fischbach-Göslikon: 51,9 Prozent. Fischbach-Göslikon lehnt das Zivildienstgesetz ab, der Kanton Aargau nimmt sie an."
4068,71.3,71.3,28.7,"Hägglingen AG","Die Vorlage das Zivildienstgesetz ist in Hägglingen mit 71,3 Prozent der Stimmen angenommen worden. Übereinstimmend mit dem Kanton Aargau stimmt Hägglingen dem Zivildienstgesetz zu."
4071,55.8,55.8,44.2,"Jonen AG","In Jonen wird das Zivildienstgesetz mit 55,8 Prozent angenommen. Übereinstimmend mit dem Kanton Aargau stimmt Jonen dem Zivildienstgesetz zu."
4072,70.2,70.2,29.8,"Niederwil AG","In Niederwil AG ist das Zivildienstgesetz mit 70,2 Prozent der Stimmen angenommen worden. Übereinstimmend mit dem Kanton Aargau stimmt Niederwil AG dem Zivildienstgesetz zu."
4073,48.3,48.3,51.7,"Oberlunkhofen AG","Oberlunkhofen hat das Zivildienstgesetz mit 51,7 Prozent Nein-Stimmen verworfen. Oberlunkhofen lehnt das Zivildienstgesetz ab, der Kanton Aargau nimmt sie an."
4074,51.4,51.4,48.6,"Oberwil-Lieli AG","In Oberwil-Lieli wird das Zivildienstgesetz mit 51,4 Prozent angenommen. Übereinstimmend mit dem Kanton Aargau stimmt Oberwil-Lieli dem Zivildienstgesetz zu."
4075,72.9,72.9,27.1,"Rudolfstetten-Friedlisberg AG","Die Vorlage das Zivildienstgesetz ist in Rudolfstetten-Friedlisberg mit 72,9 Prozent der Stimmen angenommen worden. Übereinstimmend mit dem Kanton Aargau stimmt Rudolfstetten-Friedlisberg dem Zivildienstgesetz zu."
4076,5.6,5.6,94.4,"Sarmenstorf AG","94,4 Prozent der Stimmbürgerinnen und Stimmbürger von Sarmenstorf haben das Zivildienstgesetz abgelehnt. Sarmenstorf lehnt das Zivildienstgesetz ab, der Kanton Aargau nimmt sie an."
4077,87.9,87.9,12.1,"Tägerig AG","In Tägerig wird das Zivildienstgesetz mit 87,9 Prozent angenommen. Übereinstimmend mit dem Kanton Aargau stimmt Tägerig dem Zivildienstgesetz zu."
4078,69,69,31,"Uezwil AG","In Uezwil wird das Zivildienstgesetz mit 69 Prozent angenommen. Übereinstimmend mit dem Kanton Aargau stimmt Uezwil dem Zivildienstgesetz zu."
4079,39.1,39.1,60.9,"Unterlunkhofen AG","In Unterlunkhofen wird das Zivildienstgesetz mit 60,9 Prozent abgelehnt. Unterlunkhofen lehnt das Zivildienstgesetz ab, der Kanton Aargau nimmt sie an."
4080,19.6,19.6,80.4,"Villmergen AG","In Villmergen wird das Zivildienstgesetz mit 80,4 Prozent abgelehnt. Villmergen lehnt das Zivildienstgesetz ab, der Kanton Aargau nimmt sie an."
4081,40,40,60,"Widen AG","Widen hat das Zivildienstgesetz mit 60 Prozent Nein-Stimmen verworfen. Widen lehnt das Zivildienstgesetz ab, der Kanton Aargau nimmt sie an."
4082,56.8,56.8,43.2,"Wohlen AG","In Wohlen AG wird das Zivildienstgesetz mit 56,8 Prozent angenommen. Übereinstimmend mit dem Kanton Aargau stimmt Wohlen AG dem Zivildienstgesetz zu."
4083,71.5,71.5,28.5,"Zufikon AG","In Zufikon wird das Zivildienstgesetz mit 71,5 Prozent angenommen. Übereinstimmend mit dem Kanton Aargau stimmt Zufikon dem Zivildienstgesetz zu."
4084,96.8,96.8,3.2,"Islisberg AG","Die Vorlage das Zivildienstgesetz ist in Islisberg mit 96,8 Prozent der Stimmen angenommen worden. Übereinstimmend mit dem Kanton Aargau stimmt Islisberg dem Zivildienstgesetz zu."
4091,53.8,53.8,46.2,"Auenstein AG","In Auenstein wird das Zivildienstgesetz mit 53,8 Prozent angenommen. Übereinstimmend mit dem Kanton Aargau stimmt Auenstein dem Zivildienstgesetz zu."
4092,70.6,70.6,29.4,"Birr AG","Die Vorlage das Zivildienstgesetz ist in Birr mit 70,6 Prozent der Stimmen angenommen worden. Übereinstimmend mit dem Kanton Aargau stimmt Birr dem Zivildienstgesetz zu."
4093,89.8,89.8,10.2,"Birrhard AG","In Birrhard wird das Zivildienstgesetz mit 89,8 Prozent angenommen. Übereinstimmend mit dem Kanton Aargau stimmt Birrhard dem Zivildienstgesetz zu."
4095,18.1,18.1,81.9,"Brugg AG","Nein zum Zivildienstgesetz in Brugg: 81,9 Prozent. Brugg lehnt das Zivildienstgesetz ab, der Kanton Aargau nimmt sie an."
4099,66.9,66.9,33.1,"Habsburg AG","In Habsburg wird das Zivildienstgesetz mit 66,9 Prozent angenommen. Übereinstimmend mit dem Kanton Aargau stimmt Habsburg dem Zivildienstgesetz zu."
4100,22.6,22.6,77.4,"Hausen AG","Nein zum Zivildienstgesetz in Hausen AG: 77,4 Prozent. Hausen AG lehnt das Zivildienstgesetz ab, der Kanton Aargau nimmt sie an."
4104,43.2,43.2,56.8,"Lupfig AG","In Lupfig wird das Zivildienstgesetz mit 56,8 Prozent abgelehnt. Lupfig lehnt das Zivildienstgesetz ab, der Kanton Aargau nimmt sie an."
4105,70.6,70.6,29.4,"Mandach AG","In Mandach wird das Zivildienstgesetz mit 70,6 Prozent angenommen. Übereinstimmend mit dem Kanton Aargau stimmt Mandach dem Zivildienstgesetz zu."
4106,82.4,82.4,17.6,"Mönthal AG","Das Zivildienstgesetz erreicht in Mönthal 82,4 Prozent Ja-Stimmen. Übereinstimmend mit dem Kanton Aargau stimmt Mönthal dem Zivildienstgesetz zu."
4107,46.5,46.5,53.5,"Mülligen AG","Mülligen hat das Zivildienstgesetz mit 53,5 Prozent Nein-Stimmen verworfen. Mülligen lehnt das Zivildienstgesetz ab, der Kanton Aargau nimmt sie an."
4110,19.1,19.1,80.9,"Remigen AG","In Remigen hat das Zivildienstgesetz keine Mehrheit gefunden: 80,9 Prozent lehnen die Vorlage ab. Remigen lehnt das Zivildienstgesetz ab, der Kanton Aargau nimmt sie an."
4111,24,24,76,"Riniken AG","Riniken hat das Zivildienstgesetz mit 76 Prozent Nein-Stimmen verworfen. Riniken lehnt das Zivildienstgesetz ab, der Kanton Aargau nimmt sie an."
4112,47.7,47.7,52.3,"Rüfenach AG","Rüfenach hat das Zivildienstgesetz mit 52,3 Prozent Nein-Stimmen verworfen. Rüfenach lehnt das Zivildienstgesetz ab, der Kanton Aargau nimmt sie an."
4117,40.8,40.8,59.2,"Thalheim AG","In Thalheim AG wird das Zivildienstgesetz mit 59,2 Prozent abgelehnt. Thalheim AG lehnt das Zivildienstgesetz ab, der Kanton Aargau nimmt sie an."
4120,11.4,11.4,88.6,"Veltheim AG","In Veltheim AG wird das Zivildienstgesetz mit 88,6 Prozent abgelehnt. Veltheim AG lehnt das Zivildienstgesetz ab, der Kanton Aargau nimmt sie an."
4121,23.3,23.3,76.7,"Villigen AG","Villigen hat das Zivildienstgesetz mit 76,7 Prozent Nein-Stimmen verworfen. Villigen lehnt das Zivildienstgesetz ab, der Kanton Aargau nimmt sie an."
4123,69.5,69.5,30.5,"Windisch AG","In Windisch wird das Zivildienstgesetz mit 69,5 Prozent angenommen. Übereinstimmend mit dem Kanton Aargau stimmt Windisch dem Zivildienstgesetz zu."
4124,48.3,48.3,51.7,"Bözberg AG","51,7 Prozent der Stimmbürgerinnen und Stimmbürger von Bözberg haben das Zivildienstgesetz abgelehnt. Bözberg lehnt das Zivildienstgesetz ab, der Kanton Aargau nimmt sie an."
4125,15.1,15.1,84.9,"Schinznach AG","Nein zum Zivildienstgesetz in Schinznach: 84,9 Prozent. Schinznach lehnt das Zivildienstgesetz ab, der Kanton Aargau nimmt sie an."
4131,7.9,7.9,92.1,"Beinwil am See AG","Nein zum Zivildienstgesetz in Beinwil am See: 92,1 Prozent. Beinwil am See lehnt das Zivildienstgesetz ab, der Kanton Aargau nimmt sie an."
4132,83.2,83.2,16.8,"Birrwil AG","Die Vorlage das Zivildienstgesetz ist in Birrwil mit 83,2 Prozent der Stimmen angenommen worden. Übereinstimmend mit dem Kanton Aargau stimmt Birrwil dem Zivildienstgesetz zu."
4134,59.5,59.5,40.5,"Dürrenäsch AG","Das Zivildienstgesetz erreicht in Dürrenäsch 59,5 Prozent Ja-Stimmen. Übereinstimmend mit dem Kanton Aargau stimmt Dürrenäsch dem Zivildienstgesetz zu."
4135,38.4,38.4,61.6,"Gontenschwil AG","In Gontenschwil hat das Zivildienstgesetz keine Mehrheit gefunden: 61,6 Prozent lehnen die Vorlage ab. Gontenschwil lehnt das Zivildienstgesetz ab, der Kanton Aargau nimmt sie an."
4136,52.8,52.8,47.2,"Holziken AG","In Holziken wird das Zivildienstgesetz mit 52,8 Prozent angenommen. Übereinstimmend mit dem Kanton Aargau stimmt Holziken dem Zivildienstgesetz zu."
4137,53.4,53.4,46.6,"Leimbach AG","Die Vorlage das Zivildienstgesetz ist in Leimbach AG mit 53,4 Prozent der Stimmen angenommen worden. Übereinstimmend mit dem Kanton Aargau stimmt Leimbach AG dem Zivildienstgesetz zu."
4138,43.9,43.9,56.1,"Leutwil AG","In Leutwil wird das Zivildienstgesetz mit 56,1 Prozent abgelehnt. Leutwil lehnt das Zivildienstgesetz ab, der Kanton Aargau nimmt sie an."
4139,78.1,78.1,21.9,"Menziken AG","In Menziken wird das Zivildienstgesetz mit 78,1 Prozent angenommen. Übereinstimmend mit dem Kanton Aargau stimmt Menziken dem Zivildienstgesetz zu."
4140,39.2,39.2,60.8,"Oberkulm AG","Nein zum Zivildienstgesetz in Oberkulm: 60,8 Prozent. Oberkulm lehnt das Zivildienstgesetz ab, der Kanton Aargau nimmt sie an."
4141,53.4,53.4,46.6,"Reinach AG","In Reinach AG wird das Zivildienstgesetz mit 53,4 Prozent angenommen. Übereinstimmend mit dem Kanton Aargau stimmt Reinach AG dem Zivildienstgesetz zu."
4142,48.9,48.9,51.1,"Schlossrued AG","Nein zum Zivildienstgesetz in Schlossrued: 51,1 Prozent. Schlossrued lehnt das Zivildienstgesetz ab, der Kanton Aargau nimmt sie an."
4143,18.1,18.1,81.9,"Schmiedrued AG","81,9 Prozent der Stimmbürgerinnen und Stimmbürger von Schmiedrued haben das Zivildienstgesetz abgelehnt. Schmiedrued lehnt das Zivildienstgesetz ab, der Kanton Aargau nimmt sie an."
4144,47.5,47.5,52.5,"Schöftland AG","52,5 Prozent der Stimmbürgerinnen und Stimmbürger von Schöftland haben das Zivildienstgesetz abgelehnt. Schöftland lehnt das Zivildienstgesetz ab, der Kanton Aargau nimmt sie an."
4145,79.4,79.4,20.6,"Teufenthal AG","In Teufenthal AG wird das Zivildienstgesetz mit 79,4 Prozent angenommen. Übereinstimmend mit dem Kanton Aargau stimmt Teufenthal AG dem Zivildienstgesetz zu."
4146,40.3,40.3,59.7,"Unterkulm AG","Unterkulm hat das Zivildienstgesetz mit 59,7 Prozent Nein-Stimmen verworfen. Unterkulm lehnt das Zivildienstgesetz ab, der Kanton Aargau nimmt sie an."
4147,99.8,99.8,0.2,"Zetzwil AG","In Zetzwil wird das Zivildienstgesetz mit 99,8 Prozent angenommen. Höchster Ja-Anteil zum Zivildienstgesetz im Kanton Aargau: Zetzwil."
4161,37.1,37.1,62.9,"Eiken AG","Nein zum Zivildienstgesetz in Eiken: 62,9 Prozent. Eiken lehnt das Zivildienstgesetz ab, der Kanton Aargau nimmt sie an."
4163,50.2,50.2,49.8,"Frick AG","Das Zivildienstgesetz erreicht in Frick 50,2 Prozent Ja-Stimmen. Übereinstimmend mit dem Kanton Aargau stimmt Frick dem Zivildienstgesetz zu."
4164,16.6,16.6,83.4,"Gansingen AG","Gansingen hat das Zivildienstgesetz mit 83,4 Prozent Nein-Stimmen verworfen. Gansingen lehnt das Zivildienstgesetz ab, der Kanton Aargau nimmt sie an."
4165,12,12,88,"Gipf-Oberfrick AG","Gipf-Oberfrick hat das Zivildienstgesetz mit 88 Prozent Nein-Stimmen verworfen. Gipf-Oberfrick lehnt das Zivildienstgesetz ab, der Kanton Aargau nimmt sie an."
4169,76.8,76.8,23.2,"Kaisten AG","Das Zivildienstgesetz erreicht in Kaisten 76,8 Prozent Ja-Stimmen. Übereinstimmend mit dem Kanton Aargau stimmt Kaisten dem Zivildienstgesetz zu."
4170,51.6,51.6,48.4,"Laufenburg AG","In Laufenburg wird das Zivildienstgesetz mit 51,6 Prozent angenommen. Übereinstimmend mit dem Kanton Aargau stimmt Laufenburg dem Zivildienstgesetz zu."
4172,44.8,44.8,55.2,"Münchwilen AG","Nein zum Zivildienstgesetz in Münchwilen AG: 55,2 Prozent. Münchwilen AG lehnt das Zivildienstgesetz ab, der Kanton Aargau nimmt sie an."
4173,61.5,61.5,38.5,"Oberhof AG","Das Zivildienstgesetz erreicht in Oberhof 61,5 Prozent Ja-Stimmen. Übereinstimmend mit dem Kanton Aargau stimmt Oberhof dem Zivildienstgesetz zu."
4175,33.9,33.9,66.1,"Oeschgen AG","Nein zum Zivildienstgesetz in Oeschgen: 66,1 Prozent. Oeschgen lehnt das Zivildienstgesetz ab, der Kanton Aargau nimmt sie an."
4176,76.7,76.7,23.3,"Schwaderloch AG","In Schwaderloch wird das Zivildienstgesetz mit 76,7 Prozent angenommen. Übereinstimmend mit dem Kanton Aargau stimmt Schwaderloch dem Zivildienstgesetz zu."
4177,8.7,8.7,91.3,"Sisseln AG","Sisseln hat das Zivildienstgesetz mit 91,3 Prozent Nein-Stimmen verworfen. Sisseln lehnt das Zivildienstgesetz ab, der Kanton Aargau nimmt sie an."
4181,78,78,22,"Wittnau AG","In Wittnau wird das Zivildienstgesetz mit 78 Prozent angenommen. Übereinstimmend mit dem Kanton Aargau stimmt Wittnau dem Zivildienstgesetz zu."
4182,43.7,43.7,56.3,"Wölflinswil AG","Wölflinswil hat das Zivildienstgesetz mit 56,3 Prozent Nein-Stimmen verworfen. Wölflinswil lehnt das Zivildienstgesetz ab, der Kanton Aargau nimmt sie an."
4183,34.8,34.8,65.2,"Zeihen AG","Nein zum Zivildienstgesetz in Zeihen: 65,2 Prozent. Zeihen lehnt das Zivildienstgesetz ab, der Kanton Aargau nimmt sie an."
4184,10.3,10.3,89.7,"Mettauertal AG","Mettauertal hat das Zivildienstgesetz mit 89,7 Prozent Nein-Stimmen verworfen. Mettauertal lehnt das Zivildienstgesetz ab, der Kanton Aargau nimmt sie an."
4185,65,65,35,"Böztal AG","Die Vorlage das Zivildienstgesetz ist in Böztal mit 65 Prozent der Stimmen angenommen worden. Übereinstimmend mit dem Kanton Aargau stimmt Böztal dem Zivildienstgesetz zu."
4186,57.6,57.6,42.4,"Herznach-Ueken AG","In Herznach-Ueken wird das Zivildienstgesetz mit 57,6 Prozent angenommen. Übereinstimmend mit dem Kanton Aargau stimmt Herznach-Ueken dem Zivildienstgesetz zu."
4191,41.6,41.6,58.4,"Ammerswil AG","In Ammerswil hat das Zivildienstgesetz keine Mehrheit gefunden: 58,4 Prozent lehnen die Vorlage ab. Ammerswil lehnt das Zivildienstgesetz ab, der Kanton Aargau nimmt sie an."
4192,95,95,5,"Boniswil AG","In Boniswil wird das Zivildienstgesetz mit 95 Prozent angenommen. Übereinstimmend mit dem Kanton Aargau stimmt Boniswil dem Zivildienstgesetz zu."
4193,67.4,67.4,32.6,"Brunegg AG","In Brunegg wird das Zivildienstgesetz mit 67,4 Prozent angenommen. Übereinstimmend mit dem Kanton Aargau stimmt Brunegg dem Zivildienstgesetz zu."
4194,80,80,20,"Dintikon AG","In Dintikon wird das Zivildienstgesetz mit 80 Prozent angenommen. Übereinstimmend mit dem Kanton Aargau stimmt Dintikon dem Zivildienstgesetz zu."
4195,40.7,40.7,59.3,"Egliswil AG","Nein zum Zivildienstgesetz in Egliswil: 59,3 Prozent. Egliswil lehnt das Zivildienstgesetz ab, der Kanton Aargau nimmt sie an."
4196,97.6,97.6,2.4,"Fahrwangen AG","In Fahrwangen wird das Zivildienstgesetz mit 97,6 Prozent angenommen. Übereinstimmend mit dem Kanton Aargau stimmt Fahrwangen dem Zivildienstgesetz zu."
4197,92.6,92.6,7.4,"Hallwil AG","In Hallwil ist das Zivildienstgesetz mit 92,6 Prozent der Stimmen angenommen worden. Übereinstimmend mit dem Kanton Aargau stimmt Hallwil dem Zivildienstgesetz zu."
4198,3,3,97,"Hendschiken AG","In Hendschiken hat das Zivildienstgesetz keine Mehrheit gefunden: 97 Prozent lehnen die Vorlage ab. Hendschiken lehnt das Zivildienstgesetz ab, der Kanton Aargau nimmt sie an."
4199,35.6,35.6,64.4,"Holderbank AG","Holderbank AG hat das Zivildienstgesetz mit 64,4 Prozent Nein-Stimmen verworfen. Holderbank AG lehnt das Zivildienstgesetz ab, der Kanton Aargau nimmt sie an."
4200,72.1,72.1,27.9,"Hunzenschwil AG","In Hunzenschwil wird das Zivildienstgesetz mit 72,1 Prozent angenommen. Übereinstimmend mit dem Kanton Aargau stimmt Hunzenschwil dem Zivildienstgesetz zu."
4201,61.8,61.8,38.2,"Lenzburg AG","In Lenzburg wird das Zivildienstgesetz mit 61,8 Prozent angenommen. Übereinstimmend mit dem Kanton Aargau stimmt Lenzburg dem Zivildienstgesetz zu."
4202,56.3,56.3,43.7,"Meisterschwanden AG","In Meisterschwanden wird das Zivildienstgesetz mit 56,3 Prozent angenommen. Übereinstimmend mit dem Kanton Aargau stimmt Meisterschwanden dem Zivildienstgesetz zu."
4203,62.2,62.2,37.8,"Möriken-Wildegg AG","In Möriken-Wildegg wird das Zivildienstgesetz mit 62,2 Prozent angenommen. Übereinstimmend mit dem Kanton Aargau stimmt Möriken-Wildegg dem Zivildienstgesetz zu."
4204,55.3,55.3,44.7,"Niederlenz AG","In Niederlenz ist das Zivildienstgesetz mit 55,3 Prozent der Stimmen angenommen worden. Übereinstimmend mit dem Kanton Aargau stimmt Niederlenz dem Zivildienstgesetz zu."
4205,26.8,26.8,73.2,"Othmarsingen AG","73,2 Prozent der Stimmbürgerinnen und Stimmbürger von Othmarsingen haben das Zivildienstgesetz abgelehnt. Othmarsingen lehnt das Zivildienstgesetz ab, der Kanton Aargau nimmt sie an."
4206,75.9,75.9,24.1,"Rupperswil AG","In Rupperswil wird das Zivildienstgesetz mit 75,9 Prozent angenommen. Übereinstimmend mit dem Kanton Aargau stimmt Rupperswil dem Zivildienstgesetz zu."
4207,64.1,64.1,35.9,"Schafisheim AG","Das Zivildienstgesetz erreicht in Schafisheim 64,1 Prozent Ja-Stimmen. Übereinstimmend mit dem Kanton Aargau stimmt Schafisheim dem Zivildienstgesetz zu."
4208,81.4,81.4,18.6,"Seengen AG","In Seengen wird das Zivildienstgesetz mit 81,4 Prozent angenommen. Übereinstimmend mit dem Kanton Aargau stimmt Seengen dem Zivildienstgesetz zu."
4209,5.8,5.8,94.2,"Seon AG","In Seon wird das Zivildienstgesetz mit 94,2 Prozent abgelehnt. Seon lehnt das Zivildienstgesetz ab, der Kanton Aargau nimmt sie an."
4210,72.5,72.5,27.5,"Staufen AG","Das Zivildienstgesetz erreicht in Staufen 72,5 Prozent Ja-Stimmen. Übereinstimmend mit dem Kanton Aargau stimmt Staufen dem Zivildienstgesetz zu."
4221,61.2,61.2,38.8,"Abtwil AG","In Abtwil ist das Zivildienstgesetz mit 61,2 Prozent der Stimmen angenommen worden. Übereinstimmend mit dem Kanton Aargau stimmt Abtwil dem Zivildienstgesetz zu."
4222,38.5,38.5,61.5,"Aristau AG","Aristau hat das Zivildienstgesetz mit 61,5 Prozent Nein-Stimmen verworfen. Aristau lehnt das Zivildienstgesetz ab, der Kanton Aargau nimmt sie an."
4223,12.6,12.6,87.4,"Auw AG","Nein zum Zivildienstgesetz in Auw: 87,4 Prozent. Auw lehnt das Zivildienstgesetz ab, der Kanton Aargau nimmt sie an."
4224,97.1,97.1,2.9,"Beinwil (Freiamt) AG","Das Zivildienstgesetz erreicht in Beinwil (Freiamt) 97,1 Prozent Ja-Stimmen. Übereinstimmend mit dem Kanton Aargau stimmt Beinwil (Freiamt) dem Zivildienstgesetz zu."
4226,22.8,22.8,77.2,"Besenbüren AG","Besenbüren hat das Zivildienstgesetz mit 77,2 Prozent Nein-Stimmen verworfen. Besenbüren lehnt das Zivildienstgesetz ab, der Kanton Aargau nimmt sie an."
4227,33.2,33.2,66.8,"Bettwil AG","In Bettwil wird das Zivildienstgesetz mit 66,8 Prozent abgelehnt. Bettwil lehnt das Zivildienstgesetz ab, der Kanton Aargau nimmt sie an."
4228,2.7,2.7,97.3,"Boswil AG","In Boswil hat das Zivildienstgesetz keine Mehrheit gefunden: 97,3 Prozent lehnen die Vorlage ab. Boswil verzeichnet im Kanton Aargau den höchsten Nein-Anteil zum Zivildienstgesetz."
4229,23.9,23.9,76.1,"Bünzen AG","Bünzen hat das Zivildienstgesetz mit 76,1 Prozent Nein-Stimmen verworfen. Bünzen lehnt das Zivildienstgesetz ab, der Kanton Aargau nimmt sie an."
4230,78.1,78.1,21.9,"Buttwil AG","In Buttwil wird das Zivildienstgesetz mit 78,1 Prozent angenommen. Übereinstimmend mit dem Kanton Aargau stimmt Buttwil dem Zivildienstgesetz zu."
4231,31.9,31.9,68.1,"Dietwil AG","In Dietwil wird das Zivildienstgesetz mit 68,1 Prozent abgelehnt. Dietwil lehnt das Zivildienstgesetz ab, der Kanton Aargau nimmt sie an."
4232,40.9,40.9,59.1,"Geltwil AG","Nein zum Zivildienstgesetz in Geltwil: 59,1 Prozent. Geltwil lehnt das Zivildienstgesetz ab, der Kanton Aargau nimmt sie an."
4233,45,45,55,"Kallern AG","Nein zum Zivildienstgesetz in Kallern: 55 Prozent. Kallern lehnt das Zivildienstgesetz ab, der Kanton Aargau nimmt sie an."
4234,70.3,70.3,29.7,"Merenschwand AG","In Merenschwand wird das Zivildienstgesetz mit 70,3 Prozent angenommen. Übereinstimmend mit dem Kanton Aargau stimmt Merenschwand dem Zivildienstgesetz zu."
4235,62.3,62.3,37.7,"Mühlau AG","Das Zivildienstgesetz erreicht in Mühlau 62,3 Prozent Ja-Stimmen. Übereinstimmend mit dem Kanton Aargau stimmt Mühlau dem Zivildienstgesetz zu."
4236,42,42,58,"Muri AG","Nein zum Zivildienstgesetz in Muri AG: 58 Prozent. Muri AG lehnt das Zivildienstgesetz ab, der Kanton Aargau nimmt sie an."
4237,82.1,82.1,17.9,"Oberrüti AG","Die Vorlage das Zivildienstgesetz ist in Oberrüti mit 82,1 Prozent der Stimmen angenommen worden. Übereinstimmend mit dem Kanton Aargau stimmt Oberrüti dem Zivildienstgesetz zu."
4238,23.9,23.9,76.1,"Rottenschwil AG","Nein zum Zivildienstgesetz in Rottenschwil: 76,1 Prozent. Rottenschwil lehnt das Zivildienstgesetz ab, der Kanton Aargau nimmt sie an."
4239,60.1,60.1,39.9,"Sins AG","Die Vorlage das Zivildienstgesetz ist in Sins mit 60,1 Prozent der Stimmen angenommen worden. Übereinstimmend mit dem Kanton Aargau stimmt Sins dem Zivildienstgesetz zu."
4240,53.7,53.7,46.3,"Waltenschwil AG","In Waltenschwil wird das Zivildienstgesetz mit 53,7 Prozent angenommen. Übereinstimmend mit dem Kanton Aargau stimmt Waltenschwil dem Zivildienstgesetz zu."
4251,73,73,27,"Hellikon AG","Die Vorlage das Zivildienstgesetz ist in Hellikon mit 73 Prozent der Stimmen angenommen worden. Übereinstimmend mit dem Kanton Aargau stimmt Hellikon dem Zivildienstgesetz zu."
4252,25.1,25.1,74.9,"Kaiseraugst AG","Nein zum Zivildienstgesetz in Kaiseraugst: 74,9 Prozent. Kaiseraugst lehnt das Zivildienstgesetz ab, der Kanton Aargau nimmt sie an."
4253,48.7,48.7,51.3,"Magden AG","In Magden hat das Zivildienstgesetz keine Mehrheit gefunden: 51,3 Prozent lehnen die Vorlage ab. Magden lehnt das Zivildienstgesetz ab, der Kanton Aargau nimmt sie an."
4254,46.7,46.7,53.3,"Möhlin AG","In Möhlin wird das Zivildienstgesetz mit 53,3 Prozent abgelehnt. Möhlin lehnt das Zivildienstgesetz ab, der Kanton Aargau nimmt sie an."
4255,41.5,41.5,58.5,"Mumpf AG","Nein zum Zivildienstgesetz in Mumpf: 58,5 Prozent. Mumpf lehnt das Zivildienstgesetz ab, der Kanton Aargau nimmt sie an."
4256,55.1,55.1,44.9,"Obermumpf AG","Die Vorlage das Zivildienstgesetz ist in Obermumpf mit 55,1 Prozent der Stimmen angenommen worden. Übereinstimmend mit dem Kanton Aargau stimmt Obermumpf dem Zivildienstgesetz zu."
4257,64.6,64.6,35.4,"Olsberg AG","In Olsberg wird das Zivildienstgesetz mit 64,6 Prozent angenommen. Übereinstimmend mit dem Kanton Aargau stimmt Olsberg dem Zivildienstgesetz zu."
4258,77.3,77.3,22.7,"Rheinfelden AG","Das Zivildienstgesetz erreicht in Rheinfelden 77,3 Prozent Ja-Stimmen. Übereinstimmend mit dem Kanton Aargau stimmt Rheinfelden dem Zivildienstgesetz zu."
4259,86.8,86.8,13.2,"Schupfart AG","Die Vorlage das Zivildienstgesetz ist in Schupfart mit 86,8 Prozent der Stimmen angenommen worden. Übereinstimmend mit dem Kanton Aargau stimmt Schupfart dem Zivildienstgesetz zu."
4260,61,61,39,"Stein AG","In Stein AG wird das Zivildienstgesetz mit 61 Prozent angenommen. Übereinstimmend mit dem Kanton Aargau stimmt Stein AG dem Zivildienstgesetz zu."
4261,96.2,96.2,3.8,"Wallbach AG","Die Vorlage das Zivildienstgesetz ist in Wallbach mit 96,2 Prozent der Stimmen angenommen worden. Übereinstimmend mit dem Kanton Aargau stimmt Wallbach dem Zivildienstgesetz zu."
4262,88.1,88.1,11.9,"Wegenstetten AG","In Wegenstetten wird das Zivildienstgesetz mit 88,1 Prozent angenommen. Übereinstimmend mit dem Kanton Aargau stimmt Wegenstetten dem Zivildienstgesetz zu."
4263,27.3,27.3,72.7,"Zeiningen AG","In Zeiningen wird das Zivildienstgesetz mit 72,7 Prozent abgelehnt. Zeiningen lehnt das Zivildienstgesetz ab, der Kanton Aargau nimmt sie an."
4264,68.6,68.6,31.4,"Zuzgen AG","Das Zivildienstgesetz erreicht in Zuzgen 68,6 Prozent Ja-Stimmen. Übereinstimmend mit dem Kanton Aargau stimmt Zuzgen dem Zivildienstgesetz zu."
4271,58.6,58.6,41.4,"Aarburg AG","Das Zivildienstgesetz erreicht in Aarburg 58,6 Prozent Ja-Stimmen. Übereinstimmend mit dem Kanton Aargau stimmt Aarburg dem Zivildienstgesetz zu."
4273,24.8,24.8,75.2,"Bottenwil AG","Nein zum Zivildienstgesetz in Bottenwil: 75,2 Prozent. Bottenwil lehnt das Zivildienstgesetz ab, der Kanton Aargau nimmt sie an."
4274,62.5,62.5,37.5,"Brittnau AG","Das Zivildienstgesetz erreicht in Brittnau 62,5 Prozent Ja-Stimmen. Übereinstimmend mit dem Kanton Aargau stimmt Brittnau dem Zivildienstgesetz zu."
4275,59.2,59.2,40.8,"Kirchleerau AG","In Kirchleerau ist das Zivildienstgesetz mit 59,2 Prozent der Stimmen angenommen worden. Übereinstimmend mit dem Kanton Aargau stimmt Kirchleerau dem Zivildienstgesetz zu."
4276,56.4,56.4,43.6,"Kölliken AG","Das Zivildienstgesetz erreicht in Kölliken 56,4 Prozent Ja-Stimmen. Übereinstimmend mit dem Kanton Aargau stimmt Kölliken dem Zivildienstgesetz zu."
4277,79.6,79.6,20.4,"Moosleerau AG","In Moosleerau wird das Zivildienstgesetz mit 79,6 Prozent angenommen. Übereinstimmend mit dem Kanton Aargau stimmt Moosleerau dem Zivildienstgesetz zu."
4279,92.1,92.1,7.9,"Murgenthal AG","Die Vorlage das Zivildienstgesetz ist in Murgenthal mit 92,1 Prozent der Stimmen angenommen worden. Übereinstimmend mit dem Kanton Aargau stimmt Murgenthal dem Zivildienstgesetz zu."
4280,43,43,57,"Oftringen AG","In Oftringen wird das Zivildienstgesetz mit 57 Prozent abgelehnt. Oftringen lehnt das Zivildienstgesetz ab, der Kanton Aargau nimmt sie an."
4281,41.9,41.9,58.1,"Reitnau AG","In Reitnau hat das Zivildienstgesetz keine Mehrheit gefunden: 58,1 Prozent lehnen die Vorlage ab. Reitnau lehnt das Zivildienstgesetz ab, der Kanton Aargau nimmt sie an."
4282,49.8,49.8,50.2,"Rothrist AG","Nein zum Zivildienstgesetz in Rothrist: 50,2 Prozent. Rothrist lehnt das Zivildienstgesetz ab, der Kanton Aargau nimmt sie an."
4283,39.6,39.6,60.4,"Safenwil AG","In Safenwil hat das Zivildienstgesetz keine Mehrheit gefunden: 60,4 Prozent lehnen die Vorlage ab. Safenwil lehnt das Zivildienstgesetz ab, der Kanton Aargau nimmt sie an."
4284,63.6,63.6,36.4,"Staffelbach AG","In Staffelbach ist das Zivildienstgesetz mit 63,6 Prozent der Stimmen angenommen worden. Übereinstimmend mit dem Kanton Aargau stimmt Staffelbach dem Zivildienstgesetz zu."
4285,51.5,51.5,48.5,"Strengelbach AG","Das Zivildienstgesetz erreicht in Strengelbach 51,5 Prozent Ja-Stimmen. Übereinstimmend mit dem Kanton Aargau stimmt Strengelbach dem Zivildienstgesetz zu."
4286,81,81,19,"Uerkheim AG","Das Zivildienstgesetz erreicht in Uerkheim 81 Prozent Ja-Stimmen. Übereinstimmend mit dem Kanton Aargau stimmt Uerkheim dem Zivildienstgesetz zu."
4287,63.5,63.5,36.5,"Vordemwald AG","Das Zivildienstgesetz erreicht in Vordemwald 63,5 Prozent Ja-Stimmen. Übereinstimmend mit dem Kanton Aargau stimmt Vordemwald dem Zivildienstgesetz zu."
4288,91,91,9,"Wiliberg AG","In Wiliberg wird das Zivildienstgesetz mit 91 Prozent angenommen. Übereinstimmend mit dem Kanton Aargau stimmt Wiliberg dem Zivildienstgesetz zu."
4289,35.3,35.3,64.7,"Zofingen AG","Nein zum Zivildienstgesetz in Zofingen: 64,7 Prozent. Zofingen lehnt das Zivildienstgesetz ab, der Kanton Aargau nimmt sie an."
4303,9.8,9.8,90.2,"Böttstein AG","Böttstein hat das Zivildienstgesetz mit 90,2 Prozent Nein-Stimmen verworfen. Böttstein lehnt das Zivildienstgesetz ab, der Kanton Aargau nimmt sie an."
4304,65.8,65.8,34.2,"Döttingen AG","Das Zivildienstgesetz erreicht in Döttingen 65,8 Prozent Ja-Stimmen. Übereinstimmend mit dem Kanton Aargau stimmt Döttingen dem Zivildienstgesetz zu."
4305,32.4,32.4,67.6,"Endingen AG","In Endingen hat das Zivildienstgesetz keine Mehrheit gefunden: 67,6 Prozent lehnen die Vorlage ab. Endingen lehnt das Zivildienstgesetz ab, der Kanton Aargau nimmt sie an."
4306,86.1,86.1,13.9,"Fisibach AG","Die Vorlage das Zivildienstgesetz ist in Fisibach mit 86,1 Prozent der Stimmen angenommen worden. Übereinstimmend mit dem Kanton Aargau stimmt Fisibach dem Zivildienstgesetz zu."
4307,54.2,54.2,45.8,"Full-Reuenthal AG","Das Zivildienstgesetz erreicht in Full-Reuenthal 54,2 Prozent Ja-Stimmen. Übereinstimmend mit dem Kanton Aargau stimmt Full-Reuenthal dem Zivildienstgesetz zu."
4309,6.1,6.1,93.9,"Klingnau AG","93,9 Prozent der Stimmbürgerinnen und Stimmbürger von Klingnau haben das Zivildienstgesetz abgelehnt. Klingnau lehnt das Zivildienstgesetz ab, der Kanton Aargau nimmt sie an."
4310,74,74,26,"Koblenz AG","In Koblenz wird das Zivildienstgesetz mit 74 Prozent angenommen. Übereinstimmend mit dem Kanton Aargau stimmt Koblenz dem Zivildienstgesetz zu."
4311,49.4,49.4,50.6,"Leibstadt AG","Nein zum Zivildienstgesetz in Leibstadt: 50,6 Prozent. Leibstadt lehnt das Zivildienstgesetz ab, der Kanton Aargau nimmt sie an."
4312,55,55,45,"Lengnau AG","In Lengnau AG wird das Zivildienstgesetz mit 55 Prozent angenommen. Übereinstimmend mit dem Kanton Aargau stimmt Lengnau AG dem Zivildienstgesetz zu."
4313,67.8,67.8,32.2,"Leuggern AG","Die Vorlage das Zivildienstgesetz ist in Leuggern mit 67,8 Prozent der Stimmen angenommen worden. Übereinstimmend mit dem Kanton Aargau stimmt Leuggern dem Zivildienstgesetz zu."
4314,39.5,39.5,60.5,"Mellikon AG","60,5 Prozent der Stimmbürgerinnen und Stimmbürger von Mellikon haben das Zivildienstgesetz abgelehnt. Mellikon lehnt das Zivildienstgesetz ab, der Kanton Aargau nimmt sie an."
4318,83.6,83.6,16.4,"Schneisingen AG","In Schneisingen wird das Zivildienstgesetz mit 83,6 Prozent angenommen. Übereinstimmend mit dem Kanton Aargau stimmt Schneisingen dem Zivildienstgesetz zu."
4319,52.5,52.5,47.5,"Siglistorf AG","Das Zivildienstgesetz erreicht in Siglistorf 52,5 Prozent Ja-Stimmen. Übereinstimmend mit dem Kanton Aargau stimmt Siglistorf dem Zivildienstgesetz zu."
4320,36.7,36.7,63.3,"Tegerfelden AG","Nein zum Zivildienstgesetz in Tegerfelden: 63,3 Prozent. Tegerfelden lehnt das Zivildienstgesetz ab, der Kanton Aargau nimmt sie an."
4324,31.5,31.5,68.5,"Zurzach AG","In Zurzach wird das Zivildienstgesetz mit 68,5 Prozent abgelehnt. Zurzach lehnt das Zivildienstgesetz ab, der Kanton Aargau nimmt sie an."
4401,18.2,18.2,81.8,"Arbon TG","81,8 Prozent der Stimmbürgerinnen und Stimmbürger von Arbon haben das Zivildienstgesetz abgelehnt. Sowohl Arbon als auch der Kanton Thurgau verwerfen das Zivildienstgesetz."
4406,14.3,14.3,85.7,"Dozwil TG","85,7 Prozent der Stimmbürgerinnen und Stimmbürger von Dozwil haben das Zivildienstgesetz abgelehnt. Sowohl Dozwil als auch der Kanton Thurgau verwerfen das Zivildienstgesetz."
4411,42.8,42.8,57.2,"Egnach TG","Nein zum Zivildienstgesetz in Egnach: 57,2 Prozent. Sowohl Egnach als auch der Kanton Thurgau verwerfen das Zivildienstgesetz."
4416,58.7,58.7,41.3,"Hefenhofen TG","In Hefenhofen wird das Zivildienstgesetz mit 58,7 Prozent angenommen. Hefenhofen nimmt das Zivildienstgesetz an, der Kanton Thurgau lehnt es ab."
4421,57.3,57.3,42.7,"Horn TG","In Horn wird das Zivildienstgesetz mit 57,3 Prozent angenommen. Horn nimmt das Zivildienstgesetz an, der Kanton Thurgau lehnt es ab."
4426,33.1,33.1,66.9,"Kesswil TG","In Kesswil hat das Zivildienstgesetz keine Mehrheit gefunden: 66,9 Prozent lehnen die Vorlage ab. Sowohl Kesswil als auch der Kanton Thurgau verwerfen das Zivildienstgesetz."
4431,36.1,36.1,63.9,"Roggwil TG","In Roggwil TG hat das Zivildienstgesetz keine Mehrheit gefunden: 63,9 Prozent lehnen die Vorlage ab. Sowohl Roggwil TG als auch der Kanton Thurgau verwerfen das Zivildienstgesetz."
4436,35.7,35.7,64.3,"Romanshorn TG","In Romanshorn hat das Zivildienstgesetz keine Mehrheit gefunden: 64,3 Prozent lehnen die Vorlage ab. Sowohl Romanshorn als auch der Kanton Thurgau verwerfen das Zivildienstgesetz."
4441,56.4,56.4,43.6,"Salmsach TG","In Salmsach wird das Zivildienstgesetz mit 56,4 Prozent angenommen. Salmsach nimmt das Zivildienstgesetz an, der Kanton Thurgau lehnt es ab."
4446,35.7,35.7,64.3,"Sommeri TG","Sommeri hat das Zivildienstgesetz mit 64,3 Prozent Nein-Stimmen verworfen. Sowohl Sommeri als auch der Kanton Thurgau verwerfen das Zivildienstgesetz."
4451,76,76,24,"Uttwil TG","Das Zivildienstgesetz erreicht in Uttwil 76 Prozent Ja-Stimmen. Uttwil nimmt das Zivildienstgesetz an, der Kanton Thurgau lehnt es ab."
4461,45.3,45.3,54.7,"Amriswil TG","Nein zum Zivildienstgesetz in Amriswil: 54,7 Prozent. Sowohl Amriswil als auch der Kanton Thurgau verwerfen das Zivildienstgesetz."
4471,53.3,53.3,46.7,"Bischofszell TG","In Bischofszell wird das Zivildienstgesetz mit 53,3 Prozent angenommen. Bischofszell nimmt das Zivildienstgesetz an, der Kanton Thurgau lehnt es ab."
4476,34.4,34.4,65.6,"Erlen TG","In Erlen hat das Zivildienstgesetz keine Mehrheit gefunden: 65,6 Prozent lehnen die Vorlage ab. Sowohl Erlen als auch der Kanton Thurgau verwerfen das Zivildienstgesetz."
4486,13.4,13.4,86.6,"Hauptwil-Gottshaus TG","In Hauptwil-Gottshaus wird das Zivildienstgesetz mit 86,6 Prozent abgelehnt. Sowohl Hauptwil-Gottshaus als auch der Kanton Thurgau verwerfen das Zivildienstgesetz."
4495,15.7,15.7,84.3,"Hohentannen TG","Nein zum Zivildienstgesetz in Hohentannen: 84,3 Prozent. Sowohl Hohentannen als auch der Kanton Thurgau verwerfen das Zivildienstgesetz."
4501,45.7,45.7,54.3,"Kradolf-Schönenberg TG","In Kradolf-Schönenberg hat das Zivildienstgesetz keine Mehrheit gefunden: 54,3 Prozent lehnen die Vorlage ab. Sowohl Kradolf-Schönenberg als auch der Kanton Thurgau verwerfen das Zivildienstgesetz."
4506,52,52,48,"Sulgen TG","In Sulgen wird das Zivildienstgesetz mit 52 Prozent angenommen. Sulgen nimmt das Zivildienstgesetz an, der Kanton Thurgau lehnt es ab."
4511,56.3,56.3,43.7,"Zihlschlacht-Sitterdorf TG","In Zihlschlacht-Sitterdorf ist das Zivildienstgesetz mit 56,3 Prozent der Stimmen angenommen worden. Zihlschlacht-Sitterdorf nimmt das Zivildienstgesetz an, der Kanton Thurgau lehnt es ab."
4536,44.7,44.7,55.3,"Basadingen-Schlattingen TG","In Basadingen-Schlattingen hat das Zivildienstgesetz keine Mehrheit gefunden: 55,3 Prozent lehnen die Vorlage ab. Sowohl Basadingen-Schlattingen als auch der Kanton Thurgau verwerfen das Zivildienstgesetz."
4545,38.8,38.8,61.2,"Diessenhofen TG","In Diessenhofen wird das Zivildienstgesetz mit 61,2 Prozent abgelehnt. Sowohl Diessenhofen als auch der Kanton Thurgau verwerfen das Zivildienstgesetz."
4546,75.6,75.6,24.4,"Schlatt TG","In Schlatt TG wird das Zivildienstgesetz mit 75,6 Prozent angenommen. Schlatt TG nimmt das Zivildienstgesetz an, der Kanton Thurgau lehnt es ab."
4551,53.3,53.3,46.7,"Aadorf TG","In Aadorf wird das Zivildienstgesetz mit 53,3 Prozent angenommen. Aadorf nimmt das Zivildienstgesetz an, der Kanton Thurgau lehnt es ab."
4561,17.7,17.7,82.3,"Felben-Wellhausen TG","Felben-Wellhausen hat das Zivildienstgesetz mit 82,3 Prozent Nein-Stimmen verworfen. Sowohl Felben-Wellhausen als auch der Kanton Thurgau verwerfen das Zivildienstgesetz."
4566,8.5,8.5,91.5,"Frauenfeld TG","Nein zum Zivildienstgesetz in Frauenfeld: 91,5 Prozent. Sowohl Frauenfeld als auch der Kanton Thurgau verwerfen das Zivildienstgesetz."
4571,38.5,38.5,61.5,"Gachnang TG","Nein zum Zivildienstgesetz in Gachnang: 61,5 Prozent. Sowohl Gachnang als auch der Kanton Thurgau verwerfen das Zivildienstgesetz."
4590,58.9,58.9,41.1,"Hüttlingen TG","Die Vorlage das Zivildienstgesetz ist in Hüttlingen mit 58,9 Prozent der Stimmen angenommen worden. Hüttlingen nimmt das Zivildienstgesetz an, der Kanton Thurgau lehnt es ab."
4591,55.6,55.6,44.4,"Matzingen TG","In Matzingen wird das Zivildienstgesetz mit 55,6 Prozent angenommen. Matzingen nimmt das Zivildienstgesetz an, der Kanton Thurgau lehnt es ab."
4601,6.7,6.7,93.3,"Neunforn TG","Nein zum Zivildienstgesetz in Neunforn: 93,3 Prozent. Sowohl Neunforn als auch der Kanton Thurgau verwerfen das Zivildienstgesetz."
4606,20,20,80,"Stettfurt TG","Stettfurt hat das Zivildienstgesetz mit 80 Prozent Nein-Stimmen verworfen. Sowohl Stettfurt als auch der Kanton Thurgau verwerfen das Zivildienstgesetz."
4611,44.5,44.5,55.5,"Thundorf TG","Nein zum Zivildienstgesetz in Thundorf: 55,5 Prozent. Sowohl Thundorf als auch der Kanton Thurgau verwerfen das Zivildienstgesetz."
4616,81.2,81.2,18.8,"Uesslingen-Buch TG","In Uesslingen-Buch ist das Zivildienstgesetz mit 81,2 Prozent der Stimmen angenommen worden. Uesslingen-Buch nimmt das Zivildienstgesetz an, der Kanton Thurgau lehnt es ab."
4621,63,63,37,"Warth-Weiningen TG","In Warth-Weiningen wird das Zivildienstgesetz mit 63 Prozent angenommen. Warth-Weiningen nimmt das Zivildienstgesetz an, der Kanton Thurgau lehnt es ab."
4641,42.6,42.6,57.4,"Altnau TG","In Altnau wird das Zivildienstgesetz mit 57,4 Prozent abgelehnt. Sowohl Altnau als auch der Kanton Thurgau verwerfen das Zivildienstgesetz."
4643,80.3,80.3,19.7,"Bottighofen TG","In Bottighofen wird das Zivildienstgesetz mit 80,3 Prozent angenommen. Bottighofen nimmt das Zivildienstgesetz an, der Kanton Thurgau lehnt es ab."
4646,37,37,63,"Ermatingen TG","Nein zum Zivildienstgesetz in Ermatingen: 63 Prozent. Sowohl Ermatingen als auch der Kanton Thurgau verwerfen das Zivildienstgesetz."
4651,39,39,61,"Gottlieben TG","Gottlieben hat das Zivildienstgesetz mit 61 Prozent Nein-Stimmen verworfen. Sowohl Gottlieben als auch der Kanton Thurgau verwerfen das Zivildienstgesetz."
4656,87.1,87.1,12.9,"Güttingen TG","In Güttingen wird das Zivildienstgesetz mit 87,1 Prozent angenommen. Güttingen nimmt das Zivildienstgesetz an, der Kanton Thurgau lehnt es ab."
4666,60,60,40,"Kemmental TG","Die Vorlage das Zivildienstgesetz ist in Kemmental mit 60 Prozent der Stimmen angenommen worden. Kemmental nimmt das Zivildienstgesetz an, der Kanton Thurgau lehnt es ab."
4671,62.5,62.5,37.5,"Kreuzlingen TG","In Kreuzlingen wird das Zivildienstgesetz mit 62,5 Prozent angenommen. Kreuzlingen nimmt das Zivildienstgesetz an, der Kanton Thurgau lehnt es ab."
4681,56.2,56.2,43.8,"Langrickenbach TG","Die Vorlage das Zivildienstgesetz ist in Langrickenbach mit 56,2 Prozent der Stimmen angenommen worden. Langrickenbach nimmt das Zivildienstgesetz an, der Kanton Thurgau lehnt es ab."
4683,58.4,58.4,41.6,"Lengwil TG","Das Zivildienstgesetz erreicht in Lengwil 58,4 Prozent Ja-Stimmen. Lengwil nimmt das Zivildienstgesetz an, der Kanton Thurgau lehnt es ab."
4691,56.6,56.6,43.4,"Münsterlingen TG","Das Zivildienstgesetz erreicht in Münsterlingen 56,6 Prozent Ja-Stimmen. Münsterlingen nimmt das Zivildienstgesetz an, der Kanton Thurgau lehnt es ab."
4696,9.9,9.9,90.1,"Tägerwilen TG","Tägerwilen hat das Zivildienstgesetz mit 90,1 Prozent Nein-Stimmen verworfen. Sowohl Tägerwilen als auch der Kanton Thurgau verwerfen das Zivildienstgesetz."
4701,17.3,17.3,82.7,"Wäldi TG","Wäldi hat das Zivildienstgesetz mit 82,7 Prozent Nein-Stimmen verworfen. Sowohl Wäldi als auch der Kanton Thurgau verwerfen das Zivildienstgesetz."
4711,46.4,46.4,53.6,"Affeltrangen TG","Affeltrangen hat das Zivildienstgesetz mit 53,6 Prozent Nein-Stimmen verworfen. Sowohl Affeltrangen als auch der Kanton Thurgau verwerfen das Zivildienstgesetz."
4716,60.3,60.3,39.7,"Bettwiesen TG","In Bettwiesen wird das Zivildienstgesetz mit 60,3 Prozent angenommen. Bettwiesen nimmt das Zivildienstgesetz an, der Kanton Thurgau lehnt es ab."
4721,19.1,19.1,80.9,"Bichelsee-Balterswil TG","In Bichelsee-Balterswil wird das Zivildienstgesetz mit 80,9 Prozent abgelehnt. Sowohl Bichelsee-Balterswil als auch der Kanton Thurgau verwerfen das Zivildienstgesetz."
4723,90.2,90.2,9.8,"Braunau TG","Die Vorlage das Zivildienstgesetz ist in Braunau mit 90,2 Prozent der Stimmen angenommen worden. Braunau nimmt das Zivildienstgesetz an, der Kanton Thurgau lehnt es ab."
4724,80.5,80.5,19.5,"Eschlikon TG","In Eschlikon wird das Zivildienstgesetz mit 80,5 Prozent angenommen. Eschlikon nimmt das Zivildienstgesetz an, der Kanton Thurgau lehnt es ab."
4726,34.9,34.9,65.1,"Fischingen TG","Nein zum Zivildienstgesetz in Fischingen: 65,1 Prozent. Sowohl Fischingen als auch der Kanton Thurgau verwerfen das Zivildienstgesetz."
4741,47.5,47.5,52.5,"Lommis TG","52,5 Prozent der Stimmbürgerinnen und Stimmbürger von Lommis haben das Zivildienstgesetz abgelehnt. Sowohl Lommis als auch der Kanton Thurgau verwerfen das Zivildienstgesetz."
4746,2.2,2.2,97.8,"Münchwilen TG","In Münchwilen TG wird das Zivildienstgesetz mit 97,8 Prozent abgelehnt. Münchwilen TG verzeichnet im Kanton Thurgau den höchsten Nein-Anteil zum Zivildienstgesetz."
4751,6.9,6.9,93.1,"Rickenbach TG","93,1 Prozent der Stimmbürgerinnen und Stimmbürger von Rickenbach TG haben das Zivildienstgesetz abgelehnt. Sowohl Rickenbach TG als auch der Kanton Thurgau verwerfen das Zivildienstgesetz."
4756,91.8,91.8,8.2,"Schönholzerswilen TG","In Schönholzerswilen wird das Zivildienstgesetz mit 91,8 Prozent angenommen. Höchster Ja-Anteil zum Zivildienstgesetz im Kanton Thurgau: Schönholzerswilen."
4761,6.5,6.5,93.5,"Sirnach TG","Nein zum Zivildienstgesetz in Sirnach: 93,5 Prozent. Sowohl Sirnach als auch der Kanton Thurgau verwerfen das Zivildienstgesetz."
4776,75,75,25,"Tobel-Tägerschen TG","Die Vorlage das Zivildienstgesetz ist in Tobel-Tägerschen mit 75 Prozent der Stimmen angenommen worden. Tobel-Tägerschen nimmt das Zivildienstgesetz an, der Kanton Thurgau lehnt es ab."
4781,49.7,49.7,50.3,"Wängi TG","In Wängi wird das Zivildienstgesetz mit 50,3 Prozent abgelehnt. Sowohl Wängi als auch der Kanton Thurgau verwerfen das Zivildienstgesetz."
4786,51,51,49,"Wilen TG","Das Zivildienstgesetz erreicht in Wilen TG 51 Prozent Ja-Stimmen. Wilen TG nimmt das Zivildienstgesetz an, der Kanton Thurgau lehnt es ab."
4791,51.1,51.1,48.9,"Wuppenau TG","In Wuppenau wird das Zivildienstgesetz mit 51,1 Prozent angenommen. Wuppenau nimmt das Zivildienstgesetz an, der Kanton Thurgau lehnt es ab."
4801,48.4,48.4,51.6,"Berlingen TG","In Berlingen wird das Zivildienstgesetz mit 51,6 Prozent abgelehnt. Sowohl Berlingen als auch der Kanton Thurgau verwerfen das Zivildienstgesetz."
4806,86.2,86.2,13.8,"Eschenz TG","In Eschenz wird das Zivildienstgesetz mit 86,2 Prozent angenommen. Eschenz nimmt das Zivildienstgesetz an, der Kanton Thurgau lehnt es ab."
4811,83.6,83.6,16.4,"Herdern TG","In Herdern wird das Zivildienstgesetz mit 83,6 Prozent angenommen. Herdern nimmt das Zivildienstgesetz an, der Kanton Thurgau lehnt es ab."
4816,49.5,49.5,50.5,"Homburg TG","50,5 Prozent der Stimmbürgerinnen und Stimmbürger von Homburg haben das Zivildienstgesetz abgelehnt. Sowohl Homburg als auch der Kanton Thurgau verwerfen das Zivildienstgesetz."
4821,61.6,61.6,38.4,"Hüttwilen TG","In Hüttwilen wird das Zivildienstgesetz mit 61,6 Prozent angenommen. Hüttwilen nimmt das Zivildienstgesetz an, der Kanton Thurgau lehnt es ab."
4826,17.5,17.5,82.5,"Mammern TG","Mammern hat das Zivildienstgesetz mit 82,5 Prozent Nein-Stimmen verworfen. Sowohl Mammern als auch der Kanton Thurgau verwerfen das Zivildienstgesetz."
4831,50.2,50.2,49.8,"Müllheim TG","Das Zivildienstgesetz erreicht in Müllheim 50,2 Prozent Ja-Stimmen. Müllheim nimmt das Zivildienstgesetz an, der Kanton Thurgau lehnt es ab."
4841,15.2,15.2,84.8,"Pfyn TG","Nein zum Zivildienstgesetz in Pfyn: 84,8 Prozent. Sowohl Pfyn als auch der Kanton Thurgau verwerfen das Zivildienstgesetz."
4846,61,61,39,"Raperswilen TG","Das Zivildienstgesetz erreicht in Raperswilen 61 Prozent Ja-Stimmen. Raperswilen nimmt das Zivildienstgesetz an, der Kanton Thurgau lehnt es ab."
4851,73.8,73.8,26.2,"Salenstein TG","In Salenstein wird das Zivildienstgesetz mit 73,8 Prozent angenommen. Salenstein nimmt das Zivildienstgesetz an, der Kanton Thurgau lehnt es ab."
4864,51,51,49,"Steckborn TG","Das Zivildienstgesetz erreicht in Steckborn 51 Prozent Ja-Stimmen. Steckborn nimmt das Zivildienstgesetz an, der Kanton Thurgau lehnt es ab."
4871,60.2,60.2,39.8,"Wagenhausen TG","In Wagenhausen wird das Zivildienstgesetz mit 60,2 Prozent angenommen. Wagenhausen nimmt das Zivildienstgesetz an, der Kanton Thurgau lehnt es ab."
4881,73.2,73.2,26.8,"Amlikon-Bissegg TG","In Amlikon-Bissegg wird das Zivildienstgesetz mit 73,2 Prozent angenommen. Amlikon-Bissegg nimmt das Zivildienstgesetz an, der Kanton Thurgau lehnt es ab."
4891,72.7,72.7,27.3,"Berg TG","Das Zivildienstgesetz erreicht in Berg TG 72,7 Prozent Ja-Stimmen. Berg TG nimmt das Zivildienstgesetz an, der Kanton Thurgau lehnt es ab."
4901,59.6,59.6,40.4,"Birwinken TG","In Birwinken wird das Zivildienstgesetz mit 59,6 Prozent angenommen. Birwinken nimmt das Zivildienstgesetz an, der Kanton Thurgau lehnt es ab."
4911,44.3,44.3,55.7,"Bürglen TG","In Bürglen TG hat das Zivildienstgesetz keine Mehrheit gefunden: 55,7 Prozent lehnen die Vorlage ab. Sowohl Bürglen TG als auch der Kanton Thurgau verwerfen das Zivildienstgesetz."
4921,57.8,57.8,42.2,"Bussnang TG","In Bussnang wird das Zivildienstgesetz mit 57,8 Prozent angenommen. Bussnang nimmt das Zivildienstgesetz an, der Kanton Thurgau lehnt es ab."
4941,7.6,7.6,92.4,"Märstetten TG","In Märstetten hat das Zivildienstgesetz keine Mehrheit gefunden: 92,4 Prozent lehnen die Vorlage ab. Sowohl Märstetten als auch der Kanton Thurgau verwerfen das Zivildienstgesetz."
4946,55.9,55.9,44.1,"Weinfelden TG","In Weinfelden wird das Zivildienstgesetz mit 55,9 Prozent angenommen. Weinfelden nimmt das Zivildienstgesetz an, der Kanton Thurgau lehnt es ab."
4951,21.8,21.8,78.2,"Wigoltingen TG","In Wigoltingen wird das Zivildienstgesetz mit 78,2 Prozent abgelehnt. Sowohl Wigoltingen als auch der Kanton Thurgau verwerfen das Zivildienstgesetz."
5001,87.6,87.6,12.4,"Arbedo-Castione TI","Das Zivildienstgesetz erreicht in Arbedo-Castione 87,6 Prozent Ja-Stimmen. Übereinstimmend mit dem Kanton Tessin stimmt Arbedo-Castione dem Zivildienstgesetz zu."
5002,16.7,16.7,83.3,"Bellinzona TI","In Bellinzona hat das Zivildienstgesetz keine Mehrheit gefunden: 83,3 Prozent lehnen die Vorlage ab. Bellinzona lehnt das Zivildienstgesetz ab, der Kanton Tessin nimmt sie an."
5003,49.7,49.7,50.3,"Cadenazzo TI","Nein zum Zivildienstgesetz in Cadenazzo: 50,3 Prozent. Cadenazzo lehnt das Zivildienstgesetz ab, der Kanton Tessin nimmt sie an."
5009,25.8,25.8,74.2,"Isone TI","Isone hat das Zivildienstgesetz mit 74,2 Prozent Nein-Stimmen verworfen. Isone lehnt das Zivildienstgesetz ab, der Kanton Tessin nimmt sie an."
5010,75.6,75.6,24.4,"Lumino TI","In Lumino wird das Zivildienstgesetz mit 75,6 Prozent angenommen. Übereinstimmend mit dem Kanton Tessin stimmt Lumino dem Zivildienstgesetz zu."
5017,59,59,41,"Sant'Antonino TI","In Sant'Antonino wird das Zivildienstgesetz mit 59 Prozent angenommen. Übereinstimmend mit dem Kanton Tessin stimmt Sant'Antonino dem Zivildienstgesetz zu."
5048,47.4,47.4,52.6,"Acquarossa TI","52,6 Prozent der Stimmbürgerinnen und Stimmbürger von Acquarossa haben das Zivildienstgesetz abgelehnt. Acquarossa lehnt das Zivildienstgesetz ab, der Kanton Tessin nimmt sie an."
5049,47.5,47.5,52.5,"Blenio TI","52,5 Prozent der Stimmbürgerinnen und Stimmbürger von Blenio haben das Zivildienstgesetz abgelehnt. Blenio lehnt das Zivildienstgesetz ab, der Kanton Tessin nimmt sie an."
5050,61.5,61.5,38.5,"Serravalle TI","In Serravalle wird das Zivildienstgesetz mit 61,5 Prozent angenommen. Übereinstimmend mit dem Kanton Tessin stimmt Serravalle dem Zivildienstgesetz zu."
5061,4.8,4.8,95.2,"Airolo TI","Nein zum Zivildienstgesetz in Airolo: 95,2 Prozent. Airolo lehnt das Zivildienstgesetz ab, der Kanton Tessin nimmt sie an."
5063,48.1,48.1,51.9,"Bedretto TI","51,9 Prozent der Stimmbürgerinnen und Stimmbürger von Bedretto haben das Zivildienstgesetz abgelehnt. Bedretto lehnt das Zivildienstgesetz ab, der Kanton Tessin nimmt sie an."
5071,66.6,66.6,33.4,"Dalpe TI","In Dalpe wird das Zivildienstgesetz mit 66,6 Prozent angenommen. Übereinstimmend mit dem Kanton Tessin stimmt Dalpe dem Zivildienstgesetz zu."
5072,21.7,21.7,78.3,"Faido TI","Nein zum Zivildienstgesetz in Faido: 78,3 Prozent. Faido lehnt das Zivildienstgesetz ab, der Kanton Tessin nimmt sie an."
5073,34.4,34.4,65.6,"Giornico TI","In Giornico hat das Zivildienstgesetz keine Mehrheit gefunden: 65,6 Prozent lehnen die Vorlage ab. Giornico lehnt das Zivildienstgesetz ab, der Kanton Tessin nimmt sie an."
5076,60.7,60.7,39.3,"Personico TI","In Personico ist das Zivildienstgesetz mit 60,7 Prozent der Stimmen angenommen worden. Übereinstimmend mit dem Kanton Tessin stimmt Personico dem Zivildienstgesetz zu."
5077,84.7,84.7,15.3,"Pollegio TI","In Pollegio wird das Zivildienstgesetz mit 84,7 Prozent angenommen. Übereinstimmend mit dem Kanton Tessin stimmt Pollegio dem Zivildienstgesetz zu."
5079,7.6,7.6,92.4,"Quinto TI","In Quinto wird das Zivildienstgesetz mit 92,4 Prozent abgelehnt. Quinto lehnt das Zivildienstgesetz ab, der Kanton Tessin nimmt sie an."
5091,12.4,12.4,87.6,"Ascona TI","In Ascona hat das Zivildienstgesetz keine Mehrheit gefunden: 87,6 Prozent lehnen die Vorlage ab. Ascona lehnt das Zivildienstgesetz ab, der Kanton Tessin nimmt sie an."
5096,48.7,48.7,51.3,"Brione sopra Minusio TI","Brione sopra Minusio hat das Zivildienstgesetz mit 51,3 Prozent Nein-Stimmen verworfen. Brione sopra Minusio lehnt das Zivildienstgesetz ab, der Kanton Tessin nimmt sie an."
5097,25.1,25.1,74.9,"Brissago TI","74,9 Prozent der Stimmbürgerinnen und Stimmbürger von Brissago haben das Zivildienstgesetz abgelehnt. Brissago lehnt das Zivildienstgesetz ab, der Kanton Tessin nimmt sie an."
5108,50.9,50.9,49.1,"Gordola TI","In Gordola wird das Zivildienstgesetz mit 50,9 Prozent angenommen. Übereinstimmend mit dem Kanton Tessin stimmt Gordola dem Zivildienstgesetz zu."
5112,17.9,17.9,82.1,"Lavertezzo TI","Lavertezzo hat das Zivildienstgesetz mit 82,1 Prozent Nein-Stimmen verworfen. Lavertezzo lehnt das Zivildienstgesetz ab, der Kanton Tessin nimmt sie an."
5113,90.1,90.1,9.9,"Locarno TI","Die Vorlage das Zivildienstgesetz ist in Locarno mit 90,1 Prozent der Stimmen angenommen worden. Übereinstimmend mit dem Kanton Tessin stimmt Locarno dem Zivildienstgesetz zu."
5115,45.5,45.5,54.5,"Losone TI","Nein zum Zivildienstgesetz in Losone: 54,5 Prozent. Losone lehnt das Zivildienstgesetz ab, der Kanton Tessin nimmt sie an."
5117,27.6,27.6,72.4,"Mergoscia TI","Nein zum Zivildienstgesetz in Mergoscia: 72,4 Prozent. Mergoscia lehnt das Zivildienstgesetz ab, der Kanton Tessin nimmt sie an."
5118,69.3,69.3,30.7,"Minusio TI","Das Zivildienstgesetz erreicht in Minusio 69,3 Prozent Ja-Stimmen. Übereinstimmend mit dem Kanton Tessin stimmt Minusio dem Zivildienstgesetz zu."
5120,58.4,58.4,41.6,"Muralto TI","In Muralto wird das Zivildienstgesetz mit 58,4 Prozent angenommen. Übereinstimmend mit dem Kanton Tessin stimmt Muralto dem Zivildienstgesetz zu."
5121,22.4,22.4,77.6,"Orselina TI","Nein zum Zivildienstgesetz in Orselina: 77,6 Prozent. Orselina lehnt das Zivildienstgesetz ab, der Kanton Tessin nimmt sie an."
5125,71.5,71.5,28.5,"Ronco sopra Ascona TI","In Ronco sopra Ascona wird das Zivildienstgesetz mit 71,5 Prozent angenommen. Übereinstimmend mit dem Kanton Tessin stimmt Ronco sopra Ascona dem Zivildienstgesetz zu."
5131,56.5,56.5,43.5,"Tenero-Contra TI","In Tenero-Contra ist das Zivildienstgesetz mit 56,5 Prozent der Stimmen angenommen worden. Übereinstimmend mit dem Kanton Tessin stimmt Tenero-Contra dem Zivildienstgesetz zu."
5136,22.1,22.1,77.9,"Onsernone TI","Onsernone hat das Zivildienstgesetz mit 77,9 Prozent Nein-Stimmen verworfen. Onsernone lehnt das Zivildienstgesetz ab, der Kanton Tessin nimmt sie an."
5138,8.6,8.6,91.4,"Cugnasco-Gerra TI","Cugnasco-Gerra hat das Zivildienstgesetz mit 91,4 Prozent Nein-Stimmen verworfen. Cugnasco-Gerra lehnt das Zivildienstgesetz ab, der Kanton Tessin nimmt sie an."
5141,78,78,22,"Agno TI","In Agno ist das Zivildienstgesetz mit 78 Prozent der Stimmen angenommen worden. Übereinstimmend mit dem Kanton Tessin stimmt Agno dem Zivildienstgesetz zu."
5143,45,45,55,"Aranno TI","55 Prozent der Stimmbürgerinnen und Stimmbürger von Aranno haben das Zivildienstgesetz abgelehnt. Aranno lehnt das Zivildienstgesetz ab, der Kanton Tessin nimmt sie an."
5144,28.3,28.3,71.7,"Arogno TI","Arogno hat das Zivildienstgesetz mit 71,7 Prozent Nein-Stimmen verworfen. Arogno lehnt das Zivildienstgesetz ab, der Kanton Tessin nimmt sie an."
5148,16.2,16.2,83.8,"Bedano TI","In Bedano hat das Zivildienstgesetz keine Mehrheit gefunden: 83,8 Prozent lehnen die Vorlage ab. Bedano lehnt das Zivildienstgesetz ab, der Kanton Tessin nimmt sie an."
5151,39.1,39.1,60.9,"Bioggio TI","Nein zum Zivildienstgesetz in Bioggio: 60,9 Prozent. Bioggio lehnt das Zivildienstgesetz ab, der Kanton Tessin nimmt sie an."
5154,93.9,93.9,6.1,"Bissone TI","In Bissone ist das Zivildienstgesetz mit 93,9 Prozent der Stimmen angenommen worden. Übereinstimmend mit dem Kanton Tessin stimmt Bissone dem Zivildienstgesetz zu."
5160,58.1,58.1,41.9,"Brusino Arsizio TI","Die Vorlage das Zivildienstgesetz ist in Brusino Arsizio mit 58,1 Prozent der Stimmen angenommen worden. Übereinstimmend mit dem Kanton Tessin stimmt Brusino Arsizio dem Zivildienstgesetz zu."
5161,14.9,14.9,85.1,"Cademario TI","85,1 Prozent der Stimmbürgerinnen und Stimmbürger von Cademario haben das Zivildienstgesetz abgelehnt. Cademario lehnt das Zivildienstgesetz ab, der Kanton Tessin nimmt sie an."
5162,52.2,52.2,47.8,"Cadempino TI","Das Zivildienstgesetz erreicht in Cadempino 52,2 Prozent Ja-Stimmen. Übereinstimmend mit dem Kanton Tessin stimmt Cadempino dem Zivildienstgesetz zu."
5167,91.1,91.1,8.9,"Canobbio TI","In Canobbio ist das Zivildienstgesetz mit 91,1 Prozent der Stimmen angenommen worden. Übereinstimmend mit dem Kanton Tessin stimmt Canobbio dem Zivildienstgesetz zu."
5171,51.5,51.5,48.5,"Caslano TI","Das Zivildienstgesetz erreicht in Caslano 51,5 Prozent Ja-Stimmen. Übereinstimmend mit dem Kanton Tessin stimmt Caslano dem Zivildienstgesetz zu."
5176,43.6,43.6,56.4,"Comano TI","56,4 Prozent der Stimmbürgerinnen und Stimmbürger von Comano haben das Zivildienstgesetz abgelehnt. Comano lehnt das Zivildienstgesetz ab, der Kanton Tessin nimmt sie an."
5180,75.1,75.1,24.9,"Cureglia TI","Das Zivildienstgesetz erreicht in Cureglia 75,1 Prozent Ja-Stimmen. Übereinstimmend mit dem Kanton Tessin stimmt Cureglia dem Zivildienstgesetz zu."
5186,68.7,68.7,31.3,"Grancia TI","In Grancia wird das Zivildienstgesetz mit 68,7 Prozent angenommen. Übereinstimmend mit dem Kanton Tessin stimmt Grancia dem Zivildienstgesetz zu."
5187,49.8,49.8,50.2,"Gravesano TI","In Gravesano hat das Zivildienstgesetz keine Mehrheit gefunden: 50,2 Prozent lehnen die Vorlage ab. Gravesano lehnt das Zivildienstgesetz ab, der Kanton Tessin nimmt sie an."
5189,15.9,15.9,84.1,"Lamone TI","In Lamone hat das Zivildienstgesetz keine Mehrheit gefunden: 84,1 Prozent lehnen die Vorlage ab. Lamone lehnt das Zivildienstgesetz ab, der Kanton Tessin nimmt sie an."
5192,80.1,80.1,19.9,"Lugano TI","In Lugano ist das Zivildienstgesetz mit 80,1 Prozent der Stimmen angenommen worden. Übereinstimmend mit dem Kanton Tessin stimmt Lugano dem Zivildienstgesetz zu."
5193,54.6,54.6,45.4,"Magliaso TI","Das Zivildienstgesetz erreicht in Magliaso 54,6 Prozent Ja-Stimmen. Übereinstimmend mit dem Kanton Tessin stimmt Magliaso dem Zivildienstgesetz zu."
5194,45.9,45.9,54.1,"Manno TI","Nein zum Zivildienstgesetz in Manno: 54,1 Prozent. Manno lehnt das Zivildienstgesetz ab, der Kanton Tessin nimmt sie an."
5196,29.9,29.9,70.1,"Massagno TI","Nein zum Zivildienstgesetz in Massagno: 70,1 Prozent. Massagno lehnt das Zivildienstgesetz ab, der Kanton Tessin nimmt sie an."
5198,42.1,42.1,57.9,"Melide TI","57,9 Prozent der Stimmbürgerinnen und Stimmbürger von Melide haben das Zivildienstgesetz abgelehnt. Melide lehnt das Zivildienstgesetz ab, der Kanton Tessin nimmt sie an."
5199,54.5,54.5,45.5,"Mezzovico-Vira TI","In Mezzovico-Vira wird das Zivildienstgesetz mit 54,5 Prozent angenommen. Übereinstimmend mit dem Kanton Tessin stimmt Mezzovico-Vira dem Zivildienstgesetz zu."
5203,2.2,2.2,97.8,"Morcote TI","In Morcote hat das Zivildienstgesetz keine Mehrheit gefunden: 97,8 Prozent lehnen die Vorlage ab. Morcote lehnt das Zivildienstgesetz ab, der Kanton Tessin nimmt sie an."
5205,51.1,51.1,48.9,"Muzzano TI","Das Zivildienstgesetz erreicht in Muzzano 51,1 Prozent Ja-Stimmen. Übereinstimmend mit dem Kanton Tessin stimmt Muzzano dem Zivildienstgesetz zu."
5206,68.4,68.4,31.6,"Neggio TI","Die Vorlage das Zivildienstgesetz ist in Neggio mit 68,4 Prozent der Stimmen angenommen worden. Übereinstimmend mit dem Kanton Tessin stimmt Neggio dem Zivildienstgesetz zu."
5208,48.3,48.3,51.7,"Origlio TI","Nein zum Zivildienstgesetz in Origlio: 51,7 Prozent. Origlio lehnt das Zivildienstgesetz ab, der Kanton Tessin nimmt sie an."
5210,29.3,29.3,70.7,"Paradiso TI","Nein zum Zivildienstgesetz in Paradiso: 70,7 Prozent. Paradiso lehnt das Zivildienstgesetz ab, der Kanton Tessin nimmt sie an."
5212,48.2,48.2,51.8,"Ponte Capriasca TI","Ponte Capriasca hat das Zivildienstgesetz mit 51,8 Prozent Nein-Stimmen verworfen. Ponte Capriasca lehnt das Zivildienstgesetz ab, der Kanton Tessin nimmt sie an."
5214,68.2,68.2,31.8,"Porza TI","In Porza wird das Zivildienstgesetz mit 68,2 Prozent angenommen. Übereinstimmend mit dem Kanton Tessin stimmt Porza dem Zivildienstgesetz zu."
5216,0.2,0.2,99.8,"Pura TI","Bei der Ablehnung der Zivildienstgesetz steht Pura landesweit auf Platz zwei, der Nein-Anteil beträgt 99,8 Prozent. Pura verzeichnet im Kanton Tessin den höchsten Nein-Anteil zum Zivildienstgesetz."
5221,79.3,79.3,20.7,"Savosa TI","In Savosa wird das Zivildienstgesetz mit 79,3 Prozent angenommen. Übereinstimmend mit dem Kanton Tessin stimmt Savosa dem Zivildienstgesetz zu."
5225,43.6,43.6,56.4,"Sorengo TI","Sorengo hat das Zivildienstgesetz mit 56,4 Prozent Nein-Stimmen verworfen. Sorengo lehnt das Zivildienstgesetz ab, der Kanton Tessin nimmt sie an."
5226,54.5,54.5,45.5,"Capriasca TI","In Capriasca wird das Zivildienstgesetz mit 54,5 Prozent angenommen. Übereinstimmend mit dem Kanton Tessin stimmt Capriasca dem Zivildienstgesetz zu."
5227,84.3,84.3,15.7,"Torricella-Taverne TI","Die Vorlage das Zivildienstgesetz ist in Torricella-Taverne mit 84,3 Prozent der Stimmen angenommen worden. Übereinstimmend mit dem Kanton Tessin stimmt Torricella-Taverne dem Zivildienstgesetz zu."
5230,64.9,64.9,35.1,"Vernate TI","In Vernate wird das Zivildienstgesetz mit 64,9 Prozent angenommen. Übereinstimmend mit dem Kanton Tessin stimmt Vernate dem Zivildienstgesetz zu."
5231,22.3,22.3,77.7,"Vezia TI","In Vezia wird das Zivildienstgesetz mit 77,7 Prozent abgelehnt. Vezia lehnt das Zivildienstgesetz ab, der Kanton Tessin nimmt sie an."
5233,95,95,5,"Vico Morcote TI","In Vico Morcote ist das Zivildienstgesetz mit 95 Prozent der Stimmen angenommen worden. Übereinstimmend mit dem Kanton Tessin stimmt Vico Morcote dem Zivildienstgesetz zu."
5236,97.1,97.1,2.9,"Collina d'Oro TI","In Collina d'Oro wird das Zivildienstgesetz mit 97,1 Prozent angenommen. Höchster Ja-Anteil zum Zivildienstgesetz im Kanton Tessin: Collina d'Oro."
5237,42.8,42.8,57.2,"Alto Malcantone TI","Alto Malcantone hat das Zivildienstgesetz mit 57,2 Prozent Nein-Stimmen verworfen. Alto Malcantone lehnt das Zivildienstgesetz ab, der Kanton Tessin nimmt sie an."
5238,39,39,61,"Monteceneri TI","Nein zum Zivildienstgesetz in Monteceneri: 61 Prozent. Monteceneri lehnt das Zivildienstgesetz ab, der Kanton Tessin nimmt sie an."
5239,3.8,3.8,96.2,"Tresa TI","In Tresa wird das Zivildienstgesetz mit 96,2 Prozent abgelehnt. Tresa lehnt das Zivildienstgesetz ab, der Kanton Tessin nimmt sie an."
5240,65.7,65.7,34.3,"Val Mara TI","In Val Mara ist das Zivildienstgesetz mit 65,7 Prozent der Stimmen angenommen worden. Übereinstimmend mit dem Kanton Tessin stimmt Val Mara dem Zivildienstgesetz zu."
5242,37.4,37.4,62.6,"Balerna TI","In Balerna wird das Zivildienstgesetz mit 62,6 Prozent abgelehnt. Balerna lehnt das Zivildienstgesetz ab, der Kanton Tessin nimmt sie an."
5249,94.1,94.1,5.9,"Castel San Pietro TI","Das Zivildienstgesetz erreicht in Castel San Pietro 94,1 Prozent Ja-Stimmen. Übereinstimmend mit dem Kanton Tessin stimmt Castel San Pietro dem Zivildienstgesetz zu."
5250,57.1,57.1,42.9,"Chiasso TI","Die Vorlage das Zivildienstgesetz ist in Chiasso mit 57,1 Prozent der Stimmen angenommen worden. Übereinstimmend mit dem Kanton Tessin stimmt Chiasso dem Zivildienstgesetz zu."
5251,61.4,61.4,38.6,"Coldrerio TI","In Coldrerio ist das Zivildienstgesetz mit 61,4 Prozent der Stimmen angenommen worden. Übereinstimmend mit dem Kanton Tessin stimmt Coldrerio dem Zivildienstgesetz zu."
5254,63.4,63.4,36.6,"Mendrisio TI","Die Vorlage das Zivildienstgesetz ist in Mendrisio mit 63,4 Prozent der Stimmen angenommen worden. Übereinstimmend mit dem Kanton Tessin stimmt Mendrisio dem Zivildienstgesetz zu."
5257,55.7,55.7,44.3,"Morbio Inferiore TI","In Morbio Inferiore ist das Zivildienstgesetz mit 55,7 Prozent der Stimmen angenommen worden. Übereinstimmend mit dem Kanton Tessin stimmt Morbio Inferiore dem Zivildienstgesetz zu."
5260,80.6,80.6,19.4,"Novazzano TI","In Novazzano ist das Zivildienstgesetz mit 80,6 Prozent der Stimmen angenommen worden. Übereinstimmend mit dem Kanton Tessin stimmt Novazzano dem Zivildienstgesetz zu."
5263,86.3,86.3,13.7,"Riva San Vitale TI","Das Zivildienstgesetz erreicht in Riva San Vitale 86,3 Prozent Ja-Stimmen. Übereinstimmend mit dem Kanton Tessin stimmt Riva San Vitale dem Zivildienstgesetz zu."
5266,57.1,57.1,42.9,"Stabio TI","Das Zivildienstgesetz erreicht in Stabio 57,1 Prozent Ja-Stimmen. Übereinstimmend mit dem Kanton Tessin stimmt Stabio dem Zivildienstgesetz zu."
5268,49.2,49.2,50.8,"Vacallo TI","50,8 Prozent der Stimmbürgerinnen und Stimmbürger von Vacallo haben das Zivildienstgesetz abgelehnt. Vacallo lehnt das Zivildienstgesetz ab, der Kanton Tessin nimmt sie an."
5269,63.5,63.5,36.5,"Breggia TI","Die Vorlage das Zivildienstgesetz ist in Breggia mit 63,5 Prozent der Stimmen angenommen worden. Übereinstimmend mit dem Kanton Tessin stimmt Breggia dem Zivildienstgesetz zu."
5281,27.6,27.6,72.4,"Biasca TI","72,4 Prozent der Stimmbürgerinnen und Stimmbürger von Biasca haben das Zivildienstgesetz abgelehnt. Biasca lehnt das Zivildienstgesetz ab, der Kanton Tessin nimmt sie an."
5287,40.8,40.8,59.2,"Riviera TI","Nein zum Zivildienstgesetz in Riviera: 59,2 Prozent. Riviera lehnt das Zivildienstgesetz ab, der Kanton Tessin nimmt sie an."
5304,34.8,34.8,65.2,"Bosco/Gurin TI","Nein zum Zivildienstgesetz in Bosco/Gurin: 65,2 Prozent. Bosco/Gurin lehnt das Zivildienstgesetz ab, der Kanton Tessin nimmt sie an."
5307,38.8,38.8,61.2,"Campo (Vallemaggia) TI","In Campo (Vallemaggia) hat das Zivildienstgesetz keine Mehrheit gefunden: 61,2 Prozent lehnen die Vorlage ab. Campo (Vallemaggia) lehnt das Zivildienstgesetz ab, der Kanton Tessin nimmt sie an."
5309,17.1,17.1,82.9,"Cerentino TI","Nein zum Zivildienstgesetz in Cerentino: 82,9 Prozent. Cerentino lehnt das Zivildienstgesetz ab, der Kanton Tessin nimmt sie an."
5310,34.9,34.9,65.1,"Cevio TI","In Cevio wird das Zivildienstgesetz mit 65,1 Prozent abgelehnt. Cevio lehnt das Zivildienstgesetz ab, der Kanton Tessin nimmt sie an."
5315,12.7,12.7,87.3,"Linescio TI","Nein zum Zivildienstgesetz in Linescio: 87,3 Prozent. Linescio lehnt das Zivildienstgesetz ab, der Kanton Tessin nimmt sie an."
5317,42.3,42.3,57.7,"Maggia TI","In Maggia wird das Zivildienstgesetz mit 57,7 Prozent abgelehnt. Maggia lehnt das Zivildienstgesetz ab, der Kanton Tessin nimmt sie an."
5323,61.5,61.5,38.5,"Lavizzara TI","In Lavizzara wird das Zivildienstgesetz mit 61,5 Prozent angenommen. Übereinstimmend mit dem Kanton Tessin stimmt Lavizzara dem Zivildienstgesetz zu."
5324,91.4,91.4,8.6,"Avegno Gordevio TI","Die Vorlage das Zivildienstgesetz ist in Avegno Gordevio mit 91,4 Prozent der Stimmen angenommen worden. Übereinstimmend mit dem Kanton Tessin stimmt Avegno Gordevio dem Zivildienstgesetz zu."
5395,53.2,53.2,46.8,"Lema TI","In Lema wird das Zivildienstgesetz mit 53,2 Prozent angenommen. Übereinstimmend mit dem Kanton Tessin stimmt Lema dem Zivildienstgesetz zu."
5396,49.6,49.6,50.4,"Terre di Pedemonte TI","Terre di Pedemonte hat das Zivildienstgesetz mit 50,4 Prozent Nein-Stimmen verworfen. Terre di Pedemonte lehnt das Zivildienstgesetz ab, der Kanton Tessin nimmt sie an."
5397,13.8,13.8,86.2,"Centovalli TI","Centovalli hat das Zivildienstgesetz mit 86,2 Prozent Nein-Stimmen verworfen. Centovalli lehnt das Zivildienstgesetz ab, der Kanton Tessin nimmt sie an."
5398,50.5,50.5,49.5,"Gambarogno TI","Die Vorlage das Zivildienstgesetz ist in Gambarogno mit 50,5 Prozent der Stimmen angenommen worden. Übereinstimmend mit dem Kanton Tessin stimmt Gambarogno dem Zivildienstgesetz zu."
5399,52.1,52.1,47.9,"Verzasca TI","In Verzasca ist das Zivildienstgesetz mit 52,1 Prozent der Stimmen angenommen worden. Übereinstimmend mit dem Kanton Tessin stimmt Verzasca dem Zivildienstgesetz zu."
5401,59,59,41,"Aigle VD","In Aigle wird das Zivildienstgesetz mit 59 Prozent angenommen. Übereinstimmend mit dem Kanton Waadt stimmt Aigle dem Zivildienstgesetz zu."
5402,34.8,34.8,65.2,"Bex VD","Nein zum Zivildienstgesetz in Bex: 65,2 Prozent. Bex lehnt das Zivildienstgesetz ab, der Kanton Waadt nimmt sie an."
5403,41.8,41.8,58.2,"Chessel VD","Chessel hat das Zivildienstgesetz mit 58,2 Prozent Nein-Stimmen verworfen. Chessel lehnt das Zivildienstgesetz ab, der Kanton Waadt nimmt sie an."
5404,12,12,88,"Corbeyrier VD","88 Prozent der Stimmbürgerinnen und Stimmbürger von Corbeyrier haben das Zivildienstgesetz abgelehnt. Corbeyrier lehnt das Zivildienstgesetz ab, der Kanton Waadt nimmt sie an."
5405,28.3,28.3,71.7,"Gryon VD","In Gryon hat das Zivildienstgesetz keine Mehrheit gefunden: 71,7 Prozent lehnen die Vorlage ab. Gryon lehnt das Zivildienstgesetz ab, der Kanton Waadt nimmt sie an."
5406,79.3,79.3,20.7,"Lavey-Morcles VD","In Lavey-Morcles wird das Zivildienstgesetz mit 79,3 Prozent angenommen. Übereinstimmend mit dem Kanton Waadt stimmt Lavey-Morcles dem Zivildienstgesetz zu."
5407,51.8,51.8,48.2,"Leysin VD","Das Zivildienstgesetz erreicht in Leysin 51,8 Prozent Ja-Stimmen. Übereinstimmend mit dem Kanton Waadt stimmt Leysin dem Zivildienstgesetz zu."
5408,19.9,19.9,80.1,"Noville VD","In Noville hat das Zivildienstgesetz keine Mehrheit gefunden: 80,1 Prozent lehnen die Vorlage ab. Noville lehnt das Zivildienstgesetz ab, der Kanton Waadt nimmt sie an."
5409,63.4,63.4,36.6,"Ollon VD","Das Zivildienstgesetz erreicht in Ollon 63,4 Prozent Ja-Stimmen. Übereinstimmend mit dem Kanton Waadt stimmt Ollon dem Zivildienstgesetz zu."
5410,53.5,53.5,46.5,"Ormont-Dessous VD","In Ormont-Dessous wird das Zivildienstgesetz mit 53,5 Prozent angenommen. Übereinstimmend mit dem Kanton Waadt stimmt Ormont-Dessous dem Zivildienstgesetz zu."
5411,86.7,86.7,13.3,"Ormont-Dessus VD","Das Zivildienstgesetz erreicht in Ormont-Dessus 86,7 Prozent Ja-Stimmen. Übereinstimmend mit dem Kanton Waadt stimmt Ormont-Dessus dem Zivildienstgesetz zu."
5412,47,47,53,"Rennaz VD","In Rennaz hat das Zivildienstgesetz keine Mehrheit gefunden: 53 Prozent lehnen die Vorlage ab. Rennaz lehnt das Zivildienstgesetz ab, der Kanton Waadt nimmt sie an."
5413,32,32,68,"Roche VD","Nein zum Zivildienstgesetz in Roche VD: 68 Prozent. Roche VD lehnt das Zivildienstgesetz ab, der Kanton Waadt nimmt sie an."
5414,29.5,29.5,70.5,"Villeneuve VD","Nein zum Zivildienstgesetz in Villeneuve VD: 70,5 Prozent. Villeneuve VD lehnt das Zivildienstgesetz ab, der Kanton Waadt nimmt sie an."
5415,31,31,69,"Yvorne VD","In Yvorne hat das Zivildienstgesetz keine Mehrheit gefunden: 69 Prozent lehnen die Vorlage ab. Yvorne lehnt das Zivildienstgesetz ab, der Kanton Waadt nimmt sie an."
5422,94,94,6,"Aubonne VD","Das Zivildienstgesetz erreicht in Aubonne 94 Prozent Ja-Stimmen. Übereinstimmend mit dem Kanton Waadt stimmt Aubonne dem Zivildienstgesetz zu."
5423,85.3,85.3,14.7,"Ballens VD","In Ballens wird das Zivildienstgesetz mit 85,3 Prozent angenommen. Übereinstimmend mit dem Kanton Waadt stimmt Ballens dem Zivildienstgesetz zu."
5424,65.3,65.3,34.7,"Berolle VD","In Berolle wird das Zivildienstgesetz mit 65,3 Prozent angenommen. Übereinstimmend mit dem Kanton Waadt stimmt Berolle dem Zivildienstgesetz zu."
5425,28.2,28.2,71.8,"Bière VD","Bière hat das Zivildienstgesetz mit 71,8 Prozent Nein-Stimmen verworfen. Bière lehnt das Zivildienstgesetz ab, der Kanton Waadt nimmt sie an."
5426,30.9,30.9,69.1,"Bougy-Villars VD","In Bougy-Villars wird das Zivildienstgesetz mit 69,1 Prozent abgelehnt. Bougy-Villars lehnt das Zivildienstgesetz ab, der Kanton Waadt nimmt sie an."
5427,19,19,81,"Féchy VD","Nein zum Zivildienstgesetz in Féchy: 81 Prozent. Féchy lehnt das Zivildienstgesetz ab, der Kanton Waadt nimmt sie an."
5428,43.9,43.9,56.1,"Gimel VD","Gimel hat das Zivildienstgesetz mit 56,1 Prozent Nein-Stimmen verworfen. Gimel lehnt das Zivildienstgesetz ab, der Kanton Waadt nimmt sie an."
5429,50.2,50.2,49.8,"Longirod VD","In Longirod wird das Zivildienstgesetz mit 50,2 Prozent angenommen. Übereinstimmend mit dem Kanton Waadt stimmt Longirod dem Zivildienstgesetz zu."
5430,46.1,46.1,53.9,"Marchissy VD","Nein zum Zivildienstgesetz in Marchissy: 53,9 Prozent. Marchissy lehnt das Zivildienstgesetz ab, der Kanton Waadt nimmt sie an."
5431,28,28,72,"Mollens VD","72 Prozent der Stimmbürgerinnen und Stimmbürger von Mollens VD haben das Zivildienstgesetz abgelehnt. Mollens VD lehnt das Zivildienstgesetz ab, der Kanton Waadt nimmt sie an."
5434,58.6,58.6,41.4,"Saint-George VD","Das Zivildienstgesetz erreicht in Saint-George 58,6 Prozent Ja-Stimmen. Übereinstimmend mit dem Kanton Waadt stimmt Saint-George dem Zivildienstgesetz zu."
5435,94.1,94.1,5.9,"Saint-Livres VD","In Saint-Livres wird das Zivildienstgesetz mit 94,1 Prozent angenommen. Übereinstimmend mit dem Kanton Waadt stimmt Saint-Livres dem Zivildienstgesetz zu."
5436,0.3,0.3,99.7,"Saint-Oyens VD","Saint-Oyens hat das Zivildienstgesetz mit 99,7 Prozent Nein-Stimmen verworfen. Saint-Oyens lehnt das Zivildienstgesetz ab, der Kanton Waadt nimmt sie an."
5437,50.6,50.6,49.4,"Saubraz VD","In Saubraz wird das Zivildienstgesetz mit 50,6 Prozent angenommen. Übereinstimmend mit dem Kanton Waadt stimmt Saubraz dem Zivildienstgesetz zu."
5451,58.4,58.4,41.6,"Avenches VD","Das Zivildienstgesetz erreicht in Avenches 58,4 Prozent Ja-Stimmen. Übereinstimmend mit dem Kanton Waadt stimmt Avenches dem Zivildienstgesetz zu."
5456,55.8,55.8,44.2,"Cudrefin VD","In Cudrefin wird das Zivildienstgesetz mit 55,8 Prozent angenommen. Übereinstimmend mit dem Kanton Waadt stimmt Cudrefin dem Zivildienstgesetz zu."
5458,98,98,2,"Faoug VD","Das Zivildienstgesetz erreicht in Faoug 98 Prozent Ja-Stimmen. Übereinstimmend mit dem Kanton Waadt stimmt Faoug dem Zivildienstgesetz zu."
5464,51.4,51.4,48.6,"Vully-les-Lacs VD","In Vully-les-Lacs wird das Zivildienstgesetz mit 51,4 Prozent angenommen. Übereinstimmend mit dem Kanton Waadt stimmt Vully-les-Lacs dem Zivildienstgesetz zu."
5471,25.7,25.7,74.3,"Bettens VD","74,3 Prozent der Stimmbürgerinnen und Stimmbürger von Bettens haben das Zivildienstgesetz abgelehnt. Bettens lehnt das Zivildienstgesetz ab, der Kanton Waadt nimmt sie an."
5472,27.4,27.4,72.6,"Bournens VD","Bournens hat das Zivildienstgesetz mit 72,6 Prozent Nein-Stimmen verworfen. Bournens lehnt das Zivildienstgesetz ab, der Kanton Waadt nimmt sie an."
5473,43.7,43.7,56.3,"Boussens VD","Nein zum Zivildienstgesetz in Boussens: 56,3 Prozent. Boussens lehnt das Zivildienstgesetz ab, der Kanton Waadt nimmt sie an."
5474,74.5,74.5,25.5,"La Chaux (Cossonay) VD","In La Chaux (Cossonay) wird das Zivildienstgesetz mit 74,5 Prozent angenommen. Übereinstimmend mit dem Kanton Waadt stimmt La Chaux (Cossonay) dem Zivildienstgesetz zu."
5475,88.7,88.7,11.3,"Chavannes-le-Veyron VD","In Chavannes-le-Veyron wird das Zivildienstgesetz mit 88,7 Prozent angenommen. Übereinstimmend mit dem Kanton Waadt stimmt Chavannes-le-Veyron dem Zivildienstgesetz zu."
5476,6.3,6.3,93.7,"Chevilly VD","In Chevilly hat das Zivildienstgesetz keine Mehrheit gefunden: 93,7 Prozent lehnen die Vorlage ab. Chevilly lehnt das Zivildienstgesetz ab, der Kanton Waadt nimmt sie an."
5477,58.8,58.8,41.2,"Cossonay VD","In Cossonay wird das Zivildienstgesetz mit 58,8 Prozent angenommen. Übereinstimmend mit dem Kanton Waadt stimmt Cossonay dem Zivildienstgesetz zu."
5479,56.5,56.5,43.5,"Cuarnens VD","Das Zivildienstgesetz erreicht in Cuarnens 56,5 Prozent Ja-Stimmen. Übereinstimmend mit dem Kanton Waadt stimmt Cuarnens dem Zivildienstgesetz zu."
5480,44.6,44.6,55.4,"Daillens VD","Daillens hat das Zivildienstgesetz mit 55,4 Prozent Nein-Stimmen verworfen. Daillens lehnt das Zivildienstgesetz ab, der Kanton Waadt nimmt sie an."
5481,81.7,81.7,18.3,"Dizy VD","In Dizy ist das Zivildienstgesetz mit 81,7 Prozent der Stimmen angenommen worden. Übereinstimmend mit dem Kanton Waadt stimmt Dizy dem Zivildienstgesetz zu."
5482,30.6,30.6,69.4,"Eclépens VD","Nein zum Zivildienstgesetz in Eclépens: 69,4 Prozent. Eclépens lehnt das Zivildienstgesetz ab, der Kanton Waadt nimmt sie an."
5483,59.3,59.3,40.7,"Ferreyres VD","In Ferreyres wird das Zivildienstgesetz mit 59,3 Prozent angenommen. Übereinstimmend mit dem Kanton Waadt stimmt Ferreyres dem Zivildienstgesetz zu."
5484,90.2,90.2,9.8,"Gollion VD","In Gollion wird das Zivildienstgesetz mit 90,2 Prozent angenommen. Übereinstimmend mit dem Kanton Waadt stimmt Gollion dem Zivildienstgesetz zu."
5485,71.1,71.1,28.9,"Grancy VD","In Grancy ist das Zivildienstgesetz mit 71,1 Prozent der Stimmen angenommen worden. Übereinstimmend mit dem Kanton Waadt stimmt Grancy dem Zivildienstgesetz zu."
5486,70.5,70.5,29.5,"L'Isle VD","Das Zivildienstgesetz erreicht in L'Isle 70,5 Prozent Ja-Stimmen. Übereinstimmend mit dem Kanton Waadt stimmt L'Isle dem Zivildienstgesetz zu."
5487,20.1,20.1,79.9,"Lussery-Villars VD","Nein zum Zivildienstgesetz in Lussery-Villars: 79,9 Prozent. Lussery-Villars lehnt das Zivildienstgesetz ab, der Kanton Waadt nimmt sie an."
5488,94.9,94.9,5.1,"Mauraz VD","In Mauraz ist das Zivildienstgesetz mit 94,9 Prozent der Stimmen angenommen worden. Übereinstimmend mit dem Kanton Waadt stimmt Mauraz dem Zivildienstgesetz zu."
5489,36.6,36.6,63.4,"Mex VD","Mex VD hat das Zivildienstgesetz mit 63,4 Prozent Nein-Stimmen verworfen. Mex VD lehnt das Zivildienstgesetz ab, der Kanton Waadt nimmt sie an."
5490,65.1,65.1,34.9,"Moiry VD","In Moiry ist das Zivildienstgesetz mit 65,1 Prozent der Stimmen angenommen worden. Übereinstimmend mit dem Kanton Waadt stimmt Moiry dem Zivildienstgesetz zu."
5491,13,13,87,"Mont-la-Ville VD","In Mont-la-Ville wird das Zivildienstgesetz mit 87 Prozent abgelehnt. Mont-la-Ville lehnt das Zivildienstgesetz ab, der Kanton Waadt nimmt sie an."
5492,47.3,47.3,52.7,"Montricher VD","In Montricher hat das Zivildienstgesetz keine Mehrheit gefunden: 52,7 Prozent lehnen die Vorlage ab. Montricher lehnt das Zivildienstgesetz ab, der Kanton Waadt nimmt sie an."
5493,35.4,35.4,64.6,"Orny VD","Orny hat das Zivildienstgesetz mit 64,6 Prozent Nein-Stimmen verworfen. Orny lehnt das Zivildienstgesetz ab, der Kanton Waadt nimmt sie an."
5495,53.8,53.8,46.2,"Penthalaz VD","In Penthalaz wird das Zivildienstgesetz mit 53,8 Prozent angenommen. Übereinstimmend mit dem Kanton Waadt stimmt Penthalaz dem Zivildienstgesetz zu."
5496,65.7,65.7,34.3,"Penthaz VD","In Penthaz wird das Zivildienstgesetz mit 65,7 Prozent angenommen. Übereinstimmend mit dem Kanton Waadt stimmt Penthaz dem Zivildienstgesetz zu."
5497,70.2,70.2,29.8,"Pompaples VD","Das Zivildienstgesetz erreicht in Pompaples 70,2 Prozent Ja-Stimmen. Übereinstimmend mit dem Kanton Waadt stimmt Pompaples dem Zivildienstgesetz zu."
5498,14.7,14.7,85.3,"La Sarraz VD","85,3 Prozent der Stimmbürgerinnen und Stimmbürger von La Sarraz haben das Zivildienstgesetz abgelehnt. La Sarraz lehnt das Zivildienstgesetz ab, der Kanton Waadt nimmt sie an."
5499,47.6,47.6,52.4,"Senarclens VD","Nein zum Zivildienstgesetz in Senarclens: 52,4 Prozent. Senarclens lehnt das Zivildienstgesetz ab, der Kanton Waadt nimmt sie an."
5501,36.3,36.3,63.7,"Sullens VD","63,7 Prozent der Stimmbürgerinnen und Stimmbürger von Sullens haben das Zivildienstgesetz abgelehnt. Sullens lehnt das Zivildienstgesetz ab, der Kanton Waadt nimmt sie an."
5503,24.3,24.3,75.7,"Vufflens-la-Ville VD","Nein zum Zivildienstgesetz in Vufflens-la-Ville: 75,7 Prozent. Vufflens-la-Ville lehnt das Zivildienstgesetz ab, der Kanton Waadt nimmt sie an."
5511,82.9,82.9,17.1,"Assens VD","Das Zivildienstgesetz erreicht in Assens 82,9 Prozent Ja-Stimmen. Übereinstimmend mit dem Kanton Waadt stimmt Assens dem Zivildienstgesetz zu."
5512,9.2,9.2,90.8,"Bercher VD","In Bercher hat das Zivildienstgesetz keine Mehrheit gefunden: 90,8 Prozent lehnen die Vorlage ab. Bercher lehnt das Zivildienstgesetz ab, der Kanton Waadt nimmt sie an."
5514,34.9,34.9,65.1,"Bottens VD","Bottens hat das Zivildienstgesetz mit 65,1 Prozent Nein-Stimmen verworfen. Bottens lehnt das Zivildienstgesetz ab, der Kanton Waadt nimmt sie an."
5515,31.4,31.4,68.6,"Bretigny-sur-Morrens VD","Bretigny-sur-Morrens hat das Zivildienstgesetz mit 68,6 Prozent Nein-Stimmen verworfen. Bretigny-sur-Morrens lehnt das Zivildienstgesetz ab, der Kanton Waadt nimmt sie an."
5516,52.8,52.8,47.2,"Cugy VD","In Cugy VD wird das Zivildienstgesetz mit 52,8 Prozent angenommen. Übereinstimmend mit dem Kanton Waadt stimmt Cugy VD dem Zivildienstgesetz zu."
5518,44.9,44.9,55.1,"Echallens VD","55,1 Prozent der Stimmbürgerinnen und Stimmbürger von Echallens haben das Zivildienstgesetz abgelehnt. Echallens lehnt das Zivildienstgesetz ab, der Kanton Waadt nimmt sie an."
5520,45.1,45.1,54.9,"Essertines-sur-Yverdon VD","In Essertines-sur-Yverdon wird das Zivildienstgesetz mit 54,9 Prozent abgelehnt. Essertines-sur-Yverdon lehnt das Zivildienstgesetz ab, der Kanton Waadt nimmt sie an."
5521,60.2,60.2,39.8,"Etagnières VD","In Etagnières wird das Zivildienstgesetz mit 60,2 Prozent angenommen. Übereinstimmend mit dem Kanton Waadt stimmt Etagnières dem Zivildienstgesetz zu."
5522,64.9,64.9,35.1,"Fey VD","In Fey ist das Zivildienstgesetz mit 64,9 Prozent der Stimmen angenommen worden. Übereinstimmend mit dem Kanton Waadt stimmt Fey dem Zivildienstgesetz zu."
5523,64,64,36,"Froideville VD","In Froideville wird das Zivildienstgesetz mit 64 Prozent angenommen. Übereinstimmend mit dem Kanton Waadt stimmt Froideville dem Zivildienstgesetz zu."
5527,11.8,11.8,88.2,"Morrens VD","In Morrens VD wird das Zivildienstgesetz mit 88,2 Prozent abgelehnt. Morrens VD lehnt das Zivildienstgesetz ab, der Kanton Waadt nimmt sie an."
5529,57.1,57.1,42.9,"Oulens-sous-Echallens VD","Das Zivildienstgesetz erreicht in Oulens-sous-Echallens 57,1 Prozent Ja-Stimmen. Übereinstimmend mit dem Kanton Waadt stimmt Oulens-sous-Echallens dem Zivildienstgesetz zu."
5530,56.4,56.4,43.6,"Pailly VD","In Pailly wird das Zivildienstgesetz mit 56,4 Prozent angenommen. Übereinstimmend mit dem Kanton Waadt stimmt Pailly dem Zivildienstgesetz zu."
5531,47.2,47.2,52.8,"Penthéréaz VD","In Penthéréaz wird das Zivildienstgesetz mit 52,8 Prozent abgelehnt. Penthéréaz lehnt das Zivildienstgesetz ab, der Kanton Waadt nimmt sie an."
5533,30.7,30.7,69.3,"Poliez-Pittet VD","Poliez-Pittet hat das Zivildienstgesetz mit 69,3 Prozent Nein-Stimmen verworfen. Poliez-Pittet lehnt das Zivildienstgesetz ab, der Kanton Waadt nimmt sie an."
5534,42.6,42.6,57.4,"Rueyres VD","In Rueyres wird das Zivildienstgesetz mit 57,4 Prozent abgelehnt. Rueyres lehnt das Zivildienstgesetz ab, der Kanton Waadt nimmt sie an."
5535,29.7,29.7,70.3,"Saint-Barthélemy VD","Nein zum Zivildienstgesetz in Saint-Barthélemy VD: 70,3 Prozent. Saint-Barthélemy VD lehnt das Zivildienstgesetz ab, der Kanton Waadt nimmt sie an."
5537,46.2,46.2,53.8,"Villars-le-Terroir VD","Villars-le-Terroir hat das Zivildienstgesetz mit 53,8 Prozent Nein-Stimmen verworfen. Villars-le-Terroir lehnt das Zivildienstgesetz ab, der Kanton Waadt nimmt sie an."
5539,50.4,50.4,49.6,"Vuarrens VD","Die Vorlage das Zivildienstgesetz ist in Vuarrens mit 50,4 Prozent der Stimmen angenommen worden. Übereinstimmend mit dem Kanton Waadt stimmt Vuarrens dem Zivildienstgesetz zu."
5540,64.5,64.5,35.5,"Montilliez VD","In Montilliez ist das Zivildienstgesetz mit 64,5 Prozent der Stimmen angenommen worden. Übereinstimmend mit dem Kanton Waadt stimmt Montilliez dem Zivildienstgesetz zu."
5541,60.8,60.8,39.2,"Goumoëns VD","In Goumoëns wird das Zivildienstgesetz mit 60,8 Prozent angenommen. Übereinstimmend mit dem Kanton Waadt stimmt Goumoëns dem Zivildienstgesetz zu."
5551,52.3,52.3,47.7,"Bonvillars VD","In Bonvillars ist das Zivildienstgesetz mit 52,3 Prozent der Stimmen angenommen worden. Übereinstimmend mit dem Kanton Waadt stimmt Bonvillars dem Zivildienstgesetz zu."
5552,57.9,57.9,42.1,"Bullet VD","Das Zivildienstgesetz erreicht in Bullet 57,9 Prozent Ja-Stimmen. Übereinstimmend mit dem Kanton Waadt stimmt Bullet dem Zivildienstgesetz zu."
5553,74.5,74.5,25.5,"Champagne VD","In Champagne wird das Zivildienstgesetz mit 74,5 Prozent angenommen. Übereinstimmend mit dem Kanton Waadt stimmt Champagne dem Zivildienstgesetz zu."
5554,29.6,29.6,70.4,"Concise VD","70,4 Prozent der Stimmbürgerinnen und Stimmbürger von Concise haben das Zivildienstgesetz abgelehnt. Concise lehnt das Zivildienstgesetz ab, der Kanton Waadt nimmt sie an."
5555,27.3,27.3,72.7,"Corcelles-près-Concise VD","In Corcelles-près-Concise wird das Zivildienstgesetz mit 72,7 Prozent abgelehnt. Corcelles-près-Concise lehnt das Zivildienstgesetz ab, der Kanton Waadt nimmt sie an."
5556,57.1,57.1,42.9,"Fiez VD","Das Zivildienstgesetz erreicht in Fiez 57,1 Prozent Ja-Stimmen. Übereinstimmend mit dem Kanton Waadt stimmt Fiez dem Zivildienstgesetz zu."
5557,40.7,40.7,59.3,"Fontaines-sur-Grandson VD","Fontaines-sur-Grandson hat das Zivildienstgesetz mit 59,3 Prozent Nein-Stimmen verworfen. Fontaines-sur-Grandson lehnt das Zivildienstgesetz ab, der Kanton Waadt nimmt sie an."
5559,38.8,38.8,61.2,"Giez VD","In Giez wird das Zivildienstgesetz mit 61,2 Prozent abgelehnt. Giez lehnt das Zivildienstgesetz ab, der Kanton Waadt nimmt sie an."
5560,6.6,6.6,93.4,"Grandevent VD","Grandevent hat das Zivildienstgesetz mit 93,4 Prozent Nein-Stimmen verworfen. Grandevent lehnt das Zivildienstgesetz ab, der Kanton Waadt nimmt sie an."
5561,51.2,51.2,48.8,"Grandson VD","In Grandson wird das Zivildienstgesetz mit 51,2 Prozent angenommen. Übereinstimmend mit dem Kanton Waadt stimmt Grandson dem Zivildienstgesetz zu."
5562,46,46,54,"Mauborget VD","Mauborget hat das Zivildienstgesetz mit 54 Prozent Nein-Stimmen verworfen. Mauborget lehnt das Zivildienstgesetz ab, der Kanton Waadt nimmt sie an."
5563,44.7,44.7,55.3,"Mutrux VD","55,3 Prozent der Stimmbürgerinnen und Stimmbürger von Mutrux haben das Zivildienstgesetz abgelehnt. Mutrux lehnt das Zivildienstgesetz ab, der Kanton Waadt nimmt sie an."
5564,46.2,46.2,53.8,"Novalles VD","Novalles hat das Zivildienstgesetz mit 53,8 Prozent Nein-Stimmen verworfen. Novalles lehnt das Zivildienstgesetz ab, der Kanton Waadt nimmt sie an."
5565,90.6,90.6,9.4,"Onnens VD","In Onnens VD wird das Zivildienstgesetz mit 90,6 Prozent angenommen. Übereinstimmend mit dem Kanton Waadt stimmt Onnens VD dem Zivildienstgesetz zu."
5566,42,42,58,"Provence VD","Nein zum Zivildienstgesetz in Provence: 58 Prozent. Provence lehnt das Zivildienstgesetz ab, der Kanton Waadt nimmt sie an."
5568,0.1,0.1,99.9,"Sainte-Croix VD","Nirgendwo in der Schweiz ist der Nein-Anteil zum Zivildienstgesetz höher als in Sainte-Croix, 99,9 Prozent lehnen ab. Sainte-Croix verzeichnet im Kanton Waadt den höchsten Nein-Anteil zum Zivildienstgesetz."
5571,28.4,28.4,71.6,"Tévenon VD","71,6 Prozent der Stimmbürgerinnen und Stimmbürger von Tévenon haben das Zivildienstgesetz abgelehnt. Tévenon lehnt das Zivildienstgesetz ab, der Kanton Waadt nimmt sie an."
5581,49.6,49.6,50.4,"Belmont-sur-Lausanne VD","50,4 Prozent der Stimmbürgerinnen und Stimmbürger von Belmont-sur-Lausanne haben das Zivildienstgesetz abgelehnt. Belmont-sur-Lausanne lehnt das Zivildienstgesetz ab, der Kanton Waadt nimmt sie an."
5582,58.8,58.8,41.2,"Cheseaux-sur-Lausanne VD","In Cheseaux-sur-Lausanne ist das Zivildienstgesetz mit 58,8 Prozent der Stimmen angenommen worden. Übereinstimmend mit dem Kanton Waadt stimmt Cheseaux-sur-Lausanne dem Zivildienstgesetz zu."
5583,19.3,19.3,80.7,"Crissier VD","In Crissier hat das Zivildienstgesetz keine Mehrheit gefunden: 80,7 Prozent lehnen die Vorlage ab. Crissier lehnt das Zivildienstgesetz ab, der Kanton Waadt nimmt sie an."
5584,65,65,35,"Epalinges VD","Das Zivildienstgesetz erreicht in Epalinges 65 Prozent Ja-Stimmen. Übereinstimmend mit dem Kanton Waadt stimmt Epalinges dem Zivildienstgesetz zu."
5585,82.1,82.1,17.9,"Jouxtens-Mézery VD","In Jouxtens-Mézery wird das Zivildienstgesetz mit 82,1 Prozent angenommen. Übereinstimmend mit dem Kanton Waadt stimmt Jouxtens-Mézery dem Zivildienstgesetz zu."
5586,32.3,32.3,67.7,"Lausanne VD","Nein zum Zivildienstgesetz in Lausanne: 67,7 Prozent. Lausanne lehnt das Zivildienstgesetz ab, der Kanton Waadt nimmt sie an."
5587,72.1,72.1,27.9,"Le Mont-sur-Lausanne VD","In Le Mont-sur-Lausanne wird das Zivildienstgesetz mit 72,1 Prozent angenommen. Übereinstimmend mit dem Kanton Waadt stimmt Le Mont-sur-Lausanne dem Zivildienstgesetz zu."
5588,65.5,65.5,34.5,"Paudex VD","Das Zivildienstgesetz erreicht in Paudex 65,5 Prozent Ja-Stimmen. Übereinstimmend mit dem Kanton Waadt stimmt Paudex dem Zivildienstgesetz zu."
5589,81,81,19,"Prilly VD","In Prilly wird das Zivildienstgesetz mit 81 Prozent angenommen. Übereinstimmend mit dem Kanton Waadt stimmt Prilly dem Zivildienstgesetz zu."
5590,38.2,38.2,61.8,"Pully VD","Pully hat das Zivildienstgesetz mit 61,8 Prozent Nein-Stimmen verworfen. Pully lehnt das Zivildienstgesetz ab, der Kanton Waadt nimmt sie an."
5591,24.3,24.3,75.7,"Renens VD","Nein zum Zivildienstgesetz in Renens VD: 75,7 Prozent. Renens VD lehnt das Zivildienstgesetz ab, der Kanton Waadt nimmt sie an."
5592,16.3,16.3,83.7,"Romanel-sur-Lausanne VD","Nein zum Zivildienstgesetz in Romanel-sur-Lausanne: 83,7 Prozent. Romanel-sur-Lausanne lehnt das Zivildienstgesetz ab, der Kanton Waadt nimmt sie an."
5601,10.2,10.2,89.8,"Chexbres VD","Nein zum Zivildienstgesetz in Chexbres: 89,8 Prozent. Chexbres lehnt das Zivildienstgesetz ab, der Kanton Waadt nimmt sie an."
5604,26.5,26.5,73.5,"Forel (Lavaux) VD","73,5 Prozent der Stimmbürgerinnen und Stimmbürger von Forel (Lavaux) haben das Zivildienstgesetz abgelehnt. Forel (Lavaux) lehnt das Zivildienstgesetz ab, der Kanton Waadt nimmt sie an."
5606,59.2,59.2,40.8,"Lutry VD","Die Vorlage das Zivildienstgesetz ist in Lutry mit 59,2 Prozent der Stimmen angenommen worden. Übereinstimmend mit dem Kanton Waadt stimmt Lutry dem Zivildienstgesetz zu."
5607,47.4,47.4,52.6,"Puidoux VD","Puidoux hat das Zivildienstgesetz mit 52,6 Prozent Nein-Stimmen verworfen. Puidoux lehnt das Zivildienstgesetz ab, der Kanton Waadt nimmt sie an."
5609,79,79,21,"Rivaz VD","Das Zivildienstgesetz erreicht in Rivaz 79 Prozent Ja-Stimmen. Übereinstimmend mit dem Kanton Waadt stimmt Rivaz dem Zivildienstgesetz zu."
5610,76.6,76.6,23.4,"Saint-Saphorin (Lavaux) VD","Die Vorlage das Zivildienstgesetz ist in Saint-Saphorin (Lavaux) mit 76,6 Prozent der Stimmen angenommen worden. Übereinstimmend mit dem Kanton Waadt stimmt Saint-Saphorin (Lavaux) dem Zivildienstgesetz zu."
5611,75.6,75.6,24.4,"Savigny VD","Das Zivildienstgesetz erreicht in Savigny 75,6 Prozent Ja-Stimmen. Übereinstimmend mit dem Kanton Waadt stimmt Savigny dem Zivildienstgesetz zu."
5613,70.8,70.8,29.2,"Bourg-en-Lavaux VD","In Bourg-en-Lavaux wird das Zivildienstgesetz mit 70,8 Prozent angenommen. Übereinstimmend mit dem Kanton Waadt stimmt Bourg-en-Lavaux dem Zivildienstgesetz zu."
5621,72.5,72.5,27.5,"Aclens VD","In Aclens wird das Zivildienstgesetz mit 72,5 Prozent angenommen. Übereinstimmend mit dem Kanton Waadt stimmt Aclens dem Zivildienstgesetz zu."
5622,75.5,75.5,24.5,"Bremblens VD","Die Vorlage das Zivildienstgesetz ist in Bremblens mit 75,5 Prozent der Stimmen angenommen worden. Übereinstimmend mit dem Kanton Waadt stimmt Bremblens dem Zivildienstgesetz zu."
5623,9.4,9.4,90.6,"Buchillon VD","Nein zum Zivildienstgesetz in Buchillon: 90,6 Prozent. Buchillon lehnt das Zivildienstgesetz ab, der Kanton Waadt nimmt sie an."
5624,77.7,77.7,22.3,"Bussigny VD","Das Zivildienstgesetz erreicht in Bussigny 77,7 Prozent Ja-Stimmen. Übereinstimmend mit dem Kanton Waadt stimmt Bussigny dem Zivildienstgesetz zu."
5627,55.9,55.9,44.1,"Chavannes-près-Renens VD","Die Vorlage das Zivildienstgesetz ist in Chavannes-près-Renens mit 55,9 Prozent der Stimmen angenommen worden. Übereinstimmend mit dem Kanton Waadt stimmt Chavannes-près-Renens dem Zivildienstgesetz zu."
5628,48.4,48.4,51.6,"Chigny VD","Nein zum Zivildienstgesetz in Chigny: 51,6 Prozent. Chigny lehnt das Zivildienstgesetz ab, der Kanton Waadt nimmt sie an."
5629,45.2,45.2,54.8,"Clarmont VD","54,8 Prozent der Stimmbürgerinnen und Stimmbürger von Clarmont haben das Zivildienstgesetz abgelehnt. Clarmont lehnt das Zivildienstgesetz ab, der Kanton Waadt nimmt sie an."
5631,93.3,93.3,6.7,"Denens VD","In Denens wird das Zivildienstgesetz mit 93,3 Prozent angenommen. Übereinstimmend mit dem Kanton Waadt stimmt Denens dem Zivildienstgesetz zu."
5632,27,27,73,"Denges VD","73 Prozent der Stimmbürgerinnen und Stimmbürger von Denges haben das Zivildienstgesetz abgelehnt. Denges lehnt das Zivildienstgesetz ab, der Kanton Waadt nimmt sie an."
5633,25,25,75,"Echandens VD","75 Prozent der Stimmbürgerinnen und Stimmbürger von Echandens haben das Zivildienstgesetz abgelehnt. Echandens lehnt das Zivildienstgesetz ab, der Kanton Waadt nimmt sie an."
5634,30.1,30.1,69.9,"Echichens VD","In Echichens hat das Zivildienstgesetz keine Mehrheit gefunden: 69,9 Prozent lehnen die Vorlage ab. Echichens lehnt das Zivildienstgesetz ab, der Kanton Waadt nimmt sie an."
5635,82.8,82.8,17.2,"Ecublens VD","In Ecublens VD wird das Zivildienstgesetz mit 82,8 Prozent angenommen. Übereinstimmend mit dem Kanton Waadt stimmt Ecublens VD dem Zivildienstgesetz zu."
5636,52.2,52.2,47.8,"Etoy VD","Die Vorlage das Zivildienstgesetz ist in Etoy mit 52,2 Prozent der Stimmen angenommen worden. Übereinstimmend mit dem Kanton Waadt stimmt Etoy dem Zivildienstgesetz zu."
5637,44.1,44.1,55.9,"Lavigny VD","Nein zum Zivildienstgesetz in Lavigny: 55,9 Prozent. Lavigny lehnt das Zivildienstgesetz ab, der Kanton Waadt nimmt sie an."
5638,51.6,51.6,48.4,"Lonay VD","In Lonay wird das Zivildienstgesetz mit 51,6 Prozent angenommen. Übereinstimmend mit dem Kanton Waadt stimmt Lonay dem Zivildienstgesetz zu."
5639,15,15,85,"Lully VD","In Lully VD wird das Zivildienstgesetz mit 85 Prozent abgelehnt. Lully VD lehnt das Zivildienstgesetz ab, der Kanton Waadt nimmt sie an."
5640,67.1,67.1,32.9,"Lussy-sur-Morges VD","In Lussy-sur-Morges wird das Zivildienstgesetz mit 67,1 Prozent angenommen. Übereinstimmend mit dem Kanton Waadt stimmt Lussy-sur-Morges dem Zivildienstgesetz zu."
5642,54.6,54.6,45.4,"Morges VD","In Morges wird das Zivildienstgesetz mit 54,6 Prozent angenommen. Übereinstimmend mit dem Kanton Waadt stimmt Morges dem Zivildienstgesetz zu."
5643,12.7,12.7,87.3,"Préverenges VD","In Préverenges hat das Zivildienstgesetz keine Mehrheit gefunden: 87,3 Prozent lehnen die Vorlage ab. Préverenges lehnt das Zivildienstgesetz ab, der Kanton Waadt nimmt sie an."
5645,36.5,36.5,63.5,"Romanel-sur-Morges VD","In Romanel-sur-Morges wird das Zivildienstgesetz mit 63,5 Prozent abgelehnt. Romanel-sur-Morges lehnt das Zivildienstgesetz ab, der Kanton Waadt nimmt sie an."
5646,50.6,50.6,49.4,"Saint-Prex VD","In Saint-Prex ist das Zivildienstgesetz mit 50,6 Prozent der Stimmen angenommen worden. Übereinstimmend mit dem Kanton Waadt stimmt Saint-Prex dem Zivildienstgesetz zu."
5648,11.8,11.8,88.2,"Saint-Sulpice VD","88,2 Prozent der Stimmbürgerinnen und Stimmbürger von Saint-Sulpice VD haben das Zivildienstgesetz abgelehnt. Saint-Sulpice VD lehnt das Zivildienstgesetz ab, der Kanton Waadt nimmt sie an."
5649,60.1,60.1,39.9,"Tolochenaz VD","In Tolochenaz wird das Zivildienstgesetz mit 60,1 Prozent angenommen. Übereinstimmend mit dem Kanton Waadt stimmt Tolochenaz dem Zivildienstgesetz zu."
5650,55.3,55.3,44.7,"Vaux-sur-Morges VD","Die Vorlage das Zivildienstgesetz ist in Vaux-sur-Morges mit 55,3 Prozent der Stimmen angenommen worden. Übereinstimmend mit dem Kanton Waadt stimmt Vaux-sur-Morges dem Zivildienstgesetz zu."
5651,24.9,24.9,75.1,"Villars-Sainte-Croix VD","Nein zum Zivildienstgesetz in Villars-Sainte-Croix: 75,1 Prozent. Villars-Sainte-Croix lehnt das Zivildienstgesetz ab, der Kanton Waadt nimmt sie an."
5652,61.7,61.7,38.3,"Villars-sous-Yens VD","Die Vorlage das Zivildienstgesetz ist in Villars-sous-Yens mit 61,7 Prozent der Stimmen angenommen worden. Übereinstimmend mit dem Kanton Waadt stimmt Villars-sous-Yens dem Zivildienstgesetz zu."
5653,46.7,46.7,53.3,"Vufflens-le-Château VD","In Vufflens-le-Château wird das Zivildienstgesetz mit 53,3 Prozent abgelehnt. Vufflens-le-Château lehnt das Zivildienstgesetz ab, der Kanton Waadt nimmt sie an."
5654,59.9,59.9,40.1,"Vullierens VD","Die Vorlage das Zivildienstgesetz ist in Vullierens mit 59,9 Prozent der Stimmen angenommen worden. Übereinstimmend mit dem Kanton Waadt stimmt Vullierens dem Zivildienstgesetz zu."
5655,7.7,7.7,92.3,"Yens VD","Nein zum Zivildienstgesetz in Yens: 92,3 Prozent. Yens lehnt das Zivildienstgesetz ab, der Kanton Waadt nimmt sie an."
5656,42.1,42.1,57.9,"Hautemorges VD","Hautemorges hat das Zivildienstgesetz mit 57,9 Prozent Nein-Stimmen verworfen. Hautemorges lehnt das Zivildienstgesetz ab, der Kanton Waadt nimmt sie an."
5661,2.6,2.6,97.4,"Boulens VD","97,4 Prozent der Stimmbürgerinnen und Stimmbürger von Boulens haben das Zivildienstgesetz abgelehnt. Boulens lehnt das Zivildienstgesetz ab, der Kanton Waadt nimmt sie an."
5663,1.3,1.3,98.7,"Bussy-sur-Moudon VD","Bussy-sur-Moudon hat das Zivildienstgesetz mit 98,7 Prozent Nein-Stimmen verworfen. Bussy-sur-Moudon lehnt das Zivildienstgesetz ab, der Kanton Waadt nimmt sie an."
5665,51.3,51.3,48.7,"Chavannes-sur-Moudon VD","Das Zivildienstgesetz erreicht in Chavannes-sur-Moudon 51,3 Prozent Ja-Stimmen. Übereinstimmend mit dem Kanton Waadt stimmt Chavannes-sur-Moudon dem Zivildienstgesetz zu."
5669,93.9,93.9,6.1,"Curtilles VD","Das Zivildienstgesetz erreicht in Curtilles 93,9 Prozent Ja-Stimmen. Übereinstimmend mit dem Kanton Waadt stimmt Curtilles dem Zivildienstgesetz zu."
5671,67.8,67.8,32.2,"Dompierre VD","In Dompierre VD wird das Zivildienstgesetz mit 67,8 Prozent angenommen. Übereinstimmend mit dem Kanton Waadt stimmt Dompierre VD dem Zivildienstgesetz zu."
5673,25.6,25.6,74.4,"Hermenches VD","Nein zum Zivildienstgesetz in Hermenches: 74,4 Prozent. Hermenches lehnt das Zivildienstgesetz ab, der Kanton Waadt nimmt sie an."
5674,96.2,96.2,3.8,"Lovatens VD","Das Zivildienstgesetz erreicht in Lovatens 96,2 Prozent Ja-Stimmen. Übereinstimmend mit dem Kanton Waadt stimmt Lovatens dem Zivildienstgesetz zu."
5675,77.4,77.4,22.6,"Lucens VD","In Lucens wird das Zivildienstgesetz mit 77,4 Prozent angenommen. Übereinstimmend mit dem Kanton Waadt stimmt Lucens dem Zivildienstgesetz zu."
5678,45.2,45.2,54.8,"Moudon VD","Moudon hat das Zivildienstgesetz mit 54,8 Prozent Nein-Stimmen verworfen. Moudon lehnt das Zivildienstgesetz ab, der Kanton Waadt nimmt sie an."
5680,41.9,41.9,58.1,"Ogens VD","Nein zum Zivildienstgesetz in Ogens: 58,1 Prozent. Ogens lehnt das Zivildienstgesetz ab, der Kanton Waadt nimmt sie an."
5683,26.7,26.7,73.3,"Prévonloup VD","Prévonloup hat das Zivildienstgesetz mit 73,3 Prozent Nein-Stimmen verworfen. Prévonloup lehnt das Zivildienstgesetz ab, der Kanton Waadt nimmt sie an."
5684,50.2,50.2,49.8,"Rossenges VD","In Rossenges wird das Zivildienstgesetz mit 50,2 Prozent angenommen. Übereinstimmend mit dem Kanton Waadt stimmt Rossenges dem Zivildienstgesetz zu."
5688,2.3,2.3,97.7,"Syens VD","In Syens wird das Zivildienstgesetz mit 97,7 Prozent abgelehnt. Syens lehnt das Zivildienstgesetz ab, der Kanton Waadt nimmt sie an."
5690,40.7,40.7,59.3,"Villars-le-Comte VD","In Villars-le-Comte wird das Zivildienstgesetz mit 59,3 Prozent abgelehnt. Villars-le-Comte lehnt das Zivildienstgesetz ab, der Kanton Waadt nimmt sie an."
5692,27.9,27.9,72.1,"Vucherens VD","Nein zum Zivildienstgesetz in Vucherens: 72,1 Prozent. Vucherens lehnt das Zivildienstgesetz ab, der Kanton Waadt nimmt sie an."
5693,38.3,38.3,61.7,"Montanaire VD","Nein zum Zivildienstgesetz in Montanaire: 61,7 Prozent. Montanaire lehnt das Zivildienstgesetz ab, der Kanton Waadt nimmt sie an."
5701,50.4,50.4,49.6,"Arnex-sur-Nyon VD","In Arnex-sur-Nyon wird das Zivildienstgesetz mit 50,4 Prozent angenommen. Übereinstimmend mit dem Kanton Waadt stimmt Arnex-sur-Nyon dem Zivildienstgesetz zu."
5702,45.1,45.1,54.9,"Arzier-Le Muids VD","Nein zum Zivildienstgesetz in Arzier-Le Muids: 54,9 Prozent. Arzier-Le Muids lehnt das Zivildienstgesetz ab, der Kanton Waadt nimmt sie an."
5703,99,99,1,"Bassins VD","In Bassins wird das Zivildienstgesetz mit 99 Prozent angenommen. Übereinstimmend mit dem Kanton Waadt stimmt Bassins dem Zivildienstgesetz zu."
5704,98.5,98.5,1.5,"Begnins VD","In Begnins wird das Zivildienstgesetz mit 98,5 Prozent angenommen. Übereinstimmend mit dem Kanton Waadt stimmt Begnins dem Zivildienstgesetz zu."
5705,16.6,16.6,83.4,"Bogis-Bossey VD","In Bogis-Bossey wird das Zivildienstgesetz mit 83,4 Prozent abgelehnt. Bogis-Bossey lehnt das Zivildienstgesetz ab, der Kanton Waadt nimmt sie an."
5706,45.8,45.8,54.2,"Borex VD","Nein zum Zivildienstgesetz in Borex: 54,2 Prozent. Borex lehnt das Zivildienstgesetz ab, der Kanton Waadt nimmt sie an."
5707,84.8,84.8,15.2,"Chavannes-de-Bogis VD","Die Vorlage das Zivildienstgesetz ist in Chavannes-de-Bogis mit 84,8 Prozent der Stimmen angenommen worden. Übereinstimmend mit dem Kanton Waadt stimmt Chavannes-de-Bogis dem Zivildienstgesetz zu."
5708,29,29,71,"Chavannes-des-Bois VD","In Chavannes-des-Bois hat das Zivildienstgesetz keine Mehrheit gefunden: 71 Prozent lehnen die Vorlage ab. Chavannes-des-Bois lehnt das Zivildienstgesetz ab, der Kanton Waadt nimmt sie an."
5709,74.1,74.1,25.9,"Chéserex VD","Das Zivildienstgesetz erreicht in Chéserex 74,1 Prozent Ja-Stimmen. Übereinstimmend mit dem Kanton Waadt stimmt Chéserex dem Zivildienstgesetz zu."
5710,39,39,61,"Coinsins VD","Nein zum Zivildienstgesetz in Coinsins: 61 Prozent. Coinsins lehnt das Zivildienstgesetz ab, der Kanton Waadt nimmt sie an."
5711,54,54,46,"Commugny VD","In Commugny ist das Zivildienstgesetz mit 54 Prozent der Stimmen angenommen worden. Übereinstimmend mit dem Kanton Waadt stimmt Commugny dem Zivildienstgesetz zu."
5712,28.9,28.9,71.1,"Coppet VD","Nein zum Zivildienstgesetz in Coppet: 71,1 Prozent. Coppet lehnt das Zivildienstgesetz ab, der Kanton Waadt nimmt sie an."
5713,53.4,53.4,46.6,"Crans-près-Céligny VD","In Crans-près-Céligny ist das Zivildienstgesetz mit 53,4 Prozent der Stimmen angenommen worden. Übereinstimmend mit dem Kanton Waadt stimmt Crans-près-Céligny dem Zivildienstgesetz zu."
5714,80.3,80.3,19.7,"Crassier VD","Das Zivildienstgesetz erreicht in Crassier 80,3 Prozent Ja-Stimmen. Übereinstimmend mit dem Kanton Waadt stimmt Crassier dem Zivildienstgesetz zu."
5715,47.3,47.3,52.7,"Duillier VD","In Duillier wird das Zivildienstgesetz mit 52,7 Prozent abgelehnt. Duillier lehnt das Zivildienstgesetz ab, der Kanton Waadt nimmt sie an."
5716,47.7,47.7,52.3,"Eysins VD","In Eysins wird das Zivildienstgesetz mit 52,3 Prozent abgelehnt. Eysins lehnt das Zivildienstgesetz ab, der Kanton Waadt nimmt sie an."
5717,31.9,31.9,68.1,"Founex VD","Founex hat das Zivildienstgesetz mit 68,1 Prozent Nein-Stimmen verworfen. Founex lehnt das Zivildienstgesetz ab, der Kanton Waadt nimmt sie an."
5718,42.1,42.1,57.9,"Genolier VD","57,9 Prozent der Stimmbürgerinnen und Stimmbürger von Genolier haben das Zivildienstgesetz abgelehnt. Genolier lehnt das Zivildienstgesetz ab, der Kanton Waadt nimmt sie an."
5719,8.1,8.1,91.9,"Gingins VD","In Gingins hat das Zivildienstgesetz keine Mehrheit gefunden: 91,9 Prozent lehnen die Vorlage ab. Gingins lehnt das Zivildienstgesetz ab, der Kanton Waadt nimmt sie an."
5720,11,11,89,"Givrins VD","Givrins hat das Zivildienstgesetz mit 89 Prozent Nein-Stimmen verworfen. Givrins lehnt das Zivildienstgesetz ab, der Kanton Waadt nimmt sie an."
5721,69.6,69.6,30.4,"Gland VD","In Gland wird das Zivildienstgesetz mit 69,6 Prozent angenommen. Übereinstimmend mit dem Kanton Waadt stimmt Gland dem Zivildienstgesetz zu."
5722,49.8,49.8,50.2,"Grens VD","Nein zum Zivildienstgesetz in Grens: 50,2 Prozent. Grens lehnt das Zivildienstgesetz ab, der Kanton Waadt nimmt sie an."
5723,43.1,43.1,56.9,"Mies VD","Nein zum Zivildienstgesetz in Mies: 56,9 Prozent. Mies lehnt das Zivildienstgesetz ab, der Kanton Waadt nimmt sie an."
5724,58.6,58.6,41.4,"Nyon VD","Das Zivildienstgesetz erreicht in Nyon 58,6 Prozent Ja-Stimmen. Übereinstimmend mit dem Kanton Waadt stimmt Nyon dem Zivildienstgesetz zu."
5725,58.3,58.3,41.7,"Prangins VD","In Prangins ist das Zivildienstgesetz mit 58,3 Prozent der Stimmen angenommen worden. Übereinstimmend mit dem Kanton Waadt stimmt Prangins dem Zivildienstgesetz zu."
5726,46.1,46.1,53.9,"La Rippe VD","Nein zum Zivildienstgesetz in La Rippe: 53,9 Prozent. La Rippe lehnt das Zivildienstgesetz ab, der Kanton Waadt nimmt sie an."
5727,33.6,33.6,66.4,"Saint-Cergue VD","Nein zum Zivildienstgesetz in Saint-Cergue: 66,4 Prozent. Saint-Cergue lehnt das Zivildienstgesetz ab, der Kanton Waadt nimmt sie an."
5728,62.5,62.5,37.5,"Signy-Avenex VD","Das Zivildienstgesetz erreicht in Signy-Avenex 62,5 Prozent Ja-Stimmen. Übereinstimmend mit dem Kanton Waadt stimmt Signy-Avenex dem Zivildienstgesetz zu."
5729,46.2,46.2,53.8,"Tannay VD","53,8 Prozent der Stimmbürgerinnen und Stimmbürger von Tannay haben das Zivildienstgesetz abgelehnt. Tannay lehnt das Zivildienstgesetz ab, der Kanton Waadt nimmt sie an."
5730,46.3,46.3,53.7,"Trélex VD","In Trélex wird das Zivildienstgesetz mit 53,7 Prozent abgelehnt. Trélex lehnt das Zivildienstgesetz ab, der Kanton Waadt nimmt sie an."
5731,90.2,90.2,9.8,"Le Vaud VD","Die Vorlage das Zivildienstgesetz ist in Le Vaud mit 90,2 Prozent der Stimmen angenommen worden. Übereinstimmend mit dem Kanton Waadt stimmt Le Vaud dem Zivildienstgesetz zu."
5732,68,68,32,"Vich VD","In Vich wird das Zivildienstgesetz mit 68 Prozent angenommen. Übereinstimmend mit dem Kanton Waadt stimmt Vich dem Zivildienstgesetz zu."
5741,35.2,35.2,64.8,"L'Abergement VD","In L'Abergement wird das Zivildienstgesetz mit 64,8 Prozent abgelehnt. L'Abergement lehnt das Zivildienstgesetz ab, der Kanton Waadt nimmt sie an."
5742,82.3,82.3,17.7,"Agiez VD","In Agiez wird das Zivildienstgesetz mit 82,3 Prozent angenommen. Übereinstimmend mit dem Kanton Waadt stimmt Agiez dem Zivildienstgesetz zu."
5743,15.6,15.6,84.4,"Arnex-sur-Orbe VD","Nein zum Zivildienstgesetz in Arnex-sur-Orbe: 84,4 Prozent. Arnex-sur-Orbe lehnt das Zivildienstgesetz ab, der Kanton Waadt nimmt sie an."
5744,48.9,48.9,51.1,"Ballaigues VD","Ballaigues hat das Zivildienstgesetz mit 51,1 Prozent Nein-Stimmen verworfen. Ballaigues lehnt das Zivildienstgesetz ab, der Kanton Waadt nimmt sie an."
5745,51.7,51.7,48.3,"Baulmes VD","Das Zivildienstgesetz erreicht in Baulmes 51,7 Prozent Ja-Stimmen. Übereinstimmend mit dem Kanton Waadt stimmt Baulmes dem Zivildienstgesetz zu."
5746,39.3,39.3,60.7,"Bavois VD","Bavois hat das Zivildienstgesetz mit 60,7 Prozent Nein-Stimmen verworfen. Bavois lehnt das Zivildienstgesetz ab, der Kanton Waadt nimmt sie an."
5747,56.9,56.9,43.1,"Bofflens VD","In Bofflens ist das Zivildienstgesetz mit 56,9 Prozent der Stimmen angenommen worden. Übereinstimmend mit dem Kanton Waadt stimmt Bofflens dem Zivildienstgesetz zu."
5748,55,55,45,"Bretonnières VD","In Bretonnières wird das Zivildienstgesetz mit 55 Prozent angenommen. Übereinstimmend mit dem Kanton Waadt stimmt Bretonnières dem Zivildienstgesetz zu."
5749,48.6,48.6,51.4,"Chavornay VD","In Chavornay wird das Zivildienstgesetz mit 51,4 Prozent abgelehnt. Chavornay lehnt das Zivildienstgesetz ab, der Kanton Waadt nimmt sie an."
5750,11.3,11.3,88.7,"Les Clées VD","Nein zum Zivildienstgesetz in Les Clées: 88,7 Prozent. Les Clées lehnt das Zivildienstgesetz ab, der Kanton Waadt nimmt sie an."
5752,53.6,53.6,46.4,"Croy VD","In Croy wird das Zivildienstgesetz mit 53,6 Prozent angenommen. Übereinstimmend mit dem Kanton Waadt stimmt Croy dem Zivildienstgesetz zu."
5754,52.6,52.6,47.4,"Juriens VD","In Juriens wird das Zivildienstgesetz mit 52,6 Prozent angenommen. Übereinstimmend mit dem Kanton Waadt stimmt Juriens dem Zivildienstgesetz zu."
5755,20.2,20.2,79.8,"Lignerolle VD","Lignerolle hat das Zivildienstgesetz mit 79,8 Prozent Nein-Stimmen verworfen. Lignerolle lehnt das Zivildienstgesetz ab, der Kanton Waadt nimmt sie an."
5756,99.6,99.6,0.4,"Montcherand VD","Das Zivildienstgesetz erreicht in Montcherand 99,6 Prozent Ja-Stimmen. Höchster Ja-Anteil zum Zivildienstgesetz im Kanton Waadt: Montcherand."
5757,47.4,47.4,52.6,"Orbe VD","52,6 Prozent der Stimmbürgerinnen und Stimmbürger von Orbe haben das Zivildienstgesetz abgelehnt. Orbe lehnt das Zivildienstgesetz ab, der Kanton Waadt nimmt sie an."
5758,54,54,46,"La Praz VD","Die Vorlage das Zivildienstgesetz ist in La Praz mit 54 Prozent der Stimmen angenommen worden. Übereinstimmend mit dem Kanton Waadt stimmt La Praz dem Zivildienstgesetz zu."
5759,15.2,15.2,84.8,"Premier VD","Premier hat das Zivildienstgesetz mit 84,8 Prozent Nein-Stimmen verworfen. Premier lehnt das Zivildienstgesetz ab, der Kanton Waadt nimmt sie an."
5760,25.9,25.9,74.1,"Rances VD","Rances hat das Zivildienstgesetz mit 74,1 Prozent Nein-Stimmen verworfen. Rances lehnt das Zivildienstgesetz ab, der Kanton Waadt nimmt sie an."
5761,60.1,60.1,39.9,"Romainmôtier-Envy VD","Das Zivildienstgesetz erreicht in Romainmôtier-Envy 60,1 Prozent Ja-Stimmen. Übereinstimmend mit dem Kanton Waadt stimmt Romainmôtier-Envy dem Zivildienstgesetz zu."
5762,72.8,72.8,27.2,"Sergey VD","In Sergey ist das Zivildienstgesetz mit 72,8 Prozent der Stimmen angenommen worden. Übereinstimmend mit dem Kanton Waadt stimmt Sergey dem Zivildienstgesetz zu."
5763,97.8,97.8,2.2,"Valeyres-sous-Rances VD","In Valeyres-sous-Rances ist das Zivildienstgesetz mit 97,8 Prozent der Stimmen angenommen worden. Übereinstimmend mit dem Kanton Waadt stimmt Valeyres-sous-Rances dem Zivildienstgesetz zu."
5764,3.6,3.6,96.4,"Vallorbe VD","In Vallorbe hat das Zivildienstgesetz keine Mehrheit gefunden: 96,4 Prozent lehnen die Vorlage ab. Vallorbe lehnt das Zivildienstgesetz ab, der Kanton Waadt nimmt sie an."
5765,31.1,31.1,68.9,"Vaulion VD","In Vaulion hat das Zivildienstgesetz keine Mehrheit gefunden: 68,9 Prozent lehnen die Vorlage ab. Vaulion lehnt das Zivildienstgesetz ab, der Kanton Waadt nimmt sie an."
5766,10,10,90,"Vuiteboeuf VD","90 Prozent der Stimmbürgerinnen und Stimmbürger von Vuiteboeuf haben das Zivildienstgesetz abgelehnt. Vuiteboeuf lehnt das Zivildienstgesetz ab, der Kanton Waadt nimmt sie an."
5785,3.9,3.9,96.1,"Corcelles-le-Jorat VD","Corcelles-le-Jorat hat das Zivildienstgesetz mit 96,1 Prozent Nein-Stimmen verworfen. Corcelles-le-Jorat lehnt das Zivildienstgesetz ab, der Kanton Waadt nimmt sie an."
5790,72.6,72.6,27.4,"Maracon VD","Das Zivildienstgesetz erreicht in Maracon 72,6 Prozent Ja-Stimmen. Übereinstimmend mit dem Kanton Waadt stimmt Maracon dem Zivildienstgesetz zu."
5792,45.5,45.5,54.5,"Montpreveyres VD","Nein zum Zivildienstgesetz in Montpreveyres: 54,5 Prozent. Montpreveyres lehnt das Zivildienstgesetz ab, der Kanton Waadt nimmt sie an."
5798,34.6,34.6,65.4,"Ropraz VD","Nein zum Zivildienstgesetz in Ropraz: 65,4 Prozent. Ropraz lehnt das Zivildienstgesetz ab, der Kanton Waadt nimmt sie an."
5799,90.5,90.5,9.5,"Servion VD","Die Vorlage das Zivildienstgesetz ist in Servion mit 90,5 Prozent der Stimmen angenommen worden. Übereinstimmend mit dem Kanton Waadt stimmt Servion dem Zivildienstgesetz zu."
5803,51.1,51.1,48.9,"Vulliens VD","In Vulliens wird das Zivildienstgesetz mit 51,1 Prozent angenommen. Übereinstimmend mit dem Kanton Waadt stimmt Vulliens dem Zivildienstgesetz zu."
5804,96.3,96.3,3.7,"Jorat-Menthue VD","Das Zivildienstgesetz erreicht in Jorat-Menthue 96,3 Prozent Ja-Stimmen. Übereinstimmend mit dem Kanton Waadt stimmt Jorat-Menthue dem Zivildienstgesetz zu."
5805,80.6,80.6,19.4,"Oron VD","Die Vorlage das Zivildienstgesetz ist in Oron mit 80,6 Prozent der Stimmen angenommen worden. Übereinstimmend mit dem Kanton Waadt stimmt Oron dem Zivildienstgesetz zu."
5806,51.5,51.5,48.5,"Jorat-Mézières VD","In Jorat-Mézières ist das Zivildienstgesetz mit 51,5 Prozent der Stimmen angenommen worden. Übereinstimmend mit dem Kanton Waadt stimmt Jorat-Mézières dem Zivildienstgesetz zu."
5812,61.8,61.8,38.2,"Champtauroz VD","In Champtauroz wird das Zivildienstgesetz mit 61,8 Prozent angenommen. Übereinstimmend mit dem Kanton Waadt stimmt Champtauroz dem Zivildienstgesetz zu."
5813,71.1,71.1,28.9,"Chevroux VD","In Chevroux ist das Zivildienstgesetz mit 71,1 Prozent der Stimmen angenommen worden. Übereinstimmend mit dem Kanton Waadt stimmt Chevroux dem Zivildienstgesetz zu."
5816,16.9,16.9,83.1,"Corcelles-près-Payerne VD","In Corcelles-près-Payerne wird das Zivildienstgesetz mit 83,1 Prozent abgelehnt. Corcelles-près-Payerne lehnt das Zivildienstgesetz ab, der Kanton Waadt nimmt sie an."
5817,52.3,52.3,47.7,"Grandcour VD","Das Zivildienstgesetz erreicht in Grandcour 52,3 Prozent Ja-Stimmen. Übereinstimmend mit dem Kanton Waadt stimmt Grandcour dem Zivildienstgesetz zu."
5819,14.7,14.7,85.3,"Henniez VD","Henniez hat das Zivildienstgesetz mit 85,3 Prozent Nein-Stimmen verworfen. Henniez lehnt das Zivildienstgesetz ab, der Kanton Waadt nimmt sie an."
5821,46.7,46.7,53.3,"Missy VD","53,3 Prozent der Stimmbürgerinnen und Stimmbürger von Missy haben das Zivildienstgesetz abgelehnt. Missy lehnt das Zivildienstgesetz ab, der Kanton Waadt nimmt sie an."
5822,52.9,52.9,47.1,"Payerne VD","In Payerne wird das Zivildienstgesetz mit 52,9 Prozent angenommen. Übereinstimmend mit dem Kanton Waadt stimmt Payerne dem Zivildienstgesetz zu."
5827,41.5,41.5,58.5,"Trey VD","Nein zum Zivildienstgesetz in Trey: 58,5 Prozent. Trey lehnt das Zivildienstgesetz ab, der Kanton Waadt nimmt sie an."
5828,72.8,72.8,27.2,"Treytorrens (Payerne) VD","In Treytorrens (Payerne) wird das Zivildienstgesetz mit 72,8 Prozent angenommen. Übereinstimmend mit dem Kanton Waadt stimmt Treytorrens (Payerne) dem Zivildienstgesetz zu."
5830,30,30,70,"Villarzel VD","Nein zum Zivildienstgesetz in Villarzel: 70 Prozent. Villarzel lehnt das Zivildienstgesetz ab, der Kanton Waadt nimmt sie an."
5831,83.2,83.2,16.8,"Valbroye VD","Die Vorlage das Zivildienstgesetz ist in Valbroye mit 83,2 Prozent der Stimmen angenommen worden. Übereinstimmend mit dem Kanton Waadt stimmt Valbroye dem Zivildienstgesetz zu."
5841,31.6,31.6,68.4,"Château-d'Oex VD","Nein zum Zivildienstgesetz in Château-d'Oex: 68,4 Prozent. Château-d'Oex lehnt das Zivildienstgesetz ab, der Kanton Waadt nimmt sie an."
5842,47.9,47.9,52.1,"Rossinière VD","Rossinière hat das Zivildienstgesetz mit 52,1 Prozent Nein-Stimmen verworfen. Rossinière lehnt das Zivildienstgesetz ab, der Kanton Waadt nimmt sie an."
5843,45.7,45.7,54.3,"Rougemont VD","Nein zum Zivildienstgesetz in Rougemont: 54,3 Prozent. Rougemont lehnt das Zivildienstgesetz ab, der Kanton Waadt nimmt sie an."
5851,27.2,27.2,72.8,"Allaman VD","In Allaman wird das Zivildienstgesetz mit 72,8 Prozent abgelehnt. Allaman lehnt das Zivildienstgesetz ab, der Kanton Waadt nimmt sie an."
5852,93,93,7,"Bursinel VD","In Bursinel wird das Zivildienstgesetz mit 93 Prozent angenommen. Übereinstimmend mit dem Kanton Waadt stimmt Bursinel dem Zivildienstgesetz zu."
5853,64.3,64.3,35.7,"Bursins VD","In Bursins ist das Zivildienstgesetz mit 64,3 Prozent der Stimmen angenommen worden. Übereinstimmend mit dem Kanton Waadt stimmt Bursins dem Zivildienstgesetz zu."
5854,67.3,67.3,32.7,"Burtigny VD","Das Zivildienstgesetz erreicht in Burtigny 67,3 Prozent Ja-Stimmen. Übereinstimmend mit dem Kanton Waadt stimmt Burtigny dem Zivildienstgesetz zu."
5855,48.6,48.6,51.4,"Dully VD","Nein zum Zivildienstgesetz in Dully: 51,4 Prozent. Dully lehnt das Zivildienstgesetz ab, der Kanton Waadt nimmt sie an."
5856,90.5,90.5,9.5,"Essertines-sur-Rolle VD","Das Zivildienstgesetz erreicht in Essertines-sur-Rolle 90,5 Prozent Ja-Stimmen. Übereinstimmend mit dem Kanton Waadt stimmt Essertines-sur-Rolle dem Zivildienstgesetz zu."
5857,47.5,47.5,52.5,"Gilly VD","Gilly hat das Zivildienstgesetz mit 52,5 Prozent Nein-Stimmen verworfen. Gilly lehnt das Zivildienstgesetz ab, der Kanton Waadt nimmt sie an."
5858,80.7,80.7,19.3,"Luins VD","In Luins wird das Zivildienstgesetz mit 80,7 Prozent angenommen. Übereinstimmend mit dem Kanton Waadt stimmt Luins dem Zivildienstgesetz zu."
5859,56.1,56.1,43.9,"Mont-sur-Rolle VD","In Mont-sur-Rolle wird das Zivildienstgesetz mit 56,1 Prozent angenommen. Übereinstimmend mit dem Kanton Waadt stimmt Mont-sur-Rolle dem Zivildienstgesetz zu."
5860,24,24,76,"Perroy VD","In Perroy wird das Zivildienstgesetz mit 76 Prozent abgelehnt. Perroy lehnt das Zivildienstgesetz ab, der Kanton Waadt nimmt sie an."
5861,34.3,34.3,65.7,"Rolle VD","65,7 Prozent der Stimmbürgerinnen und Stimmbürger von Rolle haben das Zivildienstgesetz abgelehnt. Rolle lehnt das Zivildienstgesetz ab, der Kanton Waadt nimmt sie an."
5862,28.3,28.3,71.7,"Tartegnin VD","In Tartegnin hat das Zivildienstgesetz keine Mehrheit gefunden: 71,7 Prozent lehnen die Vorlage ab. Tartegnin lehnt das Zivildienstgesetz ab, der Kanton Waadt nimmt sie an."
5863,62.8,62.8,37.2,"Vinzel VD","In Vinzel wird das Zivildienstgesetz mit 62,8 Prozent angenommen. Übereinstimmend mit dem Kanton Waadt stimmt Vinzel dem Zivildienstgesetz zu."
5871,65.3,65.3,34.7,"L'Abbaye VD","In L'Abbaye wird das Zivildienstgesetz mit 65,3 Prozent angenommen. Übereinstimmend mit dem Kanton Waadt stimmt L'Abbaye dem Zivildienstgesetz zu."
5872,20.8,20.8,79.2,"Le Chenit VD","In Le Chenit hat das Zivildienstgesetz keine Mehrheit gefunden: 79,2 Prozent lehnen die Vorlage ab. Le Chenit lehnt das Zivildienstgesetz ab, der Kanton Waadt nimmt sie an."
5873,27.3,27.3,72.7,"Le Lieu VD","In Le Lieu hat das Zivildienstgesetz keine Mehrheit gefunden: 72,7 Prozent lehnen die Vorlage ab. Le Lieu lehnt das Zivildienstgesetz ab, der Kanton Waadt nimmt sie an."
5882,94.5,94.5,5.5,"Chardonne VD","In Chardonne wird das Zivildienstgesetz mit 94,5 Prozent angenommen. Übereinstimmend mit dem Kanton Waadt stimmt Chardonne dem Zivildienstgesetz zu."
5883,53.1,53.1,46.9,"Corseaux VD","Die Vorlage das Zivildienstgesetz ist in Corseaux mit 53,1 Prozent der Stimmen angenommen worden. Übereinstimmend mit dem Kanton Waadt stimmt Corseaux dem Zivildienstgesetz zu."
5884,57.4,57.4,42.6,"Corsier-sur-Vevey VD","Die Vorlage das Zivildienstgesetz ist in Corsier-sur-Vevey mit 57,4 Prozent der Stimmen angenommen worden. Übereinstimmend mit dem Kanton Waadt stimmt Corsier-sur-Vevey dem Zivildienstgesetz zu."
5885,86.4,86.4,13.6,"Jongny VD","In Jongny wird das Zivildienstgesetz mit 86,4 Prozent angenommen. Übereinstimmend mit dem Kanton Waadt stimmt Jongny dem Zivildienstgesetz zu."
5886,46.7,46.7,53.3,"Montreux VD","In Montreux hat das Zivildienstgesetz keine Mehrheit gefunden: 53,3 Prozent lehnen die Vorlage ab. Montreux lehnt das Zivildienstgesetz ab, der Kanton Waadt nimmt sie an."
5889,37.6,37.6,62.4,"La Tour-de-Peilz VD","Nein zum Zivildienstgesetz in La Tour-de-Peilz: 62,4 Prozent. La Tour-de-Peilz lehnt das Zivildienstgesetz ab, der Kanton Waadt nimmt sie an."
5890,44.6,44.6,55.4,"Vevey VD","Vevey hat das Zivildienstgesetz mit 55,4 Prozent Nein-Stimmen verworfen. Vevey lehnt das Zivildienstgesetz ab, der Kanton Waadt nimmt sie an."
5891,51,51,49,"Veytaux VD","In Veytaux wird das Zivildienstgesetz mit 51 Prozent angenommen. Übereinstimmend mit dem Kanton Waadt stimmt Veytaux dem Zivildienstgesetz zu."
5892,73,73,27,"Blonay-Saint-Légier VD","Die Vorlage das Zivildienstgesetz ist in Blonay-Saint-Légier mit 73 Prozent der Stimmen angenommen worden. Übereinstimmend mit dem Kanton Waadt stimmt Blonay-Saint-Légier dem Zivildienstgesetz zu."
5902,14.6,14.6,85.4,"Belmont-sur-Yverdon VD","Belmont-sur-Yverdon hat das Zivildienstgesetz mit 85,4 Prozent Nein-Stimmen verworfen. Belmont-sur-Yverdon lehnt das Zivildienstgesetz ab, der Kanton Waadt nimmt sie an."
5903,53.9,53.9,46.1,"Bioley-Magnoux VD","In Bioley-Magnoux wird das Zivildienstgesetz mit 53,9 Prozent angenommen. Übereinstimmend mit dem Kanton Waadt stimmt Bioley-Magnoux dem Zivildienstgesetz zu."
5904,66.8,66.8,33.2,"Chamblon VD","In Chamblon wird das Zivildienstgesetz mit 66,8 Prozent angenommen. Übereinstimmend mit dem Kanton Waadt stimmt Chamblon dem Zivildienstgesetz zu."
5905,61.7,61.7,38.3,"Champvent VD","Das Zivildienstgesetz erreicht in Champvent 61,7 Prozent Ja-Stimmen. Übereinstimmend mit dem Kanton Waadt stimmt Champvent dem Zivildienstgesetz zu."
5907,35.2,35.2,64.8,"Chavannes-le-Chêne VD","Nein zum Zivildienstgesetz in Chavannes-le-Chêne: 64,8 Prozent. Chavannes-le-Chêne lehnt das Zivildienstgesetz ab, der Kanton Waadt nimmt sie an."
5908,57.5,57.5,42.5,"Chêne-Pâquier VD","Das Zivildienstgesetz erreicht in Chêne-Pâquier 57,5 Prozent Ja-Stimmen. Übereinstimmend mit dem Kanton Waadt stimmt Chêne-Pâquier dem Zivildienstgesetz zu."
5909,41.3,41.3,58.7,"Cheseaux-Noréaz VD","Cheseaux-Noréaz hat das Zivildienstgesetz mit 58,7 Prozent Nein-Stimmen verworfen. Cheseaux-Noréaz lehnt das Zivildienstgesetz ab, der Kanton Waadt nimmt sie an."
5910,64.7,64.7,35.3,"Cronay VD","In Cronay wird das Zivildienstgesetz mit 64,7 Prozent angenommen. Übereinstimmend mit dem Kanton Waadt stimmt Cronay dem Zivildienstgesetz zu."
5911,67.4,67.4,32.6,"Cuarny VD","Die Vorlage das Zivildienstgesetz ist in Cuarny mit 67,4 Prozent der Stimmen angenommen worden. Übereinstimmend mit dem Kanton Waadt stimmt Cuarny dem Zivildienstgesetz zu."
5912,20.6,20.6,79.4,"Démoret VD","In Démoret wird das Zivildienstgesetz mit 79,4 Prozent abgelehnt. Démoret lehnt das Zivildienstgesetz ab, der Kanton Waadt nimmt sie an."
5913,9.6,9.6,90.4,"Donneloye VD","In Donneloye hat das Zivildienstgesetz keine Mehrheit gefunden: 90,4 Prozent lehnen die Vorlage ab. Donneloye lehnt das Zivildienstgesetz ab, der Kanton Waadt nimmt sie an."
5914,50,50,50,"Ependes VD","In Ependes VD hat das Zivildienstgesetz keine Mehrheit gefunden: 50 Prozent lehnen die Vorlage ab. Ependes VD lehnt das Zivildienstgesetz ab, der Kanton Waadt nimmt sie an."
5919,42.5,42.5,57.5,"Mathod VD","In Mathod hat das Zivildienstgesetz keine Mehrheit gefunden: 57,5 Prozent lehnen die Vorlage ab. Mathod lehnt das Zivildienstgesetz ab, der Kanton Waadt nimmt sie an."
5921,55.3,55.3,44.7,"Molondin VD","In Molondin wird das Zivildienstgesetz mit 55,3 Prozent angenommen. Übereinstimmend mit dem Kanton Waadt stimmt Molondin dem Zivildienstgesetz zu."
5922,27.8,27.8,72.2,"Montagny-près-Yverdon VD","Montagny-près-Yverdon hat das Zivildienstgesetz mit 72,2 Prozent Nein-Stimmen verworfen. Montagny-près-Yverdon lehnt das Zivildienstgesetz ab, der Kanton Waadt nimmt sie an."
5923,85.1,85.1,14.9,"Oppens VD","Die Vorlage das Zivildienstgesetz ist in Oppens mit 85,1 Prozent der Stimmen angenommen worden. Übereinstimmend mit dem Kanton Waadt stimmt Oppens dem Zivildienstgesetz zu."
5924,98.7,98.7,1.3,"Orges VD","Das Zivildienstgesetz erreicht in Orges 98,7 Prozent Ja-Stimmen. Übereinstimmend mit dem Kanton Waadt stimmt Orges dem Zivildienstgesetz zu."
5925,26.1,26.1,73.9,"Orzens VD","Nein zum Zivildienstgesetz in Orzens: 73,9 Prozent. Orzens lehnt das Zivildienstgesetz ab, der Kanton Waadt nimmt sie an."
5926,0.6,0.6,99.4,"Pomy VD","In Pomy hat das Zivildienstgesetz keine Mehrheit gefunden: 99,4 Prozent lehnen die Vorlage ab. Pomy lehnt das Zivildienstgesetz ab, der Kanton Waadt nimmt sie an."
5928,59.4,59.4,40.6,"Rovray VD","In Rovray ist das Zivildienstgesetz mit 59,4 Prozent der Stimmen angenommen worden. Übereinstimmend mit dem Kanton Waadt stimmt Rovray dem Zivildienstgesetz zu."
5929,51.7,51.7,48.3,"Suchy VD","In Suchy wird das Zivildienstgesetz mit 51,7 Prozent angenommen. Übereinstimmend mit dem Kanton Waadt stimmt Suchy dem Zivildienstgesetz zu."
5930,55.3,55.3,44.7,"Suscévaz VD","Die Vorlage das Zivildienstgesetz ist in Suscévaz mit 55,3 Prozent der Stimmen angenommen worden. Übereinstimmend mit dem Kanton Waadt stimmt Suscévaz dem Zivildienstgesetz zu."
5931,7.9,7.9,92.1,"Treycovagnes VD","Treycovagnes hat das Zivildienstgesetz mit 92,1 Prozent Nein-Stimmen verworfen. Treycovagnes lehnt das Zivildienstgesetz ab, der Kanton Waadt nimmt sie an."
5932,43.5,43.5,56.5,"Ursins VD","56,5 Prozent der Stimmbürgerinnen und Stimmbürger von Ursins haben das Zivildienstgesetz abgelehnt. Ursins lehnt das Zivildienstgesetz ab, der Kanton Waadt nimmt sie an."
5933,30.6,30.6,69.4,"Valeyres-sous-Montagny VD","In Valeyres-sous-Montagny hat das Zivildienstgesetz keine Mehrheit gefunden: 69,4 Prozent lehnen die Vorlage ab. Valeyres-sous-Montagny lehnt das Zivildienstgesetz ab, der Kanton Waadt nimmt sie an."
5934,25.6,25.6,74.4,"Valeyres-sous-Ursins VD","Valeyres-sous-Ursins hat das Zivildienstgesetz mit 74,4 Prozent Nein-Stimmen verworfen. Valeyres-sous-Ursins lehnt das Zivildienstgesetz ab, der Kanton Waadt nimmt sie an."
5935,65.3,65.3,34.7,"Villars-Epeney VD","In Villars-Epeney wird das Zivildienstgesetz mit 65,3 Prozent angenommen. Übereinstimmend mit dem Kanton Waadt stimmt Villars-Epeney dem Zivildienstgesetz zu."
5937,55.3,55.3,44.7,"Vugelles-La Mothe VD","Das Zivildienstgesetz erreicht in Vugelles-La Mothe 55,3 Prozent Ja-Stimmen. Übereinstimmend mit dem Kanton Waadt stimmt Vugelles-La Mothe dem Zivildienstgesetz zu."
5938,13.1,13.1,86.9,"Yverdon-les-Bains VD","In Yverdon-les-Bains hat das Zivildienstgesetz keine Mehrheit gefunden: 86,9 Prozent lehnen die Vorlage ab. Yverdon-les-Bains lehnt das Zivildienstgesetz ab, der Kanton Waadt nimmt sie an."
5939,23.2,23.2,76.8,"Yvonand VD","76,8 Prozent der Stimmbürgerinnen und Stimmbürger von Yvonand haben das Zivildienstgesetz abgelehnt. Yvonand lehnt das Zivildienstgesetz ab, der Kanton Waadt nimmt sie an."
6002,84,84,16,"Brig-Glis VS","In Brig-Glis ist das Zivildienstgesetz mit 84 Prozent der Stimmen angenommen worden. Brig-Glis nimmt das Zivildienstgesetz an, der Kanton Wallis lehnt es ab."
6004,61.9,61.9,38.1,"Eggerberg VS","Die Vorlage das Zivildienstgesetz ist in Eggerberg mit 61,9 Prozent der Stimmen angenommen worden. Eggerberg nimmt das Zivildienstgesetz an, der Kanton Wallis lehnt es ab."
6007,51.5,51.5,48.5,"Naters VS","Die Vorlage das Zivildienstgesetz ist in Naters mit 51,5 Prozent der Stimmen angenommen worden. Naters nimmt das Zivildienstgesetz an, der Kanton Wallis lehnt es ab."
6008,31.2,31.2,68.8,"Ried-Brig VS","In Ried-Brig hat das Zivildienstgesetz keine Mehrheit gefunden: 68,8 Prozent lehnen die Vorlage ab. Sowohl Ried-Brig als auch der Kanton Wallis verwerfen das Zivildienstgesetz."
6009,3.6,3.6,96.4,"Simplon VS","Nein zum Zivildienstgesetz in Simplon: 96,4 Prozent. Sowohl Simplon als auch der Kanton Wallis verwerfen das Zivildienstgesetz."
6010,67.1,67.1,32.9,"Termen VS","In Termen wird das Zivildienstgesetz mit 67,1 Prozent angenommen. Termen nimmt das Zivildienstgesetz an, der Kanton Wallis lehnt es ab."
6011,50.5,50.5,49.5,"Zwischbergen VS","In Zwischbergen wird das Zivildienstgesetz mit 50,5 Prozent angenommen. Zwischbergen nimmt das Zivildienstgesetz an, der Kanton Wallis lehnt es ab."
6021,48.3,48.3,51.7,"Ardon VS","Nein zum Zivildienstgesetz in Ardon: 51,7 Prozent. Sowohl Ardon als auch der Kanton Wallis verwerfen das Zivildienstgesetz."
6022,16.3,16.3,83.7,"Chamoson VS","In Chamoson wird das Zivildienstgesetz mit 83,7 Prozent abgelehnt. Sowohl Chamoson als auch der Kanton Wallis verwerfen das Zivildienstgesetz."
6023,49.5,49.5,50.5,"Conthey VS","In Conthey hat das Zivildienstgesetz keine Mehrheit gefunden: 50,5 Prozent lehnen die Vorlage ab. Sowohl Conthey als auch der Kanton Wallis verwerfen das Zivildienstgesetz."
6024,44.1,44.1,55.9,"Nendaz VS","Nein zum Zivildienstgesetz in Nendaz: 55,9 Prozent. Sowohl Nendaz als auch der Kanton Wallis verwerfen das Zivildienstgesetz."
6025,15.1,15.1,84.9,"Vétroz VS","In Vétroz wird das Zivildienstgesetz mit 84,9 Prozent abgelehnt. Sowohl Vétroz als auch der Kanton Wallis verwerfen das Zivildienstgesetz."
6032,78.9,78.9,21.1,"Bourg-Saint-Pierre VS","In Bourg-Saint-Pierre wird das Zivildienstgesetz mit 78,9 Prozent angenommen. Bourg-Saint-Pierre nimmt das Zivildienstgesetz an, der Kanton Wallis lehnt es ab."
6033,43.8,43.8,56.2,"Liddes VS","Nein zum Zivildienstgesetz in Liddes: 56,2 Prozent. Sowohl Liddes als auch der Kanton Wallis verwerfen das Zivildienstgesetz."
6034,20.6,20.6,79.4,"Orsières VS","In Orsières wird das Zivildienstgesetz mit 79,4 Prozent abgelehnt. Sowohl Orsières als auch der Kanton Wallis verwerfen das Zivildienstgesetz."
6035,85.2,85.2,14.8,"Sembrancher VS","In Sembrancher wird das Zivildienstgesetz mit 85,2 Prozent angenommen. Sembrancher nimmt das Zivildienstgesetz an, der Kanton Wallis lehnt es ab."
6037,86,86,14,"Val de Bagnes VS","Das Zivildienstgesetz erreicht in Val de Bagnes 86 Prozent Ja-Stimmen. Val de Bagnes nimmt das Zivildienstgesetz an, der Kanton Wallis lehnt es ab."
6052,81,81,19,"Bellwald VS","Das Zivildienstgesetz erreicht in Bellwald 81 Prozent Ja-Stimmen. Bellwald nimmt das Zivildienstgesetz an, der Kanton Wallis lehnt es ab."
6054,62.8,62.8,37.2,"Binn VS","Die Vorlage das Zivildienstgesetz ist in Binn mit 62,8 Prozent der Stimmen angenommen worden. Binn nimmt das Zivildienstgesetz an, der Kanton Wallis lehnt es ab."
6056,47.3,47.3,52.7,"Ernen VS","Nein zum Zivildienstgesetz in Ernen: 52,7 Prozent. Sowohl Ernen als auch der Kanton Wallis verwerfen das Zivildienstgesetz."
6057,44.1,44.1,55.9,"Fiesch VS","Nein zum Zivildienstgesetz in Fiesch: 55,9 Prozent. Sowohl Fiesch als auch der Kanton Wallis verwerfen das Zivildienstgesetz."
6058,23.3,23.3,76.7,"Fieschertal VS","In Fieschertal hat das Zivildienstgesetz keine Mehrheit gefunden: 76,7 Prozent lehnen die Vorlage ab. Sowohl Fieschertal als auch der Kanton Wallis verwerfen das Zivildienstgesetz."
6061,74,74,26,"Lax VS","Die Vorlage das Zivildienstgesetz ist in Lax mit 74 Prozent der Stimmen angenommen worden. Lax nimmt das Zivildienstgesetz an, der Kanton Wallis lehnt es ab."
6076,27.8,27.8,72.2,"Obergoms VS","Nein zum Zivildienstgesetz in Obergoms: 72,2 Prozent. Sowohl Obergoms als auch der Kanton Wallis verwerfen das Zivildienstgesetz."
6077,40.7,40.7,59.3,"Goms VS","Goms hat das Zivildienstgesetz mit 59,3 Prozent Nein-Stimmen verworfen. Sowohl Goms als auch der Kanton Wallis verwerfen das Zivildienstgesetz."
6082,54.7,54.7,45.3,"Ayent VS","In Ayent wird das Zivildienstgesetz mit 54,7 Prozent angenommen. Ayent nimmt das Zivildienstgesetz an, der Kanton Wallis lehnt es ab."
6083,15.1,15.1,84.9,"Evolène VS","84,9 Prozent der Stimmbürgerinnen und Stimmbürger von Evolène haben das Zivildienstgesetz abgelehnt. Sowohl Evolène als auch der Kanton Wallis verwerfen das Zivildienstgesetz."
6084,70.2,70.2,29.8,"Hérémence VS","Die Vorlage das Zivildienstgesetz ist in Hérémence mit 70,2 Prozent der Stimmen angenommen worden. Hérémence nimmt das Zivildienstgesetz an, der Kanton Wallis lehnt es ab."
6087,44.7,44.7,55.3,"Saint-Martin VS","Saint-Martin VS hat das Zivildienstgesetz mit 55,3 Prozent Nein-Stimmen verworfen. Sowohl Saint-Martin VS als auch der Kanton Wallis verwerfen das Zivildienstgesetz."
6089,56.5,56.5,43.5,"Vex VS","Die Vorlage das Zivildienstgesetz ist in Vex mit 56,5 Prozent der Stimmen angenommen worden. Vex nimmt das Zivildienstgesetz an, der Kanton Wallis lehnt es ab."
6090,52.4,52.4,47.6,"Mont-Noble VS","In Mont-Noble wird das Zivildienstgesetz mit 52,4 Prozent angenommen. Mont-Noble nimmt das Zivildienstgesetz an, der Kanton Wallis lehnt es ab."
6101,33.3,33.3,66.7,"Agarn VS","In Agarn hat das Zivildienstgesetz keine Mehrheit gefunden: 66,7 Prozent lehnen die Vorlage ab. Sowohl Agarn als auch der Kanton Wallis verwerfen das Zivildienstgesetz."
6102,60.9,60.9,39.1,"Albinen VS","Die Vorlage das Zivildienstgesetz ist in Albinen mit 60,9 Prozent der Stimmen angenommen worden. Albinen nimmt das Zivildienstgesetz an, der Kanton Wallis lehnt es ab."
6104,29.7,29.7,70.3,"Ergisch VS","In Ergisch hat das Zivildienstgesetz keine Mehrheit gefunden: 70,3 Prozent lehnen die Vorlage ab. Sowohl Ergisch als auch der Kanton Wallis verwerfen das Zivildienstgesetz."
6109,54.2,54.2,45.8,"Inden VS","Das Zivildienstgesetz erreicht in Inden 54,2 Prozent Ja-Stimmen. Inden nimmt das Zivildienstgesetz an, der Kanton Wallis lehnt es ab."
6110,90.9,90.9,9.1,"Leuk VS","Das Zivildienstgesetz erreicht in Leuk 90,9 Prozent Ja-Stimmen. Leuk nimmt das Zivildienstgesetz an, der Kanton Wallis lehnt es ab."
6111,89.9,89.9,10.1,"Leukerbad VS","Das Zivildienstgesetz erreicht in Leukerbad 89,9 Prozent Ja-Stimmen. Leukerbad nimmt das Zivildienstgesetz an, der Kanton Wallis lehnt es ab."
6112,54.2,54.2,45.8,"Oberems VS","Das Zivildienstgesetz erreicht in Oberems 54,2 Prozent Ja-Stimmen. Oberems nimmt das Zivildienstgesetz an, der Kanton Wallis lehnt es ab."
6113,3.1,3.1,96.9,"Salgesch VS","Salgesch hat das Zivildienstgesetz mit 96,9 Prozent Nein-Stimmen verworfen. Sowohl Salgesch als auch der Kanton Wallis verwerfen das Zivildienstgesetz."
6116,13.4,13.4,86.6,"Varen VS","Varen hat das Zivildienstgesetz mit 86,6 Prozent Nein-Stimmen verworfen. Sowohl Varen als auch der Kanton Wallis verwerfen das Zivildienstgesetz."
6117,1.7,1.7,98.3,"Guttet-Feschel VS","Nein zum Zivildienstgesetz in Guttet-Feschel: 98,3 Prozent. Sowohl Guttet-Feschel als auch der Kanton Wallis verwerfen das Zivildienstgesetz."
6118,41.1,41.1,58.9,"Gampel-Bratsch VS","In Gampel-Bratsch hat das Zivildienstgesetz keine Mehrheit gefunden: 58,9 Prozent lehnen die Vorlage ab. Sowohl Gampel-Bratsch als auch der Kanton Wallis verwerfen das Zivildienstgesetz."
6119,50.6,50.6,49.4,"Turtmann-Unterems VS","Das Zivildienstgesetz erreicht in Turtmann-Unterems 50,6 Prozent Ja-Stimmen. Turtmann-Unterems nimmt das Zivildienstgesetz an, der Kanton Wallis lehnt es ab."
6131,47.8,47.8,52.2,"Bovernier VS","In Bovernier wird das Zivildienstgesetz mit 52,2 Prozent abgelehnt. Sowohl Bovernier als auch der Kanton Wallis verwerfen das Zivildienstgesetz."
6133,96.6,96.6,3.4,"Fully VS","Die Vorlage das Zivildienstgesetz ist in Fully mit 96,6 Prozent der Stimmen angenommen worden. Fully nimmt das Zivildienstgesetz an, der Kanton Wallis lehnt es ab."
6134,90.4,90.4,9.6,"Isérables VS","Das Zivildienstgesetz erreicht in Isérables 90,4 Prozent Ja-Stimmen. Isérables nimmt das Zivildienstgesetz an, der Kanton Wallis lehnt es ab."
6135,8.2,8.2,91.8,"Leytron VS","91,8 Prozent der Stimmbürgerinnen und Stimmbürger von Leytron haben das Zivildienstgesetz abgelehnt. Sowohl Leytron als auch der Kanton Wallis verwerfen das Zivildienstgesetz."
6136,68.9,68.9,31.1,"Martigny VS","Das Zivildienstgesetz erreicht in Martigny 68,9 Prozent Ja-Stimmen. Martigny nimmt das Zivildienstgesetz an, der Kanton Wallis lehnt es ab."
6137,11.6,11.6,88.4,"Martigny-Combe VS","Martigny-Combe hat das Zivildienstgesetz mit 88,4 Prozent Nein-Stimmen verworfen. Sowohl Martigny-Combe als auch der Kanton Wallis verwerfen das Zivildienstgesetz."
6139,54.8,54.8,45.2,"Riddes VS","Das Zivildienstgesetz erreicht in Riddes 54,8 Prozent Ja-Stimmen. Riddes nimmt das Zivildienstgesetz an, der Kanton Wallis lehnt es ab."
6140,55.5,55.5,44.5,"Saillon VS","Das Zivildienstgesetz erreicht in Saillon 55,5 Prozent Ja-Stimmen. Saillon nimmt das Zivildienstgesetz an, der Kanton Wallis lehnt es ab."
6141,81.1,81.1,18.9,"Saxon VS","In Saxon wird das Zivildienstgesetz mit 81,1 Prozent angenommen. Saxon nimmt das Zivildienstgesetz an, der Kanton Wallis lehnt es ab."
6142,24.4,24.4,75.6,"Trient VS","Nein zum Zivildienstgesetz in Trient: 75,6 Prozent. Sowohl Trient als auch der Kanton Wallis verwerfen das Zivildienstgesetz."
6151,52,52,48,"Champéry VS","In Champéry wird das Zivildienstgesetz mit 52 Prozent angenommen. Champéry nimmt das Zivildienstgesetz an, der Kanton Wallis lehnt es ab."
6152,31,31,69,"Collombey-Muraz VS","69 Prozent der Stimmbürgerinnen und Stimmbürger von Collombey-Muraz haben das Zivildienstgesetz abgelehnt. Sowohl Collombey-Muraz als auch der Kanton Wallis verwerfen das Zivildienstgesetz."
6153,93.3,93.3,6.7,"Monthey VS","In Monthey wird das Zivildienstgesetz mit 93,3 Prozent angenommen. Monthey nimmt das Zivildienstgesetz an, der Kanton Wallis lehnt es ab."
6154,50.4,50.4,49.6,"Port-Valais VS","In Port-Valais wird das Zivildienstgesetz mit 50,4 Prozent angenommen. Port-Valais nimmt das Zivildienstgesetz an, der Kanton Wallis lehnt es ab."
6155,62.4,62.4,37.6,"Saint-Gingolph VS","In Saint-Gingolph wird das Zivildienstgesetz mit 62,4 Prozent angenommen. Saint-Gingolph nimmt das Zivildienstgesetz an, der Kanton Wallis lehnt es ab."
6156,49.6,49.6,50.4,"Troistorrents VS","Nein zum Zivildienstgesetz in Troistorrents: 50,4 Prozent. Sowohl Troistorrents als auch der Kanton Wallis verwerfen das Zivildienstgesetz."
6157,38.3,38.3,61.7,"Val-d'Illiez VS","Val-d'Illiez hat das Zivildienstgesetz mit 61,7 Prozent Nein-Stimmen verworfen. Sowohl Val-d'Illiez als auch der Kanton Wallis verwerfen das Zivildienstgesetz."
6158,24.2,24.2,75.8,"Vionnaz VS","Vionnaz hat das Zivildienstgesetz mit 75,8 Prozent Nein-Stimmen verworfen. Sowohl Vionnaz als auch der Kanton Wallis verwerfen das Zivildienstgesetz."
6159,33.1,33.1,66.9,"Vouvry VS","Vouvry hat das Zivildienstgesetz mit 66,9 Prozent Nein-Stimmen verworfen. Sowohl Vouvry als auch der Kanton Wallis verwerfen das Zivildienstgesetz."
6172,83.5,83.5,16.5,"Bister VS","Die Vorlage das Zivildienstgesetz ist in Bister mit 83,5 Prozent der Stimmen angenommen worden. Bister nimmt das Zivildienstgesetz an, der Kanton Wallis lehnt es ab."
6173,45.6,45.6,54.4,"Bitsch VS","Bitsch hat das Zivildienstgesetz mit 54,4 Prozent Nein-Stimmen verworfen. Sowohl Bitsch als auch der Kanton Wallis verwerfen das Zivildienstgesetz."
6177,37.7,37.7,62.3,"Grengiols VS","Grengiols hat das Zivildienstgesetz mit 62,3 Prozent Nein-Stimmen verworfen. Sowohl Grengiols als auch der Kanton Wallis verwerfen das Zivildienstgesetz."
6181,29.6,29.6,70.4,"Riederalp VS","In Riederalp hat das Zivildienstgesetz keine Mehrheit gefunden: 70,4 Prozent lehnen die Vorlage ab. Sowohl Riederalp als auch der Kanton Wallis verwerfen das Zivildienstgesetz."
6191,37.8,37.8,62.2,"Ausserberg VS","Nein zum Zivildienstgesetz in Ausserberg: 62,2 Prozent. Sowohl Ausserberg als auch der Kanton Wallis verwerfen das Zivildienstgesetz."
6192,13.2,13.2,86.8,"Blatten VS","In Blatten hat das Zivildienstgesetz keine Mehrheit gefunden: 86,8 Prozent lehnen die Vorlage ab. Sowohl Blatten als auch der Kanton Wallis verwerfen das Zivildienstgesetz."
6193,4,4,96,"Bürchen VS","In Bürchen hat das Zivildienstgesetz keine Mehrheit gefunden: 96 Prozent lehnen die Vorlage ab. Sowohl Bürchen als auch der Kanton Wallis verwerfen das Zivildienstgesetz."
6194,41,41,59,"Eischoll VS","Nein zum Zivildienstgesetz in Eischoll: 59 Prozent. Sowohl Eischoll als auch der Kanton Wallis verwerfen das Zivildienstgesetz."
6195,54.8,54.8,45.2,"Ferden VS","In Ferden wird das Zivildienstgesetz mit 54,8 Prozent angenommen. Ferden nimmt das Zivildienstgesetz an, der Kanton Wallis lehnt es ab."
6197,39.6,39.6,60.4,"Kippel VS","Nein zum Zivildienstgesetz in Kippel: 60,4 Prozent. Sowohl Kippel als auch der Kanton Wallis verwerfen das Zivildienstgesetz."
6198,49,49,51,"Niedergesteln VS","Niedergesteln hat das Zivildienstgesetz mit 51 Prozent Nein-Stimmen verworfen. Sowohl Niedergesteln als auch der Kanton Wallis verwerfen das Zivildienstgesetz."
6199,0.2,0.2,99.8,"Raron VS","Bei der Ablehnung der Zivildienstgesetz steht Raron landesweit an dritter Stelle, der Nein-Anteil liegt bei 99,8 Prozent. Raron verzeichnet im Kanton Wallis den höchsten Nein-Anteil zum Zivildienstgesetz."
6201,48.4,48.4,51.6,"Unterbäch VS","Unterbäch hat das Zivildienstgesetz mit 51,6 Prozent Nein-Stimmen verworfen. Sowohl Unterbäch als auch der Kanton Wallis verwerfen das Zivildienstgesetz."
6202,29.9,29.9,70.1,"Wiler (Lötschen) VS","Wiler (Lötschen) hat das Zivildienstgesetz mit 70,1 Prozent Nein-Stimmen verworfen. Sowohl Wiler (Lötschen) als auch der Kanton Wallis verwerfen das Zivildienstgesetz."
6203,64.8,64.8,35.2,"Mörel-Filet VS","Die Vorlage das Zivildienstgesetz ist in Mörel-Filet mit 64,8 Prozent der Stimmen angenommen worden. Mörel-Filet nimmt das Zivildienstgesetz an, der Kanton Wallis lehnt es ab."
6204,92.4,92.4,7.6,"Steg-Hohtenn VS","Das Zivildienstgesetz erreicht in Steg-Hohtenn 92,4 Prozent Ja-Stimmen. Steg-Hohtenn nimmt das Zivildienstgesetz an, der Kanton Wallis lehnt es ab."
6205,27.6,27.6,72.4,"Bettmeralp VS","In Bettmeralp hat das Zivildienstgesetz keine Mehrheit gefunden: 72,4 Prozent lehnen die Vorlage ab. Sowohl Bettmeralp als auch der Kanton Wallis verwerfen das Zivildienstgesetz."
6211,55.7,55.7,44.3,"Collonges VS","Das Zivildienstgesetz erreicht in Collonges 55,7 Prozent Ja-Stimmen. Collonges nimmt das Zivildienstgesetz an, der Kanton Wallis lehnt es ab."
6212,45.9,45.9,54.1,"Dorénaz VS","In Dorénaz wird das Zivildienstgesetz mit 54,1 Prozent abgelehnt. Sowohl Dorénaz als auch der Kanton Wallis verwerfen das Zivildienstgesetz."
6213,10.4,10.4,89.6,"Evionnaz VS","Nein zum Zivildienstgesetz in Evionnaz: 89,6 Prozent. Sowohl Evionnaz als auch der Kanton Wallis verwerfen das Zivildienstgesetz."
6214,47.5,47.5,52.5,"Finhaut VS","In Finhaut hat das Zivildienstgesetz keine Mehrheit gefunden: 52,5 Prozent lehnen die Vorlage ab. Sowohl Finhaut als auch der Kanton Wallis verwerfen das Zivildienstgesetz."
6215,1.3,1.3,98.7,"Massongex VS","Nein zum Zivildienstgesetz in Massongex: 98,7 Prozent. Sowohl Massongex als auch der Kanton Wallis verwerfen das Zivildienstgesetz."
6217,36.9,36.9,63.1,"Saint-Maurice VS","Nein zum Zivildienstgesetz in Saint-Maurice: 63,1 Prozent. Sowohl Saint-Maurice als auch der Kanton Wallis verwerfen das Zivildienstgesetz."
6218,14.5,14.5,85.5,"Salvan VS","In Salvan hat das Zivildienstgesetz keine Mehrheit gefunden: 85,5 Prozent lehnen die Vorlage ab. Sowohl Salvan als auch der Kanton Wallis verwerfen das Zivildienstgesetz."
6219,94,94,6,"Vernayaz VS","In Vernayaz wird das Zivildienstgesetz mit 94 Prozent angenommen. Vernayaz nimmt das Zivildienstgesetz an, der Kanton Wallis lehnt es ab."
6220,32.7,32.7,67.3,"Vérossaz VS","In Vérossaz wird das Zivildienstgesetz mit 67,3 Prozent abgelehnt. Sowohl Vérossaz als auch der Kanton Wallis verwerfen das Zivildienstgesetz."
6232,55.9,55.9,44.1,"Chalais VS","Die Vorlage das Zivildienstgesetz ist in Chalais mit 55,9 Prozent der Stimmen angenommen worden. Chalais nimmt das Zivildienstgesetz an, der Kanton Wallis lehnt es ab."
6235,69.4,69.4,30.6,"Chippis VS","In Chippis wird das Zivildienstgesetz mit 69,4 Prozent angenommen. Chippis nimmt das Zivildienstgesetz an, der Kanton Wallis lehnt es ab."
6238,43.4,43.4,56.6,"Grône VS","Grône hat das Zivildienstgesetz mit 56,6 Prozent Nein-Stimmen verworfen. Sowohl Grône als auch der Kanton Wallis verwerfen das Zivildienstgesetz."
6239,62.4,62.4,37.6,"Icogne VS","Das Zivildienstgesetz erreicht in Icogne 62,4 Prozent Ja-Stimmen. Icogne nimmt das Zivildienstgesetz an, der Kanton Wallis lehnt es ab."
6240,47.8,47.8,52.2,"Lens VS","52,2 Prozent der Stimmbürgerinnen und Stimmbürger von Lens haben das Zivildienstgesetz abgelehnt. Sowohl Lens als auch der Kanton Wallis verwerfen das Zivildienstgesetz."
6246,89.4,89.4,10.6,"Saint-Léonard VS","Die Vorlage das Zivildienstgesetz ist in Saint-Léonard mit 89,4 Prozent der Stimmen angenommen worden. Saint-Léonard nimmt das Zivildienstgesetz an, der Kanton Wallis lehnt es ab."
6248,81.2,81.2,18.8,"Siders VS","In Siders ist das Zivildienstgesetz mit 81,2 Prozent der Stimmen angenommen worden. Siders nimmt das Zivildienstgesetz an, der Kanton Wallis lehnt es ab."
6252,41,41,59,"Anniviers VS","In Anniviers hat das Zivildienstgesetz keine Mehrheit gefunden: 59 Prozent lehnen die Vorlage ab. Sowohl Anniviers als auch der Kanton Wallis verwerfen das Zivildienstgesetz."
6253,60.9,60.9,39.1,"Crans-Montana VS","In Crans-Montana ist das Zivildienstgesetz mit 60,9 Prozent der Stimmen angenommen worden. Crans-Montana nimmt das Zivildienstgesetz an, der Kanton Wallis lehnt es ab."
6254,16.8,16.8,83.2,"Noble-Contrée VS","Noble-Contrée hat das Zivildienstgesetz mit 83,2 Prozent Nein-Stimmen verworfen. Sowohl Noble-Contrée als auch der Kanton Wallis verwerfen das Zivildienstgesetz."
6261,18.7,18.7,81.3,"Arbaz VS","In Arbaz wird das Zivildienstgesetz mit 81,3 Prozent abgelehnt. Sowohl Arbaz als auch der Kanton Wallis verwerfen das Zivildienstgesetz."
6263,8.7,8.7,91.3,"Grimisuat VS","In Grimisuat hat das Zivildienstgesetz keine Mehrheit gefunden: 91,3 Prozent lehnen die Vorlage ab. Sowohl Grimisuat als auch der Kanton Wallis verwerfen das Zivildienstgesetz."
6265,96.7,96.7,3.3,"Savièse VS","In Savièse wird das Zivildienstgesetz mit 96,7 Prozent angenommen. Höchster Ja-Anteil zum Zivildienstgesetz im Kanton Wallis: Savièse."
6266,63.9,63.9,36.1,"Sitten VS","Das Zivildienstgesetz erreicht in Sitten 63,9 Prozent Ja-Stimmen. Sitten nimmt das Zivildienstgesetz an, der Kanton Wallis lehnt es ab."
6267,74,74,26,"Veysonnaz VS","In Veysonnaz ist das Zivildienstgesetz mit 74 Prozent der Stimmen angenommen worden. Veysonnaz nimmt das Zivildienstgesetz an, der Kanton Wallis lehnt es ab."
6281,40.1,40.1,59.9,"Baltschieder VS","59,9 Prozent der Stimmbürgerinnen und Stimmbürger von Baltschieder haben das Zivildienstgesetz abgelehnt. Sowohl Baltschieder als auch der Kanton Wallis verwerfen das Zivildienstgesetz."
6282,50.2,50.2,49.8,"Eisten VS","In Eisten wird das Zivildienstgesetz mit 50,2 Prozent angenommen. Eisten nimmt das Zivildienstgesetz an, der Kanton Wallis lehnt es ab."
6283,48.5,48.5,51.5,"Embd VS","Nein zum Zivildienstgesetz in Embd: 51,5 Prozent. Sowohl Embd als auch der Kanton Wallis verwerfen das Zivildienstgesetz."
6285,39,39,61,"Grächen VS","Nein zum Zivildienstgesetz in Grächen: 61 Prozent. Sowohl Grächen als auch der Kanton Wallis verwerfen das Zivildienstgesetz."
6286,25.4,25.4,74.6,"Lalden VS","Nein zum Zivildienstgesetz in Lalden: 74,6 Prozent. Sowohl Lalden als auch der Kanton Wallis verwerfen das Zivildienstgesetz."
6287,45.3,45.3,54.7,"Randa VS","Randa hat das Zivildienstgesetz mit 54,7 Prozent Nein-Stimmen verworfen. Sowohl Randa als auch der Kanton Wallis verwerfen das Zivildienstgesetz."
6288,47.4,47.4,52.6,"Saas-Almagell VS","In Saas-Almagell wird das Zivildienstgesetz mit 52,6 Prozent abgelehnt. Sowohl Saas-Almagell als auch der Kanton Wallis verwerfen das Zivildienstgesetz."
6289,10.9,10.9,89.1,"Saas-Balen VS","Saas-Balen hat das Zivildienstgesetz mit 89,1 Prozent Nein-Stimmen verworfen. Sowohl Saas-Balen als auch der Kanton Wallis verwerfen das Zivildienstgesetz."
6290,54.8,54.8,45.2,"Saas-Fee VS","In Saas-Fee wird das Zivildienstgesetz mit 54,8 Prozent angenommen. Saas-Fee nimmt das Zivildienstgesetz an, der Kanton Wallis lehnt es ab."
6291,47.3,47.3,52.7,"Saas-Grund VS","Saas-Grund hat das Zivildienstgesetz mit 52,7 Prozent Nein-Stimmen verworfen. Sowohl Saas-Grund als auch der Kanton Wallis verwerfen das Zivildienstgesetz."
6292,28.4,28.4,71.6,"St. Niklaus VS","Nein zum Zivildienstgesetz in St. Niklaus: 71,6 Prozent. Sowohl St. Niklaus als auch der Kanton Wallis verwerfen das Zivildienstgesetz."
6293,55.9,55.9,44.1,"Stalden VS","In Stalden VS wird das Zivildienstgesetz mit 55,9 Prozent angenommen. Stalden VS nimmt das Zivildienstgesetz an, der Kanton Wallis lehnt es ab."
6294,56.6,56.6,43.4,"Staldenried VS","In Staldenried wird das Zivildienstgesetz mit 56,6 Prozent angenommen. Staldenried nimmt das Zivildienstgesetz an, der Kanton Wallis lehnt es ab."
6295,2.9,2.9,97.1,"Täsch VS","In Täsch wird das Zivildienstgesetz mit 97,1 Prozent abgelehnt. Sowohl Täsch als auch der Kanton Wallis verwerfen das Zivildienstgesetz."
6296,52.9,52.9,47.1,"Törbel VS","In Törbel ist das Zivildienstgesetz mit 52,9 Prozent der Stimmen angenommen worden. Törbel nimmt das Zivildienstgesetz an, der Kanton Wallis lehnt es ab."
6297,76.6,76.6,23.4,"Visp VS","Das Zivildienstgesetz erreicht in Visp 76,6 Prozent Ja-Stimmen. Visp nimmt das Zivildienstgesetz an, der Kanton Wallis lehnt es ab."
6298,70.6,70.6,29.4,"Visperterminen VS","In Visperterminen ist das Zivildienstgesetz mit 70,6 Prozent der Stimmen angenommen worden. Visperterminen nimmt das Zivildienstgesetz an, der Kanton Wallis lehnt es ab."
6299,49.5,49.5,50.5,"Zeneggen VS","In Zeneggen hat das Zivildienstgesetz keine Mehrheit gefunden: 50,5 Prozent lehnen die Vorlage ab. Sowohl Zeneggen als auch der Kanton Wallis verwerfen das Zivildienstgesetz."
6300,50.8,50.8,49.2,"Zermatt VS","In Zermatt wird das Zivildienstgesetz mit 50,8 Prozent angenommen. Zermatt nimmt das Zivildienstgesetz an, der Kanton Wallis lehnt es ab."
6404,49.5,49.5,50.5,"Boudry NE","Boudry hat das Zivildienstgesetz mit 50,5 Prozent Nein-Stimmen verworfen. Boudry lehnt das Zivildienstgesetz ab, der Kanton Neuenburg nimmt sie an."
6408,21.6,21.6,78.4,"Cortaillod NE","In Cortaillod hat das Zivildienstgesetz keine Mehrheit gefunden: 78,4 Prozent lehnen die Vorlage ab. Cortaillod lehnt das Zivildienstgesetz ab, der Kanton Neuenburg nimmt sie an."
6413,87.8,87.8,12.2,"Rochefort NE","Das Zivildienstgesetz erreicht in Rochefort 87,8 Prozent Ja-Stimmen. Übereinstimmend mit dem Kanton Neuenburg stimmt Rochefort dem Zivildienstgesetz zu."
6416,58.3,58.3,41.7,"Milvignes NE","Das Zivildienstgesetz erreicht in Milvignes 58,3 Prozent Ja-Stimmen. Übereinstimmend mit dem Kanton Neuenburg stimmt Milvignes dem Zivildienstgesetz zu."
6417,46.1,46.1,53.9,"La Grande Béroche NE","In La Grande Béroche hat das Zivildienstgesetz keine Mehrheit gefunden: 53,9 Prozent lehnen die Vorlage ab. La Grande Béroche lehnt das Zivildienstgesetz ab, der Kanton Neuenburg nimmt sie an."
6421,58.3,58.3,41.7,"La Chaux-de-Fonds NE","Das Zivildienstgesetz erreicht in La Chaux-de-Fonds 58,3 Prozent Ja-Stimmen. Übereinstimmend mit dem Kanton Neuenburg stimmt La Chaux-de-Fonds dem Zivildienstgesetz zu."
6422,76,76,24,"Les Planchettes NE","In Les Planchettes wird das Zivildienstgesetz mit 76 Prozent angenommen. Übereinstimmend mit dem Kanton Neuenburg stimmt Les Planchettes dem Zivildienstgesetz zu."
6423,89.1,89.1,10.9,"La Sagne NE","Die Vorlage das Zivildienstgesetz ist in La Sagne mit 89,1 Prozent der Stimmen angenommen worden. Höchster Ja-Anteil zum Zivildienstgesetz im Kanton Neuenburg: La Sagne."
6432,4.7,4.7,95.3,"La BréviNE","La Brévine hat das Zivildienstgesetz mit 95,3 Prozent Nein-Stimmen verworfen. La Brévine lehnt das Zivildienstgesetz ab, der Kanton Neuenburg nimmt sie an."
6433,35.9,35.9,64.1,"Brot-Plamboz NE","Nein zum Zivildienstgesetz in Brot-Plamboz: 64,1 Prozent. Brot-Plamboz lehnt das Zivildienstgesetz ab, der Kanton Neuenburg nimmt sie an."
6434,23,23,77,"Le Cerneux-Péquignot NE","In Le Cerneux-Péquignot hat das Zivildienstgesetz keine Mehrheit gefunden: 77 Prozent lehnen die Vorlage ab. Le Cerneux-Péquignot lehnt das Zivildienstgesetz ab, der Kanton Neuenburg nimmt sie an."
6435,56.3,56.3,43.7,"La Chaux-du-Milieu NE","Die Vorlage das Zivildienstgesetz ist in La Chaux-du-Milieu mit 56,3 Prozent der Stimmen angenommen worden. Übereinstimmend mit dem Kanton Neuenburg stimmt La Chaux-du-Milieu dem Zivildienstgesetz zu."
6436,68,68,32,"Le Locle NE","In Le Locle wird das Zivildienstgesetz mit 68 Prozent angenommen. Übereinstimmend mit dem Kanton Neuenburg stimmt Le Locle dem Zivildienstgesetz zu."
6437,43.3,43.3,56.7,"Les Ponts-de-Martel NE","56,7 Prozent der Stimmbürgerinnen und Stimmbürger von Les Ponts-de-Martel haben das Zivildienstgesetz abgelehnt. Les Ponts-de-Martel lehnt das Zivildienstgesetz ab, der Kanton Neuenburg nimmt sie an."
6451,8.7,8.7,91.3,"Cornaux NE","Nein zum Zivildienstgesetz in Cornaux: 91,3 Prozent. Cornaux lehnt das Zivildienstgesetz ab, der Kanton Neuenburg nimmt sie an."
6452,44.2,44.2,55.8,"Cressier NE","In Cressier NE wird das Zivildienstgesetz mit 55,8 Prozent abgelehnt. Cressier NE lehnt das Zivildienstgesetz ab, der Kanton Neuenburg nimmt sie an."
6455,39.3,39.3,60.7,"Le Landeron NE","Le Landeron hat das Zivildienstgesetz mit 60,7 Prozent Nein-Stimmen verworfen. Le Landeron lehnt das Zivildienstgesetz ab, der Kanton Neuenburg nimmt sie an."
6456,80.5,80.5,19.5,"Lignières NE","In Lignières wird das Zivildienstgesetz mit 80,5 Prozent angenommen. Übereinstimmend mit dem Kanton Neuenburg stimmt Lignières dem Zivildienstgesetz zu."
6458,79,79,21,"Neuenburg NE","Das Zivildienstgesetz erreicht in Neuenburg 79 Prozent Ja-Stimmen. Übereinstimmend mit dem Kanton Neuenburg stimmt Neuenburg dem Zivildienstgesetz zu."
6487,39.2,39.2,60.8,"Val-de-Ruz NE","In Val-de-Ruz wird das Zivildienstgesetz mit 60,8 Prozent abgelehnt. Val-de-Ruz lehnt das Zivildienstgesetz ab, der Kanton Neuenburg nimmt sie an."
6504,30,30,70,"La Côte-aux-Fées NE","La Côte-aux-Fées hat das Zivildienstgesetz mit 70 Prozent Nein-Stimmen verworfen. La Côte-aux-Fées lehnt das Zivildienstgesetz ab, der Kanton Neuenburg nimmt sie an."
6511,59.5,59.5,40.5,"Les Verrières NE","Das Zivildienstgesetz erreicht in Les Verrières 59,5 Prozent Ja-Stimmen. Übereinstimmend mit dem Kanton Neuenburg stimmt Les Verrières dem Zivildienstgesetz zu."
6512,3.3,3.3,96.7,"Val-de-Travers NE","Nein zum Zivildienstgesetz in Val-de-Travers: 96,7 Prozent. Val-de-Travers verzeichnet im Kanton Neuenburg den höchsten Nein-Anteil zum Zivildienstgesetz."
6513,47.2,47.2,52.8,"Laténa NE","Nein zum Zivildienstgesetz in Laténa: 52,8 Prozent. Laténa lehnt das Zivildienstgesetz ab, der Kanton Neuenburg nimmt sie an."
6601,1,1,99,"Aire-la-Ville GE","Nein zum Zivildienstgesetz in Aire-la-Ville: 99 Prozent. Aire-la-Ville verzeichnet im Kanton Genf den höchsten Nein-Anteil zum Zivildienstgesetz."
6602,63.1,63.1,36.9,"Anières GE","In Anières wird das Zivildienstgesetz mit 63,1 Prozent angenommen. Übereinstimmend mit dem Kanton Genf stimmt Anières dem Zivildienstgesetz zu."
6603,44,44,56,"Avully GE","Avully hat das Zivildienstgesetz mit 56 Prozent Nein-Stimmen verworfen. Avully lehnt das Zivildienstgesetz ab, der Kanton Genf nimmt sie an."
6604,36.4,36.4,63.6,"Avusy GE","Nein zum Zivildienstgesetz in Avusy: 63,6 Prozent. Avusy lehnt das Zivildienstgesetz ab, der Kanton Genf nimmt sie an."
6605,47.3,47.3,52.7,"Bardonnex GE","In Bardonnex hat das Zivildienstgesetz keine Mehrheit gefunden: 52,7 Prozent lehnen die Vorlage ab. Bardonnex lehnt das Zivildienstgesetz ab, der Kanton Genf nimmt sie an."
6606,33.8,33.8,66.2,"Bellevue GE","Bellevue hat das Zivildienstgesetz mit 66,2 Prozent Nein-Stimmen verworfen. Bellevue lehnt das Zivildienstgesetz ab, der Kanton Genf nimmt sie an."
6607,84.1,84.1,15.9,"Bernex GE","Die Vorlage das Zivildienstgesetz ist in Bernex mit 84,1 Prozent der Stimmen angenommen worden. Übereinstimmend mit dem Kanton Genf stimmt Bernex dem Zivildienstgesetz zu."
6608,58,58,42,"Carouge GE","In Carouge ist das Zivildienstgesetz mit 58 Prozent der Stimmen angenommen worden. Übereinstimmend mit dem Kanton Genf stimmt Carouge dem Zivildienstgesetz zu."
6609,45.7,45.7,54.3,"Cartigny GE","54,3 Prozent der Stimmbürgerinnen und Stimmbürger von Cartigny haben das Zivildienstgesetz abgelehnt. Cartigny lehnt das Zivildienstgesetz ab, der Kanton Genf nimmt sie an."
6610,96.6,96.6,3.4,"Céligny GE","In Céligny wird das Zivildienstgesetz mit 96,6 Prozent angenommen. Höchster Ja-Anteil zum Zivildienstgesetz im Kanton Genf: Céligny."
6611,95.4,95.4,4.6,"Chancy GE","In Chancy ist das Zivildienstgesetz mit 95,4 Prozent der Stimmen angenommen worden. Übereinstimmend mit dem Kanton Genf stimmt Chancy dem Zivildienstgesetz zu."
6612,79.1,79.1,20.9,"Chêne-Bougeries GE","In Chêne-Bougeries wird das Zivildienstgesetz mit 79,1 Prozent angenommen. Übereinstimmend mit dem Kanton Genf stimmt Chêne-Bougeries dem Zivildienstgesetz zu."
6613,17.5,17.5,82.5,"Chêne-Bourg GE","Nein zum Zivildienstgesetz in Chêne-Bourg: 82,5 Prozent. Chêne-Bourg lehnt das Zivildienstgesetz ab, der Kanton Genf nimmt sie an."
6614,16,16,84,"Choulex GE","Choulex hat das Zivildienstgesetz mit 84 Prozent Nein-Stimmen verworfen. Choulex lehnt das Zivildienstgesetz ab, der Kanton Genf nimmt sie an."
6615,22.7,22.7,77.3,"Collex-Bossy GE","Nein zum Zivildienstgesetz in Collex-Bossy: 77,3 Prozent. Collex-Bossy lehnt das Zivildienstgesetz ab, der Kanton Genf nimmt sie an."
6616,26,26,74,"Collonge-Bellerive GE","Collonge-Bellerive hat das Zivildienstgesetz mit 74 Prozent Nein-Stimmen verworfen. Collonge-Bellerive lehnt das Zivildienstgesetz ab, der Kanton Genf nimmt sie an."
6617,32,32,68,"Cologny GE","Nein zum Zivildienstgesetz in Cologny: 68 Prozent. Cologny lehnt das Zivildienstgesetz ab, der Kanton Genf nimmt sie an."
6618,39.7,39.7,60.3,"Confignon GE","Confignon hat das Zivildienstgesetz mit 60,3 Prozent Nein-Stimmen verworfen. Confignon lehnt das Zivildienstgesetz ab, der Kanton Genf nimmt sie an."
6619,88.8,88.8,11.2,"Corsier GE","Die Vorlage das Zivildienstgesetz ist in Corsier GE mit 88,8 Prozent der Stimmen angenommen worden. Übereinstimmend mit dem Kanton Genf stimmt Corsier GE dem Zivildienstgesetz zu."
6620,34.8,34.8,65.2,"Dardagny GE","Dardagny hat das Zivildienstgesetz mit 65,2 Prozent Nein-Stimmen verworfen. Dardagny lehnt das Zivildienstgesetz ab, der Kanton Genf nimmt sie an."
6621,49.8,49.8,50.2,"Genf GE","In Genf wird das Zivildienstgesetz mit 50,2 Prozent abgelehnt. Genf lehnt das Zivildienstgesetz ab, der Kanton Genf nimmt sie an."
6622,24.2,24.2,75.8,"Genthod GE","In Genthod hat das Zivildienstgesetz keine Mehrheit gefunden: 75,8 Prozent lehnen die Vorlage ab. Genthod lehnt das Zivildienstgesetz ab, der Kanton Genf nimmt sie an."
6623,51.6,51.6,48.4,"Le Grand-Saconnex GE","In Le Grand-Saconnex wird das Zivildienstgesetz mit 51,6 Prozent angenommen. Übereinstimmend mit dem Kanton Genf stimmt Le Grand-Saconnex dem Zivildienstgesetz zu."
6624,8.8,8.8,91.2,"Gy GE","Nein zum Zivildienstgesetz in Gy: 91,2 Prozent. Gy lehnt das Zivildienstgesetz ab, der Kanton Genf nimmt sie an."
6625,83.3,83.3,16.7,"Hermance GE","Das Zivildienstgesetz erreicht in Hermance 83,3 Prozent Ja-Stimmen. Übereinstimmend mit dem Kanton Genf stimmt Hermance dem Zivildienstgesetz zu."
6626,3.1,3.1,96.9,"Jussy GE","96,9 Prozent der Stimmbürgerinnen und Stimmbürger von Jussy haben das Zivildienstgesetz abgelehnt. Jussy lehnt das Zivildienstgesetz ab, der Kanton Genf nimmt sie an."
6627,26.8,26.8,73.2,"Laconnex GE","Laconnex hat das Zivildienstgesetz mit 73,2 Prozent Nein-Stimmen verworfen. Laconnex lehnt das Zivildienstgesetz ab, der Kanton Genf nimmt sie an."
6628,83.6,83.6,16.4,"Lancy GE","In Lancy wird das Zivildienstgesetz mit 83,6 Prozent angenommen. Übereinstimmend mit dem Kanton Genf stimmt Lancy dem Zivildienstgesetz zu."
6629,78.7,78.7,21.3,"Meinier GE","In Meinier wird das Zivildienstgesetz mit 78,7 Prozent angenommen. Übereinstimmend mit dem Kanton Genf stimmt Meinier dem Zivildienstgesetz zu."
6630,63,63,37,"Meyrin GE","Das Zivildienstgesetz erreicht in Meyrin 63 Prozent Ja-Stimmen. Übereinstimmend mit dem Kanton Genf stimmt Meyrin dem Zivildienstgesetz zu."
6631,53.6,53.6,46.4,"Onex GE","In Onex wird das Zivildienstgesetz mit 53,6 Prozent angenommen. Übereinstimmend mit dem Kanton Genf stimmt Onex dem Zivildienstgesetz zu."
6632,57.3,57.3,42.7,"Perly-Certoux GE","In Perly-Certoux ist das Zivildienstgesetz mit 57,3 Prozent der Stimmen angenommen worden. Übereinstimmend mit dem Kanton Genf stimmt Perly-Certoux dem Zivildienstgesetz zu."
6633,91.2,91.2,8.8,"Plan-les-Ouates GE","In Plan-les-Ouates wird das Zivildienstgesetz mit 91,2 Prozent angenommen. Übereinstimmend mit dem Kanton Genf stimmt Plan-les-Ouates dem Zivildienstgesetz zu."
6634,43.4,43.4,56.6,"Pregny-Chambésy GE","Nein zum Zivildienstgesetz in Pregny-Chambésy: 56,6 Prozent. Pregny-Chambésy lehnt das Zivildienstgesetz ab, der Kanton Genf nimmt sie an."
6635,69.8,69.8,30.2,"Presinge GE","Das Zivildienstgesetz erreicht in Presinge 69,8 Prozent Ja-Stimmen. Übereinstimmend mit dem Kanton Genf stimmt Presinge dem Zivildienstgesetz zu."
6636,42.9,42.9,57.1,"Puplinge GE","Puplinge hat das Zivildienstgesetz mit 57,1 Prozent Nein-Stimmen verworfen. Puplinge lehnt das Zivildienstgesetz ab, der Kanton Genf nimmt sie an."
6637,72.3,72.3,27.7,"Russin GE","In Russin ist das Zivildienstgesetz mit 72,3 Prozent der Stimmen angenommen worden. Übereinstimmend mit dem Kanton Genf stimmt Russin dem Zivildienstgesetz zu."
6638,22.7,22.7,77.3,"Satigny GE","Satigny hat das Zivildienstgesetz mit 77,3 Prozent Nein-Stimmen verworfen. Satigny lehnt das Zivildienstgesetz ab, der Kanton Genf nimmt sie an."
6639,1.3,1.3,98.7,"Soral GE","In Soral hat das Zivildienstgesetz keine Mehrheit gefunden: 98,7 Prozent lehnen die Vorlage ab. Soral lehnt das Zivildienstgesetz ab, der Kanton Genf nimmt sie an."
6640,14.2,14.2,85.8,"Thônex GE","Thônex hat das Zivildienstgesetz mit 85,8 Prozent Nein-Stimmen verworfen. Thônex lehnt das Zivildienstgesetz ab, der Kanton Genf nimmt sie an."
6641,25.4,25.4,74.6,"Troinex GE","74,6 Prozent der Stimmbürgerinnen und Stimmbürger von Troinex haben das Zivildienstgesetz abgelehnt. Troinex lehnt das Zivildienstgesetz ab, der Kanton Genf nimmt sie an."
6642,47.3,47.3,52.7,"Vandoeuvres GE","Vandoeuvres hat das Zivildienstgesetz mit 52,7 Prozent Nein-Stimmen verworfen. Vandoeuvres lehnt das Zivildienstgesetz ab, der Kanton Genf nimmt sie an."
6643,42.2,42.2,57.8,"Vernier GE","Vernier hat das Zivildienstgesetz mit 57,8 Prozent Nein-Stimmen verworfen. Vernier lehnt das Zivildienstgesetz ab, der Kanton Genf nimmt sie an."
6644,38.8,38.8,61.2,"Versoix GE","Nein zum Zivildienstgesetz in Versoix: 61,2 Prozent. Versoix lehnt das Zivildienstgesetz ab, der Kanton Genf nimmt sie an."
6645,42.5,42.5,57.5,"Veyrier GE","Veyrier hat das Zivildienstgesetz mit 57,5 Prozent Nein-Stimmen verworfen. Veyrier lehnt das Zivildienstgesetz ab, der Kanton Genf nimmt sie an."
6702,50,50,50,"Boécourt JU","Nein zum Zivildienstgesetz in Boécourt: 50 Prozent. Boécourt lehnt das Zivildienstgesetz ab, der Kanton Jura nimmt sie an."
6703,30.7,30.7,69.3,"Bourrignon JU","Bourrignon hat das Zivildienstgesetz mit 69,3 Prozent Nein-Stimmen verworfen. Bourrignon lehnt das Zivildienstgesetz ab, der Kanton Jura nimmt sie an."
6704,70.7,70.7,29.3,"Châtillon JU","In Châtillon JU wird das Zivildienstgesetz mit 70,7 Prozent angenommen. Übereinstimmend mit dem Kanton Jura stimmt Châtillon JU dem Zivildienstgesetz zu."
6706,42.4,42.4,57.6,"Courchapoix JU","Nein zum Zivildienstgesetz in Courchapoix: 57,6 Prozent. Courchapoix lehnt das Zivildienstgesetz ab, der Kanton Jura nimmt sie an."
6708,78.7,78.7,21.3,"Courrendlin JU","In Courrendlin wird das Zivildienstgesetz mit 78,7 Prozent angenommen. Übereinstimmend mit dem Kanton Jura stimmt Courrendlin dem Zivildienstgesetz zu."
6709,85.8,85.8,14.2,"Courroux JU","In Courroux wird das Zivildienstgesetz mit 85,8 Prozent angenommen. Übereinstimmend mit dem Kanton Jura stimmt Courroux dem Zivildienstgesetz zu."
6710,68.5,68.5,31.5,"Courtételle JU","In Courtételle wird das Zivildienstgesetz mit 68,5 Prozent angenommen. Übereinstimmend mit dem Kanton Jura stimmt Courtételle dem Zivildienstgesetz zu."
6711,36.8,36.8,63.2,"Delsberg JU","Nein zum Zivildienstgesetz in Delsberg: 63,2 Prozent. Delsberg lehnt das Zivildienstgesetz ab, der Kanton Jura nimmt sie an."
6712,72.3,72.3,27.7,"Develier JU","Das Zivildienstgesetz erreicht in Develier 72,3 Prozent Ja-Stimmen. Übereinstimmend mit dem Kanton Jura stimmt Develier dem Zivildienstgesetz zu."
6713,49.5,49.5,50.5,"Ederswiler JU","Ederswiler hat das Zivildienstgesetz mit 50,5 Prozent Nein-Stimmen verworfen. Ederswiler lehnt das Zivildienstgesetz ab, der Kanton Jura nimmt sie an."
6715,41.6,41.6,58.4,"Mervelier JU","In Mervelier wird das Zivildienstgesetz mit 58,4 Prozent abgelehnt. Mervelier lehnt das Zivildienstgesetz ab, der Kanton Jura nimmt sie an."
6716,4.5,4.5,95.5,"Mettembert JU","Mettembert hat das Zivildienstgesetz mit 95,5 Prozent Nein-Stimmen verworfen. Mettembert lehnt das Zivildienstgesetz ab, der Kanton Jura nimmt sie an."
6718,100,100,0,"Movelier JU","Beim Zivildienstgesetz erzielt Movelier den höchsten Ja-Anteil der Schweiz, der Wert liegt bei 100 Prozent. Höchster Ja-Anteil zum Zivildienstgesetz im Kanton Jura: Movelier."
6719,61.3,61.3,38.7,"Pleigne JU","Das Zivildienstgesetz erreicht in Pleigne 61,3 Prozent Ja-Stimmen. Übereinstimmend mit dem Kanton Jura stimmt Pleigne dem Zivildienstgesetz zu."
6721,40.5,40.5,59.5,"Rossemaison JU","Rossemaison hat das Zivildienstgesetz mit 59,5 Prozent Nein-Stimmen verworfen. Rossemaison lehnt das Zivildienstgesetz ab, der Kanton Jura nimmt sie an."
6722,31.7,31.7,68.3,"Saulcy JU","Nein zum Zivildienstgesetz in Saulcy: 68,3 Prozent. Saulcy lehnt das Zivildienstgesetz ab, der Kanton Jura nimmt sie an."
6724,93.8,93.8,6.2,"Soyhières JU","Das Zivildienstgesetz erreicht in Soyhières 93,8 Prozent Ja-Stimmen. Übereinstimmend mit dem Kanton Jura stimmt Soyhières dem Zivildienstgesetz zu."
6729,66.4,66.4,33.6,"Haute-Sorne JU","Das Zivildienstgesetz erreicht in Haute-Sorne 66,4 Prozent Ja-Stimmen. Übereinstimmend mit dem Kanton Jura stimmt Haute-Sorne dem Zivildienstgesetz zu."
6730,83.6,83.6,16.4,"Val Terbi JU","In Val Terbi ist das Zivildienstgesetz mit 83,6 Prozent der Stimmen angenommen worden. Übereinstimmend mit dem Kanton Jura stimmt Val Terbi dem Zivildienstgesetz zu."
6741,55.2,55.2,44.8,"Le Bémont JU","Die Vorlage das Zivildienstgesetz ist in Le Bémont JU mit 55,2 Prozent der Stimmen angenommen worden. Übereinstimmend mit dem Kanton Jura stimmt Le Bémont JU dem Zivildienstgesetz zu."
6742,25.2,25.2,74.8,"Les Bois JU","74,8 Prozent der Stimmbürgerinnen und Stimmbürger von Les Bois haben das Zivildienstgesetz abgelehnt. Les Bois lehnt das Zivildienstgesetz ab, der Kanton Jura nimmt sie an."
6743,67.5,67.5,32.5,"Les Breuleux JU","In Les Breuleux wird das Zivildienstgesetz mit 67,5 Prozent angenommen. Übereinstimmend mit dem Kanton Jura stimmt Les Breuleux dem Zivildienstgesetz zu."
6745,75.8,75.8,24.2,"Les Enfers JU","In Les Enfers wird das Zivildienstgesetz mit 75,8 Prozent angenommen. Übereinstimmend mit dem Kanton Jura stimmt Les Enfers dem Zivildienstgesetz zu."
6748,20.8,20.8,79.2,"Les Genevez JU","In Les Genevez JU wird das Zivildienstgesetz mit 79,2 Prozent abgelehnt. Les Genevez JU lehnt das Zivildienstgesetz ab, der Kanton Jura nimmt sie an."
6750,48.4,48.4,51.6,"Lajoux JU","51,6 Prozent der Stimmbürgerinnen und Stimmbürger von Lajoux JU haben das Zivildienstgesetz abgelehnt. Lajoux JU lehnt das Zivildienstgesetz ab, der Kanton Jura nimmt sie an."
6751,83.2,83.2,16.8,"Montfaucon JU","Die Vorlage das Zivildienstgesetz ist in Montfaucon mit 83,2 Prozent der Stimmen angenommen worden. Übereinstimmend mit dem Kanton Jura stimmt Montfaucon dem Zivildienstgesetz zu."
6753,4.4,4.4,95.6,"Muriaux JU","Nein zum Zivildienstgesetz in Muriaux: 95,6 Prozent. Muriaux verzeichnet im Kanton Jura den höchsten Nein-Anteil zum Zivildienstgesetz."
6754,67.7,67.7,32.3,"Le Noirmont JU","In Le Noirmont wird das Zivildienstgesetz mit 67,7 Prozent angenommen. Übereinstimmend mit dem Kanton Jura stimmt Le Noirmont dem Zivildienstgesetz zu."
6757,53.3,53.3,46.7,"Saignelégier JU","In Saignelégier wird das Zivildienstgesetz mit 53,3 Prozent angenommen. Übereinstimmend mit dem Kanton Jura stimmt Saignelégier dem Zivildienstgesetz zu."
6758,53,53,47,"Saint-Brais JU","Das Zivildienstgesetz erreicht in Saint-Brais 53 Prozent Ja-Stimmen. Übereinstimmend mit dem Kanton Jura stimmt Saint-Brais dem Zivildienstgesetz zu."
6759,68.8,68.8,31.2,"Soubey JU","In Soubey wird das Zivildienstgesetz mit 68,8 Prozent angenommen. Übereinstimmend mit dem Kanton Jura stimmt Soubey dem Zivildienstgesetz zu."
6771,15.1,15.1,84.9,"Alle JU","Nein zum Zivildienstgesetz in Alle: 84,9 Prozent. Alle lehnt das Zivildienstgesetz ab, der Kanton Jura nimmt sie an."
6774,44.6,44.6,55.4,"Boncourt JU","Boncourt hat das Zivildienstgesetz mit 55,4 Prozent Nein-Stimmen verworfen. Boncourt lehnt das Zivildienstgesetz ab, der Kanton Jura nimmt sie an."
6778,22.1,22.1,77.9,"Bure JU","In Bure hat das Zivildienstgesetz keine Mehrheit gefunden: 77,9 Prozent lehnen die Vorlage ab. Bure lehnt das Zivildienstgesetz ab, der Kanton Jura nimmt sie an."
6781,75.2,75.2,24.8,"Coeuve JU","Die Vorlage das Zivildienstgesetz ist in Coeuve mit 75,2 Prozent der Stimmen angenommen worden. Übereinstimmend mit dem Kanton Jura stimmt Coeuve dem Zivildienstgesetz zu."
6782,83,83,17,"Cornol JU","In Cornol wird das Zivildienstgesetz mit 83 Prozent angenommen. Übereinstimmend mit dem Kanton Jura stimmt Cornol dem Zivildienstgesetz zu."
6783,14.5,14.5,85.5,"Courchavon JU","Courchavon hat das Zivildienstgesetz mit 85,5 Prozent Nein-Stimmen verworfen. Courchavon lehnt das Zivildienstgesetz ab, der Kanton Jura nimmt sie an."
6784,59.7,59.7,40.3,"Courgenay JU","In Courgenay wird das Zivildienstgesetz mit 59,7 Prozent angenommen. Übereinstimmend mit dem Kanton Jura stimmt Courgenay dem Zivildienstgesetz zu."
6785,23.4,23.4,76.6,"Courtedoux JU","Courtedoux hat das Zivildienstgesetz mit 76,6 Prozent Nein-Stimmen verworfen. Courtedoux lehnt das Zivildienstgesetz ab, der Kanton Jura nimmt sie an."
6789,66.2,66.2,33.8,"Fahy JU","In Fahy ist das Zivildienstgesetz mit 66,2 Prozent der Stimmen angenommen worden. Übereinstimmend mit dem Kanton Jura stimmt Fahy dem Zivildienstgesetz zu."
6790,44.3,44.3,55.7,"Fontenais JU","Nein zum Zivildienstgesetz in Fontenais: 55,7 Prozent. Fontenais lehnt das Zivildienstgesetz ab, der Kanton Jura nimmt sie an."
6792,93.8,93.8,6.2,"Grandfontaine JU","In Grandfontaine ist das Zivildienstgesetz mit 93,8 Prozent der Stimmen angenommen worden. Übereinstimmend mit dem Kanton Jura stimmt Grandfontaine dem Zivildienstgesetz zu."
6800,67.7,67.7,32.3,"Pruntrut JU","In Pruntrut wird das Zivildienstgesetz mit 67,7 Prozent angenommen. Übereinstimmend mit dem Kanton Jura stimmt Pruntrut dem Zivildienstgesetz zu."
6806,33,33,67,"Vendlincourt JU","In Vendlincourt wird das Zivildienstgesetz mit 67 Prozent abgelehnt. Vendlincourt lehnt das Zivildienstgesetz ab, der Kanton Jura nimmt sie an."
6807,19.2,19.2,80.8,"Basse-Allaine JU","Nein zum Zivildienstgesetz in Basse-Allaine: 80,8 Prozent. Basse-Allaine lehnt das Zivildienstgesetz ab, der Kanton Jura nimmt sie an."
6808,34.9,34.9,65.1,"Clos du Doubs JU","In Clos du Doubs hat das Zivildienstgesetz keine Mehrheit gefunden: 65,1 Prozent lehnen die Vorlage ab. Clos du Doubs lehnt das Zivildienstgesetz ab, der Kanton Jura nimmt sie an."
6809,29.3,29.3,70.7,"Haute-Ajoie JU","In Haute-Ajoie wird das Zivildienstgesetz mit 70,7 Prozent abgelehnt. Haute-Ajoie lehnt das Zivildienstgesetz ab, der Kanton Jura nimmt sie an."
6810,82.1,82.1,17.9,"La Baroche JU","In La Baroche wird das Zivildienstgesetz mit 82,1 Prozent angenommen. Übereinstimmend mit dem Kanton Jura stimmt La Baroche dem Zivildienstgesetz zu."
6811,51,51,49,"Damphreux-Lugnez JU","In Damphreux-Lugnez wird das Zivildienstgesetz mit 51 Prozent angenommen. Übereinstimmend mit dem Kanton Jura stimmt Damphreux-Lugnez dem Zivildienstgesetz zu."
6812,51.5,51.5,48.5,"Basse-Vendline JU","Das Zivildienstgesetz erreicht in Basse-Vendline 51,5 Prozent Ja-Stimmen. Übereinstimmend mit dem Kanton Jura stimmt Basse-Vendline dem Zivildienstgesetz zu."
6831,65,65,35,"Moutier JU","Die Vorlage das Zivildienstgesetz ist in Moutier mit 65 Prozent der Stimmen angenommen worden. Übereinstimmend mit dem Kanton Jura stimmt Moutier dem Zivildienstgesetz zu."
