"ID","Gemeinde_color","Ja_Stimmen_In_Prozent","Nein_Stimmen_In_Prozent","Gemeinde_it","Text_it"
1,53.2,53.2,46.8,"Aeugst am Albis (ZH)","A Aeugst am Albis, la modifica della legge sul servizio civile è approvata con il 53,2 per cento. Aeugst am Albis dice sì a la modifica della legge sul servizio civile, il cantone Zurigo dice no."
2,86.4,86.4,13.6,"Affoltern am Albis (ZH)","La popolazione di Affoltern am Albis approva la modifica della legge sul servizio civile con il 86,4 per cento. Affoltern am Albis dice sì a la modifica della legge sul servizio civile, il cantone Zurigo dice no."
3,45,45,55,"Bonstetten (ZH)","A Bonstetten la modifica della legge sul servizio civile è stata respinta con il 55 per cento. Sia Bonstetten che il cantone Zurigo hanno bocciato la modifica della legge sul servizio civile."
4,55.4,55.4,44.6,"Hausen am Albis (ZH)","Sì alla modifica della legge sul servizio civile a Hausen am Albis con il 55,4 per cento. Hausen am Albis dice sì a la modifica della legge sul servizio civile, il cantone Zurigo dice no."
5,68.1,68.1,31.9,"Hedingen (ZH)","Sì alla modifica della legge sul servizio civile a Hedingen, con il 68,1 per cento di voti favorevoli. Hedingen dice sì a la modifica della legge sul servizio civile, il cantone Zurigo dice no."
6,79.3,79.3,20.7,"Kappel am Albis (ZH)","La popolazione di Kappel am Albis approva la modifica della legge sul servizio civile con il 79,3 per cento. Kappel am Albis dice sì a la modifica della legge sul servizio civile, il cantone Zurigo dice no."
7,49.5,49.5,50.5,"Knonau (ZH)","La popolazione di Knonau respinge la modifica della legge sul servizio civile con il 50,5 per cento. Sia Knonau che il cantone Zurigo hanno bocciato la modifica della legge sul servizio civile."
8,78.2,78.2,21.8,"Maschwanden (ZH)","A Maschwanden, la modifica della legge sul servizio civile è stata approvata con il 78,2 per cento. Maschwanden dice sì a la modifica della legge sul servizio civile, il cantone Zurigo dice no."
9,55,55,45,"Mettmenstetten (ZH)","Sì alla modifica della legge sul servizio civile a Mettmenstetten con il 55 per cento. Mettmenstetten dice sì a la modifica della legge sul servizio civile, il cantone Zurigo dice no."
10,41.4,41.4,58.6,"Obfelden (ZH)","A Obfelden la modifica della legge sul servizio civile non ottiene la maggioranza: 58,6 per cento di no. Sia Obfelden che il cantone Zurigo hanno bocciato la modifica della legge sul servizio civile."
11,75.7,75.7,24.3,"Ottenbach (ZH)","Sì alla modifica della legge sul servizio civile a Ottenbach, con il 75,7 per cento di voti favorevoli. Ottenbach dice sì a la modifica della legge sul servizio civile, il cantone Zurigo dice no."
12,39.4,39.4,60.6,"Rifferswil (ZH)","La popolazione di Rifferswil respinge la modifica della legge sul servizio civile con il 60,6 per cento. Sia Rifferswil che il cantone Zurigo hanno bocciato la modifica della legge sul servizio civile."
13,55.5,55.5,44.5,"Stallikon (ZH)","Sì alla modifica della legge sul servizio civile a Stallikon con il 55,5 per cento. Stallikon dice sì a la modifica della legge sul servizio civile, il cantone Zurigo dice no."
14,16.7,16.7,83.3,"Wettswil am Albis (ZH)","A Wettswil am Albis, la modifica della legge sul servizio civile è stata respinta con il 83,3 per cento. Sia Wettswil am Albis che il cantone Zurigo hanno bocciato la modifica della legge sul servizio civile."
22,17.4,17.4,82.6,"Benken (ZH)","Con il 82,6 per cento dei voti, la modifica della legge sul servizio civile viene respinta a Benken ZH. Sia Benken ZH che il cantone Zurigo hanno bocciato la modifica della legge sul servizio civile."
23,46.7,46.7,53.3,"Berg am Irchel (ZH)","A Berg am Irchel la modifica della legge sul servizio civile è stata respinta con il 53,3 per cento. Sia Berg am Irchel che il cantone Zurigo hanno bocciato la modifica della legge sul servizio civile."
24,44.9,44.9,55.1,"Buch am Irchel (ZH)","Con il 55,1 per cento dei voti, Buch am Irchel ha respinto la modifica della legge sul servizio civile. Sia Buch am Irchel che il cantone Zurigo hanno bocciato la modifica della legge sul servizio civile."
25,35,35,65,"Dachsen (ZH)","Con il 65 per cento dei voti, Dachsen ha respinto la modifica della legge sul servizio civile. Sia Dachsen che il cantone Zurigo hanno bocciato la modifica della legge sul servizio civile."
26,58.4,58.4,41.6,"Dorf (ZH)","A Dorf, la modifica della legge sul servizio civile è stata approvata con il 58,4 per cento. Dorf dice sì a la modifica della legge sul servizio civile, il cantone Zurigo dice no."
27,49.9,49.9,50.1,"Feuerthalen (ZH)","A Feuerthalen la modifica della legge sul servizio civile è stata respinta con il 50,1 per cento. Sia Feuerthalen che il cantone Zurigo hanno bocciato la modifica della legge sul servizio civile."
28,69.5,69.5,30.5,"Flaach (ZH)","A Flaach, la modifica della legge sul servizio civile è approvata con il 69,5 per cento. Flaach dice sì a la modifica della legge sul servizio civile, il cantone Zurigo dice no."
29,92.8,92.8,7.2,"Flurlingen (ZH)","La popolazione di Flurlingen approva la modifica della legge sul servizio civile con il 92,8 per cento. Flurlingen dice sì a la modifica della legge sul servizio civile, il cantone Zurigo dice no."
31,74.9,74.9,25.1,"Henggart (ZH)","La popolazione di Henggart approva la modifica della legge sul servizio civile con il 74,9 per cento. Henggart dice sì a la modifica della legge sul servizio civile, il cantone Zurigo dice no."
33,56,56,44,"Kleinandelfingen (ZH)","Sì alla modifica della legge sul servizio civile a Kleinandelfingen, con il 56 per cento di voti favorevoli. Kleinandelfingen dice sì a la modifica della legge sul servizio civile, il cantone Zurigo dice no."
34,48.4,48.4,51.6,"Laufen-Uhwiesen (ZH)","A Laufen-Uhwiesen la modifica della legge sul servizio civile è stata respinta con il 51,6 per cento. Sia Laufen-Uhwiesen che il cantone Zurigo hanno bocciato la modifica della legge sul servizio civile."
35,92.7,92.7,7.3,"Marthalen (ZH)","Sì alla modifica della legge sul servizio civile a Marthalen, con il 92,7 per cento di voti favorevoli. Marthalen dice sì a la modifica della legge sul servizio civile, il cantone Zurigo dice no."
37,54.8,54.8,45.2,"Ossingen (ZH)","Sì alla modifica della legge sul servizio civile a Ossingen: 54,8 per cento. Ossingen dice sì a la modifica della legge sul servizio civile, il cantone Zurigo dice no."
38,38.1,38.1,61.9,"Rheinau (ZH)","A Rheinau, la modifica della legge sul servizio civile è stata respinta con il 61,9 per cento. Sia Rheinau che il cantone Zurigo hanno bocciato la modifica della legge sul servizio civile."
39,62.5,62.5,37.5,"Thalheim an der Thur (ZH)","A Thalheim an der Thur, la modifica della legge sul servizio civile è approvata con il 62,5 per cento. Thalheim an der Thur dice sì a la modifica della legge sul servizio civile, il cantone Zurigo dice no."
40,32.1,32.1,67.9,"Trüllikon (ZH)","Con il 67,9 per cento dei voti, Trüllikon ha respinto la modifica della legge sul servizio civile. Sia Trüllikon che il cantone Zurigo hanno bocciato la modifica della legge sul servizio civile."
41,36.3,36.3,63.7,"Truttikon (ZH)","A Truttikon la modifica della legge sul servizio civile non ottiene la maggioranza: 63,7 per cento di no. Sia Truttikon che il cantone Zurigo hanno bocciato la modifica della legge sul servizio civile."
43,94,94,6,"Volken (ZH)","A Volken, la modifica della legge sul servizio civile è stata approvata con il 94 per cento. Volken dice sì a la modifica della legge sul servizio civile, il cantone Zurigo dice no."
51,45.2,45.2,54.8,"Bachenbülach (ZH)","Con il 54,8 per cento dei voti, Bachenbülach ha respinto la modifica della legge sul servizio civile. Sia Bachenbülach che il cantone Zurigo hanno bocciato la modifica della legge sul servizio civile."
52,99.1,99.1,0.9,"Bassersdorf (ZH)","Sì alla modifica della legge sul servizio civile a Bassersdorf con il 99,1 per cento. Bassersdorf dice sì a la modifica della legge sul servizio civile, il cantone Zurigo dice no."
53,48.7,48.7,51.3,"Bülach (ZH)","Con il 51,3 per cento dei voti, la modifica della legge sul servizio civile viene respinta a Bülach. Sia Bülach che il cantone Zurigo hanno bocciato la modifica della legge sul servizio civile."
54,40.9,40.9,59.1,"Dietlikon (ZH)","Con il 59,1 per cento dei voti, Dietlikon ha respinto la modifica della legge sul servizio civile. Sia Dietlikon che il cantone Zurigo hanno bocciato la modifica della legge sul servizio civile."
55,43.2,43.2,56.8,"Eglisau (ZH)","Con il 56,8 per cento dei voti, la modifica della legge sul servizio civile viene respinta a Eglisau. Sia Eglisau che il cantone Zurigo hanno bocciato la modifica della legge sul servizio civile."
56,57.8,57.8,42.2,"Embrach (ZH)","A Embrach, la modifica della legge sul servizio civile è approvata con il 57,8 per cento. Embrach dice sì a la modifica della legge sul servizio civile, il cantone Zurigo dice no."
57,44.5,44.5,55.5,"Freienstein-Teufen (ZH)","La popolazione di Freienstein-Teufen respinge la modifica della legge sul servizio civile con il 55,5 per cento. Sia Freienstein-Teufen che il cantone Zurigo hanno bocciato la modifica della legge sul servizio civile."
58,88.5,88.5,11.5,"Glattfelden (ZH)","Sì alla modifica della legge sul servizio civile a Glattfelden con il 88,5 per cento. Glattfelden dice sì a la modifica della legge sul servizio civile, il cantone Zurigo dice no."
59,45.8,45.8,54.2,"Hochfelden (ZH)","A Hochfelden la modifica della legge sul servizio civile non ottiene la maggioranza: 54,2 per cento di no. Sia Hochfelden che il cantone Zurigo hanno bocciato la modifica della legge sul servizio civile."
60,30.6,30.6,69.4,"Höri (ZH)","A Höri la modifica della legge sul servizio civile non ottiene la maggioranza: 69,4 per cento di no. Sia Höri che il cantone Zurigo hanno bocciato la modifica della legge sul servizio civile."
61,62.3,62.3,37.7,"Hüntwangen (ZH)","A Hüntwangen, la modifica della legge sul servizio civile è stata approvata con il 62,3 per cento. Hüntwangen dice sì a la modifica della legge sul servizio civile, il cantone Zurigo dice no."
62,64.2,64.2,35.8,"Kloten (ZH)","A Kloten, la modifica della legge sul servizio civile è stata approvata con il 64,2 per cento. Kloten dice sì a la modifica della legge sul servizio civile, il cantone Zurigo dice no."
63,56,56,44,"Lufingen (ZH)","Sì alla modifica della legge sul servizio civile a Lufingen con il 56 per cento. Lufingen dice sì a la modifica della legge sul servizio civile, il cantone Zurigo dice no."
64,57.4,57.4,42.6,"Nürensdorf (ZH)","A Nürensdorf, la modifica della legge sul servizio civile è stata approvata con il 57,4 per cento. Nürensdorf dice sì a la modifica della legge sul servizio civile, il cantone Zurigo dice no."
65,22.3,22.3,77.7,"Oberembrach (ZH)","Con il 77,7 per cento dei voti, la modifica della legge sul servizio civile viene respinta a Oberembrach. Sia Oberembrach che il cantone Zurigo hanno bocciato la modifica della legge sul servizio civile."
66,78.8,78.8,21.2,"Opfikon (ZH)","La popolazione di Opfikon approva la modifica della legge sul servizio civile con il 78,8 per cento. Opfikon dice sì a la modifica della legge sul servizio civile, il cantone Zurigo dice no."
67,16.6,16.6,83.4,"Rafz (ZH)","Con il 83,4 per cento dei voti, Rafz ha respinto la modifica della legge sul servizio civile. Sia Rafz che il cantone Zurigo hanno bocciato la modifica della legge sul servizio civile."
68,30.6,30.6,69.4,"Rorbas (ZH)","La popolazione di Rorbas respinge la modifica della legge sul servizio civile con il 69,4 per cento. Sia Rorbas che il cantone Zurigo hanno bocciato la modifica della legge sul servizio civile."
69,47,47,53,"Wallisellen (ZH)","A Wallisellen, la modifica della legge sul servizio civile è stata respinta con il 53 per cento. Sia Wallisellen che il cantone Zurigo hanno bocciato la modifica della legge sul servizio civile."
70,38.9,38.9,61.1,"Wasterkingen (ZH)","A Wasterkingen la modifica della legge sul servizio civile non ottiene la maggioranza: 61,1 per cento di no. Sia Wasterkingen che il cantone Zurigo hanno bocciato la modifica della legge sul servizio civile."
71,80.5,80.5,19.5,"Wil (ZH)","Sì alla modifica della legge sul servizio civile a Wil ZH con il 80,5 per cento. Wil ZH dice sì a la modifica della legge sul servizio civile, il cantone Zurigo dice no."
72,35.1,35.1,64.9,"Winkel (ZH)","A Winkel la modifica della legge sul servizio civile è stata respinta con il 64,9 per cento. Sia Winkel che il cantone Zurigo hanno bocciato la modifica della legge sul servizio civile."
81,73.4,73.4,26.6,"Bachs (ZH)","A Bachs, la modifica della legge sul servizio civile è stata approvata con il 73,4 per cento. Bachs dice sì a la modifica della legge sul servizio civile, il cantone Zurigo dice no."
82,52.1,52.1,47.9,"Boppelsen (ZH)","A Boppelsen, la modifica della legge sul servizio civile è approvata con il 52,1 per cento. Boppelsen dice sì a la modifica della legge sul servizio civile, il cantone Zurigo dice no."
83,64.9,64.9,35.1,"Buchs (ZH)","A Buchs ZH, la modifica della legge sul servizio civile è approvata con il 64,9 per cento. Buchs ZH dice sì a la modifica della legge sul servizio civile, il cantone Zurigo dice no."
84,74.2,74.2,25.8,"Dällikon (ZH)","Sì alla modifica della legge sul servizio civile a Dällikon: 74,2 per cento. Dällikon dice sì a la modifica della legge sul servizio civile, il cantone Zurigo dice no."
85,37.6,37.6,62.4,"Dänikon (ZH)","A Dänikon, la modifica della legge sul servizio civile è stata respinta con il 62,4 per cento. Sia Dänikon che il cantone Zurigo hanno bocciato la modifica della legge sul servizio civile."
86,48,48,52,"Dielsdorf (ZH)","A Dielsdorf la modifica della legge sul servizio civile non ottiene la maggioranza: 52 per cento di no. Sia Dielsdorf che il cantone Zurigo hanno bocciato la modifica della legge sul servizio civile."
87,58.8,58.8,41.2,"Hüttikon (ZH)","Sì alla modifica della legge sul servizio civile a Hüttikon: 58,8 per cento. Hüttikon dice sì a la modifica della legge sul servizio civile, il cantone Zurigo dice no."
88,24.6,24.6,75.4,"Neerach (ZH)","Con il 75,4 per cento dei voti, Neerach ha respinto la modifica della legge sul servizio civile. Sia Neerach che il cantone Zurigo hanno bocciato la modifica della legge sul servizio civile."
89,37,37,63,"Niederglatt (ZH)","A Niederglatt la modifica della legge sul servizio civile è stata respinta con il 63 per cento. Sia Niederglatt che il cantone Zurigo hanno bocciato la modifica della legge sul servizio civile."
90,38.5,38.5,61.5,"Niederhasli (ZH)","La popolazione di Niederhasli respinge la modifica della legge sul servizio civile con il 61,5 per cento. Sia Niederhasli che il cantone Zurigo hanno bocciato la modifica della legge sul servizio civile."
91,72.7,72.7,27.3,"Niederweningen (ZH)","La popolazione di Niederweningen approva la modifica della legge sul servizio civile con il 72,7 per cento. Niederweningen dice sì a la modifica della legge sul servizio civile, il cantone Zurigo dice no."
92,76.5,76.5,23.5,"Oberglatt (ZH)","Sì alla modifica della legge sul servizio civile a Oberglatt, con il 76,5 per cento di voti favorevoli. Oberglatt dice sì a la modifica della legge sul servizio civile, il cantone Zurigo dice no."
93,83.1,83.1,16.9,"Oberweningen (ZH)","A Oberweningen, la modifica della legge sul servizio civile è approvata con il 83,1 per cento. Oberweningen dice sì a la modifica della legge sul servizio civile, il cantone Zurigo dice no."
94,85,85,15,"Otelfingen (ZH)","Sì alla modifica della legge sul servizio civile a Otelfingen, con il 85 per cento di voti favorevoli. Otelfingen dice sì a la modifica della legge sul servizio civile, il cantone Zurigo dice no."
95,19,19,81,"Regensberg (ZH)","Con il 81 per cento dei voti, Regensberg ha respinto la modifica della legge sul servizio civile. Sia Regensberg che il cantone Zurigo hanno bocciato la modifica della legge sul servizio civile."
96,46.2,46.2,53.8,"Regensdorf (ZH)","Con il 53,8 per cento dei voti, Regensdorf ha respinto la modifica della legge sul servizio civile. Sia Regensdorf che il cantone Zurigo hanno bocciato la modifica della legge sul servizio civile."
97,50.7,50.7,49.3,"Rümlang (ZH)","A Rümlang, la modifica della legge sul servizio civile è approvata con il 50,7 per cento. Rümlang dice sì a la modifica della legge sul servizio civile, il cantone Zurigo dice no."
98,39.7,39.7,60.3,"Schleinikon (ZH)","Con il 60,3 per cento dei voti, la modifica della legge sul servizio civile viene respinta a Schleinikon. Sia Schleinikon che il cantone Zurigo hanno bocciato la modifica della legge sul servizio civile."
99,99.6,99.6,0.4,"Schöfflisdorf (ZH)","Nel confronto svizzero, Schöfflisdorf è terza per il sì alla modifica della legge sul servizio civile con il 99,6 per cento. Nel cantone di Zurigo, Schöfflisdorf ha ottenuto il più alto tasso di sì per la modifica della legge sul servizio civile."
100,47.4,47.4,52.6,"Stadel (ZH)","La popolazione di Stadel respinge la modifica della legge sul servizio civile con il 52,6 per cento. Sia Stadel che il cantone Zurigo hanno bocciato la modifica della legge sul servizio civile."
101,70.2,70.2,29.8,"Steinmaur (ZH)","A Steinmaur, la modifica della legge sul servizio civile è approvata con il 70,2 per cento. Steinmaur dice sì a la modifica della legge sul servizio civile, il cantone Zurigo dice no."
102,50.6,50.6,49.4,"Weiach (ZH)","A Weiach la modifica della legge sul servizio civile è stata approvata con il 50,6 per cento. Weiach dice sì a la modifica della legge sul servizio civile, il cantone Zurigo dice no."
111,44.1,44.1,55.9,"Bäretswil (ZH)","Con il 55,9 per cento dei voti, la modifica della legge sul servizio civile viene respinta a Bäretswil. Sia Bäretswil che il cantone Zurigo hanno bocciato la modifica della legge sul servizio civile."
112,28.2,28.2,71.8,"Bubikon (ZH)","Con il 71,8 per cento dei voti, la modifica della legge sul servizio civile viene respinta a Bubikon. Sia Bubikon che il cantone Zurigo hanno bocciato la modifica della legge sul servizio civile."
113,28.3,28.3,71.7,"Dürnten (ZH)","A Dürnten la modifica della legge sul servizio civile è stata respinta con il 71,7 per cento. Sia Dürnten che il cantone Zurigo hanno bocciato la modifica della legge sul servizio civile."
114,24.6,24.6,75.4,"Fischenthal (ZH)","La popolazione di Fischenthal respinge la modifica della legge sul servizio civile con il 75,4 per cento. Sia Fischenthal che il cantone Zurigo hanno bocciato la modifica della legge sul servizio civile."
115,48.6,48.6,51.4,"Gossau (ZH)","Con il 51,4 per cento dei voti, Gossau ZH ha respinto la modifica della legge sul servizio civile. Sia Gossau ZH che il cantone Zurigo hanno bocciato la modifica della legge sul servizio civile."
116,72.7,72.7,27.3,"Grüningen (ZH)","A Grüningen la modifica della legge sul servizio civile è stata approvata con il 72,7 per cento. Grüningen dice sì a la modifica della legge sul servizio civile, il cantone Zurigo dice no."
117,63.6,63.6,36.4,"Hinwil (ZH)","Sì alla modifica della legge sul servizio civile a Hinwil con il 63,6 per cento. Hinwil dice sì a la modifica della legge sul servizio civile, il cantone Zurigo dice no."
118,46.2,46.2,53.8,"Rüti (ZH)","La popolazione di Rüti ZH respinge la modifica della legge sul servizio civile con il 53,8 per cento. Sia Rüti ZH che il cantone Zurigo hanno bocciato la modifica della legge sul servizio civile."
119,32,32,68,"Seegräben (ZH)","Con il 68 per cento dei voti, Seegräben ha respinto la modifica della legge sul servizio civile. Sia Seegräben che il cantone Zurigo hanno bocciato la modifica della legge sul servizio civile."
120,4.2,4.2,95.8,"Wald (ZH)","A Wald ZH la modifica della legge sul servizio civile è stata respinta con il 95,8 per cento. Sia Wald ZH che il cantone Zurigo hanno bocciato la modifica della legge sul servizio civile."
121,74.7,74.7,25.3,"Wetzikon (ZH)","A Wetzikon ZH, la modifica della legge sul servizio civile è stata approvata con il 74,7 per cento. Wetzikon ZH dice sì a la modifica della legge sul servizio civile, il cantone Zurigo dice no."
131,50,50,50,"Adliswil (ZH)","Sì alla modifica della legge sul servizio civile a Adliswil, con il 50 per cento di voti favorevoli. Adliswil dice sì a la modifica della legge sul servizio civile, il cantone Zurigo dice no."
135,98.1,98.1,1.9,"Kilchberg (ZH)","A Kilchberg ZH, la modifica della legge sul servizio civile è approvata con il 98,1 per cento. Kilchberg ZH dice sì a la modifica della legge sul servizio civile, il cantone Zurigo dice no."
136,69,69,31,"Langnau am Albis (ZH)","A Langnau am Albis, la modifica della legge sul servizio civile è stata approvata con il 69 per cento. Langnau am Albis dice sì a la modifica della legge sul servizio civile, il cantone Zurigo dice no."
137,52.1,52.1,47.9,"Oberrieden (ZH)","Sì alla modifica della legge sul servizio civile a Oberrieden con il 52,1 per cento. Oberrieden dice sì a la modifica della legge sul servizio civile, il cantone Zurigo dice no."
138,68.1,68.1,31.9,"Richterswil (ZH)","Sì alla modifica della legge sul servizio civile a Richterswil, con il 68,1 per cento di voti favorevoli. Richterswil dice sì a la modifica della legge sul servizio civile, il cantone Zurigo dice no."
139,49.2,49.2,50.8,"Rüschlikon (ZH)","Con il 50,8 per cento dei voti, la modifica della legge sul servizio civile viene respinta a Rüschlikon. Sia Rüschlikon che il cantone Zurigo hanno bocciato la modifica della legge sul servizio civile."
141,55.8,55.8,44.2,"Thalwil (ZH)","Sì alla modifica della legge sul servizio civile a Thalwil: 55,8 per cento. Thalwil dice sì a la modifica della legge sul servizio civile, il cantone Zurigo dice no."
151,20.6,20.6,79.4,"Erlenbach (ZH)","Con il 79,4 per cento dei voti, la modifica della legge sul servizio civile viene respinta a Erlenbach ZH. Sia Erlenbach ZH che il cantone Zurigo hanno bocciato la modifica della legge sul servizio civile."
152,64.6,64.6,35.4,"Herrliberg (ZH)","A Herrliberg, la modifica della legge sul servizio civile è approvata con il 64,6 per cento. Herrliberg dice sì a la modifica della legge sul servizio civile, il cantone Zurigo dice no."
153,56.9,56.9,43.1,"Hombrechtikon (ZH)","Sì alla modifica della legge sul servizio civile a Hombrechtikon con il 56,9 per cento. Hombrechtikon dice sì a la modifica della legge sul servizio civile, il cantone Zurigo dice no."
154,39.7,39.7,60.3,"Küsnacht (ZH)","La popolazione di Küsnacht ZH respinge la modifica della legge sul servizio civile con il 60,3 per cento. Sia Küsnacht ZH che il cantone Zurigo hanno bocciato la modifica della legge sul servizio civile."
155,43.6,43.6,56.4,"Männedorf (ZH)","Con il 56,4 per cento dei voti, la modifica della legge sul servizio civile viene respinta a Männedorf. Sia Männedorf che il cantone Zurigo hanno bocciato la modifica della legge sul servizio civile."
156,53.2,53.2,46.8,"Meilen (ZH)","A Meilen la modifica della legge sul servizio civile è stata approvata con il 53,2 per cento. Meilen dice sì a la modifica della legge sul servizio civile, il cantone Zurigo dice no."
157,92.8,92.8,7.2,"Oetwil am See (ZH)","La popolazione di Oetwil am See approva la modifica della legge sul servizio civile con il 92,8 per cento. Oetwil am See dice sì a la modifica della legge sul servizio civile, il cantone Zurigo dice no."
158,67.7,67.7,32.3,"Stäfa (ZH)","La popolazione di Stäfa approva la modifica della legge sul servizio civile con il 67,7 per cento. Stäfa dice sì a la modifica della legge sul servizio civile, il cantone Zurigo dice no."
159,31.8,31.8,68.2,"Uetikon am See (ZH)","Con il 68,2 per cento dei voti, Uetikon am See ha respinto la modifica della legge sul servizio civile. Sia Uetikon am See che il cantone Zurigo hanno bocciato la modifica della legge sul servizio civile."
160,53.5,53.5,46.5,"Zumikon (ZH)","Sì alla modifica della legge sul servizio civile a Zumikon: 53,5 per cento. Zumikon dice sì a la modifica della legge sul servizio civile, il cantone Zurigo dice no."
161,20.8,20.8,79.2,"Zollikon (ZH)","A Zollikon la modifica della legge sul servizio civile è stata respinta con il 79,2 per cento. Sia Zollikon che il cantone Zurigo hanno bocciato la modifica della legge sul servizio civile."
172,66,66,34,"Fehraltorf (ZH)","La popolazione di Fehraltorf approva la modifica della legge sul servizio civile con il 66 per cento. Fehraltorf dice sì a la modifica della legge sul servizio civile, il cantone Zurigo dice no."
173,73.9,73.9,26.1,"Hittnau (ZH)","Sì alla modifica della legge sul servizio civile a Hittnau con il 73,9 per cento. Hittnau dice sì a la modifica della legge sul servizio civile, il cantone Zurigo dice no."
176,20.4,20.4,79.6,"Lindau (ZH)","La popolazione di Lindau respinge la modifica della legge sul servizio civile con il 79,6 per cento. Sia Lindau che il cantone Zurigo hanno bocciato la modifica della legge sul servizio civile."
177,2.2,2.2,97.8,"Pfäffikon (ZH)","A Pfäffikon la modifica della legge sul servizio civile è stata respinta con il 97,8 per cento. Sia Pfäffikon che il cantone Zurigo hanno bocciato la modifica della legge sul servizio civile."
178,48.2,48.2,51.8,"Russikon (ZH)","La popolazione di Russikon respinge la modifica della legge sul servizio civile con il 51,8 per cento. Sia Russikon che il cantone Zurigo hanno bocciato la modifica della legge sul servizio civile."
180,29.4,29.4,70.6,"Weisslingen (ZH)","A Weisslingen la modifica della legge sul servizio civile è stata respinta con il 70,6 per cento. Sia Weisslingen che il cantone Zurigo hanno bocciato la modifica della legge sul servizio civile."
181,27.9,27.9,72.1,"Wila (ZH)","A Wila la modifica della legge sul servizio civile è stata respinta con il 72,1 per cento. Sia Wila che il cantone Zurigo hanno bocciato la modifica della legge sul servizio civile."
182,60.4,60.4,39.6,"Wildberg (ZH)","Sì alla modifica della legge sul servizio civile a Wildberg, con il 60,4 per cento di voti favorevoli. Wildberg dice sì a la modifica della legge sul servizio civile, il cantone Zurigo dice no."
191,86.8,86.8,13.2,"Dübendorf (ZH)","Sì alla modifica della legge sul servizio civile a Dübendorf, con il 86,8 per cento di voti favorevoli. Dübendorf dice sì a la modifica della legge sul servizio civile, il cantone Zurigo dice no."
192,35.1,35.1,64.9,"Egg (ZH)","A Egg la modifica della legge sul servizio civile non ottiene la maggioranza: 64,9 per cento di no. Sia Egg che il cantone Zurigo hanno bocciato la modifica della legge sul servizio civile."
193,56.9,56.9,43.1,"Fällanden (ZH)","A Fällanden, la modifica della legge sul servizio civile è stata approvata con il 56,9 per cento. Fällanden dice sì a la modifica della legge sul servizio civile, il cantone Zurigo dice no."
194,80,80,20,"Greifensee (ZH)","Sì alla modifica della legge sul servizio civile a Greifensee con il 80 per cento. Greifensee dice sì a la modifica della legge sul servizio civile, il cantone Zurigo dice no."
195,69.6,69.6,30.4,"Maur (ZH)","Sì alla modifica della legge sul servizio civile a Maur, con il 69,6 per cento di voti favorevoli. Maur dice sì a la modifica della legge sul servizio civile, il cantone Zurigo dice no."
196,54.4,54.4,45.6,"Mönchaltorf (ZH)","Sì alla modifica della legge sul servizio civile a Mönchaltorf, con il 54,4 per cento di voti favorevoli. Mönchaltorf dice sì a la modifica della legge sul servizio civile, il cantone Zurigo dice no."
197,47.1,47.1,52.9,"Schwerzenbach (ZH)","A Schwerzenbach la modifica della legge sul servizio civile non ottiene la maggioranza: 52,9 per cento di no. Sia Schwerzenbach che il cantone Zurigo hanno bocciato la modifica della legge sul servizio civile."
198,78,78,22,"Uster (ZH)","Sì alla modifica della legge sul servizio civile a Uster, con il 78 per cento di voti favorevoli. Uster dice sì a la modifica della legge sul servizio civile, il cantone Zurigo dice no."
199,33.6,33.6,66.4,"Volketswil (ZH)","A Volketswil la modifica della legge sul servizio civile non ottiene la maggioranza: 66,4 per cento di no. Sia Volketswil che il cantone Zurigo hanno bocciato la modifica della legge sul servizio civile."
200,30.8,30.8,69.2,"Wangen-Brüttisellen (ZH)","Con il 69,2 per cento dei voti, la modifica della legge sul servizio civile viene respinta a Wangen-Brüttisellen. Sia Wangen-Brüttisellen che il cantone Zurigo hanno bocciato la modifica della legge sul servizio civile."
211,26.2,26.2,73.8,"Altikon (ZH)","La popolazione di Altikon respinge la modifica della legge sul servizio civile con il 73,8 per cento. Sia Altikon che il cantone Zurigo hanno bocciato la modifica della legge sul servizio civile."
213,54,54,46,"Brütten (ZH)","A Brütten, la modifica della legge sul servizio civile è stata approvata con il 54 per cento. Brütten dice sì a la modifica della legge sul servizio civile, il cantone Zurigo dice no."
214,45.2,45.2,54.8,"Dägerlen (ZH)","A Dägerlen la modifica della legge sul servizio civile non ottiene la maggioranza: 54,8 per cento di no. Sia Dägerlen che il cantone Zurigo hanno bocciato la modifica della legge sul servizio civile."
215,29.5,29.5,70.5,"Dättlikon (ZH)","Con il 70,5 per cento dei voti, Dättlikon ha respinto la modifica della legge sul servizio civile. Sia Dättlikon che il cantone Zurigo hanno bocciato la modifica della legge sul servizio civile."
216,49.5,49.5,50.5,"Dinhard (ZH)","A Dinhard la modifica della legge sul servizio civile non ottiene la maggioranza: 50,5 per cento di no. Sia Dinhard che il cantone Zurigo hanno bocciato la modifica della legge sul servizio civile."
218,46.3,46.3,53.7,"Ellikon an der Thur (ZH)","A Ellikon an der Thur la modifica della legge sul servizio civile non ottiene la maggioranza: 53,7 per cento di no. Sia Ellikon an der Thur che il cantone Zurigo hanno bocciato la modifica della legge sul servizio civile."
219,31.2,31.2,68.8,"Elsau (ZH)","A Elsau, la modifica della legge sul servizio civile è stata respinta con il 68,8 per cento. Sia Elsau che il cantone Zurigo hanno bocciato la modifica della legge sul servizio civile."
220,45.4,45.4,54.6,"Hagenbuch (ZH)","A Hagenbuch, la modifica della legge sul servizio civile è stata respinta con il 54,6 per cento. Sia Hagenbuch che il cantone Zurigo hanno bocciato la modifica della legge sul servizio civile."
221,33.8,33.8,66.2,"Hettlingen (ZH)","La popolazione di Hettlingen respinge la modifica della legge sul servizio civile con il 66,2 per cento. Sia Hettlingen che il cantone Zurigo hanno bocciato la modifica della legge sul servizio civile."
223,62.6,62.6,37.4,"Neftenbach (ZH)","A Neftenbach, la modifica della legge sul servizio civile è approvata con il 62,6 per cento. Neftenbach dice sì a la modifica della legge sul servizio civile, il cantone Zurigo dice no."
224,40.4,40.4,59.6,"Pfungen (ZH)","La popolazione di Pfungen respinge la modifica della legge sul servizio civile con il 59,6 per cento. Sia Pfungen che il cantone Zurigo hanno bocciato la modifica della legge sul servizio civile."
225,85.3,85.3,14.7,"Rickenbach (ZH)","La popolazione di Rickenbach ZH approva la modifica della legge sul servizio civile con il 85,3 per cento. Rickenbach ZH dice sì a la modifica della legge sul servizio civile, il cantone Zurigo dice no."
226,37,37,63,"Schlatt (ZH)","Con il 63 per cento dei voti, Schlatt ZH ha respinto la modifica della legge sul servizio civile. Sia Schlatt ZH che il cantone Zurigo hanno bocciato la modifica della legge sul servizio civile."
227,80.5,80.5,19.5,"Seuzach (ZH)","Sì alla modifica della legge sul servizio civile a Seuzach con il 80,5 per cento. Seuzach dice sì a la modifica della legge sul servizio civile, il cantone Zurigo dice no."
228,4.4,4.4,95.6,"Turbenthal (ZH)","La popolazione di Turbenthal respinge la modifica della legge sul servizio civile con il 95,6 per cento. Sia Turbenthal che il cantone Zurigo hanno bocciato la modifica della legge sul servizio civile."
230,44.1,44.1,55.9,"Winterthour (ZH)","A Winterthour la modifica della legge sul servizio civile è stata respinta con il 55,9 per cento. Sia Winterthour che il cantone Zurigo hanno bocciato la modifica della legge sul servizio civile."
231,46.6,46.6,53.4,"Zell (ZH)","Con il 53,4 per cento dei voti, Zell ZH ha respinto la modifica della legge sul servizio civile. Sia Zell ZH che il cantone Zurigo hanno bocciato la modifica della legge sul servizio civile."
241,41.8,41.8,58.2,"Aesch (ZH)","Con il 58,2 per cento dei voti, Aesch ZH ha respinto la modifica della legge sul servizio civile. Sia Aesch ZH che il cantone Zurigo hanno bocciato la modifica della legge sul servizio civile."
242,44.1,44.1,55.9,"Birmensdorf (ZH)","A Birmensdorf ZH la modifica della legge sul servizio civile è stata respinta con il 55,9 per cento. Sia Birmensdorf ZH che il cantone Zurigo hanno bocciato la modifica della legge sul servizio civile."
243,38.6,38.6,61.4,"Dietikon (ZH)","La popolazione di Dietikon respinge la modifica della legge sul servizio civile con il 61,4 per cento. Sia Dietikon che il cantone Zurigo hanno bocciato la modifica della legge sul servizio civile."
244,49.5,49.5,50.5,"Geroldswil (ZH)","La popolazione di Geroldswil respinge la modifica della legge sul servizio civile con il 50,5 per cento. Sia Geroldswil che il cantone Zurigo hanno bocciato la modifica della legge sul servizio civile."
245,93.2,93.2,6.8,"Oberengstringen (ZH)","Sì alla modifica della legge sul servizio civile a Oberengstringen, con il 93,2 per cento di voti favorevoli. Oberengstringen dice sì a la modifica della legge sul servizio civile, il cantone Zurigo dice no."
246,30.1,30.1,69.9,"Oetwil an der Limmat (ZH)","Con il 69,9 per cento dei voti, Oetwil an der Limmat ha respinto la modifica della legge sul servizio civile. Sia Oetwil an der Limmat che il cantone Zurigo hanno bocciato la modifica della legge sul servizio civile."
247,88,88,12,"Schlieren (ZH)","Sì alla modifica della legge sul servizio civile a Schlieren con il 88 per cento. Schlieren dice sì a la modifica della legge sul servizio civile, il cantone Zurigo dice no."
248,63,63,37,"Uitikon (ZH)","A Uitikon, la modifica della legge sul servizio civile è stata approvata con il 63 per cento. Uitikon dice sì a la modifica della legge sul servizio civile, il cantone Zurigo dice no."
249,98.3,98.3,1.7,"Unterengstringen (ZH)","A Unterengstringen, la modifica della legge sul servizio civile è approvata con il 98,3 per cento. Unterengstringen dice sì a la modifica della legge sul servizio civile, il cantone Zurigo dice no."
250,45.7,45.7,54.3,"Urdorf (ZH)","La popolazione di Urdorf respinge la modifica della legge sul servizio civile con il 54,3 per cento. Sia Urdorf che il cantone Zurigo hanno bocciato la modifica della legge sul servizio civile."
251,57.8,57.8,42.2,"Weiningen (ZH)","A Weiningen ZH la modifica della legge sul servizio civile è stata approvata con il 57,8 per cento. Weiningen ZH dice sì a la modifica della legge sul servizio civile, il cantone Zurigo dice no."
261,92.9,92.9,7.1,"Zurigo (ZH)","Sì alla modifica della legge sul servizio civile a Zurigo con il 92,9 per cento. Zurigo dice sì a la modifica della legge sul servizio civile, il cantone Zurigo dice no."
291,0.1,0.1,99.9,"Andelfingen (ZH)","Nel confronto svizzero, Andelfingen è in testa per il no alla modifica della legge sul servizio civile con il 99,9 per cento. Il tasso più alto di no alla modifica della legge sul servizio civile nel cantone Zurigo è a Andelfingen."
292,51.2,51.2,48.8,"Stammheim (ZH)","Sì alla modifica della legge sul servizio civile a Stammheim, con il 51,2 per cento di voti favorevoli. Stammheim dice sì a la modifica della legge sul servizio civile, il cantone Zurigo dice no."
293,10.8,10.8,89.2,"Wädenswil (ZH)","A Wädenswil la modifica della legge sul servizio civile è stata respinta con il 89,2 per cento. Sia Wädenswil che il cantone Zurigo hanno bocciato la modifica della legge sul servizio civile."
294,28.4,28.4,71.6,"Elgg (ZH)","Con il 71,6 per cento dei voti, la modifica della legge sul servizio civile viene respinta a Elgg. Sia Elgg che il cantone Zurigo hanno bocciato la modifica della legge sul servizio civile."
295,19.4,19.4,80.6,"Horgen (ZH)","A Horgen la modifica della legge sul servizio civile non ottiene la maggioranza: 80,6 per cento di no. Sia Horgen che il cantone Zurigo hanno bocciato la modifica della legge sul servizio civile."
296,59.4,59.4,40.6,"Illnau-Effretikon (ZH)","La popolazione di Illnau-Effretikon approva la modifica della legge sul servizio civile con il 59,4 per cento. Illnau-Effretikon dice sì a la modifica della legge sul servizio civile, il cantone Zurigo dice no."
297,37.9,37.9,62.1,"Bauma (ZH)","La popolazione di Bauma respinge la modifica della legge sul servizio civile con il 62,1 per cento. Sia Bauma che il cantone Zurigo hanno bocciato la modifica della legge sul servizio civile."
298,44.1,44.1,55.9,"Wiesendangen (ZH)","A Wiesendangen la modifica della legge sul servizio civile è stata respinta con il 55,9 per cento. Sia Wiesendangen che il cantone Zurigo hanno bocciato la modifica della legge sul servizio civile."
301,30.1,30.1,69.9,"Aarberg (BE)","La popolazione di Aarberg respinge la modifica della legge sul servizio civile con il 69,9 per cento. Sia Aarberg che il cantone Berna hanno bocciato la modifica della legge sul servizio civile."
302,45.9,45.9,54.1,"Bargen (BE)","Con il 54,1 per cento dei voti, Bargen BE ha respinto la modifica della legge sul servizio civile. Sia Bargen BE che il cantone Berna hanno bocciato la modifica della legge sul servizio civile."
303,91.5,91.5,8.5,"Grossaffoltern (BE)","Sì alla modifica della legge sul servizio civile a Grossaffoltern con il 91,5 per cento. Grossaffoltern dice sì a la modifica della legge sul servizio civile, il cantone Berna dice no."
304,11.7,11.7,88.3,"Kallnach (BE)","A Kallnach la modifica della legge sul servizio civile è stata respinta con il 88,3 per cento. Sia Kallnach che il cantone Berna hanno bocciato la modifica della legge sul servizio civile."
305,43.5,43.5,56.5,"Kappelen (BE)","Con il 56,5 per cento dei voti, Kappelen ha respinto la modifica della legge sul servizio civile. Sia Kappelen che il cantone Berna hanno bocciato la modifica della legge sul servizio civile."
306,68.5,68.5,31.5,"Lyss (BE)","A Lyss, la modifica della legge sul servizio civile è approvata con il 68,5 per cento. Lyss dice sì a la modifica della legge sul servizio civile, il cantone Berna dice no."
307,72,72,28,"Meikirch (BE)","Sì alla modifica della legge sul servizio civile a Meikirch, con il 72 per cento di voti favorevoli. Meikirch dice sì a la modifica della legge sul servizio civile, il cantone Berna dice no."
309,79.3,79.3,20.7,"Radelfingen (BE)","A Radelfingen, la modifica della legge sul servizio civile è stata approvata con il 79,3 per cento. Radelfingen dice sì a la modifica della legge sul servizio civile, il cantone Berna dice no."
310,8.2,8.2,91.8,"Rapperswil (BE)","A Rapperswil BE, la modifica della legge sul servizio civile è stata respinta con il 91,8 per cento. Sia Rapperswil BE che il cantone Berna hanno bocciato la modifica della legge sul servizio civile."
311,33.2,33.2,66.8,"Schüpfen (BE)","A Schüpfen la modifica della legge sul servizio civile non ottiene la maggioranza: 66,8 per cento di no. Sia Schüpfen che il cantone Berna hanno bocciato la modifica della legge sul servizio civile."
312,42,42,58,"Seedorf (BE)","La popolazione di Seedorf BE respinge la modifica della legge sul servizio civile con il 58 per cento. Sia Seedorf BE che il cantone Berna hanno bocciato la modifica della legge sul servizio civile."
321,96.2,96.2,3.8,"Aarwangen (BE)","Sì alla modifica della legge sul servizio civile a Aarwangen: 96,2 per cento. Aarwangen dice sì a la modifica della legge sul servizio civile, il cantone Berna dice no."
322,50.9,50.9,49.1,"Auswil (BE)","La popolazione di Auswil approva la modifica della legge sul servizio civile con il 50,9 per cento. Auswil dice sì a la modifica della legge sul servizio civile, il cantone Berna dice no."
323,79,79,21,"Bannwil (BE)","A Bannwil, la modifica della legge sul servizio civile è stata approvata con il 79 per cento. Bannwil dice sì a la modifica della legge sul servizio civile, il cantone Berna dice no."
324,5.6,5.6,94.4,"Bleienbach (BE)","La popolazione di Bleienbach respinge la modifica della legge sul servizio civile con il 94,4 per cento. Sia Bleienbach che il cantone Berna hanno bocciato la modifica della legge sul servizio civile."
325,20.1,20.1,79.9,"Busswil bei Melchnau (BE)","Con il 79,9 per cento dei voti, Busswil bei Melchnau ha respinto la modifica della legge sul servizio civile. Sia Busswil bei Melchnau che il cantone Berna hanno bocciato la modifica della legge sul servizio civile."
326,74.4,74.4,25.6,"Gondiswil (BE)","La popolazione di Gondiswil approva la modifica della legge sul servizio civile con il 74,4 per cento. Gondiswil dice sì a la modifica della legge sul servizio civile, il cantone Berna dice no."
329,42.8,42.8,57.2,"Langenthal (BE)","Con il 57,2 per cento dei voti, Langenthal ha respinto la modifica della legge sul servizio civile. Sia Langenthal che il cantone Berna hanno bocciato la modifica della legge sul servizio civile."
331,47.1,47.1,52.9,"Lotzwil (BE)","La popolazione di Lotzwil respinge la modifica della legge sul servizio civile con il 52,9 per cento. Sia Lotzwil che il cantone Berna hanno bocciato la modifica della legge sul servizio civile."
332,53,53,47,"Madiswil (BE)","Sì alla modifica della legge sul servizio civile a Madiswil con il 53 per cento. Madiswil dice sì a la modifica della legge sul servizio civile, il cantone Berna dice no."
333,53.2,53.2,46.8,"Melchnau (BE)","Sì alla modifica della legge sul servizio civile a Melchnau: 53,2 per cento. Melchnau dice sì a la modifica della legge sul servizio civile, il cantone Berna dice no."
335,38.6,38.6,61.4,"Oeschenbach (BE)","La popolazione di Oeschenbach respinge la modifica della legge sul servizio civile con il 61,4 per cento. Sia Oeschenbach che il cantone Berna hanno bocciato la modifica della legge sul servizio civile."
336,46.7,46.7,53.3,"Reisiswil (BE)","A Reisiswil la modifica della legge sul servizio civile non ottiene la maggioranza: 53,3 per cento di no. Sia Reisiswil che il cantone Berna hanno bocciato la modifica della legge sul servizio civile."
337,53.2,53.2,46.8,"Roggwil (BE)","A Roggwil BE la modifica della legge sul servizio civile è stata approvata con il 53,2 per cento. Roggwil BE dice sì a la modifica della legge sul servizio civile, il cantone Berna dice no."
338,48.7,48.7,51.3,"Rohrbach (BE)","La popolazione di Rohrbach respinge la modifica della legge sul servizio civile con il 51,3 per cento. Sia Rohrbach che il cantone Berna hanno bocciato la modifica della legge sul servizio civile."
339,82.8,82.8,17.2,"Rohrbachgraben (BE)","A Rohrbachgraben, la modifica della legge sul servizio civile è stata approvata con il 82,8 per cento. Rohrbachgraben dice sì a la modifica della legge sul servizio civile, il cantone Berna dice no."
340,56.4,56.4,43.6,"Rütschelen (BE)","A Rütschelen la modifica della legge sul servizio civile è stata approvata con il 56,4 per cento. Rütschelen dice sì a la modifica della legge sul servizio civile, il cantone Berna dice no."
341,57.8,57.8,42.2,"Schwarzhäusern (BE)","A Schwarzhäusern, la modifica della legge sul servizio civile è approvata con il 57,8 per cento. Schwarzhäusern dice sì a la modifica della legge sul servizio civile, il cantone Berna dice no."
342,54.8,54.8,45.2,"Thunstetten (BE)","Sì alla modifica della legge sul servizio civile a Thunstetten, con il 54,8 per cento di voti favorevoli. Thunstetten dice sì a la modifica della legge sul servizio civile, il cantone Berna dice no."
344,96.2,96.2,3.8,"Ursenbach (BE)","Sì alla modifica della legge sul servizio civile a Ursenbach con il 96,2 per cento. Ursenbach dice sì a la modifica della legge sul servizio civile, il cantone Berna dice no."
345,73.2,73.2,26.8,"Wynau (BE)","La popolazione di Wynau approva la modifica della legge sul servizio civile con il 73,2 per cento. Wynau dice sì a la modifica della legge sul servizio civile, il cantone Berna dice no."
351,37.4,37.4,62.6,"Berna (BE)","A Berna la modifica della legge sul servizio civile non ottiene la maggioranza: 62,6 per cento di no. Sia Berna che il cantone Berna hanno bocciato la modifica della legge sul servizio civile."
352,48.9,48.9,51.1,"Bolligen (BE)","A Bolligen, la modifica della legge sul servizio civile è stata respinta con il 51,1 per cento. Sia Bolligen che il cantone Berna hanno bocciato la modifica della legge sul servizio civile."
353,46,46,54,"Bremgarten bei Bern (BE)","La popolazione di Bremgarten bei Bern respinge la modifica della legge sul servizio civile con il 54 per cento. Sia Bremgarten bei Bern che il cantone Berna hanno bocciato la modifica della legge sul servizio civile."
354,60.2,60.2,39.8,"Kirchlindach (BE)","Sì alla modifica della legge sul servizio civile a Kirchlindach: 60,2 per cento. Kirchlindach dice sì a la modifica della legge sul servizio civile, il cantone Berna dice no."
355,69.2,69.2,30.8,"Köniz (BE)","La popolazione di Köniz approva la modifica della legge sul servizio civile con il 69,2 per cento. Köniz dice sì a la modifica della legge sul servizio civile, il cantone Berna dice no."
356,32.8,32.8,67.2,"Muri bei Bern (BE)","La popolazione di Muri bei Bern respinge la modifica della legge sul servizio civile con il 67,2 per cento. Sia Muri bei Bern che il cantone Berna hanno bocciato la modifica della legge sul servizio civile."
357,83.2,83.2,16.8,"Oberbalm (BE)","A Oberbalm la modifica della legge sul servizio civile è stata approvata con il 83,2 per cento. Oberbalm dice sì a la modifica della legge sul servizio civile, il cantone Berna dice no."
358,54.7,54.7,45.3,"Stettlen (BE)","Sì alla modifica della legge sul servizio civile a Stettlen: 54,7 per cento. Stettlen dice sì a la modifica della legge sul servizio civile, il cantone Berna dice no."
359,55.9,55.9,44.1,"Vechigen (BE)","A Vechigen, la modifica della legge sul servizio civile è approvata con il 55,9 per cento. Vechigen dice sì a la modifica della legge sul servizio civile, il cantone Berna dice no."
360,85.2,85.2,14.8,"Wohlen bei Bern (BE)","Sì alla modifica della legge sul servizio civile a Wohlen bei Bern, con il 85,2 per cento di voti favorevoli. Wohlen bei Bern dice sì a la modifica della legge sul servizio civile, il cantone Berna dice no."
361,57.5,57.5,42.5,"Zollikofen (BE)","A Zollikofen, la modifica della legge sul servizio civile è stata approvata con il 57,5 per cento. Zollikofen dice sì a la modifica della legge sul servizio civile, il cantone Berna dice no."
362,81.8,81.8,18.2,"Ittigen (BE)","A Ittigen, la modifica della legge sul servizio civile è stata approvata con il 81,8 per cento. Ittigen dice sì a la modifica della legge sul servizio civile, il cantone Berna dice no."
363,70,70,30,"Ostermundigen (BE)","A Ostermundigen, la modifica della legge sul servizio civile è approvata con il 70 per cento. Ostermundigen dice sì a la modifica della legge sul servizio civile, il cantone Berna dice no."
371,35.6,35.6,64.4,"Bienne (BE)","La popolazione di Bienne respinge la modifica della legge sul servizio civile con il 64,4 per cento. Sia Bienne che il cantone Berna hanno bocciato la modifica della legge sul servizio civile."
372,75.1,75.1,24.9,"Evilard (BE)","La popolazione di Evilard approva la modifica della legge sul servizio civile con il 75,1 per cento. Evilard dice sì a la modifica della legge sul servizio civile, il cantone Berna dice no."
381,42.9,42.9,57.1,"Arch (BE)","Con il 57,1 per cento dei voti, la modifica della legge sul servizio civile viene respinta a Arch. Sia Arch che il cantone Berna hanno bocciato la modifica della legge sul servizio civile."
382,60.8,60.8,39.2,"Büetigen (BE)","Sì alla modifica della legge sul servizio civile a Büetigen con il 60,8 per cento. Büetigen dice sì a la modifica della legge sul servizio civile, il cantone Berna dice no."
383,32.3,32.3,67.7,"Büren an der Aare (BE)","A Büren an der Aare la modifica della legge sul servizio civile è stata respinta con il 67,7 per cento. Sia Büren an der Aare che il cantone Berna hanno bocciato la modifica della legge sul servizio civile."
385,38.9,38.9,61.1,"Diessbach bei Büren (BE)","Con il 61,1 per cento dei voti, la modifica della legge sul servizio civile viene respinta a Diessbach bei Büren. Sia Diessbach bei Büren che il cantone Berna hanno bocciato la modifica della legge sul servizio civile."
386,40.5,40.5,59.5,"Dotzigen (BE)","Con il 59,5 per cento dei voti, Dotzigen ha respinto la modifica della legge sul servizio civile. Sia Dotzigen che il cantone Berna hanno bocciato la modifica della legge sul servizio civile."
387,83.3,83.3,16.7,"Longeau (BE)","Sì alla modifica della legge sul servizio civile a Longeau: 83,3 per cento. Longeau dice sì a la modifica della legge sul servizio civile, il cantone Berna dice no."
388,30.6,30.6,69.4,"Leuzigen (BE)","La popolazione di Leuzigen respinge la modifica della legge sul servizio civile con il 69,4 per cento. Sia Leuzigen che il cantone Berna hanno bocciato la modifica della legge sul servizio civile."
390,31.7,31.7,68.3,"Meinisberg (BE)","A Meinisberg la modifica della legge sul servizio civile è stata respinta con il 68,3 per cento. Sia Meinisberg che il cantone Berna hanno bocciato la modifica della legge sul servizio civile."
391,48.3,48.3,51.7,"Oberwil bei Büren (BE)","La popolazione di Oberwil bei Büren respinge la modifica della legge sul servizio civile con il 51,7 per cento. Sia Oberwil bei Büren che il cantone Berna hanno bocciato la modifica della legge sul servizio civile."
392,42.9,42.9,57.1,"Perles (BE)","A Perles, la modifica della legge sul servizio civile è stata respinta con il 57,1 per cento. Sia Perles che il cantone Berna hanno bocciato la modifica della legge sul servizio civile."
393,33.3,33.3,66.7,"Rüti bei Büren (BE)","Con il 66,7 per cento dei voti, la modifica della legge sul servizio civile viene respinta a Rüti bei Büren. Sia Rüti bei Büren che il cantone Berna hanno bocciato la modifica della legge sul servizio civile."
394,83.5,83.5,16.5,"Wengi (BE)","A Wengi, la modifica della legge sul servizio civile è approvata con il 83,5 per cento. Wengi dice sì a la modifica della legge sul servizio civile, il cantone Berna dice no."
401,20.3,20.3,79.7,"Aefligen (BE)","Con il 79,7 per cento dei voti, Aefligen ha respinto la modifica della legge sul servizio civile. Sia Aefligen che il cantone Berna hanno bocciato la modifica della legge sul servizio civile."
402,26.8,26.8,73.2,"Alchenstorf (BE)","A Alchenstorf, la modifica della legge sul servizio civile è stata respinta con il 73,2 per cento. Sia Alchenstorf che il cantone Berna hanno bocciato la modifica della legge sul servizio civile."
403,22.5,22.5,77.5,"Bäriswil (BE)","Con il 77,5 per cento dei voti, la modifica della legge sul servizio civile viene respinta a Bäriswil. Sia Bäriswil che il cantone Berna hanno bocciato la modifica della legge sul servizio civile."
404,24.9,24.9,75.1,"Berthoud (BE)","A Berthoud la modifica della legge sul servizio civile non ottiene la maggioranza: 75,1 per cento di no. Sia Berthoud che il cantone Berna hanno bocciato la modifica della legge sul servizio civile."
405,77.1,77.1,22.9,"Ersigen (BE)","A Ersigen, la modifica della legge sul servizio civile è approvata con il 77,1 per cento. Ersigen dice sì a la modifica della legge sul servizio civile, il cantone Berna dice no."
406,11.8,11.8,88.2,"Hasle bei Burgdorf (BE)","La popolazione di Hasle bei Burgdorf respinge la modifica della legge sul servizio civile con il 88,2 per cento. Sia Hasle bei Burgdorf che il cantone Berna hanno bocciato la modifica della legge sul servizio civile."
407,10.7,10.7,89.3,"Heimiswil (BE)","A Heimiswil la modifica della legge sul servizio civile non ottiene la maggioranza: 89,3 per cento di no. Sia Heimiswil che il cantone Berna hanno bocciato la modifica della legge sul servizio civile."
409,90.5,90.5,9.5,"Hindelbank (BE)","A Hindelbank la modifica della legge sul servizio civile è stata approvata con il 90,5 per cento. Hindelbank dice sì a la modifica della legge sul servizio civile, il cantone Berna dice no."
410,42.4,42.4,57.6,"Höchstetten (BE)","Con il 57,6 per cento dei voti, la modifica della legge sul servizio civile viene respinta a Höchstetten. Sia Höchstetten che il cantone Berna hanno bocciato la modifica della legge sul servizio civile."
411,77.4,77.4,22.6,"Kernenried (BE)","Sì alla modifica della legge sul servizio civile a Kernenried: 77,4 per cento. Kernenried dice sì a la modifica della legge sul servizio civile, il cantone Berna dice no."
412,41.8,41.8,58.2,"Kirchberg (BE)","A Kirchberg BE la modifica della legge sul servizio civile è stata respinta con il 58,2 per cento. Sia Kirchberg BE che il cantone Berna hanno bocciato la modifica della legge sul servizio civile."
413,34.6,34.6,65.4,"Koppigen (BE)","La popolazione di Koppigen respinge la modifica della legge sul servizio civile con il 65,4 per cento. Sia Koppigen che il cantone Berna hanno bocciato la modifica della legge sul servizio civile."
414,35.9,35.9,64.1,"Krauchthal (BE)","A Krauchthal la modifica della legge sul servizio civile non ottiene la maggioranza: 64,1 per cento di no. Sia Krauchthal che il cantone Berna hanno bocciato la modifica della legge sul servizio civile."
415,62.2,62.2,37.8,"Lyssach (BE)","Sì alla modifica della legge sul servizio civile a Lyssach, con il 62,2 per cento di voti favorevoli. Lyssach dice sì a la modifica della legge sul servizio civile, il cantone Berna dice no."
418,57.4,57.4,42.6,"Oberburg (BE)","Sì alla modifica della legge sul servizio civile a Oberburg: 57,4 per cento. Oberburg dice sì a la modifica della legge sul servizio civile, il cantone Berna dice no."
420,30.6,30.6,69.4,"Rüdtligen-Alchenflüh (BE)","A Rüdtligen-Alchenflüh la modifica della legge sul servizio civile è stata respinta con il 69,4 per cento. Sia Rüdtligen-Alchenflüh che il cantone Berna hanno bocciato la modifica della legge sul servizio civile."
421,42.3,42.3,57.7,"Rumendingen (BE)","A Rumendingen, la modifica della legge sul servizio civile è stata respinta con il 57,7 per cento. Sia Rumendingen che il cantone Berna hanno bocciato la modifica della legge sul servizio civile."
422,71.5,71.5,28.5,"Rüti bei Lyssach (BE)","Sì alla modifica della legge sul servizio civile a Rüti bei Lyssach con il 71,5 per cento. Rüti bei Lyssach dice sì a la modifica della legge sul servizio civile, il cantone Berna dice no."
423,28.5,28.5,71.5,"Willadingen (BE)","Con il 71,5 per cento dei voti, la modifica della legge sul servizio civile viene respinta a Willadingen. Sia Willadingen che il cantone Berna hanno bocciato la modifica della legge sul servizio civile."
424,72.7,72.7,27.3,"Wynigen (BE)","Sì alla modifica della legge sul servizio civile a Wynigen con il 72,7 per cento. Wynigen dice sì a la modifica della legge sul servizio civile, il cantone Berna dice no."
431,85.8,85.8,14.2,"Corgémont (BE)","Sì alla modifica della legge sul servizio civile a Corgémont con il 85,8 per cento. Corgémont dice sì a la modifica della legge sul servizio civile, il cantone Berna dice no."
432,32.7,32.7,67.3,"Cormoret (BE)","A Cormoret la modifica della legge sul servizio civile non ottiene la maggioranza: 67,3 per cento di no. Sia Cormoret che il cantone Berna hanno bocciato la modifica della legge sul servizio civile."
433,81.2,81.2,18.8,"Cortébert (BE)","Sì alla modifica della legge sul servizio civile a Cortébert: 81,2 per cento. Cortébert dice sì a la modifica della legge sul servizio civile, il cantone Berna dice no."
434,42,42,58,"Courtelary (BE)","A Courtelary la modifica della legge sul servizio civile non ottiene la maggioranza: 58 per cento di no. Sia Courtelary che il cantone Berna hanno bocciato la modifica della legge sul servizio civile."
435,16.3,16.3,83.7,"La Ferrière (BE)","La popolazione di La Ferrière respinge la modifica della legge sul servizio civile con il 83,7 per cento. Sia La Ferrière che il cantone Berna hanno bocciato la modifica della legge sul servizio civile."
437,97,97,3,"Mont-Tramelan (BE)","Sì alla modifica della legge sul servizio civile a Mont-Tramelan, con il 97 per cento di voti favorevoli. Mont-Tramelan dice sì a la modifica della legge sul servizio civile, il cantone Berna dice no."
438,18.1,18.1,81.9,"Orvin (BE)","La popolazione di Orvin respinge la modifica della legge sul servizio civile con il 81,9 per cento. Sia Orvin che il cantone Berna hanno bocciato la modifica della legge sul servizio civile."
441,31.3,31.3,68.7,"Renan (BE)","Con il 68,7 per cento dei voti, Renan BE ha respinto la modifica della legge sul servizio civile. Sia Renan BE che il cantone Berna hanno bocciato la modifica della legge sul servizio civile."
442,68.4,68.4,31.6,"Romont (BE)","Sì alla modifica della legge sul servizio civile a Romont BE: 68,4 per cento. Romont BE dice sì a la modifica della legge sul servizio civile, il cantone Berna dice no."
443,64.3,64.3,35.7,"Saint-Imier (BE)","Sì alla modifica della legge sul servizio civile a Saint-Imier con il 64,3 per cento. Saint-Imier dice sì a la modifica della legge sul servizio civile, il cantone Berna dice no."
444,86.4,86.4,13.6,"Sonceboz-Sombeval (BE)","Sì alla modifica della legge sul servizio civile a Sonceboz-Sombeval: 86,4 per cento. Sonceboz-Sombeval dice sì a la modifica della legge sul servizio civile, il cantone Berna dice no."
445,46.4,46.4,53.6,"Sonvilier (BE)","Con il 53,6 per cento dei voti, la modifica della legge sul servizio civile viene respinta a Sonvilier. Sia Sonvilier che il cantone Berna hanno bocciato la modifica della legge sul servizio civile."
446,83.6,83.6,16.4,"Tramelan (BE)","Sì alla modifica della legge sul servizio civile a Tramelan: 83,6 per cento. Tramelan dice sì a la modifica della legge sul servizio civile, il cantone Berna dice no."
448,66.3,66.3,33.7,"Villeret (BE)","A Villeret, la modifica della legge sul servizio civile è approvata con il 66,3 per cento. Villeret dice sì a la modifica della legge sul servizio civile, il cantone Berna dice no."
449,17.4,17.4,82.6,"Sauge (BE)","Con il 82,6 per cento dei voti, Sauge ha respinto la modifica della legge sul servizio civile. Sia Sauge che il cantone Berna hanno bocciato la modifica della legge sul servizio civile."
450,65.3,65.3,34.7,"Péry-La Heutte (BE)","A Péry-La Heutte, la modifica della legge sul servizio civile è stata approvata con il 65,3 per cento. Péry-La Heutte dice sì a la modifica della legge sul servizio civile, il cantone Berna dice no."
491,33.9,33.9,66.1,"Brüttelen (BE)","La popolazione di Brüttelen respinge la modifica della legge sul servizio civile con il 66,1 per cento. Sia Brüttelen che il cantone Berna hanno bocciato la modifica della legge sul servizio civile."
492,32.8,32.8,67.2,"Cerlier (BE)","Con il 67,2 per cento dei voti, la modifica della legge sul servizio civile viene respinta a Erlach. Sia Erlach che il cantone Berna hanno bocciato la modifica della legge sul servizio civile."
493,99.2,99.2,0.8,"Finsterhennen (BE)","A Finsterhennen, la modifica della legge sul servizio civile è approvata con il 99,2 per cento. Nel cantone di Berna, Finsterhennen ha ottenuto il più alto tasso di sì per la modifica della legge sul servizio civile."
494,59.5,59.5,40.5,"Gals (BE)","Sì alla modifica della legge sul servizio civile a Gals: 59,5 per cento. Gals dice sì a la modifica della legge sul servizio civile, il cantone Berna dice no."
495,11.1,11.1,88.9,"Gampelen (BE)","La popolazione di Gampelen respinge la modifica della legge sul servizio civile con il 88,9 per cento. Sia Gampelen che il cantone Berna hanno bocciato la modifica della legge sul servizio civile."
496,41.5,41.5,58.5,"Anet (BE)","A Anet la modifica della legge sul servizio civile è stata respinta con il 58,5 per cento. Sia Anet che il cantone Berna hanno bocciato la modifica della legge sul servizio civile."
497,41.6,41.6,58.4,"Lüscherz (BE)","A Lüscherz la modifica della legge sul servizio civile non ottiene la maggioranza: 58,4 per cento di no. Sia Lüscherz che il cantone Berna hanno bocciato la modifica della legge sul servizio civile."
498,47.9,47.9,52.1,"Müntschemier (BE)","La popolazione di Müntschemier respinge la modifica della legge sul servizio civile con il 52,1 per cento. Sia Müntschemier che il cantone Berna hanno bocciato la modifica della legge sul servizio civile."
499,14.5,14.5,85.5,"Siselen (BE)","Con il 85,5 per cento dei voti, Siselen ha respinto la modifica della legge sul servizio civile. Sia Siselen che il cantone Berna hanno bocciato la modifica della legge sul servizio civile."
500,89,89,11,"Treiten (BE)","A Treiten la modifica della legge sul servizio civile è stata approvata con il 89 per cento. Treiten dice sì a la modifica della legge sul servizio civile, il cantone Berna dice no."
501,53.4,53.4,46.6,"Tschugg (BE)","Sì alla modifica della legge sul servizio civile a Tschugg: 53,4 per cento. Tschugg dice sì a la modifica della legge sul servizio civile, il cantone Berna dice no."
502,25,25,75,"Vinelz (BE)","Con il 75 per cento dei voti, la modifica della legge sul servizio civile viene respinta a Vinelz. Sia Vinelz che il cantone Berna hanno bocciato la modifica della legge sul servizio civile."
533,65.6,65.6,34.4,"Bätterkinden (BE)","La popolazione di Bätterkinden approva la modifica della legge sul servizio civile con il 65,6 per cento. Bätterkinden dice sì a la modifica della legge sul servizio civile, il cantone Berna dice no."
538,72.6,72.6,27.4,"Fraubrunnen (BE)","La popolazione di Fraubrunnen approva la modifica della legge sul servizio civile con il 72,6 per cento. Fraubrunnen dice sì a la modifica della legge sul servizio civile, il cantone Berna dice no."
540,35.9,35.9,64.1,"Jegenstorf (BE)","Con il 64,1 per cento dei voti, Jegenstorf ha respinto la modifica della legge sul servizio civile. Sia Jegenstorf che il cantone Berna hanno bocciato la modifica della legge sul servizio civile."
541,61.3,61.3,38.7,"Iffwil (BE)","A Iffwil, la modifica della legge sul servizio civile è stata approvata con il 61,3 per cento. Iffwil dice sì a la modifica della legge sul servizio civile, il cantone Berna dice no."
543,49.5,49.5,50.5,"Mattstetten (BE)","Con il 50,5 per cento dei voti, Mattstetten ha respinto la modifica della legge sul servizio civile. Sia Mattstetten che il cantone Berna hanno bocciato la modifica della legge sul servizio civile."
544,60.5,60.5,39.5,"Moosseedorf (BE)","A Moosseedorf, la modifica della legge sul servizio civile è stata approvata con il 60,5 per cento. Moosseedorf dice sì a la modifica della legge sul servizio civile, il cantone Berna dice no."
546,93.4,93.4,6.6,"Münchenbuchsee (BE)","La popolazione di Münchenbuchsee approva la modifica della legge sul servizio civile con il 93,4 per cento. Münchenbuchsee dice sì a la modifica della legge sul servizio civile, il cantone Berna dice no."
551,56.8,56.8,43.2,"Urtenen-Schönbühl (BE)","Sì alla modifica della legge sul servizio civile a Urtenen-Schönbühl, con il 56,8 per cento di voti favorevoli. Urtenen-Schönbühl dice sì a la modifica della legge sul servizio civile, il cantone Berna dice no."
552,26.6,26.6,73.4,"Utzenstorf (BE)","La popolazione di Utzenstorf respinge la modifica della legge sul servizio civile con il 73,4 per cento. Sia Utzenstorf che il cantone Berna hanno bocciato la modifica della legge sul servizio civile."
553,17.3,17.3,82.7,"Wiggiswil (BE)","Con il 82,7 per cento dei voti, Wiggiswil ha respinto la modifica della legge sul servizio civile. Sia Wiggiswil che il cantone Berna hanno bocciato la modifica della legge sul servizio civile."
554,30.6,30.6,69.4,"Wiler bei Utzenstorf (BE)","A Wiler bei Utzenstorf la modifica della legge sul servizio civile è stata respinta con il 69,4 per cento. Sia Wiler bei Utzenstorf che il cantone Berna hanno bocciato la modifica della legge sul servizio civile."
556,36.3,36.3,63.7,"Zielebach (BE)","La popolazione di Zielebach respinge la modifica della legge sul servizio civile con il 63,7 per cento. Sia Zielebach che il cantone Berna hanno bocciato la modifica della legge sul servizio civile."
557,46,46,54,"Zuzwil (BE)","A Zuzwil BE la modifica della legge sul servizio civile è stata respinta con il 54 per cento. Sia Zuzwil BE che il cantone Berna hanno bocciato la modifica della legge sul servizio civile."
561,79.2,79.2,20.8,"Adelboden (BE)","A Adelboden, la modifica della legge sul servizio civile è approvata con il 79,2 per cento. Adelboden dice sì a la modifica della legge sul servizio civile, il cantone Berna dice no."
562,46.4,46.4,53.6,"Aeschi bei Spiez (BE)","A Aeschi bei Spiez, la modifica della legge sul servizio civile è stata respinta con il 53,6 per cento. Sia Aeschi bei Spiez che il cantone Berna hanno bocciato la modifica della legge sul servizio civile."
563,1.8,1.8,98.2,"Frutigen (BE)","La popolazione di Frutigen respinge la modifica della legge sul servizio civile con il 98,2 per cento. Sia Frutigen che il cantone Berna hanno bocciato la modifica della legge sul servizio civile."
564,16,16,84,"Kandergrund (BE)","A Kandergrund la modifica della legge sul servizio civile è stata respinta con il 84 per cento. Sia Kandergrund che il cantone Berna hanno bocciato la modifica della legge sul servizio civile."
565,60.8,60.8,39.2,"Kandersteg (BE)","La popolazione di Kandersteg approva la modifica della legge sul servizio civile con il 60,8 per cento. Kandersteg dice sì a la modifica della legge sul servizio civile, il cantone Berna dice no."
566,18.9,18.9,81.1,"Krattigen (BE)","Con il 81,1 per cento dei voti, Krattigen ha respinto la modifica della legge sul servizio civile. Sia Krattigen che il cantone Berna hanno bocciato la modifica della legge sul servizio civile."
567,15.5,15.5,84.5,"Reichenbach im Kandertal (BE)","A Reichenbach im Kandertal la modifica della legge sul servizio civile è stata respinta con il 84,5 per cento. Sia Reichenbach im Kandertal che il cantone Berna hanno bocciato la modifica della legge sul servizio civile."
571,31.6,31.6,68.4,"Beatenberg (BE)","Con il 68,4 per cento dei voti, la modifica della legge sul servizio civile viene respinta a Beatenberg. Sia Beatenberg che il cantone Berna hanno bocciato la modifica della legge sul servizio civile."
572,82.4,82.4,17.6,"Bönigen (BE)","A Bönigen, la modifica della legge sul servizio civile è stata approvata con il 82,4 per cento. Bönigen dice sì a la modifica della legge sul servizio civile, il cantone Berna dice no."
573,67.2,67.2,32.8,"Brienz (BE)","Sì alla modifica della legge sul servizio civile a Brienz BE, con il 67,2 per cento di voti favorevoli. Brienz BE dice sì a la modifica della legge sul servizio civile, il cantone Berna dice no."
574,1.6,1.6,98.4,"Brienzwiler (BE)","A Brienzwiler, la modifica della legge sul servizio civile è stata respinta con il 98,4 per cento. Sia Brienzwiler che il cantone Berna hanno bocciato la modifica della legge sul servizio civile."
575,29.3,29.3,70.7,"Därligen (BE)","Con il 70,7 per cento dei voti, la modifica della legge sul servizio civile viene respinta a Därligen. Sia Därligen che il cantone Berna hanno bocciato la modifica della legge sul servizio civile."
576,90.1,90.1,9.9,"Grindelwald (BE)","Sì alla modifica della legge sul servizio civile a Grindelwald, con il 90,1 per cento di voti favorevoli. Grindelwald dice sì a la modifica della legge sul servizio civile, il cantone Berna dice no."
577,42.9,42.9,57.1,"Gsteigwiler (BE)","A Gsteigwiler la modifica della legge sul servizio civile è stata respinta con il 57,1 per cento. Sia Gsteigwiler che il cantone Berna hanno bocciato la modifica della legge sul servizio civile."
578,25,25,75,"Gündlischwand (BE)","La popolazione di Gündlischwand respinge la modifica della legge sul servizio civile con il 75 per cento. Sia Gündlischwand che il cantone Berna hanno bocciato la modifica della legge sul servizio civile."
579,57.9,57.9,42.1,"Habkern (BE)","A Habkern, la modifica della legge sul servizio civile è approvata con il 57,9 per cento. Habkern dice sì a la modifica della legge sul servizio civile, il cantone Berna dice no."
580,34.9,34.9,65.1,"Hofstetten bei Brienz (BE)","Con il 65,1 per cento dei voti, la modifica della legge sul servizio civile viene respinta a Hofstetten bei Brienz. Sia Hofstetten bei Brienz che il cantone Berna hanno bocciato la modifica della legge sul servizio civile."
581,88.3,88.3,11.7,"Interlaken (BE)","La popolazione di Interlaken approva la modifica della legge sul servizio civile con il 88,3 per cento. Interlaken dice sì a la modifica della legge sul servizio civile, il cantone Berna dice no."
582,54,54,46,"Iseltwald (BE)","Sì alla modifica della legge sul servizio civile a Iseltwald con il 54 per cento. Iseltwald dice sì a la modifica della legge sul servizio civile, il cantone Berna dice no."
584,28.6,28.6,71.4,"Lauterbrunnen (BE)","Con il 71,4 per cento dei voti, Lauterbrunnen ha respinto la modifica della legge sul servizio civile. Sia Lauterbrunnen che il cantone Berna hanno bocciato la modifica della legge sul servizio civile."
585,59,59,41,"Leissigen (BE)","A Leissigen, la modifica della legge sul servizio civile è approvata con il 59 per cento. Leissigen dice sì a la modifica della legge sul servizio civile, il cantone Berna dice no."
586,76,76,24,"Lütschental (BE)","Sì alla modifica della legge sul servizio civile a Lütschental, con il 76 per cento di voti favorevoli. Lütschental dice sì a la modifica della legge sul servizio civile, il cantone Berna dice no."
587,57.4,57.4,42.6,"Matten bei Interlaken (BE)","A Matten bei Interlaken, la modifica della legge sul servizio civile è approvata con il 57,4 per cento. Matten bei Interlaken dice sì a la modifica della legge sul servizio civile, il cantone Berna dice no."
588,24.8,24.8,75.2,"Niederried bei Interlaken (BE)","Con il 75,2 per cento dei voti, Niederried bei Interlaken ha respinto la modifica della legge sul servizio civile. Sia Niederried bei Interlaken che il cantone Berna hanno bocciato la modifica della legge sul servizio civile."
589,74.4,74.4,25.6,"Oberried am Brienzersee (BE)","A Oberried am Brienzersee, la modifica della legge sul servizio civile è stata approvata con il 74,4 per cento. Oberried am Brienzersee dice sì a la modifica della legge sul servizio civile, il cantone Berna dice no."
590,52.9,52.9,47.1,"Ringgenberg (BE)","A Ringgenberg BE la modifica della legge sul servizio civile è stata approvata con il 52,9 per cento. Ringgenberg BE dice sì a la modifica della legge sul servizio civile, il cantone Berna dice no."
591,78.1,78.1,21.9,"Saxeten (BE)","Sì alla modifica della legge sul servizio civile a Saxeten: 78,1 per cento. Saxeten dice sì a la modifica della legge sul servizio civile, il cantone Berna dice no."
592,73,73,27,"Schwanden bei Brienz (BE)","A Schwanden bei Brienz, la modifica della legge sul servizio civile è stata approvata con il 73 per cento. Schwanden bei Brienz dice sì a la modifica della legge sul servizio civile, il cantone Berna dice no."
593,39.5,39.5,60.5,"Unterseen (BE)","La popolazione di Unterseen respinge la modifica della legge sul servizio civile con il 60,5 per cento. Sia Unterseen che il cantone Berna hanno bocciato la modifica della legge sul servizio civile."
594,32.2,32.2,67.8,"Wilderswil (BE)","La popolazione di Wilderswil respinge la modifica della legge sul servizio civile con il 67,8 per cento. Sia Wilderswil che il cantone Berna hanno bocciato la modifica della legge sul servizio civile."
602,4.9,4.9,95.1,"Arni (BE)","A Arni BE la modifica della legge sul servizio civile è stata respinta con il 95,1 per cento. Sia Arni BE che il cantone Berna hanno bocciato la modifica della legge sul servizio civile."
603,56.6,56.6,43.4,"Biglen (BE)","La popolazione di Biglen approva la modifica della legge sul servizio civile con il 56,6 per cento. Biglen dice sì a la modifica della legge sul servizio civile, il cantone Berna dice no."
605,87.3,87.3,12.7,"Bowil (BE)","Sì alla modifica della legge sul servizio civile a Bowil, con il 87,3 per cento di voti favorevoli. Bowil dice sì a la modifica della legge sul servizio civile, il cantone Berna dice no."
606,56.7,56.7,43.3,"Brenzikofen (BE)","Sì alla modifica della legge sul servizio civile a Brenzikofen: 56,7 per cento. Brenzikofen dice sì a la modifica della legge sul servizio civile, il cantone Berna dice no."
607,56.8,56.8,43.2,"Freimettigen (BE)","A Freimettigen la modifica della legge sul servizio civile è stata approvata con il 56,8 per cento. Freimettigen dice sì a la modifica della legge sul servizio civile, il cantone Berna dice no."
608,46.6,46.6,53.4,"Grosshöchstetten (BE)","La popolazione di Grosshöchstetten respinge la modifica della legge sul servizio civile con il 53,4 per cento. Sia Grosshöchstetten che il cantone Berna hanno bocciato la modifica della legge sul servizio civile."
609,78.4,78.4,21.6,"Häutligen (BE)","Sì alla modifica della legge sul servizio civile a Häutligen, con il 78,4 per cento di voti favorevoli. Häutligen dice sì a la modifica della legge sul servizio civile, il cantone Berna dice no."
610,9.9,9.9,90.1,"Herbligen (BE)","A Herbligen la modifica della legge sul servizio civile non ottiene la maggioranza: 90,1 per cento di no. Sia Herbligen che il cantone Berna hanno bocciato la modifica della legge sul servizio civile."
611,34.7,34.7,65.3,"Kiesen (BE)","A Kiesen la modifica della legge sul servizio civile non ottiene la maggioranza: 65,3 per cento di no. Sia Kiesen che il cantone Berna hanno bocciato la modifica della legge sul servizio civile."
612,22.1,22.1,77.9,"Konolfingen (BE)","La popolazione di Konolfingen respinge la modifica della legge sul servizio civile con il 77,9 per cento. Sia Konolfingen che il cantone Berna hanno bocciato la modifica della legge sul servizio civile."
613,67,67,33,"Landiswil (BE)","La popolazione di Landiswil approva la modifica della legge sul servizio civile con il 67 per cento. Landiswil dice sì a la modifica della legge sul servizio civile, il cantone Berna dice no."
614,31.8,31.8,68.2,"Linden (BE)","A Linden la modifica della legge sul servizio civile è stata respinta con il 68,2 per cento. Sia Linden che il cantone Berna hanno bocciato la modifica della legge sul servizio civile."
615,46.2,46.2,53.8,"Mirchel (BE)","Con il 53,8 per cento dei voti, la modifica della legge sul servizio civile viene respinta a Mirchel. Sia Mirchel che il cantone Berna hanno bocciato la modifica della legge sul servizio civile."
616,41.6,41.6,58.4,"Münsingen (BE)","La popolazione di Münsingen respinge la modifica della legge sul servizio civile con il 58,4 per cento. Sia Münsingen che il cantone Berna hanno bocciato la modifica della legge sul servizio civile."
617,30.1,30.1,69.9,"Niederhünigen (BE)","A Niederhünigen, la modifica della legge sul servizio civile è stata respinta con il 69,9 per cento. Sia Niederhünigen che il cantone Berna hanno bocciato la modifica della legge sul servizio civile."
619,68.9,68.9,31.1,"Oberdiessbach (BE)","La popolazione di Oberdiessbach approva la modifica della legge sul servizio civile con il 68,9 per cento. Oberdiessbach dice sì a la modifica della legge sul servizio civile, il cantone Berna dice no."
620,14.9,14.9,85.1,"Oberthal (BE)","A Oberthal, la modifica della legge sul servizio civile è stata respinta con il 85,1 per cento. Sia Oberthal che il cantone Berna hanno bocciato la modifica della legge sul servizio civile."
622,48.4,48.4,51.6,"Oppligen (BE)","La popolazione di Oppligen respinge la modifica della legge sul servizio civile con il 51,6 per cento. Sia Oppligen che il cantone Berna hanno bocciato la modifica della legge sul servizio civile."
623,64.1,64.1,35.9,"Rubigen (BE)","A Rubigen la modifica della legge sul servizio civile è stata approvata con il 64,1 per cento. Rubigen dice sì a la modifica della legge sul servizio civile, il cantone Berna dice no."
626,59.8,59.8,40.2,"Walkringen (BE)","Sì alla modifica della legge sul servizio civile a Walkringen con il 59,8 per cento. Walkringen dice sì a la modifica della legge sul servizio civile, il cantone Berna dice no."
627,33.7,33.7,66.3,"Worb (BE)","A Worb, la modifica della legge sul servizio civile è stata respinta con il 66,3 per cento. Sia Worb che il cantone Berna hanno bocciato la modifica della legge sul servizio civile."
628,47.2,47.2,52.8,"Zäziwil (BE)","La popolazione di Zäziwil respinge la modifica della legge sul servizio civile con il 52,8 per cento. Sia Zäziwil che il cantone Berna hanno bocciato la modifica della legge sul servizio civile."
630,36.5,36.5,63.5,"Allmendingen (BE)","La popolazione di Allmendingen respinge la modifica della legge sul servizio civile con il 63,5 per cento. Sia Allmendingen che il cantone Berna hanno bocciato la modifica della legge sul servizio civile."
632,60,60,40,"Wichtrach (BE)","Sì alla modifica della legge sul servizio civile a Wichtrach: 60 per cento. Wichtrach dice sì a la modifica della legge sul servizio civile, il cantone Berna dice no."
662,37.6,37.6,62.4,"Ferenbalm (BE)","La popolazione di Ferenbalm respinge la modifica della legge sul servizio civile con il 62,4 per cento. Sia Ferenbalm che il cantone Berna hanno bocciato la modifica della legge sul servizio civile."
663,52.4,52.4,47.6,"Frauenkappelen (BE)","Sì alla modifica della legge sul servizio civile a Frauenkappelen, con il 52,4 per cento di voti favorevoli. Frauenkappelen dice sì a la modifica della legge sul servizio civile, il cantone Berna dice no."
665,59.2,59.2,40.8,"Gurbrü (BE)","A Gurbrü, la modifica della legge sul servizio civile è stata approvata con il 59,2 per cento. Gurbrü dice sì a la modifica della legge sul servizio civile, il cantone Berna dice no."
666,8.5,8.5,91.5,"Kriechenwil (BE)","Con il 91,5 per cento dei voti, la modifica della legge sul servizio civile viene respinta a Kriechenwil. Sia Kriechenwil che il cantone Berna hanno bocciato la modifica della legge sul servizio civile."
667,66.2,66.2,33.8,"Laupen (BE)","La popolazione di Laupen approva la modifica della legge sul servizio civile con il 66,2 per cento. Laupen dice sì a la modifica della legge sul servizio civile, il cantone Berna dice no."
668,73.2,73.2,26.8,"Mühleberg (BE)","Sì alla modifica della legge sul servizio civile a Mühleberg con il 73,2 per cento. Mühleberg dice sì a la modifica della legge sul servizio civile, il cantone Berna dice no."
669,34.2,34.2,65.8,"Villars-les-Moines (BE)","La popolazione di Villars-les-Moines respinge la modifica della legge sul servizio civile con il 65,8 per cento. Sia Villars-les-Moines che il cantone Berna hanno bocciato la modifica della legge sul servizio civile."
670,15.1,15.1,84.9,"Neuenegg (BE)","A Neuenegg, la modifica della legge sul servizio civile è stata respinta con il 84,9 per cento. Sia Neuenegg che il cantone Berna hanno bocciato la modifica della legge sul servizio civile."
671,53.5,53.5,46.5,"Wileroltigen (BE)","A Wileroltigen, la modifica della legge sul servizio civile è approvata con il 53,5 per cento. Wileroltigen dice sì a la modifica della legge sul servizio civile, il cantone Berna dice no."
681,49,49,51,"Belprahon (BE)","La popolazione di Belprahon respinge la modifica della legge sul servizio civile con il 51 per cento. Sia Belprahon che il cantone Berna hanno bocciato la modifica della legge sul servizio civile."
683,80.1,80.1,19.9,"Champoz (BE)","A Champoz la modifica della legge sul servizio civile è stata approvata con il 80,1 per cento. Champoz dice sì a la modifica della legge sul servizio civile, il cantone Berna dice no."
687,81.2,81.2,18.8,"Corcelles (BE)","A Corcelles BE, la modifica della legge sul servizio civile è stata approvata con il 81,2 per cento. Corcelles BE dice sì a la modifica della legge sul servizio civile, il cantone Berna dice no."
690,69.6,69.6,30.4,"Court (BE)","A Court, la modifica della legge sul servizio civile è approvata con il 69,6 per cento. Court dice sì a la modifica della legge sul servizio civile, il cantone Berna dice no."
691,30.2,30.2,69.8,"Crémines (BE)","A Crémines, la modifica della legge sul servizio civile è stata respinta con il 69,8 per cento. Sia Crémines che il cantone Berna hanno bocciato la modifica della legge sul servizio civile."
692,41.7,41.7,58.3,"Eschert (BE)","La popolazione di Eschert respinge la modifica della legge sul servizio civile con il 58,3 per cento. Sia Eschert che il cantone Berna hanno bocciato la modifica della legge sul servizio civile."
694,40.1,40.1,59.9,"Grandval (BE)","La popolazione di Grandval respinge la modifica della legge sul servizio civile con il 59,9 per cento. Sia Grandval che il cantone Berna hanno bocciato la modifica della legge sul servizio civile."
696,77.4,77.4,22.6,"Loveresse (BE)","Sì alla modifica della legge sul servizio civile a Loveresse: 77,4 per cento. Loveresse dice sì a la modifica della legge sul servizio civile, il cantone Berna dice no."
701,61.3,61.3,38.7,"Perrefitte (BE)","A Perrefitte, la modifica della legge sul servizio civile è stata approvata con il 61,3 per cento. Perrefitte dice sì a la modifica della legge sul servizio civile, il cantone Berna dice no."
703,72.4,72.4,27.6,"Reconvilier (BE)","Sì alla modifica della legge sul servizio civile a Reconvilier con il 72,4 per cento. Reconvilier dice sì a la modifica della legge sul servizio civile, il cantone Berna dice no."
704,93.4,93.4,6.6,"Roches (BE)","A Roches BE, la modifica della legge sul servizio civile è stata approvata con il 93,4 per cento. Roches BE dice sì a la modifica della legge sul servizio civile, il cantone Berna dice no."
706,56,56,44,"Saicourt (BE)","Sì alla modifica della legge sul servizio civile a Saicourt con il 56 per cento. Saicourt dice sì a la modifica della legge sul servizio civile, il cantone Berna dice no."
707,49.6,49.6,50.4,"Saules (BE)","Con il 50,4 per cento dei voti, Saules BE ha respinto la modifica della legge sul servizio civile. Sia Saules BE che il cantone Berna hanno bocciato la modifica della legge sul servizio civile."
708,96.4,96.4,3.6,"La Scheulte (BE)","A La Scheulte, la modifica della legge sul servizio civile è stata approvata con il 96,4 per cento. La Scheulte dice sì a la modifica della legge sul servizio civile, il cantone Berna dice no."
709,49.1,49.1,50.9,"Seehof (BE)","La popolazione di Seehof respinge la modifica della legge sul servizio civile con il 50,9 per cento. Sia Seehof che il cantone Berna hanno bocciato la modifica della legge sul servizio civile."
711,41.8,41.8,58.2,"Sorvilier (BE)","Con il 58,2 per cento dei voti, la modifica della legge sul servizio civile viene respinta a Sorvilier. Sia Sorvilier che il cantone Berna hanno bocciato la modifica della legge sul servizio civile."
713,58.7,58.7,41.3,"Tavannes (BE)","Sì alla modifica della legge sul servizio civile a Tavannes: 58,7 per cento. Tavannes dice sì a la modifica della legge sul servizio civile, il cantone Berna dice no."
715,51.3,51.3,48.7,"Rebévelier (BE)","A Rebévelier, la modifica della legge sul servizio civile è stata approvata con il 51,3 per cento. Rebévelier dice sì a la modifica della legge sul servizio civile, il cantone Berna dice no."
716,75.3,75.3,24.7,"Petit-Val (BE)","A Petit-Val la modifica della legge sul servizio civile è stata approvata con il 75,3 per cento. Petit-Val dice sì a la modifica della legge sul servizio civile, il cantone Berna dice no."
717,8.3,8.3,91.7,"Valbirse (BE)","A Valbirse la modifica della legge sul servizio civile non ottiene la maggioranza: 91,7 per cento di no. Sia Valbirse che il cantone Berna hanno bocciato la modifica della legge sul servizio civile."
723,32.5,32.5,67.5,"La Neuveville (BE)","Con il 67,5 per cento dei voti, la modifica della legge sul servizio civile viene respinta a La Neuveville. Sia La Neuveville che il cantone Berna hanno bocciato la modifica della legge sul servizio civile."
724,37.6,37.6,62.4,"Nods (BE)","A Nods la modifica della legge sul servizio civile è stata respinta con il 62,4 per cento. Sia Nods che il cantone Berna hanno bocciato la modifica della legge sul servizio civile."
726,95.5,95.5,4.5,"Plateau de Diesse (BE)","Sì alla modifica della legge sul servizio civile a Plateau de Diesse: 95,5 per cento. Plateau de Diesse dice sì a la modifica della legge sul servizio civile, il cantone Berna dice no."
731,84.3,84.3,15.7,"Aegerten (BE)","Sì alla modifica della legge sul servizio civile a Aegerten, con il 84,3 per cento di voti favorevoli. Aegerten dice sì a la modifica della legge sul servizio civile, il cantone Berna dice no."
732,48.1,48.1,51.9,"Bellmund (BE)","A Bellmund, la modifica della legge sul servizio civile è stata respinta con il 51,9 per cento. Sia Bellmund che il cantone Berna hanno bocciato la modifica della legge sul servizio civile."
733,90.9,90.9,9.1,"Brügg (BE)","Sì alla modifica della legge sul servizio civile a Brügg con il 90,9 per cento. Brügg dice sì a la modifica della legge sul servizio civile, il cantone Berna dice no."
734,91.4,91.4,8.6,"Bühl (BE)","Sì alla modifica della legge sul servizio civile a Bühl: 91,4 per cento. Bühl dice sì a la modifica della legge sul servizio civile, il cantone Berna dice no."
735,65.5,65.5,34.5,"Epsach (BE)","A Epsach, la modifica della legge sul servizio civile è approvata con il 65,5 per cento. Epsach dice sì a la modifica della legge sul servizio civile, il cantone Berna dice no."
736,48.7,48.7,51.3,"Hagneck (BE)","Con il 51,3 per cento dei voti, la modifica della legge sul servizio civile viene respinta a Hagneck. Sia Hagneck che il cantone Berna hanno bocciato la modifica della legge sul servizio civile."
737,71.3,71.3,28.7,"Hermrigen (BE)","Sì alla modifica della legge sul servizio civile a Hermrigen: 71,3 per cento. Hermrigen dice sì a la modifica della legge sul servizio civile, il cantone Berna dice no."
738,2.3,2.3,97.7,"Jens (BE)","Con il 97,7 per cento dei voti, la modifica della legge sul servizio civile viene respinta a Jens. Sia Jens che il cantone Berna hanno bocciato la modifica della legge sul servizio civile."
739,60.8,60.8,39.2,"Ipsach (BE)","A Ipsach, la modifica della legge sul servizio civile è approvata con il 60,8 per cento. Ipsach dice sì a la modifica della legge sul servizio civile, il cantone Berna dice no."
740,81.5,81.5,18.5,"Gléresse (BE)","La popolazione di Gléresse approva la modifica della legge sul servizio civile con il 81,5 per cento. Gléresse dice sì a la modifica della legge sul servizio civile, il cantone Berna dice no."
741,57,57,43,"Merzligen (BE)","A Merzligen la modifica della legge sul servizio civile è stata approvata con il 57 per cento. Merzligen dice sì a la modifica della legge sul servizio civile, il cantone Berna dice no."
742,18.3,18.3,81.7,"Mörigen (BE)","La popolazione di Mörigen respinge la modifica della legge sul servizio civile con il 81,7 per cento. Sia Mörigen che il cantone Berna hanno bocciato la modifica della legge sul servizio civile."
743,0.7,0.7,99.3,"Nidau (BE)","A Nidau la modifica della legge sul servizio civile è stata respinta con il 99,3 per cento. Il tasso più alto di no alla modifica della legge sul servizio civile nel cantone Berna è a Nidau."
744,49.3,49.3,50.7,"Orpund (BE)","A Orpund, la modifica della legge sul servizio civile è stata respinta con il 50,7 per cento. Sia Orpund che il cantone Berna hanno bocciato la modifica della legge sul servizio civile."
745,37.4,37.4,62.6,"Port (BE)","A Port la modifica della legge sul servizio civile non ottiene la maggioranza: 62,6 per cento di no. Sia Port che il cantone Berna hanno bocciato la modifica della legge sul servizio civile."
746,68.5,68.5,31.5,"Safnern (BE)","A Safnern, la modifica della legge sul servizio civile è stata approvata con il 68,5 per cento. Safnern dice sì a la modifica della legge sul servizio civile, il cantone Berna dice no."
747,53.3,53.3,46.7,"Scheuren (BE)","Sì alla modifica della legge sul servizio civile a Scheuren, con il 53,3 per cento di voti favorevoli. Scheuren dice sì a la modifica della legge sul servizio civile, il cantone Berna dice no."
748,59.7,59.7,40.3,"Schwadernau (BE)","A Schwadernau, la modifica della legge sul servizio civile è approvata con il 59,7 per cento. Schwadernau dice sì a la modifica della legge sul servizio civile, il cantone Berna dice no."
749,26.4,26.4,73.6,"Studen (BE)","Con il 73,6 per cento dei voti, Studen BE ha respinto la modifica della legge sul servizio civile. Sia Studen BE che il cantone Berna hanno bocciato la modifica della legge sul servizio civile."
750,43.3,43.3,56.7,"Sutz-Lattrigen (BE)","A Sutz-Lattrigen la modifica della legge sul servizio civile è stata respinta con il 56,7 per cento. Sia Sutz-Lattrigen che il cantone Berna hanno bocciato la modifica della legge sul servizio civile."
751,80,80,20,"Täuffelen (BE)","Sì alla modifica della legge sul servizio civile a Täuffelen: 80 per cento. Täuffelen dice sì a la modifica della legge sul servizio civile, il cantone Berna dice no."
754,58.1,58.1,41.9,"Walperswil (BE)","A Walperswil, la modifica della legge sul servizio civile è stata approvata con il 58,1 per cento. Walperswil dice sì a la modifica della legge sul servizio civile, il cantone Berna dice no."
755,33.2,33.2,66.8,"Worben (BE)","Con il 66,8 per cento dei voti, Worben ha respinto la modifica della legge sul servizio civile. Sia Worben che il cantone Berna hanno bocciato la modifica della legge sul servizio civile."
756,24.6,24.6,75.4,"Douanne-Daucher (BE)","La popolazione di Douanne-Daucher respinge la modifica della legge sul servizio civile con il 75,4 per cento. Sia Douanne-Daucher che il cantone Berna hanno bocciato la modifica della legge sul servizio civile."
761,47.1,47.1,52.9,"Därstetten (BE)","Con il 52,9 per cento dei voti, la modifica della legge sul servizio civile viene respinta a Därstetten. Sia Därstetten che il cantone Berna hanno bocciato la modifica della legge sul servizio civile."
762,34.4,34.4,65.6,"Diemtigen (BE)","A Diemtigen la modifica della legge sul servizio civile è stata respinta con il 65,6 per cento. Sia Diemtigen che il cantone Berna hanno bocciato la modifica della legge sul servizio civile."
763,54.3,54.3,45.7,"Erlenbach im Simmental (BE)","La popolazione di Erlenbach im Simmental approva la modifica della legge sul servizio civile con il 54,3 per cento. Erlenbach im Simmental dice sì a la modifica della legge sul servizio civile, il cantone Berna dice no."
766,55.3,55.3,44.7,"Oberwil im Simmental (BE)","A Oberwil im Simmental, la modifica della legge sul servizio civile è approvata con il 55,3 per cento. Oberwil im Simmental dice sì a la modifica della legge sul servizio civile, il cantone Berna dice no."
767,90.7,90.7,9.3,"Reutigen (BE)","A Reutigen la modifica della legge sul servizio civile è stata approvata con il 90,7 per cento. Reutigen dice sì a la modifica della legge sul servizio civile, il cantone Berna dice no."
768,61.8,61.8,38.2,"Spiez (BE)","A Spiez, la modifica della legge sul servizio civile è stata approvata con il 61,8 per cento. Spiez dice sì a la modifica della legge sul servizio civile, il cantone Berna dice no."
769,65.4,65.4,34.6,"Wimmis (BE)","Sì alla modifica della legge sul servizio civile a Wimmis con il 65,4 per cento. Wimmis dice sì a la modifica della legge sul servizio civile, il cantone Berna dice no."
770,30.5,30.5,69.5,"Stocken-Höfen (BE)","Con il 69,5 per cento dei voti, la modifica della legge sul servizio civile viene respinta a Stocken-Höfen. Sia Stocken-Höfen che il cantone Berna hanno bocciato la modifica della legge sul servizio civile."
782,60.1,60.1,39.9,"Guttannen (BE)","A Guttannen, la modifica della legge sul servizio civile è approvata con il 60,1 per cento. Guttannen dice sì a la modifica della legge sul servizio civile, il cantone Berna dice no."
783,51.4,51.4,48.6,"Hasliberg (BE)","A Hasliberg, la modifica della legge sul servizio civile è stata approvata con il 51,4 per cento. Hasliberg dice sì a la modifica della legge sul servizio civile, il cantone Berna dice no."
784,55.7,55.7,44.3,"Innertkirchen (BE)","Sì alla modifica della legge sul servizio civile a Innertkirchen, con il 55,7 per cento di voti favorevoli. Innertkirchen dice sì a la modifica della legge sul servizio civile, il cantone Berna dice no."
785,47.2,47.2,52.8,"Meiringen (BE)","A Meiringen la modifica della legge sul servizio civile non ottiene la maggioranza: 52,8 per cento di no. Sia Meiringen che il cantone Berna hanno bocciato la modifica della legge sul servizio civile."
786,30.6,30.6,69.4,"Schattenhalb (BE)","La popolazione di Schattenhalb respinge la modifica della legge sul servizio civile con il 69,4 per cento. Sia Schattenhalb che il cantone Berna hanno bocciato la modifica della legge sul servizio civile."
791,51.4,51.4,48.6,"Boltigen (BE)","Sì alla modifica della legge sul servizio civile a Boltigen, con il 51,4 per cento di voti favorevoli. Boltigen dice sì a la modifica della legge sul servizio civile, il cantone Berna dice no."
792,18.4,18.4,81.6,"Lenk (BE)","A Lenk la modifica della legge sul servizio civile è stata respinta con il 81,6 per cento. Sia Lenk che il cantone Berna hanno bocciato la modifica della legge sul servizio civile."
793,65.6,65.6,34.4,"Saint-Etienne (BE)","Sì alla modifica della legge sul servizio civile a Saint-Etienne, con il 65,6 per cento di voti favorevoli. Saint-Etienne dice sì a la modifica della legge sul servizio civile, il cantone Berna dice no."
794,61.2,61.2,38.8,"Zweisimmen (BE)","Sì alla modifica della legge sul servizio civile a Zweisimmen con il 61,2 per cento. Zweisimmen dice sì a la modifica della legge sul servizio civile, il cantone Berna dice no."
841,46.6,46.6,53.4,"Gsteig (BE)","Con il 53,4 per cento dei voti, Gsteig ha respinto la modifica della legge sul servizio civile. Sia Gsteig che il cantone Berna hanno bocciato la modifica della legge sul servizio civile."
842,68.6,68.6,31.4,"Lauenen (BE)","La popolazione di Lauenen approva la modifica della legge sul servizio civile con il 68,6 per cento. Lauenen dice sì a la modifica della legge sul servizio civile, il cantone Berna dice no."
843,72.1,72.1,27.9,"Gessenay (BE)","Sì alla modifica della legge sul servizio civile a Gessenay: 72,1 per cento. Gessenay dice sì a la modifica della legge sul servizio civile, il cantone Berna dice no."
852,17.5,17.5,82.5,"Guggisberg (BE)","La popolazione di Guggisberg respinge la modifica della legge sul servizio civile con il 82,5 per cento. Sia Guggisberg che il cantone Berna hanno bocciato la modifica della legge sul servizio civile."
853,90.9,90.9,9.1,"Rüschegg (BE)","A Rüschegg, la modifica della legge sul servizio civile è approvata con il 90,9 per cento. Rüschegg dice sì a la modifica della legge sul servizio civile, il cantone Berna dice no."
855,65.9,65.9,34.1,"Schwarzenburg (BE)","Sì alla modifica della legge sul servizio civile a Schwarzenburg, con il 65,9 per cento di voti favorevoli. Schwarzenburg dice sì a la modifica della legge sul servizio civile, il cantone Berna dice no."
861,86.6,86.6,13.4,"Belp (BE)","A Belp, la modifica della legge sul servizio civile è stata approvata con il 86,6 per cento. Belp dice sì a la modifica della legge sul servizio civile, il cantone Berna dice no."
863,65.7,65.7,34.3,"Burgistein (BE)","La popolazione di Burgistein approva la modifica della legge sul servizio civile con il 65,7 per cento. Burgistein dice sì a la modifica della legge sul servizio civile, il cantone Berna dice no."
866,54.2,54.2,45.8,"Gerzensee (BE)","A Gerzensee, la modifica della legge sul servizio civile è approvata con il 54,2 per cento. Gerzensee dice sì a la modifica della legge sul servizio civile, il cantone Berna dice no."
867,97.3,97.3,2.7,"Gurzelen (BE)","A Gurzelen, la modifica della legge sul servizio civile è stata approvata con il 97,3 per cento. Gurzelen dice sì a la modifica della legge sul servizio civile, il cantone Berna dice no."
868,81.2,81.2,18.8,"Jaberg (BE)","Sì alla modifica della legge sul servizio civile a Jaberg: 81,2 per cento. Jaberg dice sì a la modifica della legge sul servizio civile, il cantone Berna dice no."
869,46.3,46.3,53.7,"Kaufdorf (BE)","A Kaufdorf la modifica della legge sul servizio civile è stata respinta con il 53,7 per cento. Sia Kaufdorf che il cantone Berna hanno bocciato la modifica della legge sul servizio civile."
870,74.3,74.3,25.7,"Kehrsatz (BE)","Sì alla modifica della legge sul servizio civile a Kehrsatz con il 74,3 per cento. Kehrsatz dice sì a la modifica della legge sul servizio civile, il cantone Berna dice no."
872,50.7,50.7,49.3,"Kirchdorf (BE)","Sì alla modifica della legge sul servizio civile a Kirchdorf BE: 50,7 per cento. Kirchdorf BE dice sì a la modifica della legge sul servizio civile, il cantone Berna dice no."
879,42,42,58,"Riggisberg (BE)","La popolazione di Riggisberg respinge la modifica della legge sul servizio civile con il 58 per cento. Sia Riggisberg che il cantone Berna hanno bocciato la modifica della legge sul servizio civile."
880,64.7,64.7,35.3,"Rüeggisberg (BE)","La popolazione di Rüeggisberg approva la modifica della legge sul servizio civile con il 64,7 per cento. Rüeggisberg dice sì a la modifica della legge sul servizio civile, il cantone Berna dice no."
883,59.7,59.7,40.3,"Seftigen (BE)","Sì alla modifica della legge sul servizio civile a Seftigen: 59,7 per cento. Seftigen dice sì a la modifica della legge sul servizio civile, il cantone Berna dice no."
884,18.4,18.4,81.6,"Toffen (BE)","A Toffen la modifica della legge sul servizio civile è stata respinta con il 81,6 per cento. Sia Toffen che il cantone Berna hanno bocciato la modifica della legge sul servizio civile."
885,15.7,15.7,84.3,"Uttigen (BE)","A Uttigen, la modifica della legge sul servizio civile è stata respinta con il 84,3 per cento. Sia Uttigen che il cantone Berna hanno bocciato la modifica della legge sul servizio civile."
886,91.1,91.1,8.9,"Wattenwil (BE)","La popolazione di Wattenwil approva la modifica della legge sul servizio civile con il 91,1 per cento. Wattenwil dice sì a la modifica della legge sul servizio civile, il cantone Berna dice no."
888,44.7,44.7,55.3,"Wald (BE)","A Wald BE, la modifica della legge sul servizio civile è stata respinta con il 55,3 per cento. Sia Wald BE che il cantone Berna hanno bocciato la modifica della legge sul servizio civile."
889,53.4,53.4,46.6,"Thurnen (BE)","La popolazione di Thurnen approva la modifica della legge sul servizio civile con il 53,4 per cento. Thurnen dice sì a la modifica della legge sul servizio civile, il cantone Berna dice no."
901,31.7,31.7,68.3,"Eggiwil (BE)","La popolazione di Eggiwil respinge la modifica della legge sul servizio civile con il 68,3 per cento. Sia Eggiwil che il cantone Berna hanno bocciato la modifica della legge sul servizio civile."
902,41.3,41.3,58.7,"Langnau im Emmental (BE)","Con il 58,7 per cento dei voti, la modifica della legge sul servizio civile viene respinta a Langnau im Emmental. Sia Langnau im Emmental che il cantone Berna hanno bocciato la modifica della legge sul servizio civile."
903,52.5,52.5,47.5,"Lauperswil (BE)","La popolazione di Lauperswil approva la modifica della legge sul servizio civile con il 52,5 per cento. Lauperswil dice sì a la modifica della legge sul servizio civile, il cantone Berna dice no."
904,20.7,20.7,79.3,"Röthenbach im Emmental (BE)","A Röthenbach im Emmental, la modifica della legge sul servizio civile è stata respinta con il 79,3 per cento. Sia Röthenbach im Emmental che il cantone Berna hanno bocciato la modifica della legge sul servizio civile."
905,32.1,32.1,67.9,"Rüderswil (BE)","Con il 67,9 per cento dei voti, la modifica della legge sul servizio civile viene respinta a Rüderswil. Sia Rüderswil che il cantone Berna hanno bocciato la modifica della legge sul servizio civile."
906,87.7,87.7,12.3,"Schangnau (BE)","Sì alla modifica della legge sul servizio civile a Schangnau con il 87,7 per cento. Schangnau dice sì a la modifica della legge sul servizio civile, il cantone Berna dice no."
907,47,47,53,"Signau (BE)","La popolazione di Signau respinge la modifica della legge sul servizio civile con il 53 per cento. Sia Signau che il cantone Berna hanno bocciato la modifica della legge sul servizio civile."
908,52.4,52.4,47.6,"Trub (BE)","Sì alla modifica della legge sul servizio civile a Trub, con il 52,4 per cento di voti favorevoli. Trub dice sì a la modifica della legge sul servizio civile, il cantone Berna dice no."
909,55.7,55.7,44.3,"Trubschachen (BE)","Sì alla modifica della legge sul servizio civile a Trubschachen: 55,7 per cento. Trubschachen dice sì a la modifica della legge sul servizio civile, il cantone Berna dice no."
921,47.5,47.5,52.5,"Amsoldingen (BE)","La popolazione di Amsoldingen respinge la modifica della legge sul servizio civile con il 52,5 per cento. Sia Amsoldingen che il cantone Berna hanno bocciato la modifica della legge sul servizio civile."
922,90.2,90.2,9.8,"Blumenstein (BE)","A Blumenstein, la modifica della legge sul servizio civile è stata approvata con il 90,2 per cento. Blumenstein dice sì a la modifica della legge sul servizio civile, il cantone Berna dice no."
923,14.5,14.5,85.5,"Buchholterberg (BE)","A Buchholterberg la modifica della legge sul servizio civile non ottiene la maggioranza: 85,5 per cento di no. Sia Buchholterberg che il cantone Berna hanno bocciato la modifica della legge sul servizio civile."
924,66,66,34,"Eriz (BE)","Sì alla modifica della legge sul servizio civile a Eriz, con il 66 per cento di voti favorevoli. Eriz dice sì a la modifica della legge sul servizio civile, il cantone Berna dice no."
925,15.9,15.9,84.1,"Fahrni (BE)","La popolazione di Fahrni respinge la modifica della legge sul servizio civile con il 84,1 per cento. Sia Fahrni che il cantone Berna hanno bocciato la modifica della legge sul servizio civile."
927,72.9,72.9,27.1,"Heiligenschwendi (BE)","A Heiligenschwendi la modifica della legge sul servizio civile è stata approvata con il 72,9 per cento. Heiligenschwendi dice sì a la modifica della legge sul servizio civile, il cantone Berna dice no."
928,44.5,44.5,55.5,"Heimberg (BE)","A Heimberg la modifica della legge sul servizio civile non ottiene la maggioranza: 55,5 per cento di no. Sia Heimberg che il cantone Berna hanno bocciato la modifica della legge sul servizio civile."
929,33.2,33.2,66.8,"Hilterfingen (BE)","Con il 66,8 per cento dei voti, la modifica della legge sul servizio civile viene respinta a Hilterfingen. Sia Hilterfingen che il cantone Berna hanno bocciato la modifica della legge sul servizio civile."
931,47.7,47.7,52.3,"Homberg (BE)","La popolazione di Homberg respinge la modifica della legge sul servizio civile con il 52,3 per cento. Sia Homberg che il cantone Berna hanno bocciato la modifica della legge sul servizio civile."
932,38.6,38.6,61.4,"Horrenbach-Buchen (BE)","Con il 61,4 per cento dei voti, la modifica della legge sul servizio civile viene respinta a Horrenbach-Buchen. Sia Horrenbach-Buchen che il cantone Berna hanno bocciato la modifica della legge sul servizio civile."
934,16.1,16.1,83.9,"Oberhofen am Thunersee (BE)","A Oberhofen am Thunersee, la modifica della legge sul servizio civile è stata respinta con il 83,9 per cento. Sia Oberhofen am Thunersee che il cantone Berna hanno bocciato la modifica della legge sul servizio civile."
935,47.9,47.9,52.1,"Oberlangenegg (BE)","Con il 52,1 per cento dei voti, Oberlangenegg ha respinto la modifica della legge sul servizio civile. Sia Oberlangenegg che il cantone Berna hanno bocciato la modifica della legge sul servizio civile."
936,73.5,73.5,26.5,"Pohlern (BE)","A Pohlern, la modifica della legge sul servizio civile è stata approvata con il 73,5 per cento. Pohlern dice sì a la modifica della legge sul servizio civile, il cantone Berna dice no."
938,59.7,59.7,40.3,"Sigriswil (BE)","La popolazione di Sigriswil approva la modifica della legge sul servizio civile con il 59,7 per cento. Sigriswil dice sì a la modifica della legge sul servizio civile, il cantone Berna dice no."
939,42,42,58,"Steffisburg (BE)","La popolazione di Steffisburg respinge la modifica della legge sul servizio civile con il 58 per cento. Sia Steffisburg che il cantone Berna hanno bocciato la modifica della legge sul servizio civile."
940,46.7,46.7,53.3,"Teuffenthal (BE)","La popolazione di Teuffenthal BE respinge la modifica della legge sul servizio civile con il 53,3 per cento. Sia Teuffenthal BE che il cantone Berna hanno bocciato la modifica della legge sul servizio civile."
941,54.8,54.8,45.2,"Thierachern (BE)","La popolazione di Thierachern approva la modifica della legge sul servizio civile con il 54,8 per cento. Thierachern dice sì a la modifica della legge sul servizio civile, il cantone Berna dice no."
942,24.8,24.8,75.2,"Thoune (BE)","Con il 75,2 per cento dei voti, Thoune ha respinto la modifica della legge sul servizio civile. Sia Thoune che il cantone Berna hanno bocciato la modifica della legge sul servizio civile."
943,47.8,47.8,52.2,"Uebeschi (BE)","A Uebeschi la modifica della legge sul servizio civile non ottiene la maggioranza: 52,2 per cento di no. Sia Uebeschi che il cantone Berna hanno bocciato la modifica della legge sul servizio civile."
944,53.7,53.7,46.3,"Uetendorf (BE)","Sì alla modifica della legge sul servizio civile a Uetendorf: 53,7 per cento. Uetendorf dice sì a la modifica della legge sul servizio civile, il cantone Berna dice no."
945,46.3,46.3,53.7,"Unterlangenegg (BE)","La popolazione di Unterlangenegg respinge la modifica della legge sul servizio civile con il 53,7 per cento. Sia Unterlangenegg che il cantone Berna hanno bocciato la modifica della legge sul servizio civile."
946,6.9,6.9,93.1,"Wachseldorn (BE)","Con il 93,1 per cento dei voti, Wachseldorn ha respinto la modifica della legge sul servizio civile. Sia Wachseldorn che il cantone Berna hanno bocciato la modifica della legge sul servizio civile."
948,74,74,26,"Forst-Längenbühl (BE)","A Forst-Längenbühl, la modifica della legge sul servizio civile è approvata con il 74 per cento. Forst-Längenbühl dice sì a la modifica della legge sul servizio civile, il cantone Berna dice no."
951,58.3,58.3,41.7,"Affoltern im Emmental (BE)","La popolazione di Affoltern im Emmental approva la modifica della legge sul servizio civile con il 58,3 per cento. Affoltern im Emmental dice sì a la modifica della legge sul servizio civile, il cantone Berna dice no."
952,52.3,52.3,47.7,"Dürrenroth (BE)","A Dürrenroth, la modifica della legge sul servizio civile è stata approvata con il 52,3 per cento. Dürrenroth dice sì a la modifica della legge sul servizio civile, il cantone Berna dice no."
953,28.7,28.7,71.3,"Eriswil (BE)","A Eriswil, la modifica della legge sul servizio civile è stata respinta con il 71,3 per cento. Sia Eriswil che il cantone Berna hanno bocciato la modifica della legge sul servizio civile."
954,36.8,36.8,63.2,"Huttwil (BE)","A Huttwil la modifica della legge sul servizio civile non ottiene la maggioranza: 63,2 per cento di no. Sia Huttwil che il cantone Berna hanno bocciato la modifica della legge sul servizio civile."
955,42.9,42.9,57.1,"Lützelflüh (BE)","A Lützelflüh la modifica della legge sul servizio civile è stata respinta con il 57,1 per cento. Sia Lützelflüh che il cantone Berna hanno bocciato la modifica della legge sul servizio civile."
956,92.6,92.6,7.4,"Rüegsau (BE)","Sì alla modifica della legge sul servizio civile a Rüegsau: 92,6 per cento. Rüegsau dice sì a la modifica della legge sul servizio civile, il cantone Berna dice no."
957,61.6,61.6,38.4,"Sumiswald (BE)","A Sumiswald la modifica della legge sul servizio civile è stata approvata con il 61,6 per cento. Sumiswald dice sì a la modifica della legge sul servizio civile, il cantone Berna dice no."
958,33.4,33.4,66.6,"Trachselwald (BE)","Con il 66,6 per cento dei voti, la modifica della legge sul servizio civile viene respinta a Trachselwald. Sia Trachselwald che il cantone Berna hanno bocciato la modifica della legge sul servizio civile."
959,52,52,48,"Walterswil (BE)","Sì alla modifica della legge sul servizio civile a Walterswil BE: 52 per cento. Walterswil BE dice sì a la modifica della legge sul servizio civile, il cantone Berna dice no."
960,19,19,81,"Wyssachen (BE)","A Wyssachen la modifica della legge sul servizio civile non ottiene la maggioranza: 81 per cento di no. Sia Wyssachen che il cantone Berna hanno bocciato la modifica della legge sul servizio civile."
971,20,20,80,"Attiswil (BE)","Con il 80 per cento dei voti, la modifica della legge sul servizio civile viene respinta a Attiswil. Sia Attiswil che il cantone Berna hanno bocciato la modifica della legge sul servizio civile."
972,75.4,75.4,24.6,"Berken (BE)","Sì alla modifica della legge sul servizio civile a Berken, con il 75,4 per cento di voti favorevoli. Berken dice sì a la modifica della legge sul servizio civile, il cantone Berna dice no."
973,53.8,53.8,46.2,"Bettenhausen (BE)","Sì alla modifica della legge sul servizio civile a Bettenhausen con il 53,8 per cento. Bettenhausen dice sì a la modifica della legge sul servizio civile, il cantone Berna dice no."
975,48.6,48.6,51.4,"Farnern (BE)","Con il 51,4 per cento dei voti, la modifica della legge sul servizio civile viene respinta a Farnern. Sia Farnern che il cantone Berna hanno bocciato la modifica della legge sul servizio civile."
976,13.8,13.8,86.2,"Graben (BE)","A Graben la modifica della legge sul servizio civile è stata respinta con il 86,2 per cento. Sia Graben che il cantone Berna hanno bocciato la modifica della legge sul servizio civile."
977,55.7,55.7,44.3,"Heimenhausen (BE)","Sì alla modifica della legge sul servizio civile a Heimenhausen: 55,7 per cento. Heimenhausen dice sì a la modifica della legge sul servizio civile, il cantone Berna dice no."
979,79.9,79.9,20.1,"Herzogenbuchsee (BE)","Sì alla modifica della legge sul servizio civile a Herzogenbuchsee: 79,9 per cento. Herzogenbuchsee dice sì a la modifica della legge sul servizio civile, il cantone Berna dice no."
980,46.8,46.8,53.2,"Inkwil (BE)","A Inkwil, la modifica della legge sul servizio civile è stata respinta con il 53,2 per cento. Sia Inkwil che il cantone Berna hanno bocciato la modifica della legge sul servizio civile."
981,26.5,26.5,73.5,"Niederbipp (BE)","La popolazione di Niederbipp respinge la modifica della legge sul servizio civile con il 73,5 per cento. Sia Niederbipp che il cantone Berna hanno bocciato la modifica della legge sul servizio civile."
982,80.7,80.7,19.3,"Niederönz (BE)","Sì alla modifica della legge sul servizio civile a Niederönz, con il 80,7 per cento di voti favorevoli. Niederönz dice sì a la modifica della legge sul servizio civile, il cantone Berna dice no."
983,55.5,55.5,44.5,"Oberbipp (BE)","A Oberbipp, la modifica della legge sul servizio civile è approvata con il 55,5 per cento. Oberbipp dice sì a la modifica della legge sul servizio civile, il cantone Berna dice no."
985,41.2,41.2,58.8,"Ochlenberg (BE)","A Ochlenberg, la modifica della legge sul servizio civile è stata respinta con il 58,8 per cento. Sia Ochlenberg che il cantone Berna hanno bocciato la modifica della legge sul servizio civile."
987,35.8,35.8,64.2,"Rumisberg (BE)","Con il 64,2 per cento dei voti, Rumisberg ha respinto la modifica della legge sul servizio civile. Sia Rumisberg che il cantone Berna hanno bocciato la modifica della legge sul servizio civile."
988,59.7,59.7,40.3,"Seeberg (BE)","A Seeberg, la modifica della legge sul servizio civile è stata approvata con il 59,7 per cento. Seeberg dice sì a la modifica della legge sul servizio civile, il cantone Berna dice no."
989,51.6,51.6,48.4,"Thörigen (BE)","Sì alla modifica della legge sul servizio civile a Thörigen: 51,6 per cento. Thörigen dice sì a la modifica della legge sul servizio civile, il cantone Berna dice no."
990,31.2,31.2,68.8,"Walliswil bei Niederbipp (BE)","A Walliswil bei Niederbipp la modifica della legge sul servizio civile è stata respinta con il 68,8 per cento. Sia Walliswil bei Niederbipp che il cantone Berna hanno bocciato la modifica della legge sul servizio civile."
991,53.8,53.8,46.2,"Walliswil bei Wangen (BE)","A Walliswil bei Wangen la modifica della legge sul servizio civile è stata approvata con il 53,8 per cento. Walliswil bei Wangen dice sì a la modifica della legge sul servizio civile, il cantone Berna dice no."
992,56.9,56.9,43.1,"Wangen an der Aare (BE)","A Wangen an der Aare la modifica della legge sul servizio civile è stata approvata con il 56,9 per cento. Wangen an der Aare dice sì a la modifica della legge sul servizio civile, il cantone Berna dice no."
995,57.3,57.3,42.7,"Wiedlisbach (BE)","A Wiedlisbach la modifica della legge sul servizio civile è stata approvata con il 57,3 per cento. Wiedlisbach dice sì a la modifica della legge sul servizio civile, il cantone Berna dice no."
1001,53.4,53.4,46.6,"Doppleschwand (LU)","A Doppleschwand la modifica della legge sul servizio civile è stata approvata con il 53,4 per cento. Doppleschwand dice sì a la modifica della legge sul servizio civile, il cantone Lucerna dice no."
1002,37.2,37.2,62.8,"Entlebuch (LU)","La popolazione di Entlebuch respinge la modifica della legge sul servizio civile con il 62,8 per cento. Sia Entlebuch che il cantone Lucerna hanno bocciato la modifica della legge sul servizio civile."
1004,52.8,52.8,47.2,"Flühli (LU)","Sì alla modifica della legge sul servizio civile a Flühli con il 52,8 per cento. Flühli dice sì a la modifica della legge sul servizio civile, il cantone Lucerna dice no."
1005,39.7,39.7,60.3,"Hasle (LU)","La popolazione di Hasle LU respinge la modifica della legge sul servizio civile con il 60,3 per cento. Sia Hasle LU che il cantone Lucerna hanno bocciato la modifica della legge sul servizio civile."
1007,59.2,59.2,40.8,"Romoos (LU)","Sì alla modifica della legge sul servizio civile a Romoos con il 59,2 per cento. Romoos dice sì a la modifica della legge sul servizio civile, il cantone Lucerna dice no."
1008,27.6,27.6,72.4,"Schüpfheim (LU)","Con il 72,4 per cento dei voti, la modifica della legge sul servizio civile viene respinta a Schüpfheim. Sia Schüpfheim che il cantone Lucerna hanno bocciato la modifica della legge sul servizio civile."
1009,5.3,5.3,94.7,"Werthenstein (LU)","La popolazione di Werthenstein respinge la modifica della legge sul servizio civile con il 94,7 per cento. Sia Werthenstein che il cantone Lucerna hanno bocciato la modifica della legge sul servizio civile."
1010,2.1,2.1,97.9,"Escholzmatt-Marbach (LU)","Con il 97,9 per cento dei voti, la modifica della legge sul servizio civile viene respinta a Escholzmatt-Marbach. Il tasso più alto di no alla modifica della legge sul servizio civile nel cantone Lucerna è a Escholzmatt-Marbach."
1021,53.3,53.3,46.7,"Aesch (LU)","Sì alla modifica della legge sul servizio civile a Aesch LU: 53,3 per cento. Aesch LU dice sì a la modifica della legge sul servizio civile, il cantone Lucerna dice no."
1023,85.8,85.8,14.2,"Ballwil (LU)","Sì alla modifica della legge sul servizio civile a Ballwil: 85,8 per cento. Ballwil dice sì a la modifica della legge sul servizio civile, il cantone Lucerna dice no."
1024,34.4,34.4,65.6,"Emmen (LU)","A Emmen la modifica della legge sul servizio civile è stata respinta con il 65,6 per cento. Sia Emmen che il cantone Lucerna hanno bocciato la modifica della legge sul servizio civile."
1025,7.6,7.6,92.4,"Ermensee (LU)","La popolazione di Ermensee respinge la modifica della legge sul servizio civile con il 92,4 per cento. Sia Ermensee che il cantone Lucerna hanno bocciato la modifica della legge sul servizio civile."
1026,18.1,18.1,81.9,"Eschenbach (LU)","A Eschenbach LU la modifica della legge sul servizio civile non ottiene la maggioranza: 81,9 per cento di no. Sia Eschenbach LU che il cantone Lucerna hanno bocciato la modifica della legge sul servizio civile."
1030,70.4,70.4,29.6,"Hitzkirch (LU)","Sì alla modifica della legge sul servizio civile a Hitzkirch, con il 70,4 per cento di voti favorevoli. Hitzkirch dice sì a la modifica della legge sul servizio civile, il cantone Lucerna dice no."
1031,62.8,62.8,37.2,"Hochdorf (LU)","A Hochdorf, la modifica della legge sul servizio civile è stata approvata con il 62,8 per cento. Hochdorf dice sì a la modifica della legge sul servizio civile, il cantone Lucerna dice no."
1032,50.6,50.6,49.4,"Hohenrain (LU)","Sì alla modifica della legge sul servizio civile a Hohenrain: 50,6 per cento. Hohenrain dice sì a la modifica della legge sul servizio civile, il cantone Lucerna dice no."
1033,13.5,13.5,86.5,"Inwil (LU)","A Inwil, la modifica della legge sul servizio civile è stata respinta con il 86,5 per cento. Sia Inwil che il cantone Lucerna hanno bocciato la modifica della legge sul servizio civile."
1037,51.5,51.5,48.5,"Rain (LU)","A Rain, la modifica della legge sul servizio civile è approvata con il 51,5 per cento. Rain dice sì a la modifica della legge sul servizio civile, il cantone Lucerna dice no."
1039,65.3,65.3,34.7,"Römerswil (LU)","A Römerswil, la modifica della legge sul servizio civile è stata approvata con il 65,3 per cento. Römerswil dice sì a la modifica della legge sul servizio civile, il cantone Lucerna dice no."
1040,54,54,46,"Rothenburg (LU)","A Rothenburg la modifica della legge sul servizio civile è stata approvata con il 54 per cento. Rothenburg dice sì a la modifica della legge sul servizio civile, il cantone Lucerna dice no."
1041,63.3,63.3,36.7,"Schongau (LU)","Sì alla modifica della legge sul servizio civile a Schongau, con il 63,3 per cento di voti favorevoli. Schongau dice sì a la modifica della legge sul servizio civile, il cantone Lucerna dice no."
1051,52,52,48,"Adligenswil (LU)","La popolazione di Adligenswil approva la modifica della legge sul servizio civile con il 52 per cento. Adligenswil dice sì a la modifica della legge sul servizio civile, il cantone Lucerna dice no."
1052,39.7,39.7,60.3,"Buchrain (LU)","Con il 60,3 per cento dei voti, la modifica della legge sul servizio civile viene respinta a Buchrain. Sia Buchrain che il cantone Lucerna hanno bocciato la modifica della legge sul servizio civile."
1053,45.6,45.6,54.4,"Dierikon (LU)","La popolazione di Dierikon respinge la modifica della legge sul servizio civile con il 54,4 per cento. Sia Dierikon che il cantone Lucerna hanno bocciato la modifica della legge sul servizio civile."
1054,95.4,95.4,4.6,"Ebikon (LU)","Sì alla modifica della legge sul servizio civile a Ebikon: 95,4 per cento. Ebikon dice sì a la modifica della legge sul servizio civile, il cantone Lucerna dice no."
1055,56.5,56.5,43.5,"Gisikon (LU)","A Gisikon la modifica della legge sul servizio civile è stata approvata con il 56,5 per cento. Gisikon dice sì a la modifica della legge sul servizio civile, il cantone Lucerna dice no."
1056,17.1,17.1,82.9,"Greppen (LU)","A Greppen la modifica della legge sul servizio civile è stata respinta con il 82,9 per cento. Sia Greppen che il cantone Lucerna hanno bocciato la modifica della legge sul servizio civile."
1058,65,65,35,"Horw (LU)","La popolazione di Horw approva la modifica della legge sul servizio civile con il 65 per cento. Horw dice sì a la modifica della legge sul servizio civile, il cantone Lucerna dice no."
1059,49.3,49.3,50.7,"Kriens (LU)","Con il 50,7 per cento dei voti, Kriens ha respinto la modifica della legge sul servizio civile. Sia Kriens che il cantone Lucerna hanno bocciato la modifica della legge sul servizio civile."
1061,56.9,56.9,43.1,"Lucerna (LU)","Sì alla modifica della legge sul servizio civile a Lucerna con il 56,9 per cento. Lucerna dice sì a la modifica della legge sul servizio civile, il cantone Lucerna dice no."
1062,31.6,31.6,68.4,"Malters (LU)","La popolazione di Malters respinge la modifica della legge sul servizio civile con il 68,4 per cento. Sia Malters che il cantone Lucerna hanno bocciato la modifica della legge sul servizio civile."
1063,40.2,40.2,59.8,"Meggen (LU)","La popolazione di Meggen respinge la modifica della legge sul servizio civile con il 59,8 per cento. Sia Meggen che il cantone Lucerna hanno bocciato la modifica della legge sul servizio civile."
1064,69.3,69.3,30.7,"Meierskappel (LU)","La popolazione di Meierskappel approva la modifica della legge sul servizio civile con il 69,3 per cento. Meierskappel dice sì a la modifica della legge sul servizio civile, il cantone Lucerna dice no."
1065,47.6,47.6,52.4,"Root (LU)","La popolazione di Root respinge la modifica della legge sul servizio civile con il 52,4 per cento. Sia Root che il cantone Lucerna hanno bocciato la modifica della legge sul servizio civile."
1066,24.7,24.7,75.3,"Schwarzenberg (LU)","La popolazione di Schwarzenberg respinge la modifica della legge sul servizio civile con il 75,3 per cento. Sia Schwarzenberg che il cantone Lucerna hanno bocciato la modifica della legge sul servizio civile."
1067,32.1,32.1,67.9,"Udligenswil (LU)","La popolazione di Udligenswil respinge la modifica della legge sul servizio civile con il 67,9 per cento. Sia Udligenswil che il cantone Lucerna hanno bocciato la modifica della legge sul servizio civile."
1068,28.1,28.1,71.9,"Vitznau (LU)","A Vitznau, la modifica della legge sul servizio civile è stata respinta con il 71,9 per cento. Sia Vitznau che il cantone Lucerna hanno bocciato la modifica della legge sul servizio civile."
1069,56.1,56.1,43.9,"Weggis (LU)","A Weggis la modifica della legge sul servizio civile è stata approvata con il 56,1 per cento. Weggis dice sì a la modifica della legge sul servizio civile, il cantone Lucerna dice no."
1081,79.5,79.5,20.5,"Beromünster (LU)","Sì alla modifica della legge sul servizio civile a Beromünster, con il 79,5 per cento di voti favorevoli. Beromünster dice sì a la modifica della legge sul servizio civile, il cantone Lucerna dice no."
1082,28.3,28.3,71.7,"Büron (LU)","A Büron la modifica della legge sul servizio civile è stata respinta con il 71,7 per cento. Sia Büron che il cantone Lucerna hanno bocciato la modifica della legge sul servizio civile."
1083,46.1,46.1,53.9,"Buttisholz (LU)","A Buttisholz, la modifica della legge sul servizio civile è stata respinta con il 53,9 per cento. Sia Buttisholz che il cantone Lucerna hanno bocciato la modifica della legge sul servizio civile."
1084,38.1,38.1,61.9,"Eich (LU)","A Eich, la modifica della legge sul servizio civile è stata respinta con il 61,9 per cento. Sia Eich che il cantone Lucerna hanno bocciato la modifica della legge sul servizio civile."
1085,50.5,50.5,49.5,"Geuensee (LU)","La popolazione di Geuensee approva la modifica della legge sul servizio civile con il 50,5 per cento. Geuensee dice sì a la modifica della legge sul servizio civile, il cantone Lucerna dice no."
1086,33.6,33.6,66.4,"Grosswangen (LU)","Con il 66,4 per cento dei voti, Grosswangen ha respinto la modifica della legge sul servizio civile. Sia Grosswangen che il cantone Lucerna hanno bocciato la modifica della legge sul servizio civile."
1088,81.1,81.1,18.9,"Hildisrieden (LU)","La popolazione di Hildisrieden approva la modifica della legge sul servizio civile con il 81,1 per cento. Hildisrieden dice sì a la modifica della legge sul servizio civile, il cantone Lucerna dice no."
1089,47.7,47.7,52.3,"Knutwil (LU)","Con il 52,3 per cento dei voti, la modifica della legge sul servizio civile viene respinta a Knutwil. Sia Knutwil che il cantone Lucerna hanno bocciato la modifica della legge sul servizio civile."
1091,66.5,66.5,33.5,"Mauensee (LU)","A Mauensee, la modifica della legge sul servizio civile è stata approvata con il 66,5 per cento. Mauensee dice sì a la modifica della legge sul servizio civile, il cantone Lucerna dice no."
1093,5.4,5.4,94.6,"Neuenkirch (LU)","La popolazione di Neuenkirch respinge la modifica della legge sul servizio civile con il 94,6 per cento. Sia Neuenkirch che il cantone Lucerna hanno bocciato la modifica della legge sul servizio civile."
1094,88,88,12,"Nottwil (LU)","A Nottwil la modifica della legge sul servizio civile è stata approvata con il 88 per cento. Nottwil dice sì a la modifica della legge sul servizio civile, il cantone Lucerna dice no."
1095,23.6,23.6,76.4,"Oberkirch (LU)","Con il 76,4 per cento dei voti, la modifica della legge sul servizio civile viene respinta a Oberkirch. Sia Oberkirch che il cantone Lucerna hanno bocciato la modifica della legge sul servizio civile."
1097,18.4,18.4,81.6,"Rickenbach (LU)","Con il 81,6 per cento dei voti, Rickenbach LU ha respinto la modifica della legge sul servizio civile. Sia Rickenbach LU che il cantone Lucerna hanno bocciato la modifica della legge sul servizio civile."
1098,77.9,77.9,22.1,"Ruswil (LU)","Sì alla modifica della legge sul servizio civile a Ruswil: 77,9 per cento. Ruswil dice sì a la modifica della legge sul servizio civile, il cantone Lucerna dice no."
1099,9.1,9.1,90.9,"Schenkon (LU)","Con il 90,9 per cento dei voti, la modifica della legge sul servizio civile viene respinta a Schenkon. Sia Schenkon che il cantone Lucerna hanno bocciato la modifica della legge sul servizio civile."
1100,46.8,46.8,53.2,"Schlierbach (LU)","La popolazione di Schlierbach respinge la modifica della legge sul servizio civile con il 53,2 per cento. Sia Schlierbach che il cantone Lucerna hanno bocciato la modifica della legge sul servizio civile."
1102,17.8,17.8,82.2,"Sempach (LU)","La popolazione di Sempach respinge la modifica della legge sul servizio civile con il 82,2 per cento. Sia Sempach che il cantone Lucerna hanno bocciato la modifica della legge sul servizio civile."
1103,39.1,39.1,60.9,"Sursee (LU)","La popolazione di Sursee respinge la modifica della legge sul servizio civile con il 60,9 per cento. Sia Sursee che il cantone Lucerna hanno bocciato la modifica della legge sul servizio civile."
1104,62.6,62.6,37.4,"Triengen (LU)","A Triengen la modifica della legge sul servizio civile è stata approvata con il 62,6 per cento. Triengen dice sì a la modifica della legge sul servizio civile, il cantone Lucerna dice no."
1107,91.9,91.9,8.1,"Wolhusen (LU)","Sì alla modifica della legge sul servizio civile a Wolhusen: 91,9 per cento. Wolhusen dice sì a la modifica della legge sul servizio civile, il cantone Lucerna dice no."
1121,55.5,55.5,44.5,"Alberswil (LU)","A Alberswil, la modifica della legge sul servizio civile è approvata con il 55,5 per cento. Alberswil dice sì a la modifica della legge sul servizio civile, il cantone Lucerna dice no."
1122,54.5,54.5,45.5,"Altbüron (LU)","Sì alla modifica della legge sul servizio civile a Altbüron, con il 54,5 per cento di voti favorevoli. Altbüron dice sì a la modifica della legge sul servizio civile, il cantone Lucerna dice no."
1123,40.8,40.8,59.2,"Altishofen (LU)","Con il 59,2 per cento dei voti, la modifica della legge sul servizio civile viene respinta a Altishofen. Sia Altishofen che il cantone Lucerna hanno bocciato la modifica della legge sul servizio civile."
1125,67.8,67.8,32.2,"Dagmersellen (LU)","A Dagmersellen la modifica della legge sul servizio civile è stata approvata con il 67,8 per cento. Dagmersellen dice sì a la modifica della legge sul servizio civile, il cantone Lucerna dice no."
1127,61.2,61.2,38.8,"Egolzwil (LU)","Sì alla modifica della legge sul servizio civile a Egolzwil, con il 61,2 per cento di voti favorevoli. Egolzwil dice sì a la modifica della legge sul servizio civile, il cantone Lucerna dice no."
1128,88.5,88.5,11.5,"Ettiswil (LU)","La popolazione di Ettiswil approva la modifica della legge sul servizio civile con il 88,5 per cento. Ettiswil dice sì a la modifica della legge sul servizio civile, il cantone Lucerna dice no."
1129,62.9,62.9,37.1,"Fischbach (LU)","Sì alla modifica della legge sul servizio civile a Fischbach: 62,9 per cento. Fischbach dice sì a la modifica della legge sul servizio civile, il cantone Lucerna dice no."
1131,67.6,67.6,32.4,"Grossdietwil (LU)","Sì alla modifica della legge sul servizio civile a Grossdietwil, con il 67,6 per cento di voti favorevoli. Grossdietwil dice sì a la modifica della legge sul servizio civile, il cantone Lucerna dice no."
1132,59.2,59.2,40.8,"Hergiswil bei Willisau (LU)","La popolazione di Hergiswil bei Willisau approva la modifica della legge sul servizio civile con il 59,2 per cento. Hergiswil bei Willisau dice sì a la modifica della legge sul servizio civile, il cantone Lucerna dice no."
1135,38.2,38.2,61.8,"Luthern (LU)","A Luthern la modifica della legge sul servizio civile è stata respinta con il 61,8 per cento. Sia Luthern che il cantone Lucerna hanno bocciato la modifica della legge sul servizio civile."
1136,86.1,86.1,13.9,"Menznau (LU)","La popolazione di Menznau approva la modifica della legge sul servizio civile con il 86,1 per cento. Menznau dice sì a la modifica della legge sul servizio civile, il cantone Lucerna dice no."
1137,8.9,8.9,91.1,"Nebikon (LU)","A Nebikon, la modifica della legge sul servizio civile è stata respinta con il 91,1 per cento. Sia Nebikon che il cantone Lucerna hanno bocciato la modifica della legge sul servizio civile."
1139,33.3,33.3,66.7,"Pfaffnau (LU)","A Pfaffnau, la modifica della legge sul servizio civile è stata respinta con il 66,7 per cento. Sia Pfaffnau che il cantone Lucerna hanno bocciato la modifica della legge sul servizio civile."
1140,49.5,49.5,50.5,"Reiden (LU)","A Reiden la modifica della legge sul servizio civile non ottiene la maggioranza: 50,5 per cento di no. Sia Reiden che il cantone Lucerna hanno bocciato la modifica della legge sul servizio civile."
1142,17.6,17.6,82.4,"Roggliswil (LU)","A Roggliswil la modifica della legge sul servizio civile non ottiene la maggioranza: 82,4 per cento di no. Sia Roggliswil che il cantone Lucerna hanno bocciato la modifica della legge sul servizio civile."
1143,68.2,68.2,31.8,"Schötz (LU)","A Schötz, la modifica della legge sul servizio civile è stata approvata con il 68,2 per cento. Schötz dice sì a la modifica della legge sul servizio civile, il cantone Lucerna dice no."
1145,2.7,2.7,97.3,"Ufhusen (LU)","La popolazione di Ufhusen respinge la modifica della legge sul servizio civile con il 97,3 per cento. Sia Ufhusen che il cantone Lucerna hanno bocciato la modifica della legge sul servizio civile."
1146,53,53,47,"Wauwil (LU)","A Wauwil la modifica della legge sul servizio civile è stata approvata con il 53 per cento. Wauwil dice sì a la modifica della legge sul servizio civile, il cantone Lucerna dice no."
1147,50.6,50.6,49.4,"Wikon (LU)","A Wikon la modifica della legge sul servizio civile è stata approvata con il 50,6 per cento. Wikon dice sì a la modifica della legge sul servizio civile, il cantone Lucerna dice no."
1150,55.1,55.1,44.9,"Zell (LU) (LU)","Sì alla modifica della legge sul servizio civile a Zell LU: 55,1 per cento. Zell LU dice sì a la modifica della legge sul servizio civile, il cantone Lucerna dice no."
1151,97.9,97.9,2.1,"Willisau (LU)","La popolazione di Willisau approva la modifica della legge sul servizio civile con il 97,9 per cento. Nel cantone di Lucerna, Willisau ha ottenuto il più alto tasso di sì per la modifica della legge sul servizio civile."
1201,49.8,49.8,50.2,"Altdorf (UR)","Con il 50,2 per cento dei voti, Altdorf UR ha respinto la modifica della legge sul servizio civile. Divergenza: Altdorf UR dice no a la modifica della legge sul servizio civile, il cantone Uri dice sì."
1202,43,43,57,"Andermatt (UR)","La popolazione di Andermatt respinge la modifica della legge sul servizio civile con il 57 per cento. Divergenza: Andermatt dice no a la modifica della legge sul servizio civile, il cantone Uri dice sì."
1203,70.6,70.6,29.4,"Attinghausen (UR)","Sì alla modifica della legge sul servizio civile a Attinghausen con il 70,6 per cento. Attinghausen approva la modifica della legge sul servizio civile, così come il cantone Uri."
1205,51.8,51.8,48.2,"Bürglen (UR) (UR)","Sì alla modifica della legge sul servizio civile a Bürglen UR con il 51,8 per cento. Bürglen UR approva la modifica della legge sul servizio civile, così come il cantone Uri."
1206,16,16,84,"Erstfeld (UR)","A Erstfeld, la modifica della legge sul servizio civile è stata respinta con il 84 per cento. Divergenza: Erstfeld dice no a la modifica della legge sul servizio civile, il cantone Uri dice sì."
1207,48.8,48.8,51.2,"Flüelen (UR)","A Flüelen la modifica della legge sul servizio civile non ottiene la maggioranza: 51,2 per cento di no. Divergenza: Flüelen dice no a la modifica della legge sul servizio civile, il cantone Uri dice sì."
1208,15.9,15.9,84.1,"Göschenen (UR)","Con il 84,1 per cento dei voti, Göschenen ha respinto la modifica della legge sul servizio civile. Divergenza: Göschenen dice no a la modifica della legge sul servizio civile, il cantone Uri dice sì."
1209,53.9,53.9,46.1,"Gurtnellen (UR)","Sì alla modifica della legge sul servizio civile a Gurtnellen: 53,9 per cento. Gurtnellen approva la modifica della legge sul servizio civile, così come il cantone Uri."
1210,68.9,68.9,31.1,"Hospental (UR)","Sì alla modifica della legge sul servizio civile a Hospental: 68,9 per cento. Hospental approva la modifica della legge sul servizio civile, così come il cantone Uri."
1211,95.4,95.4,4.6,"Isenthal (UR)","A Isenthal la modifica della legge sul servizio civile è stata approvata con il 95,4 per cento. Isenthal approva la modifica della legge sul servizio civile, così come il cantone Uri."
1212,0.2,0.2,99.8,"Realp (UR)","Nel confronto svizzero, Realp è terza per il no alla modifica della legge sul servizio civile con il 99,8 per cento. Il tasso più alto di no alla modifica della legge sul servizio civile nel cantone Uri è a Realp."
1213,47.1,47.1,52.9,"Schattdorf (UR)","La popolazione di Schattdorf respinge la modifica della legge sul servizio civile con il 52,9 per cento. Divergenza: Schattdorf dice no a la modifica della legge sul servizio civile, il cantone Uri dice sì."
1214,46.7,46.7,53.3,"Seedorf (UR)","La popolazione di Seedorf UR respinge la modifica della legge sul servizio civile con il 53,3 per cento. Divergenza: Seedorf UR dice no a la modifica della legge sul servizio civile, il cantone Uri dice sì."
1215,40.9,40.9,59.1,"Seelisberg (UR)","A Seelisberg la modifica della legge sul servizio civile non ottiene la maggioranza: 59,1 per cento di no. Divergenza: Seelisberg dice no a la modifica della legge sul servizio civile, il cantone Uri dice sì."
1216,4.8,4.8,95.2,"Silenen (UR)","Con il 95,2 per cento dei voti, Silenen ha respinto la modifica della legge sul servizio civile. Divergenza: Silenen dice no a la modifica della legge sul servizio civile, il cantone Uri dice sì."
1217,99.2,99.2,0.8,"Sisikon (UR)","A Sisikon la modifica della legge sul servizio civile è stata approvata con il 99,2 per cento. Nel cantone di Uri, Sisikon ha ottenuto il più alto tasso di sì per la modifica della legge sul servizio civile."
1218,16.7,16.7,83.3,"Spiringen (UR)","A Spiringen, la modifica della legge sul servizio civile è stata respinta con il 83,3 per cento. Divergenza: Spiringen dice no a la modifica della legge sul servizio civile, il cantone Uri dice sì."
1219,52.5,52.5,47.5,"Unterschächen (UR)","A Unterschächen, la modifica della legge sul servizio civile è approvata con il 52,5 per cento. Unterschächen approva la modifica della legge sul servizio civile, così come il cantone Uri."
1220,51.2,51.2,48.8,"Wassen (UR)","Sì alla modifica della legge sul servizio civile a Wassen con il 51,2 per cento. Wassen approva la modifica della legge sul servizio civile, così come il cantone Uri."
1301,72.7,72.7,27.3,"Einsiedeln (SZ)","A Einsiedeln la modifica della legge sul servizio civile è stata approvata con il 72,7 per cento. Einsiedeln dice sì a la modifica della legge sul servizio civile, il cantone Svitto dice no."
1311,29,29,71,"Gersau (SZ)","Con il 71 per cento dei voti, Gersau ha respinto la modifica della legge sul servizio civile. Sia Gersau che il cantone Svitto hanno bocciato la modifica della legge sul servizio civile."
1321,54.5,54.5,45.5,"Feusisberg (SZ)","Sì alla modifica della legge sul servizio civile a Feusisberg con il 54,5 per cento. Feusisberg dice sì a la modifica della legge sul servizio civile, il cantone Svitto dice no."
1322,43.8,43.8,56.2,"Freienbach (SZ)","La popolazione di Freienbach respinge la modifica della legge sul servizio civile con il 56,2 per cento. Sia Freienbach che il cantone Svitto hanno bocciato la modifica della legge sul servizio civile."
1323,47.8,47.8,52.2,"Wollerau (SZ)","A Wollerau la modifica della legge sul servizio civile è stata respinta con il 52,2 per cento. Sia Wollerau che il cantone Svitto hanno bocciato la modifica della legge sul servizio civile."
1331,75.2,75.2,24.8,"Küssnacht (SZ)","Sì alla modifica della legge sul servizio civile a Küssnacht SZ con il 75,2 per cento. Küssnacht SZ dice sì a la modifica della legge sul servizio civile, il cantone Svitto dice no."
1341,48.5,48.5,51.5,"Altendorf (SZ)","A Altendorf, la modifica della legge sul servizio civile è stata respinta con il 51,5 per cento. Sia Altendorf che il cantone Svitto hanno bocciato la modifica della legge sul servizio civile."
1342,74.1,74.1,25.9,"Galgenen (SZ)","Sì alla modifica della legge sul servizio civile a Galgenen, con il 74,1 per cento di voti favorevoli. Galgenen dice sì a la modifica della legge sul servizio civile, il cantone Svitto dice no."
1343,46.2,46.2,53.8,"Innerthal (SZ)","A Innerthal la modifica della legge sul servizio civile non ottiene la maggioranza: 53,8 per cento di no. Sia Innerthal che il cantone Svitto hanno bocciato la modifica della legge sul servizio civile."
1344,49.5,49.5,50.5,"Lachen (SZ)","La popolazione di Lachen respinge la modifica della legge sul servizio civile con il 50,5 per cento. Sia Lachen che il cantone Svitto hanno bocciato la modifica della legge sul servizio civile."
1345,76.9,76.9,23.1,"Reichenburg (SZ)","A Reichenburg, la modifica della legge sul servizio civile è stata approvata con il 76,9 per cento. Reichenburg dice sì a la modifica della legge sul servizio civile, il cantone Svitto dice no."
1346,35.9,35.9,64.1,"Schübelbach (SZ)","A Schübelbach la modifica della legge sul servizio civile è stata respinta con il 64,1 per cento. Sia Schübelbach che il cantone Svitto hanno bocciato la modifica della legge sul servizio civile."
1347,62.7,62.7,37.3,"Tuggen (SZ)","La popolazione di Tuggen approva la modifica della legge sul servizio civile con il 62,7 per cento. Tuggen dice sì a la modifica della legge sul servizio civile, il cantone Svitto dice no."
1348,44.8,44.8,55.2,"Vorderthal (SZ)","Con il 55,2 per cento dei voti, Vorderthal ha respinto la modifica della legge sul servizio civile. Sia Vorderthal che il cantone Svitto hanno bocciato la modifica della legge sul servizio civile."
1349,86.5,86.5,13.5,"Wangen (SZ)","A Wangen SZ, la modifica della legge sul servizio civile è stata approvata con il 86,5 per cento. Nel cantone di Svitto, Wangen SZ ha ottenuto il più alto tasso di sì per la modifica della legge sul servizio civile."
1361,13.5,13.5,86.5,"Alpthal (SZ)","A Alpthal, la modifica della legge sul servizio civile è stata respinta con il 86,5 per cento. Sia Alpthal che il cantone Svitto hanno bocciato la modifica della legge sul servizio civile."
1362,4,4,96,"Arth (SZ)","Con il 96 per cento dei voti, la modifica della legge sul servizio civile viene respinta a Arth. Sia Arth che il cantone Svitto hanno bocciato la modifica della legge sul servizio civile."
1363,59.9,59.9,40.1,"Illgau (SZ)","A Illgau, la modifica della legge sul servizio civile è approvata con il 59,9 per cento. Illgau dice sì a la modifica della legge sul servizio civile, il cantone Svitto dice no."
1364,85.5,85.5,14.5,"Ingenbohl (SZ)","A Ingenbohl, la modifica della legge sul servizio civile è stata approvata con il 85,5 per cento. Ingenbohl dice sì a la modifica della legge sul servizio civile, il cantone Svitto dice no."
1365,46,46,54,"Lauerz (SZ)","A Lauerz, la modifica della legge sul servizio civile è stata respinta con il 54 per cento. Sia Lauerz che il cantone Svitto hanno bocciato la modifica della legge sul servizio civile."
1366,1.3,1.3,98.7,"Morschach (SZ)","La popolazione di Morschach respinge la modifica della legge sul servizio civile con il 98,7 per cento. Il tasso più alto di no alla modifica della legge sul servizio civile nel cantone Svitto è a Morschach."
1367,11.2,11.2,88.8,"Muotathal (SZ)","Con il 88,8 per cento dei voti, Muotathal ha respinto la modifica della legge sul servizio civile. Sia Muotathal che il cantone Svitto hanno bocciato la modifica della legge sul servizio civile."
1368,64,64,36,"Oberiberg (SZ)","Sì alla modifica della legge sul servizio civile a Oberiberg con il 64 per cento. Oberiberg dice sì a la modifica della legge sul servizio civile, il cantone Svitto dice no."
1369,64.5,64.5,35.5,"Riemenstalden (SZ)","Sì alla modifica della legge sul servizio civile a Riemenstalden, con il 64,5 per cento di voti favorevoli. Riemenstalden dice sì a la modifica della legge sul servizio civile, il cantone Svitto dice no."
1370,13.8,13.8,86.2,"Rothenthurm (SZ)","Con il 86,2 per cento dei voti, Rothenthurm ha respinto la modifica della legge sul servizio civile. Sia Rothenthurm che il cantone Svitto hanno bocciato la modifica della legge sul servizio civile."
1371,32.6,32.6,67.4,"Sattel (SZ)","A Sattel la modifica della legge sul servizio civile non ottiene la maggioranza: 67,4 per cento di no. Sia Sattel che il cantone Svitto hanno bocciato la modifica della legge sul servizio civile."
1372,44.5,44.5,55.5,"Svitto (SZ)","Con il 55,5 per cento dei voti, Svitto ha respinto la modifica della legge sul servizio civile. Sia Svitto che il cantone Svitto hanno bocciato la modifica della legge sul servizio civile."
1373,24.4,24.4,75.6,"Steinen (SZ)","Con il 75,6 per cento dei voti, la modifica della legge sul servizio civile viene respinta a Steinen. Sia Steinen che il cantone Svitto hanno bocciato la modifica della legge sul servizio civile."
1374,51.2,51.2,48.8,"Steinerberg (SZ)","La popolazione di Steinerberg approva la modifica della legge sul servizio civile con il 51,2 per cento. Steinerberg dice sì a la modifica della legge sul servizio civile, il cantone Svitto dice no."
1375,27.9,27.9,72.1,"Unteriberg (SZ)","A Unteriberg, la modifica della legge sul servizio civile è stata respinta con il 72,1 per cento. Sia Unteriberg che il cantone Svitto hanno bocciato la modifica della legge sul servizio civile."
1401,75.8,75.8,24.2,"Alpnach (OW)","Sì alla modifica della legge sul servizio civile a Alpnach: 75,8 per cento. Alpnach approva la modifica della legge sul servizio civile, così come il cantone Obvaldo."
1402,99.5,99.5,0.5,"Engelberg (OW)","A Engelberg, la modifica della legge sul servizio civile è stata approvata con il 99,5 per cento. Nel cantone di Obvaldo, Engelberg ha ottenuto il più alto tasso di sì per la modifica della legge sul servizio civile."
1403,44.2,44.2,55.8,"Giswil (OW)","La popolazione di Giswil respinge la modifica della legge sul servizio civile con il 55,8 per cento. Divergenza: Giswil dice no a la modifica della legge sul servizio civile, il cantone Obvaldo dice sì."
1404,15.3,15.3,84.7,"Kerns (OW)","A Kerns la modifica della legge sul servizio civile è stata respinta con il 84,7 per cento. Divergenza: Kerns dice no a la modifica della legge sul servizio civile, il cantone Obvaldo dice sì."
1405,27.5,27.5,72.5,"Lungern (OW)","A Lungern la modifica della legge sul servizio civile è stata respinta con il 72,5 per cento. Divergenza: Lungern dice no a la modifica della legge sul servizio civile, il cantone Obvaldo dice sì."
1406,55.3,55.3,44.7,"Sachseln (OW)","Sì alla modifica della legge sul servizio civile a Sachseln: 55,3 per cento. Sachseln approva la modifica della legge sul servizio civile, così come il cantone Obvaldo."
1407,14.6,14.6,85.4,"Sarnen (OW)","A Sarnen, la modifica della legge sul servizio civile è stata respinta con il 85,4 per cento. Il tasso più alto di no alla modifica della legge sul servizio civile nel cantone Obvaldo è a Sarnen."
1501,68.3,68.3,31.7,"Beckenried (NW)","A Beckenried, la modifica della legge sul servizio civile è approvata con il 68,3 per cento. Beckenried dice sì a la modifica della legge sul servizio civile, il cantone Nidvaldo dice no."
1502,78.1,78.1,21.9,"Buochs (NW)","A Buochs la modifica della legge sul servizio civile è stata approvata con il 78,1 per cento. Nel cantone di Nidvaldo, Buochs ha ottenuto il più alto tasso di sì per la modifica della legge sul servizio civile."
1503,37.7,37.7,62.3,"Dallenwil (NW)","La popolazione di Dallenwil respinge la modifica della legge sul servizio civile con il 62,3 per cento. Sia Dallenwil che il cantone Nidvaldo hanno bocciato la modifica della legge sul servizio civile."
1504,10.3,10.3,89.7,"Emmetten (NW)","A Emmetten, la modifica della legge sul servizio civile è stata respinta con il 89,7 per cento. Il tasso più alto di no alla modifica della legge sul servizio civile nel cantone Nidvaldo è a Emmetten."
1505,15.7,15.7,84.3,"Ennetbürgen (NW)","A Ennetbürgen, la modifica della legge sul servizio civile è stata respinta con il 84,3 per cento. Sia Ennetbürgen che il cantone Nidvaldo hanno bocciato la modifica della legge sul servizio civile."
1506,59.5,59.5,40.5,"Ennetmoos (NW)","A Ennetmoos, la modifica della legge sul servizio civile è approvata con il 59,5 per cento. Ennetmoos dice sì a la modifica della legge sul servizio civile, il cantone Nidvaldo dice no."
1507,34.5,34.5,65.5,"Hergiswil (NW)","La popolazione di Hergiswil NW respinge la modifica della legge sul servizio civile con il 65,5 per cento. Sia Hergiswil NW che il cantone Nidvaldo hanno bocciato la modifica della legge sul servizio civile."
1508,68.8,68.8,31.2,"Oberdorf (NW)","La popolazione di Oberdorf NW approva la modifica della legge sul servizio civile con il 68,8 per cento. Oberdorf NW dice sì a la modifica della legge sul servizio civile, il cantone Nidvaldo dice no."
1509,48.3,48.3,51.7,"Stans (NW)","A Stans, la modifica della legge sul servizio civile è stata respinta con il 51,7 per cento. Sia Stans che il cantone Nidvaldo hanno bocciato la modifica della legge sul servizio civile."
1510,51.9,51.9,48.1,"Stansstad (NW)","La popolazione di Stansstad approva la modifica della legge sul servizio civile con il 51,9 per cento. Stansstad dice sì a la modifica della legge sul servizio civile, il cantone Nidvaldo dice no."
1511,49.8,49.8,50.2,"Wolfenschiessen (NW)","La popolazione di Wolfenschiessen respinge la modifica della legge sul servizio civile con il 50,2 per cento. Sia Wolfenschiessen che il cantone Nidvaldo hanno bocciato la modifica della legge sul servizio civile."
1630,32.1,32.1,67.9,"Glarus Nord (GL)","A Glarus Nord la modifica della legge sul servizio civile è stata respinta con il 67,9 per cento. Divergenza: Glarus Nord dice no a la modifica della legge sul servizio civile, il cantone Glarona dice sì."
1631,51.7,51.7,48.3,"Glarus Süd (GL)","Sì alla modifica della legge sul servizio civile a Glarus Süd con il 51,7 per cento. Nel cantone di Glarona, Glarus Süd ha ottenuto il più alto tasso di sì per la modifica della legge sul servizio civile."
1632,21.7,21.7,78.3,"Glarona (GL)","Con il 78,3 per cento dei voti, la modifica della legge sul servizio civile viene respinta a Glarona. Il tasso più alto di no alla modifica della legge sul servizio civile nel cantone Glarona è a Glarona."
1701,39.1,39.1,60.9,"Baar (ZG)","A Baar la modifica della legge sul servizio civile è stata respinta con il 60,9 per cento. Sia Baar che il cantone Zugo hanno bocciato la modifica della legge sul servizio civile."
1702,81.5,81.5,18.5,"Cham (ZG)","A Cham, la modifica della legge sul servizio civile è stata approvata con il 81,5 per cento. Cham dice sì a la modifica della legge sul servizio civile, il cantone Zugo dice no."
1703,81.6,81.6,18.4,"Hünenberg (ZG)","Sì alla modifica della legge sul servizio civile a Hünenberg con il 81,6 per cento. Hünenberg dice sì a la modifica della legge sul servizio civile, il cantone Zugo dice no."
1704,76.6,76.6,23.4,"Menzingen (ZG)","La popolazione di Menzingen approva la modifica della legge sul servizio civile con il 76,6 per cento. Menzingen dice sì a la modifica della legge sul servizio civile, il cantone Zugo dice no."
1705,70.8,70.8,29.2,"Neuheim (ZG)","Sì alla modifica della legge sul servizio civile a Neuheim: 70,8 per cento. Neuheim dice sì a la modifica della legge sul servizio civile, il cantone Zugo dice no."
1706,13.6,13.6,86.4,"Oberägeri (ZG)","La popolazione di Oberägeri respinge la modifica della legge sul servizio civile con il 86,4 per cento. Il tasso più alto di no alla modifica della legge sul servizio civile nel cantone Zugo è a Oberägeri."
1707,33.4,33.4,66.6,"Risch (ZG)","Con il 66,6 per cento dei voti, Risch ha respinto la modifica della legge sul servizio civile. Sia Risch che il cantone Zugo hanno bocciato la modifica della legge sul servizio civile."
1708,35.1,35.1,64.9,"Steinhausen (ZG)","La popolazione di Steinhausen respinge la modifica della legge sul servizio civile con il 64,9 per cento. Sia Steinhausen che il cantone Zugo hanno bocciato la modifica della legge sul servizio civile."
1709,91.9,91.9,8.1,"Unterägeri (ZG)","A Unterägeri, la modifica della legge sul servizio civile è approvata con il 91,9 per cento. Nel cantone di Zugo, Unterägeri ha ottenuto il più alto tasso di sì per la modifica della legge sul servizio civile."
1710,64.6,64.6,35.4,"Walchwil (ZG)","A Walchwil, la modifica della legge sul servizio civile è stata approvata con il 64,6 per cento. Walchwil dice sì a la modifica della legge sul servizio civile, il cantone Zugo dice no."
1711,34.7,34.7,65.3,"Zugo (ZG)","Con il 65,3 per cento dei voti, la modifica della legge sul servizio civile viene respinta a Zugo. Sia Zugo che il cantone Zugo hanno bocciato la modifica della legge sul servizio civile."
2008,20,20,80,"Châtillon (FR)","Con il 80 per cento dei voti, la modifica della legge sul servizio civile viene respinta a Châtillon FR. Sia Châtillon FR che il cantone Friburgo hanno bocciato la modifica della legge sul servizio civile."
2011,34.7,34.7,65.3,"Cugy (FR)","A Cugy FR la modifica della legge sul servizio civile è stata respinta con il 65,3 per cento. Sia Cugy FR che il cantone Friburgo hanno bocciato la modifica della legge sul servizio civile."
2022,84.8,84.8,15.2,"Gletterens (FR)","A Gletterens, la modifica della legge sul servizio civile è stata approvata con il 84,8 per cento. Gletterens dice sì a la modifica della legge sul servizio civile, il cantone Friburgo dice no."
2025,37.8,37.8,62.2,"Lully (FR)","A Lully FR la modifica della legge sul servizio civile è stata respinta con il 62,2 per cento. Sia Lully FR che il cantone Friburgo hanno bocciato la modifica della legge sul servizio civile."
2029,73.9,73.9,26.1,"Montagny (FR)","A Montagny FR, la modifica della legge sul servizio civile è approvata con il 73,9 per cento. Montagny FR dice sì a la modifica della legge sul servizio civile, il cantone Friburgo dice no."
2035,61,61,39,"Nuvilly (FR)","A Nuvilly, la modifica della legge sul servizio civile è approvata con il 61 per cento. Nuvilly dice sì a la modifica della legge sul servizio civile, il cantone Friburgo dice no."
2038,86.2,86.2,13.8,"Prévondavaux (FR)","A Prévondavaux, la modifica della legge sul servizio civile è approvata con il 86,2 per cento. Prévondavaux dice sì a la modifica della legge sul servizio civile, il cantone Friburgo dice no."
2041,47.6,47.6,52.4,"Saint-Aubin (FR)","La popolazione di Saint-Aubin FR respinge la modifica della legge sul servizio civile con il 52,4 per cento. Sia Saint-Aubin FR che il cantone Friburgo hanno bocciato la modifica della legge sul servizio civile."
2043,70.7,70.7,29.3,"Sévaz (FR)","Sì alla modifica della legge sul servizio civile a Sévaz: 70,7 per cento. Sévaz dice sì a la modifica della legge sul servizio civile, il cantone Friburgo dice no."
2044,2.9,2.9,97.1,"Surpierre (FR)","Con il 97,1 per cento dei voti, Surpierre ha respinto la modifica della legge sul servizio civile. Il tasso più alto di no alla modifica della legge sul servizio civile nel cantone Friburgo è a Surpierre."
2045,62,62,38,"Vallon (FR)","Sì alla modifica della legge sul servizio civile a Vallon, con il 62 per cento di voti favorevoli. Vallon dice sì a la modifica della legge sul servizio civile, il cantone Friburgo dice no."
2050,47.1,47.1,52.9,"Les Montets (FR)","Con il 52,9 per cento dei voti, Les Montets ha respinto la modifica della legge sul servizio civile. Sia Les Montets che il cantone Friburgo hanno bocciato la modifica della legge sul servizio civile."
2051,51,51,49,"Delley-Portalban (FR)","A Delley-Portalban, la modifica della legge sul servizio civile è stata approvata con il 51 per cento. Delley-Portalban dice sì a la modifica della legge sul servizio civile, il cantone Friburgo dice no."
2053,57.4,57.4,42.6,"Belmont-Broye (FR)","La popolazione di Belmont-Broye approva la modifica della legge sul servizio civile con il 57,4 per cento. Belmont-Broye dice sì a la modifica della legge sul servizio civile, il cantone Friburgo dice no."
2054,87.3,87.3,12.7,"Estavayer (FR)","A Estavayer, la modifica della legge sul servizio civile è stata approvata con il 87,3 per cento. Estavayer dice sì a la modifica della legge sul servizio civile, il cantone Friburgo dice no."
2055,47.6,47.6,52.4,"Cheyres-Châbles (FR)","Con il 52,4 per cento dei voti, Cheyres-Châbles ha respinto la modifica della legge sul servizio civile. Sia Cheyres-Châbles che il cantone Friburgo hanno bocciato la modifica della legge sul servizio civile."
2056,42.2,42.2,57.8,"Fétigny-Ménières (FR)","Con il 57,8 per cento dei voti, la modifica della legge sul servizio civile viene respinta a Fétigny-Ménières. Sia Fétigny-Ménières che il cantone Friburgo hanno bocciato la modifica della legge sul servizio civile."
2063,62.6,62.6,37.4,"Billens-Hennens (FR)","A Billens-Hennens, la modifica della legge sul servizio civile è approvata con il 62,6 per cento. Billens-Hennens dice sì a la modifica della legge sul servizio civile, il cantone Friburgo dice no."
2067,70.8,70.8,29.2,"Le Châtelard (FR)","Sì alla modifica della legge sul servizio civile a Le Châtelard: 70,8 per cento. Le Châtelard dice sì a la modifica della legge sul servizio civile, il cantone Friburgo dice no."
2068,18.4,18.4,81.6,"Châtonnaye (FR)","Con il 81,6 per cento dei voti, Châtonnaye ha respinto la modifica della legge sul servizio civile. Sia Châtonnaye che il cantone Friburgo hanno bocciato la modifica della legge sul servizio civile."
2079,53.8,53.8,46.2,"Grangettes (FR)","La popolazione di Grangettes approva la modifica della legge sul servizio civile con il 53,8 per cento. Grangettes dice sì a la modifica della legge sul servizio civile, il cantone Friburgo dice no."
2086,78.2,78.2,21.8,"Massonnens (FR)","La popolazione di Massonnens approva la modifica della legge sul servizio civile con il 78,2 per cento. Massonnens dice sì a la modifica della legge sul servizio civile, il cantone Friburgo dice no."
2087,24.1,24.1,75.9,"Mézières (FR)","Con il 75,9 per cento dei voti, Mézières FR ha respinto la modifica della legge sul servizio civile. Sia Mézières FR che il cantone Friburgo hanno bocciato la modifica della legge sul servizio civile."
2096,54.1,54.1,45.9,"Romont (FR)","Sì alla modifica della legge sul servizio civile a Romont FR con il 54,1 per cento. Romont FR dice sì a la modifica della legge sul servizio civile, il cantone Friburgo dice no."
2097,25,25,75,"Rue (FR)","A Rue la modifica della legge sul servizio civile è stata respinta con il 75 per cento. Sia Rue che il cantone Friburgo hanno bocciato la modifica della legge sul servizio civile."
2099,70.3,70.3,29.7,"Siviriez (FR)","Sì alla modifica della legge sul servizio civile a Siviriez: 70,3 per cento. Siviriez dice sì a la modifica della legge sul servizio civile, il cantone Friburgo dice no."
2102,60.5,60.5,39.5,"Ursy (FR)","A Ursy, la modifica della legge sul servizio civile è stata approvata con il 60,5 per cento. Ursy dice sì a la modifica della legge sul servizio civile, il cantone Friburgo dice no."
2113,35.8,35.8,64.2,"Vuisternens-devant-Romont (FR)","A Vuisternens-devant-Romont la modifica della legge sul servizio civile è stata respinta con il 64,2 per cento. Sia Vuisternens-devant-Romont che il cantone Friburgo hanno bocciato la modifica della legge sul servizio civile."
2114,50.2,50.2,49.8,"Villorsonnens (FR)","La popolazione di Villorsonnens approva la modifica della legge sul servizio civile con il 50,2 per cento. Villorsonnens dice sì a la modifica della legge sul servizio civile, il cantone Friburgo dice no."
2115,53.8,53.8,46.2,"Torny (FR)","A Torny, la modifica della legge sul servizio civile è stata approvata con il 53,8 per cento. Torny dice sì a la modifica della legge sul servizio civile, il cantone Friburgo dice no."
2117,40.1,40.1,59.9,"Villaz (FR)","A Villaz la modifica della legge sul servizio civile è stata respinta con il 59,9 per cento. Sia Villaz che il cantone Friburgo hanno bocciato la modifica della legge sul servizio civile."
2121,60.8,60.8,39.2,"Haut-Intyamon (FR)","A Haut-Intyamon, la modifica della legge sul servizio civile è approvata con il 60,8 per cento. Haut-Intyamon dice sì a la modifica della legge sul servizio civile, il cantone Friburgo dice no."
2122,69.2,69.2,30.8,"Pont-en-Ogoz (FR)","Sì alla modifica della legge sul servizio civile a Pont-en-Ogoz, con il 69,2 per cento di voti favorevoli. Pont-en-Ogoz dice sì a la modifica della legge sul servizio civile, il cantone Friburgo dice no."
2123,8.6,8.6,91.4,"Botterens (FR)","A Botterens, la modifica della legge sul servizio civile è stata respinta con il 91,4 per cento. Sia Botterens che il cantone Friburgo hanno bocciato la modifica della legge sul servizio civile."
2124,64.6,64.6,35.4,"Broc (FR)","Sì alla modifica della legge sul servizio civile a Broc, con il 64,6 per cento di voti favorevoli. Broc dice sì a la modifica della legge sul servizio civile, il cantone Friburgo dice no."
2125,52.1,52.1,47.9,"Bulle (FR)","La popolazione di Bulle approva la modifica della legge sul servizio civile con il 52,1 per cento. Bulle dice sì a la modifica della legge sul servizio civile, il cantone Friburgo dice no."
2128,47.4,47.4,52.6,"Châtel-sur-Montsalvens (FR)","Con il 52,6 per cento dei voti, Châtel-sur-Montsalvens ha respinto la modifica della legge sul servizio civile. Sia Châtel-sur-Montsalvens che il cantone Friburgo hanno bocciato la modifica della legge sul servizio civile."
2129,48.5,48.5,51.5,"Corbières (FR)","Con il 51,5 per cento dei voti, la modifica della legge sul servizio civile viene respinta a Corbières. Sia Corbières che il cantone Friburgo hanno bocciato la modifica della legge sul servizio civile."
2130,67.3,67.3,32.7,"Crésuz (FR)","Sì alla modifica della legge sul servizio civile a Crésuz, con il 67,3 per cento di voti favorevoli. Crésuz dice sì a la modifica della legge sul servizio civile, il cantone Friburgo dice no."
2131,50.3,50.3,49.7,"Echarlens (FR)","Sì alla modifica della legge sul servizio civile a Echarlens con il 50,3 per cento. Echarlens dice sì a la modifica della legge sul servizio civile, il cantone Friburgo dice no."
2134,38.5,38.5,61.5,"Grandvillard (FR)","Con il 61,5 per cento dei voti, la modifica della legge sul servizio civile viene respinta a Grandvillard. Sia Grandvillard che il cantone Friburgo hanno bocciato la modifica della legge sul servizio civile."
2135,34.3,34.3,65.7,"Gruyères (FR)","Con il 65,7 per cento dei voti, Gruyères ha respinto la modifica della legge sul servizio civile. Sia Gruyères che il cantone Friburgo hanno bocciato la modifica della legge sul servizio civile."
2137,30.6,30.6,69.4,"Hauteville (FR)","La popolazione di Hauteville respinge la modifica della legge sul servizio civile con il 69,4 per cento. Sia Hauteville che il cantone Friburgo hanno bocciato la modifica della legge sul servizio civile."
2138,20.9,20.9,79.1,"Bellegarde (FR)","A Bellegarde la modifica della legge sul servizio civile non ottiene la maggioranza: 79,1 per cento di no. Sia Bellegarde che il cantone Friburgo hanno bocciato la modifica della legge sul servizio civile."
2140,50.1,50.1,49.9,"Marsens (FR)","Sì alla modifica della legge sul servizio civile a Marsens: 50,1 per cento. Marsens dice sì a la modifica della legge sul servizio civile, il cantone Friburgo dice no."
2143,70.2,70.2,29.8,"Morlon (FR)","A Morlon, la modifica della legge sul servizio civile è stata approvata con il 70,2 per cento. Morlon dice sì a la modifica della legge sul servizio civile, il cantone Friburgo dice no."
2145,44.8,44.8,55.2,"Le Pâquier (FR)","La popolazione di Le Pâquier FR respinge la modifica della legge sul servizio civile con il 55,2 per cento. Sia Le Pâquier FR che il cantone Friburgo hanno bocciato la modifica della legge sul servizio civile."
2147,71.8,71.8,28.2,"Pont-la-Ville (FR)","A Pont-la-Ville, la modifica della legge sul servizio civile è approvata con il 71,8 per cento. Pont-la-Ville dice sì a la modifica della legge sul servizio civile, il cantone Friburgo dice no."
2148,71.8,71.8,28.2,"Riaz (FR)","Sì alla modifica della legge sul servizio civile a Riaz: 71,8 per cento. Riaz dice sì a la modifica della legge sul servizio civile, il cantone Friburgo dice no."
2149,69.1,69.1,30.9,"La Roche (FR)","A La Roche la modifica della legge sul servizio civile è stata approvata con il 69,1 per cento. La Roche dice sì a la modifica della legge sul servizio civile, il cantone Friburgo dice no."
2152,41.2,41.2,58.8,"Sâles (FR)","A Sâles la modifica della legge sul servizio civile non ottiene la maggioranza: 58,8 per cento di no. Sia Sâles che il cantone Friburgo hanno bocciato la modifica della legge sul servizio civile."
2153,57.4,57.4,42.6,"Sorens (FR)","La popolazione di Sorens approva la modifica della legge sul servizio civile con il 57,4 per cento. Sorens dice sì a la modifica della legge sul servizio civile, il cantone Friburgo dice no."
2155,51.3,51.3,48.7,"Vaulruz (FR)","Sì alla modifica della legge sul servizio civile a Vaulruz, con il 51,3 per cento di voti favorevoli. Vaulruz dice sì a la modifica della legge sul servizio civile, il cantone Friburgo dice no."
2160,52.2,52.2,47.8,"Vuadens (FR)","Sì alla modifica della legge sul servizio civile a Vuadens con il 52,2 per cento. Vuadens dice sì a la modifica della legge sul servizio civile, il cantone Friburgo dice no."
2162,20.9,20.9,79.1,"Bas-Intyamon (FR)","Con il 79,1 per cento dei voti, Bas-Intyamon ha respinto la modifica della legge sul servizio civile. Sia Bas-Intyamon che il cantone Friburgo hanno bocciato la modifica della legge sul servizio civile."
2163,8.1,8.1,91.9,"Val-de-Charmey (FR)","La popolazione di Val-de-Charmey respinge la modifica della legge sul servizio civile con il 91,9 per cento. Sia Val-de-Charmey che il cantone Friburgo hanno bocciato la modifica della legge sul servizio civile."
2173,73.8,73.8,26.2,"Autigny (FR)","Sì alla modifica della legge sul servizio civile a Autigny con il 73,8 per cento. Autigny dice sì a la modifica della legge sul servizio civile, il cantone Friburgo dice no."
2174,78.5,78.5,21.5,"Avry (FR)","A Avry la modifica della legge sul servizio civile è stata approvata con il 78,5 per cento. Avry dice sì a la modifica della legge sul servizio civile, il cantone Friburgo dice no."
2175,49.2,49.2,50.8,"Belfaux (FR)","A Belfaux, la modifica della legge sul servizio civile è stata respinta con il 50,8 per cento. Sia Belfaux che il cantone Friburgo hanno bocciato la modifica della legge sul servizio civile."
2177,63.4,63.4,36.6,"Chénens (FR)","Sì alla modifica della legge sul servizio civile a Chénens: 63,4 per cento. Chénens dice sì a la modifica della legge sul servizio civile, il cantone Friburgo dice no."
2183,68.2,68.2,31.8,"Corminboeuf (FR)","Sì alla modifica della legge sul servizio civile a Corminboeuf, con il 68,2 per cento di voti favorevoli. Corminboeuf dice sì a la modifica della legge sul servizio civile, il cantone Friburgo dice no."
2186,47.1,47.1,52.9,"Cottens (FR)","La popolazione di Cottens FR respinge la modifica della legge sul servizio civile con il 52,9 per cento. Sia Cottens FR che il cantone Friburgo hanno bocciato la modifica della legge sul servizio civile."
2194,19.3,19.3,80.7,"Ferpicloz (FR)","Con il 80,7 per cento dei voti, la modifica della legge sul servizio civile viene respinta a Ferpicloz. Sia Ferpicloz che il cantone Friburgo hanno bocciato la modifica della legge sul servizio civile."
2196,20.4,20.4,79.6,"Friburgo (FR)","La popolazione di Friburgo respinge la modifica della legge sul servizio civile con il 79,6 per cento. Sia Friburgo che il cantone Friburgo hanno bocciato la modifica della legge sul servizio civile."
2197,46.7,46.7,53.3,"Givisiez (FR)","Con il 53,3 per cento dei voti, la modifica della legge sul servizio civile viene respinta a Givisiez. Sia Givisiez che il cantone Friburgo hanno bocciato la modifica della legge sul servizio civile."
2198,34.9,34.9,65.1,"Granges-Paccot (FR)","A Granges-Paccot la modifica della legge sul servizio civile non ottiene la maggioranza: 65,1 per cento di no. Sia Granges-Paccot che il cantone Friburgo hanno bocciato la modifica della legge sul servizio civile."
2206,12.3,12.3,87.7,"Marly (FR)","A Marly la modifica della legge sul servizio civile non ottiene la maggioranza: 87,7 per cento di no. Sia Marly che il cantone Friburgo hanno bocciato la modifica della legge sul servizio civile."
2208,70,70,30,"Matran (FR)","A Matran, la modifica della legge sul servizio civile è approvata con il 70 per cento. Matran dice sì a la modifica della legge sul servizio civile, il cantone Friburgo dice no."
2211,53.3,53.3,46.7,"Neyruz (FR)","La popolazione di Neyruz FR approva la modifica della legge sul servizio civile con il 53,3 per cento. Neyruz FR dice sì a la modifica della legge sul servizio civile, il cantone Friburgo dice no."
2216,5.1,5.1,94.9,"Pierrafortscha (FR)","La popolazione di Pierrafortscha respinge la modifica della legge sul servizio civile con il 94,9 per cento. Sia Pierrafortscha che il cantone Friburgo hanno bocciato la modifica della legge sul servizio civile."
2220,54.7,54.7,45.3,"Le Mouret (FR)","A Le Mouret, la modifica della legge sul servizio civile è stata approvata con il 54,7 per cento. Le Mouret dice sì a la modifica della legge sul servizio civile, il cantone Friburgo dice no."
2226,61.9,61.9,38.1,"Treyvaux (FR)","Sì alla modifica della legge sul servizio civile a Treyvaux, con il 61,9 per cento di voti favorevoli. Treyvaux dice sì a la modifica della legge sul servizio civile, il cantone Friburgo dice no."
2228,16,16,84,"Villars-sur-Glâne (FR)","A Villars-sur-Glâne la modifica della legge sul servizio civile non ottiene la maggioranza: 84 per cento di no. Sia Villars-sur-Glâne che il cantone Friburgo hanno bocciato la modifica della legge sul servizio civile."
2230,41.2,41.2,58.8,"Villarsel-sur-Marly (FR)","Con il 58,8 per cento dei voti, Villarsel-sur-Marly ha respinto la modifica della legge sul servizio civile. Sia Villarsel-sur-Marly che il cantone Friburgo hanno bocciato la modifica della legge sul servizio civile."
2233,47.5,47.5,52.5,"Hauterive (FR)","La popolazione di Hauterive FR respinge la modifica della legge sul servizio civile con il 52,5 per cento. Sia Hauterive FR che il cantone Friburgo hanno bocciato la modifica della legge sul servizio civile."
2234,72.3,72.3,27.7,"La Brillaz (FR)","Sì alla modifica della legge sul servizio civile a La Brillaz, con il 72,3 per cento di voti favorevoli. La Brillaz dice sì a la modifica della legge sul servizio civile, il cantone Friburgo dice no."
2235,67.2,67.2,32.8,"La Sonnaz (FR)","A La Sonnaz, la modifica della legge sul servizio civile è approvata con il 67,2 per cento. La Sonnaz dice sì a la modifica della legge sul servizio civile, il cantone Friburgo dice no."
2236,45.6,45.6,54.4,"Gibloux (FR)","Con il 54,4 per cento dei voti, la modifica della legge sul servizio civile viene respinta a Gibloux. Sia Gibloux che il cantone Friburgo hanno bocciato la modifica della legge sul servizio civile."
2237,23.5,23.5,76.5,"Prez (FR)","Con il 76,5 per cento dei voti, Prez ha respinto la modifica della legge sul servizio civile. Sia Prez che il cantone Friburgo hanno bocciato la modifica della legge sul servizio civile."
2238,39.7,39.7,60.3,"Bois-d'Amont (((FR)))","La popolazione di Bois-d'Amont respinge la modifica della legge sul servizio civile con il 60,3 per cento. Sia Bois-d'Amont che il cantone Friburgo hanno bocciato la modifica della legge sul servizio civile."
2239,49.4,49.4,50.6,"Grolley-Ponthaux (FR)","Con il 50,6 per cento dei voti, Grolley-Ponthaux ha respinto la modifica della legge sul servizio civile. Sia Grolley-Ponthaux che il cantone Friburgo hanno bocciato la modifica della legge sul servizio civile."
2250,37,37,63,"Courgevaux (FR)","A Courgevaux la modifica della legge sul servizio civile è stata respinta con il 63 per cento. Sia Courgevaux che il cantone Friburgo hanno bocciato la modifica della legge sul servizio civile."
2254,49.8,49.8,50.2,"Courtepin (FR)","Con il 50,2 per cento dei voti, Courtepin ha respinto la modifica della legge sul servizio civile. Sia Courtepin che il cantone Friburgo hanno bocciato la modifica della legge sul servizio civile."
2257,38.5,38.5,61.5,"Cressier (FR)","La popolazione di Cressier FR respinge la modifica della legge sul servizio civile con il 61,5 per cento. Sia Cressier FR che il cantone Friburgo hanno bocciato la modifica della legge sul servizio civile."
2258,69.1,69.1,30.9,"Fräschels (FR)","A Fräschels, la modifica della legge sul servizio civile è approvata con il 69,1 per cento. Fräschels dice sì a la modifica della legge sul servizio civile, il cantone Friburgo dice no."
2261,78.8,78.8,21.2,"Greng (FR)","Sì alla modifica della legge sul servizio civile a Greng: 78,8 per cento. Greng dice sì a la modifica della legge sul servizio civile, il cantone Friburgo dice no."
2262,91.1,91.1,8.9,"Cormondes (FR)","A Cormondes la modifica della legge sul servizio civile è stata approvata con il 91,1 per cento. Nel cantone di Friburgo, Cormondes ha ottenuto il più alto tasso di sì per la modifica della legge sul servizio civile."
2265,58.2,58.2,41.8,"Chiètres (FR)","A Chiètres, la modifica della legge sul servizio civile è approvata con il 58,2 per cento. Chiètres dice sì a la modifica della legge sul servizio civile, il cantone Friburgo dice no."
2266,44.8,44.8,55.2,"Kleinbösingen (FR)","A Kleinbösingen, la modifica della legge sul servizio civile è stata respinta con il 55,2 per cento. Sia Kleinbösingen che il cantone Friburgo hanno bocciato la modifica della legge sul servizio civile."
2271,42.4,42.4,57.6,"Meyriez (FR)","La popolazione di Meyriez respinge la modifica della legge sul servizio civile con il 57,6 per cento. Sia Meyriez che il cantone Friburgo hanno bocciato la modifica della legge sul servizio civile."
2272,68.8,68.8,31.2,"Misery-Courtion (FR)","Sì alla modifica della legge sul servizio civile a Misery-Courtion con il 68,8 per cento. Misery-Courtion dice sì a la modifica della legge sul servizio civile, il cantone Friburgo dice no."
2274,32.1,32.1,67.9,"Montilier (FR)","Con il 67,9 per cento dei voti, Montilier ha respinto la modifica della legge sul servizio civile. Sia Montilier che il cantone Friburgo hanno bocciato la modifica della legge sul servizio civile."
2275,27,27,73,"Morat (FR)","A Morat, la modifica della legge sul servizio civile è stata respinta con il 73 per cento. Sia Morat che il cantone Friburgo hanno bocciato la modifica della legge sul servizio civile."
2276,66.4,66.4,33.6,"Ried bei Kerzers (FR)","A Ried bei Kerzers, la modifica della legge sul servizio civile è approvata con il 66,4 per cento. Ried bei Kerzers dice sì a la modifica della legge sul servizio civile, il cantone Friburgo dice no."
2284,55.3,55.3,44.7,"Mont-Vully (FR)","Sì alla modifica della legge sul servizio civile a Mont-Vully con il 55,3 per cento. Mont-Vully dice sì a la modifica della legge sul servizio civile, il cantone Friburgo dice no."
2292,22.9,22.9,77.1,"Brünisried (FR)","A Brünisried, la modifica della legge sul servizio civile è stata respinta con il 77,1 per cento. Sia Brünisried che il cantone Friburgo hanno bocciato la modifica della legge sul servizio civile."
2293,25.9,25.9,74.1,"Guin (FR)","Con il 74,1 per cento dei voti, la modifica della legge sul servizio civile viene respinta a Guin. Sia Guin che il cantone Friburgo hanno bocciato la modifica della legge sul servizio civile."
2294,86.3,86.3,13.7,"Chevrilles (FR)","A Chevrilles la modifica della legge sul servizio civile è stata approvata con il 86,3 per cento. Chevrilles dice sì a la modifica della legge sul servizio civile, il cantone Friburgo dice no."
2295,24.9,24.9,75.1,"Bösingen (FR)","La popolazione di Bösingen respinge la modifica della legge sul servizio civile con il 75,1 per cento. Sia Bösingen che il cantone Friburgo hanno bocciato la modifica della legge sul servizio civile."
2296,47.6,47.6,52.4,"Heitenried (FR)","A Heitenried la modifica della legge sul servizio civile non ottiene la maggioranza: 52,4 per cento di no. Sia Heitenried che il cantone Friburgo hanno bocciato la modifica della legge sul servizio civile."
2299,21.8,21.8,78.2,"Planfayon (FR)","Con il 78,2 per cento dei voti, Planfayon ha respinto la modifica della legge sul servizio civile. Sia Planfayon che il cantone Friburgo hanno bocciato la modifica della legge sul servizio civile."
2300,76,76,24,"Plasselb (FR)","Sì alla modifica della legge sul servizio civile a Plasselb, con il 76 per cento di voti favorevoli. Plasselb dice sì a la modifica della legge sul servizio civile, il cantone Friburgo dice no."
2301,49.4,49.4,50.6,"Dirlaret (FR)","Con il 50,6 per cento dei voti, Dirlaret ha respinto la modifica della legge sul servizio civile. Sia Dirlaret che il cantone Friburgo hanno bocciato la modifica della legge sul servizio civile."
2303,62.6,62.6,37.4,"Saint-Silvestre (FR)","A Saint-Silvestre, la modifica della legge sul servizio civile è approvata con il 62,6 per cento. Saint-Silvestre dice sì a la modifica della legge sul servizio civile, il cantone Friburgo dice no."
2304,44.6,44.6,55.4,"Saint-Ours (FR)","Con il 55,4 per cento dei voti, la modifica della legge sul servizio civile viene respinta a Saint-Ours. Sia Saint-Ours che il cantone Friburgo hanno bocciato la modifica della legge sul servizio civile."
2305,20.2,20.2,79.8,"Schmitten (FR)","La popolazione di Schmitten FR respinge la modifica della legge sul servizio civile con il 79,8 per cento. Sia Schmitten FR che il cantone Friburgo hanno bocciato la modifica della legge sul servizio civile."
2306,57.8,57.8,42.2,"Tavel (FR)","A Tavel la modifica della legge sul servizio civile è stata approvata con il 57,8 per cento. Tavel dice sì a la modifica della legge sul servizio civile, il cantone Friburgo dice no."
2307,22,22,78,"Tinterin (FR)","La popolazione di Tinterin respinge la modifica della legge sul servizio civile con il 78 per cento. Sia Tinterin che il cantone Friburgo hanno bocciato la modifica della legge sul servizio civile."
2308,64.7,64.7,35.3,"Ueberstorf (FR)","Sì alla modifica della legge sul servizio civile a Ueberstorf con il 64,7 per cento. Ueberstorf dice sì a la modifica della legge sul servizio civile, il cantone Friburgo dice no."
2309,69,69,31,"Wünnewil-Flamatt (FR)","Sì alla modifica della legge sul servizio civile a Wünnewil-Flamatt: 69 per cento. Wünnewil-Flamatt dice sì a la modifica della legge sul servizio civile, il cantone Friburgo dice no."
2321,30.2,30.2,69.8,"Attalens (FR)","Con il 69,8 per cento dei voti, la modifica della legge sul servizio civile viene respinta a Attalens. Sia Attalens che il cantone Friburgo hanno bocciato la modifica della legge sul servizio civile."
2323,74.9,74.9,25.1,"Bossonnens (FR)","La popolazione di Bossonnens approva la modifica della legge sul servizio civile con il 74,9 per cento. Bossonnens dice sì a la modifica della legge sul servizio civile, il cantone Friburgo dice no."
2325,74.7,74.7,25.3,"Châtel-Saint-Denis (FR)","Sì alla modifica della legge sul servizio civile a Châtel-Saint-Denis: 74,7 per cento. Châtel-Saint-Denis dice sì a la modifica della legge sul servizio civile, il cantone Friburgo dice no."
2328,43.1,43.1,56.9,"Granges (Veveyse) (FR)","A Granges (Veveyse) la modifica della legge sul servizio civile non ottiene la maggioranza: 56,9 per cento di no. Sia Granges (Veveyse) che il cantone Friburgo hanno bocciato la modifica della legge sul servizio civile."
2333,61.7,61.7,38.3,"Remaufens (FR)","A Remaufens la modifica della legge sul servizio civile è stata approvata con il 61,7 per cento. Remaufens dice sì a la modifica della legge sul servizio civile, il cantone Friburgo dice no."
2335,41.2,41.2,58.8,"Saint-Martin (FR)","Con il 58,8 per cento dei voti, la modifica della legge sul servizio civile viene respinta a Saint-Martin FR. Sia Saint-Martin FR che il cantone Friburgo hanno bocciato la modifica della legge sul servizio civile."
2336,12.8,12.8,87.2,"Semsales (FR)","A Semsales la modifica della legge sul servizio civile è stata respinta con il 87,2 per cento. Sia Semsales che il cantone Friburgo hanno bocciato la modifica della legge sul servizio civile."
2337,38.1,38.1,61.9,"Le Flon (FR)","La popolazione di Le Flon respinge la modifica della legge sul servizio civile con il 61,9 per cento. Sia Le Flon che il cantone Friburgo hanno bocciato la modifica della legge sul servizio civile."
2338,41.4,41.4,58.6,"La Verrerie (FR)","La popolazione di La Verrerie respinge la modifica della legge sul servizio civile con il 58,6 per cento. Sia La Verrerie che il cantone Friburgo hanno bocciato la modifica della legge sul servizio civile."
2401,30.4,30.4,69.6,"Egerkingen (SO)","A Egerkingen, la modifica della legge sul servizio civile è stata respinta con il 69,6 per cento. Divergenza: Egerkingen dice no a la modifica della legge sul servizio civile, il cantone Soletta dice sì."
2402,32.4,32.4,67.6,"Härkingen (SO)","A Härkingen la modifica della legge sul servizio civile non ottiene la maggioranza: 67,6 per cento di no. Divergenza: Härkingen dice no a la modifica della legge sul servizio civile, il cantone Soletta dice sì."
2403,99.2,99.2,0.8,"Kestenholz (SO)","La popolazione di Kestenholz approva la modifica della legge sul servizio civile con il 99,2 per cento. Kestenholz approva la modifica della legge sul servizio civile, così come il cantone Soletta."
2404,27,27,73,"Neuendorf (SO)","La popolazione di Neuendorf respinge la modifica della legge sul servizio civile con il 73 per cento. Divergenza: Neuendorf dice no a la modifica della legge sul servizio civile, il cantone Soletta dice sì."
2405,12.1,12.1,87.9,"Niederbuchsiten (SO)","Con il 87,9 per cento dei voti, Niederbuchsiten ha respinto la modifica della legge sul servizio civile. Divergenza: Niederbuchsiten dice no a la modifica della legge sul servizio civile, il cantone Soletta dice sì."
2406,51.1,51.1,48.9,"Oberbuchsiten (SO)","A Oberbuchsiten la modifica della legge sul servizio civile è stata approvata con il 51,1 per cento. Oberbuchsiten approva la modifica della legge sul servizio civile, così come il cantone Soletta."
2407,36.4,36.4,63.6,"Oensingen (SO)","La popolazione di Oensingen respinge la modifica della legge sul servizio civile con il 63,6 per cento. Divergenza: Oensingen dice no a la modifica della legge sul servizio civile, il cantone Soletta dice sì."
2408,96.2,96.2,3.8,"Wolfwil (SO)","A Wolfwil, la modifica della legge sul servizio civile è approvata con il 96,2 per cento. Wolfwil approva la modifica della legge sul servizio civile, così come il cantone Soletta."
2421,93.3,93.3,6.7,"Aedermannsdorf (SO)","A Aedermannsdorf, la modifica della legge sul servizio civile è stata approvata con il 93,3 per cento. Aedermannsdorf approva la modifica della legge sul servizio civile, così come il cantone Soletta."
2422,61.2,61.2,38.8,"Balsthal (SO)","La popolazione di Balsthal approva la modifica della legge sul servizio civile con il 61,2 per cento. Balsthal approva la modifica della legge sul servizio civile, così come il cantone Soletta."
2424,64.5,64.5,35.5,"Herbetswil (SO)","La popolazione di Herbetswil approva la modifica della legge sul servizio civile con il 64,5 per cento. Herbetswil approva la modifica della legge sul servizio civile, così come il cantone Soletta."
2425,51,51,49,"Holderbank (SO)","Sì alla modifica della legge sul servizio civile a Holderbank SO, con il 51 per cento di voti favorevoli. Holderbank SO approva la modifica della legge sul servizio civile, così come il cantone Soletta."
2426,41.8,41.8,58.2,"Laupersdorf (SO)","La popolazione di Laupersdorf respinge la modifica della legge sul servizio civile con il 58,2 per cento. Divergenza: Laupersdorf dice no a la modifica della legge sul servizio civile, il cantone Soletta dice sì."
2427,44.4,44.4,55.6,"Matzendorf (SO)","La popolazione di Matzendorf respinge la modifica della legge sul servizio civile con il 55,6 per cento. Divergenza: Matzendorf dice no a la modifica della legge sul servizio civile, il cantone Soletta dice sì."
2428,55.7,55.7,44.3,"Mümliswil-Ramiswil (SO)","Sì alla modifica della legge sul servizio civile a Mümliswil-Ramiswil, con il 55,7 per cento di voti favorevoli. Mümliswil-Ramiswil approva la modifica della legge sul servizio civile, così come il cantone Soletta."
2430,69.7,69.7,30.3,"Welschenrohr-Gänsbrunnen (((SO)))","La popolazione di Welschenrohr-Gänsbrunnen approva la modifica della legge sul servizio civile con il 69,7 per cento. Welschenrohr-Gänsbrunnen approva la modifica della legge sul servizio civile, così come il cantone Soletta."
2445,39.8,39.8,60.2,"Biezwil (SO)","La popolazione di Biezwil respinge la modifica della legge sul servizio civile con il 60,2 per cento. Divergenza: Biezwil dice no a la modifica della legge sul servizio civile, il cantone Soletta dice sì."
2455,40.9,40.9,59.1,"Lüterkofen-Ichertswil (SO)","A Lüterkofen-Ichertswil la modifica della legge sul servizio civile è stata respinta con il 59,1 per cento. Divergenza: Lüterkofen-Ichertswil dice no a la modifica della legge sul servizio civile, il cantone Soletta dice sì."
2457,50.8,50.8,49.2,"Messen (SO)","La popolazione di Messen approva la modifica della legge sul servizio civile con il 50,8 per cento. Messen approva la modifica della legge sul servizio civile, così come il cantone Soletta."
2461,52.3,52.3,47.7,"Schnottwil (SO)","Sì alla modifica della legge sul servizio civile a Schnottwil: 52,3 per cento. Schnottwil approva la modifica della legge sul servizio civile, così come il cantone Soletta."
2463,32.9,32.9,67.1,"Unterramsern (SO)","Con il 67,1 per cento dei voti, Unterramsern ha respinto la modifica della legge sul servizio civile. Divergenza: Unterramsern dice no a la modifica della legge sul servizio civile, il cantone Soletta dice sì."
2464,23.1,23.1,76.9,"Lüsslingen-Nennigkofen (SO)","La popolazione di Lüsslingen-Nennigkofen respinge la modifica della legge sul servizio civile con il 76,9 per cento. Divergenza: Lüsslingen-Nennigkofen dice no a la modifica della legge sul servizio civile, il cantone Soletta dice sì."
2465,82.8,82.8,17.2,"Buchegg (SO)","A Buchegg la modifica della legge sul servizio civile è stata approvata con il 82,8 per cento. Buchegg approva la modifica della legge sul servizio civile, così come il cantone Soletta."
2471,42.8,42.8,57.2,"Bättwil (SO)","La popolazione di Bättwil respinge la modifica della legge sul servizio civile con il 57,2 per cento. Divergenza: Bättwil dice no a la modifica della legge sul servizio civile, il cantone Soletta dice sì."
2472,80.7,80.7,19.3,"Büren (SO)","A Büren SO, la modifica della legge sul servizio civile è approvata con il 80,7 per cento. Büren SO approva la modifica della legge sul servizio civile, così come il cantone Soletta."
2473,47.9,47.9,52.1,"Dornach (SO)","Con il 52,1 per cento dei voti, la modifica della legge sul servizio civile viene respinta a Dornach. Divergenza: Dornach dice no a la modifica della legge sul servizio civile, il cantone Soletta dice sì."
2474,56.2,56.2,43.8,"Gempen (SO)","La popolazione di Gempen approva la modifica della legge sul servizio civile con il 56,2 per cento. Gempen approva la modifica della legge sul servizio civile, così come il cantone Soletta."
2475,23,23,77,"Hochwald (SO)","Con il 77 per cento dei voti, la modifica della legge sul servizio civile viene respinta a Hochwald. Divergenza: Hochwald dice no a la modifica della legge sul servizio civile, il cantone Soletta dice sì."
2476,81.5,81.5,18.5,"Hofstetten-Flüh (SO)","A Hofstetten-Flüh, la modifica della legge sul servizio civile è approvata con il 81,5 per cento. Hofstetten-Flüh approva la modifica della legge sul servizio civile, così come il cantone Soletta."
2477,50.8,50.8,49.2,"Metzerlen-Mariastein (SO)","A Metzerlen-Mariastein, la modifica della legge sul servizio civile è approvata con il 50,8 per cento. Metzerlen-Mariastein approva la modifica della legge sul servizio civile, così come il cantone Soletta."
2478,99.4,99.4,0.6,"Nuglar-St. Pantaleon (SO)","Sì alla modifica della legge sul servizio civile a Nuglar-St. Pantaleon, con il 99,4 per cento di voti favorevoli. Nel cantone di Soletta, Nuglar-St. Pantaleon ha ottenuto il più alto tasso di sì per la modifica della legge sul servizio civile."
2479,77,77,23,"Rodersdorf (SO)","Sì alla modifica della legge sul servizio civile a Rodersdorf: 77 per cento. Rodersdorf approva la modifica della legge sul servizio civile, così come il cantone Soletta."
2480,79.4,79.4,20.6,"Seewen (SO)","A Seewen, la modifica della legge sul servizio civile è stata approvata con il 79,4 per cento. Seewen approva la modifica della legge sul servizio civile, così come il cantone Soletta."
2481,90,90,10,"Witterswil (SO)","A Witterswil, la modifica della legge sul servizio civile è approvata con il 90 per cento. Witterswil approva la modifica della legge sul servizio civile, così come il cantone Soletta."
2491,65.7,65.7,34.3,"Hauenstein-Ifenthal (SO)","Sì alla modifica della legge sul servizio civile a Hauenstein-Ifenthal, con il 65,7 per cento di voti favorevoli. Hauenstein-Ifenthal approva la modifica della legge sul servizio civile, così come il cantone Soletta."
2492,25.7,25.7,74.3,"Kienberg (SO)","La popolazione di Kienberg respinge la modifica della legge sul servizio civile con il 74,3 per cento. Divergenza: Kienberg dice no a la modifica della legge sul servizio civile, il cantone Soletta dice sì."
2493,82.3,82.3,17.7,"Lostorf (SO)","A Lostorf la modifica della legge sul servizio civile è stata approvata con il 82,3 per cento. Lostorf approva la modifica della legge sul servizio civile, così come il cantone Soletta."
2495,77.4,77.4,22.6,"Niedergösgen (SO)","Sì alla modifica della legge sul servizio civile a Niedergösgen, con il 77,4 per cento di voti favorevoli. Niedergösgen approva la modifica della legge sul servizio civile, così come il cantone Soletta."
2497,9,9,91,"Obergösgen (SO)","A Obergösgen la modifica della legge sul servizio civile non ottiene la maggioranza: 91 per cento di no. Divergenza: Obergösgen dice no a la modifica della legge sul servizio civile, il cantone Soletta dice sì."
2499,61.2,61.2,38.8,"Stüsslingen (SO)","Sì alla modifica della legge sul servizio civile a Stüsslingen, con il 61,2 per cento di voti favorevoli. Stüsslingen approva la modifica della legge sul servizio civile, così come il cantone Soletta."
2500,88.6,88.6,11.4,"Trimbach (SO)","Sì alla modifica della legge sul servizio civile a Trimbach: 88,6 per cento. Trimbach approva la modifica della legge sul servizio civile, così come il cantone Soletta."
2501,58,58,42,"Winznau (SO)","A Winznau, la modifica della legge sul servizio civile è approvata con il 58 per cento. Winznau approva la modifica della legge sul servizio civile, così come il cantone Soletta."
2502,33.2,33.2,66.8,"Wisen (SO)","La popolazione di Wisen SO respinge la modifica della legge sul servizio civile con il 66,8 per cento. Divergenza: Wisen SO dice no a la modifica della legge sul servizio civile, il cantone Soletta dice sì."
2503,37,37,63,"Erlinsbach (SO)","La popolazione di Erlinsbach SO respinge la modifica della legge sul servizio civile con il 63 per cento. Divergenza: Erlinsbach SO dice no a la modifica della legge sul servizio civile, il cantone Soletta dice sì."
2511,79.4,79.4,20.6,"Aeschi (SO)","Sì alla modifica della legge sul servizio civile a Aeschi SO, con il 79,4 per cento di voti favorevoli. Aeschi SO approva la modifica della legge sul servizio civile, così come il cantone Soletta."
2513,49.4,49.4,50.6,"Biberist (SO)","A Biberist la modifica della legge sul servizio civile è stata respinta con il 50,6 per cento. Divergenza: Biberist dice no a la modifica della legge sul servizio civile, il cantone Soletta dice sì."
2514,1.5,1.5,98.5,"Bolken (SO)","A Bolken, la modifica della legge sul servizio civile è stata respinta con il 98,5 per cento. Il tasso più alto di no alla modifica della legge sul servizio civile nel cantone Soletta è a Bolken."
2516,48.5,48.5,51.5,"Deitingen (SO)","Con il 51,5 per cento dei voti, la modifica della legge sul servizio civile viene respinta a Deitingen. Divergenza: Deitingen dice no a la modifica della legge sul servizio civile, il cantone Soletta dice sì."
2517,14.4,14.4,85.6,"Derendingen (SO)","Con il 85,6 per cento dei voti, la modifica della legge sul servizio civile viene respinta a Derendingen. Divergenza: Derendingen dice no a la modifica della legge sul servizio civile, il cantone Soletta dice sì."
2518,71.4,71.4,28.6,"Etziken (SO)","Sì alla modifica della legge sul servizio civile a Etziken, con il 71,4 per cento di voti favorevoli. Etziken approva la modifica della legge sul servizio civile, così come il cantone Soletta."
2519,52.6,52.6,47.4,"Gerlafingen (SO)","La popolazione di Gerlafingen approva la modifica della legge sul servizio civile con il 52,6 per cento. Gerlafingen approva la modifica della legge sul servizio civile, così come il cantone Soletta."
2523,42.5,42.5,57.5,"Horriwil (SO)","La popolazione di Horriwil respinge la modifica della legge sul servizio civile con il 57,5 per cento. Divergenza: Horriwil dice no a la modifica della legge sul servizio civile, il cantone Soletta dice sì."
2524,41.4,41.4,58.6,"Hüniken (SO)","A Hüniken la modifica della legge sul servizio civile non ottiene la maggioranza: 58,6 per cento di no. Divergenza: Hüniken dice no a la modifica della legge sul servizio civile, il cantone Soletta dice sì."
2525,42,42,58,"Kriegstetten (SO)","A Kriegstetten la modifica della legge sul servizio civile non ottiene la maggioranza: 58 per cento di no. Divergenza: Kriegstetten dice no a la modifica della legge sul servizio civile, il cantone Soletta dice sì."
2526,53.6,53.6,46.4,"Lohn-Ammannsegg (SO)","La popolazione di Lohn-Ammannsegg approva la modifica della legge sul servizio civile con il 53,6 per cento. Lohn-Ammannsegg approva la modifica della legge sul servizio civile, così come il cantone Soletta."
2527,17,17,83,"Luterbach (SO)","A Luterbach, la modifica della legge sul servizio civile è stata respinta con il 83 per cento. Divergenza: Luterbach dice no a la modifica della legge sul servizio civile, il cantone Soletta dice sì."
2528,60.6,60.6,39.4,"Obergerlafingen (SO)","A Obergerlafingen, la modifica della legge sul servizio civile è stata approvata con il 60,6 per cento. Obergerlafingen approva la modifica della legge sul servizio civile, così come il cantone Soletta."
2530,93.8,93.8,6.2,"Recherswil (SO)","Sì alla modifica della legge sul servizio civile a Recherswil con il 93,8 per cento. Recherswil approva la modifica della legge sul servizio civile, così come il cantone Soletta."
2532,64.6,64.6,35.4,"Subingen (SO)","A Subingen, la modifica della legge sul servizio civile è stata approvata con il 64,6 per cento. Subingen approva la modifica della legge sul servizio civile, così come il cantone Soletta."
2534,48.4,48.4,51.6,"Zuchwil (SO)","A Zuchwil la modifica della legge sul servizio civile è stata respinta con il 51,6 per cento. Divergenza: Zuchwil dice no a la modifica della legge sul servizio civile, il cantone Soletta dice sì."
2535,18.9,18.9,81.1,"Drei Höfe (SO)","La popolazione di Drei Höfe respinge la modifica della legge sul servizio civile con il 81,1 per cento. Divergenza: Drei Höfe dice no a la modifica della legge sul servizio civile, il cantone Soletta dice sì."
2541,42.9,42.9,57.1,"Balm bei Günsberg (SO)","A Balm bei Günsberg, la modifica della legge sul servizio civile è stata respinta con il 57,1 per cento. Divergenza: Balm bei Günsberg dice no a la modifica della legge sul servizio civile, il cantone Soletta dice sì."
2542,15.1,15.1,84.9,"Bellach (SO)","Con il 84,9 per cento dei voti, Bellach ha respinto la modifica della legge sul servizio civile. Divergenza: Bellach dice no a la modifica della legge sul servizio civile, il cantone Soletta dice sì."
2543,39.1,39.1,60.9,"Bettlach (SO)","Con il 60,9 per cento dei voti, la modifica della legge sul servizio civile viene respinta a Bettlach. Divergenza: Bettlach dice no a la modifica della legge sul servizio civile, il cantone Soletta dice sì."
2544,65.1,65.1,34.9,"Feldbrunnen-St. Niklaus (SO)","A Feldbrunnen-St. Niklaus, la modifica della legge sul servizio civile è approvata con il 65,1 per cento. Feldbrunnen-St. Niklaus approva la modifica della legge sul servizio civile, così come il cantone Soletta."
2545,47.3,47.3,52.7,"Flumenthal (SO)","Con il 52,7 per cento dei voti, la modifica della legge sul servizio civile viene respinta a Flumenthal. Divergenza: Flumenthal dice no a la modifica della legge sul servizio civile, il cantone Soletta dice sì."
2546,14,14,86,"Granges (SO)","A Granges, la modifica della legge sul servizio civile è stata respinta con il 86 per cento. Divergenza: Granges dice no a la modifica della legge sul servizio civile, il cantone Soletta dice sì."
2547,32.6,32.6,67.4,"Günsberg (SO)","A Günsberg, la modifica della legge sul servizio civile è stata respinta con il 67,4 per cento. Divergenza: Günsberg dice no a la modifica della legge sul servizio civile, il cantone Soletta dice sì."
2548,21.2,21.2,78.8,"Hubersdorf (SO)","La popolazione di Hubersdorf respinge la modifica della legge sul servizio civile con il 78,8 per cento. Divergenza: Hubersdorf dice no a la modifica della legge sul servizio civile, il cantone Soletta dice sì."
2549,8.1,8.1,91.9,"Kammersrohr (SO)","Con il 91,9 per cento dei voti, Kammersrohr ha respinto la modifica della legge sul servizio civile. Divergenza: Kammersrohr dice no a la modifica della legge sul servizio civile, il cantone Soletta dice sì."
2550,60.2,60.2,39.8,"Langendorf (SO)","Sì alla modifica della legge sul servizio civile a Langendorf, con il 60,2 per cento di voti favorevoli. Langendorf approva la modifica della legge sul servizio civile, così come il cantone Soletta."
2551,66.8,66.8,33.2,"Lommiswil (SO)","Sì alla modifica della legge sul servizio civile a Lommiswil con il 66,8 per cento. Lommiswil approva la modifica della legge sul servizio civile, così come il cantone Soletta."
2553,55.8,55.8,44.2,"Oberdorf (SO)","Sì alla modifica della legge sul servizio civile a Oberdorf SO, con il 55,8 per cento di voti favorevoli. Oberdorf SO approva la modifica della legge sul servizio civile, così come il cantone Soletta."
2554,79.8,79.8,20.2,"Riedholz (SO)","La popolazione di Riedholz approva la modifica della legge sul servizio civile con il 79,8 per cento. Riedholz approva la modifica della legge sul servizio civile, così come il cantone Soletta."
2555,55.2,55.2,44.8,"Rüttenen (SO)","Sì alla modifica della legge sul servizio civile a Rüttenen con il 55,2 per cento. Rüttenen approva la modifica della legge sul servizio civile, così come il cantone Soletta."
2556,61.8,61.8,38.2,"Selzach (SO)","A Selzach, la modifica della legge sul servizio civile è stata approvata con il 61,8 per cento. Selzach approva la modifica della legge sul servizio civile, così come il cantone Soletta."
2571,41.2,41.2,58.8,"Boningen (SO)","La popolazione di Boningen respinge la modifica della legge sul servizio civile con il 58,8 per cento. Divergenza: Boningen dice no a la modifica della legge sul servizio civile, il cantone Soletta dice sì."
2572,49.5,49.5,50.5,"Däniken (SO)","La popolazione di Däniken respinge la modifica della legge sul servizio civile con il 50,5 per cento. Divergenza: Däniken dice no a la modifica della legge sul servizio civile, il cantone Soletta dice sì."
2573,39.1,39.1,60.9,"Dulliken (SO)","A Dulliken, la modifica della legge sul servizio civile è stata respinta con il 60,9 per cento. Divergenza: Dulliken dice no a la modifica della legge sul servizio civile, il cantone Soletta dice sì."
2574,9.7,9.7,90.3,"Eppenberg-Wöschnau (SO)","Con il 90,3 per cento dei voti, la modifica della legge sul servizio civile viene respinta a Eppenberg-Wöschnau. Divergenza: Eppenberg-Wöschnau dice no a la modifica della legge sul servizio civile, il cantone Soletta dice sì."
2575,96.6,96.6,3.4,"Fulenbach (SO)","La popolazione di Fulenbach approva la modifica della legge sul servizio civile con il 96,6 per cento. Fulenbach approva la modifica della legge sul servizio civile, così come il cantone Soletta."
2576,52.4,52.4,47.6,"Gretzenbach (SO)","Sì alla modifica della legge sul servizio civile a Gretzenbach: 52,4 per cento. Gretzenbach approva la modifica della legge sul servizio civile, così come il cantone Soletta."
2578,4.3,4.3,95.7,"Gunzgen (SO)","Con il 95,7 per cento dei voti, Gunzgen ha respinto la modifica della legge sul servizio civile. Divergenza: Gunzgen dice no a la modifica della legge sul servizio civile, il cantone Soletta dice sì."
2579,30.8,30.8,69.2,"Hägendorf (SO)","La popolazione di Hägendorf respinge la modifica della legge sul servizio civile con il 69,2 per cento. Divergenza: Hägendorf dice no a la modifica della legge sul servizio civile, il cantone Soletta dice sì."
2580,73.5,73.5,26.5,"Kappel (SO)","A Kappel SO, la modifica della legge sul servizio civile è stata approvata con il 73,5 per cento. Kappel SO approva la modifica della legge sul servizio civile, così come il cantone Soletta."
2581,49.4,49.4,50.6,"Olten (SO)","A Olten, la modifica della legge sul servizio civile è stata respinta con il 50,6 per cento. Divergenza: Olten dice no a la modifica della legge sul servizio civile, il cantone Soletta dice sì."
2582,30.3,30.3,69.7,"Rickenbach (SO)","Con il 69,7 per cento dei voti, la modifica della legge sul servizio civile viene respinta a Rickenbach SO. Divergenza: Rickenbach SO dice no a la modifica della legge sul servizio civile, il cantone Soletta dice sì."
2583,60.4,60.4,39.6,"Schönenwerd (SO)","Sì alla modifica della legge sul servizio civile a Schönenwerd con il 60,4 per cento. Schönenwerd approva la modifica della legge sul servizio civile, così come il cantone Soletta."
2584,80,80,20,"Starrkirch-Wil (SO)","A Starrkirch-Wil, la modifica della legge sul servizio civile è approvata con il 80 per cento. Starrkirch-Wil approva la modifica della legge sul servizio civile, così come il cantone Soletta."
2585,86.6,86.6,13.4,"Walterswil (SO)","Sì alla modifica della legge sul servizio civile a Walterswil SO: 86,6 per cento. Walterswil SO approva la modifica della legge sul servizio civile, così come il cantone Soletta."
2586,46.2,46.2,53.8,"Wangen bei Olten (SO)","Con il 53,8 per cento dei voti, Wangen bei Olten ha respinto la modifica della legge sul servizio civile. Divergenza: Wangen bei Olten dice no a la modifica della legge sul servizio civile, il cantone Soletta dice sì."
2601,67,67,33,"Soletta (SO)","La popolazione di Soletta approva la modifica della legge sul servizio civile con il 67 per cento. Soletta approva la modifica della legge sul servizio civile, così come il cantone Soletta."
2611,14.2,14.2,85.8,"Bärschwil (SO)","A Bärschwil la modifica della legge sul servizio civile non ottiene la maggioranza: 85,8 per cento di no. Divergenza: Bärschwil dice no a la modifica della legge sul servizio civile, il cantone Soletta dice sì."
2612,5.1,5.1,94.9,"Beinwil (SO)","A Beinwil SO la modifica della legge sul servizio civile è stata respinta con il 94,9 per cento. Divergenza: Beinwil SO dice no a la modifica della legge sul servizio civile, il cantone Soletta dice sì."
2613,29.1,29.1,70.9,"Breitenbach (SO)","La popolazione di Breitenbach respinge la modifica della legge sul servizio civile con il 70,9 per cento. Divergenza: Breitenbach dice no a la modifica della legge sul servizio civile, il cantone Soletta dice sì."
2614,57.7,57.7,42.3,"Büsserach (SO)","A Büsserach, la modifica della legge sul servizio civile è stata approvata con il 57,7 per cento. Büsserach approva la modifica della legge sul servizio civile, così come il cantone Soletta."
2615,29,29,71,"Erschwil (SO)","Con il 71 per cento dei voti, Erschwil ha respinto la modifica della legge sul servizio civile. Divergenza: Erschwil dice no a la modifica della legge sul servizio civile, il cantone Soletta dice sì."
2616,39.1,39.1,60.9,"Fehren (SO)","La popolazione di Fehren respinge la modifica della legge sul servizio civile con il 60,9 per cento. Divergenza: Fehren dice no a la modifica della legge sul servizio civile, il cantone Soletta dice sì."
2617,32.6,32.6,67.4,"Grindel (SO)","La popolazione di Grindel respinge la modifica della legge sul servizio civile con il 67,4 per cento. Divergenza: Grindel dice no a la modifica della legge sul servizio civile, il cantone Soletta dice sì."
2618,72.1,72.1,27.9,"Himmelried (SO)","Sì alla modifica della legge sul servizio civile a Himmelried con il 72,1 per cento. Himmelried approva la modifica della legge sul servizio civile, così come il cantone Soletta."
2619,46.6,46.6,53.4,"Kleinlützel (SO)","A Kleinlützel, la modifica della legge sul servizio civile è stata respinta con il 53,4 per cento. Divergenza: Kleinlützel dice no a la modifica della legge sul servizio civile, il cantone Soletta dice sì."
2620,29,29,71,"Meltingen (SO)","La popolazione di Meltingen respinge la modifica della legge sul servizio civile con il 71 per cento. Divergenza: Meltingen dice no a la modifica della legge sul servizio civile, il cantone Soletta dice sì."
2621,28.5,28.5,71.5,"Nunningen (SO)","La popolazione di Nunningen respinge la modifica della legge sul servizio civile con il 71,5 per cento. Divergenza: Nunningen dice no a la modifica della legge sul servizio civile, il cantone Soletta dice sì."
2622,75.7,75.7,24.3,"Zullwil (SO)","La popolazione di Zullwil approva la modifica della legge sul servizio civile con il 75,7 per cento. Zullwil approva la modifica della legge sul servizio civile, così come il cantone Soletta."
2701,38.8,38.8,61.2,"Basilea (BS)","A Basilea la modifica della legge sul servizio civile non ottiene la maggioranza: 61,2 per cento di no. Il tasso più alto di no alla modifica della legge sul servizio civile nel cantone Basilea Città è a Basilea."
2702,54.8,54.8,45.2,"Bettingen (BS)","A Bettingen, la modifica della legge sul servizio civile è stata approvata con il 54,8 per cento. Bettingen dice sì a la modifica della legge sul servizio civile, il cantone Basilea Città dice no."
2703,71.7,71.7,28.3,"Riehen (BS)","Sì alla modifica della legge sul servizio civile a Riehen con il 71,7 per cento. Nel cantone di Basilea Città, Riehen ha ottenuto il più alto tasso di sì per la modifica della legge sul servizio civile."
2761,3.4,3.4,96.6,"Aesch (BL)","Con il 96,6 per cento dei voti, la modifica della legge sul servizio civile viene respinta a Aesch BL. Sia Aesch BL che il cantone Basilea Campagna hanno bocciato la modifica della legge sul servizio civile."
2762,46.7,46.7,53.3,"Allschwil (BL)","La popolazione di Allschwil respinge la modifica della legge sul servizio civile con il 53,3 per cento. Sia Allschwil che il cantone Basilea Campagna hanno bocciato la modifica della legge sul servizio civile."
2763,71.7,71.7,28.3,"Arlesheim (BL)","Sì alla modifica della legge sul servizio civile a Arlesheim con il 71,7 per cento. Arlesheim dice sì a la modifica della legge sul servizio civile, il cantone Basilea Campagna dice no."
2764,44.9,44.9,55.1,"Biel-Benken (BL)","Con il 55,1 per cento dei voti, Biel-Benken ha respinto la modifica della legge sul servizio civile. Sia Biel-Benken che il cantone Basilea Campagna hanno bocciato la modifica della legge sul servizio civile."
2765,6.7,6.7,93.3,"Binningen (BL)","A Binningen la modifica della legge sul servizio civile non ottiene la maggioranza: 93,3 per cento di no. Sia Binningen che il cantone Basilea Campagna hanno bocciato la modifica della legge sul servizio civile."
2766,33.6,33.6,66.4,"Birsfelden (BL)","La popolazione di Birsfelden respinge la modifica della legge sul servizio civile con il 66,4 per cento. Sia Birsfelden che il cantone Basilea Campagna hanno bocciato la modifica della legge sul servizio civile."
2767,49,49,51,"Bottmingen (BL)","La popolazione di Bottmingen respinge la modifica della legge sul servizio civile con il 51 per cento. Sia Bottmingen che il cantone Basilea Campagna hanno bocciato la modifica della legge sul servizio civile."
2768,71.6,71.6,28.4,"Ettingen (BL)","A Ettingen, la modifica della legge sul servizio civile è stata approvata con il 71,6 per cento. Ettingen dice sì a la modifica della legge sul servizio civile, il cantone Basilea Campagna dice no."
2769,28.6,28.6,71.4,"Münchenstein (BL)","A Münchenstein la modifica della legge sul servizio civile non ottiene la maggioranza: 71,4 per cento di no. Sia Münchenstein che il cantone Basilea Campagna hanno bocciato la modifica della legge sul servizio civile."
2770,35.9,35.9,64.1,"Muttenz (BL)","Con il 64,1 per cento dei voti, Muttenz ha respinto la modifica della legge sul servizio civile. Sia Muttenz che il cantone Basilea Campagna hanno bocciato la modifica della legge sul servizio civile."
2771,33.5,33.5,66.5,"Oberwil (BL)","La popolazione di Oberwil BL respinge la modifica della legge sul servizio civile con il 66,5 per cento. Sia Oberwil BL che il cantone Basilea Campagna hanno bocciato la modifica della legge sul servizio civile."
2772,46.4,46.4,53.6,"Pfeffingen (BL)","A Pfeffingen la modifica della legge sul servizio civile è stata respinta con il 53,6 per cento. Sia Pfeffingen che il cantone Basilea Campagna hanno bocciato la modifica della legge sul servizio civile."
2773,54.3,54.3,45.7,"Reinach (BL)","A Reinach BL, la modifica della legge sul servizio civile è approvata con il 54,3 per cento. Reinach BL dice sì a la modifica della legge sul servizio civile, il cantone Basilea Campagna dice no."
2774,65.8,65.8,34.2,"Schönenbuch (BL)","A Schönenbuch, la modifica della legge sul servizio civile è stata approvata con il 65,8 per cento. Schönenbuch dice sì a la modifica della legge sul servizio civile, il cantone Basilea Campagna dice no."
2775,29.9,29.9,70.1,"Therwil (BL)","La popolazione di Therwil respinge la modifica della legge sul servizio civile con il 70,1 per cento. Sia Therwil che il cantone Basilea Campagna hanno bocciato la modifica della legge sul servizio civile."
2781,43.8,43.8,56.2,"Blauen (BL)","A Blauen la modifica della legge sul servizio civile non ottiene la maggioranza: 56,2 per cento di no. Sia Blauen che il cantone Basilea Campagna hanno bocciato la modifica della legge sul servizio civile."
2782,59.5,59.5,40.5,"Brislach (BL)","La popolazione di Brislach approva la modifica della legge sul servizio civile con il 59,5 per cento. Brislach dice sì a la modifica della legge sul servizio civile, il cantone Basilea Campagna dice no."
2783,41.9,41.9,58.1,"Burg im Leimental (BL)","A Burg im Leimental, la modifica della legge sul servizio civile è stata respinta con il 58,1 per cento. Sia Burg im Leimental che il cantone Basilea Campagna hanno bocciato la modifica della legge sul servizio civile."
2784,65.7,65.7,34.3,"Dittingen (BL)","A Dittingen, la modifica della legge sul servizio civile è stata approvata con il 65,7 per cento. Dittingen dice sì a la modifica della legge sul servizio civile, il cantone Basilea Campagna dice no."
2785,52.3,52.3,47.7,"Duggingen (BL)","Sì alla modifica della legge sul servizio civile a Duggingen, con il 52,3 per cento di voti favorevoli. Duggingen dice sì a la modifica della legge sul servizio civile, il cantone Basilea Campagna dice no."
2786,55.7,55.7,44.3,"Grellingen (BL)","La popolazione di Grellingen approva la modifica della legge sul servizio civile con il 55,7 per cento. Grellingen dice sì a la modifica della legge sul servizio civile, il cantone Basilea Campagna dice no."
2787,98.7,98.7,1.3,"Laufon (BL)","A Laufon, la modifica della legge sul servizio civile è stata approvata con il 98,7 per cento. Laufon dice sì a la modifica della legge sul servizio civile, il cantone Basilea Campagna dice no."
2788,52.9,52.9,47.1,"Liesberg (BL)","Sì alla modifica della legge sul servizio civile a Liesberg, con il 52,9 per cento di voti favorevoli. Liesberg dice sì a la modifica della legge sul servizio civile, il cantone Basilea Campagna dice no."
2789,33.5,33.5,66.5,"Nenzlingen (BL)","A Nenzlingen la modifica della legge sul servizio civile non ottiene la maggioranza: 66,5 per cento di no. Sia Nenzlingen che il cantone Basilea Campagna hanno bocciato la modifica della legge sul servizio civile."
2790,62.2,62.2,37.8,"Roggenburg (BL)","La popolazione di Roggenburg approva la modifica della legge sul servizio civile con il 62,2 per cento. Roggenburg dice sì a la modifica della legge sul servizio civile, il cantone Basilea Campagna dice no."
2791,99.8,99.8,0.2,"Röschenz (BL)","Röschenz ottiene il secondo tasso più alto di sì in Svizzera per la modifica della legge sul servizio civile con il 99,8 per cento. Nel cantone di Basilea Campagna, Röschenz ha ottenuto il più alto tasso di sì per la modifica della legge sul servizio civile."
2792,42.7,42.7,57.3,"Wahlen (BL)","La popolazione di Wahlen respinge la modifica della legge sul servizio civile con il 57,3 per cento. Sia Wahlen che il cantone Basilea Campagna hanno bocciato la modifica della legge sul servizio civile."
2793,50.3,50.3,49.7,"Zwingen (BL)","A Zwingen la modifica della legge sul servizio civile è stata approvata con il 50,3 per cento. Zwingen dice sì a la modifica della legge sul servizio civile, il cantone Basilea Campagna dice no."
2821,50.9,50.9,49.1,"Arisdorf (BL)","Sì alla modifica della legge sul servizio civile a Arisdorf con il 50,9 per cento. Arisdorf dice sì a la modifica della legge sul servizio civile, il cantone Basilea Campagna dice no."
2822,55.7,55.7,44.3,"Augst (BL)","A Augst, la modifica della legge sul servizio civile è approvata con il 55,7 per cento. Augst dice sì a la modifica della legge sul servizio civile, il cantone Basilea Campagna dice no."
2823,30.6,30.6,69.4,"Bubendorf (BL)","La popolazione di Bubendorf respinge la modifica della legge sul servizio civile con il 69,4 per cento. Sia Bubendorf che il cantone Basilea Campagna hanno bocciato la modifica della legge sul servizio civile."
2824,33.2,33.2,66.8,"Frenkendorf (BL)","A Frenkendorf la modifica della legge sul servizio civile non ottiene la maggioranza: 66,8 per cento di no. Sia Frenkendorf che il cantone Basilea Campagna hanno bocciato la modifica della legge sul servizio civile."
2825,56.2,56.2,43.8,"Füllinsdorf (BL)","A Füllinsdorf, la modifica della legge sul servizio civile è approvata con il 56,2 per cento. Füllinsdorf dice sì a la modifica della legge sul servizio civile, il cantone Basilea Campagna dice no."
2826,55.2,55.2,44.8,"Giebenach (BL)","Sì alla modifica della legge sul servizio civile a Giebenach: 55,2 per cento. Giebenach dice sì a la modifica della legge sul servizio civile, il cantone Basilea Campagna dice no."
2827,77.3,77.3,22.7,"Hersberg (BL)","Sì alla modifica della legge sul servizio civile a Hersberg, con il 77,3 per cento di voti favorevoli. Hersberg dice sì a la modifica della legge sul servizio civile, il cantone Basilea Campagna dice no."
2828,44.4,44.4,55.6,"Lausen (BL)","A Lausen la modifica della legge sul servizio civile non ottiene la maggioranza: 55,6 per cento di no. Sia Lausen che il cantone Basilea Campagna hanno bocciato la modifica della legge sul servizio civile."
2829,66.9,66.9,33.1,"Liestal (BL)","A Liestal la modifica della legge sul servizio civile è stata approvata con il 66,9 per cento. Liestal dice sì a la modifica della legge sul servizio civile, il cantone Basilea Campagna dice no."
2830,41.9,41.9,58.1,"Lupsingen (BL)","A Lupsingen la modifica della legge sul servizio civile è stata respinta con il 58,1 per cento. Sia Lupsingen che il cantone Basilea Campagna hanno bocciato la modifica della legge sul servizio civile."
2831,78.3,78.3,21.7,"Pratteln (BL)","Sì alla modifica della legge sul servizio civile a Pratteln: 78,3 per cento. Pratteln dice sì a la modifica della legge sul servizio civile, il cantone Basilea Campagna dice no."
2832,54.7,54.7,45.3,"Ramlinsburg (BL)","Sì alla modifica della legge sul servizio civile a Ramlinsburg, con il 54,7 per cento di voti favorevoli. Ramlinsburg dice sì a la modifica della legge sul servizio civile, il cantone Basilea Campagna dice no."
2833,89.1,89.1,10.9,"Seltisberg (BL)","Sì alla modifica della legge sul servizio civile a Seltisberg: 89,1 per cento. Seltisberg dice sì a la modifica della legge sul servizio civile, il cantone Basilea Campagna dice no."
2834,99,99,1,"Ziefen (BL)","Sì alla modifica della legge sul servizio civile a Ziefen: 99 per cento. Ziefen dice sì a la modifica della legge sul servizio civile, il cantone Basilea Campagna dice no."
2841,3.1,3.1,96.9,"Anwil (BL)","La popolazione di Anwil respinge la modifica della legge sul servizio civile con il 96,9 per cento. Sia Anwil che il cantone Basilea Campagna hanno bocciato la modifica della legge sul servizio civile."
2842,78.5,78.5,21.5,"Böckten (BL)","A Böckten, la modifica della legge sul servizio civile è stata approvata con il 78,5 per cento. Böckten dice sì a la modifica della legge sul servizio civile, il cantone Basilea Campagna dice no."
2843,82.8,82.8,17.2,"Buckten (BL)","A Buckten la modifica della legge sul servizio civile è stata approvata con il 82,8 per cento. Buckten dice sì a la modifica della legge sul servizio civile, il cantone Basilea Campagna dice no."
2844,22.9,22.9,77.1,"Buus (BL)","La popolazione di Buus respinge la modifica della legge sul servizio civile con il 77,1 per cento. Sia Buus che il cantone Basilea Campagna hanno bocciato la modifica della legge sul servizio civile."
2845,58.2,58.2,41.8,"Diepflingen (BL)","Sì alla modifica della legge sul servizio civile a Diepflingen: 58,2 per cento. Diepflingen dice sì a la modifica della legge sul servizio civile, il cantone Basilea Campagna dice no."
2846,67.9,67.9,32.1,"Gelterkinden (BL)","Sì alla modifica della legge sul servizio civile a Gelterkinden, con il 67,9 per cento di voti favorevoli. Gelterkinden dice sì a la modifica della legge sul servizio civile, il cantone Basilea Campagna dice no."
2847,71.5,71.5,28.5,"Häfelfingen (BL)","A Häfelfingen la modifica della legge sul servizio civile è stata approvata con il 71,5 per cento. Häfelfingen dice sì a la modifica della legge sul servizio civile, il cantone Basilea Campagna dice no."
2848,37.1,37.1,62.9,"Hemmiken (BL)","Con il 62,9 per cento dei voti, la modifica della legge sul servizio civile viene respinta a Hemmiken. Sia Hemmiken che il cantone Basilea Campagna hanno bocciato la modifica della legge sul servizio civile."
2849,53,53,47,"Itingen (BL)","A Itingen, la modifica della legge sul servizio civile è stata approvata con il 53 per cento. Itingen dice sì a la modifica della legge sul servizio civile, il cantone Basilea Campagna dice no."
2850,52.3,52.3,47.7,"Känerkinden (BL)","La popolazione di Känerkinden approva la modifica della legge sul servizio civile con il 52,3 per cento. Känerkinden dice sì a la modifica della legge sul servizio civile, il cantone Basilea Campagna dice no."
2851,11.7,11.7,88.3,"Kilchberg (BL)","La popolazione di Kilchberg BL respinge la modifica della legge sul servizio civile con il 88,3 per cento. Sia Kilchberg BL che il cantone Basilea Campagna hanno bocciato la modifica della legge sul servizio civile."
2852,38.1,38.1,61.9,"Läufelfingen (BL)","A Läufelfingen la modifica della legge sul servizio civile non ottiene la maggioranza: 61,9 per cento di no. Sia Läufelfingen che il cantone Basilea Campagna hanno bocciato la modifica della legge sul servizio civile."
2853,13.5,13.5,86.5,"Maisprach (BL)","La popolazione di Maisprach respinge la modifica della legge sul servizio civile con il 86,5 per cento. Sia Maisprach che il cantone Basilea Campagna hanno bocciato la modifica della legge sul servizio civile."
2854,3.8,3.8,96.2,"Nusshof (BL)","A Nusshof, la modifica della legge sul servizio civile è stata respinta con il 96,2 per cento. Sia Nusshof che il cantone Basilea Campagna hanno bocciato la modifica della legge sul servizio civile."
2855,20.5,20.5,79.5,"Oltingen (BL)","Con il 79,5 per cento dei voti, la modifica della legge sul servizio civile viene respinta a Oltingen. Sia Oltingen che il cantone Basilea Campagna hanno bocciato la modifica della legge sul servizio civile."
2856,35.6,35.6,64.4,"Ormalingen (BL)","La popolazione di Ormalingen respinge la modifica della legge sul servizio civile con il 64,4 per cento. Sia Ormalingen che il cantone Basilea Campagna hanno bocciato la modifica della legge sul servizio civile."
2857,81.9,81.9,18.1,"Rickenbach (BL)","La popolazione di Rickenbach BL approva la modifica della legge sul servizio civile con il 81,9 per cento. Rickenbach BL dice sì a la modifica della legge sul servizio civile, il cantone Basilea Campagna dice no."
2858,95.6,95.6,4.4,"Rothenfluh (BL)","Sì alla modifica della legge sul servizio civile a Rothenfluh, con il 95,6 per cento di voti favorevoli. Rothenfluh dice sì a la modifica della legge sul servizio civile, il cantone Basilea Campagna dice no."
2859,21.2,21.2,78.8,"Rümlingen (BL)","A Rümlingen, la modifica della legge sul servizio civile è stata respinta con il 78,8 per cento. Sia Rümlingen che il cantone Basilea Campagna hanno bocciato la modifica della legge sul servizio civile."
2860,59.8,59.8,40.2,"Rünenberg (BL)","Sì alla modifica della legge sul servizio civile a Rünenberg, con il 59,8 per cento di voti favorevoli. Rünenberg dice sì a la modifica della legge sul servizio civile, il cantone Basilea Campagna dice no."
2861,50.9,50.9,49.1,"Sissach (BL)","Sì alla modifica della legge sul servizio civile a Sissach con il 50,9 per cento. Sissach dice sì a la modifica della legge sul servizio civile, il cantone Basilea Campagna dice no."
2862,98.1,98.1,1.9,"Tecknau (BL)","La popolazione di Tecknau approva la modifica della legge sul servizio civile con il 98,1 per cento. Tecknau dice sì a la modifica della legge sul servizio civile, il cantone Basilea Campagna dice no."
2863,57.7,57.7,42.3,"Tenniken (BL)","A Tenniken la modifica della legge sul servizio civile è stata approvata con il 57,7 per cento. Tenniken dice sì a la modifica della legge sul servizio civile, il cantone Basilea Campagna dice no."
2864,58.8,58.8,41.2,"Thürnen (BL)","A Thürnen, la modifica della legge sul servizio civile è stata approvata con il 58,8 per cento. Thürnen dice sì a la modifica della legge sul servizio civile, il cantone Basilea Campagna dice no."
2865,62.5,62.5,37.5,"Wenslingen (BL)","Sì alla modifica della legge sul servizio civile a Wenslingen: 62,5 per cento. Wenslingen dice sì a la modifica della legge sul servizio civile, il cantone Basilea Campagna dice no."
2866,29.8,29.8,70.2,"Wintersingen (BL)","La popolazione di Wintersingen respinge la modifica della legge sul servizio civile con il 70,2 per cento. Sia Wintersingen che il cantone Basilea Campagna hanno bocciato la modifica della legge sul servizio civile."
2867,26.7,26.7,73.3,"Wittinsburg (BL)","A Wittinsburg la modifica della legge sul servizio civile non ottiene la maggioranza: 73,3 per cento di no. Sia Wittinsburg che il cantone Basilea Campagna hanno bocciato la modifica della legge sul servizio civile."
2868,28.5,28.5,71.5,"Zeglingen (BL)","A Zeglingen la modifica della legge sul servizio civile è stata respinta con il 71,5 per cento. Sia Zeglingen che il cantone Basilea Campagna hanno bocciato la modifica della legge sul servizio civile."
2869,41.3,41.3,58.7,"Zunzgen (BL)","La popolazione di Zunzgen respinge la modifica della legge sul servizio civile con il 58,7 per cento. Sia Zunzgen che il cantone Basilea Campagna hanno bocciato la modifica della legge sul servizio civile."
2881,39.5,39.5,60.5,"Arboldswil (BL)","A Arboldswil la modifica della legge sul servizio civile è stata respinta con il 60,5 per cento. Sia Arboldswil che il cantone Basilea Campagna hanno bocciato la modifica della legge sul servizio civile."
2882,34.1,34.1,65.9,"Bennwil (BL)","Con il 65,9 per cento dei voti, Bennwil ha respinto la modifica della legge sul servizio civile. Sia Bennwil che il cantone Basilea Campagna hanno bocciato la modifica della legge sul servizio civile."
2883,52.2,52.2,47.8,"Bretzwil (BL)","Sì alla modifica della legge sul servizio civile a Bretzwil, con il 52,2 per cento di voti favorevoli. Bretzwil dice sì a la modifica della legge sul servizio civile, il cantone Basilea Campagna dice no."
2884,22.1,22.1,77.9,"Diegten (BL)","La popolazione di Diegten respinge la modifica della legge sul servizio civile con il 77,9 per cento. Sia Diegten che il cantone Basilea Campagna hanno bocciato la modifica della legge sul servizio civile."
2885,33,33,67,"Eptingen (BL)","A Eptingen la modifica della legge sul servizio civile è stata respinta con il 67 per cento. Sia Eptingen che il cantone Basilea Campagna hanno bocciato la modifica della legge sul servizio civile."
2886,5.1,5.1,94.9,"Hölstein (BL)","A Hölstein, la modifica della legge sul servizio civile è stata respinta con il 94,9 per cento. Sia Hölstein che il cantone Basilea Campagna hanno bocciato la modifica della legge sul servizio civile."
2887,73.2,73.2,26.8,"Lampenberg (BL)","Sì alla modifica della legge sul servizio civile a Lampenberg: 73,2 per cento. Lampenberg dice sì a la modifica della legge sul servizio civile, il cantone Basilea Campagna dice no."
2888,52.3,52.3,47.7,"Langenbruck (BL)","A Langenbruck la modifica della legge sul servizio civile è stata approvata con il 52,3 per cento. Langenbruck dice sì a la modifica della legge sul servizio civile, il cantone Basilea Campagna dice no."
2889,49.7,49.7,50.3,"Lauwil (BL)","Con il 50,3 per cento dei voti, Lauwil ha respinto la modifica della legge sul servizio civile. Sia Lauwil che il cantone Basilea Campagna hanno bocciato la modifica della legge sul servizio civile."
2890,1.4,1.4,98.6,"Liedertswil (BL)","Con il 98,6 per cento dei voti, Liedertswil ha respinto la modifica della legge sul servizio civile. Il tasso più alto di no alla modifica della legge sul servizio civile nel cantone Basilea Campagna è a Liedertswil."
2891,52.8,52.8,47.2,"Niederdorf (BL)","A Niederdorf la modifica della legge sul servizio civile è stata approvata con il 52,8 per cento. Niederdorf dice sì a la modifica della legge sul servizio civile, il cantone Basilea Campagna dice no."
2892,64.9,64.9,35.1,"Oberdorf (BL)","A Oberdorf BL, la modifica della legge sul servizio civile è stata approvata con il 64,9 per cento. Oberdorf BL dice sì a la modifica della legge sul servizio civile, il cantone Basilea Campagna dice no."
2893,44.9,44.9,55.1,"Reigoldswil (BL)","A Reigoldswil la modifica della legge sul servizio civile è stata respinta con il 55,1 per cento. Sia Reigoldswil che il cantone Basilea Campagna hanno bocciato la modifica della legge sul servizio civile."
2894,37.7,37.7,62.3,"Titterten (BL)","La popolazione di Titterten respinge la modifica della legge sul servizio civile con il 62,3 per cento. Sia Titterten che il cantone Basilea Campagna hanno bocciato la modifica della legge sul servizio civile."
2895,18.2,18.2,81.8,"Waldenburg (BL)","A Waldenburg la modifica della legge sul servizio civile è stata respinta con il 81,8 per cento. Sia Waldenburg che il cantone Basilea Campagna hanno bocciato la modifica della legge sul servizio civile."
2901,31.6,31.6,68.4,"Gächlingen (SH)","La popolazione di Gächlingen respinge la modifica della legge sul servizio civile con il 68,4 per cento. Sia Gächlingen che il cantone Sciaffusa hanno bocciato la modifica della legge sul servizio civile."
2903,83.5,83.5,16.5,"Löhningen (SH)","Sì alla modifica della legge sul servizio civile a Löhningen: 83,5 per cento. Löhningen dice sì a la modifica della legge sul servizio civile, il cantone Sciaffusa dice no."
2904,61.8,61.8,38.2,"Neunkirch (SH)","A Neunkirch, la modifica della legge sul servizio civile è approvata con il 61,8 per cento. Neunkirch dice sì a la modifica della legge sul servizio civile, il cantone Sciaffusa dice no."
2914,1,1,99,"Büttenhardt (SH)","A Büttenhardt, la modifica della legge sul servizio civile è stata respinta con il 99 per cento. Il tasso più alto di no alla modifica della legge sul servizio civile nel cantone Sciaffusa è a Büttenhardt."
2915,41,41,59,"Dörflingen (SH)","Con il 59 per cento dei voti, la modifica della legge sul servizio civile viene respinta a Dörflingen. Sia Dörflingen che il cantone Sciaffusa hanno bocciato la modifica della legge sul servizio civile."
2917,17,17,83,"Lohn (SH)","La popolazione di Lohn SH respinge la modifica della legge sul servizio civile con il 83 per cento. Sia Lohn SH che il cantone Sciaffusa hanno bocciato la modifica della legge sul servizio civile."
2919,21.5,21.5,78.5,"Stetten (SH)","A Stetten SH la modifica della legge sul servizio civile è stata respinta con il 78,5 per cento. Sia Stetten SH che il cantone Sciaffusa hanno bocciato la modifica della legge sul servizio civile."
2920,12.3,12.3,87.7,"Thayngen (SH)","A Thayngen la modifica della legge sul servizio civile non ottiene la maggioranza: 87,7 per cento di no. Sia Thayngen che il cantone Sciaffusa hanno bocciato la modifica della legge sul servizio civile."
2931,51.7,51.7,48.3,"Bargen (SH)","La popolazione di Bargen SH approva la modifica della legge sul servizio civile con il 51,7 per cento. Bargen SH dice sì a la modifica della legge sul servizio civile, il cantone Sciaffusa dice no."
2932,71.7,71.7,28.3,"Beringen (SH)","Sì alla modifica della legge sul servizio civile a Beringen, con il 71,7 per cento di voti favorevoli. Beringen dice sì a la modifica della legge sul servizio civile, il cantone Sciaffusa dice no."
2933,31.3,31.3,68.7,"Buchberg (SH)","La popolazione di Buchberg respinge la modifica della legge sul servizio civile con il 68,7 per cento. Sia Buchberg che il cantone Sciaffusa hanno bocciato la modifica della legge sul servizio civile."
2936,36.5,36.5,63.5,"Merishausen (SH)","Con il 63,5 per cento dei voti, Merishausen ha respinto la modifica della legge sul servizio civile. Sia Merishausen che il cantone Sciaffusa hanno bocciato la modifica della legge sul servizio civile."
2937,6.4,6.4,93.6,"Neuhausen am Rheinfall (SH)","La popolazione di Neuhausen am Rheinfall respinge la modifica della legge sul servizio civile con il 93,6 per cento. Sia Neuhausen am Rheinfall che il cantone Sciaffusa hanno bocciato la modifica della legge sul servizio civile."
2938,8.9,8.9,91.1,"Rüdlingen (SH)","A Rüdlingen, la modifica della legge sul servizio civile è stata respinta con il 91,1 per cento. Sia Rüdlingen che il cantone Sciaffusa hanno bocciato la modifica della legge sul servizio civile."
2939,22.4,22.4,77.6,"Sciaffusa (SH)","A Sciaffusa, la modifica della legge sul servizio civile è stata respinta con il 77,6 per cento. Sia Sciaffusa che il cantone Sciaffusa hanno bocciato la modifica della legge sul servizio civile."
2951,56.6,56.6,43.4,"Beggingen (SH)","La popolazione di Beggingen approva la modifica della legge sul servizio civile con il 56,6 per cento. Beggingen dice sì a la modifica della legge sul servizio civile, il cantone Sciaffusa dice no."
2952,63.5,63.5,36.5,"Schleitheim (SH)","Sì alla modifica della legge sul servizio civile a Schleitheim: 63,5 per cento. Schleitheim dice sì a la modifica della legge sul servizio civile, il cantone Sciaffusa dice no."
2953,57.6,57.6,42.4,"Siblingen (SH)","A Siblingen, la modifica della legge sul servizio civile è stata approvata con il 57,6 per cento. Siblingen dice sì a la modifica della legge sul servizio civile, il cantone Sciaffusa dice no."
2961,19.9,19.9,80.1,"Buch (SH)","A Buch SH la modifica della legge sul servizio civile non ottiene la maggioranza: 80,1 per cento di no. Sia Buch SH che il cantone Sciaffusa hanno bocciato la modifica della legge sul servizio civile."
2962,52.6,52.6,47.4,"Hemishofen (SH)","A Hemishofen la modifica della legge sul servizio civile è stata approvata con il 52,6 per cento. Hemishofen dice sì a la modifica della legge sul servizio civile, il cantone Sciaffusa dice no."
2963,79.9,79.9,20.1,"Ramsen (SH)","A Ramsen, la modifica della legge sul servizio civile è stata approvata con il 79,9 per cento. Ramsen dice sì a la modifica della legge sul servizio civile, il cantone Sciaffusa dice no."
2964,48.2,48.2,51.8,"Stein am Rhein (SH)","A Stein am Rhein la modifica della legge sul servizio civile non ottiene la maggioranza: 51,8 per cento di no. Sia Stein am Rhein che il cantone Sciaffusa hanno bocciato la modifica della legge sul servizio civile."
2971,1.2,1.2,98.8,"Hallau (SH)","A Hallau la modifica della legge sul servizio civile è stata respinta con il 98,8 per cento. Sia Hallau che il cantone Sciaffusa hanno bocciato la modifica della legge sul servizio civile."
2972,85.2,85.2,14.8,"Oberhallau (SH)","Sì alla modifica della legge sul servizio civile a Oberhallau, con il 85,2 per cento di voti favorevoli. Nel cantone di Sciaffusa, Oberhallau ha ottenuto il più alto tasso di sì per la modifica della legge sul servizio civile."
2973,44.6,44.6,55.4,"Trasadingen (SH)","A Trasadingen la modifica della legge sul servizio civile è stata respinta con il 55,4 per cento. Sia Trasadingen che il cantone Sciaffusa hanno bocciato la modifica della legge sul servizio civile."
2974,34.1,34.1,65.9,"Wilchingen (SH)","Con il 65,9 per cento dei voti, Wilchingen ha respinto la modifica della legge sul servizio civile. Sia Wilchingen che il cantone Sciaffusa hanno bocciato la modifica della legge sul servizio civile."
3001,55.8,55.8,44.2,"Herisau (AR)","Sì alla modifica della legge sul servizio civile a Herisau: 55,8 per cento. Herisau dice sì a la modifica della legge sul servizio civile, il cantone Appenzello Esterno dice no."
3002,42,42,58,"Hundwil (AR)","Con il 58 per cento dei voti, Hundwil ha respinto la modifica della legge sul servizio civile. Sia Hundwil che il cantone Appenzello Esterno hanno bocciato la modifica della legge sul servizio civile."
3003,43.5,43.5,56.5,"Schönengrund (AR)","A Schönengrund la modifica della legge sul servizio civile non ottiene la maggioranza: 56,5 per cento di no. Sia Schönengrund che il cantone Appenzello Esterno hanno bocciato la modifica della legge sul servizio civile."
3004,54.1,54.1,45.9,"Schwellbrunn (AR)","A Schwellbrunn, la modifica della legge sul servizio civile è approvata con il 54,1 per cento. Schwellbrunn dice sì a la modifica della legge sul servizio civile, il cantone Appenzello Esterno dice no."
3005,70.4,70.4,29.6,"Stein (AR)","Sì alla modifica della legge sul servizio civile a Stein AR con il 70,4 per cento. Stein AR dice sì a la modifica della legge sul servizio civile, il cantone Appenzello Esterno dice no."
3006,55.1,55.1,44.9,"Urnäsch (AR)","A Urnäsch, la modifica della legge sul servizio civile è approvata con il 55,1 per cento. Urnäsch dice sì a la modifica della legge sul servizio civile, il cantone Appenzello Esterno dice no."
3007,62.8,62.8,37.2,"Waldstatt (AR)","La popolazione di Waldstatt approva la modifica della legge sul servizio civile con il 62,8 per cento. Waldstatt dice sì a la modifica della legge sul servizio civile, il cantone Appenzello Esterno dice no."
3021,51.1,51.1,48.9,"Bühler (AR)","A Bühler la modifica della legge sul servizio civile è stata approvata con il 51,1 per cento. Bühler dice sì a la modifica della legge sul servizio civile, il cantone Appenzello Esterno dice no."
3022,89.9,89.9,10.1,"Gais (AR)","A Gais, la modifica della legge sul servizio civile è stata approvata con il 89,9 per cento. Gais dice sì a la modifica della legge sul servizio civile, il cantone Appenzello Esterno dice no."
3023,95.5,95.5,4.5,"Speicher (AR)","A Speicher la modifica della legge sul servizio civile è stata approvata con il 95,5 per cento. Nel cantone di Appenzello Esterno, Speicher ha ottenuto il più alto tasso di sì per la modifica della legge sul servizio civile."
3024,41.6,41.6,58.4,"Teufen (AR)","A Teufen AR la modifica della legge sul servizio civile non ottiene la maggioranza: 58,4 per cento di no. Sia Teufen AR che il cantone Appenzello Esterno hanno bocciato la modifica della legge sul servizio civile."
3025,60,60,40,"Trogen (AR)","A Trogen, la modifica della legge sul servizio civile è approvata con il 60 per cento. Trogen dice sì a la modifica della legge sul servizio civile, il cantone Appenzello Esterno dice no."
3031,43.6,43.6,56.4,"Grub (AR)","Con il 56,4 per cento dei voti, la modifica della legge sul servizio civile viene respinta a Grub AR. Sia Grub AR che il cantone Appenzello Esterno hanno bocciato la modifica della legge sul servizio civile."
3032,61.3,61.3,38.7,"Heiden (AR)","A Heiden la modifica della legge sul servizio civile è stata approvata con il 61,3 per cento. Heiden dice sì a la modifica della legge sul servizio civile, il cantone Appenzello Esterno dice no."
3033,24.1,24.1,75.9,"Lutzenberg (AR)","La popolazione di Lutzenberg respinge la modifica della legge sul servizio civile con il 75,9 per cento. Sia Lutzenberg che il cantone Appenzello Esterno hanno bocciato la modifica della legge sul servizio civile."
3034,63.1,63.1,36.9,"Rehetobel (AR)","A Rehetobel, la modifica della legge sul servizio civile è stata approvata con il 63,1 per cento. Rehetobel dice sì a la modifica della legge sul servizio civile, il cantone Appenzello Esterno dice no."
3035,24.5,24.5,75.5,"Reute (AR)","A Reute AR la modifica della legge sul servizio civile non ottiene la maggioranza: 75,5 per cento di no. Sia Reute AR che il cantone Appenzello Esterno hanno bocciato la modifica della legge sul servizio civile."
3036,23.3,23.3,76.7,"Wald (AR)","A Wald AR la modifica della legge sul servizio civile è stata respinta con il 76,7 per cento. Il tasso più alto di no alla modifica della legge sul servizio civile nel cantone Appenzello Esterno è a Wald AR."
3037,88.7,88.7,11.3,"Walzenhausen (AR)","Sì alla modifica della legge sul servizio civile a Walzenhausen con il 88,7 per cento. Walzenhausen dice sì a la modifica della legge sul servizio civile, il cantone Appenzello Esterno dice no."
3038,41.1,41.1,58.9,"Wolfhalden (AR)","Con il 58,9 per cento dei voti, Wolfhalden ha respinto la modifica della legge sul servizio civile. Sia Wolfhalden che il cantone Appenzello Esterno hanno bocciato la modifica della legge sul servizio civile."
3101,57.7,57.7,42.3,"Appenzello (AI)","Sì alla modifica della legge sul servizio civile a Appenzello, con il 57,7 per cento di voti favorevoli. Nel cantone di Appenzello Interno, Appenzello ha ottenuto il più alto tasso di sì per la modifica della legge sul servizio civile."
3102,21.3,21.3,78.7,"Gonten (AI)","A Gonten la modifica della legge sul servizio civile è stata respinta con il 78,7 per cento. Il tasso più alto di no alla modifica della legge sul servizio civile nel cantone Appenzello Interno è a Gonten."
3104,52.5,52.5,47.5,"Schlatt-Haslen (AI)","A Schlatt-Haslen, la modifica della legge sul servizio civile è stata approvata con il 52,5 per cento. Schlatt-Haslen dice sì a la modifica della legge sul servizio civile, il cantone Appenzello Interno dice no."
3111,50.5,50.5,49.5,"Oberegg (AI)","A Oberegg, la modifica della legge sul servizio civile è stata approvata con il 50,5 per cento. Oberegg dice sì a la modifica della legge sul servizio civile, il cantone Appenzello Interno dice no."
3112,23.8,23.8,76.2,"Schwende-Rüti (AI)","Con il 76,2 per cento dei voti, la modifica della legge sul servizio civile viene respinta a Schwende-Rüti. Sia Schwende-Rüti che il cantone Appenzello Interno hanno bocciato la modifica della legge sul servizio civile."
3201,68.7,68.7,31.3,"Häggenschwil (SG)","Sì alla modifica della legge sul servizio civile a Häggenschwil: 68,7 per cento. Häggenschwil dice sì a la modifica della legge sul servizio civile, il cantone San Gallo dice no."
3202,45.8,45.8,54.2,"Muolen (SG)","A Muolen, la modifica della legge sul servizio civile è stata respinta con il 54,2 per cento. Sia Muolen che il cantone San Gallo hanno bocciato la modifica della legge sul servizio civile."
3203,50.6,50.6,49.4,"San Gallo (SG)","Sì alla modifica della legge sul servizio civile a San Gallo, con il 50,6 per cento di voti favorevoli. San Gallo dice sì a la modifica della legge sul servizio civile, il cantone San Gallo dice no."
3204,43.7,43.7,56.3,"Wittenbach (SG)","Con il 56,3 per cento dei voti, la modifica della legge sul servizio civile viene respinta a Wittenbach. Sia Wittenbach che il cantone San Gallo hanno bocciato la modifica della legge sul servizio civile."
3211,90,90,10,"Berg (SG)","A Berg SG, la modifica della legge sul servizio civile è approvata con il 90 per cento. Berg SG dice sì a la modifica della legge sul servizio civile, il cantone San Gallo dice no."
3212,33.9,33.9,66.1,"Eggersriet (SG)","Con il 66,1 per cento dei voti, Eggersriet ha respinto la modifica della legge sul servizio civile. Sia Eggersriet che il cantone San Gallo hanno bocciato la modifica della legge sul servizio civile."
3213,88.2,88.2,11.8,"Goldach (SG)","La popolazione di Goldach approva la modifica della legge sul servizio civile con il 88,2 per cento. Goldach dice sì a la modifica della legge sul servizio civile, il cantone San Gallo dice no."
3214,56.7,56.7,43.3,"Mörschwil (SG)","Sì alla modifica della legge sul servizio civile a Mörschwil, con il 56,7 per cento di voti favorevoli. Mörschwil dice sì a la modifica della legge sul servizio civile, il cantone San Gallo dice no."
3215,57.2,57.2,42.8,"Rorschach (SG)","La popolazione di Rorschach approva la modifica della legge sul servizio civile con il 57,2 per cento. Rorschach dice sì a la modifica della legge sul servizio civile, il cantone San Gallo dice no."
3216,54.1,54.1,45.9,"Rorschacherberg (SG)","A Rorschacherberg la modifica della legge sul servizio civile è stata approvata con il 54,1 per cento. Rorschacherberg dice sì a la modifica della legge sul servizio civile, il cantone San Gallo dice no."
3217,99.9,99.9,0.1,"Steinach (SG)","A Steinach, il sì alla modifica della legge sul servizio civile raggiunge il 99,9 per cento, il valore più alto che in qualsiasi altro comune svizzero. Nel cantone di San Gallo, Steinach ha ottenuto il più alto tasso di sì per la modifica della legge sul servizio civile."
3218,19.4,19.4,80.6,"Tübach (SG)","Con il 80,6 per cento dei voti, la modifica della legge sul servizio civile viene respinta a Tübach. Sia Tübach che il cantone San Gallo hanno bocciato la modifica della legge sul servizio civile."
3219,54.9,54.9,45.1,"Untereggen (SG)","A Untereggen la modifica della legge sul servizio civile è stata approvata con il 54,9 per cento. Untereggen dice sì a la modifica della legge sul servizio civile, il cantone San Gallo dice no."
3231,62.5,62.5,37.5,"Au (SG)","A Au SG, la modifica della legge sul servizio civile è stata approvata con il 62,5 per cento. Au SG dice sì a la modifica della legge sul servizio civile, il cantone San Gallo dice no."
3232,87.6,87.6,12.4,"Balgach (SG)","La popolazione di Balgach approva la modifica della legge sul servizio civile con il 87,6 per cento. Balgach dice sì a la modifica della legge sul servizio civile, il cantone San Gallo dice no."
3233,43.7,43.7,56.3,"Berneck (SG)","A Berneck la modifica della legge sul servizio civile non ottiene la maggioranza: 56,3 per cento di no. Sia Berneck che il cantone San Gallo hanno bocciato la modifica della legge sul servizio civile."
3234,53.2,53.2,46.8,"Diepoldsau (SG)","A Diepoldsau, la modifica della legge sul servizio civile è approvata con il 53,2 per cento. Diepoldsau dice sì a la modifica della legge sul servizio civile, il cantone San Gallo dice no."
3235,55.2,55.2,44.8,"Rheineck (SG)","La popolazione di Rheineck approva la modifica della legge sul servizio civile con il 55,2 per cento. Rheineck dice sì a la modifica della legge sul servizio civile, il cantone San Gallo dice no."
3236,54.2,54.2,45.8,"St. Margrethen (SG)","Sì alla modifica della legge sul servizio civile a St. Margrethen, con il 54,2 per cento di voti favorevoli. St. Margrethen dice sì a la modifica della legge sul servizio civile, il cantone San Gallo dice no."
3237,99.4,99.4,0.6,"Thal (SG)","La popolazione di Thal approva la modifica della legge sul servizio civile con il 99,4 per cento. Thal dice sì a la modifica della legge sul servizio civile, il cantone San Gallo dice no."
3238,79.7,79.7,20.3,"Widnau (SG)","Sì alla modifica della legge sul servizio civile a Widnau con il 79,7 per cento. Widnau dice sì a la modifica della legge sul servizio civile, il cantone San Gallo dice no."
3251,59.8,59.8,40.2,"Altstätten (SG)","La popolazione di Altstätten approva la modifica della legge sul servizio civile con il 59,8 per cento. Altstätten dice sì a la modifica della legge sul servizio civile, il cantone San Gallo dice no."
3252,51,51,49,"Eichberg (SG)","A Eichberg, la modifica della legge sul servizio civile è approvata con il 51 per cento. Eichberg dice sì a la modifica della legge sul servizio civile, il cantone San Gallo dice no."
3253,60.8,60.8,39.2,"Marbach (SG)","Sì alla modifica della legge sul servizio civile a Marbach SG: 60,8 per cento. Marbach SG dice sì a la modifica della legge sul servizio civile, il cantone San Gallo dice no."
3254,35.9,35.9,64.1,"Oberriet (SG)","Con il 64,1 per cento dei voti, Oberriet SG ha respinto la modifica della legge sul servizio civile. Sia Oberriet SG che il cantone San Gallo hanno bocciato la modifica della legge sul servizio civile."
3255,52.5,52.5,47.5,"Rebstein (SG)","Sì alla modifica della legge sul servizio civile a Rebstein con il 52,5 per cento. Rebstein dice sì a la modifica della legge sul servizio civile, il cantone San Gallo dice no."
3256,52.4,52.4,47.6,"Rüthi (SG)","Sì alla modifica della legge sul servizio civile a Rüthi SG, con il 52,4 per cento di voti favorevoli. Rüthi SG dice sì a la modifica della legge sul servizio civile, il cantone San Gallo dice no."
3271,48.3,48.3,51.7,"Buchs (SG)","Con il 51,7 per cento dei voti, la modifica della legge sul servizio civile viene respinta a Buchs SG. Sia Buchs SG che il cantone San Gallo hanno bocciato la modifica della legge sul servizio civile."
3272,28.2,28.2,71.8,"Gams (SG)","La popolazione di Gams respinge la modifica della legge sul servizio civile con il 71,8 per cento. Sia Gams che il cantone San Gallo hanno bocciato la modifica della legge sul servizio civile."
3273,32.7,32.7,67.3,"Grabs (SG)","A Grabs, la modifica della legge sul servizio civile è stata respinta con il 67,3 per cento. Sia Grabs che il cantone San Gallo hanno bocciato la modifica della legge sul servizio civile."
3274,8.5,8.5,91.5,"Sennwald (SG)","La popolazione di Sennwald respinge la modifica della legge sul servizio civile con il 91,5 per cento. Sia Sennwald che il cantone San Gallo hanno bocciato la modifica della legge sul servizio civile."
3275,21.4,21.4,78.6,"Sevelen (SG)","Con il 78,6 per cento dei voti, la modifica della legge sul servizio civile viene respinta a Sevelen. Sia Sevelen che il cantone San Gallo hanno bocciato la modifica della legge sul servizio civile."
3276,40.9,40.9,59.1,"Wartau (SG)","A Wartau la modifica della legge sul servizio civile è stata respinta con il 59,1 per cento. Sia Wartau che il cantone San Gallo hanno bocciato la modifica della legge sul servizio civile."
3291,37.6,37.6,62.4,"Bad Ragaz (SG)","Con il 62,4 per cento dei voti, Bad Ragaz ha respinto la modifica della legge sul servizio civile. Sia Bad Ragaz che il cantone San Gallo hanno bocciato la modifica della legge sul servizio civile."
3292,33,33,67,"Flums (SG)","A Flums, la modifica della legge sul servizio civile è stata respinta con il 67 per cento. Sia Flums che il cantone San Gallo hanno bocciato la modifica della legge sul servizio civile."
3293,47.3,47.3,52.7,"Mels (SG)","La popolazione di Mels respinge la modifica della legge sul servizio civile con il 52,7 per cento. Sia Mels che il cantone San Gallo hanno bocciato la modifica della legge sul servizio civile."
3294,55,55,45,"Pfäfers (SG)","A Pfäfers, la modifica della legge sul servizio civile è approvata con il 55 per cento. Pfäfers dice sì a la modifica della legge sul servizio civile, il cantone San Gallo dice no."
3295,55,55,45,"Quarten (SG)","A Quarten, la modifica della legge sul servizio civile è approvata con il 55 per cento. Quarten dice sì a la modifica della legge sul servizio civile, il cantone San Gallo dice no."
3296,1.9,1.9,98.1,"Sargans (SG)","A Sargans, la modifica della legge sul servizio civile è stata respinta con il 98,1 per cento. Il tasso più alto di no alla modifica della legge sul servizio civile nel cantone San Gallo è a Sargans."
3297,87.2,87.2,12.8,"Vilters-Wangs (SG)","Sì alla modifica della legge sul servizio civile a Vilters-Wangs: 87,2 per cento. Vilters-Wangs dice sì a la modifica della legge sul servizio civile, il cantone San Gallo dice no."
3298,41.9,41.9,58.1,"Walenstadt (SG)","Con il 58,1 per cento dei voti, Walenstadt ha respinto la modifica della legge sul servizio civile. Sia Walenstadt che il cantone San Gallo hanno bocciato la modifica della legge sul servizio civile."
3311,81.5,81.5,18.5,"Amden (SG)","Sì alla modifica della legge sul servizio civile a Amden con il 81,5 per cento. Amden dice sì a la modifica della legge sul servizio civile, il cantone San Gallo dice no."
3312,46.4,46.4,53.6,"Benken (SG)","A Benken SG la modifica della legge sul servizio civile è stata respinta con il 53,6 per cento. Sia Benken SG che il cantone San Gallo hanno bocciato la modifica della legge sul servizio civile."
3313,75.2,75.2,24.8,"Kaltbrunn (SG)","Sì alla modifica della legge sul servizio civile a Kaltbrunn, con il 75,2 per cento di voti favorevoli. Kaltbrunn dice sì a la modifica della legge sul servizio civile, il cantone San Gallo dice no."
3315,41.9,41.9,58.1,"Schänis (SG)","A Schänis, la modifica della legge sul servizio civile è stata respinta con il 58,1 per cento. Sia Schänis che il cantone San Gallo hanno bocciato la modifica della legge sul servizio civile."
3316,46.7,46.7,53.3,"Weesen (SG)","Con il 53,3 per cento dei voti, Weesen ha respinto la modifica della legge sul servizio civile. Sia Weesen che il cantone San Gallo hanno bocciato la modifica della legge sul servizio civile."
3338,40.2,40.2,59.8,"Schmerikon (SG)","La popolazione di Schmerikon respinge la modifica della legge sul servizio civile con il 59,8 per cento. Sia Schmerikon che il cantone San Gallo hanno bocciato la modifica della legge sul servizio civile."
3339,42.2,42.2,57.8,"Uznach (SG)","A Uznach la modifica della legge sul servizio civile non ottiene la maggioranza: 57,8 per cento di no. Sia Uznach che il cantone San Gallo hanno bocciato la modifica della legge sul servizio civile."
3340,49,49,51,"Rapperswil-Jona (SG)","A Rapperswil-Jona, la modifica della legge sul servizio civile è stata respinta con il 51 per cento. Sia Rapperswil-Jona che il cantone San Gallo hanno bocciato la modifica della legge sul servizio civile."
3341,21.5,21.5,78.5,"Gommiswald (SG)","A Gommiswald, la modifica della legge sul servizio civile è stata respinta con il 78,5 per cento. Sia Gommiswald che il cantone San Gallo hanno bocciato la modifica della legge sul servizio civile."
3342,52.7,52.7,47.3,"Eschenbach (SG)","A Eschenbach SG la modifica della legge sul servizio civile è stata approvata con il 52,7 per cento. Eschenbach SG dice sì a la modifica della legge sul servizio civile, il cantone San Gallo dice no."
3352,9.3,9.3,90.7,"Ebnat-Kappel (SG)","A Ebnat-Kappel la modifica della legge sul servizio civile non ottiene la maggioranza: 90,7 per cento di no. Sia Ebnat-Kappel che il cantone San Gallo hanno bocciato la modifica della legge sul servizio civile."
3359,39.8,39.8,60.2,"Wildhaus-Alt St. Johann (SG)","A Wildhaus-Alt St. Johann la modifica della legge sul servizio civile è stata respinta con il 60,2 per cento. Sia Wildhaus-Alt St. Johann che il cantone San Gallo hanno bocciato la modifica della legge sul servizio civile."
3360,79.1,79.1,20.9,"Nesslau (SG)","Sì alla modifica della legge sul servizio civile a Nesslau: 79,1 per cento. Nesslau dice sì a la modifica della legge sul servizio civile, il cantone San Gallo dice no."
3374,23.2,23.2,76.8,"Lichtensteig (SG)","La popolazione di Lichtensteig respinge la modifica della legge sul servizio civile con il 76,8 per cento. Sia Lichtensteig che il cantone San Gallo hanno bocciato la modifica della legge sul servizio civile."
3379,12.9,12.9,87.1,"Wattwil (SG)","La popolazione di Wattwil respinge la modifica della legge sul servizio civile con il 87,1 per cento. Sia Wattwil che il cantone San Gallo hanno bocciato la modifica della legge sul servizio civile."
3392,33.9,33.9,66.1,"Kirchberg (SG)","Con il 66,1 per cento dei voti, la modifica della legge sul servizio civile viene respinta a Kirchberg SG. Sia Kirchberg SG che il cantone San Gallo hanno bocciato la modifica della legge sul servizio civile."
3393,44.5,44.5,55.5,"Lütisburg (SG)","La popolazione di Lütisburg respinge la modifica della legge sul servizio civile con il 55,5 per cento. Sia Lütisburg che il cantone San Gallo hanno bocciato la modifica della legge sul servizio civile."
3394,39.8,39.8,60.2,"Mosnang (SG)","A Mosnang la modifica della legge sul servizio civile non ottiene la maggioranza: 60,2 per cento di no. Sia Mosnang che il cantone San Gallo hanno bocciato la modifica della legge sul servizio civile."
3395,7.9,7.9,92.1,"Bütschwil-Ganterschwil (SG)","Con il 92,1 per cento dei voti, la modifica della legge sul servizio civile viene respinta a Bütschwil-Ganterschwil. Sia Bütschwil-Ganterschwil che il cantone San Gallo hanno bocciato la modifica della legge sul servizio civile."
3396,47.8,47.8,52.2,"Neckertal (SG)","La popolazione di Neckertal respinge la modifica della legge sul servizio civile con il 52,2 per cento. Sia Neckertal che il cantone San Gallo hanno bocciato la modifica della legge sul servizio civile."
3401,61.6,61.6,38.4,"Degersheim (SG)","La popolazione di Degersheim approva la modifica della legge sul servizio civile con il 61,6 per cento. Degersheim dice sì a la modifica della legge sul servizio civile, il cantone San Gallo dice no."
3402,16.3,16.3,83.7,"Flawil (SG)","Con il 83,7 per cento dei voti, la modifica della legge sul servizio civile viene respinta a Flawil. Sia Flawil che il cantone San Gallo hanno bocciato la modifica della legge sul servizio civile."
3405,63.3,63.3,36.7,"Jonschwil (SG)","Sì alla modifica della legge sul servizio civile a Jonschwil con il 63,3 per cento. Jonschwil dice sì a la modifica della legge sul servizio civile, il cantone San Gallo dice no."
3407,48.8,48.8,51.2,"Oberuzwil (SG)","Con il 51,2 per cento dei voti, la modifica della legge sul servizio civile viene respinta a Oberuzwil. Sia Oberuzwil che il cantone San Gallo hanno bocciato la modifica della legge sul servizio civile."
3408,60.9,60.9,39.1,"Uzwil (SG)","A Uzwil, la modifica della legge sul servizio civile è approvata con il 60,9 per cento. Uzwil dice sì a la modifica della legge sul servizio civile, il cantone San Gallo dice no."
3422,61.6,61.6,38.4,"Niederbüren (SG)","Sì alla modifica della legge sul servizio civile a Niederbüren con il 61,6 per cento. Niederbüren dice sì a la modifica della legge sul servizio civile, il cantone San Gallo dice no."
3423,2.1,2.1,97.9,"Niederhelfenschwil (SG)","Con il 97,9 per cento dei voti, Niederhelfenschwil ha respinto la modifica della legge sul servizio civile. Sia Niederhelfenschwil che il cantone San Gallo hanno bocciato la modifica della legge sul servizio civile."
3424,38.8,38.8,61.2,"Oberbüren (SG)","Con il 61,2 per cento dei voti, la modifica della legge sul servizio civile viene respinta a Oberbüren. Sia Oberbüren che il cantone San Gallo hanno bocciato la modifica della legge sul servizio civile."
3426,61.8,61.8,38.2,"Zuzwil (SG)","A Zuzwil SG la modifica della legge sul servizio civile è stata approvata con il 61,8 per cento. Zuzwil SG dice sì a la modifica della legge sul servizio civile, il cantone San Gallo dice no."
3427,33.6,33.6,66.4,"Wil (SG)","La popolazione di Wil SG respinge la modifica della legge sul servizio civile con il 66,4 per cento. Sia Wil SG che il cantone San Gallo hanno bocciato la modifica della legge sul servizio civile."
3441,60,60,40,"Andwil (SG)","A Andwil SG, la modifica della legge sul servizio civile è approvata con il 60 per cento. Andwil SG dice sì a la modifica della legge sul servizio civile, il cantone San Gallo dice no."
3442,58.3,58.3,41.7,"Gaiserwald (SG)","Sì alla modifica della legge sul servizio civile a Gaiserwald: 58,3 per cento. Gaiserwald dice sì a la modifica della legge sul servizio civile, il cantone San Gallo dice no."
3443,46.2,46.2,53.8,"Gossau (SG)","Con il 53,8 per cento dei voti, la modifica della legge sul servizio civile viene respinta a Gossau SG. Sia Gossau SG che il cantone San Gallo hanno bocciato la modifica della legge sul servizio civile."
3444,27.1,27.1,72.9,"Waldkirch (SG)","A Waldkirch la modifica della legge sul servizio civile è stata respinta con il 72,9 per cento. Sia Waldkirch che il cantone San Gallo hanno bocciato la modifica della legge sul servizio civile."
3506,98.7,98.7,1.3,"Vaz/Obervaz (GR)","A Vaz/Obervaz la modifica della legge sul servizio civile è stata approvata con il 98,7 per cento. Nel cantone di Grigioni, Vaz/Obervaz ha ottenuto il più alto tasso di sì per la modifica della legge sul servizio civile."
3513,8.3,8.3,91.7,"Lantsch/Lenz (GR)","A Lantsch/Lenz la modifica della legge sul servizio civile non ottiene la maggioranza: 91,7 per cento di no. Divergenza: Lantsch/Lenz dice no a la modifica della legge sul servizio civile, il cantone Grigioni dice sì."
3514,30.2,30.2,69.8,"Schmitten (GR)","Con il 69,8 per cento dei voti, Schmitten GR ha respinto la modifica della legge sul servizio civile. Divergenza: Schmitten GR dice no a la modifica della legge sul servizio civile, il cantone Grigioni dice sì."
3542,44.3,44.3,55.7,"Albula/Alvra (GR)","A Albula/Alvra la modifica della legge sul servizio civile è stata respinta con il 55,7 per cento. Divergenza: Albula/Alvra dice no a la modifica della legge sul servizio civile, il cantone Grigioni dice sì."
3543,31.7,31.7,68.3,"Surses (GR)","A Surses la modifica della legge sul servizio civile non ottiene la maggioranza: 68,3 per cento di no. Divergenza: Surses dice no a la modifica della legge sul servizio civile, il cantone Grigioni dice sì."
3544,93.4,93.4,6.6,"Bergün Filisur (GR)","Sì alla modifica della legge sul servizio civile a Bergün Filisur con il 93,4 per cento. Bergün Filisur approva la modifica della legge sul servizio civile, così come il cantone Grigioni."
3551,81.6,81.6,18.4,"Brusio (GR)","La popolazione di Brusio approva la modifica della legge sul servizio civile con il 81,6 per cento. Brusio approva la modifica della legge sul servizio civile, così come il cantone Grigioni."
3561,7.7,7.7,92.3,"Poschiavo (GR)","La popolazione di Poschiavo respinge la modifica della legge sul servizio civile con il 92,3 per cento. Divergenza: Poschiavo dice no a la modifica della legge sul servizio civile, il cantone Grigioni dice sì."
3572,26.4,26.4,73.6,"Falera (GR)","La popolazione di Falera respinge la modifica della legge sul servizio civile con il 73,6 per cento. Divergenza: Falera dice no a la modifica della legge sul servizio civile, il cantone Grigioni dice sì."
3575,30.6,30.6,69.4,"Laax (GR)","A Laax, la modifica della legge sul servizio civile è stata respinta con il 69,4 per cento. Divergenza: Laax dice no a la modifica della legge sul servizio civile, il cantone Grigioni dice sì."
3581,2,2,98,"Sagogn (GR)","A Sagogn la modifica della legge sul servizio civile non ottiene la maggioranza: 98 per cento di no. Divergenza: Sagogn dice no a la modifica della legge sul servizio civile, il cantone Grigioni dice sì."
3582,41.3,41.3,58.7,"Schluein (GR)","La popolazione di Schluein respinge la modifica della legge sul servizio civile con il 58,7 per cento. Divergenza: Schluein dice no a la modifica della legge sul servizio civile, il cantone Grigioni dice sì."
3603,46.6,46.6,53.4,"Vals (GR)","A Vals la modifica della legge sul servizio civile non ottiene la maggioranza: 53,4 per cento di no. Divergenza: Vals dice no a la modifica della legge sul servizio civile, il cantone Grigioni dice sì."
3618,48,48,52,"Lumnezia (GR)","A Lumnezia la modifica della legge sul servizio civile è stata respinta con il 52 per cento. Divergenza: Lumnezia dice no a la modifica della legge sul servizio civile, il cantone Grigioni dice sì."
3619,82.6,82.6,17.4,"Ilanz/Glion (GR)","A Ilanz/Glion, la modifica della legge sul servizio civile è approvata con il 82,6 per cento. Ilanz/Glion approva la modifica della legge sul servizio civile, così come il cantone Grigioni."
3633,4.7,4.7,95.3,"Fürstenau (GR)","La popolazione di Fürstenau respinge la modifica della legge sul servizio civile con il 95,3 per cento. Divergenza: Fürstenau dice no a la modifica della legge sul servizio civile, il cantone Grigioni dice sì."
3637,23.3,23.3,76.7,"Rothenbrunnen (GR)","A Rothenbrunnen, la modifica della legge sul servizio civile è stata respinta con il 76,7 per cento. Divergenza: Rothenbrunnen dice no a la modifica della legge sul servizio civile, il cantone Grigioni dice sì."
3638,67.8,67.8,32.2,"Scharans (GR)","Sì alla modifica della legge sul servizio civile a Scharans: 67,8 per cento. Scharans approva la modifica della legge sul servizio civile, così come il cantone Grigioni."
3640,8.2,8.2,91.8,"Sils im Domleschg (GR)","A Sils im Domleschg, la modifica della legge sul servizio civile è stata respinta con il 91,8 per cento. Divergenza: Sils im Domleschg dice no a la modifica della legge sul servizio civile, il cantone Grigioni dice sì."
3661,28.1,28.1,71.9,"Cazis (GR)","A Cazis la modifica della legge sul servizio civile è stata respinta con il 71,9 per cento. Divergenza: Cazis dice no a la modifica della legge sul servizio civile, il cantone Grigioni dice sì."
3662,17.6,17.6,82.4,"Flerden (GR)","A Flerden, la modifica della legge sul servizio civile è stata respinta con il 82,4 per cento. Divergenza: Flerden dice no a la modifica della legge sul servizio civile, il cantone Grigioni dice sì."
3663,55.6,55.6,44.4,"Masein (GR)","A Masein, la modifica della legge sul servizio civile è stata approvata con il 55,6 per cento. Masein approva la modifica della legge sul servizio civile, così come il cantone Grigioni."
3668,70.6,70.6,29.4,"Thusis (GR)","A Thusis, la modifica della legge sul servizio civile è approvata con il 70,6 per cento. Thusis approva la modifica della legge sul servizio civile, così come il cantone Grigioni."
3669,56.1,56.1,43.9,"Tschappina (GR)","Sì alla modifica della legge sul servizio civile a Tschappina con il 56,1 per cento. Tschappina approva la modifica della legge sul servizio civile, così come il cantone Grigioni."
3670,59.2,59.2,40.8,"Urmein (GR)","Sì alla modifica della legge sul servizio civile a Urmein, con il 59,2 per cento di voti favorevoli. Urmein approva la modifica della legge sul servizio civile, così come il cantone Grigioni."
3672,73,73,27,"Safiental (GR)","La popolazione di Safiental approva la modifica della legge sul servizio civile con il 73 per cento. Safiental approva la modifica della legge sul servizio civile, così come il cantone Grigioni."
3673,8.5,8.5,91.5,"Domleschg (GR)","La popolazione di Domleschg respinge la modifica della legge sul servizio civile con il 91,5 per cento. Divergenza: Domleschg dice no a la modifica della legge sul servizio civile, il cantone Grigioni dice sì."
3681,86.6,86.6,13.4,"Avers (GR)","Sì alla modifica della legge sul servizio civile a Avers: 86,6 per cento. Avers approva la modifica della legge sul servizio civile, così come il cantone Grigioni."
3695,77.7,77.7,22.3,"Sufers (GR)","Sì alla modifica della legge sul servizio civile a Sufers: 77,7 per cento. Sufers approva la modifica della legge sul servizio civile, così come il cantone Grigioni."
3701,7.6,7.6,92.4,"Andeer (GR)","La popolazione di Andeer respinge la modifica della legge sul servizio civile con il 92,4 per cento. Divergenza: Andeer dice no a la modifica della legge sul servizio civile, il cantone Grigioni dice sì."
3711,45,45,55,"Rongellen (GR)","La popolazione di Rongellen respinge la modifica della legge sul servizio civile con il 55 per cento. Divergenza: Rongellen dice no a la modifica della legge sul servizio civile, il cantone Grigioni dice sì."
3712,37.3,37.3,62.7,"Zillis-Reischen (GR)","Con il 62,7 per cento dei voti, Zillis-Reischen ha respinto la modifica della legge sul servizio civile. Divergenza: Zillis-Reischen dice no a la modifica della legge sul servizio civile, il cantone Grigioni dice sì."
3713,47.6,47.6,52.4,"Ferrera (GR)","A Ferrera la modifica della legge sul servizio civile non ottiene la maggioranza: 52,4 per cento di no. Divergenza: Ferrera dice no a la modifica della legge sul servizio civile, il cantone Grigioni dice sì."
3714,12.1,12.1,87.9,"Rheinwald (GR)","A Rheinwald, la modifica della legge sul servizio civile è stata respinta con il 87,9 per cento. Divergenza: Rheinwald dice no a la modifica della legge sul servizio civile, il cantone Grigioni dice sì."
3715,18.8,18.8,81.2,"Muntogna da Schons (GR)","A Muntogna da Schons la modifica della legge sul servizio civile non ottiene la maggioranza: 81,2 per cento di no. Divergenza: Muntogna da Schons dice no a la modifica della legge sul servizio civile, il cantone Grigioni dice sì."
3721,46.4,46.4,53.6,"Bonaduz (GR)","A Bonaduz la modifica della legge sul servizio civile non ottiene la maggioranza: 53,6 per cento di no. Divergenza: Bonaduz dice no a la modifica della legge sul servizio civile, il cantone Grigioni dice sì."
3722,53,53,47,"Domat/Ems (GR)","A Domat/Ems, la modifica della legge sul servizio civile è approvata con il 53 per cento. Domat/Ems approva la modifica della legge sul servizio civile, così come il cantone Grigioni."
3723,10.9,10.9,89.1,"Rhäzüns (GR)","La popolazione di Rhäzüns respinge la modifica della legge sul servizio civile con il 89,1 per cento. Divergenza: Rhäzüns dice no a la modifica della legge sul servizio civile, il cantone Grigioni dice sì."
3731,32.5,32.5,67.5,"Felsberg (GR)","A Felsberg, la modifica della legge sul servizio civile è stata respinta con il 67,5 per cento. Divergenza: Felsberg dice no a la modifica della legge sul servizio civile, il cantone Grigioni dice sì."
3732,10.3,10.3,89.7,"Flims (GR)","A Flims, la modifica della legge sul servizio civile è stata respinta con il 89,7 per cento. Divergenza: Flims dice no a la modifica della legge sul servizio civile, il cantone Grigioni dice sì."
3733,44.6,44.6,55.4,"Tamins (GR)","A Tamins la modifica della legge sul servizio civile non ottiene la maggioranza: 55,4 per cento di no. Divergenza: Tamins dice no a la modifica della legge sul servizio civile, il cantone Grigioni dice sì."
3734,54.4,54.4,45.6,"Trin (GR)","La popolazione di Trin approva la modifica della legge sul servizio civile con il 54,4 per cento. Trin approva la modifica della legge sul servizio civile, così come il cantone Grigioni."
3746,11.5,11.5,88.5,"Zernez (GR)","A Zernez la modifica della legge sul servizio civile non ottiene la maggioranza: 88,5 per cento di no. Divergenza: Zernez dice no a la modifica della legge sul servizio civile, il cantone Grigioni dice sì."
3752,1.4,1.4,98.6,"Samnaun (GR)","Con il 98,6 per cento dei voti, la modifica della legge sul servizio civile viene respinta a Samnaun. Divergenza: Samnaun dice no a la modifica della legge sul servizio civile, il cantone Grigioni dice sì."
3762,74.9,74.9,25.1,"Scuol (GR)","Sì alla modifica della legge sul servizio civile a Scuol: 74,9 per cento. Scuol approva la modifica della legge sul servizio civile, così come il cantone Grigioni."
3764,93.2,93.2,6.8,"Valsot (GR)","A Valsot, la modifica della legge sul servizio civile è approvata con il 93,2 per cento. Valsot approva la modifica della legge sul servizio civile, così come il cantone Grigioni."
3781,38.9,38.9,61.1,"Bever (GR)","Con il 61,1 per cento dei voti, Bever ha respinto la modifica della legge sul servizio civile. Divergenza: Bever dice no a la modifica della legge sul servizio civile, il cantone Grigioni dice sì."
3782,68.9,68.9,31.1,"Celerina/Schlarigna (GR)","Sì alla modifica della legge sul servizio civile a Celerina/Schlarigna con il 68,9 per cento. Celerina/Schlarigna approva la modifica della legge sul servizio civile, così come il cantone Grigioni."
3783,16.9,16.9,83.1,"Madulain (GR)","A Madulain la modifica della legge sul servizio civile non ottiene la maggioranza: 83,1 per cento di no. Divergenza: Madulain dice no a la modifica della legge sul servizio civile, il cantone Grigioni dice sì."
3784,43.5,43.5,56.5,"Pontresina (GR)","La popolazione di Pontresina respinge la modifica della legge sul servizio civile con il 56,5 per cento. Divergenza: Pontresina dice no a la modifica della legge sul servizio civile, il cantone Grigioni dice sì."
3785,21.4,21.4,78.6,"La Punt-Chamues-ch (GR)","A La Punt-Chamues-ch, la modifica della legge sul servizio civile è stata respinta con il 78,6 per cento. Divergenza: La Punt-Chamues-ch dice no a la modifica della legge sul servizio civile, il cantone Grigioni dice sì."
3786,18.7,18.7,81.3,"Samedan (GR)","A Samedan la modifica della legge sul servizio civile non ottiene la maggioranza: 81,3 per cento di no. Divergenza: Samedan dice no a la modifica della legge sul servizio civile, il cantone Grigioni dice sì."
3787,50.3,50.3,49.7,"St. Moritz (GR)","Sì alla modifica della legge sul servizio civile a St. Moritz: 50,3 per cento. St. Moritz approva la modifica della legge sul servizio civile, così come il cantone Grigioni."
3788,51,51,49,"S-chanf (GR)","Sì alla modifica della legge sul servizio civile a S-chanf con il 51 per cento. S-chanf approva la modifica della legge sul servizio civile, così come il cantone Grigioni."
3789,39.7,39.7,60.3,"Sils im Engadin/Segl (GR)","A Sils im Engadin/Segl, la modifica della legge sul servizio civile è stata respinta con il 60,3 per cento. Divergenza: Sils im Engadin/Segl dice no a la modifica della legge sul servizio civile, il cantone Grigioni dice sì."
3790,49.1,49.1,50.9,"Silvaplana (GR)","A Silvaplana la modifica della legge sul servizio civile non ottiene la maggioranza: 50,9 per cento di no. Divergenza: Silvaplana dice no a la modifica della legge sul servizio civile, il cantone Grigioni dice sì."
3791,42.3,42.3,57.7,"Zuoz (GR)","La popolazione di Zuoz respinge la modifica della legge sul servizio civile con il 57,7 per cento. Divergenza: Zuoz dice no a la modifica della legge sul servizio civile, il cantone Grigioni dice sì."
3792,90.6,90.6,9.4,"Bregaglia (GR)","A Bregaglia, la modifica della legge sul servizio civile è stata approvata con il 90,6 per cento. Bregaglia approva la modifica della legge sul servizio civile, così come il cantone Grigioni."
3804,66,66,34,"Buseno (GR)","Sì alla modifica della legge sul servizio civile a Buseno, con il 66 per cento di voti favorevoli. Buseno approva la modifica della legge sul servizio civile, così come il cantone Grigioni."
3805,3.6,3.6,96.4,"Castaneda (GR)","Con il 96,4 per cento dei voti, Castaneda ha respinto la modifica della legge sul servizio civile. Divergenza: Castaneda dice no a la modifica della legge sul servizio civile, il cantone Grigioni dice sì."
3808,93,93,7,"Rossa (GR)","Sì alla modifica della legge sul servizio civile a Rossa con il 93 per cento. Rossa approva la modifica della legge sul servizio civile, così come il cantone Grigioni."
3810,50.2,50.2,49.8,"Santa Maria in Calanca (GR)","La popolazione di Santa Maria in Calanca approva la modifica della legge sul servizio civile con il 50,2 per cento. Santa Maria in Calanca approva la modifica della legge sul servizio civile, così come il cantone Grigioni."
3821,30.6,30.6,69.4,"Lostallo (GR)","A Lostallo la modifica della legge sul servizio civile è stata respinta con il 69,4 per cento. Divergenza: Lostallo dice no a la modifica della legge sul servizio civile, il cantone Grigioni dice sì."
3822,14.4,14.4,85.6,"Mesocco (GR)","A Mesocco la modifica della legge sul servizio civile è stata respinta con il 85,6 per cento. Divergenza: Mesocco dice no a la modifica della legge sul servizio civile, il cantone Grigioni dice sì."
3823,41,41,59,"Soazza (GR)","A Soazza la modifica della legge sul servizio civile non ottiene la maggioranza: 59 per cento di no. Divergenza: Soazza dice no a la modifica della legge sul servizio civile, il cantone Grigioni dice sì."
3831,37.5,37.5,62.5,"Cama (GR)","A Cama la modifica della legge sul servizio civile è stata respinta con il 62,5 per cento. Divergenza: Cama dice no a la modifica della legge sul servizio civile, il cantone Grigioni dice sì."
3832,55.2,55.2,44.8,"Grono (GR)","Sì alla modifica della legge sul servizio civile a Grono: 55,2 per cento. Grono approva la modifica della legge sul servizio civile, così come il cantone Grigioni."
3834,77.4,77.4,22.6,"Roveredo (GR)","Sì alla modifica della legge sul servizio civile a Roveredo GR, con il 77,4 per cento di voti favorevoli. Roveredo GR approva la modifica della legge sul servizio civile, così come il cantone Grigioni."
3835,31,31,69,"San Vittore (GR)","A San Vittore la modifica della legge sul servizio civile è stata respinta con il 69 per cento. Divergenza: San Vittore dice no a la modifica della legge sul servizio civile, il cantone Grigioni dice sì."
3837,61.2,61.2,38.8,"Calanca (GR)","Sì alla modifica della legge sul servizio civile a Calanca, con il 61,2 per cento di voti favorevoli. Calanca approva la modifica della legge sul servizio civile, così come il cantone Grigioni."
3847,58.3,58.3,41.7,"Val Müstair (GR)","A Val Müstair, la modifica della legge sul servizio civile è approvata con il 58,3 per cento. Val Müstair approva la modifica della legge sul servizio civile, così come il cantone Grigioni."
3851,30.5,30.5,69.5,"Davos (GR)","La popolazione di Davos respinge la modifica della legge sul servizio civile con il 69,5 per cento. Divergenza: Davos dice no a la modifica della legge sul servizio civile, il cantone Grigioni dice sì."
3861,13.5,13.5,86.5,"Fideris (GR)","La popolazione di Fideris respinge la modifica della legge sul servizio civile con il 86,5 per cento. Divergenza: Fideris dice no a la modifica della legge sul servizio civile, il cantone Grigioni dice sì."
3862,75.7,75.7,24.3,"Furna (GR)","Sì alla modifica della legge sul servizio civile a Furna con il 75,7 per cento. Furna approva la modifica della legge sul servizio civile, così come il cantone Grigioni."
3863,24.4,24.4,75.6,"Jenaz (GR)","A Jenaz la modifica della legge sul servizio civile è stata respinta con il 75,6 per cento. Divergenza: Jenaz dice no a la modifica della legge sul servizio civile, il cantone Grigioni dice sì."
3871,68.8,68.8,31.2,"Klosters-Serneus (GR)","A Klosters-Serneus, la modifica della legge sul servizio civile è stata approvata con il 68,8 per cento. Klosters-Serneus approva la modifica della legge sul servizio civile, così come il cantone Grigioni."
3881,0.1,0.1,99.9,"Conters im Prättigau (GR)","Conters im Prättigau ottiene il secondo tasso più alto di no in Svizzera per la modifica della legge sul servizio civile con il 99,9 per cento. Il tasso più alto di no alla modifica della legge sul servizio civile nel cantone Grigioni è a Conters im Prättigau."
3882,39.4,39.4,60.6,"Küblis (GR)","A Küblis la modifica della legge sul servizio civile non ottiene la maggioranza: 60,6 per cento di no. Divergenza: Küblis dice no a la modifica della legge sul servizio civile, il cantone Grigioni dice sì."
3891,45.8,45.8,54.2,"Luzein (GR)","La popolazione di Luzein respinge la modifica della legge sul servizio civile con il 54,2 per cento. Divergenza: Luzein dice no a la modifica della legge sul servizio civile, il cantone Grigioni dice sì."
3901,24.2,24.2,75.8,"Coira (GR)","La popolazione di Coira respinge la modifica della legge sul servizio civile con il 75,8 per cento. Divergenza: Coira dice no a la modifica della legge sul servizio civile, il cantone Grigioni dice sì."
3911,19,19,81,"Churwalden (GR)","La popolazione di Churwalden respinge la modifica della legge sul servizio civile con il 81 per cento. Divergenza: Churwalden dice no a la modifica della legge sul servizio civile, il cantone Grigioni dice sì."
3921,62.4,62.4,37.6,"Arosa (GR)","Sì alla modifica della legge sul servizio civile a Arosa: 62,4 per cento. Arosa approva la modifica della legge sul servizio civile, così come il cantone Grigioni."
3945,23.6,23.6,76.4,"Trimmis (GR)","Con il 76,4 per cento dei voti, la modifica della legge sul servizio civile viene respinta a Trimmis. Divergenza: Trimmis dice no a la modifica della legge sul servizio civile, il cantone Grigioni dice sì."
3946,57.8,57.8,42.2,"Untervaz (GR)","Sì alla modifica della legge sul servizio civile a Untervaz con il 57,8 per cento. Untervaz approva la modifica della legge sul servizio civile, così come il cantone Grigioni."
3947,43.1,43.1,56.9,"Zizers (GR)","Con il 56,9 per cento dei voti, Zizers ha respinto la modifica della legge sul servizio civile. Divergenza: Zizers dice no a la modifica della legge sul servizio civile, il cantone Grigioni dice sì."
3951,45.3,45.3,54.7,"Fläsch (GR)","A Fläsch la modifica della legge sul servizio civile è stata respinta con il 54,7 per cento. Divergenza: Fläsch dice no a la modifica della legge sul servizio civile, il cantone Grigioni dice sì."
3952,67.3,67.3,32.7,"Jenins (GR)","Sì alla modifica della legge sul servizio civile a Jenins con il 67,3 per cento. Jenins approva la modifica della legge sul servizio civile, così come il cantone Grigioni."
3953,32.9,32.9,67.1,"Maienfeld (GR)","A Maienfeld, la modifica della legge sul servizio civile è stata respinta con il 67,1 per cento. Divergenza: Maienfeld dice no a la modifica della legge sul servizio civile, il cantone Grigioni dice sì."
3954,49.9,49.9,50.1,"Malans (GR)","A Malans la modifica della legge sul servizio civile è stata respinta con il 50,1 per cento. Divergenza: Malans dice no a la modifica della legge sul servizio civile, il cantone Grigioni dice sì."
3955,15.2,15.2,84.8,"Landquart (GR)","La popolazione di Landquart respinge la modifica della legge sul servizio civile con il 84,8 per cento. Divergenza: Landquart dice no a la modifica della legge sul servizio civile, il cantone Grigioni dice sì."
3961,74.7,74.7,25.3,"Grüsch (GR)","A Grüsch, la modifica della legge sul servizio civile è approvata con il 74,7 per cento. Grüsch approva la modifica della legge sul servizio civile, così come il cantone Grigioni."
3962,68.2,68.2,31.8,"Schiers (GR)","Sì alla modifica della legge sul servizio civile a Schiers con il 68,2 per cento. Schiers approva la modifica della legge sul servizio civile, così come il cantone Grigioni."
3972,64.2,64.2,35.8,"Seewis im Prättigau (GR)","La popolazione di Seewis im Prättigau approva la modifica della legge sul servizio civile con il 64,2 per cento. Seewis im Prättigau approva la modifica della legge sul servizio civile, così come il cantone Grigioni."
3981,64,64,36,"Breil/Brigels (GR)","A Breil/Brigels la modifica della legge sul servizio civile è stata approvata con il 64 per cento. Breil/Brigels approva la modifica della legge sul servizio civile, così come il cantone Grigioni."
3982,13.4,13.4,86.6,"Disentis/Mustér (GR)","Con il 86,6 per cento dei voti, la modifica della legge sul servizio civile viene respinta a Disentis/Mustér. Divergenza: Disentis/Mustér dice no a la modifica della legge sul servizio civile, il cantone Grigioni dice sì."
3983,30.2,30.2,69.8,"Medel (Lucmagn) (GR)","A Medel (Lucmagn), la modifica della legge sul servizio civile è stata respinta con il 69,8 per cento. Divergenza: Medel (Lucmagn) dice no a la modifica della legge sul servizio civile, il cantone Grigioni dice sì."
3985,24.3,24.3,75.7,"Sumvitg (GR)","Con il 75,7 per cento dei voti, la modifica della legge sul servizio civile viene respinta a Sumvitg. Divergenza: Sumvitg dice no a la modifica della legge sul servizio civile, il cantone Grigioni dice sì."
3986,44.8,44.8,55.2,"Tujetsch (GR)","La popolazione di Tujetsch respinge la modifica della legge sul servizio civile con il 55,2 per cento. Divergenza: Tujetsch dice no a la modifica della legge sul servizio civile, il cantone Grigioni dice sì."
3987,83.5,83.5,16.5,"Trun (GR)","Sì alla modifica della legge sul servizio civile a Trun, con il 83,5 per cento di voti favorevoli. Trun approva la modifica della legge sul servizio civile, così come il cantone Grigioni."
3988,45,45,55,"Obersaxen Mundaun (GR)","A Obersaxen Mundaun, la modifica della legge sul servizio civile è stata respinta con il 55 per cento. Divergenza: Obersaxen Mundaun dice no a la modifica della legge sul servizio civile, il cantone Grigioni dice sì."
4001,63.3,63.3,36.7,"Aarau (AG)","A Aarau, la modifica della legge sul servizio civile è approvata con il 63,3 per cento. Aarau approva la modifica della legge sul servizio civile, così come il cantone Argovia."
4002,16.9,16.9,83.1,"Biberstein (AG)","La popolazione di Biberstein respinge la modifica della legge sul servizio civile con il 83,1 per cento. Divergenza: Biberstein dice no a la modifica della legge sul servizio civile, il cantone Argovia dice sì."
4003,39.9,39.9,60.1,"Buchs (AG)","A Buchs AG la modifica della legge sul servizio civile non ottiene la maggioranza: 60,1 per cento di no. Divergenza: Buchs AG dice no a la modifica della legge sul servizio civile, il cantone Argovia dice sì."
4004,64.4,64.4,35.6,"Densbüren (AG)","A Densbüren, la modifica della legge sul servizio civile è approvata con il 64,4 per cento. Densbüren approva la modifica della legge sul servizio civile, così come il cantone Argovia."
4005,59.8,59.8,40.2,"Erlinsbach (AG)","A Erlinsbach AG la modifica della legge sul servizio civile è stata approvata con il 59,8 per cento. Erlinsbach AG approva la modifica della legge sul servizio civile, così come il cantone Argovia."
4006,70.2,70.2,29.8,"Gränichen (AG)","A Gränichen, la modifica della legge sul servizio civile è stata approvata con il 70,2 per cento. Gränichen approva la modifica della legge sul servizio civile, così come il cantone Argovia."
4007,63.8,63.8,36.2,"Hirschthal (AG)","A Hirschthal, la modifica della legge sul servizio civile è stata approvata con il 63,8 per cento. Hirschthal approva la modifica della legge sul servizio civile, così come il cantone Argovia."
4008,58.4,58.4,41.6,"Küttigen (AG)","Sì alla modifica della legge sul servizio civile a Küttigen con il 58,4 per cento. Küttigen approva la modifica della legge sul servizio civile, così come il cantone Argovia."
4009,42.9,42.9,57.1,"Muhen (AG)","La popolazione di Muhen respinge la modifica della legge sul servizio civile con il 57,1 per cento. Divergenza: Muhen dice no a la modifica della legge sul servizio civile, il cantone Argovia dice sì."
4010,22.7,22.7,77.3,"Oberentfelden (AG)","A Oberentfelden la modifica della legge sul servizio civile è stata respinta con il 77,3 per cento. Divergenza: Oberentfelden dice no a la modifica della legge sul servizio civile, il cantone Argovia dice sì."
4012,92.2,92.2,7.8,"Suhr (AG)","La popolazione di Suhr approva la modifica della legge sul servizio civile con il 92,2 per cento. Suhr approva la modifica della legge sul servizio civile, così come il cantone Argovia."
4013,65.3,65.3,34.7,"Unterentfelden (AG)","A Unterentfelden, la modifica della legge sul servizio civile è stata approvata con il 65,3 per cento. Unterentfelden approva la modifica della legge sul servizio civile, così come il cantone Argovia."
4021,47,47,53,"Baden (AG)","A Baden la modifica della legge sul servizio civile è stata respinta con il 53 per cento. Divergenza: Baden dice no a la modifica della legge sul servizio civile, il cantone Argovia dice sì."
4022,50,50,50,"Bellikon (AG)","Sì alla modifica della legge sul servizio civile a Bellikon: 50 per cento. Bellikon approva la modifica della legge sul servizio civile, così come il cantone Argovia."
4023,64.8,64.8,35.2,"Bergdietikon (AG)","A Bergdietikon, la modifica della legge sul servizio civile è approvata con il 64,8 per cento. Bergdietikon approva la modifica della legge sul servizio civile, così come il cantone Argovia."
4024,27.5,27.5,72.5,"Birmenstorf (AG)","Con il 72,5 per cento dei voti, Birmenstorf AG ha respinto la modifica della legge sul servizio civile. Divergenza: Birmenstorf AG dice no a la modifica della legge sul servizio civile, il cantone Argovia dice sì."
4026,89.9,89.9,10.1,"Ennetbaden (AG)","Sì alla modifica della legge sul servizio civile a Ennetbaden, con il 89,9 per cento di voti favorevoli. Ennetbaden approva la modifica della legge sul servizio civile, così come il cantone Argovia."
4027,45.3,45.3,54.7,"Fislisbach (AG)","A Fislisbach la modifica della legge sul servizio civile non ottiene la maggioranza: 54,7 per cento di no. Divergenza: Fislisbach dice no a la modifica della legge sul servizio civile, il cantone Argovia dice sì."
4028,30.5,30.5,69.5,"Freienwil (AG)","La popolazione di Freienwil respinge la modifica della legge sul servizio civile con il 69,5 per cento. Divergenza: Freienwil dice no a la modifica della legge sul servizio civile, il cantone Argovia dice sì."
4029,40.3,40.3,59.7,"Gebenstorf (AG)","A Gebenstorf la modifica della legge sul servizio civile non ottiene la maggioranza: 59,7 per cento di no. Divergenza: Gebenstorf dice no a la modifica della legge sul servizio civile, il cantone Argovia dice sì."
4030,66.9,66.9,33.1,"Killwangen (AG)","A Killwangen la modifica della legge sul servizio civile è stata approvata con il 66,9 per cento. Killwangen approva la modifica della legge sul servizio civile, così come il cantone Argovia."
4031,51.1,51.1,48.9,"Künten (AG)","A Künten la modifica della legge sul servizio civile è stata approvata con il 51,1 per cento. Künten approva la modifica della legge sul servizio civile, così come il cantone Argovia."
4032,41.8,41.8,58.2,"Mägenwil (AG)","Con il 58,2 per cento dei voti, la modifica della legge sul servizio civile viene respinta a Mägenwil. Divergenza: Mägenwil dice no a la modifica della legge sul servizio civile, il cantone Argovia dice sì."
4033,13.2,13.2,86.8,"Mellingen (AG)","Con il 86,8 per cento dei voti, Mellingen ha respinto la modifica della legge sul servizio civile. Divergenza: Mellingen dice no a la modifica della legge sul servizio civile, il cantone Argovia dice sì."
4034,70.2,70.2,29.8,"Neuenhof (AG)","A Neuenhof la modifica della legge sul servizio civile è stata approvata con il 70,2 per cento. Neuenhof approva la modifica della legge sul servizio civile, così come il cantone Argovia."
4035,53.4,53.4,46.6,"Niederrohrdorf (AG)","Sì alla modifica della legge sul servizio civile a Niederrohrdorf: 53,4 per cento. Niederrohrdorf approva la modifica della legge sul servizio civile, così come il cantone Argovia."
4037,69.8,69.8,30.2,"Oberrohrdorf (AG)","A Oberrohrdorf, la modifica della legge sul servizio civile è stata approvata con il 69,8 per cento. Oberrohrdorf approva la modifica della legge sul servizio civile, così come il cantone Argovia."
4038,93.1,93.1,6.9,"Obersiggenthal (AG)","A Obersiggenthal la modifica della legge sul servizio civile è stata approvata con il 93,1 per cento. Obersiggenthal approva la modifica della legge sul servizio civile, così come il cantone Argovia."
4039,62,62,38,"Remetschwil (AG)","La popolazione di Remetschwil approva la modifica della legge sul servizio civile con il 62 per cento. Remetschwil approva la modifica della legge sul servizio civile, così come il cantone Argovia."
4040,65.2,65.2,34.8,"Spreitenbach (AG)","La popolazione di Spreitenbach approva la modifica della legge sul servizio civile con il 65,2 per cento. Spreitenbach approva la modifica della legge sul servizio civile, così come il cantone Argovia."
4041,75.6,75.6,24.4,"Stetten (AG)","La popolazione di Stetten AG approva la modifica della legge sul servizio civile con il 75,6 per cento. Stetten AG approva la modifica della legge sul servizio civile, così come il cantone Argovia."
4044,25.8,25.8,74.2,"Untersiggenthal (AG)","Con il 74,2 per cento dei voti, Untersiggenthal ha respinto la modifica della legge sul servizio civile. Divergenza: Untersiggenthal dice no a la modifica della legge sul servizio civile, il cantone Argovia dice sì."
4045,3.1,3.1,96.9,"Wettingen (AG)","A Wettingen la modifica della legge sul servizio civile non ottiene la maggioranza: 96,9 per cento di no. Divergenza: Wettingen dice no a la modifica della legge sul servizio civile, il cantone Argovia dice sì."
4046,94.6,94.6,5.4,"Wohlenschwil (AG)","A Wohlenschwil, la modifica della legge sul servizio civile è stata approvata con il 94,6 per cento. Wohlenschwil approva la modifica della legge sul servizio civile, così come il cantone Argovia."
4047,39.6,39.6,60.4,"Würenlingen (AG)","Con il 60,4 per cento dei voti, la modifica della legge sul servizio civile viene respinta a Würenlingen. Divergenza: Würenlingen dice no a la modifica della legge sul servizio civile, il cantone Argovia dice sì."
4048,38.1,38.1,61.9,"Würenlos (AG)","A Würenlos la modifica della legge sul servizio civile è stata respinta con il 61,9 per cento. Divergenza: Würenlos dice no a la modifica della legge sul servizio civile, il cantone Argovia dice sì."
4049,44.9,44.9,55.1,"Ehrendingen (AG)","A Ehrendingen la modifica della legge sul servizio civile non ottiene la maggioranza: 55,1 per cento di no. Divergenza: Ehrendingen dice no a la modifica della legge sul servizio civile, il cantone Argovia dice sì."
4061,29.2,29.2,70.8,"Arni (AG)","A Arni AG la modifica della legge sul servizio civile è stata respinta con il 70,8 per cento. Divergenza: Arni AG dice no a la modifica della legge sul servizio civile, il cantone Argovia dice sì."
4062,56.3,56.3,43.7,"Berikon (AG)","Sì alla modifica della legge sul servizio civile a Berikon con il 56,3 per cento. Berikon approva la modifica della legge sul servizio civile, così come il cantone Argovia."
4063,39.5,39.5,60.5,"Bremgarten (AG)","La popolazione di Bremgarten AG respinge la modifica della legge sul servizio civile con il 60,5 per cento. Divergenza: Bremgarten AG dice no a la modifica della legge sul servizio civile, il cantone Argovia dice sì."
4064,89.5,89.5,10.5,"Büttikon (AG)","Sì alla modifica della legge sul servizio civile a Büttikon: 89,5 per cento. Büttikon approva la modifica della legge sul servizio civile, così come il cantone Argovia."
4065,56.6,56.6,43.4,"Dottikon (AG)","A Dottikon la modifica della legge sul servizio civile è stata approvata con il 56,6 per cento. Dottikon approva la modifica della legge sul servizio civile, così come il cantone Argovia."
4066,79.1,79.1,20.9,"Eggenwil (AG)","A Eggenwil la modifica della legge sul servizio civile è stata approvata con il 79,1 per cento. Eggenwil approva la modifica della legge sul servizio civile, così come il cantone Argovia."
4067,31.6,31.6,68.4,"Fischbach-Göslikon (AG)","A Fischbach-Göslikon la modifica della legge sul servizio civile non ottiene la maggioranza: 68,4 per cento di no. Divergenza: Fischbach-Göslikon dice no a la modifica della legge sul servizio civile, il cantone Argovia dice sì."
4068,46.7,46.7,53.3,"Hägglingen (AG)","La popolazione di Hägglingen respinge la modifica della legge sul servizio civile con il 53,3 per cento. Divergenza: Hägglingen dice no a la modifica della legge sul servizio civile, il cantone Argovia dice sì."
4071,75.5,75.5,24.5,"Jonen (AG)","Sì alla modifica della legge sul servizio civile a Jonen con il 75,5 per cento. Jonen approva la modifica della legge sul servizio civile, così come il cantone Argovia."
4072,68.4,68.4,31.6,"Niederwil (AG)","La popolazione di Niederwil AG approva la modifica della legge sul servizio civile con il 68,4 per cento. Niederwil AG approva la modifica della legge sul servizio civile, così come il cantone Argovia."
4073,45.7,45.7,54.3,"Oberlunkhofen (AG)","La popolazione di Oberlunkhofen respinge la modifica della legge sul servizio civile con il 54,3 per cento. Divergenza: Oberlunkhofen dice no a la modifica della legge sul servizio civile, il cantone Argovia dice sì."
4074,66,66,34,"Oberwil-Lieli (AG)","A Oberwil-Lieli, la modifica della legge sul servizio civile è approvata con il 66 per cento. Oberwil-Lieli approva la modifica della legge sul servizio civile, così come il cantone Argovia."
4075,62.3,62.3,37.7,"Rudolfstetten-Friedlisberg (AG)","Sì alla modifica della legge sul servizio civile a Rudolfstetten-Friedlisberg, con il 62,3 per cento di voti favorevoli. Rudolfstetten-Friedlisberg approva la modifica della legge sul servizio civile, così come il cantone Argovia."
4076,59,59,41,"Sarmenstorf (AG)","A Sarmenstorf la modifica della legge sul servizio civile è stata approvata con il 59 per cento. Sarmenstorf approva la modifica della legge sul servizio civile, così come il cantone Argovia."
4077,31.7,31.7,68.3,"Tägerig (AG)","A Tägerig la modifica della legge sul servizio civile non ottiene la maggioranza: 68,3 per cento di no. Divergenza: Tägerig dice no a la modifica della legge sul servizio civile, il cantone Argovia dice sì."
4078,38.4,38.4,61.6,"Uezwil (AG)","A Uezwil, la modifica della legge sul servizio civile è stata respinta con il 61,6 per cento. Divergenza: Uezwil dice no a la modifica della legge sul servizio civile, il cantone Argovia dice sì."
4079,20.5,20.5,79.5,"Unterlunkhofen (AG)","A Unterlunkhofen la modifica della legge sul servizio civile è stata respinta con il 79,5 per cento. Divergenza: Unterlunkhofen dice no a la modifica della legge sul servizio civile, il cantone Argovia dice sì."
4080,49.5,49.5,50.5,"Villmergen (AG)","A Villmergen la modifica della legge sul servizio civile è stata respinta con il 50,5 per cento. Divergenza: Villmergen dice no a la modifica della legge sul servizio civile, il cantone Argovia dice sì."
4081,20.1,20.1,79.9,"Widen (AG)","La popolazione di Widen respinge la modifica della legge sul servizio civile con il 79,9 per cento. Divergenza: Widen dice no a la modifica della legge sul servizio civile, il cantone Argovia dice sì."
4082,14.2,14.2,85.8,"Wohlen (AG)","A Wohlen AG la modifica della legge sul servizio civile non ottiene la maggioranza: 85,8 per cento di no. Divergenza: Wohlen AG dice no a la modifica della legge sul servizio civile, il cantone Argovia dice sì."
4083,30.8,30.8,69.2,"Zufikon (AG)","La popolazione di Zufikon respinge la modifica della legge sul servizio civile con il 69,2 per cento. Divergenza: Zufikon dice no a la modifica della legge sul servizio civile, il cantone Argovia dice sì."
4084,58.3,58.3,41.7,"Islisberg (AG)","Sì alla modifica della legge sul servizio civile a Islisberg, con il 58,3 per cento di voti favorevoli. Islisberg approva la modifica della legge sul servizio civile, così come il cantone Argovia."
4091,46.8,46.8,53.2,"Auenstein (AG)","A Auenstein la modifica della legge sul servizio civile non ottiene la maggioranza: 53,2 per cento di no. Divergenza: Auenstein dice no a la modifica della legge sul servizio civile, il cantone Argovia dice sì."
4092,41.5,41.5,58.5,"Birr (AG)","La popolazione di Birr respinge la modifica della legge sul servizio civile con il 58,5 per cento. Divergenza: Birr dice no a la modifica della legge sul servizio civile, il cantone Argovia dice sì."
4093,97.9,97.9,2.1,"Birrhard (AG)","A Birrhard, la modifica della legge sul servizio civile è stata approvata con il 97,9 per cento. Nel cantone di Argovia, Birrhard ha ottenuto il più alto tasso di sì per la modifica della legge sul servizio civile."
4095,37.6,37.6,62.4,"Brugg (AG)","A Brugg, la modifica della legge sul servizio civile è stata respinta con il 62,4 per cento. Divergenza: Brugg dice no a la modifica della legge sul servizio civile, il cantone Argovia dice sì."
4099,27.5,27.5,72.5,"Habsburg (AG)","La popolazione di Habsburg respinge la modifica della legge sul servizio civile con il 72,5 per cento. Divergenza: Habsburg dice no a la modifica della legge sul servizio civile, il cantone Argovia dice sì."
4100,48.4,48.4,51.6,"Hausen (AG)","A Hausen AG la modifica della legge sul servizio civile non ottiene la maggioranza: 51,6 per cento di no. Divergenza: Hausen AG dice no a la modifica della legge sul servizio civile, il cantone Argovia dice sì."
4104,78.8,78.8,21.2,"Lupfig (AG)","La popolazione di Lupfig approva la modifica della legge sul servizio civile con il 78,8 per cento. Lupfig approva la modifica della legge sul servizio civile, così come il cantone Argovia."
4105,39.1,39.1,60.9,"Mandach (AG)","A Mandach, la modifica della legge sul servizio civile è stata respinta con il 60,9 per cento. Divergenza: Mandach dice no a la modifica della legge sul servizio civile, il cantone Argovia dice sì."
4106,74.2,74.2,25.8,"Mönthal (AG)","A Mönthal la modifica della legge sul servizio civile è stata approvata con il 74,2 per cento. Mönthal approva la modifica della legge sul servizio civile, così come il cantone Argovia."
4107,43.9,43.9,56.1,"Mülligen (AG)","La popolazione di Mülligen respinge la modifica della legge sul servizio civile con il 56,1 per cento. Divergenza: Mülligen dice no a la modifica della legge sul servizio civile, il cantone Argovia dice sì."
4110,41.1,41.1,58.9,"Remigen (AG)","Con il 58,9 per cento dei voti, la modifica della legge sul servizio civile viene respinta a Remigen. Divergenza: Remigen dice no a la modifica della legge sul servizio civile, il cantone Argovia dice sì."
4111,92.3,92.3,7.7,"Riniken (AG)","A Riniken, la modifica della legge sul servizio civile è stata approvata con il 92,3 per cento. Riniken approva la modifica della legge sul servizio civile, così come il cantone Argovia."
4112,41.7,41.7,58.3,"Rüfenach (AG)","La popolazione di Rüfenach respinge la modifica della legge sul servizio civile con il 58,3 per cento. Divergenza: Rüfenach dice no a la modifica della legge sul servizio civile, il cantone Argovia dice sì."
4117,78.5,78.5,21.5,"Thalheim (AG)","La popolazione di Thalheim AG approva la modifica della legge sul servizio civile con il 78,5 per cento. Thalheim AG approva la modifica della legge sul servizio civile, così come il cantone Argovia."
4120,54.7,54.7,45.3,"Veltheim (AG)","La popolazione di Veltheim AG approva la modifica della legge sul servizio civile con il 54,7 per cento. Veltheim AG approva la modifica della legge sul servizio civile, così come il cantone Argovia."
4121,37,37,63,"Villigen (AG)","La popolazione di Villigen respinge la modifica della legge sul servizio civile con il 63 per cento. Divergenza: Villigen dice no a la modifica della legge sul servizio civile, il cantone Argovia dice sì."
4123,32.1,32.1,67.9,"Windisch (AG)","A Windisch, la modifica della legge sul servizio civile è stata respinta con il 67,9 per cento. Divergenza: Windisch dice no a la modifica della legge sul servizio civile, il cantone Argovia dice sì."
4124,50.1,50.1,49.9,"Bözberg (AG)","A Bözberg la modifica della legge sul servizio civile è stata approvata con il 50,1 per cento. Bözberg approva la modifica della legge sul servizio civile, così come il cantone Argovia."
4125,46.6,46.6,53.4,"Schinznach (AG)","A Schinznach la modifica della legge sul servizio civile non ottiene la maggioranza: 53,4 per cento di no. Divergenza: Schinznach dice no a la modifica della legge sul servizio civile, il cantone Argovia dice sì."
4131,20.2,20.2,79.8,"Beinwil am See (AG)","A Beinwil am See, la modifica della legge sul servizio civile è stata respinta con il 79,8 per cento. Divergenza: Beinwil am See dice no a la modifica della legge sul servizio civile, il cantone Argovia dice sì."
4132,38.3,38.3,61.7,"Birrwil (AG)","La popolazione di Birrwil respinge la modifica della legge sul servizio civile con il 61,7 per cento. Divergenza: Birrwil dice no a la modifica della legge sul servizio civile, il cantone Argovia dice sì."
4134,43.1,43.1,56.9,"Dürrenäsch (AG)","Con il 56,9 per cento dei voti, Dürrenäsch ha respinto la modifica della legge sul servizio civile. Divergenza: Dürrenäsch dice no a la modifica della legge sul servizio civile, il cantone Argovia dice sì."
4135,50.5,50.5,49.5,"Gontenschwil (AG)","Sì alla modifica della legge sul servizio civile a Gontenschwil: 50,5 per cento. Gontenschwil approva la modifica della legge sul servizio civile, così come il cantone Argovia."
4136,29.2,29.2,70.8,"Holziken (AG)","A Holziken la modifica della legge sul servizio civile non ottiene la maggioranza: 70,8 per cento di no. Divergenza: Holziken dice no a la modifica della legge sul servizio civile, il cantone Argovia dice sì."
4137,71.6,71.6,28.4,"Leimbach (AG)","Sì alla modifica della legge sul servizio civile a Leimbach AG, con il 71,6 per cento di voti favorevoli. Leimbach AG approva la modifica della legge sul servizio civile, così come il cantone Argovia."
4138,24.4,24.4,75.6,"Leutwil (AG)","A Leutwil la modifica della legge sul servizio civile è stata respinta con il 75,6 per cento. Divergenza: Leutwil dice no a la modifica della legge sul servizio civile, il cantone Argovia dice sì."
4139,72.4,72.4,27.6,"Menziken (AG)","A Menziken, la modifica della legge sul servizio civile è approvata con il 72,4 per cento. Menziken approva la modifica della legge sul servizio civile, così come il cantone Argovia."
4140,48,48,52,"Oberkulm (AG)","A Oberkulm, la modifica della legge sul servizio civile è stata respinta con il 52 per cento. Divergenza: Oberkulm dice no a la modifica della legge sul servizio civile, il cantone Argovia dice sì."
4141,39.5,39.5,60.5,"Reinach (AG)","La popolazione di Reinach AG respinge la modifica della legge sul servizio civile con il 60,5 per cento. Divergenza: Reinach AG dice no a la modifica della legge sul servizio civile, il cantone Argovia dice sì."
4142,42.1,42.1,57.9,"Schlossrued (AG)","A Schlossrued, la modifica della legge sul servizio civile è stata respinta con il 57,9 per cento. Divergenza: Schlossrued dice no a la modifica della legge sul servizio civile, il cantone Argovia dice sì."
4143,33.5,33.5,66.5,"Schmiedrued (AG)","Con il 66,5 per cento dei voti, Schmiedrued ha respinto la modifica della legge sul servizio civile. Divergenza: Schmiedrued dice no a la modifica della legge sul servizio civile, il cantone Argovia dice sì."
4144,34.9,34.9,65.1,"Schöftland (AG)","Con il 65,1 per cento dei voti, Schöftland ha respinto la modifica della legge sul servizio civile. Divergenza: Schöftland dice no a la modifica della legge sul servizio civile, il cantone Argovia dice sì."
4145,54.5,54.5,45.5,"Teufenthal (AG)","A Teufenthal AG, la modifica della legge sul servizio civile è approvata con il 54,5 per cento. Teufenthal AG approva la modifica della legge sul servizio civile, così come il cantone Argovia."
4146,33.7,33.7,66.3,"Unterkulm (AG)","La popolazione di Unterkulm respinge la modifica della legge sul servizio civile con il 66,3 per cento. Divergenza: Unterkulm dice no a la modifica della legge sul servizio civile, il cantone Argovia dice sì."
4147,50.8,50.8,49.2,"Zetzwil (AG)","A Zetzwil, la modifica della legge sul servizio civile è approvata con il 50,8 per cento. Zetzwil approva la modifica della legge sul servizio civile, così come il cantone Argovia."
4161,91.8,91.8,8.2,"Eiken (AG)","A Eiken, la modifica della legge sul servizio civile è approvata con il 91,8 per cento. Eiken approva la modifica della legge sul servizio civile, così come il cantone Argovia."
4163,54.5,54.5,45.5,"Frick (AG)","A Frick la modifica della legge sul servizio civile è stata approvata con il 54,5 per cento. Frick approva la modifica della legge sul servizio civile, così come il cantone Argovia."
4164,39.4,39.4,60.6,"Gansingen (AG)","La popolazione di Gansingen respinge la modifica della legge sul servizio civile con il 60,6 per cento. Divergenza: Gansingen dice no a la modifica della legge sul servizio civile, il cantone Argovia dice sì."
4165,36.6,36.6,63.4,"Gipf-Oberfrick (AG)","La popolazione di Gipf-Oberfrick respinge la modifica della legge sul servizio civile con il 63,4 per cento. Divergenza: Gipf-Oberfrick dice no a la modifica della legge sul servizio civile, il cantone Argovia dice sì."
4169,54.7,54.7,45.3,"Kaisten (AG)","Sì alla modifica della legge sul servizio civile a Kaisten: 54,7 per cento. Kaisten approva la modifica della legge sul servizio civile, così come il cantone Argovia."
4170,44.6,44.6,55.4,"Laufenburg (AG)","A Laufenburg la modifica della legge sul servizio civile non ottiene la maggioranza: 55,4 per cento di no. Divergenza: Laufenburg dice no a la modifica della legge sul servizio civile, il cantone Argovia dice sì."
4172,93.5,93.5,6.5,"Münchwilen (AG)","A Münchwilen AG, la modifica della legge sul servizio civile è approvata con il 93,5 per cento. Münchwilen AG approva la modifica della legge sul servizio civile, così come il cantone Argovia."
4173,66.5,66.5,33.5,"Oberhof (AG)","Sì alla modifica della legge sul servizio civile a Oberhof: 66,5 per cento. Oberhof approva la modifica della legge sul servizio civile, così come il cantone Argovia."
4175,45.7,45.7,54.3,"Oeschgen (AG)","A Oeschgen la modifica della legge sul servizio civile non ottiene la maggioranza: 54,3 per cento di no. Divergenza: Oeschgen dice no a la modifica della legge sul servizio civile, il cantone Argovia dice sì."
4176,50.9,50.9,49.1,"Schwaderloch (AG)","A Schwaderloch, la modifica della legge sul servizio civile è approvata con il 50,9 per cento. Schwaderloch approva la modifica della legge sul servizio civile, così come il cantone Argovia."
4177,41.3,41.3,58.7,"Sisseln (AG)","La popolazione di Sisseln respinge la modifica della legge sul servizio civile con il 58,7 per cento. Divergenza: Sisseln dice no a la modifica della legge sul servizio civile, il cantone Argovia dice sì."
4181,89.2,89.2,10.8,"Wittnau (AG)","A Wittnau, la modifica della legge sul servizio civile è approvata con il 89,2 per cento. Wittnau approva la modifica della legge sul servizio civile, così come il cantone Argovia."
4182,45.6,45.6,54.4,"Wölflinswil (AG)","La popolazione di Wölflinswil respinge la modifica della legge sul servizio civile con il 54,4 per cento. Divergenza: Wölflinswil dice no a la modifica della legge sul servizio civile, il cantone Argovia dice sì."
4183,40.6,40.6,59.4,"Zeihen (AG)","A Zeihen la modifica della legge sul servizio civile non ottiene la maggioranza: 59,4 per cento di no. Divergenza: Zeihen dice no a la modifica della legge sul servizio civile, il cantone Argovia dice sì."
4184,44.8,44.8,55.2,"Mettauertal (AG)","La popolazione di Mettauertal respinge la modifica della legge sul servizio civile con il 55,2 per cento. Divergenza: Mettauertal dice no a la modifica della legge sul servizio civile, il cantone Argovia dice sì."
4185,52,52,48,"Böztal (AG)","Sì alla modifica della legge sul servizio civile a Böztal, con il 52 per cento di voti favorevoli. Böztal approva la modifica della legge sul servizio civile, così come il cantone Argovia."
4186,60.9,60.9,39.1,"Herznach-Ueken (AG)","Sì alla modifica della legge sul servizio civile a Herznach-Ueken con il 60,9 per cento. Herznach-Ueken approva la modifica della legge sul servizio civile, così come il cantone Argovia."
4191,81.4,81.4,18.6,"Ammerswil (AG)","Sì alla modifica della legge sul servizio civile a Ammerswil: 81,4 per cento. Ammerswil approva la modifica della legge sul servizio civile, così come il cantone Argovia."
4192,54.3,54.3,45.7,"Boniswil (AG)","A Boniswil, la modifica della legge sul servizio civile è stata approvata con il 54,3 per cento. Boniswil approva la modifica della legge sul servizio civile, così come il cantone Argovia."
4193,43.1,43.1,56.9,"Brunegg (AG)","A Brunegg, la modifica della legge sul servizio civile è stata respinta con il 56,9 per cento. Divergenza: Brunegg dice no a la modifica della legge sul servizio civile, il cantone Argovia dice sì."
4194,49.5,49.5,50.5,"Dintikon (AG)","A Dintikon la modifica della legge sul servizio civile non ottiene la maggioranza: 50,5 per cento di no. Divergenza: Dintikon dice no a la modifica della legge sul servizio civile, il cantone Argovia dice sì."
4195,82.2,82.2,17.8,"Egliswil (AG)","A Egliswil, la modifica della legge sul servizio civile è approvata con il 82,2 per cento. Egliswil approva la modifica della legge sul servizio civile, così come il cantone Argovia."
4196,29.2,29.2,70.8,"Fahrwangen (AG)","La popolazione di Fahrwangen respinge la modifica della legge sul servizio civile con il 70,8 per cento. Divergenza: Fahrwangen dice no a la modifica della legge sul servizio civile, il cantone Argovia dice sì."
4197,41.6,41.6,58.4,"Hallwil (AG)","A Hallwil la modifica della legge sul servizio civile è stata respinta con il 58,4 per cento. Divergenza: Hallwil dice no a la modifica della legge sul servizio civile, il cantone Argovia dice sì."
4198,44,44,56,"Hendschiken (AG)","Con il 56 per cento dei voti, la modifica della legge sul servizio civile viene respinta a Hendschiken. Divergenza: Hendschiken dice no a la modifica della legge sul servizio civile, il cantone Argovia dice sì."
4199,57.3,57.3,42.7,"Holderbank (AG)","Sì alla modifica della legge sul servizio civile a Holderbank AG, con il 57,3 per cento di voti favorevoli. Holderbank AG approva la modifica della legge sul servizio civile, così come il cantone Argovia."
4200,2.4,2.4,97.6,"Hunzenschwil (AG)","A Hunzenschwil la modifica della legge sul servizio civile non ottiene la maggioranza: 97,6 per cento di no. Divergenza: Hunzenschwil dice no a la modifica della legge sul servizio civile, il cantone Argovia dice sì."
4201,60.2,60.2,39.8,"Lenzburg (AG)","A Lenzburg, la modifica della legge sul servizio civile è approvata con il 60,2 per cento. Lenzburg approva la modifica della legge sul servizio civile, così come il cantone Argovia."
4202,3.2,3.2,96.8,"Meisterschwanden (AG)","A Meisterschwanden, la modifica della legge sul servizio civile è stata respinta con il 96,8 per cento. Divergenza: Meisterschwanden dice no a la modifica della legge sul servizio civile, il cantone Argovia dice sì."
4203,53,53,47,"Möriken-Wildegg (AG)","A Möriken-Wildegg, la modifica della legge sul servizio civile è stata approvata con il 53 per cento. Möriken-Wildegg approva la modifica della legge sul servizio civile, così come il cantone Argovia."
4204,95.7,95.7,4.3,"Niederlenz (AG)","La popolazione di Niederlenz approva la modifica della legge sul servizio civile con il 95,7 per cento. Niederlenz approva la modifica della legge sul servizio civile, così come il cantone Argovia."
4205,23.1,23.1,76.9,"Othmarsingen (AG)","Con il 76,9 per cento dei voti, Othmarsingen ha respinto la modifica della legge sul servizio civile. Divergenza: Othmarsingen dice no a la modifica della legge sul servizio civile, il cantone Argovia dice sì."
4206,61.4,61.4,38.6,"Rupperswil (AG)","A Rupperswil, la modifica della legge sul servizio civile è approvata con il 61,4 per cento. Rupperswil approva la modifica della legge sul servizio civile, così come il cantone Argovia."
4207,80.6,80.6,19.4,"Schafisheim (AG)","Sì alla modifica della legge sul servizio civile a Schafisheim: 80,6 per cento. Schafisheim approva la modifica della legge sul servizio civile, così come il cantone Argovia."
4208,26.1,26.1,73.9,"Seengen (AG)","A Seengen, la modifica della legge sul servizio civile è stata respinta con il 73,9 per cento. Divergenza: Seengen dice no a la modifica della legge sul servizio civile, il cantone Argovia dice sì."
4209,22.5,22.5,77.5,"Seon (AG)","A Seon la modifica della legge sul servizio civile è stata respinta con il 77,5 per cento. Divergenza: Seon dice no a la modifica della legge sul servizio civile, il cantone Argovia dice sì."
4210,1.6,1.6,98.4,"Staufen (AG)","Con il 98,4 per cento dei voti, la modifica della legge sul servizio civile viene respinta a Staufen. Divergenza: Staufen dice no a la modifica della legge sul servizio civile, il cantone Argovia dice sì."
4221,34.7,34.7,65.3,"Abtwil (AG)","A Abtwil la modifica della legge sul servizio civile è stata respinta con il 65,3 per cento. Divergenza: Abtwil dice no a la modifica della legge sul servizio civile, il cantone Argovia dice sì."
4222,29.4,29.4,70.6,"Aristau (AG)","La popolazione di Aristau respinge la modifica della legge sul servizio civile con il 70,6 per cento. Divergenza: Aristau dice no a la modifica della legge sul servizio civile, il cantone Argovia dice sì."
4223,0.8,0.8,99.2,"Auw (AG)","A Auw, la modifica della legge sul servizio civile è stata respinta con il 99,2 per cento. Il tasso più alto di no alla modifica della legge sul servizio civile nel cantone Argovia è a Auw."
4224,5,5,95,"Beinwil (Freiamt) (AG)","Con il 95 per cento dei voti, la modifica della legge sul servizio civile viene respinta a Beinwil (Freiamt). Divergenza: Beinwil (Freiamt) dice no a la modifica della legge sul servizio civile, il cantone Argovia dice sì."
4226,74.8,74.8,25.2,"Besenbüren (AG)","Sì alla modifica della legge sul servizio civile a Besenbüren, con il 74,8 per cento di voti favorevoli. Besenbüren approva la modifica della legge sul servizio civile, così come il cantone Argovia."
4227,30.9,30.9,69.1,"Bettwil (AG)","A Bettwil la modifica della legge sul servizio civile è stata respinta con il 69,1 per cento. Divergenza: Bettwil dice no a la modifica della legge sul servizio civile, il cantone Argovia dice sì."
4228,72.9,72.9,27.1,"Boswil (AG)","Sì alla modifica della legge sul servizio civile a Boswil: 72,9 per cento. Boswil approva la modifica della legge sul servizio civile, così come il cantone Argovia."
4229,76,76,24,"Bünzen (AG)","A Bünzen, la modifica della legge sul servizio civile è stata approvata con il 76 per cento. Bünzen approva la modifica della legge sul servizio civile, così come il cantone Argovia."
4230,73,73,27,"Buttwil (AG)","Sì alla modifica della legge sul servizio civile a Buttwil con il 73 per cento. Buttwil approva la modifica della legge sul servizio civile, così come il cantone Argovia."
4231,21.7,21.7,78.3,"Dietwil (AG)","A Dietwil la modifica della legge sul servizio civile è stata respinta con il 78,3 per cento. Divergenza: Dietwil dice no a la modifica della legge sul servizio civile, il cantone Argovia dice sì."
4232,94,94,6,"Geltwil (AG)","A Geltwil, la modifica della legge sul servizio civile è approvata con il 94 per cento. Geltwil approva la modifica della legge sul servizio civile, così come il cantone Argovia."
4233,51.9,51.9,48.1,"Kallern (AG)","Sì alla modifica della legge sul servizio civile a Kallern con il 51,9 per cento. Kallern approva la modifica della legge sul servizio civile, così come il cantone Argovia."
4234,58.8,58.8,41.2,"Merenschwand (AG)","A Merenschwand, la modifica della legge sul servizio civile è stata approvata con il 58,8 per cento. Merenschwand approva la modifica della legge sul servizio civile, così come il cantone Argovia."
4235,92.7,92.7,7.3,"Mühlau (AG)","A Mühlau la modifica della legge sul servizio civile è stata approvata con il 92,7 per cento. Mühlau approva la modifica della legge sul servizio civile, così come il cantone Argovia."
4236,68.3,68.3,31.7,"Muri (AG)","A Muri AG, la modifica della legge sul servizio civile è approvata con il 68,3 per cento. Muri AG approva la modifica della legge sul servizio civile, così come il cantone Argovia."
4237,29,29,71,"Oberrüti (AG)","La popolazione di Oberrüti respinge la modifica della legge sul servizio civile con il 71 per cento. Divergenza: Oberrüti dice no a la modifica della legge sul servizio civile, il cantone Argovia dice sì."
4238,43.1,43.1,56.9,"Rottenschwil (AG)","A Rottenschwil la modifica della legge sul servizio civile non ottiene la maggioranza: 56,9 per cento di no. Divergenza: Rottenschwil dice no a la modifica della legge sul servizio civile, il cantone Argovia dice sì."
4239,63.1,63.1,36.9,"Sins (AG)","Sì alla modifica della legge sul servizio civile a Sins, con il 63,1 per cento di voti favorevoli. Sins approva la modifica della legge sul servizio civile, così come il cantone Argovia."
4240,69.9,69.9,30.1,"Waltenschwil (AG)","Sì alla modifica della legge sul servizio civile a Waltenschwil con il 69,9 per cento. Waltenschwil approva la modifica della legge sul servizio civile, così come il cantone Argovia."
4251,46.4,46.4,53.6,"Hellikon (AG)","La popolazione di Hellikon respinge la modifica della legge sul servizio civile con il 53,6 per cento. Divergenza: Hellikon dice no a la modifica della legge sul servizio civile, il cantone Argovia dice sì."
4252,33.3,33.3,66.7,"Kaiseraugst (AG)","A Kaiseraugst, la modifica della legge sul servizio civile è stata respinta con il 66,7 per cento. Divergenza: Kaiseraugst dice no a la modifica della legge sul servizio civile, il cantone Argovia dice sì."
4253,64.5,64.5,35.5,"Magden (AG)","Sì alla modifica della legge sul servizio civile a Magden: 64,5 per cento. Magden approva la modifica della legge sul servizio civile, così come il cantone Argovia."
4254,56.3,56.3,43.7,"Möhlin (AG)","La popolazione di Möhlin approva la modifica della legge sul servizio civile con il 56,3 per cento. Möhlin approva la modifica della legge sul servizio civile, così come il cantone Argovia."
4255,52.9,52.9,47.1,"Mumpf (AG)","Sì alla modifica della legge sul servizio civile a Mumpf con il 52,9 per cento. Mumpf approva la modifica della legge sul servizio civile, così come il cantone Argovia."
4256,68.5,68.5,31.5,"Obermumpf (AG)","Sì alla modifica della legge sul servizio civile a Obermumpf, con il 68,5 per cento di voti favorevoli. Obermumpf approva la modifica della legge sul servizio civile, così come il cantone Argovia."
4257,73.2,73.2,26.8,"Olsberg (AG)","A Olsberg, la modifica della legge sul servizio civile è approvata con il 73,2 per cento. Olsberg approva la modifica della legge sul servizio civile, così come il cantone Argovia."
4258,26.6,26.6,73.4,"Rheinfelden (AG)","Con il 73,4 per cento dei voti, Rheinfelden ha respinto la modifica della legge sul servizio civile. Divergenza: Rheinfelden dice no a la modifica della legge sul servizio civile, il cantone Argovia dice sì."
4259,71.5,71.5,28.5,"Schupfart (AG)","Sì alla modifica della legge sul servizio civile a Schupfart, con il 71,5 per cento di voti favorevoli. Schupfart approva la modifica della legge sul servizio civile, così come il cantone Argovia."
4260,22.1,22.1,77.9,"Stein (AG)","A Stein AG, la modifica della legge sul servizio civile è stata respinta con il 77,9 per cento. Divergenza: Stein AG dice no a la modifica della legge sul servizio civile, il cantone Argovia dice sì."
4261,49.8,49.8,50.2,"Wallbach (AG)","La popolazione di Wallbach respinge la modifica della legge sul servizio civile con il 50,2 per cento. Divergenza: Wallbach dice no a la modifica della legge sul servizio civile, il cantone Argovia dice sì."
4262,12.5,12.5,87.5,"Wegenstetten (AG)","La popolazione di Wegenstetten respinge la modifica della legge sul servizio civile con il 87,5 per cento. Divergenza: Wegenstetten dice no a la modifica della legge sul servizio civile, il cantone Argovia dice sì."
4263,85.1,85.1,14.9,"Zeiningen (AG)","La popolazione di Zeiningen approva la modifica della legge sul servizio civile con il 85,1 per cento. Zeiningen approva la modifica della legge sul servizio civile, così come il cantone Argovia."
4264,56.5,56.5,43.5,"Zuzgen (AG)","Sì alla modifica della legge sul servizio civile a Zuzgen: 56,5 per cento. Zuzgen approva la modifica della legge sul servizio civile, così come il cantone Argovia."
4271,16.4,16.4,83.6,"Aarburg (AG)","Con il 83,6 per cento dei voti, la modifica della legge sul servizio civile viene respinta a Aarburg. Divergenza: Aarburg dice no a la modifica della legge sul servizio civile, il cantone Argovia dice sì."
4273,86.2,86.2,13.8,"Bottenwil (AG)","Sì alla modifica della legge sul servizio civile a Bottenwil con il 86,2 per cento. Bottenwil approva la modifica della legge sul servizio civile, così come il cantone Argovia."
4274,30.1,30.1,69.9,"Brittnau (AG)","Con il 69,9 per cento dei voti, la modifica della legge sul servizio civile viene respinta a Brittnau. Divergenza: Brittnau dice no a la modifica della legge sul servizio civile, il cantone Argovia dice sì."
4275,39.5,39.5,60.5,"Kirchleerau (AG)","A Kirchleerau la modifica della legge sul servizio civile è stata respinta con il 60,5 per cento. Divergenza: Kirchleerau dice no a la modifica della legge sul servizio civile, il cantone Argovia dice sì."
4276,75.5,75.5,24.5,"Kölliken (AG)","A Kölliken la modifica della legge sul servizio civile è stata approvata con il 75,5 per cento. Kölliken approva la modifica della legge sul servizio civile, così come il cantone Argovia."
4277,35.1,35.1,64.9,"Moosleerau (AG)","A Moosleerau, la modifica della legge sul servizio civile è stata respinta con il 64,9 per cento. Divergenza: Moosleerau dice no a la modifica della legge sul servizio civile, il cantone Argovia dice sì."
4279,88.9,88.9,11.1,"Murgenthal (AG)","Sì alla modifica della legge sul servizio civile a Murgenthal, con il 88,9 per cento di voti favorevoli. Murgenthal approva la modifica della legge sul servizio civile, così come il cantone Argovia."
4280,9,9,91,"Oftringen (AG)","A Oftringen la modifica della legge sul servizio civile è stata respinta con il 91 per cento. Divergenza: Oftringen dice no a la modifica della legge sul servizio civile, il cantone Argovia dice sì."
4281,38.3,38.3,61.7,"Reitnau (AG)","Con il 61,7 per cento dei voti, la modifica della legge sul servizio civile viene respinta a Reitnau. Divergenza: Reitnau dice no a la modifica della legge sul servizio civile, il cantone Argovia dice sì."
4282,28.9,28.9,71.1,"Rothrist (AG)","A Rothrist, la modifica della legge sul servizio civile è stata respinta con il 71,1 per cento. Divergenza: Rothrist dice no a la modifica della legge sul servizio civile, il cantone Argovia dice sì."
4283,93,93,7,"Safenwil (AG)","Sì alla modifica della legge sul servizio civile a Safenwil: 93 per cento. Safenwil approva la modifica della legge sul servizio civile, così come il cantone Argovia."
4284,42.3,42.3,57.7,"Staffelbach (AG)","A Staffelbach la modifica della legge sul servizio civile è stata respinta con il 57,7 per cento. Divergenza: Staffelbach dice no a la modifica della legge sul servizio civile, il cantone Argovia dice sì."
4285,75.7,75.7,24.3,"Strengelbach (AG)","Sì alla modifica della legge sul servizio civile a Strengelbach: 75,7 per cento. Strengelbach approva la modifica della legge sul servizio civile, così come il cantone Argovia."
4286,95.7,95.7,4.3,"Uerkheim (AG)","Sì alla modifica della legge sul servizio civile a Uerkheim: 95,7 per cento. Uerkheim approva la modifica della legge sul servizio civile, così come il cantone Argovia."
4287,72.4,72.4,27.6,"Vordemwald (AG)","A Vordemwald la modifica della legge sul servizio civile è stata approvata con il 72,4 per cento. Vordemwald approva la modifica della legge sul servizio civile, così come il cantone Argovia."
4288,58,58,42,"Wiliberg (AG)","Sì alla modifica della legge sul servizio civile a Wiliberg con il 58 per cento. Wiliberg approva la modifica della legge sul servizio civile, così come il cantone Argovia."
4289,71.3,71.3,28.7,"Zofingue (AG)","Sì alla modifica della legge sul servizio civile a Zofingue con il 71,3 per cento. Zofingue approva la modifica della legge sul servizio civile, così come il cantone Argovia."
4303,95.2,95.2,4.8,"Böttstein (AG)","A Böttstein, la modifica della legge sul servizio civile è stata approvata con il 95,2 per cento. Böttstein approva la modifica della legge sul servizio civile, così come il cantone Argovia."
4304,47.7,47.7,52.3,"Döttingen (AG)","Con il 52,3 per cento dei voti, Döttingen ha respinto la modifica della legge sul servizio civile. Divergenza: Döttingen dice no a la modifica della legge sul servizio civile, il cantone Argovia dice sì."
4305,66.1,66.1,33.9,"Endingen (AG)","Sì alla modifica della legge sul servizio civile a Endingen: 66,1 per cento. Endingen approva la modifica della legge sul servizio civile, così come il cantone Argovia."
4306,59.9,59.9,40.1,"Fisibach (AG)","Sì alla modifica della legge sul servizio civile a Fisibach, con il 59,9 per cento di voti favorevoli. Fisibach approva la modifica della legge sul servizio civile, così come il cantone Argovia."
4307,53.3,53.3,46.7,"Full-Reuenthal (AG)","A Full-Reuenthal la modifica della legge sul servizio civile è stata approvata con il 53,3 per cento. Full-Reuenthal approva la modifica della legge sul servizio civile, così come il cantone Argovia."
4309,44.7,44.7,55.3,"Klingnau (AG)","Con il 55,3 per cento dei voti, Klingnau ha respinto la modifica della legge sul servizio civile. Divergenza: Klingnau dice no a la modifica della legge sul servizio civile, il cantone Argovia dice sì."
4310,50,50,50,"Koblenz (AG)","La popolazione di Koblenz respinge la modifica della legge sul servizio civile con il 50 per cento. Divergenza: Koblenz dice no a la modifica della legge sul servizio civile, il cantone Argovia dice sì."
4311,79.2,79.2,20.8,"Leibstadt (AG)","A Leibstadt, la modifica della legge sul servizio civile è approvata con il 79,2 per cento. Leibstadt approva la modifica della legge sul servizio civile, così come il cantone Argovia."
4312,32.7,32.7,67.3,"Lengnau (AG)","La popolazione di Lengnau AG respinge la modifica della legge sul servizio civile con il 67,3 per cento. Divergenza: Lengnau AG dice no a la modifica della legge sul servizio civile, il cantone Argovia dice sì."
4313,60.5,60.5,39.5,"Leuggern (AG)","Sì alla modifica della legge sul servizio civile a Leuggern, con il 60,5 per cento di voti favorevoli. Leuggern approva la modifica della legge sul servizio civile, così come il cantone Argovia."
4314,81.7,81.7,18.3,"Mellikon (AG)","A Mellikon la modifica della legge sul servizio civile è stata approvata con il 81,7 per cento. Mellikon approva la modifica della legge sul servizio civile, così come il cantone Argovia."
4318,90.8,90.8,9.2,"Schneisingen (AG)","Sì alla modifica della legge sul servizio civile a Schneisingen con il 90,8 per cento. Schneisingen approva la modifica della legge sul servizio civile, così come il cantone Argovia."
4319,70.9,70.9,29.1,"Siglistorf (AG)","Sì alla modifica della legge sul servizio civile a Siglistorf: 70,9 per cento. Siglistorf approva la modifica della legge sul servizio civile, così come il cantone Argovia."
4320,71.3,71.3,28.7,"Tegerfelden (AG)","A Tegerfelden, la modifica della legge sul servizio civile è approvata con il 71,3 per cento. Tegerfelden approva la modifica della legge sul servizio civile, così come il cantone Argovia."
4324,66.6,66.6,33.4,"Zurzach (AG)","La popolazione di Zurzach approva la modifica della legge sul servizio civile con il 66,6 per cento. Zurzach approva la modifica della legge sul servizio civile, così come il cantone Argovia."
4401,53.1,53.1,46.9,"Arbon (TG)","A Arbon la modifica della legge sul servizio civile è stata approvata con il 53,1 per cento. Arbon approva la modifica della legge sul servizio civile, così come il cantone Turgovia."
4406,11.9,11.9,88.1,"Dozwil (TG)","Con il 88,1 per cento dei voti, Dozwil ha respinto la modifica della legge sul servizio civile. Divergenza: Dozwil dice no a la modifica della legge sul servizio civile, il cantone Turgovia dice sì."
4411,48.6,48.6,51.4,"Egnach (TG)","A Egnach, la modifica della legge sul servizio civile è stata respinta con il 51,4 per cento. Divergenza: Egnach dice no a la modifica della legge sul servizio civile, il cantone Turgovia dice sì."
4416,51,51,49,"Hefenhofen (TG)","A Hefenhofen, la modifica della legge sul servizio civile è stata approvata con il 51 per cento. Hefenhofen approva la modifica della legge sul servizio civile, così come il cantone Turgovia."
4421,80.6,80.6,19.4,"Horn (TG)","A Horn, la modifica della legge sul servizio civile è approvata con il 80,6 per cento. Horn approva la modifica della legge sul servizio civile, così come il cantone Turgovia."
4426,75.4,75.4,24.6,"Kesswil (TG)","Sì alla modifica della legge sul servizio civile a Kesswil: 75,4 per cento. Kesswil approva la modifica della legge sul servizio civile, così come il cantone Turgovia."
4431,69,69,31,"Roggwil (TG)","Sì alla modifica della legge sul servizio civile a Roggwil TG: 69 per cento. Roggwil TG approva la modifica della legge sul servizio civile, così come il cantone Turgovia."
4436,50.7,50.7,49.3,"Romanshorn (TG)","Sì alla modifica della legge sul servizio civile a Romanshorn: 50,7 per cento. Romanshorn approva la modifica della legge sul servizio civile, così come il cantone Turgovia."
4441,9.9,9.9,90.1,"Salmsach (TG)","A Salmsach la modifica della legge sul servizio civile non ottiene la maggioranza: 90,1 per cento di no. Divergenza: Salmsach dice no a la modifica della legge sul servizio civile, il cantone Turgovia dice sì."
4446,72.2,72.2,27.8,"Sommeri (TG)","Sì alla modifica della legge sul servizio civile a Sommeri, con il 72,2 per cento di voti favorevoli. Sommeri approva la modifica della legge sul servizio civile, così come il cantone Turgovia."
4451,57,57,43,"Uttwil (TG)","A Uttwil la modifica della legge sul servizio civile è stata approvata con il 57 per cento. Uttwil approva la modifica della legge sul servizio civile, così come il cantone Turgovia."
4461,7.3,7.3,92.7,"Amriswil (TG)","A Amriswil, la modifica della legge sul servizio civile è stata respinta con il 92,7 per cento. Divergenza: Amriswil dice no a la modifica della legge sul servizio civile, il cantone Turgovia dice sì."
4471,52.1,52.1,47.9,"Bischofszell (TG)","A Bischofszell, la modifica della legge sul servizio civile è approvata con il 52,1 per cento. Bischofszell approva la modifica della legge sul servizio civile, così come il cantone Turgovia."
4476,88.7,88.7,11.3,"Erlen (TG)","Sì alla modifica della legge sul servizio civile a Erlen: 88,7 per cento. Erlen approva la modifica della legge sul servizio civile, così come il cantone Turgovia."
4486,62.7,62.7,37.3,"Hauptwil-Gottshaus (TG)","La popolazione di Hauptwil-Gottshaus approva la modifica della legge sul servizio civile con il 62,7 per cento. Hauptwil-Gottshaus approva la modifica della legge sul servizio civile, così come il cantone Turgovia."
4495,52.3,52.3,47.7,"Hohentannen (TG)","A Hohentannen, la modifica della legge sul servizio civile è approvata con il 52,3 per cento. Hohentannen approva la modifica della legge sul servizio civile, così come il cantone Turgovia."
4501,17.7,17.7,82.3,"Kradolf-Schönenberg (TG)","Con il 82,3 per cento dei voti, la modifica della legge sul servizio civile viene respinta a Kradolf-Schönenberg. Divergenza: Kradolf-Schönenberg dice no a la modifica della legge sul servizio civile, il cantone Turgovia dice sì."
4506,68.1,68.1,31.9,"Sulgen (TG)","Sì alla modifica della legge sul servizio civile a Sulgen con il 68,1 per cento. Sulgen approva la modifica della legge sul servizio civile, così come il cantone Turgovia."
4511,52,52,48,"Zihlschlacht-Sitterdorf (TG)","La popolazione di Zihlschlacht-Sitterdorf approva la modifica della legge sul servizio civile con il 52 per cento. Zihlschlacht-Sitterdorf approva la modifica della legge sul servizio civile, così come il cantone Turgovia."
4536,33.3,33.3,66.7,"Basadingen-Schlattingen (TG)","Con il 66,7 per cento dei voti, la modifica della legge sul servizio civile viene respinta a Basadingen-Schlattingen. Divergenza: Basadingen-Schlattingen dice no a la modifica della legge sul servizio civile, il cantone Turgovia dice sì."
4545,80.5,80.5,19.5,"Diessenhofen (TG)","La popolazione di Diessenhofen approva la modifica della legge sul servizio civile con il 80,5 per cento. Diessenhofen approva la modifica della legge sul servizio civile, così come il cantone Turgovia."
4546,53,53,47,"Schlatt (TG)","Sì alla modifica della legge sul servizio civile a Schlatt TG con il 53 per cento. Schlatt TG approva la modifica della legge sul servizio civile, così come il cantone Turgovia."
4551,66.4,66.4,33.6,"Aadorf (TG)","A Aadorf, la modifica della legge sul servizio civile è stata approvata con il 66,4 per cento. Aadorf approva la modifica della legge sul servizio civile, così come il cantone Turgovia."
4561,13.7,13.7,86.3,"Felben-Wellhausen (TG)","La popolazione di Felben-Wellhausen respinge la modifica della legge sul servizio civile con il 86,3 per cento. Divergenza: Felben-Wellhausen dice no a la modifica della legge sul servizio civile, il cantone Turgovia dice sì."
4566,73.2,73.2,26.8,"Frauenfeld (TG)","Sì alla modifica della legge sul servizio civile a Frauenfeld con il 73,2 per cento. Frauenfeld approva la modifica della legge sul servizio civile, così come il cantone Turgovia."
4571,28.8,28.8,71.2,"Gachnang (TG)","A Gachnang, la modifica della legge sul servizio civile è stata respinta con il 71,2 per cento. Divergenza: Gachnang dice no a la modifica della legge sul servizio civile, il cantone Turgovia dice sì."
4590,34.1,34.1,65.9,"Hüttlingen (TG)","La popolazione di Hüttlingen respinge la modifica della legge sul servizio civile con il 65,9 per cento. Divergenza: Hüttlingen dice no a la modifica della legge sul servizio civile, il cantone Turgovia dice sì."
4591,27.9,27.9,72.1,"Matzingen (TG)","La popolazione di Matzingen respinge la modifica della legge sul servizio civile con il 72,1 per cento. Divergenza: Matzingen dice no a la modifica della legge sul servizio civile, il cantone Turgovia dice sì."
4601,45.9,45.9,54.1,"Neunforn (TG)","A Neunforn la modifica della legge sul servizio civile non ottiene la maggioranza: 54,1 per cento di no. Divergenza: Neunforn dice no a la modifica della legge sul servizio civile, il cantone Turgovia dice sì."
4606,49.5,49.5,50.5,"Stettfurt (TG)","La popolazione di Stettfurt respinge la modifica della legge sul servizio civile con il 50,5 per cento. Divergenza: Stettfurt dice no a la modifica della legge sul servizio civile, il cantone Turgovia dice sì."
4611,57.7,57.7,42.3,"Thundorf (TG)","Sì alla modifica della legge sul servizio civile a Thundorf con il 57,7 per cento. Thundorf approva la modifica della legge sul servizio civile, così come il cantone Turgovia."
4616,55.9,55.9,44.1,"Uesslingen-Buch (TG)","La popolazione di Uesslingen-Buch approva la modifica della legge sul servizio civile con il 55,9 per cento. Uesslingen-Buch approva la modifica della legge sul servizio civile, così come il cantone Turgovia."
4621,24,24,76,"Warth-Weiningen (TG)","La popolazione di Warth-Weiningen respinge la modifica della legge sul servizio civile con il 76 per cento. Divergenza: Warth-Weiningen dice no a la modifica della legge sul servizio civile, il cantone Turgovia dice sì."
4641,52.6,52.6,47.4,"Altnau (TG)","La popolazione di Altnau approva la modifica della legge sul servizio civile con il 52,6 per cento. Altnau approva la modifica della legge sul servizio civile, così come il cantone Turgovia."
4643,58.2,58.2,41.8,"Bottighofen (TG)","A Bottighofen, la modifica della legge sul servizio civile è stata approvata con il 58,2 per cento. Bottighofen approva la modifica della legge sul servizio civile, così come il cantone Turgovia."
4646,30.3,30.3,69.7,"Ermatingen (TG)","A Ermatingen la modifica della legge sul servizio civile non ottiene la maggioranza: 69,7 per cento di no. Divergenza: Ermatingen dice no a la modifica della legge sul servizio civile, il cantone Turgovia dice sì."
4651,35.7,35.7,64.3,"Gottlieben (TG)","La popolazione di Gottlieben respinge la modifica della legge sul servizio civile con il 64,3 per cento. Divergenza: Gottlieben dice no a la modifica della legge sul servizio civile, il cantone Turgovia dice sì."
4656,61.2,61.2,38.8,"Güttingen (TG)","A Güttingen, la modifica della legge sul servizio civile è approvata con il 61,2 per cento. Güttingen approva la modifica della legge sul servizio civile, così come il cantone Turgovia."
4666,34,34,66,"Kemmental (TG)","La popolazione di Kemmental respinge la modifica della legge sul servizio civile con il 66 per cento. Divergenza: Kemmental dice no a la modifica della legge sul servizio civile, il cantone Turgovia dice sì."
4671,11.8,11.8,88.2,"Kreuzlingen (TG)","La popolazione di Kreuzlingen respinge la modifica della legge sul servizio civile con il 88,2 per cento. Divergenza: Kreuzlingen dice no a la modifica della legge sul servizio civile, il cantone Turgovia dice sì."
4681,49.6,49.6,50.4,"Langrickenbach (TG)","La popolazione di Langrickenbach respinge la modifica della legge sul servizio civile con il 50,4 per cento. Divergenza: Langrickenbach dice no a la modifica della legge sul servizio civile, il cantone Turgovia dice sì."
4683,23.5,23.5,76.5,"Lengwil (TG)","Con il 76,5 per cento dei voti, la modifica della legge sul servizio civile viene respinta a Lengwil. Divergenza: Lengwil dice no a la modifica della legge sul servizio civile, il cantone Turgovia dice sì."
4691,53.9,53.9,46.1,"Münsterlingen (TG)","A Münsterlingen la modifica della legge sul servizio civile è stata approvata con il 53,9 per cento. Münsterlingen approva la modifica della legge sul servizio civile, così come il cantone Turgovia."
4696,58.5,58.5,41.5,"Tägerwilen (TG)","A Tägerwilen, la modifica della legge sul servizio civile è stata approvata con il 58,5 per cento. Tägerwilen approva la modifica della legge sul servizio civile, così come il cantone Turgovia."
4701,1.8,1.8,98.2,"Wäldi (TG)","La popolazione di Wäldi respinge la modifica della legge sul servizio civile con il 98,2 per cento. Il tasso più alto di no alla modifica della legge sul servizio civile nel cantone Turgovia è a Wäldi."
4711,14.9,14.9,85.1,"Affeltrangen (TG)","La popolazione di Affeltrangen respinge la modifica della legge sul servizio civile con il 85,1 per cento. Divergenza: Affeltrangen dice no a la modifica della legge sul servizio civile, il cantone Turgovia dice sì."
4716,44.5,44.5,55.5,"Bettwiesen (TG)","La popolazione di Bettwiesen respinge la modifica della legge sul servizio civile con il 55,5 per cento. Divergenza: Bettwiesen dice no a la modifica della legge sul servizio civile, il cantone Turgovia dice sì."
4721,52.7,52.7,47.3,"Bichelsee-Balterswil (TG)","La popolazione di Bichelsee-Balterswil approva la modifica della legge sul servizio civile con il 52,7 per cento. Bichelsee-Balterswil approva la modifica della legge sul servizio civile, così come il cantone Turgovia."
4723,88,88,12,"Braunau (TG)","Sì alla modifica della legge sul servizio civile a Braunau, con il 88 per cento di voti favorevoli. Braunau approva la modifica della legge sul servizio civile, così come il cantone Turgovia."
4724,37.9,37.9,62.1,"Eschlikon (TG)","A Eschlikon, la modifica della legge sul servizio civile è stata respinta con il 62,1 per cento. Divergenza: Eschlikon dice no a la modifica della legge sul servizio civile, il cantone Turgovia dice sì."
4726,45.7,45.7,54.3,"Fischingen (TG)","A Fischingen la modifica della legge sul servizio civile non ottiene la maggioranza: 54,3 per cento di no. Divergenza: Fischingen dice no a la modifica della legge sul servizio civile, il cantone Turgovia dice sì."
4741,66.3,66.3,33.7,"Lommis (TG)","A Lommis la modifica della legge sul servizio civile è stata approvata con il 66,3 per cento. Lommis approva la modifica della legge sul servizio civile, così come il cantone Turgovia."
4746,61.6,61.6,38.4,"Münchwilen (TG)","La popolazione di Münchwilen TG approva la modifica della legge sul servizio civile con il 61,6 per cento. Münchwilen TG approva la modifica della legge sul servizio civile, così come il cantone Turgovia."
4751,58.8,58.8,41.2,"Rickenbach (TG)","A Rickenbach TG la modifica della legge sul servizio civile è stata approvata con il 58,8 per cento. Rickenbach TG approva la modifica della legge sul servizio civile, così come il cantone Turgovia."
4756,35.1,35.1,64.9,"Schönholzerswilen (TG)","La popolazione di Schönholzerswilen respinge la modifica della legge sul servizio civile con il 64,9 per cento. Divergenza: Schönholzerswilen dice no a la modifica della legge sul servizio civile, il cantone Turgovia dice sì."
4761,64.3,64.3,35.7,"Sirnach (TG)","Sì alla modifica della legge sul servizio civile a Sirnach con il 64,3 per cento. Sirnach approva la modifica della legge sul servizio civile, così come il cantone Turgovia."
4776,95.2,95.2,4.8,"Tobel-Tägerschen (TG)","Sì alla modifica della legge sul servizio civile a Tobel-Tägerschen, con il 95,2 per cento di voti favorevoli. Tobel-Tägerschen approva la modifica della legge sul servizio civile, così come il cantone Turgovia."
4781,37.4,37.4,62.6,"Wängi (TG)","A Wängi la modifica della legge sul servizio civile è stata respinta con il 62,6 per cento. Divergenza: Wängi dice no a la modifica della legge sul servizio civile, il cantone Turgovia dice sì."
4786,51.4,51.4,48.6,"Wilen (TG)","Sì alla modifica della legge sul servizio civile a Wilen TG: 51,4 per cento. Wilen TG approva la modifica della legge sul servizio civile, così come il cantone Turgovia."
4791,6.4,6.4,93.6,"Wuppenau (TG)","A Wuppenau la modifica della legge sul servizio civile non ottiene la maggioranza: 93,6 per cento di no. Divergenza: Wuppenau dice no a la modifica della legge sul servizio civile, il cantone Turgovia dice sì."
4801,66.3,66.3,33.7,"Berlingen (TG)","La popolazione di Berlingen approva la modifica della legge sul servizio civile con il 66,3 per cento. Berlingen approva la modifica della legge sul servizio civile, così come il cantone Turgovia."
4806,52,52,48,"Eschenz (TG)","Sì alla modifica della legge sul servizio civile a Eschenz con il 52 per cento. Eschenz approva la modifica della legge sul servizio civile, così come il cantone Turgovia."
4811,20.1,20.1,79.9,"Herdern (TG)","La popolazione di Herdern respinge la modifica della legge sul servizio civile con il 79,9 per cento. Divergenza: Herdern dice no a la modifica della legge sul servizio civile, il cantone Turgovia dice sì."
4816,35.3,35.3,64.7,"Homburg (TG)","Con il 64,7 per cento dei voti, Homburg ha respinto la modifica della legge sul servizio civile. Divergenza: Homburg dice no a la modifica della legge sul servizio civile, il cantone Turgovia dice sì."
4821,77.3,77.3,22.7,"Hüttwilen (TG)","A Hüttwilen, la modifica della legge sul servizio civile è approvata con il 77,3 per cento. Hüttwilen approva la modifica della legge sul servizio civile, così come il cantone Turgovia."
4826,47,47,53,"Mammern (TG)","La popolazione di Mammern respinge la modifica della legge sul servizio civile con il 53 per cento. Divergenza: Mammern dice no a la modifica della legge sul servizio civile, il cantone Turgovia dice sì."
4831,74.3,74.3,25.7,"Müllheim (TG)","A Müllheim la modifica della legge sul servizio civile è stata approvata con il 74,3 per cento. Müllheim approva la modifica della legge sul servizio civile, così come il cantone Turgovia."
4841,6.3,6.3,93.7,"Pfyn (TG)","A Pfyn, la modifica della legge sul servizio civile è stata respinta con il 93,7 per cento. Divergenza: Pfyn dice no a la modifica della legge sul servizio civile, il cantone Turgovia dice sì."
4846,53,53,47,"Raperswilen (TG)","A Raperswilen la modifica della legge sul servizio civile è stata approvata con il 53 per cento. Raperswilen approva la modifica della legge sul servizio civile, così come il cantone Turgovia."
4851,51.3,51.3,48.7,"Salenstein (TG)","Sì alla modifica della legge sul servizio civile a Salenstein con il 51,3 per cento. Salenstein approva la modifica della legge sul servizio civile, così come il cantone Turgovia."
4864,57.4,57.4,42.6,"Steckborn (TG)","Sì alla modifica della legge sul servizio civile a Steckborn: 57,4 per cento. Steckborn approva la modifica della legge sul servizio civile, così come il cantone Turgovia."
4871,95.9,95.9,4.1,"Wagenhausen (TG)","A Wagenhausen, la modifica della legge sul servizio civile è approvata con il 95,9 per cento. Nel cantone di Turgovia, Wagenhausen ha ottenuto il più alto tasso di sì per la modifica della legge sul servizio civile."
4881,6.5,6.5,93.5,"Amlikon-Bissegg (TG)","La popolazione di Amlikon-Bissegg respinge la modifica della legge sul servizio civile con il 93,5 per cento. Divergenza: Amlikon-Bissegg dice no a la modifica della legge sul servizio civile, il cantone Turgovia dice sì."
4891,51.3,51.3,48.7,"Berg (TG)","Sì alla modifica della legge sul servizio civile a Berg TG: 51,3 per cento. Berg TG approva la modifica della legge sul servizio civile, così come il cantone Turgovia."
4901,54.9,54.9,45.1,"Birwinken (TG)","A Birwinken, la modifica della legge sul servizio civile è approvata con il 54,9 per cento. Birwinken approva la modifica della legge sul servizio civile, così come il cantone Turgovia."
4911,93.5,93.5,6.5,"Bürglen (TG)","Sì alla modifica della legge sul servizio civile a Bürglen TG: 93,5 per cento. Bürglen TG approva la modifica della legge sul servizio civile, così come il cantone Turgovia."
4921,26.8,26.8,73.2,"Bussnang (TG)","La popolazione di Bussnang respinge la modifica della legge sul servizio civile con il 73,2 per cento. Divergenza: Bussnang dice no a la modifica della legge sul servizio civile, il cantone Turgovia dice sì."
4941,19.7,19.7,80.3,"Märstetten (TG)","Con il 80,3 per cento dei voti, la modifica della legge sul servizio civile viene respinta a Märstetten. Divergenza: Märstetten dice no a la modifica della legge sul servizio civile, il cantone Turgovia dice sì."
4946,77.9,77.9,22.1,"Weinfelden (TG)","Sì alla modifica della legge sul servizio civile a Weinfelden con il 77,9 per cento. Weinfelden approva la modifica della legge sul servizio civile, così come il cantone Turgovia."
4951,78.3,78.3,21.7,"Wigoltingen (TG)","La popolazione di Wigoltingen approva la modifica della legge sul servizio civile con il 78,3 per cento. Wigoltingen approva la modifica della legge sul servizio civile, così come il cantone Turgovia."
5001,64.6,64.6,35.4,"Arbedo-Castione (TI)","A Arbedo-Castione la modifica della legge sul servizio civile è stata approvata con il 64,6 per cento. Arbedo-Castione dice sì a la modifica della legge sul servizio civile, il cantone Ticino dice no."
5002,57.4,57.4,42.6,"Bellinzona (TI)","Sì alla modifica della legge sul servizio civile a Bellinzona: 57,4 per cento. Bellinzona dice sì a la modifica della legge sul servizio civile, il cantone Ticino dice no."
5003,1.4,1.4,98.6,"Cadenazzo (TI)","A Cadenazzo la modifica della legge sul servizio civile non ottiene la maggioranza: 98,6 per cento di no. Sia Cadenazzo che il cantone Ticino hanno bocciato la modifica della legge sul servizio civile."
5009,0.7,0.7,99.3,"Isone (TI)","La popolazione di Isone respinge la modifica della legge sul servizio civile con il 99,3 per cento. Il tasso più alto di no alla modifica della legge sul servizio civile nel cantone Ticino è a Isone."
5010,40.6,40.6,59.4,"Lumino (TI)","A Lumino, la modifica della legge sul servizio civile è stata respinta con il 59,4 per cento. Sia Lumino che il cantone Ticino hanno bocciato la modifica della legge sul servizio civile."
5017,73.4,73.4,26.6,"Sant'Antonino (TI)","A Sant'Antonino, la modifica della legge sul servizio civile è approvata con il 73,4 per cento. Sant'Antonino dice sì a la modifica della legge sul servizio civile, il cantone Ticino dice no."
5048,76.9,76.9,23.1,"Acquarossa (TI)","A Acquarossa la modifica della legge sul servizio civile è stata approvata con il 76,9 per cento. Acquarossa dice sì a la modifica della legge sul servizio civile, il cantone Ticino dice no."
5049,86.5,86.5,13.5,"Blenio (TI)","A Blenio la modifica della legge sul servizio civile è stata approvata con il 86,5 per cento. Blenio dice sì a la modifica della legge sul servizio civile, il cantone Ticino dice no."
5050,43.9,43.9,56.1,"Serravalle (TI)","A Serravalle, la modifica della legge sul servizio civile è stata respinta con il 56,1 per cento. Sia Serravalle che il cantone Ticino hanno bocciato la modifica della legge sul servizio civile."
5061,29,29,71,"Airolo (TI)","A Airolo la modifica della legge sul servizio civile non ottiene la maggioranza: 71 per cento di no. Sia Airolo che il cantone Ticino hanno bocciato la modifica della legge sul servizio civile."
5063,33.6,33.6,66.4,"Bedretto (TI)","Con il 66,4 per cento dei voti, Bedretto ha respinto la modifica della legge sul servizio civile. Sia Bedretto che il cantone Ticino hanno bocciato la modifica della legge sul servizio civile."
5071,46.2,46.2,53.8,"Dalpe (TI)","A Dalpe, la modifica della legge sul servizio civile è stata respinta con il 53,8 per cento. Sia Dalpe che il cantone Ticino hanno bocciato la modifica della legge sul servizio civile."
5072,33.9,33.9,66.1,"Faido (TI)","A Faido, la modifica della legge sul servizio civile è stata respinta con il 66,1 per cento. Sia Faido che il cantone Ticino hanno bocciato la modifica della legge sul servizio civile."
5073,88.5,88.5,11.5,"Giornico (TI)","Sì alla modifica della legge sul servizio civile a Giornico: 88,5 per cento. Giornico dice sì a la modifica della legge sul servizio civile, il cantone Ticino dice no."
5076,65.8,65.8,34.2,"Personico (TI)","La popolazione di Personico approva la modifica della legge sul servizio civile con il 65,8 per cento. Personico dice sì a la modifica della legge sul servizio civile, il cantone Ticino dice no."
5077,7.7,7.7,92.3,"Pollegio (TI)","La popolazione di Pollegio respinge la modifica della legge sul servizio civile con il 92,3 per cento. Sia Pollegio che il cantone Ticino hanno bocciato la modifica della legge sul servizio civile."
5079,93.2,93.2,6.8,"Quinto (TI)","La popolazione di Quinto approva la modifica della legge sul servizio civile con il 93,2 per cento. Quinto dice sì a la modifica della legge sul servizio civile, il cantone Ticino dice no."
5091,55.4,55.4,44.6,"Ascona (TI)","Sì alla modifica della legge sul servizio civile a Ascona: 55,4 per cento. Ascona dice sì a la modifica della legge sul servizio civile, il cantone Ticino dice no."
5096,19.9,19.9,80.1,"Brione sopra Minusio (TI)","La popolazione di Brione sopra Minusio respinge la modifica della legge sul servizio civile con il 80,1 per cento. Sia Brione sopra Minusio che il cantone Ticino hanno bocciato la modifica della legge sul servizio civile."
5097,26.9,26.9,73.1,"Brissago (TI)","Con il 73,1 per cento dei voti, Brissago ha respinto la modifica della legge sul servizio civile. Sia Brissago che il cantone Ticino hanno bocciato la modifica della legge sul servizio civile."
5108,28.2,28.2,71.8,"Gordola (TI)","A Gordola, la modifica della legge sul servizio civile è stata respinta con il 71,8 per cento. Sia Gordola che il cantone Ticino hanno bocciato la modifica della legge sul servizio civile."
5112,20.3,20.3,79.7,"Lavertezzo (TI)","La popolazione di Lavertezzo respinge la modifica della legge sul servizio civile con il 79,7 per cento. Sia Lavertezzo che il cantone Ticino hanno bocciato la modifica della legge sul servizio civile."
5113,60,60,40,"Locarno (TI)","Sì alla modifica della legge sul servizio civile a Locarno, con il 60 per cento di voti favorevoli. Locarno dice sì a la modifica della legge sul servizio civile, il cantone Ticino dice no."
5115,60.9,60.9,39.1,"Losone (TI)","Sì alla modifica della legge sul servizio civile a Losone con il 60,9 per cento. Losone dice sì a la modifica della legge sul servizio civile, il cantone Ticino dice no."
5117,74.5,74.5,25.5,"Mergoscia (TI)","A Mergoscia, la modifica della legge sul servizio civile è approvata con il 74,5 per cento. Mergoscia dice sì a la modifica della legge sul servizio civile, il cantone Ticino dice no."
5118,9.7,9.7,90.3,"Minusio (TI)","Con il 90,3 per cento dei voti, la modifica della legge sul servizio civile viene respinta a Minusio. Sia Minusio che il cantone Ticino hanno bocciato la modifica della legge sul servizio civile."
5120,10.1,10.1,89.9,"Muralto (TI)","La popolazione di Muralto respinge la modifica della legge sul servizio civile con il 89,9 per cento. Sia Muralto che il cantone Ticino hanno bocciato la modifica della legge sul servizio civile."
5121,33.9,33.9,66.1,"Orselina (TI)","A Orselina la modifica della legge sul servizio civile non ottiene la maggioranza: 66,1 per cento di no. Sia Orselina che il cantone Ticino hanno bocciato la modifica della legge sul servizio civile."
5125,47.2,47.2,52.8,"Ronco sopra Ascona (TI)","A Ronco sopra Ascona la modifica della legge sul servizio civile non ottiene la maggioranza: 52,8 per cento di no. Sia Ronco sopra Ascona che il cantone Ticino hanno bocciato la modifica della legge sul servizio civile."
5131,55.8,55.8,44.2,"Tenero-Contra (TI)","La popolazione di Tenero-Contra approva la modifica della legge sul servizio civile con il 55,8 per cento. Tenero-Contra dice sì a la modifica della legge sul servizio civile, il cantone Ticino dice no."
5136,11,11,89,"Onsernone (TI)","La popolazione di Onsernone respinge la modifica della legge sul servizio civile con il 89 per cento. Sia Onsernone che il cantone Ticino hanno bocciato la modifica della legge sul servizio civile."
5138,59.8,59.8,40.2,"Cugnasco-Gerra (TI)","Sì alla modifica della legge sul servizio civile a Cugnasco-Gerra, con il 59,8 per cento di voti favorevoli. Cugnasco-Gerra dice sì a la modifica della legge sul servizio civile, il cantone Ticino dice no."
5141,86.1,86.1,13.9,"Agno (TI)","La popolazione di Agno approva la modifica della legge sul servizio civile con il 86,1 per cento. Agno dice sì a la modifica della legge sul servizio civile, il cantone Ticino dice no."
5143,69.2,69.2,30.8,"Aranno (TI)","A Aranno la modifica della legge sul servizio civile è stata approvata con il 69,2 per cento. Aranno dice sì a la modifica della legge sul servizio civile, il cantone Ticino dice no."
5144,44.6,44.6,55.4,"Arogno (TI)","La popolazione di Arogno respinge la modifica della legge sul servizio civile con il 55,4 per cento. Sia Arogno che il cantone Ticino hanno bocciato la modifica della legge sul servizio civile."
5148,48.7,48.7,51.3,"Bedano (TI)","Con il 51,3 per cento dei voti, la modifica della legge sul servizio civile viene respinta a Bedano. Sia Bedano che il cantone Ticino hanno bocciato la modifica della legge sul servizio civile."
5151,57.7,57.7,42.3,"Bioggio (TI)","A Bioggio, la modifica della legge sul servizio civile è approvata con il 57,7 per cento. Bioggio dice sì a la modifica della legge sul servizio civile, il cantone Ticino dice no."
5154,19.5,19.5,80.5,"Bissone (TI)","A Bissone la modifica della legge sul servizio civile è stata respinta con il 80,5 per cento. Sia Bissone che il cantone Ticino hanno bocciato la modifica della legge sul servizio civile."
5160,92.2,92.2,7.8,"Brusino Arsizio (TI)","Sì alla modifica della legge sul servizio civile a Brusino Arsizio, con il 92,2 per cento di voti favorevoli. Brusino Arsizio dice sì a la modifica della legge sul servizio civile, il cantone Ticino dice no."
5161,16.8,16.8,83.2,"Cademario (TI)","Con il 83,2 per cento dei voti, Cademario ha respinto la modifica della legge sul servizio civile. Sia Cademario che il cantone Ticino hanno bocciato la modifica della legge sul servizio civile."
5162,35.5,35.5,64.5,"Cadempino (TI)","Con il 64,5 per cento dei voti, la modifica della legge sul servizio civile viene respinta a Cadempino. Sia Cadempino che il cantone Ticino hanno bocciato la modifica della legge sul servizio civile."
5167,94.3,94.3,5.7,"Canobbio (TI)","La popolazione di Canobbio approva la modifica della legge sul servizio civile con il 94,3 per cento. Nel cantone di Ticino, Canobbio ha ottenuto il più alto tasso di sì per la modifica della legge sul servizio civile."
5171,49,49,51,"Caslano (TI)","Con il 51 per cento dei voti, Caslano ha respinto la modifica della legge sul servizio civile. Sia Caslano che il cantone Ticino hanno bocciato la modifica della legge sul servizio civile."
5176,87,87,13,"Comano (TI)","A Comano la modifica della legge sul servizio civile è stata approvata con il 87 per cento. Comano dice sì a la modifica della legge sul servizio civile, il cantone Ticino dice no."
5180,45.8,45.8,54.2,"Cureglia (TI)","Con il 54,2 per cento dei voti, la modifica della legge sul servizio civile viene respinta a Cureglia. Sia Cureglia che il cantone Ticino hanno bocciato la modifica della legge sul servizio civile."
5186,56.2,56.2,43.8,"Grancia (TI)","A Grancia, la modifica della legge sul servizio civile è approvata con il 56,2 per cento. Grancia dice sì a la modifica della legge sul servizio civile, il cantone Ticino dice no."
5187,79,79,21,"Gravesano (TI)","Sì alla modifica della legge sul servizio civile a Gravesano: 79 per cento. Gravesano dice sì a la modifica della legge sul servizio civile, il cantone Ticino dice no."
5189,43.2,43.2,56.8,"Lamone (TI)","Con il 56,8 per cento dei voti, la modifica della legge sul servizio civile viene respinta a Lamone. Sia Lamone che il cantone Ticino hanno bocciato la modifica della legge sul servizio civile."
5192,64.7,64.7,35.3,"Lugano (TI)","La popolazione di Lugano approva la modifica della legge sul servizio civile con il 64,7 per cento. Lugano dice sì a la modifica della legge sul servizio civile, il cantone Ticino dice no."
5193,59.9,59.9,40.1,"Magliaso (TI)","Sì alla modifica della legge sul servizio civile a Magliaso: 59,9 per cento. Magliaso dice sì a la modifica della legge sul servizio civile, il cantone Ticino dice no."
5194,68.7,68.7,31.3,"Manno (TI)","Sì alla modifica della legge sul servizio civile a Manno con il 68,7 per cento. Manno dice sì a la modifica della legge sul servizio civile, il cantone Ticino dice no."
5196,25.7,25.7,74.3,"Massagno (TI)","A Massagno, la modifica della legge sul servizio civile è stata respinta con il 74,3 per cento. Sia Massagno che il cantone Ticino hanno bocciato la modifica della legge sul servizio civile."
5198,58.4,58.4,41.6,"Melide (TI)","A Melide la modifica della legge sul servizio civile è stata approvata con il 58,4 per cento. Melide dice sì a la modifica della legge sul servizio civile, il cantone Ticino dice no."
5199,7.4,7.4,92.6,"Mezzovico-Vira (TI)","La popolazione di Mezzovico-Vira respinge la modifica della legge sul servizio civile con il 92,6 per cento. Sia Mezzovico-Vira che il cantone Ticino hanno bocciato la modifica della legge sul servizio civile."
5203,54.9,54.9,45.1,"Morcote (TI)","Sì alla modifica della legge sul servizio civile a Morcote: 54,9 per cento. Morcote dice sì a la modifica della legge sul servizio civile, il cantone Ticino dice no."
5205,57.1,57.1,42.9,"Muzzano (TI)","Sì alla modifica della legge sul servizio civile a Muzzano: 57,1 per cento. Muzzano dice sì a la modifica della legge sul servizio civile, il cantone Ticino dice no."
5206,25.7,25.7,74.3,"Neggio (TI)","La popolazione di Neggio respinge la modifica della legge sul servizio civile con il 74,3 per cento. Sia Neggio che il cantone Ticino hanno bocciato la modifica della legge sul servizio civile."
5208,50.3,50.3,49.7,"Origlio (TI)","Sì alla modifica della legge sul servizio civile a Origlio con il 50,3 per cento. Origlio dice sì a la modifica della legge sul servizio civile, il cantone Ticino dice no."
5210,21.4,21.4,78.6,"Paradiso (TI)","A Paradiso la modifica della legge sul servizio civile non ottiene la maggioranza: 78,6 per cento di no. Sia Paradiso che il cantone Ticino hanno bocciato la modifica della legge sul servizio civile."
5212,53.3,53.3,46.7,"Ponte Capriasca (TI)","A Ponte Capriasca, la modifica della legge sul servizio civile è stata approvata con il 53,3 per cento. Ponte Capriasca dice sì a la modifica della legge sul servizio civile, il cantone Ticino dice no."
5214,33.9,33.9,66.1,"Porza (TI)","La popolazione di Porza respinge la modifica della legge sul servizio civile con il 66,1 per cento. Sia Porza che il cantone Ticino hanno bocciato la modifica della legge sul servizio civile."
5216,60.1,60.1,39.9,"Pura (TI)","La popolazione di Pura approva la modifica della legge sul servizio civile con il 60,1 per cento. Pura dice sì a la modifica della legge sul servizio civile, il cantone Ticino dice no."
5221,58.6,58.6,41.4,"Savosa (TI)","A Savosa, la modifica della legge sul servizio civile è approvata con il 58,6 per cento. Savosa dice sì a la modifica della legge sul servizio civile, il cantone Ticino dice no."
5225,50,50,50,"Sorengo (TI)","La popolazione di Sorengo respinge la modifica della legge sul servizio civile con il 50 per cento. Sia Sorengo che il cantone Ticino hanno bocciato la modifica della legge sul servizio civile."
5226,14,14,86,"Capriasca (TI)","La popolazione di Capriasca respinge la modifica della legge sul servizio civile con il 86 per cento. Sia Capriasca che il cantone Ticino hanno bocciato la modifica della legge sul servizio civile."
5227,84.1,84.1,15.9,"Torricella-Taverne (TI)","Sì alla modifica della legge sul servizio civile a Torricella-Taverne, con il 84,1 per cento di voti favorevoli. Torricella-Taverne dice sì a la modifica della legge sul servizio civile, il cantone Ticino dice no."
5230,24.5,24.5,75.5,"Vernate (TI)","La popolazione di Vernate respinge la modifica della legge sul servizio civile con il 75,5 per cento. Sia Vernate che il cantone Ticino hanno bocciato la modifica della legge sul servizio civile."
5231,9.1,9.1,90.9,"Vezia (TI)","A Vezia la modifica della legge sul servizio civile è stata respinta con il 90,9 per cento. Sia Vezia che il cantone Ticino hanno bocciato la modifica della legge sul servizio civile."
5233,70.4,70.4,29.6,"Vico Morcote (TI)","La popolazione di Vico Morcote approva la modifica della legge sul servizio civile con il 70,4 per cento. Vico Morcote dice sì a la modifica della legge sul servizio civile, il cantone Ticino dice no."
5236,85.2,85.2,14.8,"Collina d'Oro (TI)","Sì alla modifica della legge sul servizio civile a Collina d'Oro con il 85,2 per cento. Collina d'Oro dice sì a la modifica della legge sul servizio civile, il cantone Ticino dice no."
5237,30.2,30.2,69.8,"Alto Malcantone (TI)","La popolazione di Alto Malcantone respinge la modifica della legge sul servizio civile con il 69,8 per cento. Sia Alto Malcantone che il cantone Ticino hanno bocciato la modifica della legge sul servizio civile."
5238,52.2,52.2,47.8,"Monteceneri (TI)","Sì alla modifica della legge sul servizio civile a Monteceneri con il 52,2 per cento. Monteceneri dice sì a la modifica della legge sul servizio civile, il cantone Ticino dice no."
5239,9.6,9.6,90.4,"Tresa (TI)","A Tresa la modifica della legge sul servizio civile è stata respinta con il 90,4 per cento. Sia Tresa che il cantone Ticino hanno bocciato la modifica della legge sul servizio civile."
5240,81.6,81.6,18.4,"Val Mara (TI)","La popolazione di Val Mara approva la modifica della legge sul servizio civile con il 81,6 per cento. Val Mara dice sì a la modifica della legge sul servizio civile, il cantone Ticino dice no."
5242,2.5,2.5,97.5,"Balerna (TI)","A Balerna la modifica della legge sul servizio civile è stata respinta con il 97,5 per cento. Sia Balerna che il cantone Ticino hanno bocciato la modifica della legge sul servizio civile."
5249,5.1,5.1,94.9,"Castel San Pietro (TI)","Con il 94,9 per cento dei voti, Castel San Pietro ha respinto la modifica della legge sul servizio civile. Sia Castel San Pietro che il cantone Ticino hanno bocciato la modifica della legge sul servizio civile."
5250,87.7,87.7,12.3,"Chiasso (TI)","Sì alla modifica della legge sul servizio civile a Chiasso, con il 87,7 per cento di voti favorevoli. Chiasso dice sì a la modifica della legge sul servizio civile, il cantone Ticino dice no."
5251,68.8,68.8,31.2,"Coldrerio (TI)","La popolazione di Coldrerio approva la modifica della legge sul servizio civile con il 68,8 per cento. Coldrerio dice sì a la modifica della legge sul servizio civile, il cantone Ticino dice no."
5254,83.2,83.2,16.8,"Mendrisio (TI)","Sì alla modifica della legge sul servizio civile a Mendrisio, con il 83,2 per cento di voti favorevoli. Mendrisio dice sì a la modifica della legge sul servizio civile, il cantone Ticino dice no."
5257,49.1,49.1,50.9,"Morbio Inferiore (TI)","A Morbio Inferiore la modifica della legge sul servizio civile è stata respinta con il 50,9 per cento. Sia Morbio Inferiore che il cantone Ticino hanno bocciato la modifica della legge sul servizio civile."
5260,34.5,34.5,65.5,"Novazzano (TI)","A Novazzano la modifica della legge sul servizio civile è stata respinta con il 65,5 per cento. Sia Novazzano che il cantone Ticino hanno bocciato la modifica della legge sul servizio civile."
5263,86.6,86.6,13.4,"Riva San Vitale (TI)","Sì alla modifica della legge sul servizio civile a Riva San Vitale: 86,6 per cento. Riva San Vitale dice sì a la modifica della legge sul servizio civile, il cantone Ticino dice no."
5266,52.1,52.1,47.9,"Stabio (TI)","A Stabio la modifica della legge sul servizio civile è stata approvata con il 52,1 per cento. Stabio dice sì a la modifica della legge sul servizio civile, il cantone Ticino dice no."
5268,61.2,61.2,38.8,"Vacallo (TI)","A Vacallo la modifica della legge sul servizio civile è stata approvata con il 61,2 per cento. Vacallo dice sì a la modifica della legge sul servizio civile, il cantone Ticino dice no."
5269,73,73,27,"Breggia (TI)","Sì alla modifica della legge sul servizio civile a Breggia, con il 73 per cento di voti favorevoli. Breggia dice sì a la modifica della legge sul servizio civile, il cantone Ticino dice no."
5281,21.5,21.5,78.5,"Biasca (TI)","Con il 78,5 per cento dei voti, Biasca ha respinto la modifica della legge sul servizio civile. Sia Biasca che il cantone Ticino hanno bocciato la modifica della legge sul servizio civile."
5287,19.9,19.9,80.1,"Riviera (TI)","A Riviera, la modifica della legge sul servizio civile è stata respinta con il 80,1 per cento. Sia Riviera che il cantone Ticino hanno bocciato la modifica della legge sul servizio civile."
5304,51.3,51.3,48.7,"Bosco/Gurin (TI)","A Bosco/Gurin, la modifica della legge sul servizio civile è approvata con il 51,3 per cento. Bosco/Gurin dice sì a la modifica della legge sul servizio civile, il cantone Ticino dice no."
5307,78.5,78.5,21.5,"Campo (Vallemaggia) (TI)","Sì alla modifica della legge sul servizio civile a Campo (Vallemaggia): 78,5 per cento. Campo (Vallemaggia) dice sì a la modifica della legge sul servizio civile, il cantone Ticino dice no."
5309,11,11,89,"Cerentino (TI)","A Cerentino la modifica della legge sul servizio civile non ottiene la maggioranza: 89 per cento di no. Sia Cerentino che il cantone Ticino hanno bocciato la modifica della legge sul servizio civile."
5310,21.8,21.8,78.2,"Cevio (TI)","A Cevio la modifica della legge sul servizio civile è stata respinta con il 78,2 per cento. Sia Cevio che il cantone Ticino hanno bocciato la modifica della legge sul servizio civile."
5315,74.3,74.3,25.7,"Linescio (TI)","Sì alla modifica della legge sul servizio civile a Linescio con il 74,3 per cento. Linescio dice sì a la modifica della legge sul servizio civile, il cantone Ticino dice no."
5317,44.3,44.3,55.7,"Maggia (TI)","A Maggia la modifica della legge sul servizio civile è stata respinta con il 55,7 per cento. Sia Maggia che il cantone Ticino hanno bocciato la modifica della legge sul servizio civile."
5323,2.2,2.2,97.8,"Lavizzara (TI)","La popolazione di Lavizzara respinge la modifica della legge sul servizio civile con il 97,8 per cento. Sia Lavizzara che il cantone Ticino hanno bocciato la modifica della legge sul servizio civile."
5324,37.5,37.5,62.5,"Avegno Gordevio (TI)","La popolazione di Avegno Gordevio respinge la modifica della legge sul servizio civile con il 62,5 per cento. Sia Avegno Gordevio che il cantone Ticino hanno bocciato la modifica della legge sul servizio civile."
5395,79.3,79.3,20.7,"Lema (TI)","Sì alla modifica della legge sul servizio civile a Lema con il 79,3 per cento. Lema dice sì a la modifica della legge sul servizio civile, il cantone Ticino dice no."
5396,82.3,82.3,17.7,"Terre di Pedemonte (TI)","Sì alla modifica della legge sul servizio civile a Terre di Pedemonte, con il 82,3 per cento di voti favorevoli. Terre di Pedemonte dice sì a la modifica della legge sul servizio civile, il cantone Ticino dice no."
5397,73.4,73.4,26.6,"Centovalli (TI)","A Centovalli, la modifica della legge sul servizio civile è stata approvata con il 73,4 per cento. Centovalli dice sì a la modifica della legge sul servizio civile, il cantone Ticino dice no."
5398,11.5,11.5,88.5,"Gambarogno (TI)","La popolazione di Gambarogno respinge la modifica della legge sul servizio civile con il 88,5 per cento. Sia Gambarogno che il cantone Ticino hanno bocciato la modifica della legge sul servizio civile."
5399,26.2,26.2,73.8,"Verzasca (TI)","A Verzasca la modifica della legge sul servizio civile è stata respinta con il 73,8 per cento. Sia Verzasca che il cantone Ticino hanno bocciato la modifica della legge sul servizio civile."
5401,97.3,97.3,2.7,"Aigle (VD)","A Aigle, la modifica della legge sul servizio civile è stata approvata con il 97,3 per cento. Aigle dice sì a la modifica della legge sul servizio civile, il cantone Vaud dice no."
5402,66.4,66.4,33.6,"Bex (VD)","A Bex, la modifica della legge sul servizio civile è approvata con il 66,4 per cento. Bex dice sì a la modifica della legge sul servizio civile, il cantone Vaud dice no."
5403,59.8,59.8,40.2,"Chessel (VD)","Sì alla modifica della legge sul servizio civile a Chessel, con il 59,8 per cento di voti favorevoli. Chessel dice sì a la modifica della legge sul servizio civile, il cantone Vaud dice no."
5404,52.2,52.2,47.8,"Corbeyrier (VD)","A Corbeyrier la modifica della legge sul servizio civile è stata approvata con il 52,2 per cento. Corbeyrier dice sì a la modifica della legge sul servizio civile, il cantone Vaud dice no."
5405,98.3,98.3,1.7,"Gryon (VD)","Sì alla modifica della legge sul servizio civile a Gryon: 98,3 per cento. Gryon dice sì a la modifica della legge sul servizio civile, il cantone Vaud dice no."
5406,67.9,67.9,32.1,"Lavey-Morcles (VD)","Sì alla modifica della legge sul servizio civile a Lavey-Morcles con il 67,9 per cento. Lavey-Morcles dice sì a la modifica della legge sul servizio civile, il cantone Vaud dice no."
5407,87.8,87.8,12.2,"Leysin (VD)","A Leysin la modifica della legge sul servizio civile è stata approvata con il 87,8 per cento. Leysin dice sì a la modifica della legge sul servizio civile, il cantone Vaud dice no."
5408,34.1,34.1,65.9,"Noville (VD)","Con il 65,9 per cento dei voti, la modifica della legge sul servizio civile viene respinta a Noville. Sia Noville che il cantone Vaud hanno bocciato la modifica della legge sul servizio civile."
5409,59.1,59.1,40.9,"Ollon (VD)","A Ollon la modifica della legge sul servizio civile è stata approvata con il 59,1 per cento. Ollon dice sì a la modifica della legge sul servizio civile, il cantone Vaud dice no."
5410,83.1,83.1,16.9,"Ormont-Dessous (VD)","A Ormont-Dessous, la modifica della legge sul servizio civile è approvata con il 83,1 per cento. Ormont-Dessous dice sì a la modifica della legge sul servizio civile, il cantone Vaud dice no."
5411,19.3,19.3,80.7,"Ormont-Dessus (VD)","Con il 80,7 per cento dei voti, Ormont-Dessus ha respinto la modifica della legge sul servizio civile. Sia Ormont-Dessus che il cantone Vaud hanno bocciato la modifica della legge sul servizio civile."
5412,13.9,13.9,86.1,"Rennaz (VD)","Con il 86,1 per cento dei voti, la modifica della legge sul servizio civile viene respinta a Rennaz. Sia Rennaz che il cantone Vaud hanno bocciato la modifica della legge sul servizio civile."
5413,10.9,10.9,89.1,"Roche (VD)","A Roche VD la modifica della legge sul servizio civile non ottiene la maggioranza: 89,1 per cento di no. Sia Roche VD che il cantone Vaud hanno bocciato la modifica della legge sul servizio civile."
5414,16.5,16.5,83.5,"Villeneuve (VD)","A Villeneuve VD la modifica della legge sul servizio civile non ottiene la maggioranza: 83,5 per cento di no. Sia Villeneuve VD che il cantone Vaud hanno bocciato la modifica della legge sul servizio civile."
5415,57.5,57.5,42.5,"Yvorne (VD)","Sì alla modifica della legge sul servizio civile a Yvorne: 57,5 per cento. Yvorne dice sì a la modifica della legge sul servizio civile, il cantone Vaud dice no."
5422,82.1,82.1,17.9,"Aubonne (VD)","Sì alla modifica della legge sul servizio civile a Aubonne: 82,1 per cento. Aubonne dice sì a la modifica della legge sul servizio civile, il cantone Vaud dice no."
5423,57.7,57.7,42.3,"Ballens (VD)","Sì alla modifica della legge sul servizio civile a Ballens con il 57,7 per cento. Ballens dice sì a la modifica della legge sul servizio civile, il cantone Vaud dice no."
5424,49,49,51,"Berolle (VD)","A Berolle, la modifica della legge sul servizio civile è stata respinta con il 51 per cento. Sia Berolle che il cantone Vaud hanno bocciato la modifica della legge sul servizio civile."
5425,28.6,28.6,71.4,"Bière (VD)","La popolazione di Bière respinge la modifica della legge sul servizio civile con il 71,4 per cento. Sia Bière che il cantone Vaud hanno bocciato la modifica della legge sul servizio civile."
5426,26.9,26.9,73.1,"Bougy-Villars (VD)","A Bougy-Villars la modifica della legge sul servizio civile è stata respinta con il 73,1 per cento. Sia Bougy-Villars che il cantone Vaud hanno bocciato la modifica della legge sul servizio civile."
5427,89.7,89.7,10.3,"Féchy (VD)","Sì alla modifica della legge sul servizio civile a Féchy con il 89,7 per cento. Féchy dice sì a la modifica della legge sul servizio civile, il cantone Vaud dice no."
5428,51.9,51.9,48.1,"Gimel (VD)","A Gimel, la modifica della legge sul servizio civile è stata approvata con il 51,9 per cento. Gimel dice sì a la modifica della legge sul servizio civile, il cantone Vaud dice no."
5429,29.2,29.2,70.8,"Longirod (VD)","A Longirod, la modifica della legge sul servizio civile è stata respinta con il 70,8 per cento. Sia Longirod che il cantone Vaud hanno bocciato la modifica della legge sul servizio civile."
5430,62.8,62.8,37.2,"Marchissy (VD)","Sì alla modifica della legge sul servizio civile a Marchissy con il 62,8 per cento. Marchissy dice sì a la modifica della legge sul servizio civile, il cantone Vaud dice no."
5431,49.6,49.6,50.4,"Mollens (VD)","Con il 50,4 per cento dei voti, Mollens VD ha respinto la modifica della legge sul servizio civile. Sia Mollens VD che il cantone Vaud hanno bocciato la modifica della legge sul servizio civile."
5434,95.2,95.2,4.8,"Saint-George (VD)","A Saint-George la modifica della legge sul servizio civile è stata approvata con il 95,2 per cento. Saint-George dice sì a la modifica della legge sul servizio civile, il cantone Vaud dice no."
5435,37.3,37.3,62.7,"Saint-Livres (VD)","La popolazione di Saint-Livres respinge la modifica della legge sul servizio civile con il 62,7 per cento. Sia Saint-Livres che il cantone Vaud hanno bocciato la modifica della legge sul servizio civile."
5436,11.4,11.4,88.6,"Saint-Oyens (VD)","La popolazione di Saint-Oyens respinge la modifica della legge sul servizio civile con il 88,6 per cento. Sia Saint-Oyens che il cantone Vaud hanno bocciato la modifica della legge sul servizio civile."
5437,62.5,62.5,37.5,"Saubraz (VD)","Sì alla modifica della legge sul servizio civile a Saubraz con il 62,5 per cento. Saubraz dice sì a la modifica della legge sul servizio civile, il cantone Vaud dice no."
5451,59.2,59.2,40.8,"Avenches (VD)","A Avenches la modifica della legge sul servizio civile è stata approvata con il 59,2 per cento. Avenches dice sì a la modifica della legge sul servizio civile, il cantone Vaud dice no."
5456,52.2,52.2,47.8,"Cudrefin (VD)","Sì alla modifica della legge sul servizio civile a Cudrefin con il 52,2 per cento. Cudrefin dice sì a la modifica della legge sul servizio civile, il cantone Vaud dice no."
5458,28,28,72,"Faoug (VD)","Con il 72 per cento dei voti, la modifica della legge sul servizio civile viene respinta a Faoug. Sia Faoug che il cantone Vaud hanno bocciato la modifica della legge sul servizio civile."
5464,9.5,9.5,90.5,"Vully-les-Lacs (VD)","A Vully-les-Lacs la modifica della legge sul servizio civile non ottiene la maggioranza: 90,5 per cento di no. Sia Vully-les-Lacs che il cantone Vaud hanno bocciato la modifica della legge sul servizio civile."
5471,47.6,47.6,52.4,"Bettens (VD)","Con il 52,4 per cento dei voti, Bettens ha respinto la modifica della legge sul servizio civile. Sia Bettens che il cantone Vaud hanno bocciato la modifica della legge sul servizio civile."
5472,78,78,22,"Bournens (VD)","Sì alla modifica della legge sul servizio civile a Bournens, con il 78 per cento di voti favorevoli. Bournens dice sì a la modifica della legge sul servizio civile, il cantone Vaud dice no."
5473,96.5,96.5,3.5,"Boussens (VD)","A Boussens, la modifica della legge sul servizio civile è approvata con il 96,5 per cento. Boussens dice sì a la modifica della legge sul servizio civile, il cantone Vaud dice no."
5474,58.9,58.9,41.1,"La Chaux (Cossonay) (VD)","A La Chaux (Cossonay), la modifica della legge sul servizio civile è stata approvata con il 58,9 per cento. La Chaux (Cossonay) dice sì a la modifica della legge sul servizio civile, il cantone Vaud dice no."
5475,43.7,43.7,56.3,"Chavannes-le-Veyron (VD)","A Chavannes-le-Veyron, la modifica della legge sul servizio civile è stata respinta con il 56,3 per cento. Sia Chavannes-le-Veyron che il cantone Vaud hanno bocciato la modifica della legge sul servizio civile."
5476,61.5,61.5,38.5,"Chevilly (VD)","Sì alla modifica della legge sul servizio civile a Chevilly: 61,5 per cento. Chevilly dice sì a la modifica della legge sul servizio civile, il cantone Vaud dice no."
5477,28.1,28.1,71.9,"Cossonay (VD)","A Cossonay, la modifica della legge sul servizio civile è stata respinta con il 71,9 per cento. Sia Cossonay che il cantone Vaud hanno bocciato la modifica della legge sul servizio civile."
5479,84.8,84.8,15.2,"Cuarnens (VD)","Sì alla modifica della legge sul servizio civile a Cuarnens: 84,8 per cento. Cuarnens dice sì a la modifica della legge sul servizio civile, il cantone Vaud dice no."
5480,5.8,5.8,94.2,"Daillens (VD)","La popolazione di Daillens respinge la modifica della legge sul servizio civile con il 94,2 per cento. Sia Daillens che il cantone Vaud hanno bocciato la modifica della legge sul servizio civile."
5481,34.3,34.3,65.7,"Dizy (VD)","A Dizy la modifica della legge sul servizio civile è stata respinta con il 65,7 per cento. Sia Dizy che il cantone Vaud hanno bocciato la modifica della legge sul servizio civile."
5482,6.7,6.7,93.3,"Eclépens (VD)","A Eclépens, la modifica della legge sul servizio civile è stata respinta con il 93,3 per cento. Sia Eclépens che il cantone Vaud hanno bocciato la modifica della legge sul servizio civile."
5483,57.2,57.2,42.8,"Ferreyres (VD)","Sì alla modifica della legge sul servizio civile a Ferreyres con il 57,2 per cento. Ferreyres dice sì a la modifica della legge sul servizio civile, il cantone Vaud dice no."
5484,1.8,1.8,98.2,"Gollion (VD)","La popolazione di Gollion respinge la modifica della legge sul servizio civile con il 98,2 per cento. Sia Gollion che il cantone Vaud hanno bocciato la modifica della legge sul servizio civile."
5485,30.4,30.4,69.6,"Grancy (VD)","A Grancy la modifica della legge sul servizio civile è stata respinta con il 69,6 per cento. Sia Grancy che il cantone Vaud hanno bocciato la modifica della legge sul servizio civile."
5486,78.1,78.1,21.9,"L'Isle (VD)","Sì alla modifica della legge sul servizio civile a L'Isle: 78,1 per cento. L'Isle dice sì a la modifica della legge sul servizio civile, il cantone Vaud dice no."
5487,35.8,35.8,64.2,"Lussery-Villars (VD)","A Lussery-Villars, la modifica della legge sul servizio civile è stata respinta con il 64,2 per cento. Sia Lussery-Villars che il cantone Vaud hanno bocciato la modifica della legge sul servizio civile."
5488,16.6,16.6,83.4,"Mauraz (VD)","A Mauraz la modifica della legge sul servizio civile è stata respinta con il 83,4 per cento. Sia Mauraz che il cantone Vaud hanno bocciato la modifica della legge sul servizio civile."
5489,57.7,57.7,42.3,"Mex (VD)","A Mex VD, la modifica della legge sul servizio civile è stata approvata con il 57,7 per cento. Mex VD dice sì a la modifica della legge sul servizio civile, il cantone Vaud dice no."
5490,11.5,11.5,88.5,"Moiry (VD)","A Moiry la modifica della legge sul servizio civile è stata respinta con il 88,5 per cento. Sia Moiry che il cantone Vaud hanno bocciato la modifica della legge sul servizio civile."
5491,78.9,78.9,21.1,"Mont-la-Ville (VD)","La popolazione di Mont-la-Ville approva la modifica della legge sul servizio civile con il 78,9 per cento. Mont-la-Ville dice sì a la modifica della legge sul servizio civile, il cantone Vaud dice no."
5492,28.8,28.8,71.2,"Montricher (VD)","Con il 71,2 per cento dei voti, la modifica della legge sul servizio civile viene respinta a Montricher. Sia Montricher che il cantone Vaud hanno bocciato la modifica della legge sul servizio civile."
5493,68.5,68.5,31.5,"Orny (VD)","Sì alla modifica della legge sul servizio civile a Orny, con il 68,5 per cento di voti favorevoli. Orny dice sì a la modifica della legge sul servizio civile, il cantone Vaud dice no."
5495,44.7,44.7,55.3,"Penthalaz (VD)","A Penthalaz la modifica della legge sul servizio civile non ottiene la maggioranza: 55,3 per cento di no. Sia Penthalaz che il cantone Vaud hanno bocciato la modifica della legge sul servizio civile."
5496,66.4,66.4,33.6,"Penthaz (VD)","A Penthaz, la modifica della legge sul servizio civile è stata approvata con il 66,4 per cento. Penthaz dice sì a la modifica della legge sul servizio civile, il cantone Vaud dice no."
5497,29,29,71,"Pompaples (VD)","Con il 71 per cento dei voti, Pompaples ha respinto la modifica della legge sul servizio civile. Sia Pompaples che il cantone Vaud hanno bocciato la modifica della legge sul servizio civile."
5498,48.7,48.7,51.3,"La Sarraz (VD)","Con il 51,3 per cento dei voti, La Sarraz ha respinto la modifica della legge sul servizio civile. Sia La Sarraz che il cantone Vaud hanno bocciato la modifica della legge sul servizio civile."
5499,3.2,3.2,96.8,"Senarclens (VD)","A Senarclens, la modifica della legge sul servizio civile è stata respinta con il 96,8 per cento. Sia Senarclens che il cantone Vaud hanno bocciato la modifica della legge sul servizio civile."
5501,84,84,16,"Sullens (VD)","A Sullens la modifica della legge sul servizio civile è stata approvata con il 84 per cento. Sullens dice sì a la modifica della legge sul servizio civile, il cantone Vaud dice no."
5503,31.6,31.6,68.4,"Vufflens-la-Ville (VD)","A Vufflens-la-Ville la modifica della legge sul servizio civile non ottiene la maggioranza: 68,4 per cento di no. Sia Vufflens-la-Ville che il cantone Vaud hanno bocciato la modifica della legge sul servizio civile."
5511,55.2,55.2,44.8,"Assens (VD)","Sì alla modifica della legge sul servizio civile a Assens: 55,2 per cento. Assens dice sì a la modifica della legge sul servizio civile, il cantone Vaud dice no."
5512,60.7,60.7,39.3,"Bercher (VD)","Sì alla modifica della legge sul servizio civile a Bercher: 60,7 per cento. Bercher dice sì a la modifica della legge sul servizio civile, il cantone Vaud dice no."
5514,16.3,16.3,83.7,"Bottens (VD)","La popolazione di Bottens respinge la modifica della legge sul servizio civile con il 83,7 per cento. Sia Bottens che il cantone Vaud hanno bocciato la modifica della legge sul servizio civile."
5515,63.1,63.1,36.9,"Bretigny-sur-Morrens (VD)","A Bretigny-sur-Morrens, la modifica della legge sul servizio civile è stata approvata con il 63,1 per cento. Bretigny-sur-Morrens dice sì a la modifica della legge sul servizio civile, il cantone Vaud dice no."
5516,56.2,56.2,43.8,"Cugy (VD)","Sì alla modifica della legge sul servizio civile a Cugy VD con il 56,2 per cento. Cugy VD dice sì a la modifica della legge sul servizio civile, il cantone Vaud dice no."
5518,47.7,47.7,52.3,"Echallens (VD)","Con il 52,3 per cento dei voti, Echallens ha respinto la modifica della legge sul servizio civile. Sia Echallens che il cantone Vaud hanno bocciato la modifica della legge sul servizio civile."
5520,83,83,17,"Essertines-sur-Yverdon (VD)","La popolazione di Essertines-sur-Yverdon approva la modifica della legge sul servizio civile con il 83 per cento. Essertines-sur-Yverdon dice sì a la modifica della legge sul servizio civile, il cantone Vaud dice no."
5521,16.7,16.7,83.3,"Etagnières (VD)","A Etagnières la modifica della legge sul servizio civile non ottiene la maggioranza: 83,3 per cento di no. Sia Etagnières che il cantone Vaud hanno bocciato la modifica della legge sul servizio civile."
5522,84.8,84.8,15.2,"Fey (VD)","La popolazione di Fey approva la modifica della legge sul servizio civile con il 84,8 per cento. Fey dice sì a la modifica della legge sul servizio civile, il cantone Vaud dice no."
5523,55.5,55.5,44.5,"Froideville (VD)","Sì alla modifica della legge sul servizio civile a Froideville con il 55,5 per cento. Froideville dice sì a la modifica della legge sul servizio civile, il cantone Vaud dice no."
5527,81.8,81.8,18.2,"Morrens (VD)","La popolazione di Morrens VD approva la modifica della legge sul servizio civile con il 81,8 per cento. Morrens VD dice sì a la modifica della legge sul servizio civile, il cantone Vaud dice no."
5529,59.7,59.7,40.3,"Oulens-sous-Echallens (VD)","Sì alla modifica della legge sul servizio civile a Oulens-sous-Echallens: 59,7 per cento. Oulens-sous-Echallens dice sì a la modifica della legge sul servizio civile, il cantone Vaud dice no."
5530,21.9,21.9,78.1,"Pailly (VD)","A Pailly la modifica della legge sul servizio civile non ottiene la maggioranza: 78,1 per cento di no. Sia Pailly che il cantone Vaud hanno bocciato la modifica della legge sul servizio civile."
5531,90,90,10,"Penthéréaz (VD)","La popolazione di Penthéréaz approva la modifica della legge sul servizio civile con il 90 per cento. Penthéréaz dice sì a la modifica della legge sul servizio civile, il cantone Vaud dice no."
5533,12.5,12.5,87.5,"Poliez-Pittet (VD)","La popolazione di Poliez-Pittet respinge la modifica della legge sul servizio civile con il 87,5 per cento. Sia Poliez-Pittet che il cantone Vaud hanno bocciato la modifica della legge sul servizio civile."
5534,32.8,32.8,67.2,"Rueyres (VD)","A Rueyres la modifica della legge sul servizio civile è stata respinta con il 67,2 per cento. Sia Rueyres che il cantone Vaud hanno bocciato la modifica della legge sul servizio civile."
5535,43.1,43.1,56.9,"Saint-Barthélemy (VD)","A Saint-Barthélemy VD la modifica della legge sul servizio civile non ottiene la maggioranza: 56,9 per cento di no. Sia Saint-Barthélemy VD che il cantone Vaud hanno bocciato la modifica della legge sul servizio civile."
5537,67.2,67.2,32.8,"Villars-le-Terroir (VD)","Sì alla modifica della legge sul servizio civile a Villars-le-Terroir, con il 67,2 per cento di voti favorevoli. Villars-le-Terroir dice sì a la modifica della legge sul servizio civile, il cantone Vaud dice no."
5539,36.5,36.5,63.5,"Vuarrens (VD)","La popolazione di Vuarrens respinge la modifica della legge sul servizio civile con il 63,5 per cento. Sia Vuarrens che il cantone Vaud hanno bocciato la modifica della legge sul servizio civile."
5540,53.8,53.8,46.2,"Montilliez (VD)","La popolazione di Montilliez approva la modifica della legge sul servizio civile con il 53,8 per cento. Montilliez dice sì a la modifica della legge sul servizio civile, il cantone Vaud dice no."
5541,39.5,39.5,60.5,"Goumoëns (VD)","La popolazione di Goumoëns respinge la modifica della legge sul servizio civile con il 60,5 per cento. Sia Goumoëns che il cantone Vaud hanno bocciato la modifica della legge sul servizio civile."
5551,37.7,37.7,62.3,"Bonvillars (VD)","A Bonvillars la modifica della legge sul servizio civile è stata respinta con il 62,3 per cento. Sia Bonvillars che il cantone Vaud hanno bocciato la modifica della legge sul servizio civile."
5552,48,48,52,"Bullet (VD)","Con il 52 per cento dei voti, Bullet ha respinto la modifica della legge sul servizio civile. Sia Bullet che il cantone Vaud hanno bocciato la modifica della legge sul servizio civile."
5553,16.5,16.5,83.5,"Champagne (VD)","La popolazione di Champagne respinge la modifica della legge sul servizio civile con il 83,5 per cento. Sia Champagne che il cantone Vaud hanno bocciato la modifica della legge sul servizio civile."
5554,98.3,98.3,1.7,"Concise (VD)","A Concise la modifica della legge sul servizio civile è stata approvata con il 98,3 per cento. Concise dice sì a la modifica della legge sul servizio civile, il cantone Vaud dice no."
5555,93.1,93.1,6.9,"Corcelles-près-Concise (VD)","La popolazione di Corcelles-près-Concise approva la modifica della legge sul servizio civile con il 93,1 per cento. Corcelles-près-Concise dice sì a la modifica della legge sul servizio civile, il cantone Vaud dice no."
5556,40.8,40.8,59.2,"Fiez (VD)","Con il 59,2 per cento dei voti, Fiez ha respinto la modifica della legge sul servizio civile. Sia Fiez che il cantone Vaud hanno bocciato la modifica della legge sul servizio civile."
5557,29.6,29.6,70.4,"Fontaines-sur-Grandson (VD)","La popolazione di Fontaines-sur-Grandson respinge la modifica della legge sul servizio civile con il 70,4 per cento. Sia Fontaines-sur-Grandson che il cantone Vaud hanno bocciato la modifica della legge sul servizio civile."
5559,55.8,55.8,44.2,"Giez (VD)","La popolazione di Giez approva la modifica della legge sul servizio civile con il 55,8 per cento. Giez dice sì a la modifica della legge sul servizio civile, il cantone Vaud dice no."
5560,52.5,52.5,47.5,"Grandevent (VD)","Sì alla modifica della legge sul servizio civile a Grandevent, con il 52,5 per cento di voti favorevoli. Grandevent dice sì a la modifica della legge sul servizio civile, il cantone Vaud dice no."
5561,78.8,78.8,21.2,"Grandson (VD)","A Grandson, la modifica della legge sul servizio civile è approvata con il 78,8 per cento. Grandson dice sì a la modifica della legge sul servizio civile, il cantone Vaud dice no."
5562,53.9,53.9,46.1,"Mauborget (VD)","Sì alla modifica della legge sul servizio civile a Mauborget, con il 53,9 per cento di voti favorevoli. Mauborget dice sì a la modifica della legge sul servizio civile, il cantone Vaud dice no."
5563,40.3,40.3,59.7,"Mutrux (VD)","Con il 59,7 per cento dei voti, Mutrux ha respinto la modifica della legge sul servizio civile. Sia Mutrux che il cantone Vaud hanno bocciato la modifica della legge sul servizio civile."
5564,79.9,79.9,20.1,"Novalles (VD)","A Novalles, la modifica della legge sul servizio civile è stata approvata con il 79,9 per cento. Novalles dice sì a la modifica della legge sul servizio civile, il cantone Vaud dice no."
5565,45.7,45.7,54.3,"Onnens (VD)","La popolazione di Onnens VD respinge la modifica della legge sul servizio civile con il 54,3 per cento. Sia Onnens VD che il cantone Vaud hanno bocciato la modifica della legge sul servizio civile."
5566,12.4,12.4,87.6,"Provence (VD)","A Provence, la modifica della legge sul servizio civile è stata respinta con il 87,6 per cento. Sia Provence che il cantone Vaud hanno bocciato la modifica della legge sul servizio civile."
5568,46,46,54,"Sainte-Croix (VD)","A Sainte-Croix, la modifica della legge sul servizio civile è stata respinta con il 54 per cento. Sia Sainte-Croix che il cantone Vaud hanno bocciato la modifica della legge sul servizio civile."
5571,54.1,54.1,45.9,"Tévenon (VD)","A Tévenon la modifica della legge sul servizio civile è stata approvata con il 54,1 per cento. Tévenon dice sì a la modifica della legge sul servizio civile, il cantone Vaud dice no."
5581,39.1,39.1,60.9,"Belmont-sur-Lausanne (VD)","Con il 60,9 per cento dei voti, Belmont-sur-Lausanne ha respinto la modifica della legge sul servizio civile. Sia Belmont-sur-Lausanne che il cantone Vaud hanno bocciato la modifica della legge sul servizio civile."
5582,21.1,21.1,78.9,"Cheseaux-sur-Lausanne (VD)","A Cheseaux-sur-Lausanne la modifica della legge sul servizio civile è stata respinta con il 78,9 per cento. Sia Cheseaux-sur-Lausanne che il cantone Vaud hanno bocciato la modifica della legge sul servizio civile."
5583,1.9,1.9,98.1,"Crissier (VD)","Con il 98,1 per cento dei voti, la modifica della legge sul servizio civile viene respinta a Crissier. Sia Crissier che il cantone Vaud hanno bocciato la modifica della legge sul servizio civile."
5584,25.4,25.4,74.6,"Epalinges (VD)","Con il 74,6 per cento dei voti, Epalinges ha respinto la modifica della legge sul servizio civile. Sia Epalinges che il cantone Vaud hanno bocciato la modifica della legge sul servizio civile."
5585,10.6,10.6,89.4,"Jouxtens-Mézery (VD)","A Jouxtens-Mézery, la modifica della legge sul servizio civile è stata respinta con il 89,4 per cento. Sia Jouxtens-Mézery che il cantone Vaud hanno bocciato la modifica della legge sul servizio civile."
5586,43.7,43.7,56.3,"Losanna (VD)","A Losanna la modifica della legge sul servizio civile non ottiene la maggioranza: 56,3 per cento di no. Sia Losanna che il cantone Vaud hanno bocciato la modifica della legge sul servizio civile."
5587,22.7,22.7,77.3,"Le Mont-sur-Lausanne (VD)","A Le Mont-sur-Lausanne la modifica della legge sul servizio civile non ottiene la maggioranza: 77,3 per cento di no. Sia Le Mont-sur-Lausanne che il cantone Vaud hanno bocciato la modifica della legge sul servizio civile."
5588,59.3,59.3,40.7,"Paudex (VD)","A Paudex la modifica della legge sul servizio civile è stata approvata con il 59,3 per cento. Paudex dice sì a la modifica della legge sul servizio civile, il cantone Vaud dice no."
5589,71.9,71.9,28.1,"Prilly (VD)","Sì alla modifica della legge sul servizio civile a Prilly con il 71,9 per cento. Prilly dice sì a la modifica della legge sul servizio civile, il cantone Vaud dice no."
5590,50.6,50.6,49.4,"Pully (VD)","A Pully, la modifica della legge sul servizio civile è stata approvata con il 50,6 per cento. Pully dice sì a la modifica della legge sul servizio civile, il cantone Vaud dice no."
5591,19.5,19.5,80.5,"Renens (VD)","A Renens VD la modifica della legge sul servizio civile non ottiene la maggioranza: 80,5 per cento di no. Sia Renens VD che il cantone Vaud hanno bocciato la modifica della legge sul servizio civile."
5592,61.9,61.9,38.1,"Romanel-sur-Lausanne (VD)","Sì alla modifica della legge sul servizio civile a Romanel-sur-Lausanne con il 61,9 per cento. Romanel-sur-Lausanne dice sì a la modifica della legge sul servizio civile, il cantone Vaud dice no."
5601,86.5,86.5,13.5,"Chexbres (VD)","A Chexbres, la modifica della legge sul servizio civile è approvata con il 86,5 per cento. Chexbres dice sì a la modifica della legge sul servizio civile, il cantone Vaud dice no."
5604,55.4,55.4,44.6,"Forel (Lavaux) (VD)","A Forel (Lavaux) la modifica della legge sul servizio civile è stata approvata con il 55,4 per cento. Forel (Lavaux) dice sì a la modifica della legge sul servizio civile, il cantone Vaud dice no."
5606,73.9,73.9,26.1,"Lutry (VD)","Sì alla modifica della legge sul servizio civile a Lutry, con il 73,9 per cento di voti favorevoli. Lutry dice sì a la modifica della legge sul servizio civile, il cantone Vaud dice no."
5607,60.6,60.6,39.4,"Puidoux (VD)","A Puidoux, la modifica della legge sul servizio civile è stata approvata con il 60,6 per cento. Puidoux dice sì a la modifica della legge sul servizio civile, il cantone Vaud dice no."
5609,3.7,3.7,96.3,"Rivaz (VD)","Con il 96,3 per cento dei voti, Rivaz ha respinto la modifica della legge sul servizio civile. Sia Rivaz che il cantone Vaud hanno bocciato la modifica della legge sul servizio civile."
5610,43.7,43.7,56.3,"Saint-Saphorin (Lavaux) (VD)","La popolazione di Saint-Saphorin (Lavaux) respinge la modifica della legge sul servizio civile con il 56,3 per cento. Sia Saint-Saphorin (Lavaux) che il cantone Vaud hanno bocciato la modifica della legge sul servizio civile."
5611,16.8,16.8,83.2,"Savigny (VD)","Con il 83,2 per cento dei voti, Savigny ha respinto la modifica della legge sul servizio civile. Sia Savigny che il cantone Vaud hanno bocciato la modifica della legge sul servizio civile."
5613,56.6,56.6,43.4,"Bourg-en-Lavaux (VD)","Sì alla modifica della legge sul servizio civile a Bourg-en-Lavaux con il 56,6 per cento. Bourg-en-Lavaux dice sì a la modifica della legge sul servizio civile, il cantone Vaud dice no."
5621,7.6,7.6,92.4,"Aclens (VD)","La popolazione di Aclens respinge la modifica della legge sul servizio civile con il 92,4 per cento. Sia Aclens che il cantone Vaud hanno bocciato la modifica della legge sul servizio civile."
5622,77.1,77.1,22.9,"Bremblens (VD)","Sì alla modifica della legge sul servizio civile a Bremblens, con il 77,1 per cento di voti favorevoli. Bremblens dice sì a la modifica della legge sul servizio civile, il cantone Vaud dice no."
5623,64.2,64.2,35.8,"Buchillon (VD)","Sì alla modifica della legge sul servizio civile a Buchillon con il 64,2 per cento. Buchillon dice sì a la modifica della legge sul servizio civile, il cantone Vaud dice no."
5624,66,66,34,"Bussigny (VD)","Sì alla modifica della legge sul servizio civile a Bussigny: 66 per cento. Bussigny dice sì a la modifica della legge sul servizio civile, il cantone Vaud dice no."
5627,51.5,51.5,48.5,"Chavannes-près-Renens (VD)","Sì alla modifica della legge sul servizio civile a Chavannes-près-Renens, con il 51,5 per cento di voti favorevoli. Chavannes-près-Renens dice sì a la modifica della legge sul servizio civile, il cantone Vaud dice no."
5628,6.1,6.1,93.9,"Chigny (VD)","A Chigny, la modifica della legge sul servizio civile è stata respinta con il 93,9 per cento. Sia Chigny che il cantone Vaud hanno bocciato la modifica della legge sul servizio civile."
5629,40.6,40.6,59.4,"Clarmont (VD)","Con il 59,4 per cento dei voti, Clarmont ha respinto la modifica della legge sul servizio civile. Sia Clarmont che il cantone Vaud hanno bocciato la modifica della legge sul servizio civile."
5631,51.1,51.1,48.9,"Denens (VD)","A Denens, la modifica della legge sul servizio civile è approvata con il 51,1 per cento. Denens dice sì a la modifica della legge sul servizio civile, il cantone Vaud dice no."
5632,72.9,72.9,27.1,"Denges (VD)","A Denges la modifica della legge sul servizio civile è stata approvata con il 72,9 per cento. Denges dice sì a la modifica della legge sul servizio civile, il cantone Vaud dice no."
5633,17.3,17.3,82.7,"Echandens (VD)","Con il 82,7 per cento dei voti, Echandens ha respinto la modifica della legge sul servizio civile. Sia Echandens che il cantone Vaud hanno bocciato la modifica della legge sul servizio civile."
5634,29.4,29.4,70.6,"Echichens (VD)","Con il 70,6 per cento dei voti, la modifica della legge sul servizio civile viene respinta a Echichens. Sia Echichens che il cantone Vaud hanno bocciato la modifica della legge sul servizio civile."
5635,93.5,93.5,6.5,"Ecublens (VD)","Sì alla modifica della legge sul servizio civile a Ecublens VD con il 93,5 per cento. Ecublens VD dice sì a la modifica della legge sul servizio civile, il cantone Vaud dice no."
5636,47.3,47.3,52.7,"Etoy (VD)","La popolazione di Etoy respinge la modifica della legge sul servizio civile con il 52,7 per cento. Sia Etoy che il cantone Vaud hanno bocciato la modifica della legge sul servizio civile."
5637,50.5,50.5,49.5,"Lavigny (VD)","Sì alla modifica della legge sul servizio civile a Lavigny con il 50,5 per cento. Lavigny dice sì a la modifica della legge sul servizio civile, il cantone Vaud dice no."
5638,53.6,53.6,46.4,"Lonay (VD)","Sì alla modifica della legge sul servizio civile a Lonay con il 53,6 per cento. Lonay dice sì a la modifica della legge sul servizio civile, il cantone Vaud dice no."
5639,71.8,71.8,28.2,"Lully (VD)","La popolazione di Lully VD approva la modifica della legge sul servizio civile con il 71,8 per cento. Lully VD dice sì a la modifica della legge sul servizio civile, il cantone Vaud dice no."
5640,47.8,47.8,52.2,"Lussy-sur-Morges (VD)","La popolazione di Lussy-sur-Morges respinge la modifica della legge sul servizio civile con il 52,2 per cento. Sia Lussy-sur-Morges che il cantone Vaud hanno bocciato la modifica della legge sul servizio civile."
5642,47.6,47.6,52.4,"Morges (VD)","A Morges la modifica della legge sul servizio civile non ottiene la maggioranza: 52,4 per cento di no. Sia Morges che il cantone Vaud hanno bocciato la modifica della legge sul servizio civile."
5643,84.9,84.9,15.1,"Préverenges (VD)","Sì alla modifica della legge sul servizio civile a Préverenges: 84,9 per cento. Préverenges dice sì a la modifica della legge sul servizio civile, il cantone Vaud dice no."
5645,16.4,16.4,83.6,"Romanel-sur-Morges (VD)","A Romanel-sur-Morges la modifica della legge sul servizio civile è stata respinta con il 83,6 per cento. Sia Romanel-sur-Morges che il cantone Vaud hanno bocciato la modifica della legge sul servizio civile."
5646,89.3,89.3,10.7,"Saint-Prex (VD)","La popolazione di Saint-Prex approva la modifica della legge sul servizio civile con il 89,3 per cento. Saint-Prex dice sì a la modifica della legge sul servizio civile, il cantone Vaud dice no."
5648,38,38,62,"Saint-Sulpice (VD)","Con il 62 per cento dei voti, Saint-Sulpice VD ha respinto la modifica della legge sul servizio civile. Sia Saint-Sulpice VD che il cantone Vaud hanno bocciato la modifica della legge sul servizio civile."
5649,60.5,60.5,39.5,"Tolochenaz (VD)","Sì alla modifica della legge sul servizio civile a Tolochenaz con il 60,5 per cento. Tolochenaz dice sì a la modifica della legge sul servizio civile, il cantone Vaud dice no."
5650,80.6,80.6,19.4,"Vaux-sur-Morges (VD)","Sì alla modifica della legge sul servizio civile a Vaux-sur-Morges, con il 80,6 per cento di voti favorevoli. Vaux-sur-Morges dice sì a la modifica della legge sul servizio civile, il cantone Vaud dice no."
5651,16.7,16.7,83.3,"Villars-Sainte-Croix (VD)","A Villars-Sainte-Croix la modifica della legge sul servizio civile non ottiene la maggioranza: 83,3 per cento di no. Sia Villars-Sainte-Croix che il cantone Vaud hanno bocciato la modifica della legge sul servizio civile."
5652,59.1,59.1,40.9,"Villars-sous-Yens (VD)","Sì alla modifica della legge sul servizio civile a Villars-sous-Yens, con il 59,1 per cento di voti favorevoli. Villars-sous-Yens dice sì a la modifica della legge sul servizio civile, il cantone Vaud dice no."
5653,64.6,64.6,35.4,"Vufflens-le-Château (VD)","La popolazione di Vufflens-le-Château approva la modifica della legge sul servizio civile con il 64,6 per cento. Vufflens-le-Château dice sì a la modifica della legge sul servizio civile, il cantone Vaud dice no."
5654,48.5,48.5,51.5,"Vullierens (VD)","La popolazione di Vullierens respinge la modifica della legge sul servizio civile con il 51,5 per cento. Sia Vullierens che il cantone Vaud hanno bocciato la modifica della legge sul servizio civile."
5655,81,81,19,"Yens (VD)","Sì alla modifica della legge sul servizio civile a Yens con il 81 per cento. Yens dice sì a la modifica della legge sul servizio civile, il cantone Vaud dice no."
5656,38.4,38.4,61.6,"Hautemorges (VD)","La popolazione di Hautemorges respinge la modifica della legge sul servizio civile con il 61,6 per cento. Sia Hautemorges che il cantone Vaud hanno bocciato la modifica della legge sul servizio civile."
5661,14.3,14.3,85.7,"Boulens (VD)","Con il 85,7 per cento dei voti, Boulens ha respinto la modifica della legge sul servizio civile. Sia Boulens che il cantone Vaud hanno bocciato la modifica della legge sul servizio civile."
5663,57.4,57.4,42.6,"Bussy-sur-Moudon (VD)","Sì alla modifica della legge sul servizio civile a Bussy-sur-Moudon, con il 57,4 per cento di voti favorevoli. Bussy-sur-Moudon dice sì a la modifica della legge sul servizio civile, il cantone Vaud dice no."
5665,48,48,52,"Chavannes-sur-Moudon (VD)","Con il 52 per cento dei voti, Chavannes-sur-Moudon ha respinto la modifica della legge sul servizio civile. Sia Chavannes-sur-Moudon che il cantone Vaud hanno bocciato la modifica della legge sul servizio civile."
5669,38.2,38.2,61.8,"Curtilles (VD)","Con il 61,8 per cento dei voti, Curtilles ha respinto la modifica della legge sul servizio civile. Sia Curtilles che il cantone Vaud hanno bocciato la modifica della legge sul servizio civile."
5671,36.9,36.9,63.1,"Dompierre (VD)","La popolazione di Dompierre VD respinge la modifica della legge sul servizio civile con il 63,1 per cento. Sia Dompierre VD che il cantone Vaud hanno bocciato la modifica della legge sul servizio civile."
5673,74.1,74.1,25.9,"Hermenches (VD)","Sì alla modifica della legge sul servizio civile a Hermenches con il 74,1 per cento. Hermenches dice sì a la modifica della legge sul servizio civile, il cantone Vaud dice no."
5674,51.3,51.3,48.7,"Lovatens (VD)","Sì alla modifica della legge sul servizio civile a Lovatens: 51,3 per cento. Lovatens dice sì a la modifica della legge sul servizio civile, il cantone Vaud dice no."
5675,51.8,51.8,48.2,"Lucens (VD)","A Lucens, la modifica della legge sul servizio civile è approvata con il 51,8 per cento. Lucens dice sì a la modifica della legge sul servizio civile, il cantone Vaud dice no."
5678,60.3,60.3,39.7,"Moudon (VD)","A Moudon, la modifica della legge sul servizio civile è stata approvata con il 60,3 per cento. Moudon dice sì a la modifica della legge sul servizio civile, il cantone Vaud dice no."
5680,17.4,17.4,82.6,"Ogens (VD)","A Ogens, la modifica della legge sul servizio civile è stata respinta con il 82,6 per cento. Sia Ogens che il cantone Vaud hanno bocciato la modifica della legge sul servizio civile."
5683,31,31,69,"Prévonloup (VD)","La popolazione di Prévonloup respinge la modifica della legge sul servizio civile con il 69 per cento. Sia Prévonloup che il cantone Vaud hanno bocciato la modifica della legge sul servizio civile."
5684,51.4,51.4,48.6,"Rossenges (VD)","A Rossenges, la modifica della legge sul servizio civile è approvata con il 51,4 per cento. Rossenges dice sì a la modifica della legge sul servizio civile, il cantone Vaud dice no."
5688,60.1,60.1,39.9,"Syens (VD)","La popolazione di Syens approva la modifica della legge sul servizio civile con il 60,1 per cento. Syens dice sì a la modifica della legge sul servizio civile, il cantone Vaud dice no."
5690,6.9,6.9,93.1,"Villars-le-Comte (VD)","A Villars-le-Comte la modifica della legge sul servizio civile è stata respinta con il 93,1 per cento. Sia Villars-le-Comte che il cantone Vaud hanno bocciato la modifica della legge sul servizio civile."
5692,41.8,41.8,58.2,"Vucherens (VD)","A Vucherens la modifica della legge sul servizio civile non ottiene la maggioranza: 58,2 per cento di no. Sia Vucherens che il cantone Vaud hanno bocciato la modifica della legge sul servizio civile."
5693,77.6,77.6,22.4,"Montanaire (VD)","A Montanaire, la modifica della legge sul servizio civile è approvata con il 77,6 per cento. Montanaire dice sì a la modifica della legge sul servizio civile, il cantone Vaud dice no."
5701,57.6,57.6,42.4,"Arnex-sur-Nyon (VD)","A Arnex-sur-Nyon, la modifica della legge sul servizio civile è approvata con il 57,6 per cento. Arnex-sur-Nyon dice sì a la modifica della legge sul servizio civile, il cantone Vaud dice no."
5702,42.5,42.5,57.5,"Arzier-Le Muids (VD)","A Arzier-Le Muids, la modifica della legge sul servizio civile è stata respinta con il 57,5 per cento. Sia Arzier-Le Muids che il cantone Vaud hanno bocciato la modifica della legge sul servizio civile."
5703,83,83,17,"Bassins (VD)","Sì alla modifica della legge sul servizio civile a Bassins con il 83 per cento. Bassins dice sì a la modifica della legge sul servizio civile, il cantone Vaud dice no."
5704,37.3,37.3,62.7,"Begnins (VD)","La popolazione di Begnins respinge la modifica della legge sul servizio civile con il 62,7 per cento. Sia Begnins che il cantone Vaud hanno bocciato la modifica della legge sul servizio civile."
5705,3.7,3.7,96.3,"Bogis-Bossey (VD)","A Bogis-Bossey la modifica della legge sul servizio civile è stata respinta con il 96,3 per cento. Sia Bogis-Bossey che il cantone Vaud hanno bocciato la modifica della legge sul servizio civile."
5706,41.3,41.3,58.7,"Borex (VD)","A Borex la modifica della legge sul servizio civile non ottiene la maggioranza: 58,7 per cento di no. Sia Borex che il cantone Vaud hanno bocciato la modifica della legge sul servizio civile."
5707,49.3,49.3,50.7,"Chavannes-de-Bogis (VD)","La popolazione di Chavannes-de-Bogis respinge la modifica della legge sul servizio civile con il 50,7 per cento. Sia Chavannes-de-Bogis che il cantone Vaud hanno bocciato la modifica della legge sul servizio civile."
5708,58.2,58.2,41.8,"Chavannes-des-Bois (VD)","Sì alla modifica della legge sul servizio civile a Chavannes-des-Bois: 58,2 per cento. Chavannes-des-Bois dice sì a la modifica della legge sul servizio civile, il cantone Vaud dice no."
5709,8.4,8.4,91.6,"Chéserex (VD)","Con il 91,6 per cento dei voti, la modifica della legge sul servizio civile viene respinta a Chéserex. Sia Chéserex che il cantone Vaud hanno bocciato la modifica della legge sul servizio civile."
5710,46.6,46.6,53.4,"Coinsins (VD)","A Coinsins, la modifica della legge sul servizio civile è stata respinta con il 53,4 per cento. Sia Coinsins che il cantone Vaud hanno bocciato la modifica della legge sul servizio civile."
5711,34.4,34.4,65.6,"Commugny (VD)","A Commugny la modifica della legge sul servizio civile è stata respinta con il 65,6 per cento. Sia Commugny che il cantone Vaud hanno bocciato la modifica della legge sul servizio civile."
5712,52,52,48,"Coppet (VD)","A Coppet, la modifica della legge sul servizio civile è approvata con il 52 per cento. Coppet dice sì a la modifica della legge sul servizio civile, il cantone Vaud dice no."
5713,38.7,38.7,61.3,"Crans-près-Céligny (VD)","A Crans-près-Céligny la modifica della legge sul servizio civile è stata respinta con il 61,3 per cento. Sia Crans-près-Céligny che il cantone Vaud hanno bocciato la modifica della legge sul servizio civile."
5714,5.8,5.8,94.2,"Crassier (VD)","Con il 94,2 per cento dei voti, la modifica della legge sul servizio civile viene respinta a Crassier. Sia Crassier che il cantone Vaud hanno bocciato la modifica della legge sul servizio civile."
5715,23.6,23.6,76.4,"Duillier (VD)","A Duillier la modifica della legge sul servizio civile è stata respinta con il 76,4 per cento. Sia Duillier che il cantone Vaud hanno bocciato la modifica della legge sul servizio civile."
5716,32.1,32.1,67.9,"Eysins (VD)","A Eysins la modifica della legge sul servizio civile è stata respinta con il 67,9 per cento. Sia Eysins che il cantone Vaud hanno bocciato la modifica della legge sul servizio civile."
5717,76.7,76.7,23.3,"Founex (VD)","A Founex, la modifica della legge sul servizio civile è stata approvata con il 76,7 per cento. Founex dice sì a la modifica della legge sul servizio civile, il cantone Vaud dice no."
5718,9.2,9.2,90.8,"Genolier (VD)","Con il 90,8 per cento dei voti, Genolier ha respinto la modifica della legge sul servizio civile. Sia Genolier che il cantone Vaud hanno bocciato la modifica della legge sul servizio civile."
5719,16.9,16.9,83.1,"Gingins (VD)","Con il 83,1 per cento dei voti, la modifica della legge sul servizio civile viene respinta a Gingins. Sia Gingins che il cantone Vaud hanno bocciato la modifica della legge sul servizio civile."
5720,1.7,1.7,98.3,"Givrins (VD)","La popolazione di Givrins respinge la modifica della legge sul servizio civile con il 98,3 per cento. Il tasso più alto di no alla modifica della legge sul servizio civile nel cantone Vaud è a Givrins."
5721,21.7,21.7,78.3,"Gland (VD)","La popolazione di Gland respinge la modifica della legge sul servizio civile con il 78,3 per cento. Sia Gland che il cantone Vaud hanno bocciato la modifica della legge sul servizio civile."
5722,45.6,45.6,54.4,"Grens (VD)","A Grens la modifica della legge sul servizio civile non ottiene la maggioranza: 54,4 per cento di no. Sia Grens che il cantone Vaud hanno bocciato la modifica della legge sul servizio civile."
5723,72.4,72.4,27.6,"Mies (VD)","Sì alla modifica della legge sul servizio civile a Mies con il 72,4 per cento. Mies dice sì a la modifica della legge sul servizio civile, il cantone Vaud dice no."
5724,52.8,52.8,47.2,"Nyon (VD)","A Nyon la modifica della legge sul servizio civile è stata approvata con il 52,8 per cento. Nyon dice sì a la modifica della legge sul servizio civile, il cantone Vaud dice no."
5725,98.8,98.8,1.2,"Prangins (VD)","La popolazione di Prangins approva la modifica della legge sul servizio civile con il 98,8 per cento. Prangins dice sì a la modifica della legge sul servizio civile, il cantone Vaud dice no."
5726,75.5,75.5,24.5,"La Rippe (VD)","A La Rippe, la modifica della legge sul servizio civile è approvata con il 75,5 per cento. La Rippe dice sì a la modifica della legge sul servizio civile, il cantone Vaud dice no."
5727,48.7,48.7,51.3,"Saint-Cergue (VD)","A Saint-Cergue, la modifica della legge sul servizio civile è stata respinta con il 51,3 per cento. Sia Saint-Cergue che il cantone Vaud hanno bocciato la modifica della legge sul servizio civile."
5728,45.2,45.2,54.8,"Signy-Avenex (VD)","Con il 54,8 per cento dei voti, la modifica della legge sul servizio civile viene respinta a Signy-Avenex. Sia Signy-Avenex che il cantone Vaud hanno bocciato la modifica della legge sul servizio civile."
5729,60.7,60.7,39.3,"Tannay (VD)","A Tannay la modifica della legge sul servizio civile è stata approvata con il 60,7 per cento. Tannay dice sì a la modifica della legge sul servizio civile, il cantone Vaud dice no."
5730,74.2,74.2,25.8,"Trélex (VD)","La popolazione di Trélex approva la modifica della legge sul servizio civile con il 74,2 per cento. Trélex dice sì a la modifica della legge sul servizio civile, il cantone Vaud dice no."
5731,67.7,67.7,32.3,"Le Vaud (VD)","Sì alla modifica della legge sul servizio civile a Le Vaud, con il 67,7 per cento di voti favorevoli. Le Vaud dice sì a la modifica della legge sul servizio civile, il cantone Vaud dice no."
5732,25,25,75,"Vich (VD)","A Vich, la modifica della legge sul servizio civile è stata respinta con il 75 per cento. Sia Vich che il cantone Vaud hanno bocciato la modifica della legge sul servizio civile."
5741,39.4,39.4,60.6,"L'Abergement (VD)","A L'Abergement la modifica della legge sul servizio civile è stata respinta con il 60,6 per cento. Sia L'Abergement che il cantone Vaud hanno bocciato la modifica della legge sul servizio civile."
5742,90.8,90.8,9.2,"Agiez (VD)","A Agiez, la modifica della legge sul servizio civile è stata approvata con il 90,8 per cento. Agiez dice sì a la modifica della legge sul servizio civile, il cantone Vaud dice no."
5743,30.9,30.9,69.1,"Arnex-sur-Orbe (VD)","A Arnex-sur-Orbe la modifica della legge sul servizio civile non ottiene la maggioranza: 69,1 per cento di no. Sia Arnex-sur-Orbe che il cantone Vaud hanno bocciato la modifica della legge sul servizio civile."
5744,85.2,85.2,14.8,"Ballaigues (VD)","Sì alla modifica della legge sul servizio civile a Ballaigues, con il 85,2 per cento di voti favorevoli. Ballaigues dice sì a la modifica della legge sul servizio civile, il cantone Vaud dice no."
5745,28.2,28.2,71.8,"Baulmes (VD)","Con il 71,8 per cento dei voti, Baulmes ha respinto la modifica della legge sul servizio civile. Sia Baulmes che il cantone Vaud hanno bocciato la modifica della legge sul servizio civile."
5746,81.4,81.4,18.6,"Bavois (VD)","Sì alla modifica della legge sul servizio civile a Bavois, con il 81,4 per cento di voti favorevoli. Bavois dice sì a la modifica della legge sul servizio civile, il cantone Vaud dice no."
5747,30.4,30.4,69.6,"Bofflens (VD)","A Bofflens la modifica della legge sul servizio civile è stata respinta con il 69,6 per cento. Sia Bofflens che il cantone Vaud hanno bocciato la modifica della legge sul servizio civile."
5748,12.4,12.4,87.6,"Bretonnières (VD)","La popolazione di Bretonnières respinge la modifica della legge sul servizio civile con il 87,6 per cento. Sia Bretonnières che il cantone Vaud hanno bocciato la modifica della legge sul servizio civile."
5749,56.3,56.3,43.7,"Chavornay (VD)","La popolazione di Chavornay approva la modifica della legge sul servizio civile con il 56,3 per cento. Chavornay dice sì a la modifica della legge sul servizio civile, il cantone Vaud dice no."
5750,85.7,85.7,14.3,"Les Clées (VD)","A Les Clées, la modifica della legge sul servizio civile è approvata con il 85,7 per cento. Les Clées dice sì a la modifica della legge sul servizio civile, il cantone Vaud dice no."
5752,83.7,83.7,16.3,"Croy (VD)","Sì alla modifica della legge sul servizio civile a Croy con il 83,7 per cento. Croy dice sì a la modifica della legge sul servizio civile, il cantone Vaud dice no."
5754,37.1,37.1,62.9,"Juriens (VD)","A Juriens la modifica della legge sul servizio civile non ottiene la maggioranza: 62,9 per cento di no. Sia Juriens che il cantone Vaud hanno bocciato la modifica della legge sul servizio civile."
5755,67.6,67.6,32.4,"Lignerolle (VD)","A Lignerolle, la modifica della legge sul servizio civile è stata approvata con il 67,6 per cento. Lignerolle dice sì a la modifica della legge sul servizio civile, il cantone Vaud dice no."
5756,49.7,49.7,50.3,"Montcherand (VD)","Con il 50,3 per cento dei voti, la modifica della legge sul servizio civile viene respinta a Montcherand. Sia Montcherand che il cantone Vaud hanno bocciato la modifica della legge sul servizio civile."
5757,85.7,85.7,14.3,"Orbe (VD)","A Orbe la modifica della legge sul servizio civile è stata approvata con il 85,7 per cento. Orbe dice sì a la modifica della legge sul servizio civile, il cantone Vaud dice no."
5758,45.1,45.1,54.9,"La Praz (VD)","La popolazione di La Praz respinge la modifica della legge sul servizio civile con il 54,9 per cento. Sia La Praz che il cantone Vaud hanno bocciato la modifica della legge sul servizio civile."
5759,61.4,61.4,38.6,"Premier (VD)","Sì alla modifica della legge sul servizio civile a Premier, con il 61,4 per cento di voti favorevoli. Premier dice sì a la modifica della legge sul servizio civile, il cantone Vaud dice no."
5760,67.3,67.3,32.7,"Rances (VD)","Sì alla modifica della legge sul servizio civile a Rances, con il 67,3 per cento di voti favorevoli. Rances dice sì a la modifica della legge sul servizio civile, il cantone Vaud dice no."
5761,33.3,33.3,66.7,"Romainmôtier-Envy (VD)","Con il 66,7 per cento dei voti, la modifica della legge sul servizio civile viene respinta a Romainmôtier-Envy. Sia Romainmôtier-Envy che il cantone Vaud hanno bocciato la modifica della legge sul servizio civile."
5762,90.4,90.4,9.6,"Sergey (VD)","La popolazione di Sergey approva la modifica della legge sul servizio civile con il 90,4 per cento. Sergey dice sì a la modifica della legge sul servizio civile, il cantone Vaud dice no."
5763,54.9,54.9,45.1,"Valeyres-sous-Rances (VD)","La popolazione di Valeyres-sous-Rances approva la modifica della legge sul servizio civile con il 54,9 per cento. Valeyres-sous-Rances dice sì a la modifica della legge sul servizio civile, il cantone Vaud dice no."
5764,59.2,59.2,40.8,"Vallorbe (VD)","Sì alla modifica della legge sul servizio civile a Vallorbe: 59,2 per cento. Vallorbe dice sì a la modifica della legge sul servizio civile, il cantone Vaud dice no."
5765,69.5,69.5,30.5,"Vaulion (VD)","Sì alla modifica della legge sul servizio civile a Vaulion: 69,5 per cento. Vaulion dice sì a la modifica della legge sul servizio civile, il cantone Vaud dice no."
5766,2.9,2.9,97.1,"Vuiteboeuf (VD)","Con il 97,1 per cento dei voti, Vuiteboeuf ha respinto la modifica della legge sul servizio civile. Sia Vuiteboeuf che il cantone Vaud hanno bocciato la modifica della legge sul servizio civile."
5785,52.5,52.5,47.5,"Corcelles-le-Jorat (VD)","Sì alla modifica della legge sul servizio civile a Corcelles-le-Jorat, con il 52,5 per cento di voti favorevoli. Corcelles-le-Jorat dice sì a la modifica della legge sul servizio civile, il cantone Vaud dice no."
5790,67.4,67.4,32.6,"Maracon (VD)","A Maracon la modifica della legge sul servizio civile è stata approvata con il 67,4 per cento. Maracon dice sì a la modifica della legge sul servizio civile, il cantone Vaud dice no."
5792,29.8,29.8,70.2,"Montpreveyres (VD)","A Montpreveyres, la modifica della legge sul servizio civile è stata respinta con il 70,2 per cento. Sia Montpreveyres che il cantone Vaud hanno bocciato la modifica della legge sul servizio civile."
5798,77.7,77.7,22.3,"Ropraz (VD)","A Ropraz, la modifica della legge sul servizio civile è approvata con il 77,7 per cento. Ropraz dice sì a la modifica della legge sul servizio civile, il cantone Vaud dice no."
5799,60.5,60.5,39.5,"Servion (VD)","Sì alla modifica della legge sul servizio civile a Servion, con il 60,5 per cento di voti favorevoli. Servion dice sì a la modifica della legge sul servizio civile, il cantone Vaud dice no."
5803,3.4,3.4,96.6,"Vulliens (VD)","La popolazione di Vulliens respinge la modifica della legge sul servizio civile con il 96,6 per cento. Sia Vulliens che il cantone Vaud hanno bocciato la modifica della legge sul servizio civile."
5804,49.9,49.9,50.1,"Jorat-Menthue (VD)","Con il 50,1 per cento dei voti, Jorat-Menthue ha respinto la modifica della legge sul servizio civile. Sia Jorat-Menthue che il cantone Vaud hanno bocciato la modifica della legge sul servizio civile."
5805,53.5,53.5,46.5,"Oron (VD)","Sì alla modifica della legge sul servizio civile a Oron, con il 53,5 per cento di voti favorevoli. Oron dice sì a la modifica della legge sul servizio civile, il cantone Vaud dice no."
5806,66.3,66.3,33.7,"Jorat-Mézières (VD)","La popolazione di Jorat-Mézières approva la modifica della legge sul servizio civile con il 66,3 per cento. Jorat-Mézières dice sì a la modifica della legge sul servizio civile, il cantone Vaud dice no."
5812,37.8,37.8,62.2,"Champtauroz (VD)","La popolazione di Champtauroz respinge la modifica della legge sul servizio civile con il 62,2 per cento. Sia Champtauroz che il cantone Vaud hanno bocciato la modifica della legge sul servizio civile."
5813,63.4,63.4,36.6,"Chevroux (VD)","La popolazione di Chevroux approva la modifica della legge sul servizio civile con il 63,4 per cento. Chevroux dice sì a la modifica della legge sul servizio civile, il cantone Vaud dice no."
5816,92.4,92.4,7.6,"Corcelles-près-Payerne (VD)","La popolazione di Corcelles-près-Payerne approva la modifica della legge sul servizio civile con il 92,4 per cento. Corcelles-près-Payerne dice sì a la modifica della legge sul servizio civile, il cantone Vaud dice no."
5817,66.6,66.6,33.4,"Grandcour (VD)","Sì alla modifica della legge sul servizio civile a Grandcour: 66,6 per cento. Grandcour dice sì a la modifica della legge sul servizio civile, il cantone Vaud dice no."
5819,57.1,57.1,42.9,"Henniez (VD)","A Henniez, la modifica della legge sul servizio civile è stata approvata con il 57,1 per cento. Henniez dice sì a la modifica della legge sul servizio civile, il cantone Vaud dice no."
5821,34.6,34.6,65.4,"Missy (VD)","Con il 65,4 per cento dei voti, Missy ha respinto la modifica della legge sul servizio civile. Sia Missy che il cantone Vaud hanno bocciato la modifica della legge sul servizio civile."
5822,95.3,95.3,4.7,"Payerne (VD)","A Payerne, la modifica della legge sul servizio civile è approvata con il 95,3 per cento. Payerne dice sì a la modifica della legge sul servizio civile, il cantone Vaud dice no."
5827,46.8,46.8,53.2,"Trey (VD)","A Trey la modifica della legge sul servizio civile non ottiene la maggioranza: 53,2 per cento di no. Sia Trey che il cantone Vaud hanno bocciato la modifica della legge sul servizio civile."
5828,51,51,49,"Treytorrens (Payerne) (VD)","A Treytorrens (Payerne), la modifica della legge sul servizio civile è approvata con il 51 per cento. Treytorrens (Payerne) dice sì a la modifica della legge sul servizio civile, il cantone Vaud dice no."
5830,27.5,27.5,72.5,"Villarzel (VD)","A Villarzel, la modifica della legge sul servizio civile è stata respinta con il 72,5 per cento. Sia Villarzel che il cantone Vaud hanno bocciato la modifica della legge sul servizio civile."
5831,81.4,81.4,18.6,"Valbroye (VD)","Sì alla modifica della legge sul servizio civile a Valbroye, con il 81,4 per cento di voti favorevoli. Valbroye dice sì a la modifica della legge sul servizio civile, il cantone Vaud dice no."
5841,54.3,54.3,45.7,"Château-d'Oex (VD)","A Château-d'Oex, la modifica della legge sul servizio civile è approvata con il 54,3 per cento. Château-d'Oex dice sì a la modifica della legge sul servizio civile, il cantone Vaud dice no."
5842,5.7,5.7,94.3,"Rossinière (VD)","La popolazione di Rossinière respinge la modifica della legge sul servizio civile con il 94,3 per cento. Sia Rossinière che il cantone Vaud hanno bocciato la modifica della legge sul servizio civile."
5843,95.6,95.6,4.4,"Rougemont (VD)","Sì alla modifica della legge sul servizio civile a Rougemont con il 95,6 per cento. Rougemont dice sì a la modifica della legge sul servizio civile, il cantone Vaud dice no."
5851,74.8,74.8,25.2,"Allaman (VD)","La popolazione di Allaman approva la modifica della legge sul servizio civile con il 74,8 per cento. Allaman dice sì a la modifica della legge sul servizio civile, il cantone Vaud dice no."
5852,13.7,13.7,86.3,"Bursinel (VD)","La popolazione di Bursinel respinge la modifica della legge sul servizio civile con il 86,3 per cento. Sia Bursinel che il cantone Vaud hanno bocciato la modifica della legge sul servizio civile."
5853,42.5,42.5,57.5,"Bursins (VD)","A Bursins la modifica della legge sul servizio civile è stata respinta con il 57,5 per cento. Sia Bursins che il cantone Vaud hanno bocciato la modifica della legge sul servizio civile."
5854,29.9,29.9,70.1,"Burtigny (VD)","Con il 70,1 per cento dei voti, Burtigny ha respinto la modifica della legge sul servizio civile. Sia Burtigny che il cantone Vaud hanno bocciato la modifica della legge sul servizio civile."
5855,37.7,37.7,62.3,"Dully (VD)","A Dully la modifica della legge sul servizio civile non ottiene la maggioranza: 62,3 per cento di no. Sia Dully che il cantone Vaud hanno bocciato la modifica della legge sul servizio civile."
5856,48,48,52,"Essertines-sur-Rolle (VD)","Con il 52 per cento dei voti, la modifica della legge sul servizio civile viene respinta a Essertines-sur-Rolle. Sia Essertines-sur-Rolle che il cantone Vaud hanno bocciato la modifica della legge sul servizio civile."
5857,51.1,51.1,48.9,"Gilly (VD)","Sì alla modifica della legge sul servizio civile a Gilly, con il 51,1 per cento di voti favorevoli. Gilly dice sì a la modifica della legge sul servizio civile, il cantone Vaud dice no."
5858,34.9,34.9,65.1,"Luins (VD)","A Luins la modifica della legge sul servizio civile non ottiene la maggioranza: 65,1 per cento di no. Sia Luins che il cantone Vaud hanno bocciato la modifica della legge sul servizio civile."
5859,54.2,54.2,45.8,"Mont-sur-Rolle (VD)","A Mont-sur-Rolle, la modifica della legge sul servizio civile è approvata con il 54,2 per cento. Mont-sur-Rolle dice sì a la modifica della legge sul servizio civile, il cantone Vaud dice no."
5860,8.6,8.6,91.4,"Perroy (VD)","A Perroy la modifica della legge sul servizio civile è stata respinta con il 91,4 per cento. Sia Perroy che il cantone Vaud hanno bocciato la modifica della legge sul servizio civile."
5861,50,50,50,"Rolle (VD)","A Rolle la modifica della legge sul servizio civile è stata approvata con il 50 per cento. Rolle dice sì a la modifica della legge sul servizio civile, il cantone Vaud dice no."
5862,59.3,59.3,40.7,"Tartegnin (VD)","Sì alla modifica della legge sul servizio civile a Tartegnin: 59,3 per cento. Tartegnin dice sì a la modifica della legge sul servizio civile, il cantone Vaud dice no."
5863,57.1,57.1,42.9,"Vinzel (VD)","A Vinzel, la modifica della legge sul servizio civile è approvata con il 57,1 per cento. Vinzel dice sì a la modifica della legge sul servizio civile, il cantone Vaud dice no."
5871,19.5,19.5,80.5,"L'Abbaye (VD)","A L'Abbaye, la modifica della legge sul servizio civile è stata respinta con il 80,5 per cento. Sia L'Abbaye che il cantone Vaud hanno bocciato la modifica della legge sul servizio civile."
5872,43.7,43.7,56.3,"Le Chenit (VD)","Con il 56,3 per cento dei voti, la modifica della legge sul servizio civile viene respinta a Le Chenit. Sia Le Chenit che il cantone Vaud hanno bocciato la modifica della legge sul servizio civile."
5873,77.7,77.7,22.3,"Le Lieu (VD)","Sì alla modifica della legge sul servizio civile a Le Lieu: 77,7 per cento. Le Lieu dice sì a la modifica della legge sul servizio civile, il cantone Vaud dice no."
5882,72.5,72.5,27.5,"Chardonne (VD)","A Chardonne, la modifica della legge sul servizio civile è approvata con il 72,5 per cento. Chardonne dice sì a la modifica della legge sul servizio civile, il cantone Vaud dice no."
5883,6.9,6.9,93.1,"Corseaux (VD)","La popolazione di Corseaux respinge la modifica della legge sul servizio civile con il 93,1 per cento. Sia Corseaux che il cantone Vaud hanno bocciato la modifica della legge sul servizio civile."
5884,33.1,33.1,66.9,"Corsier-sur-Vevey (VD)","La popolazione di Corsier-sur-Vevey respinge la modifica della legge sul servizio civile con il 66,9 per cento. Sia Corsier-sur-Vevey che il cantone Vaud hanno bocciato la modifica della legge sul servizio civile."
5885,79.2,79.2,20.8,"Jongny (VD)","Sì alla modifica della legge sul servizio civile a Jongny con il 79,2 per cento. Jongny dice sì a la modifica della legge sul servizio civile, il cantone Vaud dice no."
5886,62.8,62.8,37.2,"Montreux (VD)","Sì alla modifica della legge sul servizio civile a Montreux: 62,8 per cento. Montreux dice sì a la modifica della legge sul servizio civile, il cantone Vaud dice no."
5889,20.7,20.7,79.3,"La Tour-de-Peilz (VD)","A La Tour-de-Peilz, la modifica della legge sul servizio civile è stata respinta con il 79,3 per cento. Sia La Tour-de-Peilz che il cantone Vaud hanno bocciato la modifica della legge sul servizio civile."
5890,11.9,11.9,88.1,"Vevey (VD)","La popolazione di Vevey respinge la modifica della legge sul servizio civile con il 88,1 per cento. Sia Vevey che il cantone Vaud hanno bocciato la modifica della legge sul servizio civile."
5891,40.7,40.7,59.3,"Veytaux (VD)","La popolazione di Veytaux respinge la modifica della legge sul servizio civile con il 59,3 per cento. Sia Veytaux che il cantone Vaud hanno bocciato la modifica della legge sul servizio civile."
5892,64.6,64.6,35.4,"Blonay-Saint-Légier (((VD)))","Sì alla modifica della legge sul servizio civile a Blonay-Saint-Légier, con il 64,6 per cento di voti favorevoli. Blonay-Saint-Légier dice sì a la modifica della legge sul servizio civile, il cantone Vaud dice no."
5902,92.8,92.8,7.2,"Belmont-sur-Yverdon (VD)","Sì alla modifica della legge sul servizio civile a Belmont-sur-Yverdon, con il 92,8 per cento di voti favorevoli. Belmont-sur-Yverdon dice sì a la modifica della legge sul servizio civile, il cantone Vaud dice no."
5903,55.9,55.9,44.1,"Bioley-Magnoux (VD)","Sì alla modifica della legge sul servizio civile a Bioley-Magnoux con il 55,9 per cento. Bioley-Magnoux dice sì a la modifica della legge sul servizio civile, il cantone Vaud dice no."
5904,74,74,26,"Chamblon (VD)","A Chamblon, la modifica della legge sul servizio civile è stata approvata con il 74 per cento. Chamblon dice sì a la modifica della legge sul servizio civile, il cantone Vaud dice no."
5905,30,30,70,"Champvent (VD)","Con il 70 per cento dei voti, Champvent ha respinto la modifica della legge sul servizio civile. Sia Champvent che il cantone Vaud hanno bocciato la modifica della legge sul servizio civile."
5907,61.4,61.4,38.6,"Chavannes-le-Chêne (VD)","A Chavannes-le-Chêne, la modifica della legge sul servizio civile è approvata con il 61,4 per cento. Chavannes-le-Chêne dice sì a la modifica della legge sul servizio civile, il cantone Vaud dice no."
5908,27,27,73,"Chêne-Pâquier (VD)","Con il 73 per cento dei voti, Chêne-Pâquier ha respinto la modifica della legge sul servizio civile. Sia Chêne-Pâquier che il cantone Vaud hanno bocciato la modifica della legge sul servizio civile."
5909,9.5,9.5,90.5,"Cheseaux-Noréaz (VD)","La popolazione di Cheseaux-Noréaz respinge la modifica della legge sul servizio civile con il 90,5 per cento. Sia Cheseaux-Noréaz che il cantone Vaud hanno bocciato la modifica della legge sul servizio civile."
5910,11,11,89,"Cronay (VD)","A Cronay la modifica della legge sul servizio civile non ottiene la maggioranza: 89 per cento di no. Sia Cronay che il cantone Vaud hanno bocciato la modifica della legge sul servizio civile."
5911,43.2,43.2,56.8,"Cuarny (VD)","La popolazione di Cuarny respinge la modifica della legge sul servizio civile con il 56,8 per cento. Sia Cuarny che il cantone Vaud hanno bocciato la modifica della legge sul servizio civile."
5912,39.1,39.1,60.9,"Démoret (VD)","A Démoret la modifica della legge sul servizio civile è stata respinta con il 60,9 per cento. Sia Démoret che il cantone Vaud hanno bocciato la modifica della legge sul servizio civile."
5913,47.6,47.6,52.4,"Donneloye (VD)","Con il 52,4 per cento dei voti, la modifica della legge sul servizio civile viene respinta a Donneloye. Sia Donneloye che il cantone Vaud hanno bocciato la modifica della legge sul servizio civile."
5914,43.6,43.6,56.4,"Ependes (VD)","Con il 56,4 per cento dei voti, la modifica della legge sul servizio civile viene respinta a Ependes VD. Sia Ependes VD che il cantone Vaud hanno bocciato la modifica della legge sul servizio civile."
5919,32.7,32.7,67.3,"Mathod (VD)","Con il 67,3 per cento dei voti, la modifica della legge sul servizio civile viene respinta a Mathod. Sia Mathod che il cantone Vaud hanno bocciato la modifica della legge sul servizio civile."
5921,22.5,22.5,77.5,"Molondin (VD)","A Molondin la modifica della legge sul servizio civile non ottiene la maggioranza: 77,5 per cento di no. Sia Molondin che il cantone Vaud hanno bocciato la modifica della legge sul servizio civile."
5922,79,79,21,"Montagny-près-Yverdon (VD)","Sì alla modifica della legge sul servizio civile a Montagny-près-Yverdon, con il 79 per cento di voti favorevoli. Montagny-près-Yverdon dice sì a la modifica della legge sul servizio civile, il cantone Vaud dice no."
5923,62.8,62.8,37.2,"Oppens (VD)","Sì alla modifica della legge sul servizio civile a Oppens, con il 62,8 per cento di voti favorevoli. Oppens dice sì a la modifica della legge sul servizio civile, il cantone Vaud dice no."
5924,48.9,48.9,51.1,"Orges (VD)","Con il 51,1 per cento dei voti, la modifica della legge sul servizio civile viene respinta a Orges. Sia Orges che il cantone Vaud hanno bocciato la modifica della legge sul servizio civile."
5925,63.2,63.2,36.8,"Orzens (VD)","Sì alla modifica della legge sul servizio civile a Orzens con il 63,2 per cento. Orzens dice sì a la modifica della legge sul servizio civile, il cantone Vaud dice no."
5926,48,48,52,"Pomy (VD)","Con il 52 per cento dei voti, la modifica della legge sul servizio civile viene respinta a Pomy. Sia Pomy che il cantone Vaud hanno bocciato la modifica della legge sul servizio civile."
5928,69.7,69.7,30.3,"Rovray (VD)","La popolazione di Rovray approva la modifica della legge sul servizio civile con il 69,7 per cento. Rovray dice sì a la modifica della legge sul servizio civile, il cantone Vaud dice no."
5929,5.9,5.9,94.1,"Suchy (VD)","La popolazione di Suchy respinge la modifica della legge sul servizio civile con il 94,1 per cento. Sia Suchy che il cantone Vaud hanno bocciato la modifica della legge sul servizio civile."
5930,38.5,38.5,61.5,"Suscévaz (VD)","La popolazione di Suscévaz respinge la modifica della legge sul servizio civile con il 61,5 per cento. Sia Suscévaz che il cantone Vaud hanno bocciato la modifica della legge sul servizio civile."
5931,31.1,31.1,68.9,"Treycovagnes (VD)","La popolazione di Treycovagnes respinge la modifica della legge sul servizio civile con il 68,9 per cento. Sia Treycovagnes che il cantone Vaud hanno bocciato la modifica della legge sul servizio civile."
5932,99.5,99.5,0.5,"Ursins (VD)","A Ursins la modifica della legge sul servizio civile è stata approvata con il 99,5 per cento. Nel cantone di Vaud, Ursins ha ottenuto il più alto tasso di sì per la modifica della legge sul servizio civile."
5933,70.2,70.2,29.8,"Valeyres-sous-Montagny (VD)","Sì alla modifica della legge sul servizio civile a Valeyres-sous-Montagny: 70,2 per cento. Valeyres-sous-Montagny dice sì a la modifica della legge sul servizio civile, il cantone Vaud dice no."
5934,5,5,95,"Valeyres-sous-Ursins (VD)","La popolazione di Valeyres-sous-Ursins respinge la modifica della legge sul servizio civile con il 95 per cento. Sia Valeyres-sous-Ursins che il cantone Vaud hanno bocciato la modifica della legge sul servizio civile."
5935,82.5,82.5,17.5,"Villars-Epeney (VD)","A Villars-Epeney, la modifica della legge sul servizio civile è approvata con il 82,5 per cento. Villars-Epeney dice sì a la modifica della legge sul servizio civile, il cantone Vaud dice no."
5937,15.7,15.7,84.3,"Vugelles-La Mothe (VD)","Con il 84,3 per cento dei voti, la modifica della legge sul servizio civile viene respinta a Vugelles-La Mothe. Sia Vugelles-La Mothe che il cantone Vaud hanno bocciato la modifica della legge sul servizio civile."
5938,39.7,39.7,60.3,"Yverdon-les-Bains (VD)","Con il 60,3 per cento dei voti, la modifica della legge sul servizio civile viene respinta a Yverdon-les-Bains. Sia Yverdon-les-Bains che il cantone Vaud hanno bocciato la modifica della legge sul servizio civile."
5939,45.1,45.1,54.9,"Yvonand (VD)","Con il 54,9 per cento dei voti, Yvonand ha respinto la modifica della legge sul servizio civile. Sia Yvonand che il cantone Vaud hanno bocciato la modifica della legge sul servizio civile."
6002,59,59,41,"Briga-Glis (VS)","La popolazione di Briga-Glis approva la modifica della legge sul servizio civile con il 59 per cento. Briga-Glis dice sì a la modifica della legge sul servizio civile, il cantone Vallese dice no."
6004,20.1,20.1,79.9,"Eggerberg (VS)","La popolazione di Eggerberg respinge la modifica della legge sul servizio civile con il 79,9 per cento. Sia Eggerberg che il cantone Vallese hanno bocciato la modifica della legge sul servizio civile."
6007,59.1,59.1,40.9,"Naters (VS)","Sì alla modifica della legge sul servizio civile a Naters, con il 59,1 per cento di voti favorevoli. Naters dice sì a la modifica della legge sul servizio civile, il cantone Vallese dice no."
6008,58.4,58.4,41.6,"Ried-Brig (VS)","Sì alla modifica della legge sul servizio civile a Ried-Brig: 58,4 per cento. Ried-Brig dice sì a la modifica della legge sul servizio civile, il cantone Vallese dice no."
6009,36.8,36.8,63.2,"Sempione (VS)","A Sempione la modifica della legge sul servizio civile non ottiene la maggioranza: 63,2 per cento di no. Sia Sempione che il cantone Vallese hanno bocciato la modifica della legge sul servizio civile."
6010,44.9,44.9,55.1,"Termen (VS)","A Termen, la modifica della legge sul servizio civile è stata respinta con il 55,1 per cento. Sia Termen che il cantone Vallese hanno bocciato la modifica della legge sul servizio civile."
6011,13.1,13.1,86.9,"Zwischbergen (VS)","La popolazione di Zwischbergen respinge la modifica della legge sul servizio civile con il 86,9 per cento. Sia Zwischbergen che il cantone Vallese hanno bocciato la modifica della legge sul servizio civile."
6021,11.1,11.1,88.9,"Ardon (VS)","A Ardon, la modifica della legge sul servizio civile è stata respinta con il 88,9 per cento. Sia Ardon che il cantone Vallese hanno bocciato la modifica della legge sul servizio civile."
6022,34.4,34.4,65.6,"Chamoson (VS)","A Chamoson la modifica della legge sul servizio civile è stata respinta con il 65,6 per cento. Sia Chamoson che il cantone Vallese hanno bocciato la modifica della legge sul servizio civile."
6023,27.5,27.5,72.5,"Conthey (VS)","Con il 72,5 per cento dei voti, la modifica della legge sul servizio civile viene respinta a Conthey. Sia Conthey che il cantone Vallese hanno bocciato la modifica della legge sul servizio civile."
6024,60.1,60.1,39.9,"Nendaz (VS)","Sì alla modifica della legge sul servizio civile a Nendaz con il 60,1 per cento. Nendaz dice sì a la modifica della legge sul servizio civile, il cantone Vallese dice no."
6025,56,56,44,"Vétroz (VS)","La popolazione di Vétroz approva la modifica della legge sul servizio civile con il 56 per cento. Vétroz dice sì a la modifica della legge sul servizio civile, il cantone Vallese dice no."
6032,12.4,12.4,87.6,"Bourg-Saint-Pierre (VS)","La popolazione di Bourg-Saint-Pierre respinge la modifica della legge sul servizio civile con il 87,6 per cento. Sia Bourg-Saint-Pierre che il cantone Vallese hanno bocciato la modifica della legge sul servizio civile."
6033,89.4,89.4,10.6,"Liddes (VS)","A Liddes, la modifica della legge sul servizio civile è approvata con il 89,4 per cento. Liddes dice sì a la modifica della legge sul servizio civile, il cantone Vallese dice no."
6034,50.4,50.4,49.6,"Orsières (VS)","La popolazione di Orsières approva la modifica della legge sul servizio civile con il 50,4 per cento. Orsières dice sì a la modifica della legge sul servizio civile, il cantone Vallese dice no."
6035,0.4,0.4,99.6,"Sembrancher (VS)","A Sembrancher la modifica della legge sul servizio civile non ottiene la maggioranza: 99,6 per cento di no. Il tasso più alto di no alla modifica della legge sul servizio civile nel cantone Vallese è a Sembrancher."
6037,47.8,47.8,52.2,"Val de Bagnes (VS)","Con il 52,2 per cento dei voti, la modifica della legge sul servizio civile viene respinta a Val de Bagnes. Sia Val de Bagnes che il cantone Vallese hanno bocciato la modifica della legge sul servizio civile."
6052,75.9,75.9,24.1,"Bellwald (VS)","Sì alla modifica della legge sul servizio civile a Bellwald: 75,9 per cento. Bellwald dice sì a la modifica della legge sul servizio civile, il cantone Vallese dice no."
6054,80,80,20,"Binn (VS)","Sì alla modifica della legge sul servizio civile a Binn, con il 80 per cento di voti favorevoli. Binn dice sì a la modifica della legge sul servizio civile, il cantone Vallese dice no."
6056,57.8,57.8,42.2,"Ernen (VS)","Sì alla modifica della legge sul servizio civile a Ernen con il 57,8 per cento. Ernen dice sì a la modifica della legge sul servizio civile, il cantone Vallese dice no."
6057,16.9,16.9,83.1,"Fiesch (VS)","A Fiesch la modifica della legge sul servizio civile non ottiene la maggioranza: 83,1 per cento di no. Sia Fiesch che il cantone Vallese hanno bocciato la modifica della legge sul servizio civile."
6058,39.3,39.3,60.7,"Fieschertal (VS)","Con il 60,7 per cento dei voti, la modifica della legge sul servizio civile viene respinta a Fieschertal. Sia Fieschertal che il cantone Vallese hanno bocciato la modifica della legge sul servizio civile."
6061,61.6,61.6,38.4,"Lax (VS)","Sì alla modifica della legge sul servizio civile a Lax, con il 61,6 per cento di voti favorevoli. Lax dice sì a la modifica della legge sul servizio civile, il cantone Vallese dice no."
6076,3.2,3.2,96.8,"Obergoms (VS)","A Obergoms, la modifica della legge sul servizio civile è stata respinta con il 96,8 per cento. Sia Obergoms che il cantone Vallese hanno bocciato la modifica della legge sul servizio civile."
6077,65.5,65.5,34.5,"Goms (VS)","Sì alla modifica della legge sul servizio civile a Goms, con il 65,5 per cento di voti favorevoli. Goms dice sì a la modifica della legge sul servizio civile, il cantone Vallese dice no."
6082,32.4,32.4,67.6,"Ayent (VS)","La popolazione di Ayent respinge la modifica della legge sul servizio civile con il 67,6 per cento. Sia Ayent che il cantone Vallese hanno bocciato la modifica della legge sul servizio civile."
6083,36.8,36.8,63.2,"Evolène (VS)","Con il 63,2 per cento dei voti, Evolène ha respinto la modifica della legge sul servizio civile. Sia Evolène che il cantone Vallese hanno bocciato la modifica della legge sul servizio civile."
6084,8.2,8.2,91.8,"Hérémence (VS)","La popolazione di Hérémence respinge la modifica della legge sul servizio civile con il 91,8 per cento. Sia Hérémence che il cantone Vallese hanno bocciato la modifica della legge sul servizio civile."
6087,51.2,51.2,48.8,"Saint-Martin (VS)","Sì alla modifica della legge sul servizio civile a Saint-Martin VS, con il 51,2 per cento di voti favorevoli. Saint-Martin VS dice sì a la modifica della legge sul servizio civile, il cantone Vallese dice no."
6089,64.2,64.2,35.8,"Vex (VS)","Sì alla modifica della legge sul servizio civile a Vex, con il 64,2 per cento di voti favorevoli. Vex dice sì a la modifica della legge sul servizio civile, il cantone Vallese dice no."
6090,8.7,8.7,91.3,"Mont-Noble (VS)","A Mont-Noble, la modifica della legge sul servizio civile è stata respinta con il 91,3 per cento. Sia Mont-Noble che il cantone Vallese hanno bocciato la modifica della legge sul servizio civile."
6101,66.9,66.9,33.1,"Agarn (VS)","Sì alla modifica della legge sul servizio civile a Agarn: 66,9 per cento. Agarn dice sì a la modifica della legge sul servizio civile, il cantone Vallese dice no."
6102,48,48,52,"Albinen (VS)","La popolazione di Albinen respinge la modifica della legge sul servizio civile con il 52 per cento. Sia Albinen che il cantone Vallese hanno bocciato la modifica della legge sul servizio civile."
6104,28.8,28.8,71.2,"Ergisch (VS)","Con il 71,2 per cento dei voti, la modifica della legge sul servizio civile viene respinta a Ergisch. Sia Ergisch che il cantone Vallese hanno bocciato la modifica della legge sul servizio civile."
6109,46.3,46.3,53.7,"Inden (VS)","Con il 53,7 per cento dei voti, la modifica della legge sul servizio civile viene respinta a Inden. Sia Inden che il cantone Vallese hanno bocciato la modifica della legge sul servizio civile."
6110,37,37,63,"Loèche (VS)","Con il 63 per cento dei voti, Loèche ha respinto la modifica della legge sul servizio civile. Sia Loèche che il cantone Vallese hanno bocciato la modifica della legge sul servizio civile."
6111,27.8,27.8,72.2,"Loèche-les-Bains (VS)","Con il 72,2 per cento dei voti, Loèche-les-Bains ha respinto la modifica della legge sul servizio civile. Sia Loèche-les-Bains che il cantone Vallese hanno bocciato la modifica della legge sul servizio civile."
6112,36.5,36.5,63.5,"Oberems (VS)","Con il 63,5 per cento dei voti, la modifica della legge sul servizio civile viene respinta a Oberems. Sia Oberems che il cantone Vallese hanno bocciato la modifica della legge sul servizio civile."
6113,76.9,76.9,23.1,"Salquenen (VS)","Sì alla modifica della legge sul servizio civile a Salquenen, con il 76,9 per cento di voti favorevoli. Salquenen dice sì a la modifica della legge sul servizio civile, il cantone Vallese dice no."
6116,45.8,45.8,54.2,"Varone (VS)","La popolazione di Varone respinge la modifica della legge sul servizio civile con il 54,2 per cento. Sia Varone che il cantone Vallese hanno bocciato la modifica della legge sul servizio civile."
6117,60,60,40,"Guttet-Feschel (VS)","A Guttet-Feschel, la modifica della legge sul servizio civile è approvata con il 60 per cento. Guttet-Feschel dice sì a la modifica della legge sul servizio civile, il cantone Vallese dice no."
6118,98.2,98.2,1.8,"Gampel-Bratsch (VS)","Sì alla modifica della legge sul servizio civile a Gampel-Bratsch: 98,2 per cento. Gampel-Bratsch dice sì a la modifica della legge sul servizio civile, il cantone Vallese dice no."
6119,72.6,72.6,27.4,"Turtmann-Unterems (VS)","Sì alla modifica della legge sul servizio civile a Turtmann-Unterems: 72,6 per cento. Turtmann-Unterems dice sì a la modifica della legge sul servizio civile, il cantone Vallese dice no."
6131,61.1,61.1,38.9,"Bovernier (VS)","La popolazione di Bovernier approva la modifica della legge sul servizio civile con il 61,1 per cento. Bovernier dice sì a la modifica della legge sul servizio civile, il cantone Vallese dice no."
6133,17.4,17.4,82.6,"Fully (VS)","La popolazione di Fully respinge la modifica della legge sul servizio civile con il 82,6 per cento. Sia Fully che il cantone Vallese hanno bocciato la modifica della legge sul servizio civile."
6134,51.4,51.4,48.6,"Isérables (VS)","A Isérables la modifica della legge sul servizio civile è stata approvata con il 51,4 per cento. Isérables dice sì a la modifica della legge sul servizio civile, il cantone Vallese dice no."
6135,34.9,34.9,65.1,"Leytron (VS)","Con il 65,1 per cento dei voti, Leytron ha respinto la modifica della legge sul servizio civile. Sia Leytron che il cantone Vallese hanno bocciato la modifica della legge sul servizio civile."
6136,89.5,89.5,10.5,"Martigny (VS)","A Martigny la modifica della legge sul servizio civile è stata approvata con il 89,5 per cento. Martigny dice sì a la modifica della legge sul servizio civile, il cantone Vallese dice no."
6137,85.7,85.7,14.3,"Martigny-Combe (VS)","A Martigny-Combe, la modifica della legge sul servizio civile è stata approvata con il 85,7 per cento. Martigny-Combe dice sì a la modifica della legge sul servizio civile, il cantone Vallese dice no."
6139,87.5,87.5,12.5,"Riddes (VS)","Sì alla modifica della legge sul servizio civile a Riddes: 87,5 per cento. Riddes dice sì a la modifica della legge sul servizio civile, il cantone Vallese dice no."
6140,55.4,55.4,44.6,"Saillon (VS)","A Saillon la modifica della legge sul servizio civile è stata approvata con il 55,4 per cento. Saillon dice sì a la modifica della legge sul servizio civile, il cantone Vallese dice no."
6141,38.6,38.6,61.4,"Saxon (VS)","La popolazione di Saxon respinge la modifica della legge sul servizio civile con il 61,4 per cento. Sia Saxon che il cantone Vallese hanno bocciato la modifica della legge sul servizio civile."
6142,49.4,49.4,50.6,"Trient (VS)","A Trient, la modifica della legge sul servizio civile è stata respinta con il 50,6 per cento. Sia Trient che il cantone Vallese hanno bocciato la modifica della legge sul servizio civile."
6151,78.3,78.3,21.7,"Champéry (VS)","A Champéry, la modifica della legge sul servizio civile è stata approvata con il 78,3 per cento. Champéry dice sì a la modifica della legge sul servizio civile, il cantone Vallese dice no."
6152,4.8,4.8,95.2,"Collombey-Muraz (VS)","Con il 95,2 per cento dei voti, Collombey-Muraz ha respinto la modifica della legge sul servizio civile. Sia Collombey-Muraz che il cantone Vallese hanno bocciato la modifica della legge sul servizio civile."
6153,72.3,72.3,27.7,"Monthey (VS)","Sì alla modifica della legge sul servizio civile a Monthey con il 72,3 per cento. Monthey dice sì a la modifica della legge sul servizio civile, il cantone Vallese dice no."
6154,13.2,13.2,86.8,"Port-Valais (VS)","La popolazione di Port-Valais respinge la modifica della legge sul servizio civile con il 86,8 per cento. Sia Port-Valais che il cantone Vallese hanno bocciato la modifica della legge sul servizio civile."
6155,90,90,10,"Saint-Gingolph (VS)","Sì alla modifica della legge sul servizio civile a Saint-Gingolph con il 90 per cento. Saint-Gingolph dice sì a la modifica della legge sul servizio civile, il cantone Vallese dice no."
6156,46.7,46.7,53.3,"Troistorrents (VS)","A Troistorrents, la modifica della legge sul servizio civile è stata respinta con il 53,3 per cento. Sia Troistorrents che il cantone Vallese hanno bocciato la modifica della legge sul servizio civile."
6157,55,55,45,"Val-d'Illiez (VS)","A Val-d'Illiez, la modifica della legge sul servizio civile è stata approvata con il 55 per cento. Val-d'Illiez dice sì a la modifica della legge sul servizio civile, il cantone Vallese dice no."
6158,44.6,44.6,55.4,"Vionnaz (VS)","La popolazione di Vionnaz respinge la modifica della legge sul servizio civile con il 55,4 per cento. Sia Vionnaz che il cantone Vallese hanno bocciato la modifica della legge sul servizio civile."
6159,23.4,23.4,76.6,"Vouvry (VS)","La popolazione di Vouvry respinge la modifica della legge sul servizio civile con il 76,6 per cento. Sia Vouvry che il cantone Vallese hanno bocciato la modifica della legge sul servizio civile."
6172,49.5,49.5,50.5,"Bister (VS)","La popolazione di Bister respinge la modifica della legge sul servizio civile con il 50,5 per cento. Sia Bister che il cantone Vallese hanno bocciato la modifica della legge sul servizio civile."
6173,87.5,87.5,12.5,"Bitsch (VS)","A Bitsch, la modifica della legge sul servizio civile è stata approvata con il 87,5 per cento. Bitsch dice sì a la modifica della legge sul servizio civile, il cantone Vallese dice no."
6177,34,34,66,"Grengiols (VS)","La popolazione di Grengiols respinge la modifica della legge sul servizio civile con il 66 per cento. Sia Grengiols che il cantone Vallese hanno bocciato la modifica della legge sul servizio civile."
6181,58.7,58.7,41.3,"Riederalp (VS)","Sì alla modifica della legge sul servizio civile a Riederalp: 58,7 per cento. Riederalp dice sì a la modifica della legge sul servizio civile, il cantone Vallese dice no."
6191,70.1,70.1,29.9,"Ausserberg (VS)","Sì alla modifica della legge sul servizio civile a Ausserberg con il 70,1 per cento. Ausserberg dice sì a la modifica della legge sul servizio civile, il cantone Vallese dice no."
6192,62.8,62.8,37.2,"Blatten (VS)","Sì alla modifica della legge sul servizio civile a Blatten: 62,8 per cento. Blatten dice sì a la modifica della legge sul servizio civile, il cantone Vallese dice no."
6193,47.5,47.5,52.5,"Bürchen (VS)","Con il 52,5 per cento dei voti, la modifica della legge sul servizio civile viene respinta a Bürchen. Sia Bürchen che il cantone Vallese hanno bocciato la modifica della legge sul servizio civile."
6194,79,79,21,"Eischoll (VS)","Sì alla modifica della legge sul servizio civile a Eischoll con il 79 per cento. Eischoll dice sì a la modifica della legge sul servizio civile, il cantone Vallese dice no."
6195,45.6,45.6,54.4,"Ferden (VS)","La popolazione di Ferden respinge la modifica della legge sul servizio civile con il 54,4 per cento. Sia Ferden che il cantone Vallese hanno bocciato la modifica della legge sul servizio civile."
6197,40.4,40.4,59.6,"Kippel (VS)","A Kippel la modifica della legge sul servizio civile non ottiene la maggioranza: 59,6 per cento di no. Sia Kippel che il cantone Vallese hanno bocciato la modifica della legge sul servizio civile."
6198,51.6,51.6,48.4,"Niedergesteln (VS)","Sì alla modifica della legge sul servizio civile a Niedergesteln, con il 51,6 per cento di voti favorevoli. Niedergesteln dice sì a la modifica della legge sul servizio civile, il cantone Vallese dice no."
6199,99.3,99.3,0.7,"Rarogne (VS)","A Rarogne, la modifica della legge sul servizio civile è approvata con il 99,3 per cento. Nel cantone di Vallese, Rarogne ha ottenuto il più alto tasso di sì per la modifica della legge sul servizio civile."
6201,1.6,1.6,98.4,"Unterbäch (VS)","La popolazione di Unterbäch respinge la modifica della legge sul servizio civile con il 98,4 per cento. Sia Unterbäch che il cantone Vallese hanno bocciato la modifica della legge sul servizio civile."
6202,43.3,43.3,56.7,"Wiler (Lötschen) (VS)","La popolazione di Wiler (Lötschen) respinge la modifica della legge sul servizio civile con il 56,7 per cento. Sia Wiler (Lötschen) che il cantone Vallese hanno bocciato la modifica della legge sul servizio civile."
6203,49.9,49.9,50.1,"Mörel-Filet (VS)","La popolazione di Mörel-Filet respinge la modifica della legge sul servizio civile con il 50,1 per cento. Sia Mörel-Filet che il cantone Vallese hanno bocciato la modifica della legge sul servizio civile."
6204,82.6,82.6,17.4,"Steg-Hohtenn (VS)","A Steg-Hohtenn la modifica della legge sul servizio civile è stata approvata con il 82,6 per cento. Steg-Hohtenn dice sì a la modifica della legge sul servizio civile, il cantone Vallese dice no."
6205,1,1,99,"Bettmeralp (VS)","Con il 99 per cento dei voti, la modifica della legge sul servizio civile viene respinta a Bettmeralp. Sia Bettmeralp che il cantone Vallese hanno bocciato la modifica della legge sul servizio civile."
6211,6.9,6.9,93.1,"Collonges (VS)","Con il 93,1 per cento dei voti, la modifica della legge sul servizio civile viene respinta a Collonges. Sia Collonges che il cantone Vallese hanno bocciato la modifica della legge sul servizio civile."
6212,66.7,66.7,33.3,"Dorénaz (VS)","La popolazione di Dorénaz approva la modifica della legge sul servizio civile con il 66,7 per cento. Dorénaz dice sì a la modifica della legge sul servizio civile, il cantone Vallese dice no."
6213,82.2,82.2,17.8,"Evionnaz (VS)","Sì alla modifica della legge sul servizio civile a Evionnaz con il 82,2 per cento. Evionnaz dice sì a la modifica della legge sul servizio civile, il cantone Vallese dice no."
6214,41.8,41.8,58.2,"Finhaut (VS)","Con il 58,2 per cento dei voti, la modifica della legge sul servizio civile viene respinta a Finhaut. Sia Finhaut che il cantone Vallese hanno bocciato la modifica della legge sul servizio civile."
6215,41.8,41.8,58.2,"Massongex (VS)","A Massongex, la modifica della legge sul servizio civile è stata respinta con il 58,2 per cento. Sia Massongex che il cantone Vallese hanno bocciato la modifica della legge sul servizio civile."
6217,74.1,74.1,25.9,"Saint-Maurice (VS)","Sì alla modifica della legge sul servizio civile a Saint-Maurice con il 74,1 per cento. Saint-Maurice dice sì a la modifica della legge sul servizio civile, il cantone Vallese dice no."
6218,57.3,57.3,42.7,"Salvan (VS)","Sì alla modifica della legge sul servizio civile a Salvan: 57,3 per cento. Salvan dice sì a la modifica della legge sul servizio civile, il cantone Vallese dice no."
6219,46.2,46.2,53.8,"Vernayaz (VS)","A Vernayaz la modifica della legge sul servizio civile non ottiene la maggioranza: 53,8 per cento di no. Sia Vernayaz che il cantone Vallese hanno bocciato la modifica della legge sul servizio civile."
6220,34.8,34.8,65.2,"Vérossaz (VS)","A Vérossaz la modifica della legge sul servizio civile è stata respinta con il 65,2 per cento. Sia Vérossaz che il cantone Vallese hanno bocciato la modifica della legge sul servizio civile."
6232,7.5,7.5,92.5,"Chalais (VS)","La popolazione di Chalais respinge la modifica della legge sul servizio civile con il 92,5 per cento. Sia Chalais che il cantone Vallese hanno bocciato la modifica della legge sul servizio civile."
6235,30.9,30.9,69.1,"Chippis (VS)","A Chippis, la modifica della legge sul servizio civile è stata respinta con il 69,1 per cento. Sia Chippis che il cantone Vallese hanno bocciato la modifica della legge sul servizio civile."
6238,85.5,85.5,14.5,"Grône (VS)","A Grône, la modifica della legge sul servizio civile è stata approvata con il 85,5 per cento. Grône dice sì a la modifica della legge sul servizio civile, il cantone Vallese dice no."
6239,15.7,15.7,84.3,"Icogne (VS)","Con il 84,3 per cento dei voti, Icogne ha respinto la modifica della legge sul servizio civile. Sia Icogne che il cantone Vallese hanno bocciato la modifica della legge sul servizio civile."
6240,66.5,66.5,33.5,"Lens (VS)","A Lens la modifica della legge sul servizio civile è stata approvata con il 66,5 per cento. Lens dice sì a la modifica della legge sul servizio civile, il cantone Vallese dice no."
6246,33.7,33.7,66.3,"Saint-Léonard (VS)","La popolazione di Saint-Léonard respinge la modifica della legge sul servizio civile con il 66,3 per cento. Sia Saint-Léonard che il cantone Vallese hanno bocciato la modifica della legge sul servizio civile."
6248,48.1,48.1,51.9,"Sierre (VS)","A Sierre la modifica della legge sul servizio civile è stata respinta con il 51,9 per cento. Sia Sierre che il cantone Vallese hanno bocciato la modifica della legge sul servizio civile."
6252,39.8,39.8,60.2,"Anniviers (VS)","Con il 60,2 per cento dei voti, la modifica della legge sul servizio civile viene respinta a Anniviers. Sia Anniviers che il cantone Vallese hanno bocciato la modifica della legge sul servizio civile."
6253,36.5,36.5,63.5,"Crans-Montana (VS)","A Crans-Montana la modifica della legge sul servizio civile è stata respinta con il 63,5 per cento. Sia Crans-Montana che il cantone Vallese hanno bocciato la modifica della legge sul servizio civile."
6254,49.1,49.1,50.9,"Noble-Contrée (VS)","La popolazione di Noble-Contrée respinge la modifica della legge sul servizio civile con il 50,9 per cento. Sia Noble-Contrée che il cantone Vallese hanno bocciato la modifica della legge sul servizio civile."
6261,54.4,54.4,45.6,"Arbaz (VS)","La popolazione di Arbaz approva la modifica della legge sul servizio civile con il 54,4 per cento. Arbaz dice sì a la modifica della legge sul servizio civile, il cantone Vallese dice no."
6263,48.4,48.4,51.6,"Grimisuat (VS)","Con il 51,6 per cento dei voti, la modifica della legge sul servizio civile viene respinta a Grimisuat. Sia Grimisuat che il cantone Vallese hanno bocciato la modifica della legge sul servizio civile."
6265,79.2,79.2,20.8,"Savièse (VS)","A Savièse, la modifica della legge sul servizio civile è approvata con il 79,2 per cento. Savièse dice sì a la modifica della legge sul servizio civile, il cantone Vallese dice no."
6266,43,43,57,"Sion (VS)","Con il 57 per cento dei voti, la modifica della legge sul servizio civile viene respinta a Sion. Sia Sion che il cantone Vallese hanno bocciato la modifica della legge sul servizio civile."
6267,52.1,52.1,47.9,"Veysonnaz (VS)","La popolazione di Veysonnaz approva la modifica della legge sul servizio civile con il 52,1 per cento. Veysonnaz dice sì a la modifica della legge sul servizio civile, il cantone Vallese dice no."
6281,23,23,77,"Baltschieder (VS)","Con il 77 per cento dei voti, Baltschieder ha respinto la modifica della legge sul servizio civile. Sia Baltschieder che il cantone Vallese hanno bocciato la modifica della legge sul servizio civile."
6282,27.2,27.2,72.8,"Eisten (VS)","La popolazione di Eisten respinge la modifica della legge sul servizio civile con il 72,8 per cento. Sia Eisten che il cantone Vallese hanno bocciato la modifica della legge sul servizio civile."
6283,78.9,78.9,21.1,"Embd (VS)","A Embd, la modifica della legge sul servizio civile è approvata con il 78,9 per cento. Embd dice sì a la modifica della legge sul servizio civile, il cantone Vallese dice no."
6285,48,48,52,"Grächen (VS)","A Grächen la modifica della legge sul servizio civile non ottiene la maggioranza: 52 per cento di no. Sia Grächen che il cantone Vallese hanno bocciato la modifica della legge sul servizio civile."
6286,64.6,64.6,35.4,"Lalden (VS)","Sì alla modifica della legge sul servizio civile a Lalden con il 64,6 per cento. Lalden dice sì a la modifica della legge sul servizio civile, il cantone Vallese dice no."
6287,84.2,84.2,15.8,"Randa (VS)","Sì alla modifica della legge sul servizio civile a Randa, con il 84,2 per cento di voti favorevoli. Randa dice sì a la modifica della legge sul servizio civile, il cantone Vallese dice no."
6288,34.3,34.3,65.7,"Saas-Almagell (VS)","A Saas-Almagell la modifica della legge sul servizio civile è stata respinta con il 65,7 per cento. Sia Saas-Almagell che il cantone Vallese hanno bocciato la modifica della legge sul servizio civile."
6289,31.1,31.1,68.9,"Saas-Balen (VS)","La popolazione di Saas-Balen respinge la modifica della legge sul servizio civile con il 68,9 per cento. Sia Saas-Balen che il cantone Vallese hanno bocciato la modifica della legge sul servizio civile."
6290,5,5,95,"Saas-Fee (VS)","La popolazione di Saas-Fee respinge la modifica della legge sul servizio civile con il 95 per cento. Sia Saas-Fee che il cantone Vallese hanno bocciato la modifica della legge sul servizio civile."
6291,40.4,40.4,59.6,"Saas-Grund (VS)","La popolazione di Saas-Grund respinge la modifica della legge sul servizio civile con il 59,6 per cento. Sia Saas-Grund che il cantone Vallese hanno bocciato la modifica della legge sul servizio civile."
6292,6.3,6.3,93.7,"Saint-Nicolas (VS)","A Saint-Nicolas la modifica della legge sul servizio civile non ottiene la maggioranza: 93,7 per cento di no. Sia Saint-Nicolas che il cantone Vallese hanno bocciato la modifica della legge sul servizio civile."
6293,37.9,37.9,62.1,"Stalden (VS)","A Stalden VS la modifica della legge sul servizio civile non ottiene la maggioranza: 62,1 per cento di no. Sia Stalden VS che il cantone Vallese hanno bocciato la modifica della legge sul servizio civile."
6294,58.2,58.2,41.8,"Staldenried (VS)","A Staldenried, la modifica della legge sul servizio civile è approvata con il 58,2 per cento. Staldenried dice sì a la modifica della legge sul servizio civile, il cantone Vallese dice no."
6295,20.5,20.5,79.5,"Täsch (VS)","A Täsch la modifica della legge sul servizio civile è stata respinta con il 79,5 per cento. Sia Täsch che il cantone Vallese hanno bocciato la modifica della legge sul servizio civile."
6296,85.5,85.5,14.5,"Törbel (VS)","La popolazione di Törbel approva la modifica della legge sul servizio civile con il 85,5 per cento. Törbel dice sì a la modifica della legge sul servizio civile, il cantone Vallese dice no."
6297,61.5,61.5,38.5,"Viège (VS)","Sì alla modifica della legge sul servizio civile a Viège: 61,5 per cento. Viège dice sì a la modifica della legge sul servizio civile, il cantone Vallese dice no."
6298,45.5,45.5,54.5,"Visperterminen (VS)","A Visperterminen la modifica della legge sul servizio civile è stata respinta con il 54,5 per cento. Sia Visperterminen che il cantone Vallese hanno bocciato la modifica della legge sul servizio civile."
6299,54.5,54.5,45.5,"Zeneggen (VS)","Sì alla modifica della legge sul servizio civile a Zeneggen: 54,5 per cento. Zeneggen dice sì a la modifica della legge sul servizio civile, il cantone Vallese dice no."
6300,49.1,49.1,50.9,"Zermatt (VS)","La popolazione di Zermatt respinge la modifica della legge sul servizio civile con il 50,9 per cento. Sia Zermatt che il cantone Vallese hanno bocciato la modifica della legge sul servizio civile."
6404,29,29,71,"Boudry (NE)","La popolazione di Boudry respinge la modifica della legge sul servizio civile con il 71 per cento. Sia Boudry che il cantone Neuchâtel hanno bocciato la modifica della legge sul servizio civile."
6408,88.2,88.2,11.8,"Cortaillod (NE)","Sì alla modifica della legge sul servizio civile a Cortaillod: 88,2 per cento. Nel cantone di Neuchâtel, Cortaillod ha ottenuto il più alto tasso di sì per la modifica della legge sul servizio civile."
6413,64.8,64.8,35.2,"Rochefort (NE)","A Rochefort la modifica della legge sul servizio civile è stata approvata con il 64,8 per cento. Rochefort dice sì a la modifica della legge sul servizio civile, il cantone Neuchâtel dice no."
6416,3.7,3.7,96.3,"Milvignes (NE)","Con il 96,3 per cento dei voti, la modifica della legge sul servizio civile viene respinta a Milvignes. Il tasso più alto di no alla modifica della legge sul servizio civile nel cantone Neuchâtel è a Milvignes."
6417,10.1,10.1,89.9,"La Grande Béroche (NE)","Con il 89,9 per cento dei voti, la modifica della legge sul servizio civile viene respinta a La Grande Béroche. Sia La Grande Béroche che il cantone Neuchâtel hanno bocciato la modifica della legge sul servizio civile."
6421,33.6,33.6,66.4,"La Chaux-de-Fonds (NE)","Con il 66,4 per cento dei voti, la modifica della legge sul servizio civile viene respinta a La Chaux-de-Fonds. Sia La Chaux-de-Fonds che il cantone Neuchâtel hanno bocciato la modifica della legge sul servizio civile."
6422,64.4,64.4,35.6,"Les Planchettes (NE)","Sì alla modifica della legge sul servizio civile a Les Planchettes con il 64,4 per cento. Les Planchettes dice sì a la modifica della legge sul servizio civile, il cantone Neuchâtel dice no."
6423,4.2,4.2,95.8,"La Sagne (NE)","La popolazione di La Sagne respinge la modifica della legge sul servizio civile con il 95,8 per cento. Sia La Sagne che il cantone Neuchâtel hanno bocciato la modifica della legge sul servizio civile."
6432,38.9,38.9,61.1,"La (BréviNE)","La popolazione di La Brévine respinge la modifica della legge sul servizio civile con il 61,1 per cento. Sia La Brévine che il cantone Neuchâtel hanno bocciato la modifica della legge sul servizio civile."
6433,8.5,8.5,91.5,"Brot-Plamboz (NE)","A Brot-Plamboz la modifica della legge sul servizio civile non ottiene la maggioranza: 91,5 per cento di no. Sia Brot-Plamboz che il cantone Neuchâtel hanno bocciato la modifica della legge sul servizio civile."
6434,12.4,12.4,87.6,"Le Cerneux-Péquignot (NE)","Con il 87,6 per cento dei voti, la modifica della legge sul servizio civile viene respinta a Le Cerneux-Péquignot. Sia Le Cerneux-Péquignot che il cantone Neuchâtel hanno bocciato la modifica della legge sul servizio civile."
6435,51.4,51.4,48.6,"La Chaux-du-Milieu (NE)","Sì alla modifica della legge sul servizio civile a La Chaux-du-Milieu, con il 51,4 per cento di voti favorevoli. La Chaux-du-Milieu dice sì a la modifica della legge sul servizio civile, il cantone Neuchâtel dice no."
6436,43.3,43.3,56.7,"Le Locle (NE)","La popolazione di Le Locle respinge la modifica della legge sul servizio civile con il 56,7 per cento. Sia Le Locle che il cantone Neuchâtel hanno bocciato la modifica della legge sul servizio civile."
6437,73.8,73.8,26.2,"Les Ponts-de-Martel (NE)","A Les Ponts-de-Martel la modifica della legge sul servizio civile è stata approvata con il 73,8 per cento. Les Ponts-de-Martel dice sì a la modifica della legge sul servizio civile, il cantone Neuchâtel dice no."
6451,84.6,84.6,15.4,"Cornaux (NE)","A Cornaux, la modifica della legge sul servizio civile è approvata con il 84,6 per cento. Cornaux dice sì a la modifica della legge sul servizio civile, il cantone Neuchâtel dice no."
6452,64.5,64.5,35.5,"Cressier (NE)","La popolazione di Cressier NE approva la modifica della legge sul servizio civile con il 64,5 per cento. Cressier NE dice sì a la modifica della legge sul servizio civile, il cantone Neuchâtel dice no."
6455,50.7,50.7,49.3,"Le Landeron (NE)","A Le Landeron, la modifica della legge sul servizio civile è stata approvata con il 50,7 per cento. Le Landeron dice sì a la modifica della legge sul servizio civile, il cantone Neuchâtel dice no."
6456,55.1,55.1,44.9,"Lignières (NE)","Sì alla modifica della legge sul servizio civile a Lignières con il 55,1 per cento. Lignières dice sì a la modifica della legge sul servizio civile, il cantone Neuchâtel dice no."
6458,29.8,29.8,70.2,"Neuchâtel (NE)","Con il 70,2 per cento dei voti, Neuchâtel ha respinto la modifica della legge sul servizio civile. Sia Neuchâtel che il cantone Neuchâtel hanno bocciato la modifica della legge sul servizio civile."
6487,51.3,51.3,48.7,"Val-de-Ruz (NE)","La popolazione di Val-de-Ruz approva la modifica della legge sul servizio civile con il 51,3 per cento. Val-de-Ruz dice sì a la modifica della legge sul servizio civile, il cantone Neuchâtel dice no."
6504,54.3,54.3,45.7,"La Côte-aux-Fées (NE)","Sì alla modifica della legge sul servizio civile a La Côte-aux-Fées, con il 54,3 per cento di voti favorevoli. La Côte-aux-Fées dice sì a la modifica della legge sul servizio civile, il cantone Neuchâtel dice no."
6511,37.9,37.9,62.1,"Les Verrières (NE)","Con il 62,1 per cento dei voti, Les Verrières ha respinto la modifica della legge sul servizio civile. Sia Les Verrières che il cantone Neuchâtel hanno bocciato la modifica della legge sul servizio civile."
6512,73.7,73.7,26.3,"Val-de-Travers (NE)","A Val-de-Travers, la modifica della legge sul servizio civile è approvata con il 73,7 per cento. Val-de-Travers dice sì a la modifica della legge sul servizio civile, il cantone Neuchâtel dice no."
6513,66.7,66.7,33.3,"Laténa (NE)","Sì alla modifica della legge sul servizio civile a Laténa con il 66,7 per cento. Laténa dice sì a la modifica della legge sul servizio civile, il cantone Neuchâtel dice no."
6601,46.3,46.3,53.7,"Aire-la-Ville (GE)","A Aire-la-Ville, la modifica della legge sul servizio civile è stata respinta con il 53,7 per cento. Divergenza: Aire-la-Ville dice no a la modifica della legge sul servizio civile, il cantone Ginevra dice sì."
6602,23.3,23.3,76.7,"Anières (GE)","La popolazione di Anières respinge la modifica della legge sul servizio civile con il 76,7 per cento. Divergenza: Anières dice no a la modifica della legge sul servizio civile, il cantone Ginevra dice sì."
6603,53.1,53.1,46.9,"Avully (GE)","Sì alla modifica della legge sul servizio civile a Avully, con il 53,1 per cento di voti favorevoli. Avully approva la modifica della legge sul servizio civile, così come il cantone Ginevra."
6604,30.8,30.8,69.2,"Avusy (GE)","A Avusy la modifica della legge sul servizio civile non ottiene la maggioranza: 69,2 per cento di no. Divergenza: Avusy dice no a la modifica della legge sul servizio civile, il cantone Ginevra dice sì."
6605,75.8,75.8,24.2,"Bardonnex (GE)","Sì alla modifica della legge sul servizio civile a Bardonnex: 75,8 per cento. Bardonnex approva la modifica della legge sul servizio civile, così come il cantone Ginevra."
6606,47.2,47.2,52.8,"Bellevue (GE)","La popolazione di Bellevue respinge la modifica della legge sul servizio civile con il 52,8 per cento. Divergenza: Bellevue dice no a la modifica della legge sul servizio civile, il cantone Ginevra dice sì."
6607,63,63,37,"Bernex (GE)","Sì alla modifica della legge sul servizio civile a Bernex, con il 63 per cento di voti favorevoli. Bernex approva la modifica della legge sul servizio civile, così come il cantone Ginevra."
6608,53.3,53.3,46.7,"Carouge (GE)","La popolazione di Carouge approva la modifica della legge sul servizio civile con il 53,3 per cento. Carouge approva la modifica della legge sul servizio civile, così come il cantone Ginevra."
6609,4.5,4.5,95.5,"Cartigny (GE)","Con il 95,5 per cento dei voti, Cartigny ha respinto la modifica della legge sul servizio civile. Divergenza: Cartigny dice no a la modifica della legge sul servizio civile, il cantone Ginevra dice sì."
6610,38.6,38.6,61.4,"Céligny (GE)","La popolazione di Céligny respinge la modifica della legge sul servizio civile con il 61,4 per cento. Divergenza: Céligny dice no a la modifica della legge sul servizio civile, il cantone Ginevra dice sì."
6611,52.7,52.7,47.3,"Chancy (GE)","La popolazione di Chancy approva la modifica della legge sul servizio civile con il 52,7 per cento. Chancy approva la modifica della legge sul servizio civile, così come il cantone Ginevra."
6612,41.2,41.2,58.8,"Chêne-Bougeries (GE)","A Chêne-Bougeries, la modifica della legge sul servizio civile è stata respinta con il 58,8 per cento. Divergenza: Chêne-Bougeries dice no a la modifica della legge sul servizio civile, il cantone Ginevra dice sì."
6613,44.3,44.3,55.7,"Chêne-Bourg (GE)","A Chêne-Bourg, la modifica della legge sul servizio civile è stata respinta con il 55,7 per cento. Divergenza: Chêne-Bourg dice no a la modifica della legge sul servizio civile, il cantone Ginevra dice sì."
6614,58.8,58.8,41.2,"Choulex (GE)","A Choulex, la modifica della legge sul servizio civile è stata approvata con il 58,8 per cento. Choulex approva la modifica della legge sul servizio civile, così come il cantone Ginevra."
6615,50.4,50.4,49.6,"Collex-Bossy (GE)","Sì alla modifica della legge sul servizio civile a Collex-Bossy con il 50,4 per cento. Collex-Bossy approva la modifica della legge sul servizio civile, così come il cantone Ginevra."
6616,73.3,73.3,26.7,"Collonge-Bellerive (GE)","A Collonge-Bellerive, la modifica della legge sul servizio civile è stata approvata con il 73,3 per cento. Collonge-Bellerive approva la modifica della legge sul servizio civile, così come il cantone Ginevra."
6617,43.8,43.8,56.2,"Cologny (GE)","A Cologny la modifica della legge sul servizio civile non ottiene la maggioranza: 56,2 per cento di no. Divergenza: Cologny dice no a la modifica della legge sul servizio civile, il cantone Ginevra dice sì."
6618,54,54,46,"Confignon (GE)","A Confignon, la modifica della legge sul servizio civile è stata approvata con il 54 per cento. Confignon approva la modifica della legge sul servizio civile, così come il cantone Ginevra."
6619,48.4,48.4,51.6,"Corsier (GE)","La popolazione di Corsier GE respinge la modifica della legge sul servizio civile con il 51,6 per cento. Divergenza: Corsier GE dice no a la modifica della legge sul servizio civile, il cantone Ginevra dice sì."
6620,85.9,85.9,14.1,"Dardagny (GE)","Sì alla modifica della legge sul servizio civile a Dardagny, con il 85,9 per cento di voti favorevoli. Dardagny approva la modifica della legge sul servizio civile, così come il cantone Ginevra."
6621,4.2,4.2,95.8,"Ginevra (GE)","A Ginevra la modifica della legge sul servizio civile è stata respinta con il 95,8 per cento. Il tasso più alto di no alla modifica della legge sul servizio civile nel cantone Ginevra è a Ginevra."
6622,52.4,52.4,47.6,"Genthod (GE)","Sì alla modifica della legge sul servizio civile a Genthod: 52,4 per cento. Genthod approva la modifica della legge sul servizio civile, così come il cantone Ginevra."
6623,45.9,45.9,54.1,"Le Grand-Saconnex (GE)","La popolazione di Le Grand-Saconnex respinge la modifica della legge sul servizio civile con il 54,1 per cento. Divergenza: Le Grand-Saconnex dice no a la modifica della legge sul servizio civile, il cantone Ginevra dice sì."
6624,41.9,41.9,58.1,"Gy (GE)","A Gy, la modifica della legge sul servizio civile è stata respinta con il 58,1 per cento. Divergenza: Gy dice no a la modifica della legge sul servizio civile, il cantone Ginevra dice sì."
6625,51.1,51.1,48.9,"Hermance (GE)","A Hermance la modifica della legge sul servizio civile è stata approvata con il 51,1 per cento. Hermance approva la modifica della legge sul servizio civile, così come il cantone Ginevra."
6626,82.4,82.4,17.6,"Jussy (GE)","A Jussy la modifica della legge sul servizio civile è stata approvata con il 82,4 per cento. Jussy approva la modifica della legge sul servizio civile, così come il cantone Ginevra."
6627,83.7,83.7,16.3,"Laconnex (GE)","A Laconnex, la modifica della legge sul servizio civile è stata approvata con il 83,7 per cento. Laconnex approva la modifica della legge sul servizio civile, così come il cantone Ginevra."
6628,50,50,50,"Lancy (GE)","A Lancy, la modifica della legge sul servizio civile è approvata con il 50 per cento. Lancy approva la modifica della legge sul servizio civile, così come il cantone Ginevra."
6629,56.5,56.5,43.5,"Meinier (GE)","A Meinier, la modifica della legge sul servizio civile è approvata con il 56,5 per cento. Meinier approva la modifica della legge sul servizio civile, così come il cantone Ginevra."
6630,57.5,57.5,42.5,"Meyrin (GE)","Sì alla modifica della legge sul servizio civile a Meyrin: 57,5 per cento. Meyrin approva la modifica della legge sul servizio civile, così come il cantone Ginevra."
6631,77,77,23,"Onex (GE)","A Onex, la modifica della legge sul servizio civile è approvata con il 77 per cento. Onex approva la modifica della legge sul servizio civile, così come il cantone Ginevra."
6632,29,29,71,"Perly-Certoux (GE)","A Perly-Certoux la modifica della legge sul servizio civile è stata respinta con il 71 per cento. Divergenza: Perly-Certoux dice no a la modifica della legge sul servizio civile, il cantone Ginevra dice sì."
6633,50.3,50.3,49.7,"Plan-les-Ouates (GE)","A Plan-les-Ouates, la modifica della legge sul servizio civile è approvata con il 50,3 per cento. Plan-les-Ouates approva la modifica della legge sul servizio civile, così come il cantone Ginevra."
6634,85.4,85.4,14.6,"Pregny-Chambésy (GE)","A Pregny-Chambésy, la modifica della legge sul servizio civile è approvata con il 85,4 per cento. Pregny-Chambésy approva la modifica della legge sul servizio civile, così come il cantone Ginevra."
6635,50.6,50.6,49.4,"Presinge (GE)","Sì alla modifica della legge sul servizio civile a Presinge: 50,6 per cento. Presinge approva la modifica della legge sul servizio civile, così come il cantone Ginevra."
6636,41.4,41.4,58.6,"Puplinge (GE)","La popolazione di Puplinge respinge la modifica della legge sul servizio civile con il 58,6 per cento. Divergenza: Puplinge dice no a la modifica della legge sul servizio civile, il cantone Ginevra dice sì."
6637,46.4,46.4,53.6,"Russin (GE)","A Russin la modifica della legge sul servizio civile è stata respinta con il 53,6 per cento. Divergenza: Russin dice no a la modifica della legge sul servizio civile, il cantone Ginevra dice sì."
6638,20.4,20.4,79.6,"Satigny (GE)","La popolazione di Satigny respinge la modifica della legge sul servizio civile con il 79,6 per cento. Divergenza: Satigny dice no a la modifica della legge sul servizio civile, il cantone Ginevra dice sì."
6639,53.4,53.4,46.6,"Soral (GE)","Sì alla modifica della legge sul servizio civile a Soral: 53,4 per cento. Soral approva la modifica della legge sul servizio civile, così come il cantone Ginevra."
6640,35.6,35.6,64.4,"Thônex (GE)","La popolazione di Thônex respinge la modifica della legge sul servizio civile con il 64,4 per cento. Divergenza: Thônex dice no a la modifica della legge sul servizio civile, il cantone Ginevra dice sì."
6641,88.1,88.1,11.9,"Troinex (GE)","A Troinex la modifica della legge sul servizio civile è stata approvata con il 88,1 per cento. Nel cantone di Ginevra, Troinex ha ottenuto il più alto tasso di sì per la modifica della legge sul servizio civile."
6642,58.5,58.5,41.5,"Vandoeuvres (GE)","Sì alla modifica della legge sul servizio civile a Vandoeuvres, con il 58,5 per cento di voti favorevoli. Vandoeuvres approva la modifica della legge sul servizio civile, così come il cantone Ginevra."
6643,64.9,64.9,35.1,"Vernier (GE)","Sì alla modifica della legge sul servizio civile a Vernier, con il 64,9 per cento di voti favorevoli. Vernier approva la modifica della legge sul servizio civile, così come il cantone Ginevra."
6644,65.3,65.3,34.7,"Versoix (GE)","Sì alla modifica della legge sul servizio civile a Versoix con il 65,3 per cento. Versoix approva la modifica della legge sul servizio civile, così come il cantone Ginevra."
6645,11.6,11.6,88.4,"Veyrier (GE)","La popolazione di Veyrier respinge la modifica della legge sul servizio civile con il 88,4 per cento. Divergenza: Veyrier dice no a la modifica della legge sul servizio civile, il cantone Ginevra dice sì."
6702,68.3,68.3,31.7,"Boécourt (JU)","Sì alla modifica della legge sul servizio civile a Boécourt con il 68,3 per cento. Boécourt approva la modifica della legge sul servizio civile, così come il cantone Giura."
6703,50.8,50.8,49.2,"Bourrignon (JU)","Sì alla modifica della legge sul servizio civile a Bourrignon, con il 50,8 per cento di voti favorevoli. Bourrignon approva la modifica della legge sul servizio civile, così come il cantone Giura."
6704,55.6,55.6,44.4,"Châtillon (JU)","A Châtillon JU, la modifica della legge sul servizio civile è approvata con il 55,6 per cento. Châtillon JU approva la modifica della legge sul servizio civile, così come il cantone Giura."
6706,95.5,95.5,4.5,"Courchapoix (JU)","Sì alla modifica della legge sul servizio civile a Courchapoix con il 95,5 per cento. Courchapoix approva la modifica della legge sul servizio civile, così come il cantone Giura."
6708,46.7,46.7,53.3,"Courrendlin (JU)","A Courrendlin, la modifica della legge sul servizio civile è stata respinta con il 53,3 per cento. Divergenza: Courrendlin dice no a la modifica della legge sul servizio civile, il cantone Giura dice sì."
6709,97.3,97.3,2.7,"Courroux (JU)","A Courroux, la modifica della legge sul servizio civile è stata approvata con il 97,3 per cento. Nel cantone di Giura, Courroux ha ottenuto il più alto tasso di sì per la modifica della legge sul servizio civile."
6710,57.5,57.5,42.5,"Courtételle (JU)","A Courtételle, la modifica della legge sul servizio civile è stata approvata con il 57,5 per cento. Courtételle approva la modifica della legge sul servizio civile, così come il cantone Giura."
6711,91,91,9,"Delémont (JU)","A Delémont, la modifica della legge sul servizio civile è approvata con il 91 per cento. Delémont approva la modifica della legge sul servizio civile, così come il cantone Giura."
6712,95.8,95.8,4.2,"Develier (JU)","Sì alla modifica della legge sul servizio civile a Develier: 95,8 per cento. Develier approva la modifica della legge sul servizio civile, così come il cantone Giura."
6713,28.1,28.1,71.9,"Ederswiler (JU)","La popolazione di Ederswiler respinge la modifica della legge sul servizio civile con il 71,9 per cento. Divergenza: Ederswiler dice no a la modifica della legge sul servizio civile, il cantone Giura dice sì."
6715,14.5,14.5,85.5,"Mervelier (JU)","A Mervelier la modifica della legge sul servizio civile è stata respinta con il 85,5 per cento. Divergenza: Mervelier dice no a la modifica della legge sul servizio civile, il cantone Giura dice sì."
6716,37.3,37.3,62.7,"Mettembert (JU)","La popolazione di Mettembert respinge la modifica della legge sul servizio civile con il 62,7 per cento. Divergenza: Mettembert dice no a la modifica della legge sul servizio civile, il cantone Giura dice sì."
6718,42.7,42.7,57.3,"Movelier (JU)","Con il 57,3 per cento dei voti, Movelier ha respinto la modifica della legge sul servizio civile. Divergenza: Movelier dice no a la modifica della legge sul servizio civile, il cantone Giura dice sì."
6719,45.8,45.8,54.2,"Pleigne (JU)","Con il 54,2 per cento dei voti, Pleigne ha respinto la modifica della legge sul servizio civile. Divergenza: Pleigne dice no a la modifica della legge sul servizio civile, il cantone Giura dice sì."
6721,2.1,2.1,97.9,"Rossemaison (JU)","La popolazione di Rossemaison respinge la modifica della legge sul servizio civile con il 97,9 per cento. Il tasso più alto di no alla modifica della legge sul servizio civile nel cantone Giura è a Rossemaison."
6722,8,8,92,"Saulcy (JU)","A Saulcy la modifica della legge sul servizio civile non ottiene la maggioranza: 92 per cento di no. Divergenza: Saulcy dice no a la modifica della legge sul servizio civile, il cantone Giura dice sì."
6724,86.1,86.1,13.9,"Soyhières (JU)","Sì alla modifica della legge sul servizio civile a Soyhières: 86,1 per cento. Soyhières approva la modifica della legge sul servizio civile, così come il cantone Giura."
6729,51.4,51.4,48.6,"Haute-Sorne (JU)","A Haute-Sorne la modifica della legge sul servizio civile è stata approvata con il 51,4 per cento. Haute-Sorne approva la modifica della legge sul servizio civile, così come il cantone Giura."
6730,36.5,36.5,63.5,"Val Terbi (JU)","A Val Terbi la modifica della legge sul servizio civile è stata respinta con il 63,5 per cento. Divergenza: Val Terbi dice no a la modifica della legge sul servizio civile, il cantone Giura dice sì."
6741,28.9,28.9,71.1,"Le Bémont (JU)","La popolazione di Le Bémont JU respinge la modifica della legge sul servizio civile con il 71,1 per cento. Divergenza: Le Bémont JU dice no a la modifica della legge sul servizio civile, il cantone Giura dice sì."
6742,19.5,19.5,80.5,"Les Bois (JU)","Con il 80,5 per cento dei voti, Les Bois ha respinto la modifica della legge sul servizio civile. Divergenza: Les Bois dice no a la modifica della legge sul servizio civile, il cantone Giura dice sì."
6743,58.9,58.9,41.1,"Les Breuleux (JU)","Sì alla modifica della legge sul servizio civile a Les Breuleux con il 58,9 per cento. Les Breuleux approva la modifica della legge sul servizio civile, così come il cantone Giura."
6745,57.4,57.4,42.6,"Les Enfers (JU)","Sì alla modifica della legge sul servizio civile a Les Enfers con il 57,4 per cento. Les Enfers approva la modifica della legge sul servizio civile, così come il cantone Giura."
6748,48.6,48.6,51.4,"Les Genevez (JU)","A Les Genevez JU la modifica della legge sul servizio civile è stata respinta con il 51,4 per cento. Divergenza: Les Genevez JU dice no a la modifica della legge sul servizio civile, il cantone Giura dice sì."
6750,52.4,52.4,47.6,"Lajoux (JU)","A Lajoux JU la modifica della legge sul servizio civile è stata approvata con il 52,4 per cento. Lajoux JU approva la modifica della legge sul servizio civile, così come il cantone Giura."
6751,49,49,51,"Montfaucon (JU)","La popolazione di Montfaucon respinge la modifica della legge sul servizio civile con il 51 per cento. Divergenza: Montfaucon dice no a la modifica della legge sul servizio civile, il cantone Giura dice sì."
6753,94.2,94.2,5.8,"Muriaux (JU)","A Muriaux, la modifica della legge sul servizio civile è approvata con il 94,2 per cento. Muriaux approva la modifica della legge sul servizio civile, così come il cantone Giura."
6754,74.9,74.9,25.1,"Le Noirmont (JU)","A Le Noirmont, la modifica della legge sul servizio civile è approvata con il 74,9 per cento. Le Noirmont approva la modifica della legge sul servizio civile, così come il cantone Giura."
6757,57.3,57.3,42.7,"Saignelégier (JU)","Sì alla modifica della legge sul servizio civile a Saignelégier con il 57,3 per cento. Saignelégier approva la modifica della legge sul servizio civile, così come il cantone Giura."
6758,70.3,70.3,29.7,"Saint-Brais (JU)","A Saint-Brais la modifica della legge sul servizio civile è stata approvata con il 70,3 per cento. Saint-Brais approva la modifica della legge sul servizio civile, così come il cantone Giura."
6759,41.7,41.7,58.3,"Soubey (JU)","A Soubey, la modifica della legge sul servizio civile è stata respinta con il 58,3 per cento. Divergenza: Soubey dice no a la modifica della legge sul servizio civile, il cantone Giura dice sì."
6771,27.8,27.8,72.2,"Alle (JU)","A Alle, la modifica della legge sul servizio civile è stata respinta con il 72,2 per cento. Divergenza: Alle dice no a la modifica della legge sul servizio civile, il cantone Giura dice sì."
6774,43.2,43.2,56.8,"Boncourt (JU)","La popolazione di Boncourt respinge la modifica della legge sul servizio civile con il 56,8 per cento. Divergenza: Boncourt dice no a la modifica della legge sul servizio civile, il cantone Giura dice sì."
6778,27.5,27.5,72.5,"Bure (JU)","Con il 72,5 per cento dei voti, la modifica della legge sul servizio civile viene respinta a Bure. Divergenza: Bure dice no a la modifica della legge sul servizio civile, il cantone Giura dice sì."
6781,69.6,69.6,30.4,"Coeuve (JU)","Sì alla modifica della legge sul servizio civile a Coeuve, con il 69,6 per cento di voti favorevoli. Coeuve approva la modifica della legge sul servizio civile, così come il cantone Giura."
6782,45.6,45.6,54.4,"Cornol (JU)","A Cornol, la modifica della legge sul servizio civile è stata respinta con il 54,4 per cento. Divergenza: Cornol dice no a la modifica della legge sul servizio civile, il cantone Giura dice sì."
6783,3.6,3.6,96.4,"Courchavon (JU)","La popolazione di Courchavon respinge la modifica della legge sul servizio civile con il 96,4 per cento. Divergenza: Courchavon dice no a la modifica della legge sul servizio civile, il cantone Giura dice sì."
6784,68.2,68.2,31.8,"Courgenay (JU)","A Courgenay, la modifica della legge sul servizio civile è approvata con il 68,2 per cento. Courgenay approva la modifica della legge sul servizio civile, così come il cantone Giura."
6785,33.2,33.2,66.8,"Courtedoux (JU)","La popolazione di Courtedoux respinge la modifica della legge sul servizio civile con il 66,8 per cento. Divergenza: Courtedoux dice no a la modifica della legge sul servizio civile, il cantone Giura dice sì."
6789,23.7,23.7,76.3,"Fahy (JU)","A Fahy la modifica della legge sul servizio civile è stata respinta con il 76,3 per cento. Divergenza: Fahy dice no a la modifica della legge sul servizio civile, il cantone Giura dice sì."
6790,23.8,23.8,76.2,"Fontenais (JU)","A Fontenais, la modifica della legge sul servizio civile è stata respinta con il 76,2 per cento. Divergenza: Fontenais dice no a la modifica della legge sul servizio civile, il cantone Giura dice sì."
6792,71.4,71.4,28.6,"Grandfontaine (JU)","La popolazione di Grandfontaine approva la modifica della legge sul servizio civile con il 71,4 per cento. Grandfontaine approva la modifica della legge sul servizio civile, così come il cantone Giura."
6800,76.1,76.1,23.9,"Porrentruy (JU)","A Porrentruy, la modifica della legge sul servizio civile è stata approvata con il 76,1 per cento. Porrentruy approva la modifica della legge sul servizio civile, così come il cantone Giura."
6806,69.6,69.6,30.4,"Vendlincourt (JU)","La popolazione di Vendlincourt approva la modifica della legge sul servizio civile con il 69,6 per cento. Vendlincourt approva la modifica della legge sul servizio civile, così come il cantone Giura."
6807,60.1,60.1,39.9,"Basse-Allaine (JU)","A Basse-Allaine, la modifica della legge sul servizio civile è approvata con il 60,1 per cento. Basse-Allaine approva la modifica della legge sul servizio civile, così come il cantone Giura."
6808,82.2,82.2,17.8,"Clos du Doubs (JU)","Sì alla modifica della legge sul servizio civile a Clos du Doubs: 82,2 per cento. Clos du Doubs approva la modifica della legge sul servizio civile, così come il cantone Giura."
6809,57.5,57.5,42.5,"Haute-Ajoie (JU)","La popolazione di Haute-Ajoie approva la modifica della legge sul servizio civile con il 57,5 per cento. Haute-Ajoie approva la modifica della legge sul servizio civile, così come il cantone Giura."
6810,43,43,57,"La Baroche (JU)","A La Baroche, la modifica della legge sul servizio civile è stata respinta con il 57 per cento. Divergenza: La Baroche dice no a la modifica della legge sul servizio civile, il cantone Giura dice sì."
6811,80.8,80.8,19.2,"Damphreux-Lugnez (JU)","A Damphreux-Lugnez, la modifica della legge sul servizio civile è approvata con il 80,8 per cento. Damphreux-Lugnez approva la modifica della legge sul servizio civile, così come il cantone Giura."
6812,57.8,57.8,42.2,"Basse-Vendline (JU)","Sì alla modifica della legge sul servizio civile a Basse-Vendline: 57,8 per cento. Basse-Vendline approva la modifica della legge sul servizio civile, così come il cantone Giura."
6831,13,13,87,"Moutier (JU)","La popolazione di Moutier respinge la modifica della legge sul servizio civile con il 87 per cento. Divergenza: Moutier dice no a la modifica della legge sul servizio civile, il cantone Giura dice sì."
