"Kantons_Nr","Gemeinde_Nr","Ja_Stimmen_In_Prozent","Ja_Stimmen_Absolut","Nein_Stimmen_Absolut","Stimmbeteiligung_In_Prozent","Eingelegte_Stimmzettel","Anzahl_Stimmberechtigte","Gueltige_Stimmen","Gebiet_Ausgezaehlt","Kanton_Short","Gemeinde_d","Gemeinde_f","Gemeinde_i","Gemeinde_KT_d","Gemeinde_KT_f","Gemeinde_KT_i","Kanton_d","Kanton_f","Kanton_i","Ja_Stimmen_In_Prozent_Kanton","Highest_Yes_Kant","Highest_No_Kant"
1,1,53.1952017448201,7317,6438,,,,13755,TRUE,"ZH","Aeugst am Albis","Aeugst am Albis","Aeugst am Albis","Aeugst am Albis ZH","Aeugst am Albis (ZH)","Aeugst am Albis (ZH)","Zürich","Zurich","Zurigo",47.3213394870982,FALSE,FALSE
1,2,86.4094219742755,5576,877,,,,6453,TRUE,"ZH","Affoltern am Albis","Affoltern am Albis","Affoltern am Albis","Affoltern am Albis ZH","Affoltern am Albis (ZH)","Affoltern am Albis (ZH)","Zürich","Zurich","Zurigo",47.3213394870982,FALSE,FALSE
1,3,45.0055991041433,4019,4911,,,,8930,TRUE,"ZH","Bonstetten","Bonstetten","Bonstetten","Bonstetten ZH","Bonstetten (ZH)","Bonstetten (ZH)","Zürich","Zurich","Zurigo",47.3213394870982,FALSE,FALSE
1,4,55.3719008264463,7772,6264,,,,14036,TRUE,"ZH","Hausen am Albis","Hausen am Albis","Hausen am Albis","Hausen am Albis ZH","Hausen am Albis (ZH)","Hausen am Albis (ZH)","Zürich","Zurich","Zurigo",47.3213394870982,FALSE,FALSE
1,5,68.1100167255157,3665,1716,,,,5381,TRUE,"ZH","Hedingen","Hedingen","Hedingen","Hedingen ZH","Hedingen (ZH)","Hedingen (ZH)","Zürich","Zurich","Zurigo",47.3213394870982,FALSE,FALSE
1,6,79.3382791847872,9304,2423,,,,11727,TRUE,"ZH","Kappel am Albis","Kappel am Albis","Kappel am Albis","Kappel am Albis ZH","Kappel am Albis (ZH)","Kappel am Albis (ZH)","Zürich","Zurich","Zurigo",47.3213394870982,FALSE,FALSE
1,7,49.5136637332098,9621,9810,,,,19431,TRUE,"ZH","Knonau","Knonau","Knonau","Knonau ZH","Knonau (ZH)","Knonau (ZH)","Zürich","Zurich","Zurigo",47.3213394870982,FALSE,FALSE
1,8,78.181029496819,5407,1509,,,,6916,TRUE,"ZH","Maschwanden","Maschwanden","Maschwanden","Maschwanden ZH","Maschwanden (ZH)","Maschwanden (ZH)","Zürich","Zurich","Zurigo",47.3213394870982,FALSE,FALSE
1,9,54.9790585734825,8795,7202,,,,15997,TRUE,"ZH","Mettmenstetten","Mettmenstetten","Mettmenstetten","Mettmenstetten ZH","Mettmenstetten (ZH)","Mettmenstetten (ZH)","Zürich","Zurich","Zurigo",47.3213394870982,FALSE,FALSE
1,10,41.4194639604476,6367,9005,,,,15372,TRUE,"ZH","Obfelden","Obfelden","Obfelden","Obfelden ZH","Obfelden (ZH)","Obfelden (ZH)","Zürich","Zurich","Zurigo",47.3213394870982,FALSE,FALSE
1,11,75.6574657683112,3481,1120,,,,4601,TRUE,"ZH","Ottenbach","Ottenbach","Ottenbach","Ottenbach ZH","Ottenbach (ZH)","Ottenbach (ZH)","Zürich","Zurich","Zurigo",47.3213394870982,FALSE,FALSE
1,12,39.4012554321584,4896,7530,,,,12426,TRUE,"ZH","Rifferswil","Rifferswil","Rifferswil","Rifferswil ZH","Rifferswil (ZH)","Rifferswil (ZH)","Zürich","Zurich","Zurigo",47.3213394870982,FALSE,FALSE
1,13,55.5396113602392,9289,7436,,,,16725,TRUE,"ZH","Stallikon","Stallikon","Stallikon","Stallikon ZH","Stallikon (ZH)","Stallikon (ZH)","Zürich","Zurich","Zurigo",47.3213394870982,FALSE,FALSE
1,14,16.7440660474716,649,3227,,,,3876,TRUE,"ZH","Wettswil am Albis","Wettswil am Albis","Wettswil am Albis","Wettswil am Albis ZH","Wettswil am Albis (ZH)","Wettswil am Albis (ZH)","Zürich","Zurich","Zurigo",47.3213394870982,FALSE,FALSE
1,22,17.3939031679617,582,2764,,,,3346,TRUE,"ZH","Benken ZH","Benken (ZH)","Benken ZH","Benken ZH","Benken (ZH)","Benken (ZH)","Zürich","Zurich","Zurigo",47.3213394870982,FALSE,FALSE
1,23,46.6688929704458,8385,9582,,,,17967,TRUE,"ZH","Berg am Irchel","Berg am Irchel","Berg am Irchel","Berg am Irchel ZH","Berg am Irchel (ZH)","Berg am Irchel (ZH)","Zürich","Zurich","Zurigo",47.3213394870982,FALSE,FALSE
1,24,44.9264645468737,5468,6703,,,,12171,TRUE,"ZH","Buch am Irchel","Buch am Irchel","Buch am Irchel","Buch am Irchel ZH","Buch am Irchel (ZH)","Buch am Irchel (ZH)","Zürich","Zurich","Zurigo",47.3213394870982,FALSE,FALSE
1,25,34.9677756488417,4015,7467,,,,11482,TRUE,"ZH","Dachsen","Dachsen","Dachsen","Dachsen ZH","Dachsen (ZH)","Dachsen (ZH)","Zürich","Zurich","Zurigo",47.3213394870982,FALSE,FALSE
1,26,58.3844308184484,6570,4683,,,,11253,TRUE,"ZH","Dorf","Dorf","Dorf","Dorf ZH","Dorf (ZH)","Dorf (ZH)","Zürich","Zurich","Zurigo",47.3213394870982,FALSE,FALSE
1,27,49.944382647386,3592,3600,,,,7192,TRUE,"ZH","Feuerthalen","Feuerthalen","Feuerthalen","Feuerthalen ZH","Feuerthalen (ZH)","Feuerthalen (ZH)","Zürich","Zurich","Zurigo",47.3213394870982,FALSE,FALSE
1,28,69.4924504275059,3820,1677,,,,5497,TRUE,"ZH","Flaach","Flaach","Flaach","Flaach ZH","Flaach (ZH)","Flaach (ZH)","Zürich","Zurich","Zurigo",47.3213394870982,FALSE,FALSE
1,29,92.7808988764045,6606,514,,,,7120,TRUE,"ZH","Flurlingen","Flurlingen","Flurlingen","Flurlingen ZH","Flurlingen (ZH)","Flurlingen (ZH)","Zürich","Zurich","Zurigo",47.3213394870982,FALSE,FALSE
1,31,74.8726019184652,9991,3353,,,,13344,TRUE,"ZH","Henggart","Henggart","Henggart","Henggart ZH","Henggart (ZH)","Henggart (ZH)","Zürich","Zurich","Zurigo",47.3213394870982,FALSE,FALSE
1,33,56.0089614338294,7000,5498,,,,12498,TRUE,"ZH","Kleinandelfingen","Kleinandelfingen","Kleinandelfingen","Kleinandelfingen ZH","Kleinandelfingen (ZH)","Kleinandelfingen (ZH)","Zürich","Zurich","Zurigo",47.3213394870982,FALSE,FALSE
1,34,48.4168406402227,8349,8895,,,,17244,TRUE,"ZH","Laufen-Uhwiesen","Laufen-Uhwiesen","Laufen-Uhwiesen","Laufen-Uhwiesen ZH","Laufen-Uhwiesen (ZH)","Laufen-Uhwiesen (ZH)","Zürich","Zurich","Zurigo",47.3213394870982,FALSE,FALSE
1,35,92.7054627978603,5719,450,,,,6169,TRUE,"ZH","Marthalen","Marthalen","Marthalen","Marthalen ZH","Marthalen (ZH)","Marthalen (ZH)","Zürich","Zurich","Zurigo",47.3213394870982,FALSE,FALSE
1,37,54.7814207650273,2406,1986,,,,4392,TRUE,"ZH","Ossingen","Ossingen","Ossingen","Ossingen ZH","Ossingen (ZH)","Ossingen (ZH)","Zürich","Zurich","Zurigo",47.3213394870982,FALSE,FALSE
1,38,38.1140350877193,4345,7055,,,,11400,TRUE,"ZH","Rheinau","Rheinau","Rheinau","Rheinau ZH","Rheinau (ZH)","Rheinau (ZH)","Zürich","Zurich","Zurigo",47.3213394870982,FALSE,FALSE
1,39,62.5443539970779,5993,3589,,,,9582,TRUE,"ZH","Thalheim an der Thur","Thalheim an der Thur","Thalheim an der Thur","Thalheim an der Thur ZH","Thalheim an der Thur (ZH)","Thalheim an der Thur (ZH)","Zürich","Zurich","Zurigo",47.3213394870982,FALSE,FALSE
1,40,32.1416053277252,1834,3872,,,,5706,TRUE,"ZH","Trüllikon","Trüllikon","Trüllikon","Trüllikon ZH","Trüllikon (ZH)","Trüllikon (ZH)","Zürich","Zurich","Zurigo",47.3213394870982,FALSE,FALSE
1,41,36.251514150424,3292,5789,,,,9081,TRUE,"ZH","Truttikon","Truttikon","Truttikon","Truttikon ZH","Truttikon (ZH)","Truttikon (ZH)","Zürich","Zurich","Zurigo",47.3213394870982,FALSE,FALSE
1,43,93.9681216793416,9020,579,,,,9599,TRUE,"ZH","Volken","Volken","Volken","Volken ZH","Volken (ZH)","Volken (ZH)","Zürich","Zurich","Zurigo",47.3213394870982,FALSE,FALSE
1,51,45.2384168580305,3349,4054,,,,7403,TRUE,"ZH","Bachenbülach","Bachenbülach","Bachenbülach","Bachenbülach ZH","Bachenbülach (ZH)","Bachenbülach (ZH)","Zürich","Zurich","Zurigo",47.3213394870982,FALSE,FALSE
1,52,99.0934449093445,8526,78,,,,8604,TRUE,"ZH","Bassersdorf","Bassersdorf","Bassersdorf","Bassersdorf ZH","Bassersdorf (ZH)","Bassersdorf (ZH)","Zürich","Zurich","Zurigo",47.3213394870982,FALSE,FALSE
1,53,48.712519058106,5751,6055,,,,11806,TRUE,"ZH","Bülach","Bülach","Bülach","Bülach ZH","Bülach (ZH)","Bülach (ZH)","Zürich","Zurich","Zurigo",47.3213394870982,FALSE,FALSE
1,54,40.9273653176092,3054,4408,,,,7462,TRUE,"ZH","Dietlikon","Dietlikon","Dietlikon","Dietlikon ZH","Dietlikon (ZH)","Dietlikon (ZH)","Zürich","Zurich","Zurigo",47.3213394870982,FALSE,FALSE
1,55,43.191933240612,6211,8169,,,,14380,TRUE,"ZH","Eglisau","Eglisau","Eglisau","Eglisau ZH","Eglisau (ZH)","Eglisau (ZH)","Zürich","Zurich","Zurigo",47.3213394870982,FALSE,FALSE
1,56,57.7561407391016,7830,5727,,,,13557,TRUE,"ZH","Embrach","Embrach","Embrach","Embrach ZH","Embrach (ZH)","Embrach (ZH)","Zürich","Zurich","Zurigo",47.3213394870982,FALSE,FALSE
1,57,44.4884697678104,5614,7005,,,,12619,TRUE,"ZH","Freienstein-Teufen","Freienstein-Teufen","Freienstein-Teufen","Freienstein-Teufen ZH","Freienstein-Teufen (ZH)","Freienstein-Teufen (ZH)","Zürich","Zurich","Zurigo",47.3213394870982,FALSE,FALSE
1,58,88.4675472234058,6229,812,,,,7041,TRUE,"ZH","Glattfelden","Glattfelden","Glattfelden","Glattfelden ZH","Glattfelden (ZH)","Glattfelden (ZH)","Zürich","Zurich","Zurigo",47.3213394870982,FALSE,FALSE
1,59,45.7954545454545,4433,5247,,,,9680,TRUE,"ZH","Hochfelden","Hochfelden","Hochfelden","Hochfelden ZH","Hochfelden (ZH)","Hochfelden (ZH)","Zürich","Zurich","Zurigo",47.3213394870982,FALSE,FALSE
1,60,30.6467088850509,1597,3614,,,,5211,TRUE,"ZH","Höri","Höri","Höri","Höri ZH","Höri (ZH)","Höri (ZH)","Zürich","Zurich","Zurigo",47.3213394870982,FALSE,FALSE
1,61,62.3399146211313,9346,5646,,,,14992,TRUE,"ZH","Hüntwangen","Hüntwangen","Hüntwangen","Hüntwangen ZH","Hüntwangen (ZH)","Hüntwangen (ZH)","Zürich","Zurich","Zurigo",47.3213394870982,FALSE,FALSE
1,62,64.2333154410449,3590,1999,,,,5589,TRUE,"ZH","Kloten","Kloten","Kloten","Kloten ZH","Kloten (ZH)","Kloten (ZH)","Zürich","Zurich","Zurigo",47.3213394870982,FALSE,FALSE
1,63,55.9926687176802,8554,6723,,,,15277,TRUE,"ZH","Lufingen","Lufingen","Lufingen","Lufingen ZH","Lufingen (ZH)","Lufingen (ZH)","Zürich","Zurich","Zurigo",47.3213394870982,FALSE,FALSE
1,64,57.4159525379038,9581,7106,,,,16687,TRUE,"ZH","Nürensdorf","Nürensdorf","Nürensdorf","Nürensdorf ZH","Nürensdorf (ZH)","Nürensdorf (ZH)","Zürich","Zurich","Zurigo",47.3213394870982,FALSE,FALSE
1,65,22.2743870631195,854,2980,,,,3834,TRUE,"ZH","Oberembrach","Oberembrach","Oberembrach","Oberembrach ZH","Oberembrach (ZH)","Oberembrach (ZH)","Zürich","Zurich","Zurigo",47.3213394870982,FALSE,FALSE
1,66,78.769320501604,2701,728,,,,3429,TRUE,"ZH","Opfikon","Opfikon","Opfikon","Opfikon ZH","Opfikon (ZH)","Opfikon (ZH)","Zürich","Zurich","Zurigo",47.3213394870982,FALSE,FALSE
1,67,16.6459111664591,1604,8032,,,,9636,TRUE,"ZH","Rafz","Rafz","Rafz","Rafz ZH","Rafz (ZH)","Rafz (ZH)","Zürich","Zurich","Zurigo",47.3213394870982,FALSE,FALSE
1,68,30.594507741747,4189,9503,,,,13692,TRUE,"ZH","Rorbas","Rorbas","Rorbas","Rorbas ZH","Rorbas (ZH)","Rorbas (ZH)","Zürich","Zurich","Zurigo",47.3213394870982,FALSE,FALSE
1,69,47.0129439097245,8499,9579,,,,18078,TRUE,"ZH","Wallisellen","Wallisellen","Wallisellen","Wallisellen ZH","Wallisellen (ZH)","Wallisellen (ZH)","Zürich","Zurich","Zurigo",47.3213394870982,FALSE,FALSE
1,70,38.9354311401716,3811,5977,,,,9788,TRUE,"ZH","Wasterkingen","Wasterkingen","Wasterkingen","Wasterkingen ZH","Wasterkingen (ZH)","Wasterkingen (ZH)","Zürich","Zurich","Zurigo",47.3213394870982,FALSE,FALSE
1,71,80.5220443079623,3671,888,,,,4559,TRUE,"ZH","Wil ZH","Wil (ZH)","Wil ZH","Wil ZH","Wil (ZH)","Wil (ZH)","Zürich","Zurich","Zurigo",47.3213394870982,FALSE,FALSE
1,72,35.1200557935638,3525,6512,,,,10037,TRUE,"ZH","Winkel","Winkel","Winkel","Winkel ZH","Winkel (ZH)","Winkel (ZH)","Zürich","Zurich","Zurigo",47.3213394870982,FALSE,FALSE
1,81,73.4433374844334,9436,3412,,,,12848,TRUE,"ZH","Bachs","Bachs","Bachs","Bachs ZH","Bachs (ZH)","Bachs (ZH)","Zürich","Zurich","Zurigo",47.3213394870982,FALSE,FALSE
1,82,52.1498054474708,5361,4919,,,,10280,TRUE,"ZH","Boppelsen","Boppelsen","Boppelsen","Boppelsen ZH","Boppelsen (ZH)","Boppelsen (ZH)","Zürich","Zurich","Zurigo",47.3213394870982,FALSE,FALSE
1,83,64.9270597904253,3160,1707,,,,4867,TRUE,"ZH","Buchs ZH","Buchs (ZH)","Buchs ZH","Buchs ZH","Buchs (ZH)","Buchs (ZH)","Zürich","Zurich","Zurigo",47.3213394870982,FALSE,FALSE
1,84,74.2109314857583,3856,1340,,,,5196,TRUE,"ZH","Dällikon","Dällikon","Dällikon","Dällikon ZH","Dällikon (ZH)","Dällikon (ZH)","Zürich","Zurich","Zurigo",47.3213394870982,FALSE,FALSE
1,85,37.5808936825886,2439,4051,,,,6490,TRUE,"ZH","Dänikon","Dänikon","Dänikon","Dänikon ZH","Dänikon (ZH)","Dänikon (ZH)","Zürich","Zurich","Zurigo",47.3213394870982,FALSE,FALSE
1,86,47.9552517091361,3858,4187,,,,8045,TRUE,"ZH","Dielsdorf","Dielsdorf","Dielsdorf","Dielsdorf ZH","Dielsdorf (ZH)","Dielsdorf (ZH)","Zürich","Zurich","Zurigo",47.3213394870982,FALSE,FALSE
1,87,58.8110653325486,4996,3499,,,,8495,TRUE,"ZH","Hüttikon","Hüttikon","Hüttikon","Hüttikon ZH","Hüttikon (ZH)","Hüttikon (ZH)","Zürich","Zurich","Zurigo",47.3213394870982,FALSE,FALSE
1,88,24.5961094625783,2238,6861,,,,9099,TRUE,"ZH","Neerach","Neerach","Neerach","Neerach ZH","Neerach (ZH)","Neerach (ZH)","Zürich","Zurich","Zurigo",47.3213394870982,FALSE,FALSE
1,89,36.9546120058565,5048,8612,,,,13660,TRUE,"ZH","Niederglatt","Niederglatt","Niederglatt","Niederglatt ZH","Niederglatt (ZH)","Niederglatt (ZH)","Zürich","Zurich","Zurigo",47.3213394870982,FALSE,FALSE
1,90,38.5070637647957,4034,6442,,,,10476,TRUE,"ZH","Niederhasli","Niederhasli","Niederhasli","Niederhasli ZH","Niederhasli (ZH)","Niederhasli (ZH)","Zürich","Zurich","Zurigo",47.3213394870982,FALSE,FALSE
1,91,72.733469665985,1067,400,,,,1467,TRUE,"ZH","Niederweningen","Niederweningen","Niederweningen","Niederweningen ZH","Niederweningen (ZH)","Niederweningen (ZH)","Zürich","Zurich","Zurigo",47.3213394870982,FALSE,FALSE
1,92,76.4721485411141,5766,1774,,,,7540,TRUE,"ZH","Oberglatt","Oberglatt","Oberglatt","Oberglatt ZH","Oberglatt (ZH)","Oberglatt (ZH)","Zürich","Zurich","Zurigo",47.3213394870982,FALSE,FALSE
1,93,83.1496622822609,2339,474,,,,2813,TRUE,"ZH","Oberweningen","Oberweningen","Oberweningen","Oberweningen ZH","Oberweningen (ZH)","Oberweningen (ZH)","Zürich","Zurich","Zurigo",47.3213394870982,FALSE,FALSE
1,94,84.9728892331526,6582,1164,,,,7746,TRUE,"ZH","Otelfingen","Otelfingen","Otelfingen","Otelfingen ZH","Otelfingen (ZH)","Otelfingen (ZH)","Zürich","Zurich","Zurigo",47.3213394870982,FALSE,FALSE
1,95,18.9918699186992,1752,7473,,,,9225,TRUE,"ZH","Regensberg","Regensberg","Regensberg","Regensberg ZH","Regensberg (ZH)","Regensberg (ZH)","Zürich","Zurich","Zurigo",47.3213394870982,FALSE,FALSE
1,96,46.1622013034033,3825,4461,,,,8286,TRUE,"ZH","Regensdorf","Regensdorf","Regensdorf","Regensdorf ZH","Regensdorf (ZH)","Regensdorf (ZH)","Zürich","Zurich","Zurigo",47.3213394870982,FALSE,FALSE
1,97,50.7037886773733,8177,7950,,,,16127,TRUE,"ZH","Rümlang","Rümlang","Rümlang","Rümlang ZH","Rümlang (ZH)","Rümlang (ZH)","Zürich","Zurich","Zurigo",47.3213394870982,FALSE,FALSE
1,98,39.744129282047,4722,7159,,,,11881,TRUE,"ZH","Schleinikon","Schleinikon","Schleinikon","Schleinikon ZH","Schleinikon (ZH)","Schleinikon (ZH)","Zürich","Zurich","Zurigo",47.3213394870982,FALSE,FALSE
1,99,99.6399176954732,9685,35,,,,9720,TRUE,"ZH","Schöfflisdorf","Schöfflisdorf","Schöfflisdorf","Schöfflisdorf ZH","Schöfflisdorf (ZH)","Schöfflisdorf (ZH)","Zürich","Zurich","Zurigo",47.3213394870982,FALSE,FALSE
1,100,47.3942624675598,6757,7500,,,,14257,TRUE,"ZH","Stadel","Stadel","Stadel","Stadel ZH","Stadel (ZH)","Stadel (ZH)","Zürich","Zurich","Zurigo",47.3213394870982,FALSE,FALSE
1,101,70.2124952284006,5518,2341,,,,7859,TRUE,"ZH","Steinmaur","Steinmaur","Steinmaur","Steinmaur ZH","Steinmaur (ZH)","Steinmaur (ZH)","Zürich","Zurich","Zurigo",47.3213394870982,FALSE,FALSE
1,102,50.5567010309278,9808,9592,,,,19400,TRUE,"ZH","Weiach","Weiach","Weiach","Weiach ZH","Weiach (ZH)","Weiach (ZH)","Zürich","Zurich","Zurigo",47.3213394870982,FALSE,FALSE
1,111,44.07191129191,6717,8524,,,,15241,TRUE,"ZH","Bäretswil","Bäretswil","Bäretswil","Bäretswil ZH","Bäretswil (ZH)","Bäretswil (ZH)","Zürich","Zurich","Zurigo",47.3213394870982,FALSE,FALSE
1,112,28.1524096953692,2985,7618,,,,10603,TRUE,"ZH","Bubikon","Bubikon","Bubikon","Bubikon ZH","Bubikon (ZH)","Bubikon (ZH)","Zürich","Zurich","Zurigo",47.3213394870982,FALSE,FALSE
1,113,28.2678398329729,3791,9620,,,,13411,TRUE,"ZH","Dürnten","Dürnten","Dürnten","Dürnten ZH","Dürnten (ZH)","Dürnten (ZH)","Zürich","Zurich","Zurigo",47.3213394870982,FALSE,FALSE
1,114,24.5701495574321,2415,7414,,,,9829,TRUE,"ZH","Fischenthal","Fischenthal","Fischenthal","Fischenthal ZH","Fischenthal (ZH)","Fischenthal (ZH)","Zürich","Zurich","Zurigo",47.3213394870982,FALSE,FALSE
1,115,48.5645645645646,4043,4282,,,,8325,TRUE,"ZH","Gossau ZH","Gossau (ZH)","Gossau ZH","Gossau ZH","Gossau (ZH)","Gossau (ZH)","Zürich","Zurich","Zurigo",47.3213394870982,FALSE,FALSE
1,116,72.6512226512227,2258,850,,,,3108,TRUE,"ZH","Grüningen","Grüningen","Grüningen","Grüningen ZH","Grüningen (ZH)","Grüningen (ZH)","Zürich","Zurich","Zurigo",47.3213394870982,FALSE,FALSE
1,117,63.6258108569478,9318,5327,,,,14645,TRUE,"ZH","Hinwil","Hinwil","Hinwil","Hinwil ZH","Hinwil (ZH)","Hinwil (ZH)","Zürich","Zurich","Zurigo",47.3213394870982,FALSE,FALSE
1,118,46.2287257426364,7361,8562,,,,15923,TRUE,"ZH","Rüti ZH","Rüti (ZH)","Rüti ZH","Rüti ZH","Rüti (ZH)","Rüti (ZH)","Zürich","Zurich","Zurigo",47.3213394870982,FALSE,FALSE
1,119,32.0198526094149,4258,9040,,,,13298,TRUE,"ZH","Seegräben","Seegräben","Seegräben","Seegräben ZH","Seegräben (ZH)","Seegräben (ZH)","Zürich","Zurich","Zurigo",47.3213394870982,FALSE,FALSE
1,120,4.18819391008025,381,8716,,,,9097,TRUE,"ZH","Wald ZH","Wald (ZH)","Wald ZH","Wald ZH","Wald (ZH)","Wald (ZH)","Zürich","Zurich","Zurigo",47.3213394870982,FALSE,FALSE
1,121,74.6971365638767,8139,2757,,,,10896,TRUE,"ZH","Wetzikon ZH","Wetzikon (ZH)","Wetzikon ZH","Wetzikon ZH","Wetzikon (ZH)","Wetzikon (ZH)","Zürich","Zurich","Zurigo",47.3213394870982,FALSE,FALSE
1,131,50.0468758616886,9075,9058,,,,18133,TRUE,"ZH","Adliswil","Adliswil","Adliswil","Adliswil ZH","Adliswil (ZH)","Adliswil (ZH)","Zürich","Zurich","Zurigo",47.3213394870982,FALSE,FALSE
1,135,98.074745186863,9526,187,,,,9713,TRUE,"ZH","Kilchberg ZH","Kilchberg (ZH)","Kilchberg ZH","Kilchberg ZH","Kilchberg (ZH)","Kilchberg (ZH)","Zürich","Zurich","Zurigo",47.3213394870982,FALSE,FALSE
1,136,68.9679614403176,4865,2189,,,,7054,TRUE,"ZH","Langnau am Albis","Langnau am Albis","Langnau am Albis","Langnau am Albis ZH","Langnau am Albis (ZH)","Langnau am Albis (ZH)","Zürich","Zurich","Zurigo",47.3213394870982,FALSE,FALSE
1,137,52.078729281768,7541,6939,,,,14480,TRUE,"ZH","Oberrieden","Oberrieden","Oberrieden","Oberrieden ZH","Oberrieden (ZH)","Oberrieden (ZH)","Zürich","Zurich","Zurigo",47.3213394870982,FALSE,FALSE
1,138,68.1015308125082,5205,2438,,,,7643,TRUE,"ZH","Richterswil","Richterswil","Richterswil","Richterswil ZH","Richterswil (ZH)","Richterswil (ZH)","Zürich","Zurich","Zurigo",47.3213394870982,FALSE,FALSE
1,139,49.1919910560016,9680,9998,,,,19678,TRUE,"ZH","Rüschlikon","Rüschlikon","Rüschlikon","Rüschlikon ZH","Rüschlikon (ZH)","Rüschlikon (ZH)","Zürich","Zurich","Zurigo",47.3213394870982,FALSE,FALSE
1,141,55.7788029622435,9189,7285,,,,16474,TRUE,"ZH","Thalwil","Thalwil","Thalwil","Thalwil ZH","Thalwil (ZH)","Thalwil (ZH)","Zürich","Zurich","Zurigo",47.3213394870982,FALSE,FALSE
1,151,20.5588822355289,1442,5572,,,,7014,TRUE,"ZH","Erlenbach ZH","Erlenbach (ZH)","Erlenbach ZH","Erlenbach ZH","Erlenbach (ZH)","Erlenbach (ZH)","Zürich","Zurich","Zurigo",47.3213394870982,FALSE,FALSE
1,152,64.5541277258567,6631,3641,,,,10272,TRUE,"ZH","Herrliberg","Herrliberg","Herrliberg","Herrliberg ZH","Herrliberg (ZH)","Herrliberg (ZH)","Zürich","Zurich","Zurigo",47.3213394870982,FALSE,FALSE
1,153,56.8845098528311,4561,3457,,,,8018,TRUE,"ZH","Hombrechtikon","Hombrechtikon","Hombrechtikon","Hombrechtikon ZH","Hombrechtikon (ZH)","Hombrechtikon (ZH)","Zürich","Zurich","Zurigo",47.3213394870982,FALSE,FALSE
1,154,39.7337731181529,3373,5116,,,,8489,TRUE,"ZH","Küsnacht ZH","Küsnacht (ZH)","Küsnacht ZH","Küsnacht ZH","Küsnacht (ZH)","Küsnacht (ZH)","Zürich","Zurich","Zurigo",47.3213394870982,FALSE,FALSE
1,155,43.6188315371526,769,994,,,,1763,TRUE,"ZH","Männedorf","Männedorf","Männedorf","Männedorf ZH","Männedorf (ZH)","Männedorf (ZH)","Zürich","Zurich","Zurigo",47.3213394870982,FALSE,FALSE
1,156,53.231484088989,7561,6643,,,,14204,TRUE,"ZH","Meilen","Meilen","Meilen","Meilen ZH","Meilen (ZH)","Meilen (ZH)","Zürich","Zurich","Zurigo",47.3213394870982,FALSE,FALSE
1,157,92.8038659523059,8834,685,,,,9519,TRUE,"ZH","Oetwil am See","Oetwil am See","Oetwil am See","Oetwil am See ZH","Oetwil am See (ZH)","Oetwil am See (ZH)","Zürich","Zurich","Zurigo",47.3213394870982,FALSE,FALSE
1,158,67.6629062131672,8037,3841,,,,11878,TRUE,"ZH","Stäfa","Stäfa","Stäfa","Stäfa ZH","Stäfa (ZH)","Stäfa (ZH)","Zürich","Zurich","Zurigo",47.3213394870982,FALSE,FALSE
1,159,31.7797935564592,2032,4362,,,,6394,TRUE,"ZH","Uetikon am See","Uetikon am See","Uetikon am See","Uetikon am See ZH","Uetikon am See (ZH)","Uetikon am See (ZH)","Zürich","Zurich","Zurigo",47.3213394870982,FALSE,FALSE
1,160,53.4647806829547,3742,3257,,,,6999,TRUE,"ZH","Zumikon","Zumikon","Zumikon","Zumikon ZH","Zumikon (ZH)","Zumikon (ZH)","Zürich","Zurich","Zurigo",47.3213394870982,FALSE,FALSE
1,161,20.8488846454301,2402,9119,,,,11521,TRUE,"ZH","Zollikon","Zollikon","Zollikon","Zollikon ZH","Zollikon (ZH)","Zollikon (ZH)","Zürich","Zurich","Zurigo",47.3213394870982,FALSE,FALSE
1,172,66.0092089890729,9605,4946,,,,14551,TRUE,"ZH","Fehraltorf","Fehraltorf","Fehraltorf","Fehraltorf ZH","Fehraltorf (ZH)","Fehraltorf (ZH)","Zürich","Zurich","Zurigo",47.3213394870982,FALSE,FALSE
1,173,73.9242919389978,5429,1915,,,,7344,TRUE,"ZH","Hittnau","Hittnau","Hittnau","Hittnau ZH","Hittnau (ZH)","Hittnau (ZH)","Zürich","Zurich","Zurigo",47.3213394870982,FALSE,FALSE
1,176,20.4213323211236,2152,8386,,,,10538,TRUE,"ZH","Lindau","Lindau","Lindau","Lindau ZH","Lindau (ZH)","Lindau (ZH)","Zürich","Zurich","Zurigo",47.3213394870982,FALSE,FALSE
1,177,2.23463687150838,180,7875,,,,8055,TRUE,"ZH","Pfäffikon","Pfäffikon","Pfäffikon","Pfäffikon ZH","Pfäffikon (ZH)","Pfäffikon (ZH)","Zürich","Zurich","Zurigo",47.3213394870982,FALSE,FALSE
1,178,48.2428115015974,4077,4374,,,,8451,TRUE,"ZH","Russikon","Russikon","Russikon","Russikon ZH","Russikon (ZH)","Russikon (ZH)","Zürich","Zurich","Zurigo",47.3213394870982,FALSE,FALSE
1,180,29.3766639126044,3200,7693,,,,10893,TRUE,"ZH","Weisslingen","Weisslingen","Weisslingen","Weisslingen ZH","Weisslingen (ZH)","Weisslingen (ZH)","Zürich","Zurich","Zurigo",47.3213394870982,FALSE,FALSE
1,181,27.9417078164519,2320,5983,,,,8303,TRUE,"ZH","Wila","Wila","Wila","Wila ZH","Wila (ZH)","Wila (ZH)","Zürich","Zurich","Zurigo",47.3213394870982,FALSE,FALSE
1,182,60.40213377103,1472,965,,,,2437,TRUE,"ZH","Wildberg","Wildberg","Wildberg","Wildberg ZH","Wildberg (ZH)","Wildberg (ZH)","Zürich","Zurich","Zurigo",47.3213394870982,FALSE,FALSE
1,191,86.7751888498777,8156,1243,,,,9399,TRUE,"ZH","Dübendorf","Dübendorf","Dübendorf","Dübendorf ZH","Dübendorf (ZH)","Dübendorf (ZH)","Zürich","Zurich","Zurigo",47.3213394870982,FALSE,FALSE
1,192,35.1274787535411,3224,5954,,,,9178,TRUE,"ZH","Egg","Egg","Egg","Egg ZH","Egg (ZH)","Egg (ZH)","Zürich","Zurich","Zurigo",47.3213394870982,FALSE,FALSE
1,193,56.934977406755,7434,5623,,,,13057,TRUE,"ZH","Fällanden","Fällanden","Fällanden","Fällanden ZH","Fällanden (ZH)","Fällanden (ZH)","Zürich","Zurich","Zurigo",47.3213394870982,FALSE,FALSE
1,194,79.9567995679957,8884,2227,,,,11111,TRUE,"ZH","Greifensee","Greifensee","Greifensee","Greifensee ZH","Greifensee (ZH)","Greifensee (ZH)","Zürich","Zurich","Zurigo",47.3213394870982,FALSE,FALSE
1,195,69.6408769086411,8164,3559,,,,11723,TRUE,"ZH","Maur","Maur","Maur","Maur ZH","Maur (ZH)","Maur (ZH)","Zürich","Zurich","Zurigo",47.3213394870982,FALSE,FALSE
1,196,54.4030649614063,9656,8093,,,,17749,TRUE,"ZH","Mönchaltorf","Mönchaltorf","Mönchaltorf","Mönchaltorf ZH","Mönchaltorf (ZH)","Mönchaltorf (ZH)","Zürich","Zurich","Zurigo",47.3213394870982,FALSE,FALSE
1,197,47.1019900497512,7574,8506,,,,16080,TRUE,"ZH","Schwerzenbach","Schwerzenbach","Schwerzenbach","Schwerzenbach ZH","Schwerzenbach (ZH)","Schwerzenbach (ZH)","Zürich","Zurich","Zurigo",47.3213394870982,FALSE,FALSE
1,198,78.0304753240846,3431,966,,,,4397,TRUE,"ZH","Uster","Uster","Uster","Uster ZH","Uster (ZH)","Uster (ZH)","Zürich","Zurich","Zurigo",47.3213394870982,FALSE,FALSE
1,199,33.6146729427041,2071,4090,,,,6161,TRUE,"ZH","Volketswil","Volketswil","Volketswil","Volketswil ZH","Volketswil (ZH)","Volketswil (ZH)","Zürich","Zurich","Zurigo",47.3213394870982,FALSE,FALSE
1,200,30.7515430231151,2541,5722,,,,8263,TRUE,"ZH","Wangen-Brüttisellen","Wangen-Brüttisellen","Wangen-Brüttisellen","Wangen-Brüttisellen ZH","Wangen-Brüttisellen (ZH)","Wangen-Brüttisellen (ZH)","Zürich","Zurich","Zurigo",47.3213394870982,FALSE,FALSE
1,211,26.2083780880773,1708,4809,,,,6517,TRUE,"ZH","Altikon","Altikon","Altikon","Altikon ZH","Altikon (ZH)","Altikon (ZH)","Zürich","Zurich","Zurigo",47.3213394870982,FALSE,FALSE
1,213,54.0082095858988,8947,7619,,,,16566,TRUE,"ZH","Brütten","Brütten","Brütten","Brütten ZH","Brütten (ZH)","Brütten (ZH)","Zürich","Zurich","Zurigo",47.3213394870982,FALSE,FALSE
1,214,45.1585261353899,2108,2560,,,,4668,TRUE,"ZH","Dägerlen","Dägerlen","Dägerlen","Dägerlen ZH","Dägerlen (ZH)","Dägerlen (ZH)","Zürich","Zurich","Zurigo",47.3213394870982,FALSE,FALSE
1,215,29.541547277937,3093,7377,,,,10470,TRUE,"ZH","Dättlikon","Dättlikon","Dättlikon","Dättlikon ZH","Dättlikon (ZH)","Dättlikon (ZH)","Zürich","Zurich","Zurigo",47.3213394870982,FALSE,FALSE
1,216,49.5119094103866,1268,1293,,,,2561,TRUE,"ZH","Dinhard","Dinhard","Dinhard","Dinhard ZH","Dinhard (ZH)","Dinhard (ZH)","Zürich","Zurich","Zurigo",47.3213394870982,FALSE,FALSE
1,218,46.2913702443551,7483,8682,,,,16165,TRUE,"ZH","Ellikon an der Thur","Ellikon an der Thur","Ellikon an der Thur","Ellikon an der Thur ZH","Ellikon an der Thur (ZH)","Ellikon an der Thur (ZH)","Zürich","Zurich","Zurigo",47.3213394870982,FALSE,FALSE
1,219,31.1675971017936,2624,5795,,,,8419,TRUE,"ZH","Elsau","Elsau","Elsau","Elsau ZH","Elsau (ZH)","Elsau (ZH)","Zürich","Zurich","Zurigo",47.3213394870982,FALSE,FALSE
1,220,45.4451464675474,3956,4749,,,,8705,TRUE,"ZH","Hagenbuch","Hagenbuch","Hagenbuch","Hagenbuch ZH","Hagenbuch (ZH)","Hagenbuch (ZH)","Zürich","Zurich","Zurigo",47.3213394870982,FALSE,FALSE
1,221,33.8084837337625,2941,5758,,,,8699,TRUE,"ZH","Hettlingen","Hettlingen","Hettlingen","Hettlingen ZH","Hettlingen (ZH)","Hettlingen (ZH)","Zürich","Zurich","Zurigo",47.3213394870982,FALSE,FALSE
1,223,62.5900747790619,9207,5503,,,,14710,TRUE,"ZH","Neftenbach","Neftenbach","Neftenbach","Neftenbach ZH","Neftenbach (ZH)","Neftenbach (ZH)","Zürich","Zurich","Zurigo",47.3213394870982,FALSE,FALSE
1,224,40.4126824358329,4818,7104,,,,11922,TRUE,"ZH","Pfungen","Pfungen","Pfungen","Pfungen ZH","Pfungen (ZH)","Pfungen (ZH)","Zürich","Zurich","Zurigo",47.3213394870982,FALSE,FALSE
1,225,85.2764094143404,3116,538,,,,3654,TRUE,"ZH","Rickenbach ZH","Rickenbach (ZH)","Rickenbach ZH","Rickenbach ZH","Rickenbach (ZH)","Rickenbach (ZH)","Zürich","Zurich","Zurigo",47.3213394870982,FALSE,FALSE
1,226,37.0223503965393,5135,8735,,,,13870,TRUE,"ZH","Schlatt ZH","Schlatt (ZH)","Schlatt ZH","Schlatt ZH","Schlatt (ZH)","Schlatt (ZH)","Zürich","Zurich","Zurigo",47.3213394870982,FALSE,FALSE
1,227,80.4523424878837,9960,2420,,,,12380,TRUE,"ZH","Seuzach","Seuzach","Seuzach","Seuzach ZH","Seuzach (ZH)","Seuzach (ZH)","Zürich","Zurich","Zurigo",47.3213394870982,FALSE,FALSE
1,228,4.37488033697109,457,9989,,,,10446,TRUE,"ZH","Turbenthal","Turbenthal","Turbenthal","Turbenthal ZH","Turbenthal (ZH)","Turbenthal (ZH)","Zürich","Zurich","Zurigo",47.3213394870982,FALSE,FALSE
1,230,44.1324441324441,7544,9550,,,,17094,TRUE,"ZH","Winterthur","Winterthour","Winterthour","Winterthur ZH","Winterthour (ZH)","Winterthour (ZH)","Zürich","Zurich","Zurigo",47.3213394870982,FALSE,FALSE
1,231,46.6491924057807,6585,7531,,,,14116,TRUE,"ZH","Zell ZH","Zell (ZH)","Zell ZH","Zell ZH","Zell (ZH)","Zell (ZH)","Zürich","Zurich","Zurigo",47.3213394870982,FALSE,FALSE
1,241,41.760627072656,6926,9659,,,,16585,TRUE,"ZH","Aesch ZH","Aesch (ZH)","Aesch ZH","Aesch ZH","Aesch (ZH)","Aesch (ZH)","Zürich","Zurich","Zurigo",47.3213394870982,FALSE,FALSE
1,242,44.0602500947329,4651,5905,,,,10556,TRUE,"ZH","Birmensdorf ZH","Birmensdorf (ZH)","Birmensdorf ZH","Birmensdorf ZH","Birmensdorf (ZH)","Birmensdorf (ZH)","Zürich","Zurich","Zurigo",47.3213394870982,FALSE,FALSE
1,243,38.5787567893784,5114,8142,,,,13256,TRUE,"ZH","Dietikon","Dietikon","Dietikon","Dietikon ZH","Dietikon (ZH)","Dietikon (ZH)","Zürich","Zurich","Zurigo",47.3213394870982,FALSE,FALSE
1,244,49.5471338338696,8315,8467,,,,16782,TRUE,"ZH","Geroldswil","Geroldswil","Geroldswil","Geroldswil ZH","Geroldswil (ZH)","Geroldswil (ZH)","Zürich","Zurich","Zurigo",47.3213394870982,FALSE,FALSE
1,245,93.2119205298013,8445,615,,,,9060,TRUE,"ZH","Oberengstringen","Oberengstringen","Oberengstringen","Oberengstringen ZH","Oberengstringen (ZH)","Oberengstringen (ZH)","Zürich","Zurich","Zurigo",47.3213394870982,FALSE,FALSE
1,246,30.0563236047107,1174,2732,,,,3906,TRUE,"ZH","Oetwil an der Limmat","Oetwil an der Limmat","Oetwil an der Limmat","Oetwil an der Limmat ZH","Oetwil an der Limmat (ZH)","Oetwil an der Limmat (ZH)","Zürich","Zurich","Zurigo",47.3213394870982,FALSE,FALSE
1,247,87.9901002995962,6755,922,,,,7677,TRUE,"ZH","Schlieren","Schlieren","Schlieren","Schlieren ZH","Schlieren (ZH)","Schlieren (ZH)","Zürich","Zurich","Zurigo",47.3213394870982,FALSE,FALSE
1,248,62.9667003027245,624,367,,,,991,TRUE,"ZH","Uitikon","Uitikon","Uitikon","Uitikon ZH","Uitikon (ZH)","Uitikon (ZH)","Zürich","Zurich","Zurigo",47.3213394870982,FALSE,FALSE
1,249,98.3333333333333,8083,137,,,,8220,TRUE,"ZH","Unterengstringen","Unterengstringen","Unterengstringen","Unterengstringen ZH","Unterengstringen (ZH)","Unterengstringen (ZH)","Zürich","Zurich","Zurigo",47.3213394870982,FALSE,FALSE
1,250,45.6771530566711,8189,9739,,,,17928,TRUE,"ZH","Urdorf","Urdorf","Urdorf","Urdorf ZH","Urdorf (ZH)","Urdorf (ZH)","Zürich","Zurich","Zurigo",47.3213394870982,FALSE,FALSE
1,251,57.7756980190298,3704,2707,,,,6411,TRUE,"ZH","Weiningen ZH","Weiningen (ZH)","Weiningen ZH","Weiningen ZH","Weiningen (ZH)","Weiningen (ZH)","Zürich","Zurich","Zurigo",47.3213394870982,FALSE,FALSE
1,261,92.9125138427464,1678,128,,,,1806,TRUE,"ZH","Zürich","Zurich","Zurigo","Zürich ZH","Zurich (ZH)","Zurigo (ZH)","Zürich","Zurich","Zurigo",47.3213394870982,FALSE,FALSE
1,291,0.127877237851662,7,5467,,,,5474,TRUE,"ZH","Andelfingen","Andelfingen","Andelfingen","Andelfingen ZH","Andelfingen (ZH)","Andelfingen (ZH)","Zürich","Zurich","Zurigo",47.3213394870982,FALSE,FALSE
1,292,51.1674170243953,9774,9328,,,,19102,TRUE,"ZH","Stammheim","Stammheim","Stammheim","Stammheim ZH","Stammheim (ZH)","Stammheim (ZH)","Zürich","Zurich","Zurigo",47.3213394870982,FALSE,FALSE
1,293,10.8155255124291,744,6135,,,,6879,TRUE,"ZH","Wädenswil","Wädenswil","Wädenswil","Wädenswil ZH","Wädenswil (ZH)","Wädenswil (ZH)","Zürich","Zurich","Zurigo",47.3213394870982,FALSE,FALSE
1,294,28.3724091063541,1670,4216,,,,5886,TRUE,"ZH","Elgg","Elgg","Elgg","Elgg ZH","Elgg (ZH)","Elgg (ZH)","Zürich","Zurich","Zurigo",47.3213394870982,FALSE,FALSE
1,295,19.4049279404928,2087,8668,,,,10755,TRUE,"ZH","Horgen","Horgen","Horgen","Horgen ZH","Horgen (ZH)","Horgen (ZH)","Zürich","Zurich","Zurigo",47.3213394870982,FALSE,FALSE
1,296,59.3905654849106,6081,4158,,,,10239,TRUE,"ZH","Illnau-Effretikon","Illnau-Effretikon","Illnau-Effretikon","Illnau-Effretikon ZH","Illnau-Effretikon (ZH)","Illnau-Effretikon (ZH)","Zürich","Zurich","Zurigo",47.3213394870982,FALSE,FALSE
1,297,37.9464285714286,1870,3058,,,,4928,TRUE,"ZH","Bauma","Bauma","Bauma","Bauma ZH","Bauma (ZH)","Bauma (ZH)","Zürich","Zurich","Zurigo",47.3213394870982,FALSE,FALSE
1,298,44.1117529175999,7484,9482,,,,16966,TRUE,"ZH","Wiesendangen","Wiesendangen","Wiesendangen","Wiesendangen ZH","Wiesendangen (ZH)","Wiesendangen (ZH)","Zürich","Zurich","Zurigo",47.3213394870982,FALSE,FALSE
2,301,30.1204819277108,3250,7540,,,,10790,TRUE,"BE","Aarberg","Aarberg","Aarberg","Aarberg BE","Aarberg (BE)","Aarberg (BE)","Bern","Berne","Berna",26.7964818747714,FALSE,FALSE
2,302,45.936906806472,5082,5981,,,,11063,TRUE,"BE","Bargen BE","Bargen (BE)","Bargen BE","Bargen BE","Bargen (BE)","Bargen (BE)","Bern","Berne","Berna",26.7964818747714,FALSE,FALSE
2,303,91.4738124238733,1502,140,,,,1642,TRUE,"BE","Grossaffoltern","Grossaffoltern","Grossaffoltern","Grossaffoltern BE","Grossaffoltern (BE)","Grossaffoltern (BE)","Bern","Berne","Berna",26.7964818747714,FALSE,FALSE
2,304,11.7277749874435,467,3515,,,,3982,TRUE,"BE","Kallnach","Kallnach","Kallnach","Kallnach BE","Kallnach (BE)","Kallnach (BE)","Bern","Berne","Berna",26.7964818747714,FALSE,FALSE
2,305,43.5211267605634,4326,5614,,,,9940,TRUE,"BE","Kappelen","Kappelen","Kappelen","Kappelen BE","Kappelen (BE)","Kappelen (BE)","Bern","Berne","Berna",26.7964818747714,FALSE,FALSE
2,306,68.4921504198613,3752,1726,,,,5478,TRUE,"BE","Lyss","Lyss","Lyss","Lyss BE","Lyss (BE)","Lyss (BE)","Bern","Berne","Berna",26.7964818747714,FALSE,FALSE
2,307,72.0417107450506,4767,1850,,,,6617,TRUE,"BE","Meikirch","Meikirch","Meikirch","Meikirch BE","Meikirch (BE)","Meikirch (BE)","Bern","Berne","Berna",26.7964818747714,FALSE,FALSE
2,309,79.2964404894327,5703,1489,,,,7192,TRUE,"BE","Radelfingen","Radelfingen","Radelfingen","Radelfingen BE","Radelfingen (BE)","Radelfingen (BE)","Bern","Berne","Berna",26.7964818747714,FALSE,FALSE
2,310,8.19718309859155,582,6518,,,,7100,TRUE,"BE","Rapperswil BE","Rapperswil (BE)","Rapperswil BE","Rapperswil BE","Rapperswil (BE)","Rapperswil (BE)","Bern","Berne","Berna",26.7964818747714,FALSE,FALSE
2,311,33.206288708909,4879,9814,,,,14693,TRUE,"BE","Schüpfen","Schüpfen","Schüpfen","Schüpfen BE","Schüpfen (BE)","Schüpfen (BE)","Bern","Berne","Berna",26.7964818747714,FALSE,FALSE
2,312,41.9515530377027,4295,5943,,,,10238,TRUE,"BE","Seedorf BE","Seedorf (BE)","Seedorf BE","Seedorf BE","Seedorf (BE)","Seedorf (BE)","Bern","Berne","Berna",26.7964818747714,FALSE,FALSE
2,321,96.2438816769525,9045,353,,,,9398,TRUE,"BE","Aarwangen","Aarwangen","Aarwangen","Aarwangen BE","Aarwangen (BE)","Aarwangen (BE)","Bern","Berne","Berna",26.7964818747714,FALSE,FALSE
2,322,50.9365244536941,9790,9430,,,,19220,TRUE,"BE","Auswil","Auswil","Auswil","Auswil BE","Auswil (BE)","Auswil (BE)","Bern","Berne","Berna",26.7964818747714,FALSE,FALSE
2,323,78.9692962593968,8719,2322,,,,11041,TRUE,"BE","Bannwil","Bannwil","Bannwil","Bannwil BE","Bannwil (BE)","Bannwil (BE)","Bern","Berne","Berna",26.7964818747714,FALSE,FALSE
2,324,5.60612329333885,542,9126,,,,9668,TRUE,"BE","Bleienbach","Bleienbach","Bleienbach","Bleienbach BE","Bleienbach (BE)","Bleienbach (BE)","Bern","Berne","Berna",26.7964818747714,FALSE,FALSE
2,325,20.1242236024845,324,1286,,,,1610,TRUE,"BE","Busswil bei Melchnau","Busswil bei Melchnau","Busswil bei Melchnau","Busswil bei Melchnau BE","Busswil bei Melchnau (BE)","Busswil bei Melchnau (BE)","Bern","Berne","Berna",26.7964818747714,FALSE,FALSE
2,326,74.412247129579,2722,936,,,,3658,TRUE,"BE","Gondiswil","Gondiswil","Gondiswil","Gondiswil BE","Gondiswil (BE)","Gondiswil (BE)","Bern","Berne","Berna",26.7964818747714,FALSE,FALSE
2,329,42.8199791883455,7407,9891,,,,17298,TRUE,"BE","Langenthal","Langenthal","Langenthal","Langenthal BE","Langenthal (BE)","Langenthal (BE)","Bern","Berne","Berna",26.7964818747714,FALSE,FALSE
2,331,47.146904087414,3495,3918,,,,7413,TRUE,"BE","Lotzwil","Lotzwil","Lotzwil","Lotzwil BE","Lotzwil (BE)","Lotzwil (BE)","Bern","Berne","Berna",26.7964818747714,FALSE,FALSE
2,332,53.0001065757221,9946,8820,,,,18766,TRUE,"BE","Madiswil","Madiswil","Madiswil","Madiswil BE","Madiswil (BE)","Madiswil (BE)","Bern","Berne","Berna",26.7964818747714,FALSE,FALSE
2,333,53.2213108226487,6683,5874,,,,12557,TRUE,"BE","Melchnau","Melchnau","Melchnau","Melchnau BE","Melchnau (BE)","Melchnau (BE)","Bern","Berne","Berna",26.7964818747714,FALSE,FALSE
2,335,38.5932184790958,3517,5596,,,,9113,TRUE,"BE","Oeschenbach","Oeschenbach","Oeschenbach","Oeschenbach BE","Oeschenbach (BE)","Oeschenbach (BE)","Bern","Berne","Berna",26.7964818747714,FALSE,FALSE
2,336,46.676718180676,7430,8488,,,,15918,TRUE,"BE","Reisiswil","Reisiswil","Reisiswil","Reisiswil BE","Reisiswil (BE)","Reisiswil (BE)","Bern","Berne","Berna",26.7964818747714,FALSE,FALSE
2,337,53.224543867044,8839,7768,,,,16607,TRUE,"BE","Roggwil BE","Roggwil (BE)","Roggwil BE","Roggwil BE","Roggwil (BE)","Roggwil (BE)","Bern","Berne","Berna",26.7964818747714,FALSE,FALSE
2,338,48.739915162605,5860,6163,,,,12023,TRUE,"BE","Rohrbach","Rohrbach","Rohrbach","Rohrbach BE","Rohrbach (BE)","Rohrbach (BE)","Bern","Berne","Berna",26.7964818747714,FALSE,FALSE
2,339,82.8458386321888,5863,1214,,,,7077,TRUE,"BE","Rohrbachgraben","Rohrbachgraben","Rohrbachgraben","Rohrbachgraben BE","Rohrbachgraben (BE)","Rohrbachgraben (BE)","Bern","Berne","Berna",26.7964818747714,FALSE,FALSE
2,340,56.3949825305,9846,7613,,,,17459,TRUE,"BE","Rütschelen","Rütschelen","Rütschelen","Rütschelen BE","Rütschelen (BE)","Rütschelen (BE)","Bern","Berne","Berna",26.7964818747714,FALSE,FALSE
2,341,57.7523044197589,4887,3575,,,,8462,TRUE,"BE","Schwarzhäusern","Schwarzhäusern","Schwarzhäusern","Schwarzhäusern BE","Schwarzhäusern (BE)","Schwarzhäusern (BE)","Bern","Berne","Berna",26.7964818747714,FALSE,FALSE
2,342,54.7605308713214,949,784,,,,1733,TRUE,"BE","Thunstetten","Thunstetten","Thunstetten","Thunstetten BE","Thunstetten (BE)","Thunstetten (BE)","Bern","Berne","Berna",26.7964818747714,FALSE,FALSE
2,344,96.1604584527221,3356,134,,,,3490,TRUE,"BE","Ursenbach","Ursenbach","Ursenbach","Ursenbach BE","Ursenbach (BE)","Ursenbach (BE)","Bern","Berne","Berna",26.7964818747714,FALSE,FALSE
2,345,73.1530620840704,8684,3187,,,,11871,TRUE,"BE","Wynau","Wynau","Wynau","Wynau BE","Wynau (BE)","Wynau (BE)","Bern","Berne","Berna",26.7964818747714,FALSE,FALSE
2,351,37.3551927376194,5514,9247,,,,14761,TRUE,"BE","Bern","Berne","Berna","Bern BE","Berne (BE)","Berna (BE)","Bern","Berne","Berna",26.7964818747714,FALSE,FALSE
2,352,48.8622310165719,3951,4135,,,,8086,TRUE,"BE","Bolligen","Bolligen","Bolligen","Bolligen BE","Bolligen (BE)","Bolligen (BE)","Bern","Berne","Berna",26.7964818747714,FALSE,FALSE
2,353,45.9970049533464,7986,9376,,,,17362,TRUE,"BE","Bremgarten bei Bern","Bremgarten bei Bern","Bremgarten bei Bern","Bremgarten bei Bern BE","Bremgarten bei Bern (BE)","Bremgarten bei Bern (BE)","Bern","Berne","Berna",26.7964818747714,FALSE,FALSE
2,354,60.1717659688674,2242,1484,,,,3726,TRUE,"BE","Kirchlindach","Kirchlindach","Kirchlindach","Kirchlindach BE","Kirchlindach (BE)","Kirchlindach (BE)","Bern","Berne","Berna",26.7964818747714,FALSE,FALSE
2,355,69.1603053435115,8154,3636,,,,11790,TRUE,"BE","Köniz","Köniz","Köniz","Köniz BE","Köniz (BE)","Köniz (BE)","Bern","Berne","Berna",26.7964818747714,FALSE,FALSE
2,356,32.8498762716525,4779,9769,,,,14548,TRUE,"BE","Muri bei Bern","Muri bei Bern","Muri bei Bern","Muri bei Bern BE","Muri bei Bern (BE)","Muri bei Bern (BE)","Bern","Berne","Berna",26.7964818747714,FALSE,FALSE
2,357,83.2115742730268,5809,1172,,,,6981,TRUE,"BE","Oberbalm","Oberbalm","Oberbalm","Oberbalm BE","Oberbalm (BE)","Oberbalm (BE)","Bern","Berne","Berna",26.7964818747714,FALSE,FALSE
2,358,54.7490347490347,9217,7618,,,,16835,TRUE,"BE","Stettlen","Stettlen","Stettlen","Stettlen BE","Stettlen (BE)","Stettlen (BE)","Bern","Berne","Berna",26.7964818747714,FALSE,FALSE
2,359,55.8965054823696,7086,5591,,,,12677,TRUE,"BE","Vechigen","Vechigen","Vechigen","Vechigen BE","Vechigen (BE)","Vechigen (BE)","Bern","Berne","Berna",26.7964818747714,FALSE,FALSE
2,360,85.2062416838031,7044,1223,,,,8267,TRUE,"BE","Wohlen bei Bern","Wohlen bei Bern","Wohlen bei Bern","Wohlen bei Bern BE","Wohlen bei Bern (BE)","Wohlen bei Bern (BE)","Bern","Berne","Berna",26.7964818747714,FALSE,FALSE
2,361,57.4784179883558,5726,4236,,,,9962,TRUE,"BE","Zollikofen","Zollikofen","Zollikofen","Zollikofen BE","Zollikofen (BE)","Zollikofen (BE)","Bern","Berne","Berna",26.7964818747714,FALSE,FALSE
2,362,81.7813765182186,4040,900,,,,4940,TRUE,"BE","Ittigen","Ittigen","Ittigen","Ittigen BE","Ittigen (BE)","Ittigen (BE)","Bern","Berne","Berna",26.7964818747714,FALSE,FALSE
2,363,69.967414916727,3865,1659,,,,5524,TRUE,"BE","Ostermundigen","Ostermundigen","Ostermundigen","Ostermundigen BE","Ostermundigen (BE)","Ostermundigen (BE)","Bern","Berne","Berna",26.7964818747714,FALSE,FALSE
2,371,35.5718436344427,5387,9757,,,,15144,TRUE,"BE","Biel BE","Bienne","Bienne","Biel BE","Bienne (BE)","Bienne (BE)","Bern","Berne","Berna",26.7964818747714,FALSE,FALSE
2,372,75.0780289416438,7938,2635,,,,10573,TRUE,"BE","Leubringen","Evilard","Evilard","Leubringen BE","Evilard (BE)","Evilard (BE)","Bern","Berne","Berna",26.7964818747714,FALSE,FALSE
2,381,42.9351121892056,7080,9410,,,,16490,TRUE,"BE","Arch","Arch","Arch","Arch BE","Arch (BE)","Arch (BE)","Bern","Berne","Berna",26.7964818747714,FALSE,FALSE
2,382,60.7948835084513,6654,4291,,,,10945,TRUE,"BE","Büetigen","Büetigen","Büetigen","Büetigen BE","Büetigen (BE)","Büetigen (BE)","Bern","Berne","Berna",26.7964818747714,FALSE,FALSE
2,383,32.2868052609249,761,1596,,,,2357,TRUE,"BE","Büren an der Aare","Büren an der Aare","Büren an der Aare","Büren an der Aare BE","Büren an der Aare (BE)","Büren an der Aare (BE)","Bern","Berne","Berna",26.7964818747714,FALSE,FALSE
2,385,38.9097140409125,3633,5704,,,,9337,TRUE,"BE","Diessbach bei Büren","Diessbach bei Büren","Diessbach bei Büren","Diessbach bei Büren BE","Diessbach bei Büren (BE)","Diessbach bei Büren (BE)","Bern","Berne","Berna",26.7964818747714,FALSE,FALSE
2,386,40.5414438502674,6065,8895,,,,14960,TRUE,"BE","Dotzigen","Dotzigen","Dotzigen","Dotzigen BE","Dotzigen (BE)","Dotzigen (BE)","Bern","Berne","Berna",26.7964818747714,FALSE,FALSE
2,387,83.3393350138039,6943,1388,,,,8331,TRUE,"BE","Lengnau BE","Longeau","Longeau","Lengnau BE","Longeau (BE)","Longeau (BE)","Bern","Berne","Berna",26.7964818747714,FALSE,FALSE
2,388,30.6073685833205,3971,9003,,,,12974,TRUE,"BE","Leuzigen","Leuzigen","Leuzigen","Leuzigen BE","Leuzigen (BE)","Leuzigen (BE)","Bern","Berne","Berna",26.7964818747714,FALSE,FALSE
2,390,31.7204301075269,1829,3937,,,,5766,TRUE,"BE","Meinisberg","Meinisberg","Meinisberg","Meinisberg BE","Meinisberg (BE)","Meinisberg (BE)","Bern","Berne","Berna",26.7964818747714,FALSE,FALSE
2,391,48.3108767818785,2474,2647,,,,5121,TRUE,"BE","Oberwil bei Büren","Oberwil bei Büren","Oberwil bei Büren","Oberwil bei Büren BE","Oberwil bei Büren (BE)","Oberwil bei Büren (BE)","Bern","Berne","Berna",26.7964818747714,FALSE,FALSE
2,392,42.85195144996,5896,7863,,,,13759,TRUE,"BE","Pieterlen","Perles","Perles","Pieterlen BE","Perles (BE)","Perles (BE)","Bern","Berne","Berna",26.7964818747714,FALSE,FALSE
2,393,33.2972972972973,616,1234,,,,1850,TRUE,"BE","Rüti bei Büren","Rüti bei Büren","Rüti bei Büren","Rüti bei Büren BE","Rüti bei Büren (BE)","Rüti bei Büren (BE)","Bern","Berne","Berna",26.7964818747714,FALSE,FALSE
2,394,83.534347142108,9558,1884,,,,11442,TRUE,"BE","Wengi","Wengi","Wengi","Wengi BE","Wengi (BE)","Wengi (BE)","Bern","Berne","Berna",26.7964818747714,FALSE,FALSE
2,401,20.3050713153724,1025,4023,,,,5048,TRUE,"BE","Aefligen","Aefligen","Aefligen","Aefligen BE","Aefligen (BE)","Aefligen (BE)","Bern","Berne","Berna",26.7964818747714,FALSE,FALSE
2,402,26.7798208392268,1136,3106,,,,4242,TRUE,"BE","Alchenstorf","Alchenstorf","Alchenstorf","Alchenstorf BE","Alchenstorf (BE)","Alchenstorf (BE)","Bern","Berne","Berna",26.7964818747714,FALSE,FALSE
2,403,22.4643899090441,2618,9036,,,,11654,TRUE,"BE","Bäriswil","Bäriswil","Bäriswil","Bäriswil BE","Bäriswil (BE)","Bäriswil (BE)","Bern","Berne","Berna",26.7964818747714,FALSE,FALSE
2,404,24.9237029501526,980,2952,,,,3932,TRUE,"BE","Burgdorf","Berthoud","Berthoud","Burgdorf BE","Berthoud (BE)","Berthoud (BE)","Bern","Berne","Berna",26.7964818747714,FALSE,FALSE
2,405,77.1139781411784,9384,2785,,,,12169,TRUE,"BE","Ersigen","Ersigen","Ersigen","Ersigen BE","Ersigen (BE)","Ersigen (BE)","Bern","Berne","Berna",26.7964818747714,FALSE,FALSE
2,406,11.761741584358,1167,8755,,,,9922,TRUE,"BE","Hasle bei Burgdorf","Hasle bei Burgdorf","Hasle bei Burgdorf","Hasle bei Burgdorf BE","Hasle bei Burgdorf (BE)","Hasle bei Burgdorf (BE)","Bern","Berne","Berna",26.7964818747714,FALSE,FALSE
2,407,10.6782511210762,762,6374,,,,7136,TRUE,"BE","Heimiswil","Heimiswil","Heimiswil","Heimiswil BE","Heimiswil (BE)","Heimiswil (BE)","Bern","Berne","Berna",26.7964818747714,FALSE,FALSE
2,409,90.5134899912968,9360,981,,,,10341,TRUE,"BE","Hindelbank","Hindelbank","Hindelbank","Hindelbank BE","Hindelbank (BE)","Hindelbank (BE)","Bern","Berne","Berna",26.7964818747714,FALSE,FALSE
2,410,42.4145543122479,5572,7565,,,,13137,TRUE,"BE","Höchstetten","Höchstetten","Höchstetten","Höchstetten BE","Höchstetten (BE)","Höchstetten (BE)","Bern","Berne","Berna",26.7964818747714,FALSE,FALSE
2,411,77.4393459915612,5873,1711,,,,7584,TRUE,"BE","Kernenried","Kernenried","Kernenried","Kernenried BE","Kernenried (BE)","Kernenried (BE)","Bern","Berne","Berna",26.7964818747714,FALSE,FALSE
2,412,41.7923691215617,1884,2624,,,,4508,TRUE,"BE","Kirchberg BE","Kirchberg (BE)","Kirchberg BE","Kirchberg BE","Kirchberg (BE)","Kirchberg (BE)","Bern","Berne","Berna",26.7964818747714,FALSE,FALSE
2,413,34.6189164370983,754,1424,,,,2178,TRUE,"BE","Koppigen","Koppigen","Koppigen","Koppigen BE","Koppigen (BE)","Koppigen (BE)","Bern","Berne","Berna",26.7964818747714,FALSE,FALSE
2,414,35.8871535106233,5101,9113,,,,14214,TRUE,"BE","Krauchthal","Krauchthal","Krauchthal","Krauchthal BE","Krauchthal (BE)","Krauchthal (BE)","Bern","Berne","Berna",26.7964818747714,FALSE,FALSE
2,415,62.2478991596639,2963,1797,,,,4760,TRUE,"BE","Lyssach","Lyssach","Lyssach","Lyssach BE","Lyssach (BE)","Lyssach (BE)","Bern","Berne","Berna",26.7964818747714,FALSE,FALSE
2,418,57.3880549749826,9061,6728,,,,15789,TRUE,"BE","Oberburg","Oberburg","Oberburg","Oberburg BE","Oberburg (BE)","Oberburg (BE)","Bern","Berne","Berna",26.7964818747714,FALSE,FALSE
2,420,30.5621758026076,4360,9906,,,,14266,TRUE,"BE","Rüdtligen-Alchenflüh","Rüdtligen-Alchenflüh","Rüdtligen-Alchenflüh","Rüdtligen-Alchenflüh BE","Rüdtligen-Alchenflüh (BE)","Rüdtligen-Alchenflüh (BE)","Bern","Berne","Berna",26.7964818747714,FALSE,FALSE
2,421,42.3046918533378,3796,5177,,,,8973,TRUE,"BE","Rumendingen","Rumendingen","Rumendingen","Rumendingen BE","Rumendingen (BE)","Rumendingen (BE)","Bern","Berne","Berna",26.7964818747714,FALSE,FALSE
2,422,71.4727396123972,9478,3783,,,,13261,TRUE,"BE","Rüti bei Lyssach","Rüti bei Lyssach","Rüti bei Lyssach","Rüti bei Lyssach BE","Rüti bei Lyssach (BE)","Rüti bei Lyssach (BE)","Bern","Berne","Berna",26.7964818747714,FALSE,FALSE
2,423,28.4856284856285,3320,8335,,,,11655,TRUE,"BE","Willadingen","Willadingen","Willadingen","Willadingen BE","Willadingen (BE)","Willadingen (BE)","Bern","Berne","Berna",26.7964818747714,FALSE,FALSE
2,424,72.6738875114185,5569,2094,,,,7663,TRUE,"BE","Wynigen","Wynigen","Wynigen","Wynigen BE","Wynigen (BE)","Wynigen (BE)","Bern","Berne","Berna",26.7964818747714,FALSE,FALSE
2,431,85.8248175182482,5879,971,,,,6850,TRUE,"BE","Corgémont","Corgémont","Corgémont","Corgémont BE","Corgémont (BE)","Corgémont (BE)","Bern","Berne","Berna",26.7964818747714,FALSE,FALSE
2,432,32.7362034094192,3399,6984,,,,10383,TRUE,"BE","Cormoret","Cormoret","Cormoret","Cormoret BE","Cormoret (BE)","Cormoret (BE)","Bern","Berne","Berna",26.7964818747714,FALSE,FALSE
2,433,81.165991902834,5012,1163,,,,6175,TRUE,"BE","Cortébert","Cortébert","Cortébert","Cortébert BE","Cortébert (BE)","Cortébert (BE)","Bern","Berne","Berna",26.7964818747714,FALSE,FALSE
2,434,42.0166275847367,5913,8160,,,,14073,TRUE,"BE","Courtelary","Courtelary","Courtelary","Courtelary BE","Courtelary (BE)","Courtelary (BE)","Bern","Berne","Berna",26.7964818747714,FALSE,FALSE
2,435,16.2777461582242,286,1471,,,,1757,TRUE,"BE","La Ferrière","La Ferrière","La Ferrière","La Ferrière BE","La Ferrière (BE)","La Ferrière (BE)","Bern","Berne","Berna",26.7964818747714,FALSE,FALSE
2,437,97.0431410567135,6006,183,,,,6189,TRUE,"BE","Mont-Tramelan","Mont-Tramelan","Mont-Tramelan","Mont-Tramelan BE","Mont-Tramelan (BE)","Mont-Tramelan (BE)","Bern","Berne","Berna",26.7964818747714,FALSE,FALSE
2,438,18.0586406041759,1626,7378,,,,9004,TRUE,"BE","Orvin","Orvin","Orvin","Orvin BE","Orvin (BE)","Orvin (BE)","Bern","Berne","Berna",26.7964818747714,FALSE,FALSE
2,441,31.2805777743263,4028,8849,,,,12877,TRUE,"BE","Renan BE","Renan (BE)","Renan BE","Renan BE","Renan (BE)","Renan (BE)","Bern","Berne","Berna",26.7964818747714,FALSE,FALSE
2,442,68.4378820652685,7277,3356,,,,10633,TRUE,"BE","Romont BE","Romont (BE)","Romont BE","Romont BE","Romont (BE)","Romont (BE)","Bern","Berne","Berna",26.7964818747714,FALSE,FALSE
2,443,64.2596311849553,7039,3915,,,,10954,TRUE,"BE","St. Immer","Saint-Imier","Saint-Imier","St. Immer BE","Saint-Imier (BE)","Saint-Imier (BE)","Bern","Berne","Berna",26.7964818747714,FALSE,FALSE
2,444,86.3512035010941,3157,499,,,,3656,TRUE,"BE","Sonceboz-Sombeval","Sonceboz-Sombeval","Sonceboz-Sombeval","Sonceboz-Sombeval BE","Sonceboz-Sombeval (BE)","Sonceboz-Sombeval (BE)","Bern","Berne","Berna",26.7964818747714,FALSE,FALSE
2,445,46.4350271138783,6936,8001,,,,14937,TRUE,"BE","Sonvilier","Sonvilier","Sonvilier","Sonvilier BE","Sonvilier (BE)","Sonvilier (BE)","Bern","Berne","Berna",26.7964818747714,FALSE,FALSE
2,446,83.6159903089037,8283,1623,,,,9906,TRUE,"BE","Tramelan","Tramelan","Tramelan","Tramelan BE","Tramelan (BE)","Tramelan (BE)","Bern","Berne","Berna",26.7964818747714,FALSE,FALSE
2,448,66.322390261896,5394,2739,,,,8133,TRUE,"BE","Villeret","Villeret","Villeret","Villeret BE","Villeret (BE)","Villeret (BE)","Bern","Berne","Berna",26.7964818747714,FALSE,FALSE
2,449,17.4166225516146,987,4680,,,,5667,TRUE,"BE","Sauge","Sauge","Sauge","Sauge BE","Sauge (BE)","Sauge (BE)","Bern","Berne","Berna",26.7964818747714,FALSE,FALSE
2,450,65.3149266609146,9084,4824,,,,13908,TRUE,"BE","Péry-La Heutte","Péry-La Heutte","Péry-La Heutte","Péry-La Heutte BE","Péry-La Heutte (BE)","Péry-La Heutte (BE)","Bern","Berne","Berna",26.7964818747714,FALSE,FALSE
2,491,33.9063992359121,3550,6920,,,,10470,TRUE,"BE","Brüttelen","Brüttelen","Brüttelen","Brüttelen BE","Brüttelen (BE)","Brüttelen (BE)","Bern","Berne","Berna",26.7964818747714,FALSE,FALSE
2,492,32.8081754311263,4623,9468,,,,14091,TRUE,"BE","Erlach","Cerlier","Erlach","Erlach BE","Cerlier (BE)","Cerlier (BE)","Bern","Berne","Berna",26.7964818747714,FALSE,FALSE
2,493,99.2084432717678,376,3,,,,379,TRUE,"BE","Finsterhennen","Finsterhennen","Finsterhennen","Finsterhennen BE","Finsterhennen (BE)","Finsterhennen (BE)","Bern","Berne","Berna",26.7964818747714,FALSE,FALSE
2,494,59.51262294055,9500,6463,,,,15963,TRUE,"BE","Gals","Gals","Gals","Gals BE","Gals (BE)","Gals (BE)","Bern","Berne","Berna",26.7964818747714,FALSE,FALSE
2,495,11.1019153464176,939,7519,,,,8458,TRUE,"BE","Gampelen","Champion (Gampelen)","Gampelen","Gampelen BE","Champion (Gampelen) (BE)","Gampelen (BE)","Bern","Berne","Berna",26.7964818747714,FALSE,FALSE
2,496,41.4502694757472,3384,4780,,,,8164,TRUE,"BE","Ins","Anet","Anet","Ins BE","Anet (BE)","Anet (BE)","Bern","Berne","Berna",26.7964818747714,FALSE,FALSE
2,497,41.612147645586,5152,7229,,,,12381,TRUE,"BE","Lüscherz","Lüscherz","Lüscherz","Lüscherz BE","Lüscherz (BE)","Lüscherz (BE)","Bern","Berne","Berna",26.7964818747714,FALSE,FALSE
2,498,47.8842247799594,2829,3079,,,,5908,TRUE,"BE","Müntschemier","Müntschemier","Müntschemier","Müntschemier BE","Müntschemier (BE)","Müntschemier (BE)","Bern","Berne","Berna",26.7964818747714,FALSE,FALSE
2,499,14.5386871193323,1289,7577,,,,8866,TRUE,"BE","Siselen","Siselen","Siselen","Siselen BE","Siselen (BE)","Siselen (BE)","Bern","Berne","Berna",26.7964818747714,FALSE,FALSE
2,500,88.9544945535987,8738,1085,,,,9823,TRUE,"BE","Treiten","Treiten","Treiten","Treiten BE","Treiten (BE)","Treiten (BE)","Bern","Berne","Berna",26.7964818747714,FALSE,FALSE
2,501,53.3843068438205,8518,7438,,,,15956,TRUE,"BE","Tschugg","Tschugg","Tschugg","Tschugg BE","Tschugg (BE)","Tschugg (BE)","Bern","Berne","Berna",26.7964818747714,FALSE,FALSE
2,502,25.0347061545581,2705,8100,,,,10805,TRUE,"BE","Vinelz","Vinelz","Vinelz","Vinelz BE","Vinelz (BE)","Vinelz (BE)","Bern","Berne","Berna",26.7964818747714,FALSE,FALSE
2,533,65.6473997254842,8609,4505,,,,13114,TRUE,"BE","Bätterkinden","Bätterkinden","Bätterkinden","Bätterkinden BE","Bätterkinden (BE)","Bätterkinden (BE)","Bern","Berne","Berna",26.7964818747714,FALSE,FALSE
2,538,72.5807989322147,7613,2876,,,,10489,TRUE,"BE","Fraubrunnen","Fraubrunnen","Fraubrunnen","Fraubrunnen BE","Fraubrunnen (BE)","Fraubrunnen (BE)","Bern","Berne","Berna",26.7964818747714,FALSE,FALSE
2,540,35.8765683282469,4232,7564,,,,11796,TRUE,"BE","Jegenstorf","Jegenstorf","Jegenstorf","Jegenstorf BE","Jegenstorf (BE)","Jegenstorf (BE)","Bern","Berne","Berna",26.7964818747714,FALSE,FALSE
2,541,61.2727854173329,7664,4844,,,,12508,TRUE,"BE","Iffwil","Iffwil","Iffwil","Iffwil BE","Iffwil (BE)","Iffwil (BE)","Bern","Berne","Berna",26.7964818747714,FALSE,FALSE
2,543,49.5492180312787,2693,2742,,,,5435,TRUE,"BE","Mattstetten","Mattstetten","Mattstetten","Mattstetten BE","Mattstetten (BE)","Mattstetten (BE)","Bern","Berne","Berna",26.7964818747714,FALSE,FALSE
2,544,60.4599837379487,5205,3404,,,,8609,TRUE,"BE","Moosseedorf","Moosseedorf","Moosseedorf","Moosseedorf BE","Moosseedorf (BE)","Moosseedorf (BE)","Bern","Berne","Berna",26.7964818747714,FALSE,FALSE
2,546,93.3759664025962,9783,694,,,,10477,TRUE,"BE","Münchenbuchsee","Münchenbuchsee","Münchenbuchsee","Münchenbuchsee BE","Münchenbuchsee (BE)","Münchenbuchsee (BE)","Bern","Berne","Berna",26.7964818747714,FALSE,FALSE
2,551,56.7784127732281,9637,7336,,,,16973,TRUE,"BE","Urtenen-Schönbühl","Urtenen-Schönbühl","Urtenen-Schönbühl","Urtenen-Schönbühl BE","Urtenen-Schönbühl (BE)","Urtenen-Schönbühl (BE)","Bern","Berne","Berna",26.7964818747714,FALSE,FALSE
2,552,26.6004507136299,3187,8794,,,,11981,TRUE,"BE","Utzenstorf","Utzenstorf","Utzenstorf","Utzenstorf BE","Utzenstorf (BE)","Utzenstorf (BE)","Bern","Berne","Berna",26.7964818747714,FALSE,FALSE
2,553,17.2888015717092,1936,9262,,,,11198,TRUE,"BE","Wiggiswil","Wiggiswil","Wiggiswil","Wiggiswil BE","Wiggiswil (BE)","Wiggiswil (BE)","Bern","Berne","Berna",26.7964818747714,FALSE,FALSE
2,554,30.6411453470277,1969,4457,,,,6426,TRUE,"BE","Wiler bei Utzenstorf","Wiler bei Utzenstorf","Wiler bei Utzenstorf","Wiler bei Utzenstorf BE","Wiler bei Utzenstorf (BE)","Wiler bei Utzenstorf (BE)","Bern","Berne","Berna",26.7964818747714,FALSE,FALSE
2,556,36.3421608852418,2923,5120,,,,8043,TRUE,"BE","Zielebach","Zielebach","Zielebach","Zielebach BE","Zielebach (BE)","Zielebach (BE)","Bern","Berne","Berna",26.7964818747714,FALSE,FALSE
2,557,45.9848337546179,4730,5556,,,,10286,TRUE,"BE","Zuzwil BE","Zuzwil (BE)","Zuzwil BE","Zuzwil BE","Zuzwil (BE)","Zuzwil (BE)","Bern","Berne","Berna",26.7964818747714,FALSE,FALSE
2,561,79.1875746714456,6628,1742,,,,8370,TRUE,"BE","Adelboden","Adelboden","Adelboden","Adelboden BE","Adelboden (BE)","Adelboden (BE)","Bern","Berne","Berna",26.7964818747714,FALSE,FALSE
2,562,46.4005096623487,6555,7572,,,,14127,TRUE,"BE","Aeschi bei Spiez","Aeschi bei Spiez","Aeschi bei Spiez","Aeschi bei Spiez BE","Aeschi bei Spiez (BE)","Aeschi bei Spiez (BE)","Bern","Berne","Berna",26.7964818747714,FALSE,FALSE
2,563,1.8348623853211,56,2996,,,,3052,TRUE,"BE","Frutigen","Frutigen","Frutigen","Frutigen BE","Frutigen (BE)","Frutigen (BE)","Bern","Berne","Berna",26.7964818747714,FALSE,FALSE
2,564,16.0114140773621,505,2649,,,,3154,TRUE,"BE","Kandergrund","Kandergrund","Kandergrund","Kandergrund BE","Kandergrund (BE)","Kandergrund (BE)","Bern","Berne","Berna",26.7964818747714,FALSE,FALSE
2,565,60.7948680135673,8245,5317,,,,13562,TRUE,"BE","Kandersteg","Kandersteg","Kandersteg","Kandersteg BE","Kandersteg (BE)","Kandersteg (BE)","Bern","Berne","Berna",26.7964818747714,FALSE,FALSE
2,566,18.8955632838023,1793,7696,,,,9489,TRUE,"BE","Krattigen","Krattigen","Krattigen","Krattigen BE","Krattigen (BE)","Krattigen (BE)","Bern","Berne","Berna",26.7964818747714,FALSE,FALSE
2,567,15.547299228351,544,2955,,,,3499,TRUE,"BE","Reichenbach im Kandertal","Reichenbach im Kandertal","Reichenbach im Kandertal","Reichenbach im Kandertal BE","Reichenbach im Kandertal (BE)","Reichenbach im Kandertal (BE)","Bern","Berne","Berna",26.7964818747714,FALSE,FALSE
2,571,31.5789473684211,1986,4303,,,,6289,TRUE,"BE","Beatenberg","Beatenberg","Beatenberg","Beatenberg BE","Beatenberg (BE)","Beatenberg (BE)","Bern","Berne","Berna",26.7964818747714,FALSE,FALSE
2,572,82.4063564131669,9438,2015,,,,11453,TRUE,"BE","Bönigen","Bönigen","Bönigen","Bönigen BE","Bönigen (BE)","Bönigen (BE)","Bern","Berne","Berna",26.7964818747714,FALSE,FALSE
2,573,67.2367068498271,7195,3506,,,,10701,TRUE,"BE","Brienz BE","Brienz (BE)","Brienz BE","Brienz BE","Brienz (BE)","Brienz (BE)","Bern","Berne","Berna",26.7964818747714,FALSE,FALSE
2,574,1.63586791881248,54,3247,,,,3301,TRUE,"BE","Brienzwiler","Brienzwiler","Brienzwiler","Brienzwiler BE","Brienzwiler (BE)","Brienzwiler (BE)","Bern","Berne","Berna",26.7964818747714,FALSE,FALSE
2,575,29.2672127518264,1322,3195,,,,4517,TRUE,"BE","Därligen","Därligen","Därligen","Därligen BE","Därligen (BE)","Därligen (BE)","Bern","Berne","Berna",26.7964818747714,FALSE,FALSE
2,576,90.0568738968425,9184,1014,,,,10198,TRUE,"BE","Grindelwald","Grindelwald","Grindelwald","Grindelwald BE","Grindelwald (BE)","Grindelwald (BE)","Bern","Berne","Berna",26.7964818747714,FALSE,FALSE
2,577,42.9437328453797,3755,4989,,,,8744,TRUE,"BE","Gsteigwiler","Gsteigwiler","Gsteigwiler","Gsteigwiler BE","Gsteigwiler (BE)","Gsteigwiler (BE)","Bern","Berne","Berna",26.7964818747714,FALSE,FALSE
2,578,25,3286,9858,,,,13144,TRUE,"BE","Gündlischwand","Gündlischwand","Gündlischwand","Gündlischwand BE","Gündlischwand (BE)","Gündlischwand (BE)","Bern","Berne","Berna",26.7964818747714,FALSE,FALSE
2,579,57.9433177327093,8914,6470,,,,15384,TRUE,"BE","Habkern","Habkern","Habkern","Habkern BE","Habkern (BE)","Habkern (BE)","Bern","Berne","Berna",26.7964818747714,FALSE,FALSE
2,580,34.9178795566831,5230,9748,,,,14978,TRUE,"BE","Hofstetten bei Brienz","Hofstetten bei Brienz","Hofstetten bei Brienz","Hofstetten bei Brienz BE","Hofstetten bei Brienz (BE)","Hofstetten bei Brienz (BE)","Bern","Berne","Berna",26.7964818747714,FALSE,FALSE
2,581,88.3047986496262,3662,485,,,,4147,TRUE,"BE","Interlaken","Interlaken","Interlaken","Interlaken BE","Interlaken (BE)","Interlaken (BE)","Bern","Berne","Berna",26.7964818747714,FALSE,FALSE
2,582,54.002798072439,3474,2959,,,,6433,TRUE,"BE","Iseltwald","Iseltwald","Iseltwald","Iseltwald BE","Iseltwald (BE)","Iseltwald (BE)","Bern","Berne","Berna",26.7964818747714,FALSE,FALSE
2,584,28.6413089314329,3396,8461,,,,11857,TRUE,"BE","Lauterbrunnen","Lauterbrunnen","Lauterbrunnen","Lauterbrunnen BE","Lauterbrunnen (BE)","Lauterbrunnen (BE)","Bern","Berne","Berna",26.7964818747714,FALSE,FALSE
2,585,58.9790897908979,4795,3335,,,,8130,TRUE,"BE","Leissigen","Leissigen","Leissigen","Leissigen BE","Leissigen (BE)","Leissigen (BE)","Bern","Berne","Berna",26.7964818747714,FALSE,FALSE
2,586,75.9681449094316,4865,1539,,,,6404,TRUE,"BE","Lütschental","Lütschental","Lütschental","Lütschental BE","Lütschental (BE)","Lütschental (BE)","Bern","Berne","Berna",26.7964818747714,FALSE,FALSE
2,587,57.4378362658136,7900,5854,,,,13754,TRUE,"BE","Matten bei Interlaken","Matten bei Interlaken","Matten bei Interlaken","Matten bei Interlaken BE","Matten bei Interlaken (BE)","Matten bei Interlaken (BE)","Bern","Berne","Berna",26.7964818747714,FALSE,FALSE
2,588,24.7762148337596,775,2353,,,,3128,TRUE,"BE","Niederried bei Interlaken","Niederried bei Interlaken","Niederried bei Interlaken","Niederried bei Interlaken BE","Niederried bei Interlaken (BE)","Niederried bei Interlaken (BE)","Bern","Berne","Berna",26.7964818747714,FALSE,FALSE
2,589,74.4374906869319,9991,3431,,,,13422,TRUE,"BE","Oberried am Brienzersee","Oberried am Brienzersee","Oberried am Brienzersee","Oberried am Brienzersee BE","Oberried am Brienzersee (BE)","Oberried am Brienzersee (BE)","Bern","Berne","Berna",26.7964818747714,FALSE,FALSE
2,590,52.9061525375673,1866,1661,,,,3527,TRUE,"BE","Ringgenberg BE","Ringgenberg (BE)","Ringgenberg BE","Ringgenberg BE","Ringgenberg (BE)","Ringgenberg (BE)","Bern","Berne","Berna",26.7964818747714,FALSE,FALSE
2,591,78.0652722683015,8659,2433,,,,11092,TRUE,"BE","Saxeten","Saxeten","Saxeten","Saxeten BE","Saxeten (BE)","Saxeten (BE)","Bern","Berne","Berna",26.7964818747714,FALSE,FALSE
2,592,73.0048577376822,5260,1945,,,,7205,TRUE,"BE","Schwanden bei Brienz","Schwanden bei Brienz","Schwanden bei Brienz","Schwanden bei Brienz BE","Schwanden bei Brienz (BE)","Schwanden bei Brienz (BE)","Bern","Berne","Berna",26.7964818747714,FALSE,FALSE
2,593,39.5124195032199,3436,5260,,,,8696,TRUE,"BE","Unterseen","Unterseen","Unterseen","Unterseen BE","Unterseen (BE)","Unterseen (BE)","Bern","Berne","Berna",26.7964818747714,FALSE,FALSE
2,594,32.1692686935086,783,1651,,,,2434,TRUE,"BE","Wilderswil","Wilderswil","Wilderswil","Wilderswil BE","Wilderswil (BE)","Wilderswil (BE)","Bern","Berne","Berna",26.7964818747714,FALSE,FALSE
2,602,4.88557936796222,269,5237,,,,5506,TRUE,"BE","Arni BE","Arni (BE)","Arni BE","Arni BE","Arni (BE)","Arni (BE)","Bern","Berne","Berna",26.7964818747714,FALSE,FALSE
2,603,56.634952428643,6786,5196,,,,11982,TRUE,"BE","Biglen","Biglen","Biglen","Biglen BE","Biglen (BE)","Biglen (BE)","Bern","Berne","Berna",26.7964818747714,FALSE,FALSE
2,605,87.289088863892,2328,339,,,,2667,TRUE,"BE","Bowil","Bowil","Bowil","Bowil BE","Bowil (BE)","Bowil (BE)","Bern","Berne","Berna",26.7964818747714,FALSE,FALSE
2,606,56.7040094339623,9617,7343,,,,16960,TRUE,"BE","Brenzikofen","Brenzikofen","Brenzikofen","Brenzikofen BE","Brenzikofen (BE)","Brenzikofen (BE)","Bern","Berne","Berna",26.7964818747714,FALSE,FALSE
2,607,56.8196235990696,2687,2042,,,,4729,TRUE,"BE","Freimettigen","Freimettigen","Freimettigen","Freimettigen BE","Freimettigen (BE)","Freimettigen (BE)","Bern","Berne","Berna",26.7964818747714,FALSE,FALSE
2,608,46.6203376947717,8587,9832,,,,18419,TRUE,"BE","Grosshöchstetten","Grosshöchstetten","Grosshöchstetten","Grosshöchstetten BE","Grosshöchstetten (BE)","Grosshöchstetten (BE)","Bern","Berne","Berna",26.7964818747714,FALSE,FALSE
2,609,78.4371460928652,3463,952,,,,4415,TRUE,"BE","Häutligen","Häutligen","Häutligen","Häutligen BE","Häutligen (BE)","Häutligen (BE)","Bern","Berne","Berna",26.7964818747714,FALSE,FALSE
2,610,9.87829040475517,349,3184,,,,3533,TRUE,"BE","Herbligen","Herbligen","Herbligen","Herbligen BE","Herbligen (BE)","Herbligen (BE)","Bern","Berne","Berna",26.7964818747714,FALSE,FALSE
2,611,34.6719414794357,4645,8752,,,,13397,TRUE,"BE","Kiesen","Kiesen","Kiesen","Kiesen BE","Kiesen (BE)","Kiesen (BE)","Bern","Berne","Berna",26.7964818747714,FALSE,FALSE
2,612,22.0821001158152,1716,6055,,,,7771,TRUE,"BE","Konolfingen","Konolfingen","Konolfingen","Konolfingen BE","Konolfingen (BE)","Konolfingen (BE)","Bern","Berne","Berna",26.7964818747714,FALSE,FALSE
2,613,66.96128470061,5379,2654,,,,8033,TRUE,"BE","Landiswil","Landiswil","Landiswil","Landiswil BE","Landiswil (BE)","Landiswil (BE)","Bern","Berne","Berna",26.7964818747714,FALSE,FALSE
2,614,31.8380356510447,2697,5774,,,,8471,TRUE,"BE","Linden","Linden","Linden","Linden BE","Linden (BE)","Linden (BE)","Bern","Berne","Berna",26.7964818747714,FALSE,FALSE
2,615,46.2468628793064,2027,2356,,,,4383,TRUE,"BE","Mirchel","Mirchel","Mirchel","Mirchel BE","Mirchel (BE)","Mirchel (BE)","Bern","Berne","Berna",26.7964818747714,FALSE,FALSE
2,616,41.5526250311023,3340,4698,,,,8038,TRUE,"BE","Münsingen","Münsingen","Münsingen","Münsingen BE","Münsingen (BE)","Münsingen (BE)","Bern","Berne","Berna",26.7964818747714,FALSE,FALSE
2,617,30.0635276532138,1609,3743,,,,5352,TRUE,"BE","Niederhünigen","Niederhünigen","Niederhünigen","Niederhünigen BE","Niederhünigen (BE)","Niederhünigen (BE)","Bern","Berne","Berna",26.7964818747714,FALSE,FALSE
2,619,68.9359833095421,6278,2829,,,,9107,TRUE,"BE","Oberdiessbach","Oberdiessbach","Oberdiessbach","Oberdiessbach BE","Oberdiessbach (BE)","Oberdiessbach (BE)","Bern","Berne","Berna",26.7964818747714,FALSE,FALSE
2,620,14.905303030303,787,4493,,,,5280,TRUE,"BE","Oberthal","Oberthal","Oberthal","Oberthal BE","Oberthal (BE)","Oberthal (BE)","Bern","Berne","Berna",26.7964818747714,FALSE,FALSE
2,622,48.4351914036266,7212,7678,,,,14890,TRUE,"BE","Oppligen","Oppligen","Oppligen","Oppligen BE","Oppligen (BE)","Oppligen (BE)","Bern","Berne","Berna",26.7964818747714,FALSE,FALSE
2,623,64.0614144782548,9221,5173,,,,14394,TRUE,"BE","Rubigen","Rubigen","Rubigen","Rubigen BE","Rubigen (BE)","Rubigen (BE)","Bern","Berne","Berna",26.7964818747714,FALSE,FALSE
2,626,59.8002663115846,4491,3019,,,,7510,TRUE,"BE","Walkringen","Walkringen","Walkringen","Walkringen BE","Walkringen (BE)","Walkringen (BE)","Bern","Berne","Berna",26.7964818747714,FALSE,FALSE
2,627,33.7257617728532,4870,9570,,,,14440,TRUE,"BE","Worb","Worb","Worb","Worb BE","Worb (BE)","Worb (BE)","Bern","Berne","Berna",26.7964818747714,FALSE,FALSE
2,628,47.1626174853697,5319,5959,,,,11278,TRUE,"BE","Zäziwil","Zäziwil","Zäziwil","Zäziwil BE","Zäziwil (BE)","Zäziwil (BE)","Bern","Berne","Berna",26.7964818747714,FALSE,FALSE
2,630,36.5117230098146,5357,9315,,,,14672,TRUE,"BE","Allmendingen","Allmendingen","Allmendingen","Allmendingen BE","Allmendingen (BE)","Allmendingen (BE)","Bern","Berne","Berna",26.7964818747714,FALSE,FALSE
2,632,59.997897392767,5707,3805,,,,9512,TRUE,"BE","Wichtrach","Wichtrach","Wichtrach","Wichtrach BE","Wichtrach (BE)","Wichtrach (BE)","Bern","Berne","Berna",26.7964818747714,FALSE,FALSE
2,662,37.5676340383669,3055,5077,,,,8132,TRUE,"BE","Ferenbalm","Ferenbalm","Ferenbalm","Ferenbalm BE","Ferenbalm (BE)","Ferenbalm (BE)","Bern","Berne","Berna",26.7964818747714,FALSE,FALSE
2,663,52.3737964045194,9410,8557,,,,17967,TRUE,"BE","Frauenkappelen","Frauenkappelen","Frauenkappelen","Frauenkappelen BE","Frauenkappelen (BE)","Frauenkappelen (BE)","Bern","Berne","Berna",26.7964818747714,FALSE,FALSE
2,665,59.1606270015169,3510,2423,,,,5933,TRUE,"BE","Gurbrü","Gurbrü","Gurbrü","Gurbrü BE","Gurbrü (BE)","Gurbrü (BE)","Bern","Berne","Berna",26.7964818747714,FALSE,FALSE
2,666,8.52073085031623,485,5207,,,,5692,TRUE,"BE","Kriechenwil","Kriechenwil","Kriechenwil","Kriechenwil BE","Kriechenwil (BE)","Kriechenwil (BE)","Bern","Berne","Berna",26.7964818747714,FALSE,FALSE
2,667,66.155836401632,6648,3401,,,,10049,TRUE,"BE","Laupen","Laupen","Laupen","Laupen BE","Laupen (BE)","Laupen (BE)","Bern","Berne","Berna",26.7964818747714,FALSE,FALSE
2,668,73.2261381695803,7833,2864,,,,10697,TRUE,"BE","Mühleberg","Mühleberg","Mühleberg","Mühleberg BE","Mühleberg (BE)","Mühleberg (BE)","Bern","Berne","Berna",26.7964818747714,FALSE,FALSE
2,669,34.2483660130719,1572,3018,,,,4590,TRUE,"BE","Münchenwiler","Villars-les-Moines","Villars-les-Moines","Münchenwiler BE","Villars-les-Moines (BE)","Villars-les-Moines (BE)","Bern","Berne","Berna",26.7964818747714,FALSE,FALSE
2,670,15.0776470588235,1602,9023,,,,10625,TRUE,"BE","Neuenegg","Neuenegg","Neuenegg","Neuenegg BE","Neuenegg (BE)","Neuenegg (BE)","Bern","Berne","Berna",26.7964818747714,FALSE,FALSE
2,671,53.5059331175836,6944,6034,,,,12978,TRUE,"BE","Wileroltigen","Wileroltigen","Wileroltigen","Wileroltigen BE","Wileroltigen (BE)","Wileroltigen (BE)","Bern","Berne","Berna",26.7964818747714,FALSE,FALSE
2,681,48.9616502838156,7073,7373,,,,14446,TRUE,"BE","Belprahon","Belprahon","Belprahon","Belprahon BE","Belprahon (BE)","Belprahon (BE)","Bern","Berne","Berna",26.7964818747714,FALSE,FALSE
2,683,80.0842815002107,9502,2363,,,,11865,TRUE,"BE","Champoz","Champoz","Champoz","Champoz BE","Champoz (BE)","Champoz (BE)","Bern","Berne","Berna",26.7964818747714,FALSE,FALSE
2,687,81.2445146568369,9257,2137,,,,11394,TRUE,"BE","Corcelles BE","Corcelles (BE)","Corcelles BE","Corcelles BE","Corcelles (BE)","Corcelles (BE)","Bern","Berne","Berna",26.7964818747714,FALSE,FALSE
2,690,69.5647689768977,6745,2951,,,,9696,TRUE,"BE","Court","Court","Court","Court BE","Court (BE)","Court (BE)","Bern","Berne","Berna",26.7964818747714,FALSE,FALSE
2,691,30.1763711041314,2498,5780,,,,8278,TRUE,"BE","Crémines","Crémines","Crémines","Crémines BE","Crémines (BE)","Crémines (BE)","Bern","Berne","Berna",26.7964818747714,FALSE,FALSE
2,692,41.6565900846433,2067,2895,,,,4962,TRUE,"BE","Eschert","Eschert","Eschert","Eschert BE","Eschert (BE)","Eschert (BE)","Bern","Berne","Berna",26.7964818747714,FALSE,FALSE
2,694,40.1231263383298,5996,8948,,,,14944,TRUE,"BE","Grandval","Grandval","Grandval","Grandval BE","Grandval (BE)","Grandval (BE)","Bern","Berne","Berna",26.7964818747714,FALSE,FALSE
2,696,77.4291115311909,2048,597,,,,2645,TRUE,"BE","Loveresse","Loveresse","Loveresse","Loveresse BE","Loveresse (BE)","Loveresse (BE)","Bern","Berne","Berna",26.7964818747714,FALSE,FALSE
2,701,61.2802983219391,986,623,,,,1609,TRUE,"BE","Perrefitte","Perrefitte","Perrefitte","Perrefitte BE","Perrefitte (BE)","Perrefitte (BE)","Bern","Berne","Berna",26.7964818747714,FALSE,FALSE
2,703,72.4246231155779,6918,2634,,,,9552,TRUE,"BE","Reconvilier","Reconvilier","Reconvilier","Reconvilier BE","Reconvilier (BE)","Reconvilier (BE)","Bern","Berne","Berna",26.7964818747714,FALSE,FALSE
2,704,93.4219495569189,2741,193,,,,2934,TRUE,"BE","Roches BE","Roches (BE)","Roches BE","Roches BE","Roches (BE)","Roches (BE)","Bern","Berne","Berna",26.7964818747714,FALSE,FALSE
2,706,56.0392931876308,9641,7563,,,,17204,TRUE,"BE","Saicourt","Saicourt","Saicourt","Saicourt BE","Saicourt (BE)","Saicourt (BE)","Bern","Berne","Berna",26.7964818747714,FALSE,FALSE
2,707,49.6124469589816,8769,8906,,,,17675,TRUE,"BE","Saules BE","Saules (BE)","Saules BE","Saules BE","Saules (BE)","Saules (BE)","Bern","Berne","Berna",26.7964818747714,FALSE,FALSE
2,708,96.4423435750715,7753,286,,,,8039,TRUE,"BE","Schelten","La Scheulte","La Scheulte","Schelten BE","La Scheulte (BE)","La Scheulte (BE)","Bern","Berne","Berna",26.7964818747714,FALSE,FALSE
2,709,49.1196079548692,8620,8929,,,,17549,TRUE,"BE","Seehof","Seehof","Seehof","Seehof BE","Seehof (BE)","Seehof (BE)","Bern","Berne","Berna",26.7964818747714,FALSE,FALSE
2,711,41.8186339522546,5045,7019,,,,12064,TRUE,"BE","Sorvilier","Sorvilier","Sorvilier","Sorvilier BE","Sorvilier (BE)","Sorvilier (BE)","Bern","Berne","Berna",26.7964818747714,FALSE,FALSE
2,713,58.6923025390232,8761,6166,,,,14927,TRUE,"BE","Tavannes","Tavannes","Tavannes","Tavannes BE","Tavannes (BE)","Tavannes (BE)","Bern","Berne","Berna",26.7964818747714,FALSE,FALSE
2,715,51.2827123888101,7956,7558,,,,15514,TRUE,"BE","Rebévelier","Rebévelier","Rebévelier","Rebévelier BE","Rebévelier (BE)","Rebévelier (BE)","Bern","Berne","Berna",26.7964818747714,FALSE,FALSE
2,716,75.3146176185866,7002,2295,,,,9297,TRUE,"BE","Petit-Val","Petit-Val","Petit-Val","Petit-Val BE","Petit-Val (BE)","Petit-Val (BE)","Bern","Berne","Berna",26.7964818747714,FALSE,FALSE
2,717,8.34232845026985,541,5944,,,,6485,TRUE,"BE","Valbirse","Valbirse","Valbirse","Valbirse BE","Valbirse (BE)","Valbirse (BE)","Bern","Berne","Berna",26.7964818747714,FALSE,FALSE
2,723,32.4791086350975,583,1212,,,,1795,TRUE,"BE","Neuenstadt","La Neuveville","La Neuveville","Neuenstadt BE","La Neuveville (BE)","La Neuveville (BE)","Bern","Berne","Berna",26.7964818747714,FALSE,FALSE
2,724,37.6393442622951,4592,7608,,,,12200,TRUE,"BE","Nods","Nods","Nods","Nods BE","Nods (BE)","Nods (BE)","Bern","Berne","Berna",26.7964818747714,FALSE,FALSE
2,726,95.508548246885,6592,310,,,,6902,TRUE,"BE","Plateau de Diesse","Plateau de Diesse","Plateau de Diesse","Plateau de Diesse BE","Plateau de Diesse (BE)","Plateau de Diesse (BE)","Bern","Berne","Berna",26.7964818747714,FALSE,FALSE
2,731,84.3037295411859,9426,1755,,,,11181,TRUE,"BE","Aegerten","Aegerten","Aegerten","Aegerten BE","Aegerten (BE)","Aegerten (BE)","Bern","Berne","Berna",26.7964818747714,FALSE,FALSE
2,732,48.1342583911494,2567,2766,,,,5333,TRUE,"BE","Bellmund","Bellmund","Bellmund","Bellmund BE","Bellmund (BE)","Bellmund (BE)","Bern","Berne","Berna",26.7964818747714,FALSE,FALSE
2,733,90.8521186044336,9713,978,,,,10691,TRUE,"BE","Brügg","Brügg","Brügg","Brügg BE","Brügg (BE)","Brügg (BE)","Bern","Berne","Berna",26.7964818747714,FALSE,FALSE
2,734,91.3962488835963,6140,578,,,,6718,TRUE,"BE","Bühl","Bühl","Bühl","Bühl BE","Bühl (BE)","Bühl (BE)","Bern","Berne","Berna",26.7964818747714,FALSE,FALSE
2,735,65.5067369654364,5591,2944,,,,8535,TRUE,"BE","Epsach","Epsach","Epsach","Epsach BE","Epsach (BE)","Epsach (BE)","Bern","Berne","Berna",26.7964818747714,FALSE,FALSE
2,736,48.670244484198,4081,4304,,,,8385,TRUE,"BE","Hagneck","Hagneck","Hagneck","Hagneck BE","Hagneck (BE)","Hagneck (BE)","Bern","Berne","Berna",26.7964818747714,FALSE,FALSE
2,737,71.2823483970645,7382,2974,,,,10356,TRUE,"BE","Hermrigen","Hermrigen","Hermrigen","Hermrigen BE","Hermrigen (BE)","Hermrigen (BE)","Bern","Berne","Berna",26.7964818747714,FALSE,FALSE
2,738,2.31273731446324,67,2830,,,,2897,TRUE,"BE","Jens","Jens","Jens","Jens BE","Jens (BE)","Jens (BE)","Bern","Berne","Berna",26.7964818747714,FALSE,FALSE
2,739,60.7883211678832,4164,2686,,,,6850,TRUE,"BE","Ipsach","Ipsach","Ipsach","Ipsach BE","Ipsach (BE)","Ipsach (BE)","Bern","Berne","Berna",26.7964818747714,FALSE,FALSE
2,740,81.4946619217082,5725,1300,,,,7025,TRUE,"BE","Ligerz","Gléresse","Gléresse","Ligerz BE","Gléresse (BE)","Gléresse (BE)","Bern","Berne","Berna",26.7964818747714,FALSE,FALSE
2,741,56.9619281547436,7421,5607,,,,13028,TRUE,"BE","Merzligen","Merzligen","Merzligen","Merzligen BE","Merzligen (BE)","Merzligen (BE)","Bern","Berne","Berna",26.7964818747714,FALSE,FALSE
2,742,18.2934594742109,2011,8982,,,,10993,TRUE,"BE","Mörigen","Mörigen","Mörigen","Mörigen BE","Mörigen (BE)","Mörigen (BE)","Bern","Berne","Berna",26.7964818747714,FALSE,FALSE
2,743,0.660356592559982,30,4513,,,,4543,TRUE,"BE","Nidau","Nidau","Nidau","Nidau BE","Nidau (BE)","Nidau (BE)","Bern","Berne","Berna",26.7964818747714,FALSE,FALSE
2,744,49.3374787178918,6665,6844,,,,13509,TRUE,"BE","Orpund","Orpund","Orpund","Orpund BE","Orpund (BE)","Orpund (BE)","Bern","Berne","Berna",26.7964818747714,FALSE,FALSE
2,745,37.419518807184,4417,7387,,,,11804,TRUE,"BE","Port","Port","Port","Port BE","Port (BE)","Port (BE)","Bern","Berne","Berna",26.7964818747714,FALSE,FALSE
2,746,68.496288829836,7475,3438,,,,10913,TRUE,"BE","Safnern","Safnern","Safnern","Safnern BE","Safnern (BE)","Safnern (BE)","Bern","Berne","Berna",26.7964818747714,FALSE,FALSE
2,747,53.2855436081243,5352,4692,,,,10044,TRUE,"BE","Scheuren","Scheuren","Scheuren","Scheuren BE","Scheuren (BE)","Scheuren (BE)","Bern","Berne","Berna",26.7964818747714,FALSE,FALSE
2,748,59.665320253895,8272,5592,,,,13864,TRUE,"BE","Schwadernau","Schwadernau","Schwadernau","Schwadernau BE","Schwadernau (BE)","Schwadernau (BE)","Bern","Berne","Berna",26.7964818747714,FALSE,FALSE
2,749,26.3930751990107,3415,9524,,,,12939,TRUE,"BE","Studen BE","Studen (BE)","Studen BE","Studen BE","Studen (BE)","Studen (BE)","Bern","Berne","Berna",26.7964818747714,FALSE,FALSE
2,750,43.2780053172379,6023,7894,,,,13917,TRUE,"BE","Sutz-Lattrigen","Sutz-Lattrigen","Sutz-Lattrigen","Sutz-Lattrigen BE","Sutz-Lattrigen (BE)","Sutz-Lattrigen (BE)","Bern","Berne","Berna",26.7964818747714,FALSE,FALSE
2,751,79.9727377582049,7627,1910,,,,9537,TRUE,"BE","Täuffelen","Täuffelen","Täuffelen","Täuffelen BE","Täuffelen (BE)","Täuffelen (BE)","Bern","Berne","Berna",26.7964818747714,FALSE,FALSE
2,754,58.1396774786927,9482,6827,,,,16309,TRUE,"BE","Walperswil","Walperswil","Walperswil","Walperswil BE","Walperswil (BE)","Walperswil (BE)","Bern","Berne","Berna",26.7964818747714,FALSE,FALSE
2,755,33.234372422893,2015,4048,,,,6063,TRUE,"BE","Worben","Worben","Worben","Worben BE","Worben (BE)","Worben (BE)","Bern","Berne","Berna",26.7964818747714,FALSE,FALSE
2,756,24.6437107196601,2784,8513,,,,11297,TRUE,"BE","Twann-Tüscherz","Douanne-Daucher","Douanne-Daucher","Twann-Tüscherz BE","Douanne-Daucher (BE)","Douanne-Daucher (BE)","Bern","Berne","Berna",26.7964818747714,FALSE,FALSE
2,761,47.0984676503973,6639,7457,,,,14096,TRUE,"BE","Därstetten","Därstetten","Därstetten","Därstetten BE","Därstetten (BE)","Därstetten (BE)","Bern","Berne","Berna",26.7964818747714,FALSE,FALSE
2,762,34.4094902019671,4583,8736,,,,13319,TRUE,"BE","Diemtigen","Diemtigen","Diemtigen","Diemtigen BE","Diemtigen (BE)","Diemtigen (BE)","Bern","Berne","Berna",26.7964818747714,FALSE,FALSE
2,763,54.3145726296123,9303,7825,,,,17128,TRUE,"BE","Erlenbach im Simmental","Erlenbach im Simmental","Erlenbach im Simmental","Erlenbach im Simmental BE","Erlenbach im Simmental (BE)","Erlenbach im Simmental (BE)","Bern","Berne","Berna",26.7964818747714,FALSE,FALSE
2,766,55.2816901408451,8007,6477,,,,14484,TRUE,"BE","Oberwil im Simmental","Oberwil im Simmental","Oberwil im Simmental","Oberwil im Simmental BE","Oberwil im Simmental (BE)","Oberwil im Simmental (BE)","Bern","Berne","Berna",26.7964818747714,FALSE,FALSE
2,767,90.6642728904847,8080,832,,,,8912,TRUE,"BE","Reutigen","Reutigen","Reutigen","Reutigen BE","Reutigen (BE)","Reutigen (BE)","Bern","Berne","Berna",26.7964818747714,FALSE,FALSE
2,768,61.839378238342,2387,1473,,,,3860,TRUE,"BE","Spiez","Spiez","Spiez","Spiez BE","Spiez (BE)","Spiez (BE)","Bern","Berne","Berna",26.7964818747714,FALSE,FALSE
2,769,65.3691183500649,9572,5071,,,,14643,TRUE,"BE","Wimmis","Wimmis","Wimmis","Wimmis BE","Wimmis (BE)","Wimmis (BE)","Bern","Berne","Berna",26.7964818747714,FALSE,FALSE
2,770,30.4617072979541,3886,8871,,,,12757,TRUE,"BE","Stocken-Höfen","Stocken-Höfen","Stocken-Höfen","Stocken-Höfen BE","Stocken-Höfen (BE)","Stocken-Höfen (BE)","Bern","Berne","Berna",26.7964818747714,FALSE,FALSE
2,782,60.0591715976331,5684,3780,,,,9464,TRUE,"BE","Guttannen","Guttannen","Guttannen","Guttannen BE","Guttannen (BE)","Guttannen (BE)","Bern","Berne","Berna",26.7964818747714,FALSE,FALSE
2,783,51.4064278358897,9485,8966,,,,18451,TRUE,"BE","Hasliberg","Hasliberg","Hasliberg","Hasliberg BE","Hasliberg (BE)","Hasliberg (BE)","Bern","Berne","Berna",26.7964818747714,FALSE,FALSE
2,784,55.7489830102895,9319,7397,,,,16716,TRUE,"BE","Innertkirchen","Innertkirchen","Innertkirchen","Innertkirchen BE","Innertkirchen (BE)","Innertkirchen (BE)","Bern","Berne","Berna",26.7964818747714,FALSE,FALSE
2,785,47.1977883890425,1878,2101,,,,3979,TRUE,"BE","Meiringen","Meiringen","Meiringen","Meiringen BE","Meiringen (BE)","Meiringen (BE)","Bern","Berne","Berna",26.7964818747714,FALSE,FALSE
2,786,30.5738319313734,3671,8336,,,,12007,TRUE,"BE","Schattenhalb","Schattenhalb","Schattenhalb","Schattenhalb BE","Schattenhalb (BE)","Schattenhalb (BE)","Bern","Berne","Berna",26.7964818747714,FALSE,FALSE
2,791,51.3931888544892,1660,1570,,,,3230,TRUE,"BE","Boltigen","Boltigen","Boltigen","Boltigen BE","Boltigen (BE)","Boltigen (BE)","Bern","Berne","Berna",26.7964818747714,FALSE,FALSE
2,792,18.3544303797468,290,1290,,,,1580,TRUE,"BE","Lenk","Lenk","Lenk","Lenk BE","Lenk (BE)","Lenk (BE)","Bern","Berne","Berna",26.7964818747714,FALSE,FALSE
2,793,65.5988171513061,2662,1396,,,,4058,TRUE,"BE","St. Stephan","Saint-Etienne","Saint-Etienne","St. Stephan BE","Saint-Etienne (BE)","Saint-Etienne (BE)","Bern","Berne","Berna",26.7964818747714,FALSE,FALSE
2,794,61.2019191672766,7526,4771,,,,12297,TRUE,"BE","Zweisimmen","Zweisimmen","Zweisimmen","Zweisimmen BE","Zweisimmen (BE)","Zweisimmen (BE)","Bern","Berne","Berna",26.7964818747714,FALSE,FALSE
2,841,46.574614976102,7893,9054,,,,16947,TRUE,"BE","Gsteig","Gsteig","Gsteig","Gsteig BE","Gsteig (BE)","Gsteig (BE)","Bern","Berne","Berna",26.7964818747714,FALSE,FALSE
2,842,68.6032510535822,4558,2086,,,,6644,TRUE,"BE","Lauenen","Lauenen","Lauenen","Lauenen BE","Lauenen (BE)","Lauenen (BE)","Bern","Berne","Berna",26.7964818747714,FALSE,FALSE
2,843,72.1062233934725,3557,1376,,,,4933,TRUE,"BE","Saanen","Gessenay","Gessenay","Saanen BE","Gessenay (BE)","Gessenay (BE)","Bern","Berne","Berna",26.7964818747714,FALSE,FALSE
2,852,17.5433982114677,667,3135,,,,3802,TRUE,"BE","Guggisberg","Guggisberg","Guggisberg","Guggisberg BE","Guggisberg (BE)","Guggisberg (BE)","Bern","Berne","Berna",26.7964818747714,FALSE,FALSE
2,853,90.8745247148289,6214,624,,,,6838,TRUE,"BE","Rüschegg","Rüschegg","Rüschegg","Rüschegg BE","Rüschegg (BE)","Rüschegg (BE)","Bern","Berne","Berna",26.7964818747714,FALSE,FALSE
2,855,65.9125046939542,7021,3631,,,,10652,TRUE,"BE","Schwarzenburg","Schwarzenburg","Schwarzenburg","Schwarzenburg BE","Schwarzenburg (BE)","Schwarzenburg (BE)","Bern","Berne","Berna",26.7964818747714,FALSE,FALSE
2,861,86.6123840181784,9148,1414,,,,10562,TRUE,"BE","Belp","Belp","Belp","Belp BE","Belp (BE)","Belp (BE)","Bern","Berne","Berna",26.7964818747714,FALSE,FALSE
2,863,65.6990679094541,4934,2576,,,,7510,TRUE,"BE","Burgistein","Burgistein","Burgistein","Burgistein BE","Burgistein (BE)","Burgistein (BE)","Bern","Berne","Berna",26.7964818747714,FALSE,FALSE
2,866,54.2466922748613,8897,7504,,,,16401,TRUE,"BE","Gerzensee","Gerzensee","Gerzensee","Gerzensee BE","Gerzensee (BE)","Gerzensee (BE)","Bern","Berne","Berna",26.7964818747714,FALSE,FALSE
2,867,97.3160173160173,1124,31,,,,1155,TRUE,"BE","Gurzelen","Gurzelen","Gurzelen","Gurzelen BE","Gurzelen (BE)","Gurzelen (BE)","Bern","Berne","Berna",26.7964818747714,FALSE,FALSE
2,868,81.2486138833444,7327,1691,,,,9018,TRUE,"BE","Jaberg","Jaberg","Jaberg","Jaberg BE","Jaberg (BE)","Jaberg (BE)","Bern","Berne","Berna",26.7964818747714,FALSE,FALSE
2,869,46.3474791439971,6389,7396,,,,13785,TRUE,"BE","Kaufdorf","Kaufdorf","Kaufdorf","Kaufdorf BE","Kaufdorf (BE)","Kaufdorf (BE)","Bern","Berne","Berna",26.7964818747714,FALSE,FALSE
2,870,74.3245851022771,7703,2661,,,,10364,TRUE,"BE","Kehrsatz","Kehrsatz","Kehrsatz","Kehrsatz BE","Kehrsatz (BE)","Kehrsatz (BE)","Bern","Berne","Berna",26.7964818747714,FALSE,FALSE
2,872,50.6674893426071,9033,8795,,,,17828,TRUE,"BE","Kirchdorf BE","Kirchdorf (BE)","Kirchdorf BE","Kirchdorf BE","Kirchdorf (BE)","Kirchdorf (BE)","Bern","Berne","Berna",26.7964818747714,FALSE,FALSE
2,879,41.9580924855491,5807,8033,,,,13840,TRUE,"BE","Riggisberg","Riggisberg","Riggisberg","Riggisberg BE","Riggisberg (BE)","Riggisberg (BE)","Bern","Berne","Berna",26.7964818747714,FALSE,FALSE
2,880,64.7089780023155,6148,3353,,,,9501,TRUE,"BE","Rüeggisberg","Rüeggisberg","Rüeggisberg","Rüeggisberg BE","Rüeggisberg (BE)","Rüeggisberg (BE)","Bern","Berne","Berna",26.7964818747714,FALSE,FALSE
2,883,59.7279472382523,7245,4885,,,,12130,TRUE,"BE","Seftigen","Seftigen","Seftigen","Seftigen BE","Seftigen (BE)","Seftigen (BE)","Bern","Berne","Berna",26.7964818747714,FALSE,FALSE
2,884,18.4019370460048,228,1011,,,,1239,TRUE,"BE","Toffen","Toffen","Toffen","Toffen BE","Toffen (BE)","Toffen (BE)","Bern","Berne","Berna",26.7964818747714,FALSE,FALSE
2,885,15.6910078455039,520,2794,,,,3314,TRUE,"BE","Uttigen","Uttigen","Uttigen","Uttigen BE","Uttigen (BE)","Uttigen (BE)","Bern","Berne","Berna",26.7964818747714,FALSE,FALSE
2,886,91.1144020733062,4922,480,,,,5402,TRUE,"BE","Wattenwil","Wattenwil","Wattenwil","Wattenwil BE","Wattenwil (BE)","Wattenwil (BE)","Bern","Berne","Berna",26.7964818747714,FALSE,FALSE
2,888,44.6812436571639,4843,5996,,,,10839,TRUE,"BE","Wald BE","Wald (BE)","Wald BE","Wald BE","Wald (BE)","Wald (BE)","Bern","Berne","Berna",26.7964818747714,FALSE,FALSE
2,889,53.3563262438526,8354,7303,,,,15657,TRUE,"BE","Thurnen","Thurnen","Thurnen","Thurnen BE","Thurnen (BE)","Thurnen (BE)","Bern","Berne","Berna",26.7964818747714,FALSE,FALSE
2,901,31.7164464135666,4152,8939,,,,13091,TRUE,"BE","Eggiwil","Eggiwil","Eggiwil","Eggiwil BE","Eggiwil (BE)","Eggiwil (BE)","Bern","Berne","Berna",26.7964818747714,FALSE,FALSE
2,902,41.2515106754398,6144,8750,,,,14894,TRUE,"BE","Langnau im Emmental","Langnau im Emmental","Langnau im Emmental","Langnau im Emmental BE","Langnau im Emmental (BE)","Langnau im Emmental (BE)","Bern","Berne","Berna",26.7964818747714,FALSE,FALSE
2,903,52.493034169233,7159,6479,,,,13638,TRUE,"BE","Lauperswil","Lauperswil","Lauperswil","Lauperswil BE","Lauperswil (BE)","Lauperswil (BE)","Bern","Berne","Berna",26.7964818747714,FALSE,FALSE
2,904,20.6815511163337,880,3375,,,,4255,TRUE,"BE","Röthenbach im Emmental","Röthenbach im Emmental","Röthenbach im Emmental","Röthenbach im Emmental BE","Röthenbach im Emmental (BE)","Röthenbach im Emmental (BE)","Bern","Berne","Berna",26.7964818747714,FALSE,FALSE
2,905,32.0940932027308,4325,9151,,,,13476,TRUE,"BE","Rüderswil","Rüderswil","Rüderswil","Rüderswil BE","Rüderswil (BE)","Rüderswil (BE)","Bern","Berne","Berna",26.7964818747714,FALSE,FALSE
2,906,87.739340305712,5453,762,,,,6215,TRUE,"BE","Schangnau","Schangnau","Schangnau","Schangnau BE","Schangnau (BE)","Schangnau (BE)","Bern","Berne","Berna",26.7964818747714,FALSE,FALSE
2,907,47.0381807973049,6702,7546,,,,14248,TRUE,"BE","Signau","Signau","Signau","Signau BE","Signau (BE)","Signau (BE)","Bern","Berne","Berna",26.7964818747714,FALSE,FALSE
2,908,52.3781902552204,5418,4926,,,,10344,TRUE,"BE","Trub","Trub","Trub","Trub BE","Trub (BE)","Trub (BE)","Bern","Berne","Berna",26.7964818747714,FALSE,FALSE
2,909,55.74347077752,7449,5914,,,,13363,TRUE,"BE","Trubschachen","Trubschachen","Trubschachen","Trubschachen BE","Trubschachen (BE)","Trubschachen (BE)","Bern","Berne","Berna",26.7964818747714,FALSE,FALSE
2,921,47.5425330812854,3521,3885,,,,7406,TRUE,"BE","Amsoldingen","Amsoldingen","Amsoldingen","Amsoldingen BE","Amsoldingen (BE)","Amsoldingen (BE)","Bern","Berne","Berna",26.7964818747714,FALSE,FALSE
2,922,90.215410995606,8418,913,,,,9331,TRUE,"BE","Blumenstein","Blumenstein","Blumenstein","Blumenstein BE","Blumenstein (BE)","Blumenstein (BE)","Bern","Berne","Berna",26.7964818747714,FALSE,FALSE
2,923,14.5059253319077,1628,9595,,,,11223,TRUE,"BE","Buchholterberg","Buchholterberg","Buchholterberg","Buchholterberg BE","Buchholterberg (BE)","Buchholterberg (BE)","Bern","Berne","Berna",26.7964818747714,FALSE,FALSE
2,924,66.0218253968254,6655,3425,,,,10080,TRUE,"BE","Eriz","Eriz","Eriz","Eriz BE","Eriz (BE)","Eriz (BE)","Bern","Berne","Berna",26.7964818747714,FALSE,FALSE
2,925,15.948275862069,1887,9945,,,,11832,TRUE,"BE","Fahrni","Fahrni","Fahrni","Fahrni BE","Fahrni (BE)","Fahrni (BE)","Bern","Berne","Berna",26.7964818747714,FALSE,FALSE
2,927,72.9284903518729,8995,3339,,,,12334,TRUE,"BE","Heiligenschwendi","Heiligenschwendi","Heiligenschwendi","Heiligenschwendi BE","Heiligenschwendi (BE)","Heiligenschwendi (BE)","Bern","Berne","Berna",26.7964818747714,FALSE,FALSE
2,928,44.4728434504792,7656,9559,,,,17215,TRUE,"BE","Heimberg","Heimberg","Heimberg","Heimberg BE","Heimberg (BE)","Heimberg (BE)","Bern","Berne","Berna",26.7964818747714,FALSE,FALSE
2,929,33.2456799398948,4425,8885,,,,13310,TRUE,"BE","Hilterfingen","Hilterfingen","Hilterfingen","Hilterfingen BE","Hilterfingen (BE)","Hilterfingen (BE)","Bern","Berne","Berna",26.7964818747714,FALSE,FALSE
2,931,47.7289009886803,6662,7296,,,,13958,TRUE,"BE","Homberg","Homberg","Homberg","Homberg BE","Homberg (BE)","Homberg (BE)","Bern","Berne","Berna",26.7964818747714,FALSE,FALSE
2,932,38.6454689984102,6077,9648,,,,15725,TRUE,"BE","Horrenbach-Buchen","Horrenbach-Buchen","Horrenbach-Buchen","Horrenbach-Buchen BE","Horrenbach-Buchen (BE)","Horrenbach-Buchen (BE)","Bern","Berne","Berna",26.7964818747714,FALSE,FALSE
2,934,16.0601265822785,1015,5305,,,,6320,TRUE,"BE","Oberhofen am Thunersee","Oberhofen am Thunersee","Oberhofen am Thunersee","Oberhofen am Thunersee BE","Oberhofen am Thunersee (BE)","Oberhofen am Thunersee (BE)","Bern","Berne","Berna",26.7964818747714,FALSE,FALSE
2,935,47.9457856840322,1132,1229,,,,2361,TRUE,"BE","Oberlangenegg","Oberlangenegg","Oberlangenegg","Oberlangenegg BE","Oberlangenegg (BE)","Oberlangenegg (BE)","Bern","Berne","Berna",26.7964818747714,FALSE,FALSE
2,936,73.5086277732128,8946,3224,,,,12170,TRUE,"BE","Pohlern","Pohlern","Pohlern","Pohlern BE","Pohlern (BE)","Pohlern (BE)","Bern","Berne","Berna",26.7964818747714,FALSE,FALSE
2,938,59.7409754753376,4336,2922,,,,7258,TRUE,"BE","Sigriswil","Sigriswil","Sigriswil","Sigriswil BE","Sigriswil (BE)","Sigriswil (BE)","Bern","Berne","Berna",26.7964818747714,FALSE,FALSE
2,939,41.9521479064709,3086,4270,,,,7356,TRUE,"BE","Steffisburg","Steffisburg","Steffisburg","Steffisburg BE","Steffisburg (BE)","Steffisburg (BE)","Bern","Berne","Berna",26.7964818747714,FALSE,FALSE
2,940,46.6531440162272,8050,9205,,,,17255,TRUE,"BE","Teuffenthal BE","Teuffenthal (BE)","Teuffenthal BE","Teuffenthal BE","Teuffenthal (BE)","Teuffenthal (BE)","Bern","Berne","Berna",26.7964818747714,FALSE,FALSE
2,941,54.7505126452495,6408,5296,,,,11704,TRUE,"BE","Thierachern","Thierachern","Thierachern","Thierachern BE","Thierachern (BE)","Thierachern (BE)","Bern","Berne","Berna",26.7964818747714,FALSE,FALSE
2,942,24.8458764685355,2136,6461,,,,8597,TRUE,"BE","Thun","Thoune","Thoune","Thun BE","Thoune (BE)","Thoune (BE)","Bern","Berne","Berna",26.7964818747714,FALSE,FALSE
2,943,47.8445517482111,8224,8965,,,,17189,TRUE,"BE","Uebeschi","Uebeschi","Uebeschi","Uebeschi BE","Uebeschi (BE)","Uebeschi (BE)","Bern","Berne","Berna",26.7964818747714,FALSE,FALSE
2,944,53.6792729404867,5493,4740,,,,10233,TRUE,"BE","Uetendorf","Uetendorf","Uetendorf","Uetendorf BE","Uetendorf (BE)","Uetendorf (BE)","Bern","Berne","Berna",26.7964818747714,FALSE,FALSE
2,945,46.2899115574876,3088,3583,,,,6671,TRUE,"BE","Unterlangenegg","Unterlangenegg","Unterlangenegg","Unterlangenegg BE","Unterlangenegg (BE)","Unterlangenegg (BE)","Bern","Berne","Berna",26.7964818747714,FALSE,FALSE
2,946,6.87345787804018,390,5284,,,,5674,TRUE,"BE","Wachseldorn","Wachseldorn","Wachseldorn","Wachseldorn BE","Wachseldorn (BE)","Wachseldorn (BE)","Bern","Berne","Berna",26.7964818747714,FALSE,FALSE
2,948,73.9604274679928,6990,2461,,,,9451,TRUE,"BE","Forst-Längenbühl","Forst-Längenbühl","Forst-Längenbühl","Forst-Längenbühl BE","Forst-Längenbühl (BE)","Forst-Längenbühl (BE)","Bern","Berne","Berna",26.7964818747714,FALSE,FALSE
2,951,58.3097045641635,6375,4558,,,,10933,TRUE,"BE","Affoltern im Emmental","Affoltern im Emmental","Affoltern im Emmental","Affoltern im Emmental BE","Affoltern im Emmental (BE)","Affoltern im Emmental (BE)","Bern","Berne","Berna",26.7964818747714,FALSE,FALSE
2,952,52.3379349831414,8227,7492,,,,15719,TRUE,"BE","Dürrenroth","Dürrenroth","Dürrenroth","Dürrenroth BE","Dürrenroth (BE)","Dürrenroth (BE)","Bern","Berne","Berna",26.7964818747714,FALSE,FALSE
2,953,28.7207093096897,2721,6753,,,,9474,TRUE,"BE","Eriswil","Eriswil","Eriswil","Eriswil BE","Eriswil (BE)","Eriswil (BE)","Bern","Berne","Berna",26.7964818747714,FALSE,FALSE
2,954,36.7853911326808,4472,7685,,,,12157,TRUE,"BE","Huttwil","Huttwil","Huttwil","Huttwil BE","Huttwil (BE)","Huttwil (BE)","Bern","Berne","Berna",26.7964818747714,FALSE,FALSE
2,955,42.9463608241405,7358,9775,,,,17133,TRUE,"BE","Lützelflüh","Lützelflüh","Lützelflüh","Lützelflüh BE","Lützelflüh (BE)","Lützelflüh (BE)","Bern","Berne","Berna",26.7964818747714,FALSE,FALSE
2,956,92.5980034088142,7606,608,,,,8214,TRUE,"BE","Rüegsau","Rüegsau","Rüegsau","Rüegsau BE","Rüegsau (BE)","Rüegsau (BE)","Bern","Berne","Berna",26.7964818747714,FALSE,FALSE
2,957,61.6287757498132,5774,3595,,,,9369,TRUE,"BE","Sumiswald","Sumiswald","Sumiswald","Sumiswald BE","Sumiswald (BE)","Sumiswald (BE)","Bern","Berne","Berna",26.7964818747714,FALSE,FALSE
2,958,33.3859510655091,2961,5908,,,,8869,TRUE,"BE","Trachselwald","Trachselwald","Trachselwald","Trachselwald BE","Trachselwald (BE)","Trachselwald (BE)","Bern","Berne","Berna",26.7964818747714,FALSE,FALSE
2,959,51.9917665576946,4294,3965,,,,8259,TRUE,"BE","Walterswil BE","Walterswil (BE)","Walterswil BE","Walterswil BE","Walterswil (BE)","Walterswil (BE)","Bern","Berne","Berna",26.7964818747714,FALSE,FALSE
2,960,19.0361859029326,1110,4721,,,,5831,TRUE,"BE","Wyssachen","Wyssachen","Wyssachen","Wyssachen BE","Wyssachen (BE)","Wyssachen (BE)","Bern","Berne","Berna",26.7964818747714,FALSE,FALSE
2,971,20,795,3180,,,,3975,TRUE,"BE","Attiswil","Attiswil","Attiswil","Attiswil BE","Attiswil (BE)","Attiswil (BE)","Bern","Berne","Berna",26.7964818747714,FALSE,FALSE
2,972,75.4243603543926,9109,2968,,,,12077,TRUE,"BE","Berken","Berken","Berken","Berken BE","Berken (BE)","Berken (BE)","Bern","Berne","Berna",26.7964818747714,FALSE,FALSE
2,973,53.8425271098538,2284,1958,,,,4242,TRUE,"BE","Bettenhausen","Bettenhausen","Bettenhausen","Bettenhausen BE","Bettenhausen (BE)","Bettenhausen (BE)","Bern","Berne","Berna",26.7964818747714,FALSE,FALSE
2,975,48.5685585133099,6769,7168,,,,13937,TRUE,"BE","Farnern","Farnern","Farnern","Farnern BE","Farnern (BE)","Farnern (BE)","Bern","Berne","Berna",26.7964818747714,FALSE,FALSE
2,976,13.8137518067314,1338,8348,,,,9686,TRUE,"BE","Graben","Graben","Graben","Graben BE","Graben (BE)","Graben (BE)","Bern","Berne","Berna",26.7964818747714,FALSE,FALSE
2,977,55.6705721760892,9788,7794,,,,17582,TRUE,"BE","Heimenhausen","Heimenhausen","Heimenhausen","Heimenhausen BE","Heimenhausen (BE)","Heimenhausen (BE)","Bern","Berne","Berna",26.7964818747714,FALSE,FALSE
2,979,79.8978885427484,9233,2323,,,,11556,TRUE,"BE","Herzogenbuchsee","Herzogenbuchsee","Herzogenbuchsee","Herzogenbuchsee BE","Herzogenbuchsee (BE)","Herzogenbuchsee (BE)","Bern","Berne","Berna",26.7964818747714,FALSE,FALSE
2,980,46.77812411448,8254,9391,,,,17645,TRUE,"BE","Inkwil","Inkwil","Inkwil","Inkwil BE","Inkwil (BE)","Inkwil (BE)","Bern","Berne","Berna",26.7964818747714,FALSE,FALSE
2,981,26.5312046444122,1828,5062,,,,6890,TRUE,"BE","Niederbipp","Niederbipp","Niederbipp","Niederbipp BE","Niederbipp (BE)","Niederbipp (BE)","Bern","Berne","Berna",26.7964818747714,FALSE,FALSE
2,982,80.686517783292,9755,2335,,,,12090,TRUE,"BE","Niederönz","Niederönz","Niederönz","Niederönz BE","Niederönz (BE)","Niederönz (BE)","Bern","Berne","Berna",26.7964818747714,FALSE,FALSE
2,983,55.5186085177133,4341,3478,,,,7819,TRUE,"BE","Oberbipp","Oberbipp","Oberbipp","Oberbipp BE","Oberbipp (BE)","Oberbipp (BE)","Bern","Berne","Berna",26.7964818747714,FALSE,FALSE
2,985,41.173752310536,3564,5092,,,,8656,TRUE,"BE","Ochlenberg","Ochlenberg","Ochlenberg","Ochlenberg BE","Ochlenberg (BE)","Ochlenberg (BE)","Bern","Berne","Berna",26.7964818747714,FALSE,FALSE
2,987,35.8381055564154,4631,8291,,,,12922,TRUE,"BE","Rumisberg","Rumisberg","Rumisberg","Rumisberg BE","Rumisberg (BE)","Rumisberg (BE)","Bern","Berne","Berna",26.7964818747714,FALSE,FALSE
2,988,59.6762561102652,7447,5032,,,,12479,TRUE,"BE","Seeberg","Seeberg","Seeberg","Seeberg BE","Seeberg (BE)","Seeberg (BE)","Bern","Berne","Berna",26.7964818747714,FALSE,FALSE
2,989,51.62053465815,4364,4090,,,,8454,TRUE,"BE","Thörigen","Thörigen","Thörigen","Thörigen BE","Thörigen (BE)","Thörigen (BE)","Bern","Berne","Berna",26.7964818747714,FALSE,FALSE
2,990,31.1577082102776,3165,6993,,,,10158,TRUE,"BE","Walliswil bei Niederbipp","Walliswil bei Niederbipp","Walliswil bei Niederbipp","Walliswil bei Niederbipp BE","Walliswil bei Niederbipp (BE)","Walliswil bei Niederbipp (BE)","Bern","Berne","Berna",26.7964818747714,FALSE,FALSE
2,991,53.8205417607223,9537,8183,,,,17720,TRUE,"BE","Walliswil bei Wangen","Walliswil bei Wangen","Walliswil bei Wangen","Walliswil bei Wangen BE","Walliswil bei Wangen (BE)","Walliswil bei Wangen (BE)","Bern","Berne","Berna",26.7964818747714,FALSE,FALSE
2,992,56.9012345679012,4609,3491,,,,8100,TRUE,"BE","Wangen an der Aare","Wangen an der Aare","Wangen an der Aare","Wangen an der Aare BE","Wangen an der Aare (BE)","Wangen an der Aare (BE)","Bern","Berne","Berna",26.7964818747714,FALSE,FALSE
2,995,57.2668112798265,9768,7289,,,,17057,TRUE,"BE","Wiedlisbach","Wiedlisbach","Wiedlisbach","Wiedlisbach BE","Wiedlisbach (BE)","Wiedlisbach (BE)","Bern","Berne","Berna",26.7964818747714,FALSE,FALSE
3,1001,53.3561599586537,8259,7220,,,,15479,TRUE,"LU","Doppleschwand","Doppleschwand","Doppleschwand","Doppleschwand LU","Doppleschwand (LU)","Doppleschwand (LU)","Luzern","Lucerne","Lucerna",30.0581647315994,FALSE,FALSE
3,1002,37.166472015093,4137,6994,,,,11131,TRUE,"LU","Entlebuch","Entlebuch","Entlebuch","Entlebuch LU","Entlebuch (LU)","Entlebuch (LU)","Luzern","Lucerne","Lucerna",30.0581647315994,FALSE,FALSE
3,1004,52.7876383378576,2528,2261,,,,4789,TRUE,"LU","Flühli","Flühli","Flühli","Flühli LU","Flühli (LU)","Flühli (LU)","Luzern","Lucerne","Lucerna",30.0581647315994,FALSE,FALSE
3,1005,39.7442124008418,4910,7444,,,,12354,TRUE,"LU","Hasle LU","Hasle (LU)","Hasle LU","Hasle LU","Hasle (LU)","Hasle (LU)","Luzern","Lucerne","Lucerna",30.0581647315994,FALSE,FALSE
3,1007,59.1546762589928,9867,6813,,,,16680,TRUE,"LU","Romoos","Romoos","Romoos","Romoos LU","Romoos (LU)","Romoos (LU)","Luzern","Lucerne","Lucerna",30.0581647315994,FALSE,FALSE
3,1008,27.5732310189626,3737,9816,,,,13553,TRUE,"LU","Schüpfheim","Schüpfheim","Schüpfheim","Schüpfheim LU","Schüpfheim (LU)","Schüpfheim (LU)","Luzern","Lucerne","Lucerna",30.0581647315994,FALSE,FALSE
3,1009,5.26484751203852,492,8853,,,,9345,TRUE,"LU","Werthenstein","Werthenstein","Werthenstein","Werthenstein LU","Werthenstein (LU)","Werthenstein (LU)","Luzern","Lucerne","Lucerna",30.0581647315994,FALSE,FALSE
3,1010,2.14666474571387,149,6792,,,,6941,TRUE,"LU","Escholzmatt-Marbach","Escholzmatt-Marbach","Escholzmatt-Marbach","Escholzmatt-Marbach LU","Escholzmatt-Marbach (LU)","Escholzmatt-Marbach (LU)","Luzern","Lucerne","Lucerna",30.0581647315994,FALSE,FALSE
3,1021,53.3287671232877,3893,3407,,,,7300,TRUE,"LU","Aesch LU","Aesch (LU)","Aesch LU","Aesch LU","Aesch (LU)","Aesch (LU)","Luzern","Lucerne","Lucerna",30.0581647315994,FALSE,FALSE
3,1023,85.7727644864914,9429,1564,,,,10993,TRUE,"LU","Ballwil","Ballwil","Ballwil","Ballwil LU","Ballwil (LU)","Ballwil (LU)","Luzern","Lucerne","Lucerna",30.0581647315994,FALSE,FALSE
3,1024,34.3912521669556,5158,9840,,,,14998,TRUE,"LU","Emmen","Emmen","Emmen","Emmen LU","Emmen (LU)","Emmen (LU)","Luzern","Lucerne","Lucerna",30.0581647315994,FALSE,FALSE
3,1025,7.61904761904762,768,9312,,,,10080,TRUE,"LU","Ermensee","Ermensee","Ermensee","Ermensee LU","Ermensee (LU)","Ermensee (LU)","Luzern","Lucerne","Lucerna",30.0581647315994,FALSE,FALSE
3,1026,18.0849306014541,2189,9915,,,,12104,TRUE,"LU","Eschenbach LU","Eschenbach (LU)","Eschenbach LU","Eschenbach LU","Eschenbach (LU)","Eschenbach (LU)","Luzern","Lucerne","Lucerna",30.0581647315994,FALSE,FALSE
3,1030,70.4324257730689,5717,2400,,,,8117,TRUE,"LU","Hitzkirch","Hitzkirch","Hitzkirch","Hitzkirch LU","Hitzkirch (LU)","Hitzkirch (LU)","Luzern","Lucerne","Lucerna",30.0581647315994,FALSE,FALSE
3,1031,62.8182193477363,9130,5404,,,,14534,TRUE,"LU","Hochdorf","Hochdorf","Hochdorf","Hochdorf LU","Hochdorf (LU)","Hochdorf (LU)","Luzern","Lucerne","Lucerna",30.0581647315994,FALSE,FALSE
3,1032,50.5978670688355,4697,4586,,,,9283,TRUE,"LU","Hohenrain","Hohenrain","Hohenrain","Hohenrain LU","Hohenrain (LU)","Hohenrain (LU)","Luzern","Lucerne","Lucerna",30.0581647315994,FALSE,FALSE
3,1033,13.5434644381869,1491,9518,,,,11009,TRUE,"LU","Inwil","Inwil","Inwil","Inwil LU","Inwil (LU)","Inwil (LU)","Luzern","Lucerne","Lucerna",30.0581647315994,FALSE,FALSE
3,1037,51.4805131634949,8467,7980,,,,16447,TRUE,"LU","Rain","Rain","Rain","Rain LU","Rain (LU)","Rain (LU)","Luzern","Lucerne","Lucerna",30.0581647315994,FALSE,FALSE
3,1039,65.3492082975328,5324,2823,,,,8147,TRUE,"LU","Römerswil","Römerswil","Römerswil","Römerswil LU","Römerswil (LU)","Römerswil (LU)","Luzern","Lucerne","Lucerna",30.0581647315994,FALSE,FALSE
3,1040,54.0469500589142,5963,5070,,,,11033,TRUE,"LU","Rothenburg","Rothenburg","Rothenburg","Rothenburg LU","Rothenburg (LU)","Rothenburg (LU)","Luzern","Lucerne","Lucerna",30.0581647315994,FALSE,FALSE
3,1041,63.2591601137694,3781,2196,,,,5977,TRUE,"LU","Schongau","Schongau","Schongau","Schongau LU","Schongau (LU)","Schongau (LU)","Luzern","Lucerne","Lucerna",30.0581647315994,FALSE,FALSE
3,1051,51.9800698848195,8033,7421,,,,15454,TRUE,"LU","Adligenswil","Adligenswil","Adligenswil","Adligenswil LU","Adligenswil (LU)","Adligenswil (LU)","Luzern","Lucerne","Lucerna",30.0581647315994,FALSE,FALSE
3,1052,39.6917030031321,6463,9820,,,,16283,TRUE,"LU","Buchrain","Buchrain","Buchrain","Buchrain LU","Buchrain (LU)","Buchrain (LU)","Luzern","Lucerne","Lucerna",30.0581647315994,FALSE,FALSE
3,1053,45.6317689530686,4424,5271,,,,9695,TRUE,"LU","Dierikon","Dierikon","Dierikon","Dierikon LU","Dierikon (LU)","Dierikon (LU)","Luzern","Lucerne","Lucerna",30.0581647315994,FALSE,FALSE
3,1054,95.3514421730608,3405,166,,,,3571,TRUE,"LU","Ebikon","Ebikon","Ebikon","Ebikon LU","Ebikon (LU)","Ebikon (LU)","Luzern","Lucerne","Lucerna",30.0581647315994,FALSE,FALSE
3,1055,56.522514489523,6339,4876,,,,11215,TRUE,"LU","Gisikon","Gisikon","Gisikon","Gisikon LU","Gisikon (LU)","Gisikon (LU)","Luzern","Lucerne","Lucerna",30.0581647315994,FALSE,FALSE
3,1056,17.1378776142525,1770,8558,,,,10328,TRUE,"LU","Greppen","Greppen","Greppen","Greppen LU","Greppen (LU)","Greppen (LU)","Luzern","Lucerne","Lucerna",30.0581647315994,FALSE,FALSE
3,1058,64.9880095923261,1897,1022,,,,2919,TRUE,"LU","Horw","Horw","Horw","Horw LU","Horw (LU)","Horw (LU)","Luzern","Lucerne","Lucerna",30.0581647315994,FALSE,FALSE
3,1059,49.284862932062,2481,2553,,,,5034,TRUE,"LU","Kriens","Kriens","Kriens","Kriens LU","Kriens (LU)","Kriens (LU)","Luzern","Lucerne","Lucerna",30.0581647315994,FALSE,FALSE
3,1061,56.9345661450925,1601,1211,,,,2812,TRUE,"LU","Luzern","Lucerne","Lucerna","Luzern LU","Lucerne (LU)","Lucerna (LU)","Luzern","Lucerne","Lucerna",30.0581647315994,FALSE,FALSE
3,1062,31.5732290308562,1453,3149,,,,4602,TRUE,"LU","Malters","Malters","Malters","Malters LU","Malters (LU)","Malters (LU)","Luzern","Lucerne","Lucerna",30.0581647315994,FALSE,FALSE
3,1063,40.2273560689402,6582,9780,,,,16362,TRUE,"LU","Meggen","Meggen","Meggen","Meggen LU","Meggen (LU)","Meggen (LU)","Luzern","Lucerne","Lucerna",30.0581647315994,FALSE,FALSE
3,1064,69.2653428127809,8476,3761,,,,12237,TRUE,"LU","Meierskappel","Meierskappel","Meierskappel","Meierskappel LU","Meierskappel (LU)","Meierskappel (LU)","Luzern","Lucerne","Lucerna",30.0581647315994,FALSE,FALSE
3,1065,47.5663317489922,7906,8715,,,,16621,TRUE,"LU","Root","Root","Root","Root LU","Root (LU)","Root (LU)","Luzern","Lucerne","Lucerna",30.0581647315994,FALSE,FALSE
3,1066,24.6616404759742,2715,8294,,,,11009,TRUE,"LU","Schwarzenberg","Schwarzenberg","Schwarzenberg","Schwarzenberg LU","Schwarzenberg (LU)","Schwarzenberg (LU)","Luzern","Lucerne","Lucerna",30.0581647315994,FALSE,FALSE
3,1067,32.0725534308211,4562,9662,,,,14224,TRUE,"LU","Udligenswil","Udligenswil","Udligenswil","Udligenswil LU","Udligenswil (LU)","Udligenswil (LU)","Luzern","Lucerne","Lucerna",30.0581647315994,FALSE,FALSE
3,1068,28.1000926784059,3032,7758,,,,10790,TRUE,"LU","Vitznau","Vitznau","Vitznau","Vitznau LU","Vitznau (LU)","Vitznau (LU)","Luzern","Lucerne","Lucerna",30.0581647315994,FALSE,FALSE
3,1069,56.1477129668485,5352,4180,,,,9532,TRUE,"LU","Weggis","Weggis","Weggis","Weggis LU","Weggis (LU)","Weggis (LU)","Luzern","Lucerne","Lucerna",30.0581647315994,FALSE,FALSE
3,1081,79.5451867562154,6751,1736,,,,8487,TRUE,"LU","Beromünster","Beromünster","Beromünster","Beromünster LU","Beromünster (LU)","Beromünster (LU)","Luzern","Lucerne","Lucerna",30.0581647315994,FALSE,FALSE
3,1082,28.3403720010783,3154,7975,,,,11129,TRUE,"LU","Büron","Büron","Büron","Büron LU","Büron (LU)","Büron (LU)","Luzern","Lucerne","Lucerna",30.0581647315994,FALSE,FALSE
3,1083,46.0656693219351,4742,5552,,,,10294,TRUE,"LU","Buttisholz","Buttisholz","Buttisholz","Buttisholz LU","Buttisholz (LU)","Buttisholz (LU)","Luzern","Lucerne","Lucerna",30.0581647315994,FALSE,FALSE
3,1084,38.0650141521571,4438,7221,,,,11659,TRUE,"LU","Eich","Eich","Eich","Eich LU","Eich (LU)","Eich (LU)","Luzern","Lucerne","Lucerna",30.0581647315994,FALSE,FALSE
3,1085,50.4842868092816,7245,7106,,,,14351,TRUE,"LU","Geuensee","Geuensee","Geuensee","Geuensee LU","Geuensee (LU)","Geuensee (LU)","Luzern","Lucerne","Lucerna",30.0581647315994,FALSE,FALSE
3,1086,33.6330725213126,2880,5683,,,,8563,TRUE,"LU","Grosswangen","Grosswangen","Grosswangen","Grosswangen LU","Grosswangen (LU)","Grosswangen (LU)","Luzern","Lucerne","Lucerna",30.0581647315994,FALSE,FALSE
3,1088,81.075016029066,7587,1771,,,,9358,TRUE,"LU","Hildisrieden","Hildisrieden","Hildisrieden","Hildisrieden LU","Hildisrieden (LU)","Hildisrieden (LU)","Luzern","Lucerne","Lucerna",30.0581647315994,FALSE,FALSE
3,1089,47.7059179075773,8682,9517,,,,18199,TRUE,"LU","Knutwil","Knutwil","Knutwil","Knutwil LU","Knutwil (LU)","Knutwil (LU)","Luzern","Lucerne","Lucerna",30.0581647315994,FALSE,FALSE
3,1091,66.4797989561183,3439,1734,,,,5173,TRUE,"LU","Mauensee","Mauensee","Mauensee","Mauensee LU","Mauensee (LU)","Mauensee (LU)","Luzern","Lucerne","Lucerna",30.0581647315994,FALSE,FALSE
3,1093,5.39143279172821,438,7686,,,,8124,TRUE,"LU","Neuenkirch","Neuenkirch","Neuenkirch","Neuenkirch LU","Neuenkirch (LU)","Neuenkirch (LU)","Luzern","Lucerne","Lucerna",30.0581647315994,FALSE,FALSE
3,1094,88.0254933202598,7182,977,,,,8159,TRUE,"LU","Nottwil","Nottwil","Nottwil","Nottwil LU","Nottwil (LU)","Nottwil (LU)","Luzern","Lucerne","Lucerna",30.0581647315994,FALSE,FALSE
3,1095,23.5687253402045,2927,9492,,,,12419,TRUE,"LU","Oberkirch","Oberkirch","Oberkirch","Oberkirch LU","Oberkirch (LU)","Oberkirch (LU)","Luzern","Lucerne","Lucerna",30.0581647315994,FALSE,FALSE
3,1097,18.3543643758473,1760,7829,,,,9589,TRUE,"LU","Rickenbach LU","Rickenbach (LU)","Rickenbach LU","Rickenbach LU","Rickenbach (LU)","Rickenbach (LU)","Luzern","Lucerne","Lucerna",30.0581647315994,FALSE,FALSE
3,1098,77.8761061946903,1936,550,,,,2486,TRUE,"LU","Ruswil","Ruswil","Ruswil","Ruswil LU","Ruswil (LU)","Ruswil (LU)","Luzern","Lucerne","Lucerna",30.0581647315994,FALSE,FALSE
3,1099,9.07877169559413,204,2043,,,,2247,TRUE,"LU","Schenkon","Schenkon","Schenkon","Schenkon LU","Schenkon (LU)","Schenkon (LU)","Luzern","Lucerne","Lucerna",30.0581647315994,FALSE,FALSE
3,1100,46.7737968352874,5705,6492,,,,12197,TRUE,"LU","Schlierbach","Schlierbach","Schlierbach","Schlierbach LU","Schlierbach (LU)","Schlierbach (LU)","Luzern","Lucerne","Lucerna",30.0581647315994,FALSE,FALSE
3,1102,17.7578752316245,1725,7989,,,,9714,TRUE,"LU","Sempach","Sempach","Sempach","Sempach LU","Sempach (LU)","Sempach (LU)","Luzern","Lucerne","Lucerna",30.0581647315994,FALSE,FALSE
3,1103,39.139993533786,6053,9412,,,,15465,TRUE,"LU","Sursee","Sursee","Sursee","Sursee LU","Sursee (LU)","Sursee (LU)","Luzern","Lucerne","Lucerna",30.0581647315994,FALSE,FALSE
3,1104,62.5695096410775,8664,5183,,,,13847,TRUE,"LU","Triengen","Triengen","Triengen","Triengen LU","Triengen (LU)","Triengen (LU)","Luzern","Lucerne","Lucerna",30.0581647315994,FALSE,FALSE
3,1107,91.8508997429306,3573,317,,,,3890,TRUE,"LU","Wolhusen","Wolhusen","Wolhusen","Wolhusen LU","Wolhusen (LU)","Wolhusen (LU)","Luzern","Lucerne","Lucerna",30.0581647315994,FALSE,FALSE
3,1121,55.5224621494167,6711,5376,,,,12087,TRUE,"LU","Alberswil","Alberswil","Alberswil","Alberswil LU","Alberswil (LU)","Alberswil (LU)","Luzern","Lucerne","Lucerna",30.0581647315994,FALSE,FALSE
3,1122,54.5324860588769,8410,7012,,,,15422,TRUE,"LU","Altbüron","Altbüron","Altbüron","Altbüron LU","Altbüron (LU)","Altbüron (LU)","Luzern","Lucerne","Lucerna",30.0581647315994,FALSE,FALSE
3,1123,40.7769591426658,6088,8842,,,,14930,TRUE,"LU","Altishofen","Altishofen","Altishofen","Altishofen LU","Altishofen (LU)","Altishofen (LU)","Luzern","Lucerne","Lucerna",30.0581647315994,FALSE,FALSE
3,1125,67.7660510114336,7705,3665,,,,11370,TRUE,"LU","Dagmersellen","Dagmersellen","Dagmersellen","Dagmersellen LU","Dagmersellen (LU)","Dagmersellen (LU)","Luzern","Lucerne","Lucerna",30.0581647315994,FALSE,FALSE
3,1127,61.1523473742809,6591,4187,,,,10778,TRUE,"LU","Egolzwil","Egolzwil","Egolzwil","Egolzwil LU","Egolzwil (LU)","Egolzwil (LU)","Luzern","Lucerne","Lucerna",30.0581647315994,FALSE,FALSE
3,1128,88.4827099505999,6269,816,,,,7085,TRUE,"LU","Ettiswil","Ettiswil","Ettiswil","Ettiswil LU","Ettiswil (LU)","Ettiswil (LU)","Luzern","Lucerne","Lucerna",30.0581647315994,FALSE,FALSE
3,1129,62.8916066342771,3754,2215,,,,5969,TRUE,"LU","Fischbach","Fischbach","Fischbach","Fischbach LU","Fischbach (LU)","Fischbach (LU)","Luzern","Lucerne","Lucerna",30.0581647315994,FALSE,FALSE
3,1131,67.6310603074497,8579,4106,,,,12685,TRUE,"LU","Grossdietwil","Grossdietwil","Grossdietwil","Grossdietwil LU","Grossdietwil (LU)","Grossdietwil (LU)","Luzern","Lucerne","Lucerna",30.0581647315994,FALSE,FALSE
3,1132,59.2157797509088,9937,6844,,,,16781,TRUE,"LU","Hergiswil bei Willisau","Hergiswil bei Willisau","Hergiswil bei Willisau","Hergiswil bei Willisau LU","Hergiswil bei Willisau (LU)","Hergiswil bei Willisau (LU)","Luzern","Lucerne","Lucerna",30.0581647315994,FALSE,FALSE
3,1135,38.198900091659,5001,8091,,,,13092,TRUE,"LU","Luthern","Luthern","Luthern","Luthern LU","Luthern (LU)","Luthern (LU)","Luzern","Lucerne","Lucerna",30.0581647315994,FALSE,FALSE
3,1136,86.1122661122661,6213,1002,,,,7215,TRUE,"LU","Menznau","Menznau","Menznau","Menznau LU","Menznau (LU)","Menznau (LU)","Luzern","Lucerne","Lucerna",30.0581647315994,FALSE,FALSE
3,1137,8.93722407666631,830,8457,,,,9287,TRUE,"LU","Nebikon","Nebikon","Nebikon","Nebikon LU","Nebikon (LU)","Nebikon (LU)","Luzern","Lucerne","Lucerna",30.0581647315994,FALSE,FALSE
3,1139,33.2746478873239,4347,8717,,,,13064,TRUE,"LU","Pfaffnau","Pfaffnau","Pfaffnau","Pfaffnau LU","Pfaffnau (LU)","Pfaffnau (LU)","Luzern","Lucerne","Lucerna",30.0581647315994,FALSE,FALSE
3,1140,49.5327102803738,2014,2052,,,,4066,TRUE,"LU","Reiden","Reiden","Reiden","Reiden LU","Reiden (LU)","Reiden (LU)","Luzern","Lucerne","Lucerna",30.0581647315994,FALSE,FALSE
3,1142,17.6478352692714,1337,6239,,,,7576,TRUE,"LU","Roggliswil","Roggliswil","Roggliswil","Roggliswil LU","Roggliswil (LU)","Roggliswil (LU)","Luzern","Lucerne","Lucerna",30.0581647315994,FALSE,FALSE
3,1143,68.1549379065642,9220,4308,,,,13528,TRUE,"LU","Schötz","Schötz","Schötz","Schötz LU","Schötz (LU)","Schötz (LU)","Luzern","Lucerne","Lucerna",30.0581647315994,FALSE,FALSE
3,1145,2.70454545454545,238,8562,,,,8800,TRUE,"LU","Ufhusen","Ufhusen","Ufhusen","Ufhusen LU","Ufhusen (LU)","Ufhusen (LU)","Luzern","Lucerne","Lucerna",30.0581647315994,FALSE,FALSE
3,1146,52.9800231137527,6418,5696,,,,12114,TRUE,"LU","Wauwil","Wauwil","Wauwil","Wauwil LU","Wauwil (LU)","Wauwil (LU)","Luzern","Lucerne","Lucerna",30.0581647315994,FALSE,FALSE
3,1147,50.589077654104,7772,7591,,,,15363,TRUE,"LU","Wikon","Wikon","Wikon","Wikon LU","Wikon (LU)","Wikon (LU)","Luzern","Lucerne","Lucerna",30.0581647315994,FALSE,FALSE
3,1150,55.0864001156822,7619,6212,,,,13831,TRUE,"LU","Zell LU","Zell (LU)","Zell LU","Zell LU","Zell (LU)","Zell (LU) (LU)","Luzern","Lucerne","Lucerna",30.0581647315994,FALSE,FALSE
3,1151,97.8689053923151,6062,132,,,,6194,TRUE,"LU","Willisau","Willisau","Willisau","Willisau LU","Willisau (LU)","Willisau (LU)","Luzern","Lucerne","Lucerna",30.0581647315994,FALSE,FALSE
4,1201,49.7544699068245,7903,7981,,,,15884,TRUE,"UR","Altdorf UR","Altdorf (UR)","Altdorf UR","Altdorf UR","Altdorf (UR)","Altdorf (UR)","Uri","Uri","Uri",84.294002642855,FALSE,FALSE
4,1202,42.9555017212801,6738,8948,,,,15686,TRUE,"UR","Andermatt","Andermatt","Andermatt","Andermatt UR","Andermatt (UR)","Andermatt (UR)","Uri","Uri","Uri",84.294002642855,FALSE,FALSE
4,1203,70.568143952016,8471,3533,,,,12004,TRUE,"UR","Attinghausen","Attinghausen","Attinghausen","Attinghausen UR","Attinghausen (UR)","Attinghausen (UR)","Uri","Uri","Uri",84.294002642855,FALSE,FALSE
4,1205,51.791217257319,8067,7509,,,,15576,TRUE,"UR","Bürglen UR","Bürglen (UR)","Bürglen UR","Bürglen UR","Bürglen (UR)","Bürglen (UR) (UR)","Uri","Uri","Uri",84.294002642855,FALSE,FALSE
4,1206,16.0321589028139,678,3551,,,,4229,TRUE,"UR","Erstfeld","Erstfeld","Erstfeld","Erstfeld UR","Erstfeld (UR)","Erstfeld (UR)","Uri","Uri","Uri",84.294002642855,FALSE,FALSE
4,1207,48.7752808988764,4341,4559,,,,8900,TRUE,"UR","Flüelen","Flüelen","Flüelen","Flüelen UR","Flüelen (UR)","Flüelen (UR)","Uri","Uri","Uri",84.294002642855,FALSE,FALSE
4,1208,15.8777817025786,1798,9526,,,,11324,TRUE,"UR","Göschenen","Göschenen","Göschenen","Göschenen UR","Göschenen (UR)","Göschenen (UR)","Uri","Uri","Uri",84.294002642855,FALSE,FALSE
4,1209,53.9107000673731,8802,7525,,,,16327,TRUE,"UR","Gurtnellen","Gurtnellen","Gurtnellen","Gurtnellen UR","Gurtnellen (UR)","Gurtnellen (UR)","Uri","Uri","Uri",84.294002642855,FALSE,FALSE
4,1210,68.8823691207481,7513,3394,,,,10907,TRUE,"UR","Hospental","Hospental","Hospental","Hospental UR","Hospental (UR)","Hospental (UR)","Uri","Uri","Uri",84.294002642855,FALSE,FALSE
4,1211,95.4082692707251,9184,442,,,,9626,TRUE,"UR","Isenthal","Isenthal","Isenthal","Isenthal UR","Isenthal (UR)","Isenthal (UR)","Uri","Uri","Uri",84.294002642855,FALSE,FALSE
4,1212,0.181735574738755,4,2197,,,,2201,TRUE,"UR","Realp","Realp","Realp","Realp UR","Realp (UR)","Realp (UR)","Uri","Uri","Uri",84.294002642855,FALSE,FALSE
4,1213,47.132366328822,7766,8711,,,,16477,TRUE,"UR","Schattdorf","Schattdorf","Schattdorf","Schattdorf UR","Schattdorf (UR)","Schattdorf (UR)","Uri","Uri","Uri",84.294002642855,FALSE,FALSE
4,1214,46.7404487568223,6166,7026,,,,13192,TRUE,"UR","Seedorf UR","Seedorf (UR)","Seedorf UR","Seedorf UR","Seedorf (UR)","Seedorf (UR)","Uri","Uri","Uri",84.294002642855,FALSE,FALSE
4,1215,40.8617384782065,4903,7096,,,,11999,TRUE,"UR","Seelisberg","Seelisberg","Seelisberg","Seelisberg UR","Seelisberg (UR)","Seelisberg (UR)","Uri","Uri","Uri",84.294002642855,FALSE,FALSE
4,1216,4.77337420626232,218,4349,,,,4567,TRUE,"UR","Silenen","Silenen","Silenen","Silenen UR","Silenen (UR)","Silenen (UR)","Uri","Uri","Uri",84.294002642855,FALSE,FALSE
4,1217,99.2308537523349,9031,70,,,,9101,TRUE,"UR","Sisikon","Sisikon","Sisikon","Sisikon UR","Sisikon (UR)","Sisikon (UR)","Uri","Uri","Uri",84.294002642855,FALSE,FALSE
4,1218,16.7401550859054,1101,5476,,,,6577,TRUE,"UR","Spiringen","Spiringen","Spiringen","Spiringen UR","Spiringen (UR)","Spiringen (UR)","Uri","Uri","Uri",84.294002642855,FALSE,FALSE
4,1219,52.4932060923971,8306,7517,,,,15823,TRUE,"UR","Unterschächen","Unterschächen","Unterschächen","Unterschächen UR","Unterschächen (UR)","Unterschächen (UR)","Uri","Uri","Uri",84.294002642855,FALSE,FALSE
4,1220,51.1695906432749,3150,3006,,,,6156,TRUE,"UR","Wassen","Wassen","Wassen","Wassen UR","Wassen (UR)","Wassen (UR)","Uri","Uri","Uri",84.294002642855,FALSE,FALSE
5,1301,72.7490996398559,1212,454,,,,1666,TRUE,"SZ","Einsiedeln","Einsiedeln","Einsiedeln","Einsiedeln SZ","Einsiedeln (SZ)","Einsiedeln (SZ)","Schwyz","Schwyz","Svitto",2.33593618031591,FALSE,FALSE
5,1311,29.0488240547782,3903,9533,,,,13436,TRUE,"SZ","Gersau","Gersau","Gersau","Gersau SZ","Gersau (SZ)","Gersau (SZ)","Schwyz","Schwyz","Svitto",2.33593618031591,FALSE,FALSE
5,1321,54.4659072147928,9897,8274,,,,18171,TRUE,"SZ","Feusisberg","Feusisberg","Feusisberg","Feusisberg SZ","Feusisberg (SZ)","Feusisberg (SZ)","Schwyz","Schwyz","Svitto",2.33593618031591,FALSE,FALSE
5,1322,43.8266687908236,5502,7052,,,,12554,TRUE,"SZ","Freienbach","Freienbach","Freienbach","Freienbach SZ","Freienbach (SZ)","Freienbach (SZ)","Schwyz","Schwyz","Svitto",2.33593618031591,FALSE,FALSE
5,1323,47.8193267511467,6151,6712,,,,12863,TRUE,"SZ","Wollerau","Wollerau","Wollerau","Wollerau SZ","Wollerau (SZ)","Wollerau (SZ)","Schwyz","Schwyz","Svitto",2.33593618031591,FALSE,FALSE
5,1331,75.1784555483452,6951,2295,,,,9246,TRUE,"SZ","Küssnacht SZ","Küssnacht (SZ)","Küssnacht SZ","Küssnacht SZ","Küssnacht (SZ)","Küssnacht (SZ)","Schwyz","Schwyz","Svitto",2.33593618031591,FALSE,FALSE
5,1341,48.51150202977,8604,9132,,,,17736,TRUE,"SZ","Altendorf","Altendorf","Altendorf","Altendorf SZ","Altendorf (SZ)","Altendorf (SZ)","Schwyz","Schwyz","Svitto",2.33593618031591,FALSE,FALSE
5,1342,74.0830171323445,6443,2254,,,,8697,TRUE,"SZ","Galgenen","Galgenen","Galgenen","Galgenen SZ","Galgenen (SZ)","Galgenen (SZ)","Schwyz","Schwyz","Svitto",2.33593618031591,FALSE,FALSE
5,1343,46.211820706069,6990,8136,,,,15126,TRUE,"SZ","Innerthal","Innerthal","Innerthal","Innerthal SZ","Innerthal (SZ)","Innerthal (SZ)","Schwyz","Schwyz","Svitto",2.33593618031591,FALSE,FALSE
5,1344,49.4541910331384,7611,7779,,,,15390,TRUE,"SZ","Lachen","Lachen","Lachen","Lachen SZ","Lachen (SZ)","Lachen (SZ)","Schwyz","Schwyz","Svitto",2.33593618031591,FALSE,FALSE
5,1345,76.946871858325,9950,2981,,,,12931,TRUE,"SZ","Reichenburg","Reichenburg","Reichenburg","Reichenburg SZ","Reichenburg (SZ)","Reichenburg (SZ)","Schwyz","Schwyz","Svitto",2.33593618031591,FALSE,FALSE
5,1346,35.8747447243022,2635,4710,,,,7345,TRUE,"SZ","Schübelbach","Schübelbach","Schübelbach","Schübelbach SZ","Schübelbach (SZ)","Schübelbach (SZ)","Schwyz","Schwyz","Svitto",2.33593618031591,FALSE,FALSE
5,1347,62.6837542404825,1663,990,,,,2653,TRUE,"SZ","Tuggen","Tuggen","Tuggen","Tuggen SZ","Tuggen (SZ)","Tuggen (SZ)","Schwyz","Schwyz","Svitto",2.33593618031591,FALSE,FALSE
5,1348,44.7774801983019,7858,9691,,,,17549,TRUE,"SZ","Vorderthal","Vorderthal","Vorderthal","Vorderthal SZ","Vorderthal (SZ)","Vorderthal (SZ)","Schwyz","Schwyz","Svitto",2.33593618031591,FALSE,FALSE
5,1349,86.4821500200562,8624,1348,,,,9972,TRUE,"SZ","Wangen SZ","Wangen (SZ)","Wangen SZ","Wangen SZ","Wangen (SZ)","Wangen (SZ)","Schwyz","Schwyz","Svitto",2.33593618031591,FALSE,FALSE
5,1361,13.5238095238095,852,5448,,,,6300,TRUE,"SZ","Alpthal","Alpthal","Alpthal","Alpthal SZ","Alpthal (SZ)","Alpthal (SZ)","Schwyz","Schwyz","Svitto",2.33593618031591,FALSE,FALSE
5,1362,4.03195606041693,323,7688,,,,8011,TRUE,"SZ","Arth","Arth","Arth","Arth SZ","Arth (SZ)","Arth (SZ)","Schwyz","Schwyz","Svitto",2.33593618031591,FALSE,FALSE
5,1363,59.8771681177026,8872,5945,,,,14817,TRUE,"SZ","Illgau","Illgau","Illgau","Illgau SZ","Illgau (SZ)","Illgau (SZ)","Schwyz","Schwyz","Svitto",2.33593618031591,FALSE,FALSE
5,1364,85.5247797941208,8059,1364,,,,9423,TRUE,"SZ","Ingenbohl","Ingenbohl","Ingenbohl","Ingenbohl SZ","Ingenbohl (SZ)","Ingenbohl (SZ)","Schwyz","Schwyz","Svitto",2.33593618031591,FALSE,FALSE
5,1365,45.9833323884574,8111,9528,,,,17639,TRUE,"SZ","Lauerz","Lauerz","Lauerz","Lauerz SZ","Lauerz (SZ)","Lauerz (SZ)","Schwyz","Schwyz","Svitto",2.33593618031591,FALSE,FALSE
5,1366,1.32631168324556,68,5059,,,,5127,TRUE,"SZ","Morschach","Morschach","Morschach","Morschach SZ","Morschach (SZ)","Morschach (SZ)","Schwyz","Schwyz","Svitto",2.33593618031591,FALSE,FALSE
5,1367,11.1691394658754,941,7484,,,,8425,TRUE,"SZ","Muotathal","Muotathal","Muotathal","Muotathal SZ","Muotathal (SZ)","Muotathal (SZ)","Schwyz","Schwyz","Svitto",2.33593618031591,FALSE,FALSE
5,1368,63.9919082939986,9490,5340,,,,14830,TRUE,"SZ","Oberiberg","Oberiberg","Oberiberg","Oberiberg SZ","Oberiberg (SZ)","Oberiberg (SZ)","Schwyz","Schwyz","Svitto",2.33593618031591,FALSE,FALSE
5,1369,64.5242914979757,3825,2103,,,,5928,TRUE,"SZ","Riemenstalden","Riemenstalden","Riemenstalden","Riemenstalden SZ","Riemenstalden (SZ)","Riemenstalden (SZ)","Schwyz","Schwyz","Svitto",2.33593618031591,FALSE,FALSE
5,1370,13.7948561553319,1357,8480,,,,9837,TRUE,"SZ","Rothenthurm","Rothenthurm","Rothenthurm","Rothenthurm SZ","Rothenthurm (SZ)","Rothenthurm (SZ)","Schwyz","Schwyz","Svitto",2.33593618031591,FALSE,FALSE
5,1371,32.6408863321615,3064,6323,,,,9387,TRUE,"SZ","Sattel","Sattel","Sattel","Sattel SZ","Sattel (SZ)","Sattel (SZ)","Schwyz","Schwyz","Svitto",2.33593618031591,FALSE,FALSE
5,1372,44.5291106084058,7480,9318,,,,16798,TRUE,"SZ","Schwyz","Schwyz","Svitto","Schwyz SZ","Schwyz (SZ)","Svitto (SZ)","Schwyz","Schwyz","Svitto",2.33593618031591,FALSE,FALSE
5,1373,24.3829219479653,731,2267,,,,2998,TRUE,"SZ","Steinen","Steinen","Steinen","Steinen SZ","Steinen (SZ)","Steinen (SZ)","Schwyz","Schwyz","Svitto",2.33593618031591,FALSE,FALSE
5,1374,51.2040641287854,7761,7396,,,,15157,TRUE,"SZ","Steinerberg","Steinerberg","Steinerberg","Steinerberg SZ","Steinerberg (SZ)","Steinerberg (SZ)","Schwyz","Schwyz","Svitto",2.33593618031591,FALSE,FALSE
5,1375,27.8787878787879,966,2499,,,,3465,TRUE,"SZ","Unteriberg","Unteriberg","Unteriberg","Unteriberg SZ","Unteriberg (SZ)","Unteriberg (SZ)","Schwyz","Schwyz","Svitto",2.33593618031591,FALSE,FALSE
6,1401,75.8446687143484,3457,1101,,,,4558,TRUE,"OW","Alpnach","Alpnach","Alpnach","Alpnach OW","Alpnach (OW)","Alpnach (OW)","Obwalden","Obwald","Obvaldo",52.943394635804,FALSE,FALSE
6,1402,99.4746283956945,7763,41,,,,7804,TRUE,"OW","Engelberg","Engelberg","Engelberg","Engelberg OW","Engelberg (OW)","Engelberg (OW)","Obwalden","Obwald","Obvaldo",52.943394635804,FALSE,FALSE
6,1403,44.2415643698723,7172,9039,,,,16211,TRUE,"OW","Giswil","Giswil","Giswil","Giswil OW","Giswil (OW)","Giswil (OW)","Obwalden","Obwald","Obvaldo",52.943394635804,FALSE,FALSE
6,1404,15.2529302899445,989,5495,,,,6484,TRUE,"OW","Kerns","Kerns","Kerns","Kerns OW","Kerns (OW)","Kerns (OW)","Obwalden","Obwald","Obvaldo",52.943394635804,FALSE,FALSE
6,1405,27.4966711051931,1652,4356,,,,6008,TRUE,"OW","Lungern","Lungern","Lungern","Lungern OW","Lungern (OW)","Lungern (OW)","Obwalden","Obwald","Obvaldo",52.943394635804,FALSE,FALSE
6,1406,55.3038024304194,7054,5701,,,,12755,TRUE,"OW","Sachseln","Sachseln","Sachseln","Sachseln OW","Sachseln (OW)","Sachseln (OW)","Obwalden","Obwald","Obvaldo",52.943394635804,FALSE,FALSE
6,1407,14.5969959805373,690,4037,,,,4727,TRUE,"OW","Sarnen","Sarnen","Sarnen","Sarnen OW","Sarnen (OW)","Sarnen (OW)","Obwalden","Obwald","Obvaldo",52.943394635804,FALSE,FALSE
7,1501,68.3028101134426,9212,4275,,,,13487,TRUE,"NW","Beckenried","Beckenried","Beckenried","Beckenried NW","Beckenried (NW)","Beckenried (NW)","Nidwalden","Nidwald","Nidvaldo",27.390650450252,FALSE,FALSE
7,1502,78.1395348837209,4536,1269,,,,5805,TRUE,"NW","Buochs","Buochs","Buochs","Buochs NW","Buochs (NW)","Buochs (NW)","Nidwalden","Nidwald","Nidvaldo",27.390650450252,FALSE,FALSE
7,1503,37.698257676381,4825,7974,,,,12799,TRUE,"NW","Dallenwil","Dallenwil","Dallenwil","Dallenwil NW","Dallenwil (NW)","Dallenwil (NW)","Nidwalden","Nidwald","Nidvaldo",27.390650450252,FALSE,FALSE
7,1504,10.2589154860772,210,1837,,,,2047,TRUE,"NW","Emmetten","Emmetten","Emmetten","Emmetten NW","Emmetten (NW)","Emmetten (NW)","Nidwalden","Nidwald","Nidvaldo",27.390650450252,FALSE,FALSE
7,1505,15.6546489563567,990,5334,,,,6324,TRUE,"NW","Ennetbürgen","Ennetbürgen","Ennetbürgen","Ennetbürgen NW","Ennetbürgen (NW)","Ennetbürgen (NW)","Nidwalden","Nidwald","Nidvaldo",27.390650450252,FALSE,FALSE
7,1506,59.4548792543426,4210,2871,,,,7081,TRUE,"NW","Ennetmoos","Ennetmoos","Ennetmoos","Ennetmoos NW","Ennetmoos (NW)","Ennetmoos (NW)","Nidwalden","Nidwald","Nidvaldo",27.390650450252,FALSE,FALSE
7,1507,34.5053147996729,422,801,,,,1223,TRUE,"NW","Hergiswil NW","Hergiswil (NW)","Hergiswil NW","Hergiswil NW","Hergiswil (NW)","Hergiswil (NW)","Nidwalden","Nidwald","Nidvaldo",27.390650450252,FALSE,FALSE
7,1508,68.7632645186186,3564,1619,,,,5183,TRUE,"NW","Oberdorf NW","Oberdorf (NW)","Oberdorf NW","Oberdorf NW","Oberdorf (NW)","Oberdorf (NW)","Nidwalden","Nidwald","Nidvaldo",27.390650450252,FALSE,FALSE
7,1509,48.3093207880035,6572,7032,,,,13604,TRUE,"NW","Stans","Stans","Stans","Stans NW","Stans (NW)","Stans (NW)","Nidwalden","Nidwald","Nidvaldo",27.390650450252,FALSE,FALSE
7,1510,51.9355837720657,3354,3104,,,,6458,TRUE,"NW","Stansstad","Stansstad","Stansstad","Stansstad NW","Stansstad (NW)","Stansstad (NW)","Nidwalden","Nidwald","Nidvaldo",27.390650450252,FALSE,FALSE
7,1511,49.7630331753555,5880,5936,,,,11816,TRUE,"NW","Wolfenschiessen","Wolfenschiessen","Wolfenschiessen","Wolfenschiessen NW","Wolfenschiessen (NW)","Wolfenschiessen (NW)","Nidwalden","Nidwald","Nidvaldo",27.390650450252,FALSE,FALSE
8,1630,32.1191051995163,4250,8982,,,,13232,TRUE,"GL","Glarus Nord","Glarus Nord","Glarus Nord","Glarus Nord GL","Glarus Nord (GL)","Glarus Nord (GL)","Glarus","Glaris","Glarona",76.4655304839835,FALSE,FALSE
8,1631,51.6874711049468,5590,5225,,,,10815,TRUE,"GL","Glarus Süd","Glarus Süd","Glarus Süd","Glarus Süd GL","Glarus Süd (GL)","Glarus Süd (GL)","Glarus","Glaris","Glarona",76.4655304839835,FALSE,FALSE
8,1632,21.727478870336,1054,3797,,,,4851,TRUE,"GL","Glarus","Glaris","Glarona","Glarus GL","Glaris (GL)","Glarona (GL)","Glarus","Glaris","Glarona",76.4655304839835,FALSE,FALSE
9,1701,39.1042135734963,4863,7573,,,,12436,TRUE,"ZG","Baar","Baar","Baar","Baar ZG","Baar (ZG)","Baar (ZG)","Zug","Zoug","Zugo",32.4433953268453,FALSE,FALSE
9,1702,81.5328907664454,1351,306,,,,1657,TRUE,"ZG","Cham","Cham","Cham","Cham ZG","Cham (ZG)","Cham (ZG)","Zug","Zoug","Zugo",32.4433953268453,FALSE,FALSE
9,1703,81.5560501821125,8061,1823,,,,9884,TRUE,"ZG","Hünenberg","Hünenberg","Hünenberg","Hünenberg ZG","Hünenberg (ZG)","Hünenberg (ZG)","Zug","Zoug","Zugo",32.4433953268453,FALSE,FALSE
9,1704,76.5907119766617,9714,2969,,,,12683,TRUE,"ZG","Menzingen","Menzingen","Menzingen","Menzingen ZG","Menzingen (ZG)","Menzingen (ZG)","Zug","Zoug","Zugo",32.4433953268453,FALSE,FALSE
9,1705,70.8024374128184,9644,3977,,,,13621,TRUE,"ZG","Neuheim","Neuheim","Neuheim","Neuheim ZG","Neuheim (ZG)","Neuheim (ZG)","Zug","Zoug","Zugo",32.4433953268453,FALSE,FALSE
9,1706,13.5753846153846,1103,7022,,,,8125,TRUE,"ZG","Oberägeri","Oberägeri","Oberägeri","Oberägeri ZG","Oberägeri (ZG)","Oberägeri (ZG)","Zug","Zoug","Zugo",32.4433953268453,FALSE,FALSE
9,1707,33.4159950402976,1617,3222,,,,4839,TRUE,"ZG","Risch","Risch","Risch","Risch ZG","Risch (ZG)","Risch (ZG)","Zug","Zoug","Zugo",32.4433953268453,FALSE,FALSE
9,1708,35.1141330743079,5061,9352,,,,14413,TRUE,"ZG","Steinhausen","Steinhausen","Steinhausen","Steinhausen ZG","Steinhausen (ZG)","Steinhausen (ZG)","Zug","Zoug","Zugo",32.4433953268453,FALSE,FALSE
9,1709,91.9248644461658,9494,834,,,,10328,TRUE,"ZG","Unterägeri","Unterägeri","Unterägeri","Unterägeri ZG","Unterägeri (ZG)","Unterägeri (ZG)","Zug","Zoug","Zugo",32.4433953268453,FALSE,FALSE
9,1710,64.5907034142328,7851,4304,,,,12155,TRUE,"ZG","Walchwil","Walchwil","Walchwil","Walchwil ZG","Walchwil (ZG)","Walchwil (ZG)","Zug","Zoug","Zugo",32.4433953268453,FALSE,FALSE
9,1711,34.7192858820766,1478,2779,,,,4257,TRUE,"ZG","Zug","Zoug","Zugo","Zug ZG","Zoug (ZG)","Zugo (ZG)","Zug","Zoug","Zugo",32.4433953268453,FALSE,FALSE
10,2008,20.0401606425703,998,3982,,,,4980,TRUE,"FR","Châtillon FR","Châtillon (FR)","Châtillon FR","Châtillon FR","Châtillon (FR)","Châtillon (FR)","Freiburg","Fribourg","Friburgo",4.42195485811681,FALSE,FALSE
10,2011,34.7269890795632,2226,4184,,,,6410,TRUE,"FR","Cugy FR","Cugy (FR)","Cugy FR","Cugy FR","Cugy (FR)","Cugy (FR)","Freiburg","Fribourg","Friburgo",4.42195485811681,FALSE,FALSE
10,2022,84.782879183775,6814,1223,,,,8037,TRUE,"FR","Gletterens","Gletterens","Gletterens","Gletterens FR","Gletterens (FR)","Gletterens (FR)","Freiburg","Fribourg","Friburgo",4.42195485811681,FALSE,FALSE
10,2025,37.8424657534247,5525,9075,,,,14600,TRUE,"FR","Lully FR","Lully (FR)","Lully FR","Lully FR","Lully (FR)","Lully (FR)","Freiburg","Fribourg","Friburgo",4.42195485811681,FALSE,FALSE
10,2029,73.8820171265461,1553,549,,,,2102,TRUE,"FR","Montagny FR","Montagny (FR)","Montagny FR","Montagny FR","Montagny (FR)","Montagny (FR)","Freiburg","Fribourg","Friburgo",4.42195485811681,FALSE,FALSE
10,2035,61.0102156640182,8600,5496,,,,14096,TRUE,"FR","Nuvilly","Nuvilly","Nuvilly","Nuvilly FR","Nuvilly (FR)","Nuvilly (FR)","Freiburg","Fribourg","Friburgo",4.42195485811681,FALSE,FALSE
10,2038,86.1721611721612,3764,604,,,,4368,TRUE,"FR","Prévondavaux","Prévondavaux","Prévondavaux","Prévondavaux FR","Prévondavaux (FR)","Prévondavaux (FR)","Freiburg","Fribourg","Friburgo",4.42195485811681,FALSE,FALSE
10,2041,47.5678524374177,9026,9949,,,,18975,TRUE,"FR","Saint-Aubin FR","Saint-Aubin (FR)","Saint-Aubin FR","Saint-Aubin FR","Saint-Aubin (FR)","Saint-Aubin (FR)","Freiburg","Fribourg","Friburgo",4.42195485811681,FALSE,FALSE
10,2043,70.7193705507681,3775,1563,,,,5338,TRUE,"FR","Sévaz","Sévaz","Sévaz","Sévaz FR","Sévaz (FR)","Sévaz (FR)","Freiburg","Fribourg","Friburgo",4.42195485811681,FALSE,FALSE
10,2044,2.91056910569106,179,5971,,,,6150,TRUE,"FR","Surpierre","Surpierre","Surpierre","Surpierre FR","Surpierre (FR)","Surpierre (FR)","Freiburg","Fribourg","Friburgo",4.42195485811681,FALSE,FALSE
10,2045,62.0405924300603,1131,692,,,,1823,TRUE,"FR","Vallon","Vallon","Vallon","Vallon FR","Vallon (FR)","Vallon (FR)","Freiburg","Fribourg","Friburgo",4.42195485811681,FALSE,FALSE
10,2050,47.0796112692648,4796,5391,,,,10187,TRUE,"FR","Les Montets","Les Montets","Les Montets","Les Montets FR","Les Montets (FR)","Les Montets (FR)","Freiburg","Fribourg","Friburgo",4.42195485811681,FALSE,FALSE
10,2051,51.0086914919065,6397,6144,,,,12541,TRUE,"FR","Delley-Portalban","Delley-Portalban","Delley-Portalban","Delley-Portalban FR","Delley-Portalban (FR)","Delley-Portalban (FR)","Freiburg","Fribourg","Friburgo",4.42195485811681,FALSE,FALSE
10,2053,57.4433656957929,4970,3682,,,,8652,TRUE,"FR","Belmont-Broye","Belmont-Broye","Belmont-Broye","Belmont-Broye FR","Belmont-Broye (FR)","Belmont-Broye (FR)","Freiburg","Fribourg","Friburgo",4.42195485811681,FALSE,FALSE
10,2054,87.3155841953536,5149,748,,,,5897,TRUE,"FR","Estavayer","Estavayer","Estavayer","Estavayer FR","Estavayer (FR)","Estavayer (FR)","Freiburg","Fribourg","Friburgo",4.42195485811681,FALSE,FALSE
10,2055,47.622019722881,3815,4196,,,,8011,TRUE,"FR","Cheyres-Châbles","Cheyres-Châbles","Cheyres-Châbles","Cheyres-Châbles FR","Cheyres-Châbles (FR)","Cheyres-Châbles (FR)","Freiburg","Fribourg","Friburgo",4.42195485811681,FALSE,FALSE
10,2056,42.2261798753339,4742,6488,,,,11230,TRUE,"FR","Fétigny-Ménières","Fétigny-Ménières","Fétigny-Ménières","Fétigny-Ménières FR","Fétigny-Ménières (FR)","Fétigny-Ménières (FR)","Freiburg","Fribourg","Friburgo",4.42195485811681,FALSE,FALSE
10,2063,62.5566930154205,9655,5779,,,,15434,TRUE,"FR","Billens-Hennens","Billens-Hennens","Billens-Hennens","Billens-Hennens FR","Billens-Hennens (FR)","Billens-Hennens (FR)","Freiburg","Fribourg","Friburgo",4.42195485811681,FALSE,FALSE
10,2067,70.8055853920516,9888,4077,,,,13965,TRUE,"FR","Le Châtelard","Le Châtelard","Le Châtelard","Le Châtelard FR","Le Châtelard (FR)","Le Châtelard (FR)","Freiburg","Fribourg","Friburgo",4.42195485811681,FALSE,FALSE
10,2068,18.4186425155185,1810,8017,,,,9827,TRUE,"FR","Châtonnaye","Châtonnaye","Châtonnaye","Châtonnaye FR","Châtonnaye (FR)","Châtonnaye (FR)","Freiburg","Fribourg","Friburgo",4.42195485811681,FALSE,FALSE
10,2079,53.7914691943128,4086,3510,,,,7596,TRUE,"FR","Grangettes","Grangettes","Grangettes","Grangettes FR","Grangettes (FR)","Grangettes (FR)","Freiburg","Fribourg","Friburgo",4.42195485811681,FALSE,FALSE
10,2086,78.1699580019659,8748,2443,,,,11191,TRUE,"FR","Massonnens","Massonnens","Massonnens","Massonnens FR","Massonnens (FR)","Massonnens (FR)","Freiburg","Fribourg","Friburgo",4.42195485811681,FALSE,FALSE
10,2087,24.05297197413,2343,7398,,,,9741,TRUE,"FR","Mézières FR","Mézières (FR)","Mézières FR","Mézières FR","Mézières (FR)","Mézières (FR)","Freiburg","Fribourg","Friburgo",4.42195485811681,FALSE,FALSE
10,2096,54.1005686920084,3615,3067,,,,6682,TRUE,"FR","Romont FR","Romont (FR)","Romont FR","Romont FR","Romont (FR)","Romont (FR)","Freiburg","Fribourg","Friburgo",4.42195485811681,FALSE,FALSE
10,2097,24.9831309041835,2962,8894,,,,11856,TRUE,"FR","Rue","Rue","Rue","Rue FR","Rue (FR)","Rue (FR)","Freiburg","Fribourg","Friburgo",4.42195485811681,FALSE,FALSE
10,2099,70.3054244146835,7297,3082,,,,10379,TRUE,"FR","Siviriez","Siviriez","Siviriez","Siviriez FR","Siviriez (FR)","Siviriez (FR)","Freiburg","Fribourg","Friburgo",4.42195485811681,FALSE,FALSE
10,2102,60.5471669905816,8100,5278,,,,13378,TRUE,"FR","Ursy","Ursy","Ursy","Ursy FR","Ursy (FR)","Ursy (FR)","Freiburg","Fribourg","Friburgo",4.42195485811681,FALSE,FALSE
10,2113,35.7669213973799,5242,9414,,,,14656,TRUE,"FR","Vuisternens-devant-Romont","Vuisternens-devant-Romont","Vuisternens-devant-Romont","Vuisternens-devant-Romont FR","Vuisternens-devant-Romont (FR)","Vuisternens-devant-Romont (FR)","Freiburg","Fribourg","Friburgo",4.42195485811681,FALSE,FALSE
10,2114,50.1650696513407,6230,6189,,,,12419,TRUE,"FR","Villorsonnens","Villorsonnens","Villorsonnens","Villorsonnens FR","Villorsonnens (FR)","Villorsonnens (FR)","Freiburg","Fribourg","Friburgo",4.42195485811681,FALSE,FALSE
10,2115,53.8406403058177,9014,7728,,,,16742,TRUE,"FR","Torny","Torny","Torny","Torny FR","Torny (FR)","Torny (FR)","Freiburg","Fribourg","Friburgo",4.42195485811681,FALSE,FALSE
10,2117,40.0528909724727,3332,4987,,,,8319,TRUE,"FR","Villaz","Villaz","Villaz","Villaz FR","Villaz (FR)","Villaz (FR)","Freiburg","Fribourg","Friburgo",4.42195485811681,FALSE,FALSE
10,2121,60.844250363901,4598,2959,,,,7557,TRUE,"FR","Haut-Intyamon","Haut-Intyamon","Haut-Intyamon","Haut-Intyamon FR","Haut-Intyamon (FR)","Haut-Intyamon (FR)","Freiburg","Fribourg","Friburgo",4.42195485811681,FALSE,FALSE
10,2122,69.2073612519925,4776,2125,,,,6901,TRUE,"FR","Pont-en-Ogoz","Pont-en-Ogoz","Pont-en-Ogoz","Pont-en-Ogoz FR","Pont-en-Ogoz (FR)","Pont-en-Ogoz (FR)","Freiburg","Fribourg","Friburgo",4.42195485811681,FALSE,FALSE
10,2123,8.63278453829635,603,6382,,,,6985,TRUE,"FR","Botterens","Botterens","Botterens","Botterens FR","Botterens (FR)","Botterens (FR)","Freiburg","Fribourg","Friburgo",4.42195485811681,FALSE,FALSE
10,2124,64.5807259073842,3096,1698,,,,4794,TRUE,"FR","Broc","Broc","Broc","Broc FR","Broc (FR)","Broc (FR)","Freiburg","Fribourg","Friburgo",4.42195485811681,FALSE,FALSE
10,2125,52.0878868054757,4528,4165,,,,8693,TRUE,"FR","Bulle","Bulle","Bulle","Bulle FR","Bulle (FR)","Bulle (FR)","Freiburg","Fribourg","Friburgo",4.42195485811681,FALSE,FALSE
10,2128,47.3719828558538,8400,9332,,,,17732,TRUE,"FR","Châtel-sur-Montsalvens","Châtel-sur-Montsalvens","Châtel-sur-Montsalvens","Châtel-sur-Montsalvens FR","Châtel-sur-Montsalvens (FR)","Châtel-sur-Montsalvens (FR)","Freiburg","Fribourg","Friburgo",4.42195485811681,FALSE,FALSE
10,2129,48.5197695211603,4884,5182,,,,10066,TRUE,"FR","Corbières","Corbières","Corbières","Corbières FR","Corbières (FR)","Corbières (FR)","Freiburg","Fribourg","Friburgo",4.42195485811681,FALSE,FALSE
10,2130,67.2997085063157,7619,3702,,,,11321,TRUE,"FR","Crésuz","Crésuz","Crésuz","Crésuz FR","Crésuz (FR)","Crésuz (FR)","Freiburg","Fribourg","Friburgo",4.42195485811681,FALSE,FALSE
10,2131,50.3257149166391,4558,4499,,,,9057,TRUE,"FR","Echarlens","Echarlens","Echarlens","Echarlens FR","Echarlens (FR)","Echarlens (FR)","Freiburg","Fribourg","Friburgo",4.42195485811681,FALSE,FALSE
10,2134,38.5257952419139,5765,9199,,,,14964,TRUE,"FR","Grandvillard","Grandvillard","Grandvillard","Grandvillard FR","Grandvillard (FR)","Grandvillard (FR)","Freiburg","Fribourg","Friburgo",4.42195485811681,FALSE,FALSE
10,2135,34.2597739484899,3698,7096,,,,10794,TRUE,"FR","Greyerz","Gruyères","Gruyères","Greyerz FR","Gruyères (FR)","Gruyères (FR)","Freiburg","Fribourg","Friburgo",4.42195485811681,FALSE,FALSE
10,2137,30.5985768103809,4386,9948,,,,14334,TRUE,"FR","Hauteville","Hauteville","Hauteville","Hauteville FR","Hauteville (FR)","Hauteville (FR)","Freiburg","Fribourg","Friburgo",4.42195485811681,FALSE,FALSE
10,2138,20.890756302521,1243,4707,,,,5950,TRUE,"FR","Jaun","Bellegarde","Bellegarde","Jaun FR","Bellegarde (FR)","Bellegarde (FR)","Freiburg","Fribourg","Friburgo",4.42195485811681,FALSE,FALSE
10,2140,50.0998003992016,3765,3750,,,,7515,TRUE,"FR","Marsens","Marsens","Marsens","Marsens FR","Marsens (FR)","Marsens (FR)","Freiburg","Fribourg","Friburgo",4.42195485811681,FALSE,FALSE
10,2143,70.181175430844,7941,3374,,,,11315,TRUE,"FR","Morlon","Morlon","Morlon","Morlon FR","Morlon (FR)","Morlon (FR)","Freiburg","Fribourg","Friburgo",4.42195485811681,FALSE,FALSE
10,2145,44.8055200044516,8052,9919,,,,17971,TRUE,"FR","Le Pâquier FR","Le Pâquier (FR)","Le Pâquier FR","Le Pâquier FR","Le Pâquier (FR)","Le Pâquier (FR)","Freiburg","Fribourg","Friburgo",4.42195485811681,FALSE,FALSE
10,2147,71.8103330135672,5240,2057,,,,7297,TRUE,"FR","Pont-la-Ville","Pont-la-Ville","Pont-la-Ville","Pont-la-Ville FR","Pont-la-Ville (FR)","Pont-la-Ville (FR)","Freiburg","Fribourg","Friburgo",4.42195485811681,FALSE,FALSE
10,2148,71.8116805721097,9640,3784,,,,13424,TRUE,"FR","Riaz","Riaz","Riaz","Riaz FR","Riaz (FR)","Riaz (FR)","Freiburg","Fribourg","Friburgo",4.42195485811681,FALSE,FALSE
10,2149,69.1244749060358,6253,2793,,,,9046,TRUE,"FR","La Roche","La Roche","La Roche","La Roche FR","La Roche (FR)","La Roche (FR)","Freiburg","Fribourg","Friburgo",4.42195485811681,FALSE,FALSE
10,2152,41.246551291698,6578,9370,,,,15948,TRUE,"FR","Sâles","Sâles","Sâles","Sâles FR","Sâles (FR)","Sâles (FR)","Freiburg","Fribourg","Friburgo",4.42195485811681,FALSE,FALSE
10,2153,57.4206315064957,6674,4949,,,,11623,TRUE,"FR","Sorens","Sorens","Sorens","Sorens FR","Sorens (FR)","Sorens (FR)","Freiburg","Fribourg","Friburgo",4.42195485811681,FALSE,FALSE
10,2155,51.2765789265671,6487,6164,,,,12651,TRUE,"FR","Vaulruz","Vaulruz","Vaulruz","Vaulruz FR","Vaulruz (FR)","Vaulruz (FR)","Freiburg","Fribourg","Friburgo",4.42195485811681,FALSE,FALSE
10,2160,52.1750628057649,7892,7234,,,,15126,TRUE,"FR","Vuadens","Vuadens","Vuadens","Vuadens FR","Vuadens (FR)","Vuadens (FR)","Freiburg","Fribourg","Friburgo",4.42195485811681,FALSE,FALSE
10,2162,20.8791208791209,361,1368,,,,1729,TRUE,"FR","Bas-Intyamon","Bas-Intyamon","Bas-Intyamon","Bas-Intyamon FR","Bas-Intyamon (FR)","Bas-Intyamon (FR)","Freiburg","Fribourg","Friburgo",4.42195485811681,FALSE,FALSE
10,2163,8.10032017075774,759,8611,,,,9370,TRUE,"FR","Val-de-Charmey","Val-de-Charmey","Val-de-Charmey","Val-de-Charmey FR","Val-de-Charmey (FR)","Val-de-Charmey (FR)","Freiburg","Fribourg","Friburgo",4.42195485811681,FALSE,FALSE
10,2173,73.796738265712,7421,2635,,,,10056,TRUE,"FR","Autigny","Autigny","Autigny","Autigny FR","Autigny (FR)","Autigny (FR)","Freiburg","Fribourg","Friburgo",4.42195485811681,FALSE,FALSE
10,2174,78.5208950312603,9545,2611,,,,12156,TRUE,"FR","Avry","Avry","Avry","Avry FR","Avry (FR)","Avry (FR)","Freiburg","Fribourg","Friburgo",4.42195485811681,FALSE,FALSE
10,2175,49.1972677914648,8427,8702,,,,17129,TRUE,"FR","Belfaux","Belfaux","Belfaux","Belfaux FR","Belfaux (FR)","Belfaux (FR)","Freiburg","Fribourg","Friburgo",4.42195485811681,FALSE,FALSE
10,2177,63.4130309752691,7718,4453,,,,12171,TRUE,"FR","Chénens","Chénens","Chénens","Chénens FR","Chénens (FR)","Chénens (FR)","Freiburg","Fribourg","Friburgo",4.42195485811681,FALSE,FALSE
10,2183,68.2203389830509,3381,1575,,,,4956,TRUE,"FR","Corminboeuf","Corminboeuf","Corminboeuf","Corminboeuf FR","Corminboeuf (FR)","Corminboeuf (FR)","Freiburg","Fribourg","Friburgo",4.42195485811681,FALSE,FALSE
10,2186,47.0606694560669,4499,5061,,,,9560,TRUE,"FR","Cottens FR","Cottens (FR)","Cottens FR","Cottens FR","Cottens (FR)","Cottens (FR)","Freiburg","Fribourg","Friburgo",4.42195485811681,FALSE,FALSE
10,2194,19.2864243897051,1746,7307,,,,9053,TRUE,"FR","Ferpicloz","Ferpicloz","Ferpicloz","Ferpicloz FR","Ferpicloz (FR)","Ferpicloz (FR)","Freiburg","Fribourg","Friburgo",4.42195485811681,FALSE,FALSE
10,2196,20.3894253601393,1288,5029,,,,6317,TRUE,"FR","Freiburg","Fribourg","Friburgo","Freiburg FR","Fribourg (FR)","Friburgo (FR)","Freiburg","Fribourg","Friburgo",4.42195485811681,FALSE,FALSE
10,2197,46.729850395551,5966,6801,,,,12767,TRUE,"FR","Givisiez","Givisiez","Givisiez","Givisiez FR","Givisiez (FR)","Givisiez (FR)","Freiburg","Fribourg","Friburgo",4.42195485811681,FALSE,FALSE
10,2198,34.9206349206349,1914,3567,,,,5481,TRUE,"FR","Granges-Paccot","Granges-Paccot","Granges-Paccot","Granges-Paccot FR","Granges-Paccot (FR)","Granges-Paccot (FR)","Freiburg","Fribourg","Friburgo",4.42195485811681,FALSE,FALSE
10,2206,12.2853872567722,644,4598,,,,5242,TRUE,"FR","Marly","Marly","Marly","Marly FR","Marly (FR)","Marly (FR)","Freiburg","Fribourg","Friburgo",4.42195485811681,FALSE,FALSE
10,2208,70.0367376928729,9532,4078,,,,13610,TRUE,"FR","Matran","Matran","Matran","Matran FR","Matran (FR)","Matran (FR)","Freiburg","Fribourg","Friburgo",4.42195485811681,FALSE,FALSE
10,2211,53.2624161528559,7861,6898,,,,14759,TRUE,"FR","Neyruz FR","Neyruz (FR)","Neyruz FR","Neyruz FR","Neyruz (FR)","Neyruz (FR)","Freiburg","Fribourg","Friburgo",4.42195485811681,FALSE,FALSE
10,2216,5.07412821048236,486,9092,,,,9578,TRUE,"FR","Pierrafortscha","Pierrafortscha","Pierrafortscha","Pierrafortscha FR","Pierrafortscha (FR)","Pierrafortscha (FR)","Freiburg","Fribourg","Friburgo",4.42195485811681,FALSE,FALSE
10,2220,54.6913996627319,8108,6717,,,,14825,TRUE,"FR","Le Mouret","Le Mouret","Le Mouret","Le Mouret FR","Le Mouret (FR)","Le Mouret (FR)","Freiburg","Fribourg","Friburgo",4.42195485811681,FALSE,FALSE
10,2226,61.8566412605978,7223,4454,,,,11677,TRUE,"FR","Treyvaux","Treyvaux","Treyvaux","Treyvaux FR","Treyvaux (FR)","Treyvaux (FR)","Freiburg","Fribourg","Friburgo",4.42195485811681,FALSE,FALSE
10,2228,15.9638554216867,742,3906,,,,4648,TRUE,"FR","Villars-sur-Glâne","Villars-sur-Glâne","Villars-sur-Glâne","Villars-sur-Glâne FR","Villars-sur-Glâne (FR)","Villars-sur-Glâne (FR)","Freiburg","Fribourg","Friburgo",4.42195485811681,FALSE,FALSE
10,2230,41.1546840958606,5667,8103,,,,13770,TRUE,"FR","Villarsel-sur-Marly","Villarsel-sur-Marly","Villarsel-sur-Marly","Villarsel-sur-Marly FR","Villarsel-sur-Marly (FR)","Villarsel-sur-Marly (FR)","Freiburg","Fribourg","Friburgo",4.42195485811681,FALSE,FALSE
10,2233,47.513177456413,7031,7767,,,,14798,TRUE,"FR","Hauterive FR","Hauterive (FR)","Hauterive FR","Hauterive FR","Hauterive (FR)","Hauterive (FR)","Freiburg","Fribourg","Friburgo",4.42195485811681,FALSE,FALSE
10,2234,72.3050095117311,9122,3494,,,,12616,TRUE,"FR","La Brillaz","La Brillaz","La Brillaz","La Brillaz FR","La Brillaz (FR)","La Brillaz (FR)","Freiburg","Fribourg","Friburgo",4.42195485811681,FALSE,FALSE
10,2235,67.1805670451982,8933,4364,,,,13297,TRUE,"FR","La Sonnaz","La Sonnaz","La Sonnaz","La Sonnaz FR","La Sonnaz (FR)","La Sonnaz (FR)","Freiburg","Fribourg","Friburgo",4.42195485811681,FALSE,FALSE
10,2236,45.5583543240974,5426,6484,,,,11910,TRUE,"FR","Gibloux","Gibloux","Gibloux","Gibloux FR","Gibloux (FR)","Gibloux (FR)","Freiburg","Fribourg","Friburgo",4.42195485811681,FALSE,FALSE
10,2237,23.4815493926198,2049,6677,,,,8726,TRUE,"FR","Prez","Prez","Prez","Prez FR","Prez (FR)","Prez (FR)","Freiburg","Fribourg","Friburgo",4.42195485811681,FALSE,FALSE
10,2238,39.7487816596884,5791,8778,,,,14569,TRUE,"FR","Bois-d'Amont","Bois-d'Amont","Bois-d'Amont","Bois-d'Amont FR","Bois-d'Amont (FR)","Bois-d'Amont (((FR)))","Freiburg","Fribourg","Friburgo",4.42195485811681,FALSE,FALSE
10,2239,49.4305009575648,4904,5017,,,,9921,TRUE,"FR","Grolley-Ponthaux","Grolley-Ponthaux","Grolley-Ponthaux","Grolley-Ponthaux FR","Grolley-Ponthaux (FR)","Grolley-Ponthaux (FR)","Freiburg","Fribourg","Friburgo",4.42195485811681,FALSE,FALSE
10,2250,37.0488322717622,4537,7709,,,,12246,TRUE,"FR","Gurwolf","Courgevaux","Courgevaux","Gurwolf FR","Courgevaux (FR)","Courgevaux (FR)","Freiburg","Fribourg","Friburgo",4.42195485811681,FALSE,FALSE
10,2254,49.8002967020427,8728,8798,,,,17526,TRUE,"FR","Courtepin","Courtepin","Courtepin","Courtepin FR","Courtepin (FR)","Courtepin (FR)","Freiburg","Fribourg","Friburgo",4.42195485811681,FALSE,FALSE
10,2257,38.4716368410143,5568,8905,,,,14473,TRUE,"FR","Cressier FR","Cressier (FR)","Cressier FR","Cressier FR","Cressier (FR)","Cressier (FR)","Freiburg","Fribourg","Friburgo",4.42195485811681,FALSE,FALSE
10,2258,69.0704382618405,7423,3324,,,,10747,TRUE,"FR","Fräschels","Fräschels","Fräschels","Fräschels FR","Fräschels (FR)","Fräschels (FR)","Freiburg","Fribourg","Friburgo",4.42195485811681,FALSE,FALSE
10,2261,78.8140827671402,2552,686,,,,3238,TRUE,"FR","Greng","Greng","Greng","Greng FR","Greng (FR)","Greng (FR)","Freiburg","Fribourg","Friburgo",4.42195485811681,FALSE,FALSE
10,2262,91.0512820512821,3551,349,,,,3900,TRUE,"FR","Gurmels","Cormondes","Cormondes","Gurmels FR","Cormondes (FR)","Cormondes (FR)","Freiburg","Fribourg","Friburgo",4.42195485811681,FALSE,FALSE
10,2265,58.1782854451248,9881,7103,,,,16984,TRUE,"FR","Kerzers","Chiètres (FR)","Chiètres","Kerzers FR","Chiètres (FR)","Chiètres (FR)","Freiburg","Fribourg","Friburgo",4.42195485811681,FALSE,FALSE
10,2266,44.7935961894681,6771,8345,,,,15116,TRUE,"FR","Kleinbösingen","Kleinbösingen","Kleinbösingen","Kleinbösingen FR","Kleinbösingen (FR)","Kleinbösingen (FR)","Freiburg","Fribourg","Friburgo",4.42195485811681,FALSE,FALSE
10,2271,42.4220879251096,3580,4859,,,,8439,TRUE,"FR","Merlach","Meyriez","Meyriez","Merlach FR","Meyriez (FR)","Meyriez (FR)","Freiburg","Fribourg","Friburgo",4.42195485811681,FALSE,FALSE
10,2272,68.774148226203,5874,2667,,,,8541,TRUE,"FR","Misery-Courtion","Misery-Courtion","Misery-Courtion","Misery-Courtion FR","Misery-Courtion (FR)","Misery-Courtion (FR)","Freiburg","Fribourg","Friburgo",4.42195485811681,FALSE,FALSE
10,2274,32.1412125863392,2094,4421,,,,6515,TRUE,"FR","Muntelier","Montilier","Montilier","Muntelier FR","Montilier (FR)","Montilier (FR)","Freiburg","Fribourg","Friburgo",4.42195485811681,FALSE,FALSE
10,2275,26.9527534087306,2550,6911,,,,9461,TRUE,"FR","Murten","Morat","Morat","Murten FR","Morat (FR)","Morat (FR)","Freiburg","Fribourg","Friburgo",4.42195485811681,FALSE,FALSE
10,2276,66.3555555555556,8958,4542,,,,13500,TRUE,"FR","Ried bei Kerzers","Ried bei Kerzers","Ried bei Kerzers","Ried bei Kerzers FR","Ried bei Kerzers (FR)","Ried bei Kerzers (FR)","Freiburg","Fribourg","Friburgo",4.42195485811681,FALSE,FALSE
10,2284,55.3145463049579,9461,7643,,,,17104,TRUE,"FR","Mont-Vully","Mont-Vully","Mont-Vully","Mont-Vully FR","Mont-Vully (FR)","Mont-Vully (FR)","Freiburg","Fribourg","Friburgo",4.42195485811681,FALSE,FALSE
10,2292,22.8943338437979,1495,5035,,,,6530,TRUE,"FR","Brünisried","Brünisried","Brünisried","Brünisried FR","Brünisried (FR)","Brünisried (FR)","Freiburg","Fribourg","Friburgo",4.42195485811681,FALSE,FALSE
10,2293,25.8814703675919,2415,6916,,,,9331,TRUE,"FR","Düdingen","Guin","Guin","Düdingen FR","Guin (FR)","Guin (FR)","Freiburg","Fribourg","Friburgo",4.42195485811681,FALSE,FALSE
10,2294,86.3321475379143,4611,730,,,,5341,TRUE,"FR","Giffers","Chevrilles","Chevrilles","Giffers FR","Chevrilles (FR)","Chevrilles (FR)","Freiburg","Fribourg","Friburgo",4.42195485811681,FALSE,FALSE
10,2295,24.9330357142857,2234,6726,,,,8960,TRUE,"FR","Bösingen","Bösingen","Bösingen","Bösingen FR","Bösingen (FR)","Bösingen (FR)","Freiburg","Fribourg","Friburgo",4.42195485811681,FALSE,FALSE
10,2296,47.5765564794159,4692,5170,,,,9862,TRUE,"FR","Heitenried","Heitenried","Heitenried","Heitenried FR","Heitenried (FR)","Heitenried (FR)","Freiburg","Fribourg","Friburgo",4.42195485811681,FALSE,FALSE
10,2299,21.7525574213472,1127,4054,,,,5181,TRUE,"FR","Plaffeien","Planfayon","Planfayon","Plaffeien FR","Planfayon (FR)","Planfayon (FR)","Freiburg","Fribourg","Friburgo",4.42195485811681,FALSE,FALSE
10,2300,76.0077059869591,5129,1619,,,,6748,TRUE,"FR","Plasselb","Plasselb","Plasselb","Plasselb FR","Plasselb (FR)","Plasselb (FR)","Freiburg","Fribourg","Friburgo",4.42195485811681,FALSE,FALSE
10,2301,49.3632648226026,8334,8549,,,,16883,TRUE,"FR","Rechthalten","Dirlaret","Dirlaret","Rechthalten FR","Dirlaret (FR)","Dirlaret (FR)","Freiburg","Fribourg","Friburgo",4.42195485811681,FALSE,FALSE
10,2303,62.578697160478,9741,5825,,,,15566,TRUE,"FR","St. Silvester","Saint-Silvestre","Saint-Silvestre","St. Silvester FR","Saint-Silvestre (FR)","Saint-Silvestre (FR)","Freiburg","Fribourg","Friburgo",4.42195485811681,FALSE,FALSE
10,2304,44.5584595883383,7382,9185,,,,16567,TRUE,"FR","St. Ursen","Saint-Ours","Saint-Ours","St. Ursen FR","Saint-Ours (FR)","Saint-Ours (FR)","Freiburg","Fribourg","Friburgo",4.42195485811681,FALSE,FALSE
10,2305,20.2124091671325,1808,7137,,,,8945,TRUE,"FR","Schmitten FR","Schmitten (FR)","Schmitten FR","Schmitten FR","Schmitten (FR)","Schmitten (FR)","Freiburg","Fribourg","Friburgo",4.42195485811681,FALSE,FALSE
10,2306,57.7732355416617,9610,7024,,,,16634,TRUE,"FR","Tafers","Tavel","Tavel","Tafers FR","Tavel (FR)","Tavel (FR)","Freiburg","Fribourg","Friburgo",4.42195485811681,FALSE,FALSE
10,2307,22.0008035355564,2738,9707,,,,12445,TRUE,"FR","Tentlingen","Tinterin","Tinterin","Tentlingen FR","Tinterin (FR)","Tinterin (FR)","Freiburg","Fribourg","Friburgo",4.42195485811681,FALSE,FALSE
10,2308,64.7242798353909,7864,4286,,,,12150,TRUE,"FR","Ueberstorf","Ueberstorf","Ueberstorf","Ueberstorf FR","Ueberstorf (FR)","Ueberstorf (FR)","Freiburg","Fribourg","Friburgo",4.42195485811681,FALSE,FALSE
10,2309,68.9568591645743,9063,4080,,,,13143,TRUE,"FR","Wünnewil-Flamatt","Wünnewil-Flamatt","Wünnewil-Flamatt","Wünnewil-Flamatt FR","Wünnewil-Flamatt (FR)","Wünnewil-Flamatt (FR)","Freiburg","Fribourg","Friburgo",4.42195485811681,FALSE,FALSE
10,2321,30.2492848385779,3701,8534,,,,12235,TRUE,"FR","Attalens","Attalens","Attalens","Attalens FR","Attalens (FR)","Attalens (FR)","Freiburg","Fribourg","Friburgo",4.42195485811681,FALSE,FALSE
10,2323,74.8505380629733,1878,631,,,,2509,TRUE,"FR","Bossonnens","Bossonnens","Bossonnens","Bossonnens FR","Bossonnens (FR)","Bossonnens (FR)","Freiburg","Fribourg","Friburgo",4.42195485811681,FALSE,FALSE
10,2325,74.7019434917524,9148,3098,,,,12246,TRUE,"FR","Châtel-Saint-Denis","Châtel-Saint-Denis","Châtel-Saint-Denis","Châtel-Saint-Denis FR","Châtel-Saint-Denis (FR)","Châtel-Saint-Denis (FR)","Freiburg","Fribourg","Friburgo",4.42195485811681,FALSE,FALSE
10,2328,43.0757698794428,6896,9113,,,,16009,TRUE,"FR","Granges (Veveyse)","Granges (Veveyse)","Granges (Veveyse)","Granges (Veveyse) FR","Granges (Veveyse) (FR)","Granges (Veveyse) (FR)","Freiburg","Fribourg","Friburgo",4.42195485811681,FALSE,FALSE
10,2333,61.6837387964149,9635,5985,,,,15620,TRUE,"FR","Remaufens","Remaufens","Remaufens","Remaufens FR","Remaufens (FR)","Remaufens (FR)","Freiburg","Fribourg","Friburgo",4.42195485811681,FALSE,FALSE
10,2335,41.1801801801802,4571,6529,,,,11100,TRUE,"FR","Saint-Martin FR","Saint-Martin (FR)","Saint-Martin FR","Saint-Martin FR","Saint-Martin (FR)","Saint-Martin (FR)","Freiburg","Fribourg","Friburgo",4.42195485811681,FALSE,FALSE
10,2336,12.8394332939787,1305,8859,,,,10164,TRUE,"FR","Semsales","Semsales","Semsales","Semsales FR","Semsales (FR)","Semsales (FR)","Freiburg","Fribourg","Friburgo",4.42195485811681,FALSE,FALSE
10,2337,38.1142483849895,5251,8526,,,,13777,TRUE,"FR","Le Flon","Le Flon","Le Flon","Le Flon FR","Le Flon (FR)","Le Flon (FR)","Freiburg","Fribourg","Friburgo",4.42195485811681,FALSE,FALSE
10,2338,41.3712627728018,6559,9295,,,,15854,TRUE,"FR","La Verrerie","La Verrerie","La Verrerie","La Verrerie FR","La Verrerie (FR)","La Verrerie (FR)","Freiburg","Fribourg","Friburgo",4.42195485811681,FALSE,FALSE
11,2401,30.3879639529556,3979,9115,,,,13094,TRUE,"SO","Egerkingen","Egerkingen","Egerkingen","Egerkingen SO","Egerkingen (SO)","Egerkingen (SO)","Solothurn","Soleure","Soletta",81.0899138450623,FALSE,FALSE
11,2402,32.393331864581,4411,9206,,,,13617,TRUE,"SO","Härkingen","Härkingen","Härkingen","Härkingen SO","Härkingen (SO)","Härkingen (SO)","Solothurn","Soleure","Soletta",81.0899138450623,FALSE,FALSE
11,2403,99.1796554552912,2418,20,,,,2438,TRUE,"SO","Kestenholz","Kestenholz","Kestenholz","Kestenholz SO","Kestenholz (SO)","Kestenholz (SO)","Solothurn","Soleure","Soletta",81.0899138450623,FALSE,FALSE
11,2404,27.0259790616518,697,1882,,,,2579,TRUE,"SO","Neuendorf","Neuendorf","Neuendorf","Neuendorf SO","Neuendorf (SO)","Neuendorf (SO)","Solothurn","Soleure","Soletta",81.0899138450623,FALSE,FALSE
11,2405,12.0620069711979,1315,9587,,,,10902,TRUE,"SO","Niederbuchsiten","Niederbuchsiten","Niederbuchsiten","Niederbuchsiten SO","Niederbuchsiten (SO)","Niederbuchsiten (SO)","Solothurn","Soleure","Soletta",81.0899138450623,FALSE,FALSE
11,2406,51.0831503353315,8607,8242,,,,16849,TRUE,"SO","Oberbuchsiten","Oberbuchsiten","Oberbuchsiten","Oberbuchsiten SO","Oberbuchsiten (SO)","Oberbuchsiten (SO)","Solothurn","Soleure","Soletta",81.0899138450623,FALSE,FALSE
11,2407,36.3948919449902,2964,5180,,,,8144,TRUE,"SO","Oensingen","Oensingen","Oensingen","Oensingen SO","Oensingen (SO)","Oensingen (SO)","Solothurn","Soleure","Soletta",81.0899138450623,FALSE,FALSE
11,2408,96.2403197601799,7705,301,,,,8006,TRUE,"SO","Wolfwil","Wolfwil","Wolfwil","Wolfwil SO","Wolfwil (SO)","Wolfwil (SO)","Solothurn","Soleure","Soletta",81.0899138450623,FALSE,FALSE
11,2421,93.3083832335329,6233,447,,,,6680,TRUE,"SO","Aedermannsdorf","Aedermannsdorf","Aedermannsdorf","Aedermannsdorf SO","Aedermannsdorf (SO)","Aedermannsdorf (SO)","Solothurn","Soleure","Soletta",81.0899138450623,FALSE,FALSE
11,2422,61.2063103495172,9001,5705,,,,14706,TRUE,"SO","Balsthal","Balsthal","Balsthal","Balsthal SO","Balsthal (SO)","Balsthal (SO)","Solothurn","Soleure","Soletta",81.0899138450623,FALSE,FALSE
11,2424,64.5258555706317,8560,4706,,,,13266,TRUE,"SO","Herbetswil","Herbetswil","Herbetswil","Herbetswil SO","Herbetswil (SO)","Herbetswil (SO)","Solothurn","Soleure","Soletta",81.0899138450623,FALSE,FALSE
11,2425,51.0353021045485,3007,2885,,,,5892,TRUE,"SO","Holderbank SO","Holderbank (SO)","Holderbank SO","Holderbank SO","Holderbank (SO)","Holderbank (SO)","Solothurn","Soleure","Soletta",81.0899138450623,FALSE,FALSE
11,2426,41.8158190088015,7079,9850,,,,16929,TRUE,"SO","Laupersdorf","Laupersdorf","Laupersdorf","Laupersdorf SO","Laupersdorf (SO)","Laupersdorf (SO)","Solothurn","Soleure","Soletta",81.0899138450623,FALSE,FALSE
11,2427,44.3880428652002,6296,7888,,,,14184,TRUE,"SO","Matzendorf","Matzendorf","Matzendorf","Matzendorf SO","Matzendorf (SO)","Matzendorf (SO)","Solothurn","Soleure","Soletta",81.0899138450623,FALSE,FALSE
11,2428,55.6696388363505,6181,4922,,,,11103,TRUE,"SO","Mümliswil-Ramiswil","Mümliswil-Ramiswil","Mümliswil-Ramiswil","Mümliswil-Ramiswil SO","Mümliswil-Ramiswil (SO)","Mümliswil-Ramiswil (SO)","Solothurn","Soleure","Soletta",81.0899138450623,FALSE,FALSE
11,2430,69.7273791603947,8338,3620,,,,11958,TRUE,"SO","Welschenrohr-Gänsbrunnen","Welschenrohr-Gänsbrunnen","Welschenrohr-Gänsbrunnen","Welschenrohr-Gänsbrunnen SO","Welschenrohr-Gänsbrunnen (SO)","Welschenrohr-Gänsbrunnen (((SO)))","Solothurn","Soleure","Soletta",81.0899138450623,FALSE,FALSE
11,2445,39.798213482424,6193,9368,,,,15561,TRUE,"SO","Biezwil","Biezwil","Biezwil","Biezwil SO","Biezwil (SO)","Biezwil (SO)","Solothurn","Soleure","Soletta",81.0899138450623,FALSE,FALSE
11,2455,40.8921239268384,4382,6334,,,,10716,TRUE,"SO","Lüterkofen-Ichertswil","Lüterkofen-Ichertswil","Lüterkofen-Ichertswil","Lüterkofen-Ichertswil SO","Lüterkofen-Ichertswil (SO)","Lüterkofen-Ichertswil (SO)","Solothurn","Soleure","Soletta",81.0899138450623,FALSE,FALSE
11,2457,50.8475533958639,8999,8699,,,,17698,TRUE,"SO","Messen","Messen","Messen","Messen SO","Messen (SO)","Messen (SO)","Solothurn","Soleure","Soletta",81.0899138450623,FALSE,FALSE
11,2461,52.3197257044894,4883,4450,,,,9333,TRUE,"SO","Schnottwil","Schnottwil","Schnottwil","Schnottwil SO","Schnottwil (SO)","Schnottwil (SO)","Solothurn","Soleure","Soletta",81.0899138450623,FALSE,FALSE
11,2463,32.9236276849642,2759,5621,,,,8380,TRUE,"SO","Unterramsern","Unterramsern","Unterramsern","Unterramsern SO","Unterramsern (SO)","Unterramsern (SO)","Solothurn","Soleure","Soletta",81.0899138450623,FALSE,FALSE
11,2464,23.1224489795918,1133,3767,,,,4900,TRUE,"SO","Lüsslingen-Nennigkofen","Lüsslingen-Nennigkofen","Lüsslingen-Nennigkofen","Lüsslingen-Nennigkofen SO","Lüsslingen-Nennigkofen (SO)","Lüsslingen-Nennigkofen (SO)","Solothurn","Soleure","Soletta",81.0899138450623,FALSE,FALSE
11,2465,82.7574409852891,2419,504,,,,2923,TRUE,"SO","Buchegg","Buchegg","Buchegg","Buchegg SO","Buchegg (SO)","Buchegg (SO)","Solothurn","Soleure","Soletta",81.0899138450623,FALSE,FALSE
11,2471,42.8266929004755,2612,3487,,,,6099,TRUE,"SO","Bättwil","Bättwil","Bättwil","Bättwil SO","Bättwil (SO)","Bättwil (SO)","Solothurn","Soleure","Soletta",81.0899138450623,FALSE,FALSE
11,2472,80.7473982970672,3414,814,,,,4228,TRUE,"SO","Büren SO","Büren (SO)","Büren SO","Büren SO","Büren (SO)","Büren (SO)","Solothurn","Soleure","Soletta",81.0899138450623,FALSE,FALSE
11,2473,47.8635044531172,4783,5210,,,,9993,TRUE,"SO","Dornach","Dornach","Dornach","Dornach SO","Dornach (SO)","Dornach (SO)","Solothurn","Soleure","Soletta",81.0899138450623,FALSE,FALSE
11,2474,56.1697926949655,6259,4884,,,,11143,TRUE,"SO","Gempen","Gempen","Gempen","Gempen SO","Gempen (SO)","Gempen (SO)","Solothurn","Soleure","Soletta",81.0899138450623,FALSE,FALSE
11,2475,22.968558595345,2250,7546,,,,9796,TRUE,"SO","Hochwald","Hochwald","Hochwald","Hochwald SO","Hochwald (SO)","Hochwald (SO)","Solothurn","Soleure","Soletta",81.0899138450623,FALSE,FALSE
11,2476,81.4592703648176,9780,2226,,,,12006,TRUE,"SO","Hofstetten-Flüh","Hofstetten-Flüh","Hofstetten-Flüh","Hofstetten-Flüh SO","Hofstetten-Flüh (SO)","Hofstetten-Flüh (SO)","Solothurn","Soleure","Soletta",81.0899138450623,FALSE,FALSE
11,2477,50.7525453740593,6879,6675,,,,13554,TRUE,"SO","Metzerlen-Mariastein","Metzerlen-Mariastein","Metzerlen-Mariastein","Metzerlen-Mariastein SO","Metzerlen-Mariastein (SO)","Metzerlen-Mariastein (SO)","Solothurn","Soleure","Soletta",81.0899138450623,FALSE,FALSE
11,2478,99.4051867713538,8356,50,,,,8406,TRUE,"SO","Nuglar-St. Pantaleon","Nuglar-St. Pantaleon","Nuglar-St. Pantaleon","Nuglar-St. Pantaleon SO","Nuglar-St. Pantaleon (SO)","Nuglar-St. Pantaleon (SO)","Solothurn","Soleure","Soletta",81.0899138450623,FALSE,FALSE
11,2479,76.9810530723333,7354,2199,,,,9553,TRUE,"SO","Rodersdorf","Rodersdorf","Rodersdorf","Rodersdorf SO","Rodersdorf (SO)","Rodersdorf (SO)","Solothurn","Soleure","Soletta",81.0899138450623,FALSE,FALSE
11,2480,79.4009392054829,6256,1623,,,,7879,TRUE,"SO","Seewen","Seewen","Seewen","Seewen SO","Seewen (SO)","Seewen (SO)","Solothurn","Soleure","Soletta",81.0899138450623,FALSE,FALSE
11,2481,89.9650725416443,6697,747,,,,7444,TRUE,"SO","Witterswil","Witterswil","Witterswil","Witterswil SO","Witterswil (SO)","Witterswil (SO)","Solothurn","Soleure","Soletta",81.0899138450623,FALSE,FALSE
11,2491,65.7375145180023,3962,2065,,,,6027,TRUE,"SO","Hauenstein-Ifenthal","Hauenstein-Ifenthal","Hauenstein-Ifenthal","Hauenstein-Ifenthal SO","Hauenstein-Ifenthal (SO)","Hauenstein-Ifenthal (SO)","Solothurn","Soleure","Soletta",81.0899138450623,FALSE,FALSE
11,2492,25.7111597374179,470,1358,,,,1828,TRUE,"SO","Kienberg","Kienberg","Kienberg","Kienberg SO","Kienberg (SO)","Kienberg (SO)","Solothurn","Soleure","Soletta",81.0899138450623,FALSE,FALSE
11,2493,82.3014517506405,3855,829,,,,4684,TRUE,"SO","Lostorf","Lostorf","Lostorf","Lostorf SO","Lostorf (SO)","Lostorf (SO)","Solothurn","Soleure","Soletta",81.0899138450623,FALSE,FALSE
11,2495,77.3584905660377,3403,996,,,,4399,TRUE,"SO","Niedergösgen","Niedergösgen","Niedergösgen","Niedergösgen SO","Niedergösgen (SO)","Niedergösgen (SO)","Solothurn","Soleure","Soletta",81.0899138450623,FALSE,FALSE
11,2497,9.02930980144973,573,5773,,,,6346,TRUE,"SO","Obergösgen","Obergösgen","Obergösgen","Obergösgen SO","Obergösgen (SO)","Obergösgen (SO)","Solothurn","Soleure","Soletta",81.0899138450623,FALSE,FALSE
11,2499,61.1761502858699,4494,2852,,,,7346,TRUE,"SO","Stüsslingen","Stüsslingen","Stüsslingen","Stüsslingen SO","Stüsslingen (SO)","Stüsslingen (SO)","Solothurn","Soleure","Soletta",81.0899138450623,FALSE,FALSE
11,2500,88.6257815617933,6662,855,,,,7517,TRUE,"SO","Trimbach","Trimbach","Trimbach","Trimbach SO","Trimbach (SO)","Trimbach (SO)","Solothurn","Soleure","Soletta",81.0899138450623,FALSE,FALSE
11,2501,57.9950688556137,9644,6985,,,,16629,TRUE,"SO","Winznau","Winznau","Winznau","Winznau SO","Winznau (SO)","Winznau (SO)","Solothurn","Soleure","Soletta",81.0899138450623,FALSE,FALSE
11,2502,33.2004253056885,1249,2513,,,,3762,TRUE,"SO","Wisen SO","Wisen (SO)","Wisen SO","Wisen SO","Wisen (SO)","Wisen (SO)","Solothurn","Soleure","Soletta",81.0899138450623,FALSE,FALSE
11,2503,37.0069605568445,1914,3258,,,,5172,TRUE,"SO","Erlinsbach SO","Erlinsbach (SO)","Erlinsbach SO","Erlinsbach SO","Erlinsbach (SO)","Erlinsbach (SO)","Solothurn","Soleure","Soletta",81.0899138450623,FALSE,FALSE
11,2511,79.4363427822382,9696,2510,,,,12206,TRUE,"SO","Aeschi SO","Aeschi (SO)","Aeschi SO","Aeschi SO","Aeschi (SO)","Aeschi (SO)","Solothurn","Soleure","Soletta",81.0899138450623,FALSE,FALSE
11,2513,49.4416691154863,6730,6882,,,,13612,TRUE,"SO","Biberist","Biberist","Biberist","Biberist SO","Biberist (SO)","Biberist (SO)","Solothurn","Soleure","Soletta",81.0899138450623,FALSE,FALSE
11,2514,1.52797367183827,130,8378,,,,8508,TRUE,"SO","Bolken","Bolken","Bolken","Bolken SO","Bolken (SO)","Bolken (SO)","Solothurn","Soleure","Soletta",81.0899138450623,FALSE,FALSE
11,2516,48.4950264823666,7508,7974,,,,15482,TRUE,"SO","Deitingen","Deitingen","Deitingen","Deitingen SO","Deitingen (SO)","Deitingen (SO)","Solothurn","Soleure","Soletta",81.0899138450623,FALSE,FALSE
11,2517,14.3761996161228,1498,8922,,,,10420,TRUE,"SO","Derendingen","Derendingen","Derendingen","Derendingen SO","Derendingen (SO)","Derendingen (SO)","Solothurn","Soleure","Soletta",81.0899138450623,FALSE,FALSE
11,2518,71.4067002881844,7929,3175,,,,11104,TRUE,"SO","Etziken","Etziken","Etziken","Etziken SO","Etziken (SO)","Etziken (SO)","Solothurn","Soleure","Soletta",81.0899138450623,FALSE,FALSE
11,2519,52.6174573271679,9217,8300,,,,17517,TRUE,"SO","Gerlafingen","Gerlafingen","Gerlafingen","Gerlafingen SO","Gerlafingen (SO)","Gerlafingen (SO)","Solothurn","Soleure","Soletta",81.0899138450623,FALSE,FALSE
11,2523,42.4988039095072,6218,8413,,,,14631,TRUE,"SO","Horriwil","Horriwil","Horriwil","Horriwil SO","Horriwil (SO)","Horriwil (SO)","Solothurn","Soleure","Soletta",81.0899138450623,FALSE,FALSE
11,2524,41.3562753036437,6129,8691,,,,14820,TRUE,"SO","Hüniken","Hüniken","Hüniken","Hüniken SO","Hüniken (SO)","Hüniken (SO)","Solothurn","Soleure","Soletta",81.0899138450623,FALSE,FALSE
11,2525,41.976411722659,4698,6494,,,,11192,TRUE,"SO","Kriegstetten","Kriegstetten","Kriegstetten","Kriegstetten SO","Kriegstetten (SO)","Kriegstetten (SO)","Solothurn","Soleure","Soletta",81.0899138450623,FALSE,FALSE
11,2526,53.5759988625053,3768,3265,,,,7033,TRUE,"SO","Lohn-Ammannsegg","Lohn-Ammannsegg","Lohn-Ammannsegg","Lohn-Ammannsegg SO","Lohn-Ammannsegg (SO)","Lohn-Ammannsegg (SO)","Solothurn","Soleure","Soletta",81.0899138450623,FALSE,FALSE
11,2527,16.9531364771559,1154,5653,,,,6807,TRUE,"SO","Luterbach","Luterbach","Luterbach","Luterbach SO","Luterbach (SO)","Luterbach (SO)","Solothurn","Soleure","Soletta",81.0899138450623,FALSE,FALSE
11,2528,60.6119538441592,9350,6076,,,,15426,TRUE,"SO","Obergerlafingen","Obergerlafingen","Obergerlafingen","Obergerlafingen SO","Obergerlafingen (SO)","Obergerlafingen (SO)","Solothurn","Soleure","Soletta",81.0899138450623,FALSE,FALSE
11,2530,93.8057040998218,4210,278,,,,4488,TRUE,"SO","Recherswil","Recherswil","Recherswil","Recherswil SO","Recherswil (SO)","Recherswil (SO)","Solothurn","Soleure","Soletta",81.0899138450623,FALSE,FALSE
11,2532,64.6025550035486,3641,1995,,,,5636,TRUE,"SO","Subingen","Subingen","Subingen","Subingen SO","Subingen (SO)","Subingen (SO)","Solothurn","Soleure","Soletta",81.0899138450623,FALSE,FALSE
11,2534,48.3593012275732,8194,8750,,,,16944,TRUE,"SO","Zuchwil","Zuchwil","Zuchwil","Zuchwil SO","Zuchwil (SO)","Zuchwil (SO)","Solothurn","Soleure","Soletta",81.0899138450623,FALSE,FALSE
11,2535,18.9272821041774,1101,4716,,,,5817,TRUE,"SO","Drei Höfe","Drei Höfe","Drei Höfe","Drei Höfe SO","Drei Höfe (SO)","Drei Höfe (SO)","Solothurn","Soleure","Soletta",81.0899138450623,FALSE,FALSE
11,2541,42.8523187753264,3807,5077,,,,8884,TRUE,"SO","Balm bei Günsberg","Balm bei Günsberg","Balm bei Günsberg","Balm bei Günsberg SO","Balm bei Günsberg (SO)","Balm bei Günsberg (SO)","Solothurn","Soleure","Soletta",81.0899138450623,FALSE,FALSE
11,2542,15.0528885272579,1295,7308,,,,8603,TRUE,"SO","Bellach","Bellach","Bellach","Bellach SO","Bellach (SO)","Bellach (SO)","Solothurn","Soleure","Soletta",81.0899138450623,FALSE,FALSE
11,2543,39.0661886858442,4468,6969,,,,11437,TRUE,"SO","Bettlach","Bettlach","Bettlach","Bettlach SO","Bettlach (SO)","Bettlach (SO)","Solothurn","Soleure","Soletta",81.0899138450623,FALSE,FALSE
11,2544,65.1343157300994,9238,4945,,,,14183,TRUE,"SO","Feldbrunnen-St. Niklaus","Feldbrunnen-St. Niklaus","Feldbrunnen-St. Niklaus","Feldbrunnen-St. Niklaus SO","Feldbrunnen-St. Niklaus (SO)","Feldbrunnen-St. Niklaus (SO)","Solothurn","Soleure","Soletta",81.0899138450623,FALSE,FALSE
11,2545,47.3225946887244,1087,1210,,,,2297,TRUE,"SO","Flumenthal","Flumenthal","Flumenthal","Flumenthal SO","Flumenthal (SO)","Flumenthal (SO)","Solothurn","Soleure","Soletta",81.0899138450623,FALSE,FALSE
11,2546,14.0136617677499,677,4154,,,,4831,TRUE,"SO","Grenchen","Granges (SO)","Granges","Grenchen SO","Granges (SO)","Granges (SO)","Solothurn","Soleure","Soletta",81.0899138450623,FALSE,FALSE
11,2547,32.6491267861193,2879,5939,,,,8818,TRUE,"SO","Günsberg","Günsberg","Günsberg","Günsberg SO","Günsberg (SO)","Günsberg (SO)","Solothurn","Soleure","Soletta",81.0899138450623,FALSE,FALSE
11,2548,21.221468229488,688,2554,,,,3242,TRUE,"SO","Hubersdorf","Hubersdorf","Hubersdorf","Hubersdorf SO","Hubersdorf (SO)","Hubersdorf (SO)","Solothurn","Soleure","Soletta",81.0899138450623,FALSE,FALSE
11,2549,8.13008130081301,340,3842,,,,4182,TRUE,"SO","Kammersrohr","Kammersrohr","Kammersrohr","Kammersrohr SO","Kammersrohr (SO)","Kammersrohr (SO)","Solothurn","Soleure","Soletta",81.0899138450623,FALSE,FALSE
11,2550,60.1661681621801,9052,5993,,,,15045,TRUE,"SO","Langendorf","Langendorf","Langendorf","Langendorf SO","Langendorf (SO)","Langendorf (SO)","Solothurn","Soleure","Soletta",81.0899138450623,FALSE,FALSE
11,2551,66.7564897152609,7432,3701,,,,11133,TRUE,"SO","Lommiswil","Lommiswil","Lommiswil","Lommiswil SO","Lommiswil (SO)","Lommiswil (SO)","Solothurn","Soleure","Soletta",81.0899138450623,FALSE,FALSE
11,2553,55.7988697662471,8689,6883,,,,15572,TRUE,"SO","Oberdorf SO","Oberdorf (SO)","Oberdorf SO","Oberdorf SO","Oberdorf (SO)","Oberdorf (SO)","Solothurn","Soleure","Soletta",81.0899138450623,FALSE,FALSE
11,2554,79.8140167838512,7038,1780,,,,8818,TRUE,"SO","Riedholz","Riedholz","Riedholz","Riedholz SO","Riedholz (SO)","Riedholz (SO)","Solothurn","Soleure","Soletta",81.0899138450623,FALSE,FALSE
11,2555,55.1582909010405,9966,8102,,,,18068,TRUE,"SO","Rüttenen","Rüttenen","Rüttenen","Rüttenen SO","Rüttenen (SO)","Rüttenen (SO)","Solothurn","Soleure","Soletta",81.0899138450623,FALSE,FALSE
11,2556,61.8089387841559,2918,1803,,,,4721,TRUE,"SO","Selzach","Selzach","Selzach","Selzach SO","Selzach (SO)","Selzach (SO)","Solothurn","Soleure","Soletta",81.0899138450623,FALSE,FALSE
11,2571,41.1721068249258,6660,9516,,,,16176,TRUE,"SO","Boningen","Boningen","Boningen","Boningen SO","Boningen (SO)","Boningen (SO)","Solothurn","Soleure","Soletta",81.0899138450623,FALSE,FALSE
11,2572,49.4919846466471,8768,8948,,,,17716,TRUE,"SO","Däniken","Däniken","Däniken","Däniken SO","Däniken (SO)","Däniken (SO)","Solothurn","Soleure","Soletta",81.0899138450623,FALSE,FALSE
11,2573,39.0743944636678,4517,7043,,,,11560,TRUE,"SO","Dulliken","Dulliken","Dulliken","Dulliken SO","Dulliken (SO)","Dulliken (SO)","Solothurn","Soleure","Soletta",81.0899138450623,FALSE,FALSE
11,2574,9.73233008511163,789,7318,,,,8107,TRUE,"SO","Eppenberg-Wöschnau","Eppenberg-Wöschnau","Eppenberg-Wöschnau","Eppenberg-Wöschnau SO","Eppenberg-Wöschnau (SO)","Eppenberg-Wöschnau (SO)","Solothurn","Soleure","Soletta",81.0899138450623,FALSE,FALSE
11,2575,96.5751279106192,9249,328,,,,9577,TRUE,"SO","Fulenbach","Fulenbach","Fulenbach","Fulenbach SO","Fulenbach (SO)","Fulenbach (SO)","Solothurn","Soleure","Soletta",81.0899138450623,FALSE,FALSE
11,2576,52.4350553287177,8861,8038,,,,16899,TRUE,"SO","Gretzenbach","Gretzenbach","Gretzenbach","Gretzenbach SO","Gretzenbach (SO)","Gretzenbach (SO)","Solothurn","Soleure","Soletta",81.0899138450623,FALSE,FALSE
11,2578,4.32098765432099,203,4495,,,,4698,TRUE,"SO","Gunzgen","Gunzgen","Gunzgen","Gunzgen SO","Gunzgen (SO)","Gunzgen (SO)","Solothurn","Soleure","Soletta",81.0899138450623,FALSE,FALSE
11,2579,30.8416956788859,1506,3377,,,,4883,TRUE,"SO","Hägendorf","Hägendorf","Hägendorf","Hägendorf SO","Hägendorf (SO)","Hägendorf (SO)","Solothurn","Soleure","Soletta",81.0899138450623,FALSE,FALSE
11,2580,73.5494479680526,3131,1126,,,,4257,TRUE,"SO","Kappel SO","Kappel (SO)","Kappel SO","Kappel SO","Kappel (SO)","Kappel (SO)","Solothurn","Soleure","Soletta",81.0899138450623,FALSE,FALSE
11,2581,49.4466731221469,7149,7309,,,,14458,TRUE,"SO","Olten","Olten","Olten","Olten SO","Olten (SO)","Olten (SO)","Solothurn","Soleure","Soletta",81.0899138450623,FALSE,FALSE
11,2582,30.3216815700848,2611,6000,,,,8611,TRUE,"SO","Rickenbach SO","Rickenbach (SO)","Rickenbach SO","Rickenbach SO","Rickenbach (SO)","Rickenbach (SO)","Solothurn","Soleure","Soletta",81.0899138450623,FALSE,FALSE
11,2583,60.4232327780279,1342,879,,,,2221,TRUE,"SO","Schönenwerd","Schönenwerd","Schönenwerd","Schönenwerd SO","Schönenwerd (SO)","Schönenwerd (SO)","Solothurn","Soleure","Soletta",81.0899138450623,FALSE,FALSE
11,2584,79.9548375890221,4603,1154,,,,5757,TRUE,"SO","Starrkirch-Wil","Starrkirch-Wil","Starrkirch-Wil","Starrkirch-Wil SO","Starrkirch-Wil (SO)","Starrkirch-Wil (SO)","Solothurn","Soleure","Soletta",81.0899138450623,FALSE,FALSE
11,2585,86.5885644343417,9904,1534,,,,11438,TRUE,"SO","Walterswil SO","Walterswil (SO)","Walterswil SO","Walterswil SO","Walterswil (SO)","Walterswil (SO)","Solothurn","Soleure","Soletta",81.0899138450623,FALSE,FALSE
11,2586,46.2266631606626,3516,4090,,,,7606,TRUE,"SO","Wangen bei Olten","Wangen bei Olten","Wangen bei Olten","Wangen bei Olten SO","Wangen bei Olten (SO)","Wangen bei Olten (SO)","Solothurn","Soleure","Soletta",81.0899138450623,FALSE,FALSE
11,2601,67.032967032967,8784,4320,,,,13104,TRUE,"SO","Solothurn","Soleure","Soletta","Solothurn SO","Soleure (SO)","Soletta (SO)","Solothurn","Soleure","Soletta",81.0899138450623,FALSE,FALSE
11,2611,14.2078205327933,912,5507,,,,6419,TRUE,"SO","Bärschwil","Bärschwil","Bärschwil","Bärschwil SO","Bärschwil (SO)","Bärschwil (SO)","Solothurn","Soleure","Soletta",81.0899138450623,FALSE,FALSE
11,2612,5.07648835623112,521,9742,,,,10263,TRUE,"SO","Beinwil SO","Beinwil (SO)","Beinwil SO","Beinwil SO","Beinwil (SO)","Beinwil (SO)","Solothurn","Soleure","Soletta",81.0899138450623,FALSE,FALSE
11,2613,29.1174426685198,1676,4080,,,,5756,TRUE,"SO","Breitenbach","Breitenbach","Breitenbach","Breitenbach SO","Breitenbach (SO)","Breitenbach (SO)","Solothurn","Soleure","Soletta",81.0899138450623,FALSE,FALSE
11,2614,57.7222449815649,1409,1032,,,,2441,TRUE,"SO","Büsserach","Büsserach","Büsserach","Büsserach SO","Büsserach (SO)","Büsserach (SO)","Solothurn","Soleure","Soletta",81.0899138450623,FALSE,FALSE
11,2615,29.0335463258786,2908,7108,,,,10016,TRUE,"SO","Erschwil","Erschwil","Erschwil","Erschwil SO","Erschwil (SO)","Erschwil (SO)","Solothurn","Soleure","Soletta",81.0899138450623,FALSE,FALSE
11,2616,39.1043800392242,3589,5589,,,,9178,TRUE,"SO","Fehren","Fehren","Fehren","Fehren SO","Fehren (SO)","Fehren (SO)","Solothurn","Soleure","Soletta",81.0899138450623,FALSE,FALSE
11,2617,32.5727658329677,4454,9220,,,,13674,TRUE,"SO","Grindel","Grindel","Grindel","Grindel SO","Grindel (SO)","Grindel (SO)","Solothurn","Soleure","Soletta",81.0899138450623,FALSE,FALSE
11,2618,72.1435316336166,3056,1180,,,,4236,TRUE,"SO","Himmelried","Himmelried","Himmelried","Himmelried SO","Himmelried (SO)","Himmelried (SO)","Solothurn","Soleure","Soletta",81.0899138450623,FALSE,FALSE
11,2619,46.5656695339581,7254,8324,,,,15578,TRUE,"SO","Kleinlützel","Kleinlützel","Kleinlützel","Kleinlützel SO","Kleinlützel (SO)","Kleinlützel (SO)","Solothurn","Soleure","Soletta",81.0899138450623,FALSE,FALSE
11,2620,28.9979231568017,1117,2735,,,,3852,TRUE,"SO","Meltingen","Meltingen","Meltingen","Meltingen SO","Meltingen (SO)","Meltingen (SO)","Solothurn","Soleure","Soletta",81.0899138450623,FALSE,FALSE
11,2621,28.5464535464535,2286,5722,,,,8008,TRUE,"SO","Nunningen","Nunningen","Nunningen","Nunningen SO","Nunningen (SO)","Nunningen (SO)","Solothurn","Soleure","Soletta",81.0899138450623,FALSE,FALSE
11,2622,75.6938263613561,9355,3004,,,,12359,TRUE,"SO","Zullwil","Zullwil","Zullwil","Zullwil SO","Zullwil (SO)","Zullwil (SO)","Solothurn","Soleure","Soletta",81.0899138450623,FALSE,FALSE
12,2701,38.7827632163483,2619,4134,,,,6753,TRUE,"BS","Basel","Bâle","Basilea","Basel BS","Bâle (BS)","Basilea (BS)","Basel-Stadt","Bâle-Ville","Basilea Città",38.0584005033597,FALSE,FALSE
12,2702,54.8401162790698,3773,3107,,,,6880,TRUE,"BS","Bettingen","Bettingen","Bettingen","Bettingen BS","Bettingen (BS)","Bettingen (BS)","Basel-Stadt","Bâle-Ville","Basilea Città",38.0584005033597,FALSE,FALSE
12,2703,71.6818914562063,2668,1054,,,,3722,TRUE,"BS","Riehen","Riehen","Riehen","Riehen BS","Riehen (BS)","Riehen (BS)","Basel-Stadt","Bâle-Ville","Basilea Città",38.0584005033597,FALSE,FALSE
13,2761,3.38692055564227,217,6190,,,,6407,TRUE,"BL","Aesch BL","Aesch (BL)","Aesch BL","Aesch BL","Aesch (BL)","Aesch (BL)","Basel-Landschaft","Bâle-Campagne","Basilea Campagna",48.9487857557833,FALSE,FALSE
13,2762,46.6734279918864,4602,5258,,,,9860,TRUE,"BL","Allschwil","Allschwil","Allschwil","Allschwil BL","Allschwil (BL)","Allschwil (BL)","Basel-Landschaft","Bâle-Campagne","Basilea Campagna",48.9487857557833,FALSE,FALSE
13,2763,71.7387979813427,9382,3696,,,,13078,TRUE,"BL","Arlesheim","Arlesheim","Arlesheim","Arlesheim BL","Arlesheim (BL)","Arlesheim (BL)","Basel-Landschaft","Bâle-Campagne","Basilea Campagna",48.9487857557833,FALSE,FALSE
13,2764,44.8502960872212,8104,9965,,,,18069,TRUE,"BL","Biel-Benken","Biel-Benken","Biel-Benken","Biel-Benken BL","Biel-Benken (BL)","Biel-Benken (BL)","Basel-Landschaft","Bâle-Campagne","Basilea Campagna",48.9487857557833,FALSE,FALSE
13,2765,6.67225013958682,239,3343,,,,3582,TRUE,"BL","Binningen","Binningen","Binningen","Binningen BL","Binningen (BL)","Binningen (BL)","Basel-Landschaft","Bâle-Campagne","Basilea Campagna",48.9487857557833,FALSE,FALSE
13,2766,33.6325605717274,3859,7615,,,,11474,TRUE,"BL","Birsfelden","Birsfelden","Birsfelden","Birsfelden BL","Birsfelden (BL)","Birsfelden (BL)","Basel-Landschaft","Bâle-Campagne","Basilea Campagna",48.9487857557833,FALSE,FALSE
13,2767,49.0276992651215,8673,9017,,,,17690,TRUE,"BL","Bottmingen","Bottmingen","Bottmingen","Bottmingen BL","Bottmingen (BL)","Bottmingen (BL)","Basel-Landschaft","Bâle-Campagne","Basilea Campagna",48.9487857557833,FALSE,FALSE
13,2768,71.5970076435193,8805,3493,,,,12298,TRUE,"BL","Ettingen","Ettingen","Ettingen","Ettingen BL","Ettingen (BL)","Ettingen (BL)","Basel-Landschaft","Bâle-Campagne","Basilea Campagna",48.9487857557833,FALSE,FALSE
13,2769,28.5642871425715,2857,7145,,,,10002,TRUE,"BL","Münchenstein","Münchenstein","Münchenstein","Münchenstein BL","Münchenstein (BL)","Münchenstein (BL)","Basel-Landschaft","Bâle-Campagne","Basilea Campagna",48.9487857557833,FALSE,FALSE
13,2770,35.9009041076386,5043,9004,,,,14047,TRUE,"BL","Muttenz","Muttenz","Muttenz","Muttenz BL","Muttenz (BL)","Muttenz (BL)","Basel-Landschaft","Bâle-Campagne","Basilea Campagna",48.9487857557833,FALSE,FALSE
13,2771,33.5398347988276,5035,9977,,,,15012,TRUE,"BL","Oberwil BL","Oberwil (BL)","Oberwil BL","Oberwil BL","Oberwil (BL)","Oberwil (BL)","Basel-Landschaft","Bâle-Campagne","Basilea Campagna",48.9487857557833,FALSE,FALSE
13,2772,46.4331482272533,4348,5016,,,,9364,TRUE,"BL","Pfeffingen","Pfeffingen","Pfeffingen","Pfeffingen BL","Pfeffingen (BL)","Pfeffingen (BL)","Basel-Landschaft","Bâle-Campagne","Basilea Campagna",48.9487857557833,FALSE,FALSE
13,2773,54.2774115812602,7658,6451,,,,14109,TRUE,"BL","Reinach BL","Reinach (BL)","Reinach BL","Reinach BL","Reinach (BL)","Reinach (BL)","Basel-Landschaft","Bâle-Campagne","Basilea Campagna",48.9487857557833,FALSE,FALSE
13,2774,65.8223954060706,6419,3333,,,,9752,TRUE,"BL","Schönenbuch","Schönenbuch","Schönenbuch","Schönenbuch BL","Schönenbuch (BL)","Schönenbuch (BL)","Basel-Landschaft","Bâle-Campagne","Basilea Campagna",48.9487857557833,FALSE,FALSE
13,2775,29.9042130675181,3840,9001,,,,12841,TRUE,"BL","Therwil","Therwil","Therwil","Therwil BL","Therwil (BL)","Therwil (BL)","Basel-Landschaft","Bâle-Campagne","Basilea Campagna",48.9487857557833,FALSE,FALSE
13,2781,43.8307195571956,7602,9742,,,,17344,TRUE,"BL","Blauen","Blauen","Blauen","Blauen BL","Blauen (BL)","Blauen (BL)","Basel-Landschaft","Bâle-Campagne","Basilea Campagna",48.9487857557833,FALSE,FALSE
13,2782,59.5233730522456,9741,6624,,,,16365,TRUE,"BL","Brislach","Brislach","Brislach","Brislach BL","Brislach (BL)","Brislach (BL)","Basel-Landschaft","Bâle-Campagne","Basilea Campagna",48.9487857557833,FALSE,FALSE
13,2783,41.9415579887021,6014,8325,,,,14339,TRUE,"BL","Burg im Leimental","Burg im Leimental","Burg im Leimental","Burg im Leimental BL","Burg im Leimental (BL)","Burg im Leimental (BL)","Basel-Landschaft","Bâle-Campagne","Basilea Campagna",48.9487857557833,FALSE,FALSE
13,2784,65.7022820586269,6881,3592,,,,10473,TRUE,"BL","Dittingen","Dittingen","Dittingen","Dittingen BL","Dittingen (BL)","Dittingen (BL)","Basel-Landschaft","Bâle-Campagne","Basilea Campagna",48.9487857557833,FALSE,FALSE
13,2785,52.3072889355008,5985,5457,,,,11442,TRUE,"BL","Duggingen","Duggingen","Duggingen","Duggingen BL","Duggingen (BL)","Duggingen (BL)","Basel-Landschaft","Bâle-Campagne","Basilea Campagna",48.9487857557833,FALSE,FALSE
13,2786,55.7032629915404,5992,4765,,,,10757,TRUE,"BL","Grellingen","Grellingen","Grellingen","Grellingen BL","Grellingen (BL)","Grellingen (BL)","Basel-Landschaft","Bâle-Campagne","Basilea Campagna",48.9487857557833,FALSE,FALSE
13,2787,98.7309141384097,4979,64,,,,5043,TRUE,"BL","Laufen","Laufon","Laufon","Laufen BL","Laufon (BL)","Laufon (BL)","Basel-Landschaft","Bâle-Campagne","Basilea Campagna",48.9487857557833,FALSE,FALSE
13,2788,52.893061045235,9635,8581,,,,18216,TRUE,"BL","Liesberg","Liesberg","Liesberg","Liesberg BL","Liesberg (BL)","Liesberg (BL)","Basel-Landschaft","Bâle-Campagne","Basilea Campagna",48.9487857557833,FALSE,FALSE
13,2789,33.5063642181611,4712,9351,,,,14063,TRUE,"BL","Nenzlingen","Nenzlingen","Nenzlingen","Nenzlingen BL","Nenzlingen (BL)","Nenzlingen (BL)","Basel-Landschaft","Bâle-Campagne","Basilea Campagna",48.9487857557833,FALSE,FALSE
13,2790,62.2271193443978,9036,5485,,,,14521,TRUE,"BL","Roggenburg","Roggenburg","Roggenburg","Roggenburg BL","Roggenburg (BL)","Roggenburg (BL)","Basel-Landschaft","Bâle-Campagne","Basilea Campagna",48.9487857557833,FALSE,FALSE
13,2791,99.8191463708705,8279,15,,,,8294,TRUE,"BL","Röschenz","Röschenz","Röschenz","Röschenz BL","Röschenz (BL)","Röschenz (BL)","Basel-Landschaft","Bâle-Campagne","Basilea Campagna",48.9487857557833,FALSE,FALSE
13,2792,42.6959560659012,4276,5739,,,,10015,TRUE,"BL","Wahlen","Wahlen","Wahlen","Wahlen BL","Wahlen (BL)","Wahlen (BL)","Basel-Landschaft","Bâle-Campagne","Basilea Campagna",48.9487857557833,FALSE,FALSE
13,2793,50.2830420871277,6129,6060,,,,12189,TRUE,"BL","Zwingen","Zwingen","Zwingen","Zwingen BL","Zwingen (BL)","Zwingen (BL)","Basel-Landschaft","Bâle-Campagne","Basilea Campagna",48.9487857557833,FALSE,FALSE
13,2821,50.8979847551425,9749,9405,,,,19154,TRUE,"BL","Arisdorf","Arisdorf","Arisdorf","Arisdorf BL","Arisdorf (BL)","Arisdorf (BL)","Basel-Landschaft","Bâle-Campagne","Basilea Campagna",48.9487857557833,FALSE,FALSE
13,2822,55.7223706964314,7089,5633,,,,12722,TRUE,"BL","Augst","Augst","Augst","Augst BL","Augst (BL)","Augst (BL)","Basel-Landschaft","Bâle-Campagne","Basilea Campagna",48.9487857557833,FALSE,FALSE
13,2823,30.5913938399582,4102,9307,,,,13409,TRUE,"BL","Bubendorf","Bubendorf","Bubendorf","Bubendorf BL","Bubendorf (BL)","Bubendorf (BL)","Basel-Landschaft","Bâle-Campagne","Basilea Campagna",48.9487857557833,FALSE,FALSE
13,2824,33.1774243841597,2128,4286,,,,6414,TRUE,"BL","Frenkendorf","Frenkendorf","Frenkendorf","Frenkendorf BL","Frenkendorf (BL)","Frenkendorf (BL)","Basel-Landschaft","Bâle-Campagne","Basilea Campagna",48.9487857557833,FALSE,FALSE
13,2825,56.2374649017248,7010,5455,,,,12465,TRUE,"BL","Füllinsdorf","Füllinsdorf","Füllinsdorf","Füllinsdorf BL","Füllinsdorf (BL)","Füllinsdorf (BL)","Basel-Landschaft","Bâle-Campagne","Basilea Campagna",48.9487857557833,FALSE,FALSE
13,2826,55.2497933152238,9356,7578,,,,16934,TRUE,"BL","Giebenach","Giebenach","Giebenach","Giebenach BL","Giebenach (BL)","Giebenach (BL)","Basel-Landschaft","Bâle-Campagne","Basilea Campagna",48.9487857557833,FALSE,FALSE
13,2827,77.3024571327559,8746,2568,,,,11314,TRUE,"BL","Hersberg","Hersberg","Hersberg","Hersberg BL","Hersberg (BL)","Hersberg (BL)","Basel-Landschaft","Bâle-Campagne","Basilea Campagna",48.9487857557833,FALSE,FALSE
13,2828,44.4318610796527,7062,8832,,,,15894,TRUE,"BL","Lausen","Lausen","Lausen","Lausen BL","Lausen (BL)","Lausen (BL)","Basel-Landschaft","Bâle-Campagne","Basilea Campagna",48.9487857557833,FALSE,FALSE
13,2829,66.8916599931358,5847,2894,,,,8741,TRUE,"BL","Liestal","Liestal","Liestal","Liestal BL","Liestal (BL)","Liestal (BL)","Basel-Landschaft","Bâle-Campagne","Basilea Campagna",48.9487857557833,FALSE,FALSE
13,2830,41.9248644461658,2165,2999,,,,5164,TRUE,"BL","Lupsingen","Lupsingen","Lupsingen","Lupsingen BL","Lupsingen (BL)","Lupsingen (BL)","Basel-Landschaft","Bâle-Campagne","Basilea Campagna",48.9487857557833,FALSE,FALSE
13,2831,78.2971887550201,4874,1351,,,,6225,TRUE,"BL","Pratteln","Pratteln","Pratteln","Pratteln BL","Pratteln (BL)","Pratteln (BL)","Basel-Landschaft","Bâle-Campagne","Basilea Campagna",48.9487857557833,FALSE,FALSE
13,2832,54.7286086750415,9236,7640,,,,16876,TRUE,"BL","Ramlinsburg","Ramlinsburg","Ramlinsburg","Ramlinsburg BL","Ramlinsburg (BL)","Ramlinsburg (BL)","Basel-Landschaft","Bâle-Campagne","Basilea Campagna",48.9487857557833,FALSE,FALSE
13,2833,89.0676245509917,5703,700,,,,6403,TRUE,"BL","Seltisberg","Seltisberg","Seltisberg","Seltisberg BL","Seltisberg (BL)","Seltisberg (BL)","Basel-Landschaft","Bâle-Campagne","Basilea Campagna",48.9487857557833,FALSE,FALSE
13,2834,99.0165264118422,9766,97,,,,9863,TRUE,"BL","Ziefen","Ziefen","Ziefen","Ziefen BL","Ziefen (BL)","Ziefen (BL)","Basel-Landschaft","Bâle-Campagne","Basilea Campagna",48.9487857557833,FALSE,FALSE
13,2841,3.1203007518797,83,2577,,,,2660,TRUE,"BL","Anwil","Anwil","Anwil","Anwil BL","Anwil (BL)","Anwil (BL)","Basel-Landschaft","Bâle-Campagne","Basilea Campagna",48.9487857557833,FALSE,FALSE
13,2842,78.4908147293846,9528,2611,,,,12139,TRUE,"BL","Böckten","Böckten","Böckten","Böckten BL","Böckten (BL)","Böckten (BL)","Basel-Landschaft","Bâle-Campagne","Basilea Campagna",48.9487857557833,FALSE,FALSE
13,2843,82.7696617970782,4136,861,,,,4997,TRUE,"BL","Buckten","Buckten","Buckten","Buckten BL","Buckten (BL)","Buckten (BL)","Basel-Landschaft","Bâle-Campagne","Basilea Campagna",48.9487857557833,FALSE,FALSE
13,2844,22.8962049186768,2914,9813,,,,12727,TRUE,"BL","Buus","Buus","Buus","Buus BL","Buus (BL)","Buus (BL)","Basel-Landschaft","Bâle-Campagne","Basilea Campagna",48.9487857557833,FALSE,FALSE
13,2845,58.215206185567,7228,5188,,,,12416,TRUE,"BL","Diepflingen","Diepflingen","Diepflingen","Diepflingen BL","Diepflingen (BL)","Diepflingen (BL)","Basel-Landschaft","Bâle-Campagne","Basilea Campagna",48.9487857557833,FALSE,FALSE
13,2846,67.8625491976991,4483,2123,,,,6606,TRUE,"BL","Gelterkinden","Gelterkinden","Gelterkinden","Gelterkinden BL","Gelterkinden (BL)","Gelterkinden (BL)","Basel-Landschaft","Bâle-Campagne","Basilea Campagna",48.9487857557833,FALSE,FALSE
13,2847,71.476808245957,8044,3210,,,,11254,TRUE,"BL","Häfelfingen","Häfelfingen","Häfelfingen","Häfelfingen BL","Häfelfingen (BL)","Häfelfingen (BL)","Basel-Landschaft","Bâle-Campagne","Basilea Campagna",48.9487857557833,FALSE,FALSE
13,2848,37.1121094974402,3552,6019,,,,9571,TRUE,"BL","Hemmiken","Hemmiken","Hemmiken","Hemmiken BL","Hemmiken (BL)","Hemmiken (BL)","Basel-Landschaft","Bâle-Campagne","Basilea Campagna",48.9487857557833,FALSE,FALSE
13,2849,53.0321046373365,1338,1185,,,,2523,TRUE,"BL","Itingen","Itingen","Itingen","Itingen BL","Itingen (BL)","Itingen (BL)","Basel-Landschaft","Bâle-Campagne","Basilea Campagna",48.9487857557833,FALSE,FALSE
13,2850,52.3238866396761,3231,2944,,,,6175,TRUE,"BL","Känerkinden","Känerkinden","Känerkinden","Känerkinden BL","Känerkinden (BL)","Känerkinden (BL)","Basel-Landschaft","Bâle-Campagne","Basilea Campagna",48.9487857557833,FALSE,FALSE
13,2851,11.7493957984756,632,4747,,,,5379,TRUE,"BL","Kilchberg BL","Kilchberg (BL)","Kilchberg BL","Kilchberg BL","Kilchberg (BL)","Kilchberg (BL)","Basel-Landschaft","Bâle-Campagne","Basilea Campagna",48.9487857557833,FALSE,FALSE
13,2852,38.0729233534472,5931,9647,,,,15578,TRUE,"BL","Läufelfingen","Läufelfingen","Läufelfingen","Läufelfingen BL","Läufelfingen (BL)","Läufelfingen (BL)","Basel-Landschaft","Bâle-Campagne","Basilea Campagna",48.9487857557833,FALSE,FALSE
13,2853,13.4668952217699,1257,8077,,,,9334,TRUE,"BL","Maisprach","Maisprach","Maisprach","Maisprach BL","Maisprach (BL)","Maisprach (BL)","Basel-Landschaft","Bâle-Campagne","Basilea Campagna",48.9487857557833,FALSE,FALSE
13,2854,3.77191875867289,299,7628,,,,7927,TRUE,"BL","Nusshof","Nusshof","Nusshof","Nusshof BL","Nusshof (BL)","Nusshof (BL)","Basel-Landschaft","Bâle-Campagne","Basilea Campagna",48.9487857557833,FALSE,FALSE
13,2855,20.499831138129,2428,9416,,,,11844,TRUE,"BL","Oltingen","Oltingen","Oltingen","Oltingen BL","Oltingen (BL)","Oltingen (BL)","Basel-Landschaft","Bâle-Campagne","Basilea Campagna",48.9487857557833,FALSE,FALSE
13,2856,35.5916286557553,5306,9602,,,,14908,TRUE,"BL","Ormalingen","Ormalingen","Ormalingen","Ormalingen BL","Ormalingen (BL)","Ormalingen (BL)","Basel-Landschaft","Bâle-Campagne","Basilea Campagna",48.9487857557833,FALSE,FALSE
13,2857,81.9279186066563,9502,2096,,,,11598,TRUE,"BL","Rickenbach BL","Rickenbach (BL)","Rickenbach BL","Rickenbach BL","Rickenbach (BL)","Rickenbach (BL)","Basel-Landschaft","Bâle-Campagne","Basilea Campagna",48.9487857557833,FALSE,FALSE
13,2858,95.6143896523848,9462,434,,,,9896,TRUE,"BL","Rothenfluh","Rothenfluh","Rothenfluh","Rothenfluh BL","Rothenfluh (BL)","Rothenfluh (BL)","Basel-Landschaft","Bâle-Campagne","Basilea Campagna",48.9487857557833,FALSE,FALSE
13,2859,21.1983837587464,2151,7996,,,,10147,TRUE,"BL","Rümlingen","Rümlingen","Rümlingen","Rümlingen BL","Rümlingen (BL)","Rümlingen (BL)","Basel-Landschaft","Bâle-Campagne","Basilea Campagna",48.9487857557833,FALSE,FALSE
13,2860,59.7894192881597,9256,6225,,,,15481,TRUE,"BL","Rünenberg","Rünenberg","Rünenberg","Rünenberg BL","Rünenberg (BL)","Rünenberg (BL)","Basel-Landschaft","Bâle-Campagne","Basilea Campagna",48.9487857557833,FALSE,FALSE
13,2861,50.8940852819807,6660,6426,,,,13086,TRUE,"BL","Sissach","Sissach","Sissach","Sissach BL","Sissach (BL)","Sissach (BL)","Basel-Landschaft","Bâle-Campagne","Basilea Campagna",48.9487857557833,FALSE,FALSE
13,2862,98.0724936355922,8090,159,,,,8249,TRUE,"BL","Tecknau","Tecknau","Tecknau","Tecknau BL","Tecknau (BL)","Tecknau (BL)","Basel-Landschaft","Bâle-Campagne","Basilea Campagna",48.9487857557833,FALSE,FALSE
13,2863,57.7025392986699,2386,1749,,,,4135,TRUE,"BL","Tenniken","Tenniken","Tenniken","Tenniken BL","Tenniken (BL)","Tenniken (BL)","Basel-Landschaft","Bâle-Campagne","Basilea Campagna",48.9487857557833,FALSE,FALSE
13,2864,58.7525636385571,9740,6838,,,,16578,TRUE,"BL","Thürnen","Thürnen","Thürnen","Thürnen BL","Thürnen (BL)","Thürnen (BL)","Basel-Landschaft","Bâle-Campagne","Basilea Campagna",48.9487857557833,FALSE,FALSE
13,2865,62.5413036948032,2082,1247,,,,3329,TRUE,"BL","Wenslingen","Wenslingen","Wenslingen","Wenslingen BL","Wenslingen (BL)","Wenslingen (BL)","Basel-Landschaft","Bâle-Campagne","Basilea Campagna",48.9487857557833,FALSE,FALSE
13,2866,29.8189289842044,2322,5465,,,,7787,TRUE,"BL","Wintersingen","Wintersingen","Wintersingen","Wintersingen BL","Wintersingen (BL)","Wintersingen (BL)","Basel-Landschaft","Bâle-Campagne","Basilea Campagna",48.9487857557833,FALSE,FALSE
13,2867,26.7344233318604,1210,3316,,,,4526,TRUE,"BL","Wittinsburg","Wittinsburg","Wittinsburg","Wittinsburg BL","Wittinsburg (BL)","Wittinsburg (BL)","Basel-Landschaft","Bâle-Campagne","Basilea Campagna",48.9487857557833,FALSE,FALSE
13,2868,28.5377135844426,3023,7570,,,,10593,TRUE,"BL","Zeglingen","Zeglingen","Zeglingen","Zeglingen BL","Zeglingen (BL)","Zeglingen (BL)","Basel-Landschaft","Bâle-Campagne","Basilea Campagna",48.9487857557833,FALSE,FALSE
13,2869,41.2956732650027,5278,7503,,,,12781,TRUE,"BL","Zunzgen","Zunzgen","Zunzgen","Zunzgen BL","Zunzgen (BL)","Zunzgen (BL)","Basel-Landschaft","Bâle-Campagne","Basilea Campagna",48.9487857557833,FALSE,FALSE
13,2881,39.5204262877442,2225,3405,,,,5630,TRUE,"BL","Arboldswil","Arboldswil","Arboldswil","Arboldswil BL","Arboldswil (BL)","Arboldswil (BL)","Basel-Landschaft","Bâle-Campagne","Basilea Campagna",48.9487857557833,FALSE,FALSE
13,2882,34.1348537431829,2754,5314,,,,8068,TRUE,"BL","Bennwil","Bennwil","Bennwil","Bennwil BL","Bennwil (BL)","Bennwil (BL)","Basel-Landschaft","Bâle-Campagne","Basilea Campagna",48.9487857557833,FALSE,FALSE
13,2883,52.1910821038776,9516,8717,,,,18233,TRUE,"BL","Bretzwil","Bretzwil","Bretzwil","Bretzwil BL","Bretzwil (BL)","Bretzwil (BL)","Basel-Landschaft","Bâle-Campagne","Basilea Campagna",48.9487857557833,FALSE,FALSE
13,2884,22.1029751392474,1627,5734,,,,7361,TRUE,"BL","Diegten","Diegten","Diegten","Diegten BL","Diegten (BL)","Diegten (BL)","Basel-Landschaft","Bâle-Campagne","Basilea Campagna",48.9487857557833,FALSE,FALSE
13,2885,32.9976762199845,2556,5190,,,,7746,TRUE,"BL","Eptingen","Eptingen","Eptingen","Eptingen BL","Eptingen (BL)","Eptingen (BL)","Basel-Landschaft","Bâle-Campagne","Basilea Campagna",48.9487857557833,FALSE,FALSE
13,2886,5.11784511784512,380,7045,,,,7425,TRUE,"BL","Hölstein","Hölstein","Hölstein","Hölstein BL","Hölstein (BL)","Hölstein (BL)","Basel-Landschaft","Bâle-Campagne","Basilea Campagna",48.9487857557833,FALSE,FALSE
13,2887,73.2375787776638,4997,1826,,,,6823,TRUE,"BL","Lampenberg","Lampenberg","Lampenberg","Lampenberg BL","Lampenberg (BL)","Lampenberg (BL)","Basel-Landschaft","Bâle-Campagne","Basilea Campagna",48.9487857557833,FALSE,FALSE
13,2888,52.3040699630003,7775,7090,,,,14865,TRUE,"BL","Langenbruck","Langenbruck","Langenbruck","Langenbruck BL","Langenbruck (BL)","Langenbruck (BL)","Basel-Landschaft","Bâle-Campagne","Basilea Campagna",48.9487857557833,FALSE,FALSE
13,2889,49.6824724809483,9388,9508,,,,18896,TRUE,"BL","Lauwil","Lauwil","Lauwil","Lauwil BL","Lauwil (BL)","Lauwil (BL)","Basel-Landschaft","Bâle-Campagne","Basilea Campagna",48.9487857557833,FALSE,FALSE
13,2890,1.36257892987704,123,8904,,,,9027,TRUE,"BL","Liedertswil","Liedertswil","Liedertswil","Liedertswil BL","Liedertswil (BL)","Liedertswil (BL)","Basel-Landschaft","Bâle-Campagne","Basilea Campagna",48.9487857557833,FALSE,FALSE
13,2891,52.8497796369612,7075,6312,,,,13387,TRUE,"BL","Niederdorf","Niederdorf","Niederdorf","Niederdorf BL","Niederdorf (BL)","Niederdorf (BL)","Basel-Landschaft","Bâle-Campagne","Basilea Campagna",48.9487857557833,FALSE,FALSE
13,2892,64.8968338669513,7297,3947,,,,11244,TRUE,"BL","Oberdorf BL","Oberdorf (BL)","Oberdorf BL","Oberdorf BL","Oberdorf (BL)","Oberdorf (BL)","Basel-Landschaft","Bâle-Campagne","Basilea Campagna",48.9487857557833,FALSE,FALSE
13,2893,44.9362953283241,5502,6742,,,,12244,TRUE,"BL","Reigoldswil","Reigoldswil","Reigoldswil","Reigoldswil BL","Reigoldswil (BL)","Reigoldswil (BL)","Basel-Landschaft","Bâle-Campagne","Basilea Campagna",48.9487857557833,FALSE,FALSE
13,2894,37.6521803290784,5103,8450,,,,13553,TRUE,"BL","Titterten","Titterten","Titterten","Titterten BL","Titterten (BL)","Titterten (BL)","Basel-Landschaft","Bâle-Campagne","Basilea Campagna",48.9487857557833,FALSE,FALSE
13,2895,18.1558174121954,1587,7154,,,,8741,TRUE,"BL","Waldenburg","Waldenburg","Waldenburg","Waldenburg BL","Waldenburg (BL)","Waldenburg (BL)","Basel-Landschaft","Bâle-Campagne","Basilea Campagna",48.9487857557833,FALSE,FALSE
14,2901,31.5518606492478,2391,5187,,,,7578,TRUE,"SH","Gächlingen","Gächlingen","Gächlingen","Gächlingen SH","Gächlingen (SH)","Gächlingen (SH)","Schaffhausen","Schaffhouse","Sciaffusa",18.1359951384366,FALSE,FALSE
14,2903,83.4635294117647,8868,1757,,,,10625,TRUE,"SH","Löhningen","Löhningen","Löhningen","Löhningen SH","Löhningen (SH)","Löhningen (SH)","Schaffhausen","Schaffhouse","Sciaffusa",18.1359951384366,FALSE,FALSE
14,2904,61.7779239285323,5636,3487,,,,9123,TRUE,"SH","Neunkirch","Neunkirch","Neunkirch","Neunkirch SH","Neunkirch (SH)","Neunkirch (SH)","Schaffhausen","Schaffhouse","Sciaffusa",18.1359951384366,FALSE,FALSE
14,2914,0.994439692044482,93,9259,,,,9352,TRUE,"SH","Büttenhardt","Büttenhardt","Büttenhardt","Büttenhardt SH","Büttenhardt (SH)","Büttenhardt (SH)","Schaffhausen","Schaffhouse","Sciaffusa",18.1359951384366,FALSE,FALSE
14,2915,40.9870450339297,6644,9566,,,,16210,TRUE,"SH","Dörflingen","Dörflingen","Dörflingen","Dörflingen SH","Dörflingen (SH)","Dörflingen (SH)","Schaffhausen","Schaffhouse","Sciaffusa",18.1359951384366,FALSE,FALSE
14,2917,17.0053919535462,1640,8004,,,,9644,TRUE,"SH","Lohn SH","Lohn (SH)","Lohn SH","Lohn SH","Lohn (SH)","Lohn (SH)","Schaffhausen","Schaffhouse","Sciaffusa",18.1359951384366,FALSE,FALSE
14,2919,21.503342161685,1705,6224,,,,7929,TRUE,"SH","Stetten SH","Stetten (SH)","Stetten SH","Stetten SH","Stetten (SH)","Stetten (SH)","Schaffhausen","Schaffhouse","Sciaffusa",18.1359951384366,FALSE,FALSE
14,2920,12.3193166885677,750,5338,,,,6088,TRUE,"SH","Thayngen","Thayngen","Thayngen","Thayngen SH","Thayngen (SH)","Thayngen (SH)","Schaffhausen","Schaffhouse","Sciaffusa",18.1359951384366,FALSE,FALSE
14,2931,51.7219751396967,9071,8467,,,,17538,TRUE,"SH","Bargen SH","Bargen (SH)","Bargen SH","Bargen SH","Bargen (SH)","Bargen (SH)","Schaffhausen","Schaffhouse","Sciaffusa",18.1359951384366,FALSE,FALSE
14,2932,71.6666666666667,8342,3298,,,,11640,TRUE,"SH","Beringen","Beringen","Beringen","Beringen SH","Beringen (SH)","Beringen (SH)","Schaffhausen","Schaffhouse","Sciaffusa",18.1359951384366,FALSE,FALSE
14,2933,31.3267356202098,4210,9229,,,,13439,TRUE,"SH","Buchberg","Buchberg","Buchberg","Buchberg SH","Buchberg (SH)","Buchberg (SH)","Schaffhausen","Schaffhouse","Sciaffusa",18.1359951384366,FALSE,FALSE
14,2936,36.4702557580896,2581,4496,,,,7077,TRUE,"SH","Merishausen","Merishausen","Merishausen","Merishausen SH","Merishausen (SH)","Merishausen (SH)","Schaffhausen","Schaffhouse","Sciaffusa",18.1359951384366,FALSE,FALSE
14,2937,6.35167340172003,613,9038,,,,9651,TRUE,"SH","Neuhausen am Rheinfall","Neuhausen am Rheinfall","Neuhausen am Rheinfall","Neuhausen am Rheinfall SH","Neuhausen am Rheinfall (SH)","Neuhausen am Rheinfall (SH)","Schaffhausen","Schaffhouse","Sciaffusa",18.1359951384366,FALSE,FALSE
14,2938,8.90643985419198,733,7497,,,,8230,TRUE,"SH","Rüdlingen","Rüdlingen","Rüdlingen","Rüdlingen SH","Rüdlingen (SH)","Rüdlingen (SH)","Schaffhausen","Schaffhouse","Sciaffusa",18.1359951384366,FALSE,FALSE
14,2939,22.439526505404,436,1507,,,,1943,TRUE,"SH","Schaffhausen","Schaffhouse","Sciaffusa","Schaffhausen SH","Schaffhouse (SH)","Sciaffusa (SH)","Schaffhausen","Schaffhouse","Sciaffusa",18.1359951384366,FALSE,FALSE
14,2951,56.5936106983655,9141,7011,,,,16152,TRUE,"SH","Beggingen","Beggingen","Beggingen","Beggingen SH","Beggingen (SH)","Beggingen (SH)","Schaffhausen","Schaffhouse","Sciaffusa",18.1359951384366,FALSE,FALSE
14,2952,63.5381000335683,9464,5431,,,,14895,TRUE,"SH","Schleitheim","Schleitheim","Schleitheim","Schleitheim SH","Schleitheim (SH)","Schleitheim (SH)","Schaffhausen","Schaffhouse","Sciaffusa",18.1359951384366,FALSE,FALSE
14,2953,57.6136636997835,2395,1762,,,,4157,TRUE,"SH","Siblingen","Siblingen","Siblingen","Siblingen SH","Siblingen (SH)","Siblingen (SH)","Schaffhausen","Schaffhouse","Sciaffusa",18.1359951384366,FALSE,FALSE
14,2961,19.865664845173,1745,7039,,,,8784,TRUE,"SH","Buch SH","Buch (SH)","Buch SH","Buch SH","Buch (SH)","Buch (SH)","Schaffhausen","Schaffhouse","Sciaffusa",18.1359951384366,FALSE,FALSE
14,2962,52.5732605883345,9347,8432,,,,17779,TRUE,"SH","Hemishofen","Hemishofen","Hemishofen","Hemishofen SH","Hemishofen (SH)","Hemishofen (SH)","Schaffhausen","Schaffhouse","Sciaffusa",18.1359951384366,FALSE,FALSE
14,2963,79.8880912162162,7567,1905,,,,9472,TRUE,"SH","Ramsen","Ramsen","Ramsen","Ramsen SH","Ramsen (SH)","Ramsen (SH)","Schaffhausen","Schaffhouse","Sciaffusa",18.1359951384366,FALSE,FALSE
14,2964,48.1630598892803,2871,3090,,,,5961,TRUE,"SH","Stein am Rhein","Stein am Rhein","Stein am Rhein","Stein am Rhein SH","Stein am Rhein (SH)","Stein am Rhein (SH)","Schaffhausen","Schaffhouse","Sciaffusa",18.1359951384366,FALSE,FALSE
14,2971,1.18685331710286,117,9741,,,,9858,TRUE,"SH","Hallau","Hallau","Hallau","Hallau SH","Hallau (SH)","Hallau (SH)","Schaffhausen","Schaffhouse","Sciaffusa",18.1359951384366,FALSE,FALSE
14,2972,85.217961324156,2600,451,,,,3051,TRUE,"SH","Oberhallau","Oberhallau","Oberhallau","Oberhallau SH","Oberhallau (SH)","Oberhallau (SH)","Schaffhausen","Schaffhouse","Sciaffusa",18.1359951384366,FALSE,FALSE
14,2973,44.5760190419518,7491,9314,,,,16805,TRUE,"SH","Trasadingen","Trasadingen","Trasadingen","Trasadingen SH","Trasadingen (SH)","Trasadingen (SH)","Schaffhausen","Schaffhouse","Sciaffusa",18.1359951384366,FALSE,FALSE
14,2974,34.1016319900998,4409,8520,,,,12929,TRUE,"SH","Wilchingen","Wilchingen","Wilchingen","Wilchingen SH","Wilchingen (SH)","Wilchingen (SH)","Schaffhausen","Schaffhouse","Sciaffusa",18.1359951384366,FALSE,FALSE
15,3001,55.8444619010212,7109,5621,,,,12730,TRUE,"AR","Herisau","Herisau","Herisau","Herisau AR","Herisau (AR)","Herisau (AR)","Appenzell Ausserrhoden","Appenzell Rhodes-Extérieures","Appenzello Esterno",39.8290945217013,FALSE,FALSE
15,3002,41.9588328432481,1855,2566,,,,4421,TRUE,"AR","Hundwil","Hundwil","Hundwil","Hundwil AR","Hundwil (AR)","Hundwil (AR)","Appenzell Ausserrhoden","Appenzell Rhodes-Extérieures","Appenzello Esterno",39.8290945217013,FALSE,FALSE
15,3003,43.5474570407104,7552,9790,,,,17342,TRUE,"AR","Schönengrund","Schönengrund","Schönengrund","Schönengrund AR","Schönengrund (AR)","Schönengrund (AR)","Appenzell Ausserrhoden","Appenzell Rhodes-Extérieures","Appenzello Esterno",39.8290945217013,FALSE,FALSE
15,3004,54.1378128213918,7896,6689,,,,14585,TRUE,"AR","Schwellbrunn","Schwellbrunn","Schwellbrunn","Schwellbrunn AR","Schwellbrunn (AR)","Schwellbrunn (AR)","Appenzell Ausserrhoden","Appenzell Rhodes-Extérieures","Appenzello Esterno",39.8290945217013,FALSE,FALSE
15,3005,70.4022988505747,9065,3811,,,,12876,TRUE,"AR","Stein AR","Stein (AR)","Stein AR","Stein AR","Stein (AR)","Stein (AR)","Appenzell Ausserrhoden","Appenzell Rhodes-Extérieures","Appenzello Esterno",39.8290945217013,FALSE,FALSE
15,3006,55.1349359859998,5986,4871,,,,10857,TRUE,"AR","Urnäsch","Urnäsch","Urnäsch","Urnäsch AR","Urnäsch (AR)","Urnäsch (AR)","Appenzell Ausserrhoden","Appenzell Rhodes-Extérieures","Appenzello Esterno",39.8290945217013,FALSE,FALSE
15,3007,62.7513711151737,8238,4890,,,,13128,TRUE,"AR","Waldstatt","Waldstatt","Waldstatt","Waldstatt AR","Waldstatt (AR)","Waldstatt (AR)","Appenzell Ausserrhoden","Appenzell Rhodes-Extérieures","Appenzello Esterno",39.8290945217013,FALSE,FALSE
15,3021,51.0653040013858,8844,8475,,,,17319,TRUE,"AR","Bühler","Bühler","Bühler","Bühler AR","Bühler (AR)","Bühler (AR)","Appenzell Ausserrhoden","Appenzell Rhodes-Extérieures","Appenzello Esterno",39.8290945217013,FALSE,FALSE
15,3022,89.8707794914548,4312,486,,,,4798,TRUE,"AR","Gais","Gais","Gais","Gais AR","Gais (AR)","Gais (AR)","Appenzell Ausserrhoden","Appenzell Rhodes-Extérieures","Appenzello Esterno",39.8290945217013,FALSE,FALSE
15,3023,95.4892884056411,8870,419,,,,9289,TRUE,"AR","Speicher","Speicher","Speicher","Speicher AR","Speicher (AR)","Speicher (AR)","Appenzell Ausserrhoden","Appenzell Rhodes-Extérieures","Appenzello Esterno",39.8290945217013,FALSE,FALSE
15,3024,41.5930297225484,6731,9452,,,,16183,TRUE,"AR","Teufen AR","Teufen (AR)","Teufen AR","Teufen AR","Teufen (AR)","Teufen (AR)","Appenzell Ausserrhoden","Appenzell Rhodes-Extérieures","Appenzello Esterno",39.8290945217013,FALSE,FALSE
15,3025,59.9553820412716,1075,718,,,,1793,TRUE,"AR","Trogen","Trogen","Trogen","Trogen AR","Trogen (AR)","Trogen (AR)","Appenzell Ausserrhoden","Appenzell Rhodes-Extérieures","Appenzello Esterno",39.8290945217013,FALSE,FALSE
15,3031,43.5532884740612,4013,5201,,,,9214,TRUE,"AR","Grub AR","Grub (AR)","Grub AR","Grub AR","Grub (AR)","Grub (AR)","Appenzell Ausserrhoden","Appenzell Rhodes-Extérieures","Appenzello Esterno",39.8290945217013,FALSE,FALSE
15,3032,61.2599905970851,7818,4944,,,,12762,TRUE,"AR","Heiden","Heiden","Heiden","Heiden AR","Heiden (AR)","Heiden (AR)","Appenzell Ausserrhoden","Appenzell Rhodes-Extérieures","Appenzello Esterno",39.8290945217013,FALSE,FALSE
15,3033,24.1261527951725,2119,6664,,,,8783,TRUE,"AR","Lutzenberg","Lutzenberg","Lutzenberg","Lutzenberg AR","Lutzenberg (AR)","Lutzenberg (AR)","Appenzell Ausserrhoden","Appenzell Rhodes-Extérieures","Appenzello Esterno",39.8290945217013,FALSE,FALSE
15,3034,63.0853310147808,5079,2972,,,,8051,TRUE,"AR","Rehetobel","Rehetobel","Rehetobel","Rehetobel AR","Rehetobel (AR)","Rehetobel (AR)","Appenzell Ausserrhoden","Appenzell Rhodes-Extérieures","Appenzello Esterno",39.8290945217013,FALSE,FALSE
15,3035,24.4733178654292,2637,8138,,,,10775,TRUE,"AR","Reute AR","Reute (AR)","Reute AR","Reute AR","Reute (AR)","Reute (AR)","Appenzell Ausserrhoden","Appenzell Rhodes-Extérieures","Appenzello Esterno",39.8290945217013,FALSE,FALSE
15,3036,23.3422973492124,3038,9977,,,,13015,TRUE,"AR","Wald AR","Wald (AR)","Wald AR","Wald AR","Wald (AR)","Wald (AR)","Appenzell Ausserrhoden","Appenzell Rhodes-Extérieures","Appenzello Esterno",39.8290945217013,FALSE,FALSE
15,3037,88.6864898651665,9932,1267,,,,11199,TRUE,"AR","Walzenhausen","Walzenhausen","Walzenhausen","Walzenhausen AR","Walzenhausen (AR)","Walzenhausen (AR)","Appenzell Ausserrhoden","Appenzell Rhodes-Extérieures","Appenzello Esterno",39.8290945217013,FALSE,FALSE
15,3038,41.1267201834862,5738,8214,,,,13952,TRUE,"AR","Wolfhalden","Wolfhalden","Wolfhalden","Wolfhalden AR","Wolfhalden (AR)","Wolfhalden (AR)","Appenzell Ausserrhoden","Appenzell Rhodes-Extérieures","Appenzello Esterno",39.8290945217013,FALSE,FALSE
16,3101,57.682395805563,6491,4762,,,,11253,TRUE,"AI","Appenzell","Appenzell","Appenzello","Appenzell AI","Appenzell (AI)","Appenzello (AI)","Appenzell Innerrhoden","Appenzell Rhodes-Intérieures","Appenzello Interno",47.9737011017278,FALSE,FALSE
16,3102,21.3260497000857,1991,7345,,,,9336,TRUE,"AI","Gonten","Gonten","Gonten","Gonten AI","Gonten (AI)","Gonten (AI)","Appenzell Innerrhoden","Appenzell Rhodes-Intérieures","Appenzello Interno",47.9737011017278,FALSE,FALSE
16,3104,52.5139078408733,5003,4524,,,,9527,TRUE,"AI","Schlatt-Haslen","Schlatt-Haslen","Schlatt-Haslen","Schlatt-Haslen AI","Schlatt-Haslen (AI)","Schlatt-Haslen (AI)","Appenzell Innerrhoden","Appenzell Rhodes-Intérieures","Appenzello Interno",47.9737011017278,FALSE,FALSE
16,3111,50.4597764440284,9164,8997,,,,18161,TRUE,"AI","Oberegg","Oberegg","Oberegg","Oberegg AI","Oberegg (AI)","Oberegg (AI)","Appenzell Innerrhoden","Appenzell Rhodes-Intérieures","Appenzello Interno",47.9737011017278,FALSE,FALSE
16,3112,23.7926451041205,1611,5160,,,,6771,TRUE,"AI","Schwende-Rüti","Schwende-Rüti","Schwende-Rüti","Schwende-Rüti AI","Schwende-Rüti (AI)","Schwende-Rüti (AI)","Appenzell Innerrhoden","Appenzell Rhodes-Intérieures","Appenzello Interno",47.9737011017278,FALSE,FALSE
17,3201,68.7454938716655,5721,2601,,,,8322,TRUE,"SG","Häggenschwil","Häggenschwil","Häggenschwil","Häggenschwil SG","Häggenschwil (SG)","Häggenschwil (SG)","St. Gallen","Saint-Gall","San Gallo",3.89924996998161,FALSE,FALSE
17,3202,45.766855378281,3557,4215,,,,7772,TRUE,"SG","Muolen","Muolen","Muolen","Muolen SG","Muolen (SG)","Muolen (SG)","St. Gallen","Saint-Gall","San Gallo",3.89924996998161,FALSE,FALSE
17,3203,50.5778908366974,9146,8937,,,,18083,TRUE,"SG","St. Gallen","Saint-Gall","San Gallo","St. Gallen SG","Saint-Gall (SG)","San Gallo (SG)","St. Gallen","Saint-Gall","San Gallo",3.89924996998161,FALSE,FALSE
17,3204,43.694614860259,7692,9912,,,,17604,TRUE,"SG","Wittenbach","Wittenbach","Wittenbach","Wittenbach SG","Wittenbach (SG)","Wittenbach (SG)","St. Gallen","Saint-Gall","San Gallo",3.89924996998161,FALSE,FALSE
17,3211,89.9636566955549,3218,359,,,,3577,TRUE,"SG","Berg SG","Berg (SG)","Berg SG","Berg SG","Berg (SG)","Berg (SG)","St. Gallen","Saint-Gall","San Gallo",3.89924996998161,FALSE,FALSE
17,3212,33.9265953522685,3679,7165,,,,10844,TRUE,"SG","Eggersriet","Eggersriet","Eggersriet","Eggersriet SG","Eggersriet (SG)","Eggersriet (SG)","St. Gallen","Saint-Gall","San Gallo",3.89924996998161,FALSE,FALSE
17,3213,88.2468168462292,6307,840,,,,7147,TRUE,"SG","Goldach","Goldach","Goldach","Goldach SG","Goldach (SG)","Goldach (SG)","St. Gallen","Saint-Gall","San Gallo",3.89924996998161,FALSE,FALSE
17,3214,56.6768798672284,8879,6787,,,,15666,TRUE,"SG","Mörschwil","Mörschwil","Mörschwil","Mörschwil SG","Mörschwil (SG)","Mörschwil (SG)","St. Gallen","Saint-Gall","San Gallo",3.89924996998161,FALSE,FALSE
17,3215,57.1525042205965,5078,3807,,,,8885,TRUE,"SG","Rorschach","Rorschach","Rorschach","Rorschach SG","Rorschach (SG)","Rorschach (SG)","St. Gallen","Saint-Gall","San Gallo",3.89924996998161,FALSE,FALSE
17,3216,54.1348935051275,8235,6977,,,,15212,TRUE,"SG","Rorschacherberg","Rorschacherberg","Rorschacherberg","Rorschacherberg SG","Rorschacherberg (SG)","Rorschacherberg (SG)","St. Gallen","Saint-Gall","San Gallo",3.89924996998161,FALSE,FALSE
17,3217,99.8747987837596,5584,7,,,,5591,TRUE,"SG","Steinach","Steinach","Steinach","Steinach SG","Steinach (SG)","Steinach (SG)","St. Gallen","Saint-Gall","San Gallo",3.89924996998161,FALSE,FALSE
17,3218,19.3910730121194,1312,5454,,,,6766,TRUE,"SG","Tübach","Tübach","Tübach","Tübach SG","Tübach (SG)","Tübach (SG)","St. Gallen","Saint-Gall","San Gallo",3.89924996998161,FALSE,FALSE
17,3219,54.9354935493549,7324,6008,,,,13332,TRUE,"SG","Untereggen","Untereggen","Untereggen","Untereggen SG","Untereggen (SG)","Untereggen (SG)","St. Gallen","Saint-Gall","San Gallo",3.89924996998161,FALSE,FALSE
17,3231,62.4657534246575,5016,3014,,,,8030,TRUE,"SG","Au SG","Au (SG)","Au SG","Au SG","Au (SG)","Au (SG)","St. Gallen","Saint-Gall","San Gallo",3.89924996998161,FALSE,FALSE
17,3232,87.5752709755118,8726,1238,,,,9964,TRUE,"SG","Balgach","Balgach","Balgach","Balgach SG","Balgach (SG)","Balgach (SG)","St. Gallen","Saint-Gall","San Gallo",3.89924996998161,FALSE,FALSE
17,3233,43.6904967976458,2524,3253,,,,5777,TRUE,"SG","Berneck","Berneck","Berneck","Berneck SG","Berneck (SG)","Berneck (SG)","St. Gallen","Saint-Gall","San Gallo",3.89924996998161,FALSE,FALSE
17,3234,53.1816266329541,8834,7777,,,,16611,TRUE,"SG","Diepoldsau","Diepoldsau","Diepoldsau","Diepoldsau SG","Diepoldsau (SG)","Diepoldsau (SG)","St. Gallen","Saint-Gall","San Gallo",3.89924996998161,FALSE,FALSE
17,3235,55.2151347731458,9894,8025,,,,17919,TRUE,"SG","Rheineck","Rheineck","Rheineck","Rheineck SG","Rheineck (SG)","Rheineck (SG)","St. Gallen","Saint-Gall","San Gallo",3.89924996998161,FALSE,FALSE
17,3236,54.2349726775956,6352,5360,,,,11712,TRUE,"SG","St. Margrethen","St. Margrethen","St. Margrethen","St. Margrethen SG","St. Margrethen (SG)","St. Margrethen (SG)","St. Gallen","Saint-Gall","San Gallo",3.89924996998161,FALSE,FALSE
17,3237,99.4197098549275,9937,58,,,,9995,TRUE,"SG","Thal","Thal","Thal","Thal SG","Thal (SG)","Thal (SG)","St. Gallen","Saint-Gall","San Gallo",3.89924996998161,FALSE,FALSE
17,3238,79.6917621385707,5843,1489,,,,7332,TRUE,"SG","Widnau","Widnau","Widnau","Widnau SG","Widnau (SG)","Widnau (SG)","St. Gallen","Saint-Gall","San Gallo",3.89924996998161,FALSE,FALSE
17,3251,59.8096964204803,2640,1774,,,,4414,TRUE,"SG","Altstätten","Altstätten","Altstätten","Altstätten SG","Altstätten (SG)","Altstätten (SG)","St. Gallen","Saint-Gall","San Gallo",3.89924996998161,FALSE,FALSE
17,3252,51.0494946877429,5910,5667,,,,11577,TRUE,"SG","Eichberg","Eichberg","Eichberg","Eichberg SG","Eichberg (SG)","Eichberg (SG)","St. Gallen","Saint-Gall","San Gallo",3.89924996998161,FALSE,FALSE
17,3253,60.7575245180927,8983,5802,,,,14785,TRUE,"SG","Marbach SG","Marbach (SG)","Marbach SG","Marbach SG","Marbach (SG)","Marbach (SG)","St. Gallen","Saint-Gall","San Gallo",3.89924996998161,FALSE,FALSE
17,3254,35.936650353453,5287,9425,,,,14712,TRUE,"SG","Oberriet SG","Oberriet (SG)","Oberriet SG","Oberriet SG","Oberriet (SG)","Oberriet (SG)","St. Gallen","Saint-Gall","San Gallo",3.89924996998161,FALSE,FALSE
17,3255,52.4620060790274,9493,8602,,,,18095,TRUE,"SG","Rebstein","Rebstein","Rebstein","Rebstein SG","Rebstein (SG)","Rebstein (SG)","St. Gallen","Saint-Gall","San Gallo",3.89924996998161,FALSE,FALSE
17,3256,52.3635550253504,7023,6389,,,,13412,TRUE,"SG","Rüthi SG","Rüthi (SG)","Rüthi SG","Rüthi SG","Rüthi (SG)","Rüthi (SG)","St. Gallen","Saint-Gall","San Gallo",3.89924996998161,FALSE,FALSE
17,3271,48.3031851118178,9266,9917,,,,19183,TRUE,"SG","Buchs SG","Buchs (SG)","Buchs SG","Buchs SG","Buchs (SG)","Buchs (SG)","St. Gallen","Saint-Gall","San Gallo",3.89924996998161,FALSE,FALSE
17,3272,28.2111713410323,3591,9138,,,,12729,TRUE,"SG","Gams","Gams","Gams","Gams SG","Gams (SG)","Gams (SG)","St. Gallen","Saint-Gall","San Gallo",3.89924996998161,FALSE,FALSE
17,3273,32.725527831094,2387,4907,,,,7294,TRUE,"SG","Grabs","Grabs","Grabs","Grabs SG","Grabs (SG)","Grabs (SG)","St. Gallen","Saint-Gall","San Gallo",3.89924996998161,FALSE,FALSE
17,3274,8.45634753268663,802,8682,,,,9484,TRUE,"SG","Sennwald","Sennwald","Sennwald","Sennwald SG","Sennwald (SG)","Sennwald (SG)","St. Gallen","Saint-Gall","San Gallo",3.89924996998161,FALSE,FALSE
17,3275,21.3646096943741,2195,8079,,,,10274,TRUE,"SG","Sevelen","Sevelen","Sevelen","Sevelen SG","Sevelen (SG)","Sevelen (SG)","St. Gallen","Saint-Gall","San Gallo",3.89924996998161,FALSE,FALSE
17,3276,40.9069174370418,5133,7415,,,,12548,TRUE,"SG","Wartau","Wartau","Wartau","Wartau SG","Wartau (SG)","Wartau (SG)","St. Gallen","Saint-Gall","San Gallo",3.89924996998161,FALSE,FALSE
17,3291,37.5832053251408,5872,9752,,,,15624,TRUE,"SG","Bad Ragaz","Bad Ragaz","Bad Ragaz","Bad Ragaz SG","Bad Ragaz (SG)","Bad Ragaz (SG)","St. Gallen","Saint-Gall","San Gallo",3.89924996998161,FALSE,FALSE
17,3292,32.9809179989685,2558,5198,,,,7756,TRUE,"SG","Flums","Flums","Flums","Flums SG","Flums (SG)","Flums (SG)","St. Gallen","Saint-Gall","San Gallo",3.89924996998161,FALSE,FALSE
17,3293,47.3379161612077,7024,7814,,,,14838,TRUE,"SG","Mels","Mels","Mels","Mels SG","Mels (SG)","Mels (SG)","St. Gallen","Saint-Gall","San Gallo",3.89924996998161,FALSE,FALSE
17,3294,54.9602122015915,8288,6792,,,,15080,TRUE,"SG","Pfäfers","Pfäfers","Pfäfers","Pfäfers SG","Pfäfers (SG)","Pfäfers (SG)","St. Gallen","Saint-Gall","San Gallo",3.89924996998161,FALSE,FALSE
17,3295,54.9696444058977,6338,5192,,,,11530,TRUE,"SG","Quarten","Quarten","Quarten","Quarten SG","Quarten (SG)","Quarten (SG)","St. Gallen","Saint-Gall","San Gallo",3.89924996998161,FALSE,FALSE
17,3296,1.86443127619598,129,6790,,,,6919,TRUE,"SG","Sargans","Sargans","Sargans","Sargans SG","Sargans (SG)","Sargans (SG)","St. Gallen","Saint-Gall","San Gallo",3.89924996998161,FALSE,FALSE
17,3297,87.2497196860484,5447,796,,,,6243,TRUE,"SG","Vilters-Wangs","Vilters-Wangs","Vilters-Wangs","Vilters-Wangs SG","Vilters-Wangs (SG)","Vilters-Wangs (SG)","St. Gallen","Saint-Gall","San Gallo",3.89924996998161,FALSE,FALSE
17,3298,41.9496166484118,4979,6890,,,,11869,TRUE,"SG","Walenstadt","Walenstadt","Walenstadt","Walenstadt SG","Walenstadt (SG)","Walenstadt (SG)","St. Gallen","Saint-Gall","San Gallo",3.89924996998161,FALSE,FALSE
17,3311,81.5343633457645,7652,1733,,,,9385,TRUE,"SG","Amden","Amden","Amden","Amden SG","Amden (SG)","Amden (SG)","St. Gallen","Saint-Gall","San Gallo",3.89924996998161,FALSE,FALSE
17,3312,46.3963963963964,824,952,,,,1776,TRUE,"SG","Benken SG","Benken (SG)","Benken SG","Benken SG","Benken (SG)","Benken (SG)","St. Gallen","Saint-Gall","San Gallo",3.89924996998161,FALSE,FALSE
17,3313,75.2024863439442,7985,2633,,,,10618,TRUE,"SG","Kaltbrunn","Kaltbrunn","Kaltbrunn","Kaltbrunn SG","Kaltbrunn (SG)","Kaltbrunn (SG)","St. Gallen","Saint-Gall","San Gallo",3.89924996998161,FALSE,FALSE
17,3315,41.9151024414182,6833,9469,,,,16302,TRUE,"SG","Schänis","Schänis","Schänis","Schänis SG","Schänis (SG)","Schänis (SG)","St. Gallen","Saint-Gall","San Gallo",3.89924996998161,FALSE,FALSE
17,3316,46.7210807768083,3320,3786,,,,7106,TRUE,"SG","Weesen","Weesen","Weesen","Weesen SG","Weesen (SG)","Weesen (SG)","St. Gallen","Saint-Gall","San Gallo",3.89924996998161,FALSE,FALSE
17,3338,40.1930036188179,1666,2479,,,,4145,TRUE,"SG","Schmerikon","Schmerikon","Schmerikon","Schmerikon SG","Schmerikon (SG)","Schmerikon (SG)","St. Gallen","Saint-Gall","San Gallo",3.89924996998161,FALSE,FALSE
17,3339,42.1651731654154,1741,2388,,,,4129,TRUE,"SG","Uznach","Uznach","Uznach","Uznach SG","Uznach (SG)","Uznach (SG)","St. Gallen","Saint-Gall","San Gallo",3.89924996998161,FALSE,FALSE
17,3340,49.011204310292,8005,8328,,,,16333,TRUE,"SG","Rapperswil-Jona","Rapperswil-Jona","Rapperswil-Jona","Rapperswil-Jona SG","Rapperswil-Jona (SG)","Rapperswil-Jona (SG)","St. Gallen","Saint-Gall","San Gallo",3.89924996998161,FALSE,FALSE
17,3341,21.4526476024791,1973,7224,,,,9197,TRUE,"SG","Gommiswald","Gommiswald","Gommiswald","Gommiswald SG","Gommiswald (SG)","Gommiswald (SG)","St. Gallen","Saint-Gall","San Gallo",3.89924996998161,FALSE,FALSE
17,3342,52.6927740923033,7387,6632,,,,14019,TRUE,"SG","Eschenbach SG","Eschenbach (SG)","Eschenbach SG","Eschenbach SG","Eschenbach (SG)","Eschenbach (SG)","St. Gallen","Saint-Gall","San Gallo",3.89924996998161,FALSE,FALSE
17,3352,9.2577706323687,691,6773,,,,7464,TRUE,"SG","Ebnat-Kappel","Ebnat-Kappel","Ebnat-Kappel","Ebnat-Kappel SG","Ebnat-Kappel (SG)","Ebnat-Kappel (SG)","St. Gallen","Saint-Gall","San Gallo",3.89924996998161,FALSE,FALSE
17,3359,39.8223487930567,5873,8875,,,,14748,TRUE,"SG","Wildhaus-Alt St. Johann","Wildhaus-Alt St. Johann","Wildhaus-Alt St. Johann","Wildhaus-Alt St. Johann SG","Wildhaus-Alt St. Johann (SG)","Wildhaus-Alt St. Johann (SG)","St. Gallen","Saint-Gall","San Gallo",3.89924996998161,FALSE,FALSE
17,3360,79.1326141440558,7262,1915,,,,9177,TRUE,"SG","Nesslau","Nesslau","Nesslau","Nesslau SG","Nesslau (SG)","Nesslau (SG)","St. Gallen","Saint-Gall","San Gallo",3.89924996998161,FALSE,FALSE
17,3374,23.1637032495402,1889,6266,,,,8155,TRUE,"SG","Lichtensteig","Lichtensteig","Lichtensteig","Lichtensteig SG","Lichtensteig (SG)","Lichtensteig (SG)","St. Gallen","Saint-Gall","San Gallo",3.89924996998161,FALSE,FALSE
17,3379,12.9298630709731,1237,8330,,,,9567,TRUE,"SG","Wattwil","Wattwil","Wattwil","Wattwil SG","Wattwil (SG)","Wattwil (SG)","St. Gallen","Saint-Gall","San Gallo",3.89924996998161,FALSE,FALSE
17,3392,33.9048851504368,2096,4086,,,,6182,TRUE,"SG","Kirchberg SG","Kirchberg (SG)","Kirchberg SG","Kirchberg SG","Kirchberg (SG)","Kirchberg (SG)","St. Gallen","Saint-Gall","San Gallo",3.89924996998161,FALSE,FALSE
17,3393,44.5360965300975,6533,8136,,,,14669,TRUE,"SG","Lütisburg","Lütisburg","Lütisburg","Lütisburg SG","Lütisburg (SG)","Lütisburg (SG)","St. Gallen","Saint-Gall","San Gallo",3.89924996998161,FALSE,FALSE
17,3394,39.7949165484891,3648,5519,,,,9167,TRUE,"SG","Mosnang","Mosnang","Mosnang","Mosnang SG","Mosnang (SG)","Mosnang (SG)","St. Gallen","Saint-Gall","San Gallo",3.89924996998161,FALSE,FALSE
17,3395,7.93935767005785,796,9230,,,,10026,TRUE,"SG","Bütschwil-Ganterschwil","Bütschwil-Ganterschwil","Bütschwil-Ganterschwil","Bütschwil-Ganterschwil SG","Bütschwil-Ganterschwil (SG)","Bütschwil-Ganterschwil (SG)","St. Gallen","Saint-Gall","San Gallo",3.89924996998161,FALSE,FALSE
17,3396,47.8316633266533,5967,6508,,,,12475,TRUE,"SG","Neckertal","Neckertal","Neckertal","Neckertal SG","Neckertal (SG)","Neckertal (SG)","St. Gallen","Saint-Gall","San Gallo",3.89924996998161,FALSE,FALSE
17,3401,61.634460547504,9186,5718,,,,14904,TRUE,"SG","Degersheim","Degersheim","Degersheim","Degersheim SG","Degersheim (SG)","Degersheim (SG)","St. Gallen","Saint-Gall","San Gallo",3.89924996998161,FALSE,FALSE
17,3402,16.2570404505888,1905,9813,,,,11718,TRUE,"SG","Flawil","Flawil","Flawil","Flawil SG","Flawil (SG)","Flawil (SG)","St. Gallen","Saint-Gall","San Gallo",3.89924996998161,FALSE,FALSE
17,3405,63.2822277847309,8090,4694,,,,12784,TRUE,"SG","Jonschwil","Jonschwil","Jonschwil","Jonschwil SG","Jonschwil (SG)","Jonschwil (SG)","St. Gallen","Saint-Gall","San Gallo",3.89924996998161,FALSE,FALSE
17,3407,48.7543042333401,4814,5060,,,,9874,TRUE,"SG","Oberuzwil","Oberuzwil","Oberuzwil","Oberuzwil SG","Oberuzwil (SG)","Oberuzwil (SG)","St. Gallen","Saint-Gall","San Gallo",3.89924996998161,FALSE,FALSE
17,3408,60.9062377402903,6210,3986,,,,10196,TRUE,"SG","Uzwil","Uzwil","Uzwil","Uzwil SG","Uzwil (SG)","Uzwil (SG)","St. Gallen","Saint-Gall","San Gallo",3.89924996998161,FALSE,FALSE
17,3422,61.6344051186523,7610,4737,,,,12347,TRUE,"SG","Niederbüren","Niederbüren","Niederbüren","Niederbüren SG","Niederbüren (SG)","Niederbüren (SG)","St. Gallen","Saint-Gall","San Gallo",3.89924996998161,FALSE,FALSE
17,3423,2.13219616204691,120,5508,,,,5628,TRUE,"SG","Niederhelfenschwil","Niederhelfenschwil","Niederhelfenschwil","Niederhelfenschwil SG","Niederhelfenschwil (SG)","Niederhelfenschwil (SG)","St. Gallen","Saint-Gall","San Gallo",3.89924996998161,FALSE,FALSE
17,3424,38.7949015063731,5022,7923,,,,12945,TRUE,"SG","Oberbüren","Oberbüren","Oberbüren","Oberbüren SG","Oberbüren (SG)","Oberbüren (SG)","St. Gallen","Saint-Gall","San Gallo",3.89924996998161,FALSE,FALSE
17,3426,61.8334816732745,7642,4717,,,,12359,TRUE,"SG","Zuzwil SG","Zuzwil (SG)","Zuzwil SG","Zuzwil SG","Zuzwil (SG)","Zuzwil (SG)","St. Gallen","Saint-Gall","San Gallo",3.89924996998161,FALSE,FALSE
17,3427,33.5818834576084,4864,9620,,,,14484,TRUE,"SG","Wil SG","Wil (SG)","Wil SG","Wil SG","Wil (SG)","Wil (SG)","St. Gallen","Saint-Gall","San Gallo",3.89924996998161,FALSE,FALSE
17,3441,59.9552572706935,536,358,,,,894,TRUE,"SG","Andwil SG","Andwil (SG)","Andwil SG","Andwil SG","Andwil (SG)","Andwil (SG)","St. Gallen","Saint-Gall","San Gallo",3.89924996998161,FALSE,FALSE
17,3442,58.2755480843314,8320,5957,,,,14277,TRUE,"SG","Gaiserwald","Gaiserwald","Gaiserwald","Gaiserwald SG","Gaiserwald (SG)","Gaiserwald (SG)","St. Gallen","Saint-Gall","San Gallo",3.89924996998161,FALSE,FALSE
17,3443,46.175068974166,5523,6438,,,,11961,TRUE,"SG","Gossau SG","Gossau (SG)","Gossau SG","Gossau SG","Gossau (SG)","Gossau (SG)","St. Gallen","Saint-Gall","San Gallo",3.89924996998161,FALSE,FALSE
17,3444,27.1340713407134,2206,5924,,,,8130,TRUE,"SG","Waldkirch","Waldkirch","Waldkirch","Waldkirch SG","Waldkirch (SG)","Waldkirch (SG)","St. Gallen","Saint-Gall","San Gallo",3.89924996998161,FALSE,FALSE
18,3506,98.677811550152,6493,87,,,,6580,TRUE,"GR","Vaz/Obervaz","Vaz/Obervaz","Vaz/Obervaz","Vaz/Obervaz GR","Vaz/Obervaz (GR)","Vaz/Obervaz (GR)","Graubünden","Grisons","Grigioni",93.1843146448955,FALSE,FALSE
18,3513,8.29425862248619,796,8801,,,,9597,TRUE,"GR","Lantsch/Lenz","Lantsch/Lenz","Lantsch/Lenz","Lantsch/Lenz GR","Lantsch/Lenz (GR)","Lantsch/Lenz (GR)","Graubünden","Grisons","Grigioni",93.1843146448955,FALSE,FALSE
18,3514,30.2160886144906,1664,3843,,,,5507,TRUE,"GR","Schmitten GR","Schmitten (GR)","Schmitten GR","Schmitten GR","Schmitten (GR)","Schmitten (GR)","Graubünden","Grisons","Grigioni",93.1843146448955,FALSE,FALSE
18,3542,44.2842662461989,7864,9894,,,,17758,TRUE,"GR","Albula/Alvra","Albula/Alvra","Albula/Alvra","Albula/Alvra GR","Albula/Alvra (GR)","Albula/Alvra (GR)","Graubünden","Grisons","Grigioni",93.1843146448955,FALSE,FALSE
18,3543,31.7357017073731,4145,8916,,,,13061,TRUE,"GR","Surses","Surses","Surses","Surses GR","Surses (GR)","Surses (GR)","Graubünden","Grisons","Grigioni",93.1843146448955,FALSE,FALSE
18,3544,93.4122771199129,6863,484,,,,7347,TRUE,"GR","Bergün Filisur","Bergün Filisur","Bergün Filisur","Bergün Filisur GR","Bergün Filisur (GR)","Bergün Filisur (GR)","Graubünden","Grisons","Grigioni",93.1843146448955,FALSE,FALSE
18,3551,81.5951987474994,9381,2116,,,,11497,TRUE,"GR","Brusio","Brusio","Brusio","Brusio GR","Brusio (GR)","Brusio (GR)","Graubünden","Grisons","Grigioni",93.1843146448955,FALSE,FALSE
18,3561,7.72833723653396,330,3940,,,,4270,TRUE,"GR","Poschiavo","Poschiavo","Poschiavo","Poschiavo GR","Poschiavo (GR)","Poschiavo (GR)","Graubünden","Grisons","Grigioni",93.1843146448955,FALSE,FALSE
18,3572,26.4394829612221,2925,8138,,,,11063,TRUE,"GR","Falera","Falera","Falera","Falera GR","Falera (GR)","Falera (GR)","Graubünden","Grisons","Grigioni",93.1843146448955,FALSE,FALSE
18,3575,30.6202328382176,3051,6913,,,,9964,TRUE,"GR","Laax","Laax","Laax","Laax GR","Laax (GR)","Laax (GR)","Graubünden","Grisons","Grigioni",93.1843146448955,FALSE,FALSE
18,3581,1.98976691301876,175,8620,,,,8795,TRUE,"GR","Sagogn","Sagogn","Sagogn","Sagogn GR","Sagogn (GR)","Sagogn (GR)","Graubünden","Grisons","Grigioni",93.1843146448955,FALSE,FALSE
18,3582,41.3091309130913,1502,2134,,,,3636,TRUE,"GR","Schluein","Schluein","Schluein","Schluein GR","Schluein (GR)","Schluein (GR)","Graubünden","Grisons","Grigioni",93.1843146448955,FALSE,FALSE
18,3603,46.5903213889915,6306,7229,,,,13535,TRUE,"GR","Vals","Vals","Vals","Vals GR","Vals (GR)","Vals (GR)","Graubünden","Grisons","Grigioni",93.1843146448955,FALSE,FALSE
18,3618,48.0122141060951,8019,8683,,,,16702,TRUE,"GR","Lumnezia","Lumnezia","Lumnezia","Lumnezia GR","Lumnezia (GR)","Lumnezia (GR)","Graubünden","Grisons","Grigioni",93.1843146448955,FALSE,FALSE
18,3619,82.6362957430919,4426,930,,,,5356,TRUE,"GR","Ilanz/Glion","Ilanz/Glion","Ilanz/Glion","Ilanz/Glion GR","Ilanz/Glion (GR)","Ilanz/Glion (GR)","Graubünden","Grisons","Grigioni",93.1843146448955,FALSE,FALSE
18,3633,4.74716202270382,46,923,,,,969,TRUE,"GR","Fürstenau","Fürstenau","Fürstenau","Fürstenau GR","Fürstenau (GR)","Fürstenau (GR)","Graubünden","Grisons","Grigioni",93.1843146448955,FALSE,FALSE
18,3637,23.2624728850325,2681,8844,,,,11525,TRUE,"GR","Rothenbrunnen","Rothenbrunnen","Rothenbrunnen","Rothenbrunnen GR","Rothenbrunnen (GR)","Rothenbrunnen (GR)","Graubünden","Grisons","Grigioni",93.1843146448955,FALSE,FALSE
18,3638,67.7794708408367,9786,4652,,,,14438,TRUE,"GR","Scharans","Scharans","Scharans","Scharans GR","Scharans (GR)","Scharans (GR)","Graubünden","Grisons","Grigioni",93.1843146448955,FALSE,FALSE
18,3640,8.2375265096551,738,8221,,,,8959,TRUE,"GR","Sils im Domleschg","Sils im Domleschg","Sils im Domleschg","Sils im Domleschg GR","Sils im Domleschg (GR)","Sils im Domleschg (GR)","Graubünden","Grisons","Grigioni",93.1843146448955,FALSE,FALSE
18,3661,28.0972533399718,3386,8665,,,,12051,TRUE,"GR","Cazis","Cazis","Cazis","Cazis GR","Cazis (GR)","Cazis (GR)","Graubünden","Grisons","Grigioni",93.1843146448955,FALSE,FALSE
18,3662,17.6020052917421,1264,5917,,,,7181,TRUE,"GR","Flerden","Flerden","Flerden","Flerden GR","Flerden (GR)","Flerden (GR)","Graubünden","Grisons","Grigioni",93.1843146448955,FALSE,FALSE
18,3663,55.6384077090742,9700,7734,,,,17434,TRUE,"GR","Masein","Masein","Masein","Masein GR","Masein (GR)","Masein (GR)","Graubünden","Grisons","Grigioni",93.1843146448955,FALSE,FALSE
18,3668,70.5555555555556,6223,2597,,,,8820,TRUE,"GR","Thusis","Thusis","Thusis","Thusis GR","Thusis (GR)","Thusis (GR)","Graubünden","Grisons","Grigioni",93.1843146448955,FALSE,FALSE
18,3669,56.0975609756098,23,18,,,,41,TRUE,"GR","Tschappina","Tschappina","Tschappina","Tschappina GR","Tschappina (GR)","Tschappina (GR)","Graubünden","Grisons","Grigioni",93.1843146448955,FALSE,FALSE
18,3670,59.2492521470617,6140,4223,,,,10363,TRUE,"GR","Urmein","Urmein","Urmein","Urmein GR","Urmein (GR)","Urmein (GR)","Graubünden","Grisons","Grigioni",93.1843146448955,FALSE,FALSE
18,3672,72.9721115537849,4579,1696,,,,6275,TRUE,"GR","Safiental","Safiental","Safiental","Safiental GR","Safiental (GR)","Safiental (GR)","Graubünden","Grisons","Grigioni",93.1843146448955,FALSE,FALSE
18,3673,8.48319709355132,467,5038,,,,5505,TRUE,"GR","Domleschg","Domleschg","Domleschg","Domleschg GR","Domleschg (GR)","Domleschg (GR)","Graubünden","Grisons","Grigioni",93.1843146448955,FALSE,FALSE
18,3681,86.6236632150738,5103,788,,,,5891,TRUE,"GR","Avers","Avers","Avers","Avers GR","Avers (GR)","Avers (GR)","Graubünden","Grisons","Grigioni",93.1843146448955,FALSE,FALSE
18,3695,77.6759137992618,6524,1875,,,,8399,TRUE,"GR","Sufers","Sufers","Sufers","Sufers GR","Sufers (GR)","Sufers (GR)","Graubünden","Grisons","Grigioni",93.1843146448955,FALSE,FALSE
18,3701,7.57545271629779,753,9187,,,,9940,TRUE,"GR","Andeer","Andeer","Andeer","Andeer GR","Andeer (GR)","Andeer (GR)","Graubünden","Grisons","Grigioni",93.1843146448955,FALSE,FALSE
18,3711,44.9509444036575,6735,8248,,,,14983,TRUE,"GR","Rongellen","Rongellen","Rongellen","Rongellen GR","Rongellen (GR)","Rongellen (GR)","Graubünden","Grisons","Grigioni",93.1843146448955,FALSE,FALSE
18,3712,37.335460710012,936,1571,,,,2507,TRUE,"GR","Zillis-Reischen","Zillis-Reischen","Zillis-Reischen","Zillis-Reischen GR","Zillis-Reischen (GR)","Zillis-Reischen (GR)","Graubünden","Grisons","Grigioni",93.1843146448955,FALSE,FALSE
18,3713,47.5568978535217,4409,4862,,,,9271,TRUE,"GR","Ferrera","Ferrera","Ferrera","Ferrera GR","Ferrera (GR)","Ferrera (GR)","Graubünden","Grisons","Grigioni",93.1843146448955,FALSE,FALSE
18,3714,12.0693170234455,592,4313,,,,4905,TRUE,"GR","Rheinwald","Rheinwald","Rheinwald","Rheinwald GR","Rheinwald (GR)","Rheinwald (GR)","Graubünden","Grisons","Grigioni",93.1843146448955,FALSE,FALSE
18,3715,18.795272588639,1972,8520,,,,10492,TRUE,"GR","Muntogna da Schons","Muntogna da Schons","Muntogna da Schons","Muntogna da Schons GR","Muntogna da Schons (GR)","Muntogna da Schons (GR)","Graubünden","Grisons","Grigioni",93.1843146448955,FALSE,FALSE
18,3721,46.361631753032,5887,6811,,,,12698,TRUE,"GR","Bonaduz","Bonaduz","Bonaduz","Bonaduz GR","Bonaduz (GR)","Bonaduz (GR)","Graubünden","Grisons","Grigioni",93.1843146448955,FALSE,FALSE
18,3722,53.0203210540967,5714,5063,,,,10777,TRUE,"GR","Domat/Ems","Domat/Ems","Domat/Ems","Domat/Ems GR","Domat/Ems (GR)","Domat/Ems (GR)","Graubünden","Grisons","Grigioni",93.1843146448955,FALSE,FALSE
18,3723,10.8648778150455,907,7441,,,,8348,TRUE,"GR","Rhäzüns","Rhäzüns","Rhäzüns","Rhäzüns GR","Rhäzüns (GR)","Rhäzüns (GR)","Graubünden","Grisons","Grigioni",93.1843146448955,FALSE,FALSE
18,3731,32.5373854317414,4047,8391,,,,12438,TRUE,"GR","Felsberg","Felsberg","Felsberg","Felsberg GR","Felsberg (GR)","Felsberg (GR)","Graubünden","Grisons","Grigioni",93.1843146448955,FALSE,FALSE
18,3732,10.2678571428571,644,5628,,,,6272,TRUE,"GR","Flims","Flims","Flims","Flims GR","Flims (GR)","Flims (GR)","Graubünden","Grisons","Grigioni",93.1843146448955,FALSE,FALSE
18,3733,44.6189024390244,2927,3633,,,,6560,TRUE,"GR","Tamins","Tamins","Tamins","Tamins GR","Tamins (GR)","Tamins (GR)","Graubünden","Grisons","Grigioni",93.1843146448955,FALSE,FALSE
18,3734,54.4094309680345,7200,6033,,,,13233,TRUE,"GR","Trin","Trin","Trin","Trin GR","Trin (GR)","Trin (GR)","Graubünden","Grisons","Grigioni",93.1843146448955,FALSE,FALSE
18,3746,11.4965560425798,918,7067,,,,7985,TRUE,"GR","Zernez","Zernez","Zernez","Zernez GR","Zernez (GR)","Zernez (GR)","Graubünden","Grisons","Grigioni",93.1843146448955,FALSE,FALSE
18,3752,1.37475214805023,104,7461,,,,7565,TRUE,"GR","Samnaun","Samnaun","Samnaun","Samnaun GR","Samnaun (GR)","Samnaun (GR)","Graubünden","Grisons","Grigioni",93.1843146448955,FALSE,FALSE
18,3762,74.9133134424643,9290,3111,,,,12401,TRUE,"GR","Scuol","Scuol","Scuol","Scuol GR","Scuol (GR)","Scuol (GR)","Graubünden","Grisons","Grigioni",93.1843146448955,FALSE,FALSE
18,3764,93.1596091205212,4576,336,,,,4912,TRUE,"GR","Valsot","Valsot","Valsot","Valsot GR","Valsot (GR)","Valsot (GR)","Graubünden","Grisons","Grigioni",93.1843146448955,FALSE,FALSE
18,3781,38.8833828873472,4708,7400,,,,12108,TRUE,"GR","Bever","Bever","Bever","Bever GR","Bever (GR)","Bever (GR)","Graubünden","Grisons","Grigioni",93.1843146448955,FALSE,FALSE
18,3782,68.939285201665,4803,2164,,,,6967,TRUE,"GR","Celerina/Schlarigna","Celerina/Schlarigna","Celerina/Schlarigna","Celerina/Schlarigna GR","Celerina/Schlarigna (GR)","Celerina/Schlarigna (GR)","Graubünden","Grisons","Grigioni",93.1843146448955,FALSE,FALSE
18,3783,16.8561739477359,845,4168,,,,5013,TRUE,"GR","Madulain","Madulain","Madulain","Madulain GR","Madulain (GR)","Madulain (GR)","Graubünden","Grisons","Grigioni",93.1843146448955,FALSE,FALSE
18,3784,43.5079561142193,5988,7775,,,,13763,TRUE,"GR","Pontresina","Pontresina","Pontresina","Pontresina GR","Pontresina (GR)","Pontresina (GR)","Graubünden","Grisons","Grigioni",93.1843146448955,FALSE,FALSE
18,3785,21.3884247303661,1408,5175,,,,6583,TRUE,"GR","La Punt-Chamues-ch","La Punt-Chamues-ch","La Punt-Chamues-ch","La Punt-Chamues-ch GR","La Punt-Chamues-ch (GR)","La Punt-Chamues-ch (GR)","Graubünden","Grisons","Grigioni",93.1843146448955,FALSE,FALSE
18,3786,18.7392648574373,1091,4731,,,,5822,TRUE,"GR","Samedan","Samedan","Samedan","Samedan GR","Samedan (GR)","Samedan (GR)","Graubünden","Grisons","Grigioni",93.1843146448955,FALSE,FALSE
18,3787,50.2624250214225,9385,9287,,,,18672,TRUE,"GR","St. Moritz","St. Moritz","St. Moritz","St. Moritz GR","St. Moritz (GR)","St. Moritz (GR)","Graubünden","Grisons","Grigioni",93.1843146448955,FALSE,FALSE
18,3788,50.9785932721713,3334,3206,,,,6540,TRUE,"GR","S-chanf","S-chanf","S-chanf","S-chanf GR","S-chanf (GR)","S-chanf (GR)","Graubünden","Grisons","Grigioni",93.1843146448955,FALSE,FALSE
18,3789,39.6776073023888,2043,3106,,,,5149,TRUE,"GR","Sils im Engadin/Segl","Sils im Engadin/Segl","Sils im Engadin/Segl","Sils im Engadin/Segl GR","Sils im Engadin/Segl (GR)","Sils im Engadin/Segl (GR)","Graubünden","Grisons","Grigioni",93.1843146448955,FALSE,FALSE
18,3790,49.1269730409275,7034,7284,,,,14318,TRUE,"GR","Silvaplana","Silvaplana","Silvaplana","Silvaplana GR","Silvaplana (GR)","Silvaplana (GR)","Graubünden","Grisons","Grigioni",93.1843146448955,FALSE,FALSE
18,3791,42.2968197879859,2394,3266,,,,5660,TRUE,"GR","Zuoz","Zuoz","Zuoz","Zuoz GR","Zuoz (GR)","Zuoz (GR)","Graubünden","Grisons","Grigioni",93.1843146448955,FALSE,FALSE
18,3792,90.626939788951,2920,302,,,,3222,TRUE,"GR","Bregaglia","Bregaglia","Bregaglia","Bregaglia GR","Bregaglia (GR)","Bregaglia (GR)","Graubünden","Grisons","Grigioni",93.1843146448955,FALSE,FALSE
18,3804,65.9652928416486,6082,3138,,,,9220,TRUE,"GR","Buseno","Buseno","Buseno","Buseno GR","Buseno (GR)","Buseno (GR)","Graubünden","Grisons","Grigioni",93.1843146448955,FALSE,FALSE
18,3805,3.56038923869491,311,8424,,,,8735,TRUE,"GR","Castaneda","Castaneda","Castaneda","Castaneda GR","Castaneda (GR)","Castaneda (GR)","Graubünden","Grisons","Grigioni",93.1843146448955,FALSE,FALSE
18,3808,92.9862475442043,9466,714,,,,10180,TRUE,"GR","Rossa","Rossa","Rossa","Rossa GR","Rossa (GR)","Rossa (GR)","Graubünden","Grisons","Grigioni",93.1843146448955,FALSE,FALSE
18,3810,50.1731701685523,6519,6474,,,,12993,TRUE,"GR","Santa Maria in Calanca","Santa Maria in Calanca","Santa Maria in Calanca","Santa Maria in Calanca GR","Santa Maria in Calanca (GR)","Santa Maria in Calanca (GR)","Graubünden","Grisons","Grigioni",93.1843146448955,FALSE,FALSE
18,3821,30.6252811515969,3404,7711,,,,11115,TRUE,"GR","Lostallo","Lostallo","Lostallo","Lostallo GR","Lostallo (GR)","Lostallo (GR)","Graubünden","Grisons","Grigioni",93.1843146448955,FALSE,FALSE
18,3822,14.4337854228691,1309,7760,,,,9069,TRUE,"GR","Mesocco","Mesocco","Mesocco","Mesocco GR","Mesocco (GR)","Mesocco (GR)","Graubünden","Grisons","Grigioni",93.1843146448955,FALSE,FALSE
18,3823,41.0264707785904,6339,9112,,,,15451,TRUE,"GR","Soazza","Soazza","Soazza","Soazza GR","Soazza (GR)","Soazza (GR)","Graubünden","Grisons","Grigioni",93.1843146448955,FALSE,FALSE
18,3831,37.464267697999,2228,3719,,,,5947,TRUE,"GR","Cama","Cama","Cama","Cama GR","Cama (GR)","Cama (GR)","Graubünden","Grisons","Grigioni",93.1843146448955,FALSE,FALSE
18,3832,55.2437330994665,7559,6124,,,,13683,TRUE,"GR","Grono","Grono","Grono","Grono GR","Grono (GR)","Grono (GR)","Graubünden","Grisons","Grigioni",93.1843146448955,FALSE,FALSE
18,3834,77.3941893830703,8631,2521,,,,11152,TRUE,"GR","Roveredo GR","Roveredo (GR)","Roveredo GR","Roveredo GR","Roveredo (GR)","Roveredo (GR)","Graubünden","Grisons","Grigioni",93.1843146448955,FALSE,FALSE
18,3835,31.049896049896,2987,6633,,,,9620,TRUE,"GR","San Vittore","San Vittore","San Vittore","San Vittore GR","San Vittore (GR)","San Vittore (GR)","Graubünden","Grisons","Grigioni",93.1843146448955,FALSE,FALSE
18,3837,61.1653842828737,7075,4492,,,,11567,TRUE,"GR","Calanca","Calanca","Calanca","Calanca GR","Calanca (GR)","Calanca (GR)","Graubünden","Grisons","Grigioni",93.1843146448955,FALSE,FALSE
18,3847,58.2729676900081,5068,3629,,,,8697,TRUE,"GR","Val Müstair","Val Müstair","Val Müstair","Val Müstair GR","Val Müstair (GR)","Val Müstair (GR)","Graubünden","Grisons","Grigioni",93.1843146448955,FALSE,FALSE
18,3851,30.5100045133143,4056,9238,,,,13294,TRUE,"GR","Davos","Davos","Davos","Davos GR","Davos (GR)","Davos (GR)","Graubünden","Grisons","Grigioni",93.1843146448955,FALSE,FALSE
18,3861,13.5018963337547,534,3421,,,,3955,TRUE,"GR","Fideris","Fideris","Fideris","Fideris GR","Fideris (GR)","Fideris (GR)","Graubünden","Grisons","Grigioni",93.1843146448955,FALSE,FALSE
18,3862,75.6978122642526,7024,2255,,,,9279,TRUE,"GR","Furna","Furna","Furna","Furna GR","Furna (GR)","Furna (GR)","Graubünden","Grisons","Grigioni",93.1843146448955,FALSE,FALSE
18,3863,24.4274809160305,2432,7524,,,,9956,TRUE,"GR","Jenaz","Jenaz","Jenaz","Jenaz GR","Jenaz (GR)","Jenaz (GR)","Graubünden","Grisons","Grigioni",93.1843146448955,FALSE,FALSE
18,3871,68.8252148997135,6005,2720,,,,8725,TRUE,"GR","Klosters-Serneus","Klosters-Serneus","Klosters-Serneus","Klosters-Serneus GR","Klosters-Serneus (GR)","Klosters-Serneus (GR)","Graubünden","Grisons","Grigioni",93.1843146448955,FALSE,FALSE
18,3881,0.130039011703511,10,7680,,,,7690,TRUE,"GR","Conters im Prättigau","Conters im Prättigau","Conters im Prättigau","Conters im Prättigau GR","Conters im Prättigau (GR)","Conters im Prättigau (GR)","Graubünden","Grisons","Grigioni",93.1843146448955,FALSE,FALSE
18,3882,39.3523526230395,5821,8971,,,,14792,TRUE,"GR","Küblis","Küblis","Küblis","Küblis GR","Küblis (GR)","Küblis (GR)","Graubünden","Grisons","Grigioni",93.1843146448955,FALSE,FALSE
18,3891,45.7731055628559,8360,9904,,,,18264,TRUE,"GR","Luzein","Luzein","Luzein","Luzein GR","Luzein (GR)","Luzein (GR)","Graubünden","Grisons","Grigioni",93.1843146448955,FALSE,FALSE
18,3901,24.243198365053,1898,5931,,,,7829,TRUE,"GR","Chur","Coire","Coira","Chur GR","Coire (GR)","Coira (GR)","Graubünden","Grisons","Grigioni",93.1843146448955,FALSE,FALSE
18,3911,18.981018981019,1710,7299,,,,9009,TRUE,"GR","Churwalden","Churwalden","Churwalden","Churwalden GR","Churwalden (GR)","Churwalden (GR)","Graubünden","Grisons","Grigioni",93.1843146448955,FALSE,FALSE
18,3921,62.4402101466322,7963,4790,,,,12753,TRUE,"GR","Arosa","Arosa","Arosa","Arosa GR","Arosa (GR)","Arosa (GR)","Graubünden","Grisons","Grigioni",93.1843146448955,FALSE,FALSE
18,3945,23.5600824542258,1943,6304,,,,8247,TRUE,"GR","Trimmis","Trimmis","Trimmis","Trimmis GR","Trimmis (GR)","Trimmis (GR)","Graubünden","Grisons","Grigioni",93.1843146448955,FALSE,FALSE
18,3946,57.8206014517802,6691,4881,,,,11572,TRUE,"GR","Untervaz","Untervaz","Untervaz","Untervaz GR","Untervaz (GR)","Untervaz (GR)","Graubünden","Grisons","Grigioni",93.1843146448955,FALSE,FALSE
18,3947,43.1235773551656,5873,7746,,,,13619,TRUE,"GR","Zizers","Zizers","Zizers","Zizers GR","Zizers (GR)","Zizers (GR)","Graubünden","Grisons","Grigioni",93.1843146448955,FALSE,FALSE
18,3951,45.3485023041475,6298,7590,,,,13888,TRUE,"GR","Fläsch","Fläsch","Fläsch","Fläsch GR","Fläsch (GR)","Fläsch (GR)","Graubünden","Grisons","Grigioni",93.1843146448955,FALSE,FALSE
18,3952,67.3370052516972,5257,2550,,,,7807,TRUE,"GR","Jenins","Jenins","Jenins","Jenins GR","Jenins (GR)","Jenins (GR)","Graubünden","Grisons","Grigioni",93.1843146448955,FALSE,FALSE
18,3953,32.9480683977201,4162,8470,,,,12632,TRUE,"GR","Maienfeld","Maienfeld","Maienfeld","Maienfeld GR","Maienfeld (GR)","Maienfeld (GR)","Graubünden","Grisons","Grigioni",93.1843146448955,FALSE,FALSE
18,3954,49.8942917547569,3776,3792,,,,7568,TRUE,"GR","Malans","Malans","Malans","Malans GR","Malans (GR)","Malans (GR)","Graubünden","Grisons","Grigioni",93.1843146448955,FALSE,FALSE
18,3955,15.2140672782875,199,1109,,,,1308,TRUE,"GR","Landquart","Landquart","Landquart","Landquart GR","Landquart (GR)","Landquart (GR)","Graubünden","Grisons","Grigioni",93.1843146448955,FALSE,FALSE
18,3961,74.6603611349957,8683,2947,,,,11630,TRUE,"GR","Grüsch","Grüsch","Grüsch","Grüsch GR","Grüsch (GR)","Grüsch (GR)","Graubünden","Grisons","Grigioni",93.1843146448955,FALSE,FALSE
18,3962,68.1948424068768,2380,1110,,,,3490,TRUE,"GR","Schiers","Schiers","Schiers","Schiers GR","Schiers (GR)","Schiers (GR)","Graubünden","Grisons","Grigioni",93.1843146448955,FALSE,FALSE
18,3972,64.1991308988336,8421,4696,,,,13117,TRUE,"GR","Seewis im Prättigau","Seewis im Prättigau","Seewis im Prättigau","Seewis im Prättigau GR","Seewis im Prättigau (GR)","Seewis im Prättigau (GR)","Graubünden","Grisons","Grigioni",93.1843146448955,FALSE,FALSE
18,3981,63.9869636067355,2356,1326,,,,3682,TRUE,"GR","Breil/Brigels","Breil/Brigels","Breil/Brigels","Breil/Brigels GR","Breil/Brigels (GR)","Breil/Brigels (GR)","Graubünden","Grisons","Grigioni",93.1843146448955,FALSE,FALSE
18,3982,13.4098582039163,993,6412,,,,7405,TRUE,"GR","Disentis/Mustér","Disentis/Mustér","Disentis/Mustér","Disentis/Mustér GR","Disentis/Mustér (GR)","Disentis/Mustér (GR)","Graubünden","Grisons","Grigioni",93.1843146448955,FALSE,FALSE
18,3983,30.1592651891801,3579,8288,,,,11867,TRUE,"GR","Medel (Lucmagn)","Medel (Lucmagn)","Medel (Lucmagn)","Medel (Lucmagn) GR","Medel (Lucmagn) (GR)","Medel (Lucmagn) (GR)","Graubünden","Grisons","Grigioni",93.1843146448955,FALSE,FALSE
18,3985,24.2611124040028,2085,6509,,,,8594,TRUE,"GR","Sumvitg","Sumvitg","Sumvitg","Sumvitg GR","Sumvitg (GR)","Sumvitg (GR)","Graubünden","Grisons","Grigioni",93.1843146448955,FALSE,FALSE
18,3986,44.8109058927001,6114,7530,,,,13644,TRUE,"GR","Tujetsch","Tujetsch","Tujetsch","Tujetsch GR","Tujetsch (GR)","Tujetsch (GR)","Graubünden","Grisons","Grigioni",93.1843146448955,FALSE,FALSE
18,3987,83.549551959342,6247,1230,,,,7477,TRUE,"GR","Trun","Trun","Trun","Trun GR","Trun (GR)","Trun (GR)","Graubünden","Grisons","Grigioni",93.1843146448955,FALSE,FALSE
18,3988,44.9938574938575,7325,8955,,,,16280,TRUE,"GR","Obersaxen Mundaun","Obersaxen Mundaun","Obersaxen Mundaun","Obersaxen Mundaun GR","Obersaxen Mundaun (GR)","Obersaxen Mundaun (GR)","Graubünden","Grisons","Grigioni",93.1843146448955,FALSE,FALSE
19,4001,63.268977095575,5276,3063,,,,8339,TRUE,"AG","Aarau","Aarau","Aarau","Aarau AG","Aarau (AG)","Aarau (AG)","Aargau","Argovie","Argovia",56.4591639209539,FALSE,FALSE
19,4002,16.870549570933,924,4553,,,,5477,TRUE,"AG","Biberstein","Biberstein","Biberstein","Biberstein AG","Biberstein (AG)","Biberstein (AG)","Aargau","Argovie","Argovia",56.4591639209539,FALSE,FALSE
19,4003,39.8556045031816,3257,4915,,,,8172,TRUE,"AG","Buchs AG","Buchs (AG)","Buchs AG","Buchs AG","Buchs (AG)","Buchs (AG)","Aargau","Argovie","Argovia",56.4591639209539,FALSE,FALSE
19,4004,64.4396357406906,7147,3944,,,,11091,TRUE,"AG","Densbüren","Densbüren","Densbüren","Densbüren AG","Densbüren (AG)","Densbüren (AG)","Aargau","Argovie","Argovia",56.4591639209539,FALSE,FALSE
19,4005,59.7788873038516,8381,5639,,,,14020,TRUE,"AG","Erlinsbach AG","Erlinsbach (AG)","Erlinsbach AG","Erlinsbach AG","Erlinsbach (AG)","Erlinsbach (AG)","Aargau","Argovie","Argovia",56.4591639209539,FALSE,FALSE
19,4006,70.1725307014239,9314,3959,,,,13273,TRUE,"AG","Gränichen","Gränichen","Gränichen","Gränichen AG","Gränichen (AG)","Gränichen (AG)","Aargau","Argovie","Argovia",56.4591639209539,FALSE,FALSE
19,4007,63.7591537835639,7836,4454,,,,12290,TRUE,"AG","Hirschthal","Hirschthal","Hirschthal","Hirschthal AG","Hirschthal (AG)","Hirschthal (AG)","Aargau","Argovie","Argovia",56.4591639209539,FALSE,FALSE
19,4008,58.4489640752709,6150,4372,,,,10522,TRUE,"AG","Küttigen","Küttigen","Küttigen","Küttigen AG","Küttigen (AG)","Küttigen (AG)","Aargau","Argovie","Argovia",56.4591639209539,FALSE,FALSE
19,4009,42.9444213773059,7240,9619,,,,16859,TRUE,"AG","Muhen","Muhen","Muhen","Muhen AG","Muhen (AG)","Muhen (AG)","Aargau","Argovie","Argovia",56.4591639209539,FALSE,FALSE
19,4010,22.7015921931176,442,1505,,,,1947,TRUE,"AG","Oberentfelden","Oberentfelden","Oberentfelden","Oberentfelden AG","Oberentfelden (AG)","Oberentfelden (AG)","Aargau","Argovie","Argovia",56.4591639209539,FALSE,FALSE
19,4012,92.2239031770045,6096,514,,,,6610,TRUE,"AG","Suhr","Suhr","Suhr","Suhr AG","Suhr (AG)","Suhr (AG)","Aargau","Argovie","Argovia",56.4591639209539,FALSE,FALSE
19,4013,65.2842809364548,9760,5190,,,,14950,TRUE,"AG","Unterentfelden","Unterentfelden","Unterentfelden","Unterentfelden AG","Unterentfelden (AG)","Unterentfelden (AG)","Aargau","Argovie","Argovia",56.4591639209539,FALSE,FALSE
19,4021,46.9958425878467,8252,9307,,,,17559,TRUE,"AG","Baden","Baden","Baden","Baden AG","Baden (AG)","Baden (AG)","Aargau","Argovie","Argovia",56.4591639209539,FALSE,FALSE
19,4022,50.0142952444487,5248,5245,,,,10493,TRUE,"AG","Bellikon","Bellikon","Bellikon","Bellikon AG","Bellikon (AG)","Bellikon (AG)","Aargau","Argovie","Argovia",56.4591639209539,FALSE,FALSE
19,4023,64.8391097186868,9934,5387,,,,15321,TRUE,"AG","Bergdietikon","Bergdietikon","Bergdietikon","Bergdietikon AG","Bergdietikon (AG)","Bergdietikon (AG)","Aargau","Argovie","Argovia",56.4591639209539,FALSE,FALSE
19,4024,27.4615269684745,1838,4855,,,,6693,TRUE,"AG","Birmenstorf AG","Birmenstorf (AG)","Birmenstorf AG","Birmenstorf AG","Birmenstorf (AG)","Birmenstorf (AG)","Aargau","Argovie","Argovia",56.4591639209539,FALSE,FALSE
19,4026,89.8807947019868,3393,382,,,,3775,TRUE,"AG","Ennetbaden","Ennetbaden","Ennetbaden","Ennetbaden AG","Ennetbaden (AG)","Ennetbaden (AG)","Aargau","Argovie","Argovia",56.4591639209539,FALSE,FALSE
19,4027,45.3316126136236,8079,9743,,,,17822,TRUE,"AG","Fislisbach","Fislisbach","Fislisbach","Fislisbach AG","Fislisbach (AG)","Fislisbach (AG)","Aargau","Argovie","Argovia",56.4591639209539,FALSE,FALSE
19,4028,30.4836792539088,3334,7603,,,,10937,TRUE,"AG","Freienwil","Freienwil","Freienwil","Freienwil AG","Freienwil (AG)","Freienwil (AG)","Aargau","Argovie","Argovia",56.4591639209539,FALSE,FALSE
19,4029,40.2695105820106,4871,7225,,,,12096,TRUE,"AG","Gebenstorf","Gebenstorf","Gebenstorf","Gebenstorf AG","Gebenstorf (AG)","Gebenstorf (AG)","Aargau","Argovie","Argovia",56.4591639209539,FALSE,FALSE
19,4030,66.8502809298226,6068,3009,,,,9077,TRUE,"AG","Killwangen","Killwangen","Killwangen","Killwangen AG","Killwangen (AG)","Killwangen (AG)","Aargau","Argovie","Argovia",56.4591639209539,FALSE,FALSE
19,4031,51.11340383458,5945,5686,,,,11631,TRUE,"AG","Künten","Künten","Künten","Künten AG","Künten (AG)","Künten (AG)","Aargau","Argovie","Argovia",56.4591639209539,FALSE,FALSE
19,4032,41.8039094966908,2716,3781,,,,6497,TRUE,"AG","Mägenwil","Mägenwil","Mägenwil","Mägenwil AG","Mägenwil (AG)","Mägenwil (AG)","Aargau","Argovie","Argovia",56.4591639209539,FALSE,FALSE
19,4033,13.1504257332072,139,918,,,,1057,TRUE,"AG","Mellingen","Mellingen","Mellingen","Mellingen AG","Mellingen (AG)","Mellingen (AG)","Aargau","Argovie","Argovia",56.4591639209539,FALSE,FALSE
19,4034,70.2010558238796,6250,2653,,,,8903,TRUE,"AG","Neuenhof","Neuenhof","Neuenhof","Neuenhof AG","Neuenhof (AG)","Neuenhof (AG)","Aargau","Argovie","Argovia",56.4591639209539,FALSE,FALSE
19,4035,53.43716433942,8955,7803,,,,16758,TRUE,"AG","Niederrohrdorf","Niederrohrdorf","Niederrohrdorf","Niederrohrdorf AG","Niederrohrdorf (AG)","Niederrohrdorf (AG)","Aargau","Argovie","Argovia",56.4591639209539,FALSE,FALSE
19,4037,69.8396028260455,7315,3159,,,,10474,TRUE,"AG","Oberrohrdorf","Oberrohrdorf","Oberrohrdorf","Oberrohrdorf AG","Oberrohrdorf (AG)","Oberrohrdorf (AG)","Aargau","Argovie","Argovia",56.4591639209539,FALSE,FALSE
19,4038,93.0694570821959,6137,457,,,,6594,TRUE,"AG","Obersiggenthal","Obersiggenthal","Obersiggenthal","Obersiggenthal AG","Obersiggenthal (AG)","Obersiggenthal (AG)","Aargau","Argovie","Argovia",56.4591639209539,FALSE,FALSE
19,4039,61.9614315496873,7133,4379,,,,11512,TRUE,"AG","Remetschwil","Remetschwil","Remetschwil","Remetschwil AG","Remetschwil (AG)","Remetschwil (AG)","Aargau","Argovie","Argovia",56.4591639209539,FALSE,FALSE
19,4040,65.2283422814344,9841,5246,,,,15087,TRUE,"AG","Spreitenbach","Spreitenbach","Spreitenbach","Spreitenbach AG","Spreitenbach (AG)","Spreitenbach (AG)","Aargau","Argovie","Argovia",56.4591639209539,FALSE,FALSE
19,4041,75.5621147669068,8704,2815,,,,11519,TRUE,"AG","Stetten AG","Stetten (AG)","Stetten AG","Stetten AG","Stetten (AG)","Stetten (AG)","Aargau","Argovie","Argovia",56.4591639209539,FALSE,FALSE
19,4044,25.7772877618523,1169,3366,,,,4535,TRUE,"AG","Untersiggenthal","Untersiggenthal","Untersiggenthal","Untersiggenthal AG","Untersiggenthal (AG)","Untersiggenthal (AG)","Aargau","Argovie","Argovia",56.4591639209539,FALSE,FALSE
19,4045,3.08724832214765,207,6498,,,,6705,TRUE,"AG","Wettingen","Wettingen","Wettingen","Wettingen AG","Wettingen (AG)","Wettingen (AG)","Aargau","Argovie","Argovia",56.4591639209539,FALSE,FALSE
19,4046,94.6493201604226,9676,547,,,,10223,TRUE,"AG","Wohlenschwil","Wohlenschwil","Wohlenschwil","Wohlenschwil AG","Wohlenschwil (AG)","Wohlenschwil (AG)","Aargau","Argovie","Argovia",56.4591639209539,FALSE,FALSE
19,4047,39.6038182731644,5518,8415,,,,13933,TRUE,"AG","Würenlingen","Würenlingen","Würenlingen","Würenlingen AG","Würenlingen (AG)","Würenlingen (AG)","Aargau","Argovie","Argovia",56.4591639209539,FALSE,FALSE
19,4048,38.0568135034994,4622,7523,,,,12145,TRUE,"AG","Würenlos","Würenlos","Würenlos","Würenlos AG","Würenlos (AG)","Würenlos (AG)","Aargau","Argovie","Argovia",56.4591639209539,FALSE,FALSE
19,4049,44.8681176536753,7978,9803,,,,17781,TRUE,"AG","Ehrendingen","Ehrendingen","Ehrendingen","Ehrendingen AG","Ehrendingen (AG)","Ehrendingen (AG)","Aargau","Argovie","Argovia",56.4591639209539,FALSE,FALSE
19,4061,29.2391304347826,538,1302,,,,1840,TRUE,"AG","Arni AG","Arni (AG)","Arni AG","Arni AG","Arni (AG)","Arni (AG)","Aargau","Argovie","Argovia",56.4591639209539,FALSE,FALSE
19,4062,56.2514998800096,9376,7292,,,,16668,TRUE,"AG","Berikon","Berikon","Berikon","Berikon AG","Berikon (AG)","Berikon (AG)","Aargau","Argovie","Argovia",56.4591639209539,FALSE,FALSE
19,4063,39.499160965535,6120,9374,,,,15494,TRUE,"AG","Bremgarten AG","Bremgarten (AG)","Bremgarten AG","Bremgarten AG","Bremgarten (AG)","Bremgarten (AG)","Aargau","Argovie","Argovia",56.4591639209539,FALSE,FALSE
19,4064,89.5086811968969,9692,1136,,,,10828,TRUE,"AG","Büttikon","Büttikon","Büttikon","Büttikon AG","Büttikon (AG)","Büttikon (AG)","Aargau","Argovie","Argovia",56.4591639209539,FALSE,FALSE
19,4065,56.5522115554509,9602,7377,,,,16979,TRUE,"AG","Dottikon","Dottikon","Dottikon","Dottikon AG","Dottikon (AG)","Dottikon (AG)","Aargau","Argovie","Argovia",56.4591639209539,FALSE,FALSE
19,4066,79.0627034063788,3644,965,,,,4609,TRUE,"AG","Eggenwil","Eggenwil","Eggenwil","Eggenwil AG","Eggenwil (AG)","Eggenwil (AG)","Aargau","Argovie","Argovia",56.4591639209539,FALSE,FALSE
19,4067,31.6395169786855,3904,8435,,,,12339,TRUE,"AG","Fischbach-Göslikon","Fischbach-Göslikon","Fischbach-Göslikon","Fischbach-Göslikon AG","Fischbach-Göslikon (AG)","Fischbach-Göslikon (AG)","Aargau","Argovie","Argovia",56.4591639209539,FALSE,FALSE
19,4068,46.6756212222968,3475,3970,,,,7445,TRUE,"AG","Hägglingen","Hägglingen","Hägglingen","Hägglingen AG","Hägglingen (AG)","Hägglingen (AG)","Aargau","Argovie","Argovia",56.4591639209539,FALSE,FALSE
19,4071,75.5367402479589,2498,809,,,,3307,TRUE,"AG","Jonen","Jonen","Jonen","Jonen AG","Jonen (AG)","Jonen (AG)","Aargau","Argovie","Argovia",56.4591639209539,FALSE,FALSE
19,4072,68.4485006518905,2100,968,,,,3068,TRUE,"AG","Niederwil AG","Niederwil (AG)","Niederwil AG","Niederwil AG","Niederwil (AG)","Niederwil (AG)","Aargau","Argovie","Argovia",56.4591639209539,FALSE,FALSE
19,4073,45.7404399822826,3098,3675,,,,6773,TRUE,"AG","Oberlunkhofen","Oberlunkhofen","Oberlunkhofen","Oberlunkhofen AG","Oberlunkhofen (AG)","Oberlunkhofen (AG)","Aargau","Argovie","Argovia",56.4591639209539,FALSE,FALSE
19,4074,65.9734320557491,6059,3125,,,,9184,TRUE,"AG","Oberwil-Lieli","Oberwil-Lieli","Oberwil-Lieli","Oberwil-Lieli AG","Oberwil-Lieli (AG)","Oberwil-Lieli (AG)","Aargau","Argovie","Argovia",56.4591639209539,FALSE,FALSE
19,4075,62.3295245116108,1691,1022,,,,2713,TRUE,"AG","Rudolfstetten-Friedlisberg","Rudolfstetten-Friedlisberg","Rudolfstetten-Friedlisberg","Rudolfstetten-Friedlisberg AG","Rudolfstetten-Friedlisberg (AG)","Rudolfstetten-Friedlisberg (AG)","Aargau","Argovie","Argovia",56.4591639209539,FALSE,FALSE
19,4076,59.0236686390533,5187,3601,,,,8788,TRUE,"AG","Sarmenstorf","Sarmenstorf","Sarmenstorf","Sarmenstorf AG","Sarmenstorf (AG)","Sarmenstorf (AG)","Aargau","Argovie","Argovia",56.4591639209539,FALSE,FALSE
19,4077,31.6795865633075,3065,6610,,,,9675,TRUE,"AG","Tägerig","Tägerig","Tägerig","Tägerig AG","Tägerig (AG)","Tägerig (AG)","Aargau","Argovie","Argovia",56.4591639209539,FALSE,FALSE
19,4078,38.3524645509791,2840,4565,,,,7405,TRUE,"AG","Uezwil","Uezwil","Uezwil","Uezwil AG","Uezwil (AG)","Uezwil (AG)","Aargau","Argovie","Argovia",56.4591639209539,FALSE,FALSE
19,4079,20.488423723438,1938,7521,,,,9459,TRUE,"AG","Unterlunkhofen","Unterlunkhofen","Unterlunkhofen","Unterlunkhofen AG","Unterlunkhofen (AG)","Unterlunkhofen (AG)","Aargau","Argovie","Argovia",56.4591639209539,FALSE,FALSE
19,4080,49.4524189261031,9302,9508,,,,18810,TRUE,"AG","Villmergen","Villmergen","Villmergen","Villmergen AG","Villmergen (AG)","Villmergen (AG)","Aargau","Argovie","Argovia",56.4591639209539,FALSE,FALSE
19,4081,20.0909417254996,1679,6678,,,,8357,TRUE,"AG","Widen","Widen","Widen","Widen AG","Widen (AG)","Widen (AG)","Aargau","Argovie","Argovia",56.4591639209539,FALSE,FALSE
19,4082,14.1900473386445,1229,7432,,,,8661,TRUE,"AG","Wohlen AG","Wohlen (AG)","Wohlen AG","Wohlen AG","Wohlen (AG)","Wohlen (AG)","Aargau","Argovie","Argovia",56.4591639209539,FALSE,FALSE
19,4083,30.7888300040766,3021,6791,,,,9812,TRUE,"AG","Zufikon","Zufikon","Zufikon","Zufikon AG","Zufikon (AG)","Zufikon (AG)","Aargau","Argovie","Argovia",56.4591639209539,FALSE,FALSE
19,4084,58.3171583850932,6009,4295,,,,10304,TRUE,"AG","Islisberg","Islisberg","Islisberg","Islisberg AG","Islisberg (AG)","Islisberg (AG)","Aargau","Argovie","Argovia",56.4591639209539,FALSE,FALSE
19,4091,46.8414522306738,8683,9854,,,,18537,TRUE,"AG","Auenstein","Auenstein","Auenstein","Auenstein AG","Auenstein (AG)","Auenstein (AG)","Aargau","Argovie","Argovia",56.4591639209539,FALSE,FALSE
19,4092,41.5359653866955,768,1081,,,,1849,TRUE,"AG","Birr","Birr","Birr","Birr AG","Birr (AG)","Birr (AG)","Aargau","Argovie","Argovia",56.4591639209539,FALSE,FALSE
19,4093,97.8572759455934,5252,115,,,,5367,TRUE,"AG","Birrhard","Birrhard","Birrhard","Birrhard AG","Birrhard (AG)","Birrhard (AG)","Aargau","Argovie","Argovia",56.4591639209539,FALSE,FALSE
19,4095,37.619380386676,3230,5356,,,,8586,TRUE,"AG","Brugg","Brugg","Brugg","Brugg AG","Brugg (AG)","Brugg (AG)","Aargau","Argovie","Argovia",56.4591639209539,FALSE,FALSE
19,4099,27.4780426599749,219,578,,,,797,TRUE,"AG","Habsburg","Habsburg","Habsburg","Habsburg AG","Habsburg (AG)","Habsburg (AG)","Aargau","Argovie","Argovia",56.4591639209539,FALSE,FALSE
19,4100,48.3823615759497,8240,8791,,,,17031,TRUE,"AG","Hausen AG","Hausen (AG)","Hausen AG","Hausen AG","Hausen (AG)","Hausen (AG)","Aargau","Argovie","Argovia",56.4591639209539,FALSE,FALSE
19,4104,78.8176617280329,5373,1444,,,,6817,TRUE,"AG","Lupfig","Lupfig","Lupfig","Lupfig AG","Lupfig (AG)","Lupfig (AG)","Aargau","Argovie","Argovia",56.4591639209539,FALSE,FALSE
19,4105,39.1336659942669,3686,5733,,,,9419,TRUE,"AG","Mandach","Mandach","Mandach","Mandach AG","Mandach (AG)","Mandach (AG)","Aargau","Argovie","Argovia",56.4591639209539,FALSE,FALSE
19,4106,74.2238525543527,8296,2881,,,,11177,TRUE,"AG","Mönthal","Mönthal","Mönthal","Mönthal AG","Mönthal (AG)","Mönthal (AG)","Aargau","Argovie","Argovia",56.4591639209539,FALSE,FALSE
19,4107,43.8638799571275,4911,6285,,,,11196,TRUE,"AG","Mülligen","Mülligen","Mülligen","Mülligen AG","Mülligen (AG)","Mülligen (AG)","Aargau","Argovie","Argovia",56.4591639209539,FALSE,FALSE
19,4110,41.0996801244921,4754,6813,,,,11567,TRUE,"AG","Remigen","Remigen","Remigen","Remigen AG","Remigen (AG)","Remigen (AG)","Aargau","Argovie","Argovia",56.4591639209539,FALSE,FALSE
19,4111,92.3134328358209,4948,412,,,,5360,TRUE,"AG","Riniken","Riniken","Riniken","Riniken AG","Riniken (AG)","Riniken (AG)","Aargau","Argovie","Argovia",56.4591639209539,FALSE,FALSE
19,4112,41.7481446577924,3544,4945,,,,8489,TRUE,"AG","Rüfenach","Rüfenach","Rüfenach","Rüfenach AG","Rüfenach (AG)","Rüfenach (AG)","Aargau","Argovie","Argovia",56.4591639209539,FALSE,FALSE
19,4117,78.5007072135785,2220,608,,,,2828,TRUE,"AG","Thalheim AG","Thalheim (AG)","Thalheim AG","Thalheim AG","Thalheim (AG)","Thalheim (AG)","Aargau","Argovie","Argovia",56.4591639209539,FALSE,FALSE
19,4120,54.7418024739839,2788,2305,,,,5093,TRUE,"AG","Veltheim AG","Veltheim (AG)","Veltheim AG","Veltheim AG","Veltheim (AG)","Veltheim (AG)","Aargau","Argovie","Argovia",56.4591639209539,FALSE,FALSE
19,4121,36.9659401453043,5546,9457,,,,15003,TRUE,"AG","Villigen","Villigen","Villigen","Villigen AG","Villigen (AG)","Villigen (AG)","Aargau","Argovie","Argovia",56.4591639209539,FALSE,FALSE
19,4123,32.1108690389736,2653,5609,,,,8262,TRUE,"AG","Windisch","Windisch","Windisch","Windisch AG","Windisch (AG)","Windisch (AG)","Aargau","Argovie","Argovia",56.4591639209539,FALSE,FALSE
19,4124,50.0773869883119,9383,9354,,,,18737,TRUE,"AG","Bözberg","Bözberg","Bözberg","Bözberg AG","Bözberg (AG)","Bözberg (AG)","Aargau","Argovie","Argovia",56.4591639209539,FALSE,FALSE
19,4125,46.5776538771917,6349,7282,,,,13631,TRUE,"AG","Schinznach","Schinznach","Schinznach","Schinznach AG","Schinznach (AG)","Schinznach (AG)","Aargau","Argovie","Argovia",56.4591639209539,FALSE,FALSE
19,4131,20.2448904437489,2199,8663,,,,10862,TRUE,"AG","Beinwil am See","Beinwil am See","Beinwil am See","Beinwil am See AG","Beinwil am See (AG)","Beinwil am See (AG)","Aargau","Argovie","Argovia",56.4591639209539,FALSE,FALSE
19,4132,38.3445578970237,1765,2838,,,,4603,TRUE,"AG","Birrwil","Birrwil","Birrwil","Birrwil AG","Birrwil (AG)","Birrwil (AG)","Aargau","Argovie","Argovia",56.4591639209539,FALSE,FALSE
19,4134,43.0885681946802,6091,8045,,,,14136,TRUE,"AG","Dürrenäsch","Dürrenäsch","Dürrenäsch","Dürrenäsch AG","Dürrenäsch (AG)","Dürrenäsch (AG)","Aargau","Argovie","Argovia",56.4591639209539,FALSE,FALSE
19,4135,50.4742033383915,2661,2611,,,,5272,TRUE,"AG","Gontenschwil","Gontenschwil","Gontenschwil","Gontenschwil AG","Gontenschwil (AG)","Gontenschwil (AG)","Aargau","Argovie","Argovia",56.4591639209539,FALSE,FALSE
19,4136,29.1725105189341,416,1010,,,,1426,TRUE,"AG","Holziken","Holziken","Holziken","Holziken AG","Holziken (AG)","Holziken (AG)","Aargau","Argovie","Argovia",56.4591639209539,FALSE,FALSE
19,4137,71.5529905561385,6819,2711,,,,9530,TRUE,"AG","Leimbach AG","Leimbach (AG)","Leimbach AG","Leimbach AG","Leimbach (AG)","Leimbach (AG)","Aargau","Argovie","Argovia",56.4591639209539,FALSE,FALSE
19,4138,24.3761213505138,2989,9273,,,,12262,TRUE,"AG","Leutwil","Leutwil","Leutwil","Leutwil AG","Leutwil (AG)","Leutwil (AG)","Aargau","Argovie","Argovia",56.4591639209539,FALSE,FALSE
19,4139,72.3976608187134,2476,944,,,,3420,TRUE,"AG","Menziken","Menziken","Menziken","Menziken AG","Menziken (AG)","Menziken (AG)","Aargau","Argovie","Argovia",56.4591639209539,FALSE,FALSE
19,4140,48.0272624006058,6342,6863,,,,13205,TRUE,"AG","Oberkulm","Oberkulm","Oberkulm","Oberkulm AG","Oberkulm (AG)","Oberkulm (AG)","Aargau","Argovie","Argovia",56.4591639209539,FALSE,FALSE
19,4141,39.4728745769665,3849,5902,,,,9751,TRUE,"AG","Reinach AG","Reinach (AG)","Reinach AG","Reinach AG","Reinach (AG)","Reinach (AG)","Aargau","Argovie","Argovia",56.4591639209539,FALSE,FALSE
19,4142,42.1046294624044,6994,9617,,,,16611,TRUE,"AG","Schlossrued","Schlossrued","Schlossrued","Schlossrued AG","Schlossrued (AG)","Schlossrued (AG)","Aargau","Argovie","Argovia",56.4591639209539,FALSE,FALSE
19,4143,33.460592177823,3944,7843,,,,11787,TRUE,"AG","Schmiedrued","Schmiedrued","Schmiedrued","Schmiedrued AG","Schmiedrued (AG)","Schmiedrued (AG)","Aargau","Argovie","Argovia",56.4591639209539,FALSE,FALSE
19,4144,34.9423946332215,4792,8922,,,,13714,TRUE,"AG","Schöftland","Schöftland","Schöftland","Schöftland AG","Schöftland (AG)","Schöftland (AG)","Aargau","Argovie","Argovia",56.4591639209539,FALSE,FALSE
19,4145,54.5057599405425,5867,4897,,,,10764,TRUE,"AG","Teufenthal AG","Teufenthal (AG)","Teufenthal AG","Teufenthal AG","Teufenthal (AG)","Teufenthal (AG)","Aargau","Argovie","Argovia",56.4591639209539,FALSE,FALSE
19,4146,33.7234576157833,2017,3964,,,,5981,TRUE,"AG","Unterkulm","Unterkulm","Unterkulm","Unterkulm AG","Unterkulm (AG)","Unterkulm (AG)","Aargau","Argovie","Argovia",56.4591639209539,FALSE,FALSE
19,4147,50.7655665192242,1492,1447,,,,2939,TRUE,"AG","Zetzwil","Zetzwil","Zetzwil","Zetzwil AG","Zetzwil (AG)","Zetzwil (AG)","Aargau","Argovie","Argovia",56.4591639209539,FALSE,FALSE
19,4161,91.7842981760508,5787,518,,,,6305,TRUE,"AG","Eiken","Eiken","Eiken","Eiken AG","Eiken (AG)","Eiken (AG)","Aargau","Argovie","Argovia",56.4591639209539,FALSE,FALSE
19,4163,54.4627901411821,6828,5709,,,,12537,TRUE,"AG","Frick","Frick","Frick","Frick AG","Frick (AG)","Frick (AG)","Aargau","Argovie","Argovia",56.4591639209539,FALSE,FALSE
19,4164,39.3614786809494,1874,2887,,,,4761,TRUE,"AG","Gansingen","Gansingen","Gansingen","Gansingen AG","Gansingen (AG)","Gansingen (AG)","Aargau","Argovie","Argovia",56.4591639209539,FALSE,FALSE
19,4165,36.5737487311626,4684,8123,,,,12807,TRUE,"AG","Gipf-Oberfrick","Gipf-Oberfrick","Gipf-Oberfrick","Gipf-Oberfrick AG","Gipf-Oberfrick (AG)","Gipf-Oberfrick (AG)","Aargau","Argovie","Argovia",56.4591639209539,FALSE,FALSE
19,4169,54.7300752428958,7492,6197,,,,13689,TRUE,"AG","Kaisten","Kaisten","Kaisten","Kaisten AG","Kaisten (AG)","Kaisten (AG)","Aargau","Argovie","Argovia",56.4591639209539,FALSE,FALSE
19,4170,44.5682068206821,3241,4031,,,,7272,TRUE,"AG","Laufenburg","Laufenburg","Laufenburg","Laufenburg AG","Laufenburg (AG)","Laufenburg (AG)","Aargau","Argovie","Argovia",56.4591639209539,FALSE,FALSE
19,4172,93.4583014537108,2443,171,,,,2614,TRUE,"AG","Münchwilen AG","Münchwilen (AG)","Münchwilen AG","Münchwilen AG","Münchwilen (AG)","Münchwilen (AG)","Aargau","Argovie","Argovia",56.4591639209539,FALSE,FALSE
19,4173,66.5364701607775,7325,3684,,,,11009,TRUE,"AG","Oberhof","Oberhof","Oberhof","Oberhof AG","Oberhof (AG)","Oberhof (AG)","Aargau","Argovie","Argovia",56.4591639209539,FALSE,FALSE
19,4175,45.7122991347342,5917,7027,,,,12944,TRUE,"AG","Oeschgen","Oeschgen","Oeschgen","Oeschgen AG","Oeschgen (AG)","Oeschgen (AG)","Aargau","Argovie","Argovia",56.4591639209539,FALSE,FALSE
19,4176,50.869308101715,4301,4154,,,,8455,TRUE,"AG","Schwaderloch","Schwaderloch","Schwaderloch","Schwaderloch AG","Schwaderloch (AG)","Schwaderloch (AG)","Aargau","Argovie","Argovia",56.4591639209539,FALSE,FALSE
19,4177,41.3114754098361,630,895,,,,1525,TRUE,"AG","Sisseln","Sisseln","Sisseln","Sisseln AG","Sisseln (AG)","Sisseln (AG)","Aargau","Argovie","Argovia",56.4591639209539,FALSE,FALSE
19,4181,89.2126696832579,4929,596,,,,5525,TRUE,"AG","Wittnau","Wittnau","Wittnau","Wittnau AG","Wittnau (AG)","Wittnau (AG)","Aargau","Argovie","Argovia",56.4591639209539,FALSE,FALSE
19,4182,45.5718270571827,1307,1561,,,,2868,TRUE,"AG","Wölflinswil","Wölflinswil","Wölflinswil","Wölflinswil AG","Wölflinswil (AG)","Wölflinswil (AG)","Aargau","Argovie","Argovia",56.4591639209539,FALSE,FALSE
19,4183,40.6097705931297,6833,9993,,,,16826,TRUE,"AG","Zeihen","Zeihen","Zeihen","Zeihen AG","Zeihen (AG)","Zeihen (AG)","Aargau","Argovie","Argovia",56.4591639209539,FALSE,FALSE
19,4184,44.8477420571321,4757,5850,,,,10607,TRUE,"AG","Mettauertal","Mettauertal","Mettauertal","Mettauertal AG","Mettauertal (AG)","Mettauertal (AG)","Aargau","Argovie","Argovia",56.4591639209539,FALSE,FALSE
19,4185,51.9659812430827,8921,8246,,,,17167,TRUE,"AG","Böztal","Böztal","Böztal","Böztal AG","Böztal (AG)","Böztal (AG)","Aargau","Argovie","Argovia",56.4591639209539,FALSE,FALSE
19,4186,60.9110169491525,1725,1107,,,,2832,TRUE,"AG","Herznach-Ueken","Herznach-Ueken","Herznach-Ueken","Herznach-Ueken AG","Herznach-Ueken (AG)","Herznach-Ueken (AG)","Aargau","Argovie","Argovia",56.4591639209539,FALSE,FALSE
19,4191,81.4373297002725,4782,1090,,,,5872,TRUE,"AG","Ammerswil","Ammerswil","Ammerswil","Ammerswil AG","Ammerswil (AG)","Ammerswil (AG)","Aargau","Argovie","Argovia",56.4591639209539,FALSE,FALSE
19,4192,54.3474213368088,8757,7356,,,,16113,TRUE,"AG","Boniswil","Boniswil","Boniswil","Boniswil AG","Boniswil (AG)","Boniswil (AG)","Aargau","Argovie","Argovia",56.4591639209539,FALSE,FALSE
19,4193,43.0809225436608,6463,8539,,,,15002,TRUE,"AG","Brunegg","Brunegg","Brunegg","Brunegg AG","Brunegg (AG)","Brunegg (AG)","Aargau","Argovie","Argovia",56.4591639209539,FALSE,FALSE
19,4194,49.4881852099876,5173,5280,,,,10453,TRUE,"AG","Dintikon","Dintikon","Dintikon","Dintikon AG","Dintikon (AG)","Dintikon (AG)","Aargau","Argovie","Argovia",56.4591639209539,FALSE,FALSE
19,4195,82.1917808219178,4080,884,,,,4964,TRUE,"AG","Egliswil","Egliswil","Egliswil","Egliswil AG","Egliswil (AG)","Egliswil (AG)","Aargau","Argovie","Argovia",56.4591639209539,FALSE,FALSE
19,4196,29.2182724786875,3633,8801,,,,12434,TRUE,"AG","Fahrwangen","Fahrwangen","Fahrwangen","Fahrwangen AG","Fahrwangen (AG)","Fahrwangen (AG)","Aargau","Argovie","Argovia",56.4591639209539,FALSE,FALSE
19,4197,41.6347940115834,3810,5341,,,,9151,TRUE,"AG","Hallwil","Hallwil","Hallwil","Hallwil AG","Hallwil (AG)","Hallwil (AG)","Aargau","Argovie","Argovia",56.4591639209539,FALSE,FALSE
19,4198,43.980343980344,6623,8436,,,,15059,TRUE,"AG","Hendschiken","Hendschiken","Hendschiken","Hendschiken AG","Hendschiken (AG)","Hendschiken (AG)","Aargau","Argovie","Argovia",56.4591639209539,FALSE,FALSE
19,4199,57.3050345508391,3483,2595,,,,6078,TRUE,"AG","Holderbank AG","Holderbank (AG)","Holderbank AG","Holderbank AG","Holderbank (AG)","Holderbank (AG)","Aargau","Argovie","Argovia",56.4591639209539,FALSE,FALSE
19,4200,2.37085101073122,190,7824,,,,8014,TRUE,"AG","Hunzenschwil","Hunzenschwil","Hunzenschwil","Hunzenschwil AG","Hunzenschwil (AG)","Hunzenschwil (AG)","Aargau","Argovie","Argovia",56.4591639209539,FALSE,FALSE
19,4201,60.1727361766539,6758,4473,,,,11231,TRUE,"AG","Lenzburg","Lenzburg","Lenzburg","Lenzburg AG","Lenzburg (AG)","Lenzburg (AG)","Aargau","Argovie","Argovia",56.4591639209539,FALSE,FALSE
19,4202,3.22997416020672,325,9737,,,,10062,TRUE,"AG","Meisterschwanden","Meisterschwanden","Meisterschwanden","Meisterschwanden AG","Meisterschwanden (AG)","Meisterschwanden (AG)","Aargau","Argovie","Argovia",56.4591639209539,FALSE,FALSE
19,4203,53.0299112145505,6152,5449,,,,11601,TRUE,"AG","Möriken-Wildegg","Möriken-Wildegg","Möriken-Wildegg","Möriken-Wildegg AG","Möriken-Wildegg (AG)","Möriken-Wildegg (AG)","Aargau","Argovie","Argovia",56.4591639209539,FALSE,FALSE
19,4204,95.6714060031596,6056,274,,,,6330,TRUE,"AG","Niederlenz","Niederlenz","Niederlenz","Niederlenz AG","Niederlenz (AG)","Niederlenz (AG)","Aargau","Argovie","Argovia",56.4591639209539,FALSE,FALSE
19,4205,23.0567164179104,1931,6444,,,,8375,TRUE,"AG","Othmarsingen","Othmarsingen","Othmarsingen","Othmarsingen AG","Othmarsingen (AG)","Othmarsingen (AG)","Aargau","Argovie","Argovia",56.4591639209539,FALSE,FALSE
19,4206,61.4443893571311,3718,2333,,,,6051,TRUE,"AG","Rupperswil","Rupperswil","Rupperswil","Rupperswil AG","Rupperswil (AG)","Rupperswil (AG)","Aargau","Argovie","Argovia",56.4591639209539,FALSE,FALSE
19,4207,80.6081754735793,6468,1556,,,,8024,TRUE,"AG","Schafisheim","Schafisheim","Schafisheim","Schafisheim AG","Schafisheim (AG)","Schafisheim (AG)","Aargau","Argovie","Argovia",56.4591639209539,FALSE,FALSE
19,4208,26.0723296888141,2170,6153,,,,8323,TRUE,"AG","Seengen","Seengen","Seengen","Seengen AG","Seengen (AG)","Seengen (AG)","Aargau","Argovie","Argovia",56.4591639209539,FALSE,FALSE
19,4209,22.4764468371467,1837,6336,,,,8173,TRUE,"AG","Seon","Seon","Seon","Seon AG","Seon (AG)","Seon (AG)","Aargau","Argovie","Argovia",56.4591639209539,FALSE,FALSE
19,4210,1.63810101622933,108,6485,,,,6593,TRUE,"AG","Staufen","Staufen","Staufen","Staufen AG","Staufen (AG)","Staufen (AG)","Aargau","Argovie","Argovia",56.4591639209539,FALSE,FALSE
19,4221,34.7342053993877,3744,7035,,,,10779,TRUE,"AG","Abtwil","Abtwil","Abtwil","Abtwil AG","Abtwil (AG)","Abtwil (AG)","Aargau","Argovie","Argovia",56.4591639209539,FALSE,FALSE
19,4222,29.3594306049822,3630,8734,,,,12364,TRUE,"AG","Aristau","Aristau","Aristau","Aristau AG","Aristau (AG)","Aristau (AG)","Aargau","Argovie","Argovia",56.4591639209539,FALSE,FALSE
19,4223,0.782322261872083,57,7229,,,,7286,TRUE,"AG","Auw","Auw","Auw","Auw AG","Auw (AG)","Auw (AG)","Aargau","Argovie","Argovia",56.4591639209539,FALSE,FALSE
19,4224,4.95142002989537,265,5087,,,,5352,TRUE,"AG","Beinwil (Freiamt)","Beinwil (Freiamt)","Beinwil (Freiamt)","Beinwil (Freiamt) AG","Beinwil (Freiamt) (AG)","Beinwil (Freiamt) (AG)","Aargau","Argovie","Argovia",56.4591639209539,FALSE,FALSE
19,4226,74.8489425981873,9910,3330,,,,13240,TRUE,"AG","Besenbüren","Besenbüren","Besenbüren","Besenbüren AG","Besenbüren (AG)","Besenbüren (AG)","Aargau","Argovie","Argovia",56.4591639209539,FALSE,FALSE
19,4227,30.9110339300027,1157,2586,,,,3743,TRUE,"AG","Bettwil","Bettwil","Bettwil","Bettwil AG","Bettwil (AG)","Bettwil (AG)","Aargau","Argovie","Argovia",56.4591639209539,FALSE,FALSE
19,4228,72.8799919525199,7245,2696,,,,9941,TRUE,"AG","Boswil","Boswil","Boswil","Boswil AG","Boswil (AG)","Boswil (AG)","Aargau","Argovie","Argovia",56.4591639209539,FALSE,FALSE
19,4229,76.0074334898279,7771,2453,,,,10224,TRUE,"AG","Bünzen","Bünzen","Bünzen","Bünzen AG","Bünzen (AG)","Bünzen (AG)","Aargau","Argovie","Argovia",56.4591639209539,FALSE,FALSE
19,4230,72.9794392523364,9761,3614,,,,13375,TRUE,"AG","Buttwil","Buttwil","Buttwil","Buttwil AG","Buttwil (AG)","Buttwil (AG)","Aargau","Argovie","Argovia",56.4591639209539,FALSE,FALSE
19,4231,21.7129330751022,1009,3638,,,,4647,TRUE,"AG","Dietwil","Dietwil","Dietwil","Dietwil AG","Dietwil (AG)","Dietwil (AG)","Aargau","Argovie","Argovia",56.4591639209539,FALSE,FALSE
19,4232,94.0290255701451,6803,432,,,,7235,TRUE,"AG","Geltwil","Geltwil","Geltwil","Geltwil AG","Geltwil (AG)","Geltwil (AG)","Aargau","Argovie","Argovia",56.4591639209539,FALSE,FALSE
19,4233,51.8898314184473,9665,8961,,,,18626,TRUE,"AG","Kallern","Kallern","Kallern","Kallern AG","Kallern (AG)","Kallern (AG)","Aargau","Argovie","Argovia",56.4591639209539,FALSE,FALSE
19,4234,58.8443993917892,1161,812,,,,1973,TRUE,"AG","Merenschwand","Merenschwand","Merenschwand","Merenschwand AG","Merenschwand (AG)","Merenschwand (AG)","Aargau","Argovie","Argovia",56.4591639209539,FALSE,FALSE
19,4235,92.6877285084841,9887,780,,,,10667,TRUE,"AG","Mühlau","Mühlau","Mühlau","Mühlau AG","Mühlau (AG)","Mühlau (AG)","Aargau","Argovie","Argovia",56.4591639209539,FALSE,FALSE
19,4236,68.3072780312664,9132,4237,,,,13369,TRUE,"AG","Muri AG","Muri (AG)","Muri AG","Muri AG","Muri (AG)","Muri (AG)","Aargau","Argovie","Argovia",56.4591639209539,FALSE,FALSE
19,4237,28.984407922461,3439,8426,,,,11865,TRUE,"AG","Oberrüti","Oberrüti","Oberrüti","Oberrüti AG","Oberrüti (AG)","Oberrüti (AG)","Aargau","Argovie","Argovia",56.4591639209539,FALSE,FALSE
19,4238,43.1015519980447,7054,9312,,,,16366,TRUE,"AG","Rottenschwil","Rottenschwil","Rottenschwil","Rottenschwil AG","Rottenschwil (AG)","Rottenschwil (AG)","Aargau","Argovie","Argovia",56.4591639209539,FALSE,FALSE
19,4239,63.0558568329718,4651,2725,,,,7376,TRUE,"AG","Sins","Sins","Sins","Sins AG","Sins (AG)","Sins (AG)","Aargau","Argovie","Argovia",56.4591639209539,FALSE,FALSE
19,4240,69.8912288822032,6040,2602,,,,8642,TRUE,"AG","Waltenschwil","Waltenschwil","Waltenschwil","Waltenschwil AG","Waltenschwil (AG)","Waltenschwil (AG)","Aargau","Argovie","Argovia",56.4591639209539,FALSE,FALSE
19,4251,46.4174915053922,3142,3627,,,,6769,TRUE,"AG","Hellikon","Hellikon","Hellikon","Hellikon AG","Hellikon (AG)","Hellikon (AG)","Aargau","Argovie","Argovia",56.4591639209539,FALSE,FALSE
19,4252,33.2784184514003,3434,6885,,,,10319,TRUE,"AG","Kaiseraugst","Kaiseraugst","Kaiseraugst","Kaiseraugst AG","Kaiseraugst (AG)","Kaiseraugst (AG)","Aargau","Argovie","Argovia",56.4591639209539,FALSE,FALSE
19,4253,64.4582317748726,8727,4812,,,,13539,TRUE,"AG","Magden","Magden","Magden","Magden AG","Magden (AG)","Magden (AG)","Aargau","Argovie","Argovia",56.4591639209539,FALSE,FALSE
19,4254,56.2797434305814,5440,4226,,,,9666,TRUE,"AG","Möhlin","Möhlin","Möhlin","Möhlin AG","Möhlin (AG)","Möhlin (AG)","Aargau","Argovie","Argovia",56.4591639209539,FALSE,FALSE
19,4255,52.9494007989348,7953,7067,,,,15020,TRUE,"AG","Mumpf","Mumpf","Mumpf","Mumpf AG","Mumpf (AG)","Mumpf (AG)","Aargau","Argovie","Argovia",56.4591639209539,FALSE,FALSE
19,4256,68.5470223225079,8506,3903,,,,12409,TRUE,"AG","Obermumpf","Obermumpf","Obermumpf","Obermumpf AG","Obermumpf (AG)","Obermumpf (AG)","Aargau","Argovie","Argovia",56.4591639209539,FALSE,FALSE
19,4257,73.2303589287699,6590,2409,,,,8999,TRUE,"AG","Olsberg","Olsberg","Olsberg","Olsberg AG","Olsberg (AG)","Olsberg (AG)","Aargau","Argovie","Argovia",56.4591639209539,FALSE,FALSE
19,4258,26.6265551703039,2611,7195,,,,9806,TRUE,"AG","Rheinfelden","Rheinfelden","Rheinfelden","Rheinfelden AG","Rheinfelden (AG)","Rheinfelden (AG)","Aargau","Argovie","Argovia",56.4591639209539,FALSE,FALSE
19,4259,71.5439197455346,2924,1163,,,,4087,TRUE,"AG","Schupfart","Schupfart","Schupfart","Schupfart AG","Schupfart (AG)","Schupfart (AG)","Aargau","Argovie","Argovia",56.4591639209539,FALSE,FALSE
19,4260,22.0734542073454,2374,8381,,,,10755,TRUE,"AG","Stein AG","Stein (AG)","Stein AG","Stein AG","Stein (AG)","Stein (AG)","Aargau","Argovie","Argovia",56.4591639209539,FALSE,FALSE
19,4261,49.815537050701,4726,4761,,,,9487,TRUE,"AG","Wallbach","Wallbach","Wallbach","Wallbach AG","Wallbach (AG)","Wallbach (AG)","Aargau","Argovie","Argovia",56.4591639209539,FALSE,FALSE
19,4262,12.4684270952928,1086,7624,,,,8710,TRUE,"AG","Wegenstetten","Wegenstetten","Wegenstetten","Wegenstetten AG","Wegenstetten (AG)","Wegenstetten (AG)","Aargau","Argovie","Argovia",56.4591639209539,FALSE,FALSE
19,4263,85.0892043234796,6534,1145,,,,7679,TRUE,"AG","Zeiningen","Zeiningen","Zeiningen","Zeiningen AG","Zeiningen (AG)","Zeiningen (AG)","Aargau","Argovie","Argovia",56.4591639209539,FALSE,FALSE
19,4264,56.4951515680964,6467,4980,,,,11447,TRUE,"AG","Zuzgen","Zuzgen","Zuzgen","Zuzgen AG","Zuzgen (AG)","Zuzgen (AG)","Aargau","Argovie","Argovia",56.4591639209539,FALSE,FALSE
19,4271,16.3913913913914,1310,6682,,,,7992,TRUE,"AG","Aarburg","Aarburg","Aarburg","Aarburg AG","Aarburg (AG)","Aarburg (AG)","Aargau","Argovie","Argovia",56.4591639209539,FALSE,FALSE
19,4273,86.1691265200037,9283,1490,,,,10773,TRUE,"AG","Bottenwil","Bottenwil","Bottenwil","Bottenwil AG","Bottenwil (AG)","Bottenwil (AG)","Aargau","Argovie","Argovia",56.4591639209539,FALSE,FALSE
19,4274,30.0699810467998,4125,9593,,,,13718,TRUE,"AG","Brittnau","Brittnau","Brittnau","Brittnau AG","Brittnau (AG)","Brittnau (AG)","Aargau","Argovie","Argovia",56.4591639209539,FALSE,FALSE
19,4275,39.4816652881169,5728,8780,,,,14508,TRUE,"AG","Kirchleerau","Kirchleerau","Kirchleerau","Kirchleerau AG","Kirchleerau (AG)","Kirchleerau (AG)","Aargau","Argovie","Argovia",56.4591639209539,FALSE,FALSE
19,4276,75.516049382716,7646,2479,,,,10125,TRUE,"AG","Kölliken","Kölliken","Kölliken","Kölliken AG","Kölliken (AG)","Kölliken (AG)","Aargau","Argovie","Argovia",56.4591639209539,FALSE,FALSE
19,4277,35.0664416789707,3325,6157,,,,9482,TRUE,"AG","Moosleerau","Moosleerau","Moosleerau","Moosleerau AG","Moosleerau (AG)","Moosleerau (AG)","Aargau","Argovie","Argovia",56.4591639209539,FALSE,FALSE
19,4279,88.8777267508611,6193,775,,,,6968,TRUE,"AG","Murgenthal","Murgenthal","Murgenthal","Murgenthal AG","Murgenthal (AG)","Murgenthal (AG)","Aargau","Argovie","Argovia",56.4591639209539,FALSE,FALSE
19,4280,8.98661567877629,705,7140,,,,7845,TRUE,"AG","Oftringen","Oftringen","Oftringen","Oftringen AG","Oftringen (AG)","Oftringen (AG)","Aargau","Argovie","Argovia",56.4591639209539,FALSE,FALSE
19,4281,38.2644762524398,4705,7591,,,,12296,TRUE,"AG","Reitnau","Reitnau","Reitnau","Reitnau AG","Reitnau (AG)","Reitnau (AG)","Aargau","Argovie","Argovia",56.4591639209539,FALSE,FALSE
19,4282,28.9274770173647,2832,6958,,,,9790,TRUE,"AG","Rothrist","Rothrist","Rothrist","Rothrist AG","Rothrist (AG)","Rothrist (AG)","Aargau","Argovie","Argovia",56.4591639209539,FALSE,FALSE
19,4283,92.9713075293665,4828,365,,,,5193,TRUE,"AG","Safenwil","Safenwil","Safenwil","Safenwil AG","Safenwil (AG)","Safenwil (AG)","Aargau","Argovie","Argovia",56.4591639209539,FALSE,FALSE
19,4284,42.3099133782483,6594,8991,,,,15585,TRUE,"AG","Staffelbach","Staffelbach","Staffelbach","Staffelbach AG","Staffelbach (AG)","Staffelbach (AG)","Aargau","Argovie","Argovia",56.4591639209539,FALSE,FALSE
19,4285,75.6830601092896,7202,2314,,,,9516,TRUE,"AG","Strengelbach","Strengelbach","Strengelbach","Strengelbach AG","Strengelbach (AG)","Strengelbach (AG)","Aargau","Argovie","Argovia",56.4591639209539,FALSE,FALSE
19,4286,95.6662616443904,2362,107,,,,2469,TRUE,"AG","Uerkheim","Uerkheim","Uerkheim","Uerkheim AG","Uerkheim (AG)","Uerkheim (AG)","Aargau","Argovie","Argovia",56.4591639209539,FALSE,FALSE
19,4287,72.3577235772358,4272,1632,,,,5904,TRUE,"AG","Vordemwald","Vordemwald","Vordemwald","Vordemwald AG","Vordemwald (AG)","Vordemwald (AG)","Aargau","Argovie","Argovia",56.4591639209539,FALSE,FALSE
19,4288,58.0142960988612,9577,6931,,,,16508,TRUE,"AG","Wiliberg","Wiliberg","Wiliberg","Wiliberg AG","Wiliberg (AG)","Wiliberg (AG)","Aargau","Argovie","Argovia",56.4591639209539,FALSE,FALSE
19,4289,71.2875121006776,7364,2966,,,,10330,TRUE,"AG","Zofingen","Zofingue","Zofingue","Zofingen AG","Zofingue (AG)","Zofingue (AG)","Aargau","Argovie","Argovia",56.4591639209539,FALSE,FALSE
19,4303,95.1725598136778,8990,456,,,,9446,TRUE,"AG","Böttstein","Böttstein","Böttstein","Böttstein AG","Böttstein (AG)","Böttstein (AG)","Aargau","Argovie","Argovia",56.4591639209539,FALSE,FALSE
19,4304,47.6766957450596,8034,8817,,,,16851,TRUE,"AG","Döttingen","Döttingen","Döttingen","Döttingen AG","Döttingen (AG)","Döttingen (AG)","Aargau","Argovie","Argovia",56.4591639209539,FALSE,FALSE
19,4305,66.0520094562648,5588,2872,,,,8460,TRUE,"AG","Endingen","Endingen","Endingen","Endingen AG","Endingen (AG)","Endingen (AG)","Aargau","Argovie","Argovia",56.4591639209539,FALSE,FALSE
19,4306,59.8799828546935,6985,4680,,,,11665,TRUE,"AG","Fisibach","Fisibach","Fisibach","Fisibach AG","Fisibach (AG)","Fisibach (AG)","Aargau","Argovie","Argovia",56.4591639209539,FALSE,FALSE
19,4307,53.3002000121219,8794,7705,,,,16499,TRUE,"AG","Full-Reuenthal","Full-Reuenthal","Full-Reuenthal","Full-Reuenthal AG","Full-Reuenthal (AG)","Full-Reuenthal (AG)","Aargau","Argovie","Argovia",56.4591639209539,FALSE,FALSE
19,4309,44.7094916103181,7141,8831,,,,15972,TRUE,"AG","Klingnau","Klingnau","Klingnau","Klingnau AG","Klingnau (AG)","Klingnau (AG)","Aargau","Argovie","Argovia",56.4591639209539,FALSE,FALSE
19,4310,49.9618145715595,6542,6552,,,,13094,TRUE,"AG","Koblenz","Koblenz","Koblenz","Koblenz AG","Koblenz (AG)","Koblenz (AG)","Aargau","Argovie","Argovia",56.4591639209539,FALSE,FALSE
19,4311,79.15625,5066,1334,,,,6400,TRUE,"AG","Leibstadt","Leibstadt","Leibstadt","Leibstadt AG","Leibstadt (AG)","Leibstadt (AG)","Aargau","Argovie","Argovia",56.4591639209539,FALSE,FALSE
19,4312,32.6569136385087,1384,2854,,,,4238,TRUE,"AG","Lengnau AG","Lengnau (AG)","Lengnau AG","Lengnau AG","Lengnau (AG)","Lengnau (AG)","Aargau","Argovie","Argovia",56.4591639209539,FALSE,FALSE
19,4313,60.4603229130883,8800,5755,,,,14555,TRUE,"AG","Leuggern","Leuggern","Leuggern","Leuggern AG","Leuggern (AG)","Leuggern (AG)","Aargau","Argovie","Argovia",56.4591639209539,FALSE,FALSE
19,4314,81.7392272575437,7341,1640,,,,8981,TRUE,"AG","Mellikon","Mellikon","Mellikon","Mellikon AG","Mellikon (AG)","Mellikon (AG)","Aargau","Argovie","Argovia",56.4591639209539,FALSE,FALSE
19,4318,90.8024691358025,2942,298,,,,3240,TRUE,"AG","Schneisingen","Schneisingen","Schneisingen","Schneisingen AG","Schneisingen (AG)","Schneisingen (AG)","Aargau","Argovie","Argovia",56.4591639209539,FALSE,FALSE
19,4319,70.8694436678781,7605,3126,,,,10731,TRUE,"AG","Siglistorf","Siglistorf","Siglistorf","Siglistorf AG","Siglistorf (AG)","Siglistorf (AG)","Aargau","Argovie","Argovia",56.4591639209539,FALSE,FALSE
19,4320,71.3467048710602,8964,3600,,,,12564,TRUE,"AG","Tegerfelden","Tegerfelden","Tegerfelden","Tegerfelden AG","Tegerfelden (AG)","Tegerfelden (AG)","Aargau","Argovie","Argovia",56.4591639209539,FALSE,FALSE
19,4324,66.5969745418768,5415,2716,,,,8131,TRUE,"AG","Zurzach","Zurzach","Zurzach","Zurzach AG","Zurzach (AG)","Zurzach (AG)","Aargau","Argovie","Argovia",56.4591639209539,FALSE,FALSE
20,4401,53.0859593511095,5694,5032,,,,10726,TRUE,"TG","Arbon","Arbon","Arbon","Arbon TG","Arbon (TG)","Arbon (TG)","Thurgau","Thurgovie","Turgovia",75.1356316264719,FALSE,FALSE
20,4406,11.901806647359,863,6388,,,,7251,TRUE,"TG","Dozwil","Dozwil","Dozwil","Dozwil TG","Dozwil (TG)","Dozwil (TG)","Thurgau","Thurgovie","Turgovia",75.1356316264719,FALSE,FALSE
20,4411,48.5537535529176,5808,6154,,,,11962,TRUE,"TG","Egnach","Egnach","Egnach","Egnach TG","Egnach (TG)","Egnach (TG)","Thurgau","Thurgovie","Turgovia",75.1356316264719,FALSE,FALSE
20,4416,50.9729519361744,5239,5039,,,,10278,TRUE,"TG","Hefenhofen","Hefenhofen","Hefenhofen","Hefenhofen TG","Hefenhofen (TG)","Hefenhofen (TG)","Thurgau","Thurgovie","Turgovia",75.1356316264719,FALSE,FALSE
20,4421,80.5533938607869,9316,2249,,,,11565,TRUE,"TG","Horn","Horn","Horn","Horn TG","Horn (TG)","Horn (TG)","Thurgau","Thurgovie","Turgovia",75.1356316264719,FALSE,FALSE
20,4426,75.4163559532687,3034,989,,,,4023,TRUE,"TG","Kesswil","Kesswil","Kesswil","Kesswil TG","Kesswil (TG)","Kesswil (TG)","Thurgau","Thurgovie","Turgovia",75.1356316264719,FALSE,FALSE
20,4431,68.9698890649762,2176,979,,,,3155,TRUE,"TG","Roggwil TG","Roggwil (TG)","Roggwil TG","Roggwil TG","Roggwil (TG)","Roggwil (TG)","Thurgau","Thurgovie","Turgovia",75.1356316264719,FALSE,FALSE
20,4436,50.7337796086509,3941,3827,,,,7768,TRUE,"TG","Romanshorn","Romanshorn","Romanshorn","Romanshorn TG","Romanshorn (TG)","Romanshorn (TG)","Thurgau","Thurgovie","Turgovia",75.1356316264719,FALSE,FALSE
20,4441,9.86483760338915,489,4468,,,,4957,TRUE,"TG","Salmsach","Salmsach","Salmsach","Salmsach TG","Salmsach (TG)","Salmsach (TG)","Thurgau","Thurgovie","Turgovia",75.1356316264719,FALSE,FALSE
20,4446,72.175615212528,2581,995,,,,3576,TRUE,"TG","Sommeri","Sommeri","Sommeri","Sommeri TG","Sommeri (TG)","Sommeri (TG)","Thurgau","Thurgovie","Turgovia",75.1356316264719,FALSE,FALSE
20,4451,56.9850402761795,9904,7476,,,,17380,TRUE,"TG","Uttwil","Uttwil","Uttwil","Uttwil TG","Uttwil (TG)","Uttwil (TG)","Thurgau","Thurgovie","Turgovia",75.1356316264719,FALSE,FALSE
20,4461,7.25084850354829,705,9018,,,,9723,TRUE,"TG","Amriswil","Amriswil","Amriswil","Amriswil TG","Amriswil (TG)","Amriswil (TG)","Thurgau","Thurgovie","Turgovia",75.1356316264719,FALSE,FALSE
20,4471,52.0602218700475,8541,7865,,,,16406,TRUE,"TG","Bischofszell","Bischofszell","Bischofszell","Bischofszell TG","Bischofszell (TG)","Bischofszell (TG)","Thurgau","Thurgovie","Turgovia",75.1356316264719,FALSE,FALSE
20,4476,88.7025838372732,9681,1233,,,,10914,TRUE,"TG","Erlen","Erlen","Erlen","Erlen TG","Erlen (TG)","Erlen (TG)","Thurgau","Thurgovie","Turgovia",75.1356316264719,FALSE,FALSE
20,4486,62.7390877881314,5117,3039,,,,8156,TRUE,"TG","Hauptwil-Gottshaus","Hauptwil-Gottshaus","Hauptwil-Gottshaus","Hauptwil-Gottshaus TG","Hauptwil-Gottshaus (TG)","Hauptwil-Gottshaus (TG)","Thurgau","Thurgovie","Turgovia",75.1356316264719,FALSE,FALSE
20,4495,52.3174112035067,8116,7397,,,,15513,TRUE,"TG","Hohentannen","Hohentannen","Hohentannen","Hohentannen TG","Hohentannen (TG)","Hohentannen (TG)","Thurgau","Thurgovie","Turgovia",75.1356316264719,FALSE,FALSE
20,4501,17.6868905742145,1959,9117,,,,11076,TRUE,"TG","Kradolf-Schönenberg","Kradolf-Schönenberg","Kradolf-Schönenberg","Kradolf-Schönenberg TG","Kradolf-Schönenberg (TG)","Kradolf-Schönenberg (TG)","Thurgau","Thurgovie","Turgovia",75.1356316264719,FALSE,FALSE
20,4506,68.1483331252341,5458,2551,,,,8009,TRUE,"TG","Sulgen","Sulgen","Sulgen","Sulgen TG","Sulgen (TG)","Sulgen (TG)","Thurgau","Thurgovie","Turgovia",75.1356316264719,FALSE,FALSE
20,4511,52.0279160231108,9095,8386,,,,17481,TRUE,"TG","Zihlschlacht-Sitterdorf","Zihlschlacht-Sitterdorf","Zihlschlacht-Sitterdorf","Zihlschlacht-Sitterdorf TG","Zihlschlacht-Sitterdorf (TG)","Zihlschlacht-Sitterdorf (TG)","Thurgau","Thurgovie","Turgovia",75.1356316264719,FALSE,FALSE
20,4536,33.2897532276516,2037,4082,,,,6119,TRUE,"TG","Basadingen-Schlattingen","Basadingen-Schlattingen","Basadingen-Schlattingen","Basadingen-Schlattingen TG","Basadingen-Schlattingen (TG)","Basadingen-Schlattingen (TG)","Thurgau","Thurgovie","Turgovia",75.1356316264719,FALSE,FALSE
20,4545,80.4975717815455,9448,2289,,,,11737,TRUE,"TG","Diessenhofen","Diessenhofen","Diessenhofen","Diessenhofen TG","Diessenhofen (TG)","Diessenhofen (TG)","Thurgau","Thurgovie","Turgovia",75.1356316264719,FALSE,FALSE
20,4546,53.0415803906206,9478,8391,,,,17869,TRUE,"TG","Schlatt TG","Schlatt (TG)","Schlatt TG","Schlatt TG","Schlatt (TG)","Schlatt (TG)","Thurgau","Thurgovie","Turgovia",75.1356316264719,FALSE,FALSE
20,4551,66.4063886424135,3742,1893,,,,5635,TRUE,"TG","Aadorf","Aadorf","Aadorf","Aadorf TG","Aadorf (TG)","Aadorf (TG)","Thurgau","Thurgovie","Turgovia",75.1356316264719,FALSE,FALSE
20,4561,13.6607622114868,1527,9651,,,,11178,TRUE,"TG","Felben-Wellhausen","Felben-Wellhausen","Felben-Wellhausen","Felben-Wellhausen TG","Felben-Wellhausen (TG)","Felben-Wellhausen (TG)","Thurgau","Thurgovie","Turgovia",75.1356316264719,FALSE,FALSE
20,4566,73.1692115923964,9392,3444,,,,12836,TRUE,"TG","Frauenfeld","Frauenfeld","Frauenfeld","Frauenfeld TG","Frauenfeld (TG)","Frauenfeld (TG)","Thurgau","Thurgovie","Turgovia",75.1356316264719,FALSE,FALSE
20,4571,28.8097886540601,2331,5760,,,,8091,TRUE,"TG","Gachnang","Gachnang","Gachnang","Gachnang TG","Gachnang (TG)","Gachnang (TG)","Thurgau","Thurgovie","Turgovia",75.1356316264719,FALSE,FALSE
20,4590,34.0502767946275,3752,7267,,,,11019,TRUE,"TG","Hüttlingen","Hüttlingen","Hüttlingen","Hüttlingen TG","Hüttlingen (TG)","Hüttlingen (TG)","Thurgau","Thurgovie","Turgovia",75.1356316264719,FALSE,FALSE
20,4591,27.859778597786,2567,6647,,,,9214,TRUE,"TG","Matzingen","Matzingen","Matzingen","Matzingen TG","Matzingen (TG)","Matzingen (TG)","Thurgau","Thurgovie","Turgovia",75.1356316264719,FALSE,FALSE
20,4601,45.9016393442623,3500,4125,,,,7625,TRUE,"TG","Neunforn","Neunforn","Neunforn","Neunforn TG","Neunforn (TG)","Neunforn (TG)","Thurgau","Thurgovie","Turgovia",75.1356316264719,FALSE,FALSE
20,4606,49.5229642777901,2232,2275,,,,4507,TRUE,"TG","Stettfurt","Stettfurt","Stettfurt","Stettfurt TG","Stettfurt (TG)","Stettfurt (TG)","Thurgau","Thurgovie","Turgovia",75.1356316264719,FALSE,FALSE
20,4611,57.7224527431996,2504,1834,,,,4338,TRUE,"TG","Thundorf","Thundorf","Thundorf","Thundorf TG","Thundorf (TG)","Thundorf (TG)","Thurgau","Thurgovie","Turgovia",75.1356316264719,FALSE,FALSE
20,4616,55.9265621644836,5209,4105,,,,9314,TRUE,"TG","Uesslingen-Buch","Uesslingen-Buch","Uesslingen-Buch","Uesslingen-Buch TG","Uesslingen-Buch (TG)","Uesslingen-Buch (TG)","Thurgau","Thurgovie","Turgovia",75.1356316264719,FALSE,FALSE
20,4621,23.9885250766644,2425,7684,,,,10109,TRUE,"TG","Warth-Weiningen","Warth-Weiningen","Warth-Weiningen","Warth-Weiningen TG","Warth-Weiningen (TG)","Warth-Weiningen (TG)","Thurgau","Thurgovie","Turgovia",75.1356316264719,FALSE,FALSE
20,4641,52.6232224216485,7623,6863,,,,14486,TRUE,"TG","Altnau","Altnau","Altnau","Altnau TG","Altnau (TG)","Altnau (TG)","Thurgau","Thurgovie","Turgovia",75.1356316264719,FALSE,FALSE
20,4643,58.2190240611648,2589,1858,,,,4447,TRUE,"TG","Bottighofen","Bottighofen","Bottighofen","Bottighofen TG","Bottighofen (TG)","Bottighofen (TG)","Thurgau","Thurgovie","Turgovia",75.1356316264719,FALSE,FALSE
20,4646,30.2747252747253,2755,6345,,,,9100,TRUE,"TG","Ermatingen","Ermatingen","Ermatingen","Ermatingen TG","Ermatingen (TG)","Ermatingen (TG)","Thurgau","Thurgovie","Turgovia",75.1356316264719,FALSE,FALSE
20,4651,35.6905884407194,4088,7366,,,,11454,TRUE,"TG","Gottlieben","Gottlieben","Gottlieben","Gottlieben TG","Gottlieben (TG)","Gottlieben (TG)","Thurgau","Thurgovie","Turgovia",75.1356316264719,FALSE,FALSE
20,4656,61.232651140908,7809,4944,,,,12753,TRUE,"TG","Güttingen","Güttingen","Güttingen","Güttingen TG","Güttingen (TG)","Güttingen (TG)","Thurgau","Thurgovie","Turgovia",75.1356316264719,FALSE,FALSE
20,4666,33.9972441438056,2714,5269,,,,7983,TRUE,"TG","Kemmental","Kemmental","Kemmental","Kemmental TG","Kemmental (TG)","Kemmental (TG)","Thurgau","Thurgovie","Turgovia",75.1356316264719,FALSE,FALSE
20,4671,11.8113755726897,1057,7892,,,,8949,TRUE,"TG","Kreuzlingen","Kreuzlingen","Kreuzlingen","Kreuzlingen TG","Kreuzlingen (TG)","Kreuzlingen (TG)","Thurgau","Thurgovie","Turgovia",75.1356316264719,FALSE,FALSE
20,4681,49.5746943115364,1865,1897,,,,3762,TRUE,"TG","Langrickenbach","Langrickenbach","Langrickenbach","Langrickenbach TG","Langrickenbach (TG)","Langrickenbach (TG)","Thurgau","Thurgovie","Turgovia",75.1356316264719,FALSE,FALSE
20,4683,23.4510712217719,2430,7932,,,,10362,TRUE,"TG","Lengwil","Lengwil","Lengwil","Lengwil TG","Lengwil (TG)","Lengwil (TG)","Thurgau","Thurgovie","Turgovia",75.1356316264719,FALSE,FALSE
20,4691,53.8604404351287,4060,3478,,,,7538,TRUE,"TG","Münsterlingen","Münsterlingen","Münsterlingen","Münsterlingen TG","Münsterlingen (TG)","Münsterlingen (TG)","Thurgau","Thurgovie","Turgovia",75.1356316264719,FALSE,FALSE
20,4696,58.5079631181894,7678,5445,,,,13123,TRUE,"TG","Tägerwilen","Tägerwilen","Tägerwilen","Tägerwilen TG","Tägerwilen (TG)","Tägerwilen (TG)","Thurgau","Thurgovie","Turgovia",75.1356316264719,FALSE,FALSE
20,4701,1.82578927348802,48,2581,,,,2629,TRUE,"TG","Wäldi","Wäldi","Wäldi","Wäldi TG","Wäldi (TG)","Wäldi (TG)","Thurgau","Thurgovie","Turgovia",75.1356316264719,FALSE,FALSE
20,4711,14.9366135308146,1190,6777,,,,7967,TRUE,"TG","Affeltrangen","Affeltrangen","Affeltrangen","Affeltrangen TG","Affeltrangen (TG)","Affeltrangen (TG)","Thurgau","Thurgovie","Turgovia",75.1356316264719,FALSE,FALSE
20,4716,44.4543486565644,6982,8724,,,,15706,TRUE,"TG","Bettwiesen","Bettwiesen","Bettwiesen","Bettwiesen TG","Bettwiesen (TG)","Bettwiesen (TG)","Thurgau","Thurgovie","Turgovia",75.1356316264719,FALSE,FALSE
20,4721,52.6749969671236,4342,3901,,,,8243,TRUE,"TG","Bichelsee-Balterswil","Bichelsee-Balterswil","Bichelsee-Balterswil","Bichelsee-Balterswil TG","Bichelsee-Balterswil (TG)","Bichelsee-Balterswil (TG)","Thurgau","Thurgovie","Turgovia",75.1356316264719,FALSE,FALSE
20,4723,88.0193362947478,6737,917,,,,7654,TRUE,"TG","Braunau","Braunau","Braunau","Braunau TG","Braunau (TG)","Braunau (TG)","Thurgau","Thurgovie","Turgovia",75.1356316264719,FALSE,FALSE
20,4724,37.8646275842538,2674,4388,,,,7062,TRUE,"TG","Eschlikon","Eschlikon","Eschlikon","Eschlikon TG","Eschlikon (TG)","Eschlikon (TG)","Thurgau","Thurgovie","Turgovia",75.1356316264719,FALSE,FALSE
20,4726,45.6618112729576,6489,7722,,,,14211,TRUE,"TG","Fischingen","Fischingen","Fischingen","Fischingen TG","Fischingen (TG)","Fischingen (TG)","Thurgau","Thurgovie","Turgovia",75.1356316264719,FALSE,FALSE
20,4741,66.2703095216484,7301,3716,,,,11017,TRUE,"TG","Lommis","Lommis","Lommis","Lommis TG","Lommis (TG)","Lommis (TG)","Thurgau","Thurgovie","Turgovia",75.1356316264719,FALSE,FALSE
20,4746,61.5783924081434,7592,4737,,,,12329,TRUE,"TG","Münchwilen TG","Münchwilen (TG)","Münchwilen TG","Münchwilen TG","Münchwilen (TG)","Münchwilen (TG)","Thurgau","Thurgovie","Turgovia",75.1356316264719,FALSE,FALSE
20,4751,58.7715365400628,9176,6437,,,,15613,TRUE,"TG","Rickenbach TG","Rickenbach (TG)","Rickenbach TG","Rickenbach TG","Rickenbach (TG)","Rickenbach (TG)","Thurgau","Thurgovie","Turgovia",75.1356316264719,FALSE,FALSE
20,4756,35.101822079314,3930,7266,,,,11196,TRUE,"TG","Schönholzerswilen","Schönholzerswilen","Schönholzerswilen","Schönholzerswilen TG","Schönholzerswilen (TG)","Schönholzerswilen (TG)","Thurgau","Thurgovie","Turgovia",75.1356316264719,FALSE,FALSE
20,4761,64.337753169168,8831,4895,,,,13726,TRUE,"TG","Sirnach","Sirnach","Sirnach","Sirnach TG","Sirnach (TG)","Sirnach (TG)","Thurgau","Thurgovie","Turgovia",75.1356316264719,FALSE,FALSE
20,4776,95.1878298665011,9198,465,,,,9663,TRUE,"TG","Tobel-Tägerschen","Tobel-Tägerschen","Tobel-Tägerschen","Tobel-Tägerschen TG","Tobel-Tägerschen (TG)","Tobel-Tägerschen (TG)","Thurgau","Thurgovie","Turgovia",75.1356316264719,FALSE,FALSE
20,4781,37.4372747190614,5297,8852,,,,14149,TRUE,"TG","Wängi","Wängi","Wängi","Wängi TG","Wängi (TG)","Wängi (TG)","Thurgau","Thurgovie","Turgovia",75.1356316264719,FALSE,FALSE
20,4786,51.3505057878819,4924,4665,,,,9589,TRUE,"TG","Wilen TG","Wilen (TG)","Wilen TG","Wilen TG","Wilen (TG)","Wilen (TG)","Thurgau","Thurgovie","Turgovia",75.1356316264719,FALSE,FALSE
20,4791,6.38486550399054,432,6334,,,,6766,TRUE,"TG","Wuppenau","Wuppenau","Wuppenau","Wuppenau TG","Wuppenau (TG)","Wuppenau (TG)","Thurgau","Thurgovie","Turgovia",75.1356316264719,FALSE,FALSE
20,4801,66.2935020686298,5448,2770,,,,8218,TRUE,"TG","Berlingen","Berlingen","Berlingen","Berlingen TG","Berlingen (TG)","Berlingen (TG)","Thurgau","Thurgovie","Turgovia",75.1356316264719,FALSE,FALSE
20,4806,52.0401854714065,3367,3103,,,,6470,TRUE,"TG","Eschenz","Eschenz","Eschenz","Eschenz TG","Eschenz (TG)","Eschenz (TG)","Thurgau","Thurgovie","Turgovia",75.1356316264719,FALSE,FALSE
20,4811,20.0665073261977,1931,7692,,,,9623,TRUE,"TG","Herdern","Herdern","Herdern","Herdern TG","Herdern (TG)","Herdern (TG)","Thurgau","Thurgovie","Turgovia",75.1356316264719,FALSE,FALSE
20,4816,35.3415220640801,5438,9949,,,,15387,TRUE,"TG","Homburg","Homburg","Homburg","Homburg TG","Homburg (TG)","Homburg (TG)","Thurgau","Thurgovie","Turgovia",75.1356316264719,FALSE,FALSE
20,4821,77.3010321590037,9062,2661,,,,11723,TRUE,"TG","Hüttwilen","Hüttwilen","Hüttwilen","Hüttwilen TG","Hüttwilen (TG)","Hüttwilen (TG)","Thurgau","Thurgovie","Turgovia",75.1356316264719,FALSE,FALSE
20,4826,47.0004660763033,7059,7960,,,,15019,TRUE,"TG","Mammern","Mammern","Mammern","Mammern TG","Mammern (TG)","Mammern (TG)","Thurgau","Thurgovie","Turgovia",75.1356316264719,FALSE,FALSE
20,4831,74.2964033670606,8738,3023,,,,11761,TRUE,"TG","Müllheim","Müllheim","Müllheim","Müllheim TG","Müllheim (TG)","Müllheim (TG)","Thurgau","Thurgovie","Turgovia",75.1356316264719,FALSE,FALSE
20,4841,6.26783336503709,659,9855,,,,10514,TRUE,"TG","Pfyn","Pfyn","Pfyn","Pfyn TG","Pfyn (TG)","Pfyn (TG)","Thurgau","Thurgovie","Turgovia",75.1356316264719,FALSE,FALSE
20,4846,53.0205356549478,7978,7069,,,,15047,TRUE,"TG","Raperswilen","Raperswilen","Raperswilen","Raperswilen TG","Raperswilen (TG)","Raperswilen (TG)","Thurgau","Thurgovie","Turgovia",75.1356316264719,FALSE,FALSE
20,4851,51.2657236807767,9822,9337,,,,19159,TRUE,"TG","Salenstein","Salenstein","Salenstein","Salenstein TG","Salenstein (TG)","Salenstein (TG)","Thurgau","Thurgovie","Turgovia",75.1356316264719,FALSE,FALSE
20,4864,57.3848345733734,3625,2692,,,,6317,TRUE,"TG","Steckborn","Steckborn","Steckborn","Steckborn TG","Steckborn (TG)","Steckborn (TG)","Thurgau","Thurgovie","Turgovia",75.1356316264719,FALSE,FALSE
20,4871,95.850622406639,9240,400,,,,9640,TRUE,"TG","Wagenhausen","Wagenhausen","Wagenhausen","Wagenhausen TG","Wagenhausen (TG)","Wagenhausen (TG)","Thurgau","Thurgovie","Turgovia",75.1356316264719,FALSE,FALSE
20,4881,6.4519513218632,615,8917,,,,9532,TRUE,"TG","Amlikon-Bissegg","Amlikon-Bissegg","Amlikon-Bissegg","Amlikon-Bissegg TG","Amlikon-Bissegg (TG)","Amlikon-Bissegg (TG)","Thurgau","Thurgovie","Turgovia",75.1356316264719,FALSE,FALSE
20,4891,51.255230125523,2695,2563,,,,5258,TRUE,"TG","Berg TG","Berg (TG)","Berg TG","Berg TG","Berg (TG)","Berg (TG)","Thurgau","Thurgovie","Turgovia",75.1356316264719,FALSE,FALSE
20,4901,54.949741090466,3608,2958,,,,6566,TRUE,"TG","Birwinken","Birwinken","Birwinken","Birwinken TG","Birwinken (TG)","Birwinken (TG)","Thurgau","Thurgovie","Turgovia",75.1356316264719,FALSE,FALSE
20,4911,93.5173619785161,7487,519,,,,8006,TRUE,"TG","Bürglen TG","Bürglen (TG)","Bürglen TG","Bürglen TG","Bürglen (TG)","Bürglen (TG)","Thurgau","Thurgovie","Turgovia",75.1356316264719,FALSE,FALSE
20,4921,26.7501422879909,2350,6435,,,,8785,TRUE,"TG","Bussnang","Bussnang","Bussnang","Bussnang TG","Bussnang (TG)","Bussnang (TG)","Thurgau","Thurgovie","Turgovia",75.1356316264719,FALSE,FALSE
20,4941,19.660220108986,1840,7519,,,,9359,TRUE,"TG","Märstetten","Märstetten","Märstetten","Märstetten TG","Märstetten (TG)","Märstetten (TG)","Thurgau","Thurgovie","Turgovia",75.1356316264719,FALSE,FALSE
20,4946,77.9299700974245,8079,2288,,,,10367,TRUE,"TG","Weinfelden","Weinfelden","Weinfelden","Weinfelden TG","Weinfelden (TG)","Weinfelden (TG)","Thurgau","Thurgovie","Turgovia",75.1356316264719,FALSE,FALSE
20,4951,78.2736876586684,9558,2653,,,,12211,TRUE,"TG","Wigoltingen","Wigoltingen","Wigoltingen","Wigoltingen TG","Wigoltingen (TG)","Wigoltingen (TG)","Thurgau","Thurgovie","Turgovia",75.1356316264719,FALSE,FALSE
21,5001,64.5997435427734,7053,3865,,,,10918,TRUE,"TI","Arbedo-Castione","Arbedo-Castione","Arbedo-Castione","Arbedo-Castione TI","Arbedo-Castione (TI)","Arbedo-Castione (TI)","Tessin","Tessin","Ticino",2.44079758413136,FALSE,FALSE
21,5002,57.3587786259542,3757,2793,,,,6550,TRUE,"TI","Bellinzona","Bellinzone","Bellinzona","Bellinzona TI","Bellinzone (TI)","Bellinzona (TI)","Tessin","Tessin","Ticino",2.44079758413136,FALSE,FALSE
21,5003,1.44860354618148,125,8504,,,,8629,TRUE,"TI","Cadenazzo","Cadenazzo","Cadenazzo","Cadenazzo TI","Cadenazzo (TI)","Cadenazzo (TI)","Tessin","Tessin","Ticino",2.44079758413136,FALSE,FALSE
21,5009,0.724200362100181,60,8225,,,,8285,TRUE,"TI","Isone","Isone","Isone","Isone TI","Isone (TI)","Isone (TI)","Tessin","Tessin","Ticino",2.44079758413136,FALSE,FALSE
21,5010,40.6145753143444,6331,9257,,,,15588,TRUE,"TI","Lumino","Lumino","Lumino","Lumino TI","Lumino (TI)","Lumino (TI)","Tessin","Tessin","Ticino",2.44079758413136,FALSE,FALSE
21,5017,73.4280919948672,7439,2692,,,,10131,TRUE,"TI","Sant'Antonino","Sant'Antonino","Sant'Antonino","Sant'Antonino TI","Sant'Antonino (TI)","Sant'Antonino (TI)","Tessin","Tessin","Ticino",2.44079758413136,FALSE,FALSE
21,5048,76.8957788569294,8234,2474,,,,10708,TRUE,"TI","Acquarossa","Acquarossa","Acquarossa","Acquarossa TI","Acquarossa (TI)","Acquarossa (TI)","Tessin","Tessin","Ticino",2.44079758413136,FALSE,FALSE
21,5049,86.5310610225399,1574,245,,,,1819,TRUE,"TI","Blenio","Blenio","Blenio","Blenio TI","Blenio (TI)","Blenio (TI)","Tessin","Tessin","Ticino",2.44079758413136,FALSE,FALSE
21,5050,43.8552437223043,5938,7602,,,,13540,TRUE,"TI","Serravalle","Serravalle","Serravalle","Serravalle TI","Serravalle (TI)","Serravalle (TI)","Tessin","Tessin","Ticino",2.44079758413136,FALSE,FALSE
21,5061,28.9866560972387,2194,5375,,,,7569,TRUE,"TI","Airolo","Airolo","Airolo","Airolo TI","Airolo (TI)","Airolo (TI)","Tessin","Tessin","Ticino",2.44079758413136,FALSE,FALSE
21,5063,33.6108923146169,2987,5900,,,,8887,TRUE,"TI","Bedretto","Bedretto","Bedretto","Bedretto TI","Bedretto (TI)","Bedretto (TI)","Tessin","Tessin","Ticino",2.44079758413136,FALSE,FALSE
21,5071,46.2082538901531,7513,8746,,,,16259,TRUE,"TI","Dalpe","Dalpe","Dalpe","Dalpe TI","Dalpe (TI)","Dalpe (TI)","Tessin","Tessin","Ticino",2.44079758413136,FALSE,FALSE
21,5072,33.8713432140917,4365,8522,,,,12887,TRUE,"TI","Faido","Faido","Faido","Faido TI","Faido (TI)","Faido (TI)","Tessin","Tessin","Ticino",2.44079758413136,FALSE,FALSE
21,5073,88.5302197802198,9023,1169,,,,10192,TRUE,"TI","Giornico","Giornico","Giornico","Giornico TI","Giornico (TI)","Giornico (TI)","Tessin","Tessin","Ticino",2.44079758413136,FALSE,FALSE
21,5076,65.807490938381,8170,4245,,,,12415,TRUE,"TI","Personico","Personico","Personico","Personico TI","Personico (TI)","Personico (TI)","Tessin","Tessin","Ticino",2.44079758413136,FALSE,FALSE
21,5077,7.66863298281611,299,3600,,,,3899,TRUE,"TI","Pollegio","Pollegio","Pollegio","Pollegio TI","Pollegio (TI)","Pollegio (TI)","Tessin","Tessin","Ticino",2.44079758413136,FALSE,FALSE
21,5079,93.1914095470318,9937,726,,,,10663,TRUE,"TI","Quinto","Quinto","Quinto","Quinto TI","Quinto (TI)","Quinto (TI)","Tessin","Tessin","Ticino",2.44079758413136,FALSE,FALSE
21,5091,55.4437737536329,9920,7972,,,,17892,TRUE,"TI","Ascona","Ascona","Ascona","Ascona TI","Ascona (TI)","Ascona (TI)","Tessin","Tessin","Ticino",2.44079758413136,FALSE,FALSE
21,5096,19.8665453442524,1965,7926,,,,9891,TRUE,"TI","Brione sopra Minusio","Brione sopra Minusio","Brione sopra Minusio","Brione sopra Minusio TI","Brione sopra Minusio (TI)","Brione sopra Minusio (TI)","Tessin","Tessin","Ticino",2.44079758413136,FALSE,FALSE
21,5097,26.9335986073116,3249,8814,,,,12063,TRUE,"TI","Brissago","Brissago","Brissago","Brissago TI","Brissago (TI)","Brissago (TI)","Tessin","Tessin","Ticino",2.44079758413136,FALSE,FALSE
21,5108,28.1597823398467,2277,5809,,,,8086,TRUE,"TI","Gordola","Gordola","Gordola","Gordola TI","Gordola (TI)","Gordola (TI)","Tessin","Tessin","Ticino",2.44079758413136,FALSE,FALSE
21,5112,20.2776795189247,2293,9015,,,,11308,TRUE,"TI","Lavertezzo","Lavertezzo","Lavertezzo","Lavertezzo TI","Lavertezzo (TI)","Lavertezzo (TI)","Tessin","Tessin","Ticino",2.44079758413136,FALSE,FALSE
21,5113,59.9692465402358,5850,3905,,,,9755,TRUE,"TI","Locarno","Locarno","Locarno","Locarno TI","Locarno (TI)","Locarno (TI)","Tessin","Tessin","Ticino",2.44079758413136,FALSE,FALSE
21,5115,60.9209190735443,6602,4235,,,,10837,TRUE,"TI","Losone","Losone","Losone","Losone TI","Losone (TI)","Losone (TI)","Tessin","Tessin","Ticino",2.44079758413136,FALSE,FALSE
21,5117,74.4740532959327,8496,2912,,,,11408,TRUE,"TI","Mergoscia","Mergoscia","Mergoscia","Mergoscia TI","Mergoscia (TI)","Mergoscia (TI)","Tessin","Tessin","Ticino",2.44079758413136,FALSE,FALSE
21,5118,9.73533032416906,949,8799,,,,9748,TRUE,"TI","Minusio","Minusio","Minusio","Minusio TI","Minusio (TI)","Minusio (TI)","Tessin","Tessin","Ticino",2.44079758413136,FALSE,FALSE
21,5120,10.1132686084142,750,6666,,,,7416,TRUE,"TI","Muralto","Muralto","Muralto","Muralto TI","Muralto (TI)","Muralto (TI)","Tessin","Tessin","Ticino",2.44079758413136,FALSE,FALSE
21,5121,33.8511796733212,4663,9112,,,,13775,TRUE,"TI","Orselina","Orselina","Orselina","Orselina TI","Orselina (TI)","Orselina (TI)","Tessin","Tessin","Ticino",2.44079758413136,FALSE,FALSE
21,5125,47.2184824169314,8768,9801,,,,18569,TRUE,"TI","Ronco sopra Ascona","Ronco sopra Ascona","Ronco sopra Ascona","Ronco sopra Ascona TI","Ronco sopra Ascona (TI)","Ronco sopra Ascona (TI)","Tessin","Tessin","Ticino",2.44079758413136,FALSE,FALSE
21,5131,55.8436792856706,9131,7220,,,,16351,TRUE,"TI","Tenero-Contra","Tenero-Contra","Tenero-Contra","Tenero-Contra TI","Tenero-Contra (TI)","Tenero-Contra (TI)","Tessin","Tessin","Ticino",2.44079758413136,FALSE,FALSE
21,5136,11.0028465075542,1005,8129,,,,9134,TRUE,"TI","Onsernone","Onsernone","Onsernone","Onsernone TI","Onsernone (TI)","Onsernone (TI)","Tessin","Tessin","Ticino",2.44079758413136,FALSE,FALSE
21,5138,59.8321506550218,8769,5887,,,,14656,TRUE,"TI","Cugnasco-Gerra","Cugnasco-Gerra","Cugnasco-Gerra","Cugnasco-Gerra TI","Cugnasco-Gerra (TI)","Cugnasco-Gerra (TI)","Tessin","Tessin","Ticino",2.44079758413136,FALSE,FALSE
21,5141,86.1106780982073,5524,891,,,,6415,TRUE,"TI","Agno","Agno","Agno","Agno TI","Agno (TI)","Agno (TI)","Tessin","Tessin","Ticino",2.44079758413136,FALSE,FALSE
21,5143,69.1570648878108,5702,2543,,,,8245,TRUE,"TI","Aranno","Aranno","Aranno","Aranno TI","Aranno (TI)","Aranno (TI)","Tessin","Tessin","Ticino",2.44079758413136,FALSE,FALSE
21,5144,44.5817490494297,3752,4664,,,,8416,TRUE,"TI","Arogno","Arogno","Arogno","Arogno TI","Arogno (TI)","Arogno (TI)","Tessin","Tessin","Ticino",2.44079758413136,FALSE,FALSE
21,5148,48.7125321153297,8532,8983,,,,17515,TRUE,"TI","Bedano","Bedano","Bedano","Bedano TI","Bedano (TI)","Bedano (TI)","Tessin","Tessin","Ticino",2.44079758413136,FALSE,FALSE
21,5151,57.6881292098211,7965,5842,,,,13807,TRUE,"TI","Bioggio","Bioggio","Bioggio","Bioggio TI","Bioggio (TI)","Bioggio (TI)","Tessin","Tessin","Ticino",2.44079758413136,FALSE,FALSE
21,5154,19.5111492281304,2275,9385,,,,11660,TRUE,"TI","Bissone","Bissone","Bissone","Bissone TI","Bissone (TI)","Bissone (TI)","Tessin","Tessin","Ticino",2.44079758413136,FALSE,FALSE
21,5160,92.242465910393,8050,677,,,,8727,TRUE,"TI","Brusino Arsizio","Brusino Arsizio","Brusino Arsizio","Brusino Arsizio TI","Brusino Arsizio (TI)","Brusino Arsizio (TI)","Tessin","Tessin","Ticino",2.44079758413136,FALSE,FALSE
21,5161,16.832645129949,693,3424,,,,4117,TRUE,"TI","Cademario","Cademario","Cademario","Cademario TI","Cademario (TI)","Cademario (TI)","Tessin","Tessin","Ticino",2.44079758413136,FALSE,FALSE
21,5162,35.540211210398,5250,9522,,,,14772,TRUE,"TI","Cadempino","Cadempino","Cadempino","Cadempino TI","Cadempino (TI)","Cadempino (TI)","Tessin","Tessin","Ticino",2.44079758413136,FALSE,FALSE
21,5167,94.2624882186616,8001,487,,,,8488,TRUE,"TI","Canobbio","Canobbio","Canobbio","Canobbio TI","Canobbio (TI)","Canobbio (TI)","Tessin","Tessin","Ticino",2.44079758413136,FALSE,FALSE
21,5171,49.0154306771073,8513,8855,,,,17368,TRUE,"TI","Caslano","Caslano","Caslano","Caslano TI","Caslano (TI)","Caslano (TI)","Tessin","Tessin","Ticino",2.44079758413136,FALSE,FALSE
21,5176,87.020896776226,8287,1236,,,,9523,TRUE,"TI","Comano","Comano","Comano","Comano TI","Comano (TI)","Comano (TI)","Tessin","Tessin","Ticino",2.44079758413136,FALSE,FALSE
21,5180,45.7582533210575,3479,4124,,,,7603,TRUE,"TI","Cureglia","Cureglia","Cureglia","Cureglia TI","Cureglia (TI)","Cureglia (TI)","Tessin","Tessin","Ticino",2.44079758413136,FALSE,FALSE
21,5186,56.1685490877498,2586,2018,,,,4604,TRUE,"TI","Grancia","Grancia","Grancia","Grancia TI","Grancia (TI)","Grancia (TI)","Tessin","Tessin","Ticino",2.44079758413136,FALSE,FALSE
21,5187,79.0413533834586,5887,1561,,,,7448,TRUE,"TI","Gravesano","Gravesano","Gravesano","Gravesano TI","Gravesano (TI)","Gravesano (TI)","Tessin","Tessin","Ticino",2.44079758413136,FALSE,FALSE
21,5189,43.2027734749576,5857,7700,,,,13557,TRUE,"TI","Lamone","Lamone","Lamone","Lamone TI","Lamone (TI)","Lamone (TI)","Tessin","Tessin","Ticino",2.44079758413136,FALSE,FALSE
21,5192,64.6540880503145,5654,3091,,,,8745,TRUE,"TI","Lugano","Lugano","Lugano","Lugano TI","Lugano (TI)","Lugano (TI)","Tessin","Tessin","Ticino",2.44079758413136,FALSE,FALSE
21,5193,59.9228461208744,2796,1870,,,,4666,TRUE,"TI","Magliaso","Magliaso","Magliaso","Magliaso TI","Magliaso (TI)","Magliaso (TI)","Tessin","Tessin","Ticino",2.44079758413136,FALSE,FALSE
21,5194,68.7415730337079,6118,2782,,,,8900,TRUE,"TI","Manno","Manno","Manno","Manno TI","Manno (TI)","Manno (TI)","Tessin","Tessin","Ticino",2.44079758413136,FALSE,FALSE
21,5196,25.7036577805332,2073,5992,,,,8065,TRUE,"TI","Massagno","Massagno","Massagno","Massagno TI","Massagno (TI)","Massagno (TI)","Tessin","Tessin","Ticino",2.44079758413136,FALSE,FALSE
21,5198,58.3878847093307,5976,4259,,,,10235,TRUE,"TI","Melide","Melide","Melide","Melide TI","Melide (TI)","Melide (TI)","Tessin","Tessin","Ticino",2.44079758413136,FALSE,FALSE
21,5199,7.35352996129721,551,6942,,,,7493,TRUE,"TI","Mezzovico-Vira","Mezzovico-Vira","Mezzovico-Vira","Mezzovico-Vira TI","Mezzovico-Vira (TI)","Mezzovico-Vira (TI)","Tessin","Tessin","Ticino",2.44079758413136,FALSE,FALSE
21,5203,54.9327502815875,8291,6802,,,,15093,TRUE,"TI","Morcote","Morcote","Morcote","Morcote TI","Morcote (TI)","Morcote (TI)","Tessin","Tessin","Ticino",2.44079758413136,FALSE,FALSE
21,5205,57.0847021854021,7993,6009,,,,14002,TRUE,"TI","Muzzano","Muzzano","Muzzano","Muzzano TI","Muzzano (TI)","Muzzano (TI)","Tessin","Tessin","Ticino",2.44079758413136,FALSE,FALSE
21,5206,25.6729862784121,2451,7096,,,,9547,TRUE,"TI","Neggio","Neggio","Neggio","Neggio TI","Neggio (TI)","Neggio (TI)","Tessin","Tessin","Ticino",2.44079758413136,FALSE,FALSE
21,5208,50.2594210813763,7362,7286,,,,14648,TRUE,"TI","Origlio","Origlio","Origlio","Origlio TI","Origlio (TI)","Origlio (TI)","Tessin","Tessin","Ticino",2.44079758413136,FALSE,FALSE
21,5210,21.4009786247747,2493,9156,,,,11649,TRUE,"TI","Paradiso","Paradiso","Paradiso","Paradiso TI","Paradiso (TI)","Paradiso (TI)","Tessin","Tessin","Ticino",2.44079758413136,FALSE,FALSE
21,5212,53.3043063342479,8937,7829,,,,16766,TRUE,"TI","Ponte Capriasca","Ponte Capriasca","Ponte Capriasca","Ponte Capriasca TI","Ponte Capriasca (TI)","Ponte Capriasca (TI)","Tessin","Tessin","Ticino",2.44079758413136,FALSE,FALSE
21,5214,33.9340060868172,4237,8249,,,,12486,TRUE,"TI","Porza","Porza","Porza","Porza TI","Porza (TI)","Porza (TI)","Tessin","Tessin","Ticino",2.44079758413136,FALSE,FALSE
21,5216,60.107421875,2462,1634,,,,4096,TRUE,"TI","Pura","Pura","Pura","Pura TI","Pura (TI)","Pura (TI)","Tessin","Tessin","Ticino",2.44079758413136,FALSE,FALSE
21,5221,58.6067387319047,9271,6548,,,,15819,TRUE,"TI","Savosa","Savosa","Savosa","Savosa TI","Savosa (TI)","Savosa (TI)","Tessin","Tessin","Ticino",2.44079758413136,FALSE,FALSE
21,5225,49.9573233185387,5853,5863,,,,11716,TRUE,"TI","Sorengo","Sorengo","Sorengo","Sorengo TI","Sorengo (TI)","Sorengo (TI)","Tessin","Tessin","Ticino",2.44079758413136,FALSE,FALSE
21,5226,14.0072202166065,970,5955,,,,6925,TRUE,"TI","Capriasca","Capriasca","Capriasca","Capriasca TI","Capriasca (TI)","Capriasca (TI)","Tessin","Tessin","Ticino",2.44079758413136,FALSE,FALSE
21,5227,84.0579710144928,6960,1320,,,,8280,TRUE,"TI","Torricella-Taverne","Torricella-Taverne","Torricella-Taverne","Torricella-Taverne TI","Torricella-Taverne (TI)","Torricella-Taverne (TI)","Tessin","Tessin","Ticino",2.44079758413136,FALSE,FALSE
21,5230,24.4917833231893,2012,6203,,,,8215,TRUE,"TI","Vernate","Vernate","Vernate","Vernate TI","Vernate (TI)","Vernate (TI)","Tessin","Tessin","Ticino",2.44079758413136,FALSE,FALSE
21,5231,9.09260642270351,487,4869,,,,5356,TRUE,"TI","Vezia","Vezia","Vezia","Vezia TI","Vezia (TI)","Vezia (TI)","Tessin","Tessin","Ticino",2.44079758413136,FALSE,FALSE
21,5233,70.398773006135,7344,3088,,,,10432,TRUE,"TI","Vico Morcote","Vico Morcote","Vico Morcote","Vico Morcote TI","Vico Morcote (TI)","Vico Morcote (TI)","Tessin","Tessin","Ticino",2.44079758413136,FALSE,FALSE
21,5236,85.1771623085255,5505,958,,,,6463,TRUE,"TI","Collina d'Oro","Collina d'Oro","Collina d'Oro","Collina d'Oro TI","Collina d'Oro (TI)","Collina d'Oro (TI)","Tessin","Tessin","Ticino",2.44079758413136,FALSE,FALSE
21,5237,30.1533603969328,2674,6194,,,,8868,TRUE,"TI","Alto Malcantone","Alto Malcantone","Alto Malcantone","Alto Malcantone TI","Alto Malcantone (TI)","Alto Malcantone (TI)","Tessin","Tessin","Ticino",2.44079758413136,FALSE,FALSE
21,5238,52.2055604203152,9539,8733,,,,18272,TRUE,"TI","Monteceneri","Monteceneri","Monteceneri","Monteceneri TI","Monteceneri (TI)","Monteceneri (TI)","Tessin","Tessin","Ticino",2.44079758413136,FALSE,FALSE
21,5239,9.59925442684063,618,5820,,,,6438,TRUE,"TI","Tresa","Tresa","Tresa","Tresa TI","Tresa (TI)","Tresa (TI)","Tessin","Tessin","Ticino",2.44079758413136,FALSE,FALSE
21,5240,81.6485225505443,3675,826,,,,4501,TRUE,"TI","Val Mara","Val Mara","Val Mara","Val Mara TI","Val Mara (TI)","Val Mara (TI)","Tessin","Tessin","Ticino",2.44079758413136,FALSE,FALSE
21,5242,2.53191489361702,119,4581,,,,4700,TRUE,"TI","Balerna","Balerna","Balerna","Balerna TI","Balerna (TI)","Balerna (TI)","Tessin","Tessin","Ticino",2.44079758413136,FALSE,FALSE
21,5249,5.14387071344107,261,4813,,,,5074,TRUE,"TI","Castel San Pietro","Castel San Pietro","Castel San Pietro","Castel San Pietro TI","Castel San Pietro (TI)","Castel San Pietro (TI)","Tessin","Tessin","Ticino",2.44079758413136,FALSE,FALSE
21,5250,87.7467235117638,5557,776,,,,6333,TRUE,"TI","Chiasso","Chiasso","Chiasso","Chiasso TI","Chiasso (TI)","Chiasso (TI)","Tessin","Tessin","Ticino",2.44079758413136,FALSE,FALSE
21,5251,68.7824641595678,6621,3005,,,,9626,TRUE,"TI","Coldrerio","Coldrerio","Coldrerio","Coldrerio TI","Coldrerio (TI)","Coldrerio (TI)","Tessin","Tessin","Ticino",2.44079758413136,FALSE,FALSE
21,5254,83.2178261250987,9486,1913,,,,11399,TRUE,"TI","Mendrisio","Mendrisio","Mendrisio","Mendrisio TI","Mendrisio (TI)","Mendrisio (TI)","Tessin","Tessin","Ticino",2.44079758413136,FALSE,FALSE
21,5257,49.1170404743491,7621,7895,,,,15516,TRUE,"TI","Morbio Inferiore","Morbio Inferiore","Morbio Inferiore","Morbio Inferiore TI","Morbio Inferiore (TI)","Morbio Inferiore (TI)","Tessin","Tessin","Ticino",2.44079758413136,FALSE,FALSE
21,5260,34.4599303135888,4945,9405,,,,14350,TRUE,"TI","Novazzano","Novazzano","Novazzano","Novazzano TI","Novazzano (TI)","Novazzano (TI)","Tessin","Tessin","Ticino",2.44079758413136,FALSE,FALSE
21,5263,86.6121614716403,5085,786,,,,5871,TRUE,"TI","Riva San Vitale","Riva San Vitale","Riva San Vitale","Riva San Vitale TI","Riva San Vitale (TI)","Riva San Vitale (TI)","Tessin","Tessin","Ticino",2.44079758413136,FALSE,FALSE
21,5266,52.0690418234123,2353,2166,,,,4519,TRUE,"TI","Stabio","Stabio","Stabio","Stabio TI","Stabio (TI)","Stabio (TI)","Tessin","Tessin","Ticino",2.44079758413136,FALSE,FALSE
21,5268,61.216064056049,4893,3100,,,,7993,TRUE,"TI","Vacallo","Vacallo","Vacallo","Vacallo TI","Vacallo (TI)","Vacallo (TI)","Tessin","Tessin","Ticino",2.44079758413136,FALSE,FALSE
21,5269,73.0113126234512,4066,1503,,,,5569,TRUE,"TI","Breggia","Breggia","Breggia","Breggia TI","Breggia (TI)","Breggia (TI)","Tessin","Tessin","Ticino",2.44079758413136,FALSE,FALSE
21,5281,21.464946528603,2529,9253,,,,11782,TRUE,"TI","Biasca","Biasca","Biasca","Biasca TI","Biasca (TI)","Biasca (TI)","Tessin","Tessin","Ticino",2.44079758413136,FALSE,FALSE
21,5287,19.9346049046322,1829,7346,,,,9175,TRUE,"TI","Riviera","Riviera","Riviera","Riviera TI","Riviera (TI)","Riviera (TI)","Tessin","Tessin","Ticino",2.44079758413136,FALSE,FALSE
21,5304,51.2540352619816,2064,1963,,,,4027,TRUE,"TI","Bosco/Gurin","Bosco/Gurin","Bosco/Gurin","Bosco/Gurin TI","Bosco/Gurin (TI)","Bosco/Gurin (TI)","Tessin","Tessin","Ticino",2.44079758413136,FALSE,FALSE
21,5307,78.4863123993559,2437,668,,,,3105,TRUE,"TI","Campo (Vallemaggia)","Campo (Vallemaggia)","Campo (Vallemaggia)","Campo (Vallemaggia) TI","Campo (Vallemaggia) (TI)","Campo (Vallemaggia) (TI)","Tessin","Tessin","Ticino",2.44079758413136,FALSE,FALSE
21,5309,10.974358974359,856,6944,,,,7800,TRUE,"TI","Cerentino","Cerentino","Cerentino","Cerentino TI","Cerentino (TI)","Cerentino (TI)","Tessin","Tessin","Ticino",2.44079758413136,FALSE,FALSE
21,5310,21.8247991967871,1739,6229,,,,7968,TRUE,"TI","Cevio","Cevio","Cevio","Cevio TI","Cevio (TI)","Cevio (TI)","Tessin","Tessin","Ticino",2.44079758413136,FALSE,FALSE
21,5315,74.3443557582668,8476,2925,,,,11401,TRUE,"TI","Linescio","Linescio","Linescio","Linescio TI","Linescio (TI)","Linescio (TI)","Tessin","Tessin","Ticino",2.44079758413136,FALSE,FALSE
21,5317,44.2732049036778,7584,9546,,,,17130,TRUE,"TI","Maggia","Maggia","Maggia","Maggia TI","Maggia (TI)","Maggia (TI)","Tessin","Tessin","Ticino",2.44079758413136,FALSE,FALSE
21,5323,2.18612728572888,214,9575,,,,9789,TRUE,"TI","Lavizzara","Lavizzara","Lavizzara","Lavizzara TI","Lavizzara (TI)","Lavizzara (TI)","Tessin","Tessin","Ticino",2.44079758413136,FALSE,FALSE
21,5324,37.5349748181309,5366,8930,,,,14296,TRUE,"TI","Avegno Gordevio","Avegno Gordevio","Avegno Gordevio","Avegno Gordevio TI","Avegno Gordevio (TI)","Avegno Gordevio (TI)","Tessin","Tessin","Ticino",2.44079758413136,FALSE,FALSE
21,5395,79.3383422200679,6547,1705,,,,8252,TRUE,"TI","Lema","Lema","Lema","Lema TI","Lema (TI)","Lema (TI)","Tessin","Tessin","Ticino",2.44079758413136,FALSE,FALSE
21,5396,82.3301654347061,7017,1506,,,,8523,TRUE,"TI","Terre di Pedemonte","Terre di Pedemonte","Terre di Pedemonte","Terre di Pedemonte TI","Terre di Pedemonte (TI)","Terre di Pedemonte (TI)","Tessin","Tessin","Ticino",2.44079758413136,FALSE,FALSE
21,5397,73.4366403814414,8009,2897,,,,10906,TRUE,"TI","Centovalli","Centovalli","Centovalli","Centovalli TI","Centovalli (TI)","Centovalli (TI)","Tessin","Tessin","Ticino",2.44079758413136,FALSE,FALSE
21,5398,11.5471132216946,924,7078,,,,8002,TRUE,"TI","Gambarogno","Gambarogno","Gambarogno","Gambarogno TI","Gambarogno (TI)","Gambarogno (TI)","Tessin","Tessin","Ticino",2.44079758413136,FALSE,FALSE
21,5399,26.2108262108262,1564,4403,,,,5967,TRUE,"TI","Verzasca","Verzasca","Verzasca","Verzasca TI","Verzasca (TI)","Verzasca (TI)","Tessin","Tessin","Ticino",2.44079758413136,FALSE,FALSE
22,5401,97.2725574444237,5207,146,,,,5353,TRUE,"VD","Aigle","Aigle","Aigle","Aigle VD","Aigle (VD)","Aigle (VD)","Waadt","Vaud","Vaud",8.82751764729619,FALSE,FALSE
22,5402,66.4213082410077,8753,4425,,,,13178,TRUE,"VD","Bex","Bex","Bex","Bex VD","Bex (VD)","Bex (VD)","Waadt","Vaud","Vaud",8.82751764729619,FALSE,FALSE
22,5403,59.7704532077693,6093,4101,,,,10194,TRUE,"VD","Chessel","Chessel","Chessel","Chessel VD","Chessel (VD)","Chessel (VD)","Waadt","Vaud","Vaud",8.82751764729619,FALSE,FALSE
22,5404,52.245377164661,3560,3254,,,,6814,TRUE,"VD","Corbeyrier","Corbeyrier","Corbeyrier","Corbeyrier VD","Corbeyrier (VD)","Corbeyrier (VD)","Waadt","Vaud","Vaud",8.82751764729619,FALSE,FALSE
22,5405,98.2662968099861,7085,125,,,,7210,TRUE,"VD","Gryon","Gryon","Gryon","Gryon VD","Gryon (VD)","Gryon (VD)","Waadt","Vaud","Vaud",8.82751764729619,FALSE,FALSE
22,5406,67.8925143953935,8843,4182,,,,13025,TRUE,"VD","Lavey-Morcles","Lavey-Morcles","Lavey-Morcles","Lavey-Morcles VD","Lavey-Morcles (VD)","Lavey-Morcles (VD)","Waadt","Vaud","Vaud",8.82751764729619,FALSE,FALSE
22,5407,87.7645694404175,9081,1266,,,,10347,TRUE,"VD","Leysin","Leysin","Leysin","Leysin VD","Leysin (VD)","Leysin (VD)","Waadt","Vaud","Vaud",8.82751764729619,FALSE,FALSE
22,5408,34.1312373466714,2866,5531,,,,8397,TRUE,"VD","Noville","Noville","Noville","Noville VD","Noville (VD)","Noville (VD)","Waadt","Vaud","Vaud",8.82751764729619,FALSE,FALSE
22,5409,59.0744037023852,8297,5748,,,,14045,TRUE,"VD","Ollon","Ollon","Ollon","Ollon VD","Ollon (VD)","Ollon (VD)","Waadt","Vaud","Vaud",8.82751764729619,FALSE,FALSE
22,5410,83.1481085702073,7781,1577,,,,9358,TRUE,"VD","Ormont-Dessous","Ormont-Dessous","Ormont-Dessous","Ormont-Dessous VD","Ormont-Dessous (VD)","Ormont-Dessous (VD)","Waadt","Vaud","Vaud",8.82751764729619,FALSE,FALSE
22,5411,19.29807875214,2029,8485,,,,10514,TRUE,"VD","Ormont-Dessus","Ormont-Dessus","Ormont-Dessus","Ormont-Dessus VD","Ormont-Dessus (VD)","Ormont-Dessus (VD)","Waadt","Vaud","Vaud",8.82751764729619,FALSE,FALSE
22,5412,13.9058723162235,978,6055,,,,7033,TRUE,"VD","Rennaz","Rennaz","Rennaz","Rennaz VD","Rennaz (VD)","Rennaz (VD)","Waadt","Vaud","Vaud",8.82751764729619,FALSE,FALSE
22,5413,10.8817427385892,1049,8591,,,,9640,TRUE,"VD","Roche VD","Roche (VD)","Roche VD","Roche VD","Roche (VD)","Roche (VD)","Waadt","Vaud","Vaud",8.82751764729619,FALSE,FALSE
22,5414,16.4523173986896,1356,6886,,,,8242,TRUE,"VD","Villeneuve VD","Villeneuve (VD)","Villeneuve VD","Villeneuve VD","Villeneuve (VD)","Villeneuve (VD)","Waadt","Vaud","Vaud",8.82751764729619,FALSE,FALSE
22,5415,57.4852420306966,9738,7202,,,,16940,TRUE,"VD","Yvorne","Yvorne","Yvorne","Yvorne VD","Yvorne (VD)","Yvorne (VD)","Waadt","Vaud","Vaud",8.82751764729619,FALSE,FALSE
22,5422,82.1371378657738,5642,1227,,,,6869,TRUE,"VD","Aubonne","Aubonne","Aubonne","Aubonne VD","Aubonne (VD)","Aubonne (VD)","Waadt","Vaud","Vaud",8.82751764729619,FALSE,FALSE
22,5423,57.6731439960139,4630,3398,,,,8028,TRUE,"VD","Ballens","Ballens","Ballens","Ballens VD","Ballens (VD)","Ballens (VD)","Waadt","Vaud","Vaud",8.82751764729619,FALSE,FALSE
22,5424,48.989898989899,6208,6464,,,,12672,TRUE,"VD","Berolle","Berolle","Berolle","Berolle VD","Berolle (VD)","Berolle (VD)","Waadt","Vaud","Vaud",8.82751764729619,FALSE,FALSE
22,5425,28.5714285714286,1182,2955,,,,4137,TRUE,"VD","Bière","Bière","Bière","Bière VD","Bière (VD)","Bière (VD)","Waadt","Vaud","Vaud",8.82751764729619,FALSE,FALSE
22,5426,26.8604651162791,3465,9435,,,,12900,TRUE,"VD","Bougy-Villars","Bougy-Villars","Bougy-Villars","Bougy-Villars VD","Bougy-Villars (VD)","Bougy-Villars (VD)","Waadt","Vaud","Vaud",8.82751764729619,FALSE,FALSE
22,5427,89.7336884154461,6739,771,,,,7510,TRUE,"VD","Féchy","Féchy","Féchy","Féchy VD","Féchy (VD)","Féchy (VD)","Waadt","Vaud","Vaud",8.82751764729619,FALSE,FALSE
22,5428,51.9195285994881,8723,8078,,,,16801,TRUE,"VD","Gimel","Gimel","Gimel","Gimel VD","Gimel (VD)","Gimel (VD)","Waadt","Vaud","Vaud",8.82751764729619,FALSE,FALSE
22,5429,29.2025862068966,271,657,,,,928,TRUE,"VD","Longirod","Longirod","Longirod","Longirod VD","Longirod (VD)","Longirod (VD)","Waadt","Vaud","Vaud",8.82751764729619,FALSE,FALSE
22,5430,62.7679403541472,6735,3995,,,,10730,TRUE,"VD","Marchissy","Marchissy","Marchissy","Marchissy VD","Marchissy (VD)","Marchissy (VD)","Waadt","Vaud","Vaud",8.82751764729619,FALSE,FALSE
22,5431,49.6291428034926,5286,5365,,,,10651,TRUE,"VD","Mollens VD","Mollens (VD)","Mollens VD","Mollens VD","Mollens (VD)","Mollens (VD)","Waadt","Vaud","Vaud",8.82751764729619,FALSE,FALSE
22,5434,95.2198185624564,5458,274,,,,5732,TRUE,"VD","Saint-George","Saint-George","Saint-George","Saint-George VD","Saint-George (VD)","Saint-George (VD)","Waadt","Vaud","Vaud",8.82751764729619,FALSE,FALSE
22,5435,37.300435413643,4883,8208,,,,13091,TRUE,"VD","Saint-Livres","Saint-Livres","Saint-Livres","Saint-Livres VD","Saint-Livres (VD)","Saint-Livres (VD)","Waadt","Vaud","Vaud",8.82751764729619,FALSE,FALSE
22,5436,11.4348281443397,1201,9302,,,,10503,TRUE,"VD","Saint-Oyens","Saint-Oyens","Saint-Oyens","Saint-Oyens VD","Saint-Oyens (VD)","Saint-Oyens (VD)","Waadt","Vaud","Vaud",8.82751764729619,FALSE,FALSE
22,5437,62.492708535874,6428,3858,,,,10286,TRUE,"VD","Saubraz","Saubraz","Saubraz","Saubraz VD","Saubraz (VD)","Saubraz (VD)","Waadt","Vaud","Vaud",8.82751764729619,FALSE,FALSE
22,5451,59.2225369845766,7526,5182,,,,12708,TRUE,"VD","Avenches","Avenches","Avenches","Avenches VD","Avenches (VD)","Avenches (VD)","Waadt","Vaud","Vaud",8.82751764729619,FALSE,FALSE
22,5456,52.2225208277345,9716,8889,,,,18605,TRUE,"VD","Cudrefin","Cudrefin","Cudrefin","Cudrefin VD","Cudrefin (VD)","Cudrefin (VD)","Waadt","Vaud","Vaud",8.82751764729619,FALSE,FALSE
22,5458,27.9705424160884,1975,5086,,,,7061,TRUE,"VD","Faoug","Faoug","Faoug","Faoug VD","Faoug (VD)","Faoug (VD)","Waadt","Vaud","Vaud",8.82751764729619,FALSE,FALSE
22,5464,9.5230998509687,639,6071,,,,6710,TRUE,"VD","Vully-les-Lacs","Vully-les-Lacs","Vully-les-Lacs","Vully-les-Lacs VD","Vully-les-Lacs (VD)","Vully-les-Lacs (VD)","Waadt","Vaud","Vaud",8.82751764729619,FALSE,FALSE
22,5471,47.6155894456548,5901,6492,,,,12393,TRUE,"VD","Bettens","Bettens","Bettens","Bettens VD","Bettens (VD)","Bettens (VD)","Waadt","Vaud","Vaud",8.82751764729619,FALSE,FALSE
22,5472,78.0069269521411,4955,1397,,,,6352,TRUE,"VD","Bournens","Bournens","Bournens","Bournens VD","Bournens (VD)","Bournens (VD)","Waadt","Vaud","Vaud",8.82751764729619,FALSE,FALSE
22,5473,96.4665815240528,9064,332,,,,9396,TRUE,"VD","Boussens","Boussens","Boussens","Boussens VD","Boussens (VD)","Boussens (VD)","Waadt","Vaud","Vaud",8.82751764729619,FALSE,FALSE
22,5474,58.9011130412404,9155,6388,,,,15543,TRUE,"VD","La Chaux (Cossonay)","La Chaux (Cossonay)","La Chaux (Cossonay)","La Chaux (Cossonay) VD","La Chaux (Cossonay) (VD)","La Chaux (Cossonay) (VD)","Waadt","Vaud","Vaud",8.82751764729619,FALSE,FALSE
22,5475,43.707516663367,6623,8530,,,,15153,TRUE,"VD","Chavannes-le-Veyron","Chavannes-le-Veyron","Chavannes-le-Veyron","Chavannes-le-Veyron VD","Chavannes-le-Veyron (VD)","Chavannes-le-Veyron (VD)","Waadt","Vaud","Vaud",8.82751764729619,FALSE,FALSE
22,5476,61.517792302106,8471,5299,,,,13770,TRUE,"VD","Chevilly","Chevilly","Chevilly","Chevilly VD","Chevilly (VD)","Chevilly (VD)","Waadt","Vaud","Vaud",8.82751764729619,FALSE,FALSE
22,5477,28.0728844966028,2727,6987,,,,9714,TRUE,"VD","Cossonay","Cossonay","Cossonay","Cossonay VD","Cossonay (VD)","Cossonay (VD)","Waadt","Vaud","Vaud",8.82751764729619,FALSE,FALSE
22,5479,84.7701571449552,5772,1037,,,,6809,TRUE,"VD","Cuarnens","Cuarnens","Cuarnens","Cuarnens VD","Cuarnens (VD)","Cuarnens (VD)","Waadt","Vaud","Vaud",8.82751764729619,FALSE,FALSE
22,5480,5.82191780821918,187,3025,,,,3212,TRUE,"VD","Daillens","Daillens","Daillens","Daillens VD","Daillens (VD)","Daillens (VD)","Waadt","Vaud","Vaud",8.82751764729619,FALSE,FALSE
22,5481,34.3036919111515,4525,8666,,,,13191,TRUE,"VD","Dizy","Dizy","Dizy","Dizy VD","Dizy (VD)","Dizy (VD)","Waadt","Vaud","Vaud",8.82751764729619,FALSE,FALSE
22,5482,6.70195765081902,671,9341,,,,10012,TRUE,"VD","Eclépens","Eclépens","Eclépens","Eclépens VD","Eclépens (VD)","Eclépens (VD)","Waadt","Vaud","Vaud",8.82751764729619,FALSE,FALSE
22,5483,57.1756510725877,7223,5410,,,,12633,TRUE,"VD","Ferreyres","Ferreyres","Ferreyres","Ferreyres VD","Ferreyres (VD)","Ferreyres (VD)","Waadt","Vaud","Vaud",8.82751764729619,FALSE,FALSE
22,5484,1.79149042050261,144,7894,,,,8038,TRUE,"VD","Gollion","Gollion","Gollion","Gollion VD","Gollion (VD)","Gollion (VD)","Waadt","Vaud","Vaud",8.82751764729619,FALSE,FALSE
22,5485,30.4162592540858,4355,9963,,,,14318,TRUE,"VD","Grancy","Grancy","Grancy","Grancy VD","Grancy (VD)","Grancy (VD)","Waadt","Vaud","Vaud",8.82751764729619,FALSE,FALSE
22,5486,78.1277764316291,9673,2708,,,,12381,TRUE,"VD","L'Isle","L'Isle","L'Isle","L'Isle VD","L'Isle (VD)","L'Isle (VD)","Waadt","Vaud","Vaud",8.82751764729619,FALSE,FALSE
22,5487,35.8485570558644,5416,9692,,,,15108,TRUE,"VD","Lussery-Villars","Lussery-Villars","Lussery-Villars","Lussery-Villars VD","Lussery-Villars (VD)","Lussery-Villars (VD)","Waadt","Vaud","Vaud",8.82751764729619,FALSE,FALSE
22,5488,16.5567875337129,1105,5569,,,,6674,TRUE,"VD","Mauraz","Mauraz","Mauraz","Mauraz VD","Mauraz (VD)","Mauraz (VD)","Waadt","Vaud","Vaud",8.82751764729619,FALSE,FALSE
22,5489,57.6723242119848,9990,7332,,,,17322,TRUE,"VD","Mex VD","Mex (VD)","Mex VD","Mex VD","Mex (VD)","Mex (VD)","Waadt","Vaud","Vaud",8.82751764729619,FALSE,FALSE
22,5490,11.5058248238171,800,6153,,,,6953,TRUE,"VD","Moiry","Moiry","Moiry","Moiry VD","Moiry (VD)","Moiry (VD)","Waadt","Vaud","Vaud",8.82751764729619,FALSE,FALSE
22,5491,78.9118875807064,8311,2221,,,,10532,TRUE,"VD","Mont-la-Ville","Mont-la-Ville","Mont-la-Ville","Mont-la-Ville VD","Mont-la-Ville (VD)","Mont-la-Ville (VD)","Waadt","Vaud","Vaud",8.82751764729619,FALSE,FALSE
22,5492,28.8007554296506,915,2262,,,,3177,TRUE,"VD","Montricher","Montricher","Montricher","Montricher VD","Montricher (VD)","Montricher (VD)","Waadt","Vaud","Vaud",8.82751764729619,FALSE,FALSE
22,5493,68.5083253061786,9957,4577,,,,14534,TRUE,"VD","Orny","Orny","Orny","Orny VD","Orny (VD)","Orny (VD)","Waadt","Vaud","Vaud",8.82751764729619,FALSE,FALSE
22,5495,44.6808510638298,2205,2730,,,,4935,TRUE,"VD","Penthalaz","Penthalaz","Penthalaz","Penthalaz VD","Penthalaz (VD)","Penthalaz (VD)","Waadt","Vaud","Vaud",8.82751764729619,FALSE,FALSE
22,5496,66.3862755949087,5998,3037,,,,9035,TRUE,"VD","Penthaz","Penthaz","Penthaz","Penthaz VD","Penthaz (VD)","Penthaz (VD)","Waadt","Vaud","Vaud",8.82751764729619,FALSE,FALSE
22,5497,28.9745193059247,3707,9087,,,,12794,TRUE,"VD","Pompaples","Pompaples","Pompaples","Pompaples VD","Pompaples (VD)","Pompaples (VD)","Waadt","Vaud","Vaud",8.82751764729619,FALSE,FALSE
22,5498,48.7233923682887,8721,9178,,,,17899,TRUE,"VD","La Sarraz","La Sarraz","La Sarraz","La Sarraz VD","La Sarraz (VD)","La Sarraz (VD)","Waadt","Vaud","Vaud",8.82751764729619,FALSE,FALSE
22,5499,3.24570815450644,242,7214,,,,7456,TRUE,"VD","Senarclens","Senarclens","Senarclens","Senarclens VD","Senarclens (VD)","Senarclens (VD)","Waadt","Vaud","Vaud",8.82751764729619,FALSE,FALSE
22,5501,84.0021939848249,9189,1750,,,,10939,TRUE,"VD","Sullens","Sullens","Sullens","Sullens VD","Sullens (VD)","Sullens (VD)","Waadt","Vaud","Vaud",8.82751764729619,FALSE,FALSE
22,5503,31.5537399633751,4480,9718,,,,14198,TRUE,"VD","Vufflens-la-Ville","Vufflens-la-Ville","Vufflens-la-Ville","Vufflens-la-Ville VD","Vufflens-la-Ville (VD)","Vufflens-la-Ville (VD)","Waadt","Vaud","Vaud",8.82751764729619,FALSE,FALSE
22,5511,55.1656482986714,9841,7998,,,,17839,TRUE,"VD","Assens","Assens","Assens","Assens VD","Assens (VD)","Assens (VD)","Waadt","Vaud","Vaud",8.82751764729619,FALSE,FALSE
22,5512,60.745574825675,6795,4391,,,,11186,TRUE,"VD","Bercher","Bercher","Bercher","Bercher VD","Bercher (VD)","Bercher (VD)","Waadt","Vaud","Vaud",8.82751764729619,FALSE,FALSE
22,5514,16.2643750789839,1287,6626,,,,7913,TRUE,"VD","Bottens","Bottens","Bottens","Bottens VD","Bottens (VD)","Bottens (VD)","Waadt","Vaud","Vaud",8.82751764729619,FALSE,FALSE
22,5515,63.1020460033041,9931,5807,,,,15738,TRUE,"VD","Bretigny-sur-Morrens","Bretigny-sur-Morrens","Bretigny-sur-Morrens","Bretigny-sur-Morrens VD","Bretigny-sur-Morrens (VD)","Bretigny-sur-Morrens (VD)","Waadt","Vaud","Vaud",8.82751764729619,FALSE,FALSE
22,5516,56.1701050499937,8876,6926,,,,15802,TRUE,"VD","Cugy VD","Cugy (VD)","Cugy VD","Cugy VD","Cugy (VD)","Cugy (VD)","Waadt","Vaud","Vaud",8.82751764729619,FALSE,FALSE
22,5518,47.7067895053074,7146,7833,,,,14979,TRUE,"VD","Echallens","Echallens","Echallens","Echallens VD","Echallens (VD)","Echallens (VD)","Waadt","Vaud","Vaud",8.82751764729619,FALSE,FALSE
22,5520,82.9889879391715,7913,1622,,,,9535,TRUE,"VD","Essertines-sur-Yverdon","Essertines-sur-Yverdon","Essertines-sur-Yverdon","Essertines-sur-Yverdon VD","Essertines-sur-Yverdon (VD)","Essertines-sur-Yverdon (VD)","Waadt","Vaud","Vaud",8.82751764729619,FALSE,FALSE
22,5521,16.7137126727084,1125,5606,,,,6731,TRUE,"VD","Etagnières","Etagnières","Etagnières","Etagnières VD","Etagnières (VD)","Etagnières (VD)","Waadt","Vaud","Vaud",8.82751764729619,FALSE,FALSE
22,5522,84.7958204499414,7953,1426,,,,9379,TRUE,"VD","Fey","Fey","Fey","Fey VD","Fey (VD)","Fey (VD)","Waadt","Vaud","Vaud",8.82751764729619,FALSE,FALSE
22,5523,55.464001080643,8212,6594,,,,14806,TRUE,"VD","Froideville","Froideville","Froideville","Froideville VD","Froideville (VD)","Froideville (VD)","Waadt","Vaud","Vaud",8.82751764729619,FALSE,FALSE
22,5527,81.7518248175183,3472,775,,,,4247,TRUE,"VD","Morrens VD","Morrens (VD)","Morrens VD","Morrens VD","Morrens (VD)","Morrens (VD)","Waadt","Vaud","Vaud",8.82751764729619,FALSE,FALSE
22,5529,59.6702379295951,8577,5797,,,,14374,TRUE,"VD","Oulens-sous-Echallens","Oulens-sous-Echallens","Oulens-sous-Echallens","Oulens-sous-Echallens VD","Oulens-sous-Echallens (VD)","Oulens-sous-Echallens (VD)","Waadt","Vaud","Vaud",8.82751764729619,FALSE,FALSE
22,5530,21.9044523886903,1348,4806,,,,6154,TRUE,"VD","Pailly","Pailly","Pailly","Pailly VD","Pailly (VD)","Pailly (VD)","Waadt","Vaud","Vaud",8.82751764729619,FALSE,FALSE
22,5531,89.9739583333333,7601,847,,,,8448,TRUE,"VD","Penthéréaz","Penthéréaz","Penthéréaz","Penthéréaz VD","Penthéréaz (VD)","Penthéréaz (VD)","Waadt","Vaud","Vaud",8.82751764729619,FALSE,FALSE
22,5533,12.5318606627018,1180,8236,,,,9416,TRUE,"VD","Poliez-Pittet","Poliez-Pittet","Poliez-Pittet","Poliez-Pittet VD","Poliez-Pittet (VD)","Poliez-Pittet (VD)","Waadt","Vaud","Vaud",8.82751764729619,FALSE,FALSE
22,5534,32.7921335467642,2868,5878,,,,8746,TRUE,"VD","Rueyres","Rueyres","Rueyres","Rueyres VD","Rueyres (VD)","Rueyres (VD)","Waadt","Vaud","Vaud",8.82751764729619,FALSE,FALSE
22,5535,43.0931728329498,7303,9644,,,,16947,TRUE,"VD","Saint-Barthélemy VD","Saint-Barthélemy (VD)","Saint-Barthélemy VD","Saint-Barthélemy VD","Saint-Barthélemy (VD)","Saint-Barthélemy (VD)","Waadt","Vaud","Vaud",8.82751764729619,FALSE,FALSE
22,5537,67.1692670774879,5123,2504,,,,7627,TRUE,"VD","Villars-le-Terroir","Villars-le-Terroir","Villars-le-Terroir","Villars-le-Terroir VD","Villars-le-Terroir (VD)","Villars-le-Terroir (VD)","Waadt","Vaud","Vaud",8.82751764729619,FALSE,FALSE
22,5539,36.5023134759977,5049,8783,,,,13832,TRUE,"VD","Vuarrens","Vuarrens","Vuarrens","Vuarrens VD","Vuarrens (VD)","Vuarrens (VD)","Waadt","Vaud","Vaud",8.82751764729619,FALSE,FALSE
22,5540,53.8148843026892,3442,2954,,,,6396,TRUE,"VD","Montilliez","Montilliez","Montilliez","Montilliez VD","Montilliez (VD)","Montilliez (VD)","Waadt","Vaud","Vaud",8.82751764729619,FALSE,FALSE
22,5541,39.4914756025867,5374,8234,,,,13608,TRUE,"VD","Goumoëns","Goumoëns","Goumoëns","Goumoëns VD","Goumoëns (VD)","Goumoëns (VD)","Waadt","Vaud","Vaud",8.82751764729619,FALSE,FALSE
22,5551,37.7495590828924,5351,8824,,,,14175,TRUE,"VD","Bonvillars","Bonvillars","Bonvillars","Bonvillars VD","Bonvillars (VD)","Bonvillars (VD)","Waadt","Vaud","Vaud",8.82751764729619,FALSE,FALSE
22,5552,48.0445657116871,8452,9140,,,,17592,TRUE,"VD","Bullet","Bullet","Bullet","Bullet VD","Bullet (VD)","Bullet (VD)","Waadt","Vaud","Vaud",8.82751764729619,FALSE,FALSE
22,5553,16.4613368283093,1884,9561,,,,11445,TRUE,"VD","Champagne","Champagne","Champagne","Champagne VD","Champagne (VD)","Champagne (VD)","Waadt","Vaud","Vaud",8.82751764729619,FALSE,FALSE
22,5554,98.2841719683825,5098,89,,,,5187,TRUE,"VD","Concise","Concise","Concise","Concise VD","Concise (VD)","Concise (VD)","Waadt","Vaud","Vaud",8.82751764729619,FALSE,FALSE
22,5555,93.0795847750865,807,60,,,,867,TRUE,"VD","Corcelles-près-Concise","Corcelles-près-Concise","Corcelles-près-Concise","Corcelles-près-Concise VD","Corcelles-près-Concise (VD)","Corcelles-près-Concise (VD)","Waadt","Vaud","Vaud",8.82751764729619,FALSE,FALSE
22,5556,40.8214453676125,2604,3775,,,,6379,TRUE,"VD","Fiez","Fiez","Fiez","Fiez VD","Fiez (VD)","Fiez (VD)","Waadt","Vaud","Vaud",8.82751764729619,FALSE,FALSE
22,5557,29.6130210928417,3566,8476,,,,12042,TRUE,"VD","Fontaines-sur-Grandson","Fontaines-sur-Grandson","Fontaines-sur-Grandson","Fontaines-sur-Grandson VD","Fontaines-sur-Grandson (VD)","Fontaines-sur-Grandson (VD)","Waadt","Vaud","Vaud",8.82751764729619,FALSE,FALSE
22,5559,55.7692307692308,9860,7820,,,,17680,TRUE,"VD","Giez","Giez","Giez","Giez VD","Giez (VD)","Giez (VD)","Waadt","Vaud","Vaud",8.82751764729619,FALSE,FALSE
22,5560,52.507772628615,8951,8096,,,,17047,TRUE,"VD","Grandevent","Grandevent","Grandevent","Grandevent VD","Grandevent (VD)","Grandevent (VD)","Waadt","Vaud","Vaud",8.82751764729619,FALSE,FALSE
22,5561,78.7658802177858,1736,468,,,,2204,TRUE,"VD","Grandson","Grandson","Grandson","Grandson VD","Grandson (VD)","Grandson (VD)","Waadt","Vaud","Vaud",8.82751764729619,FALSE,FALSE
22,5562,53.935729481581,4817,4114,,,,8931,TRUE,"VD","Mauborget","Mauborget","Mauborget","Mauborget VD","Mauborget (VD)","Mauborget (VD)","Waadt","Vaud","Vaud",8.82751764729619,FALSE,FALSE
22,5563,40.285071267817,5370,7960,,,,13330,TRUE,"VD","Mutrux","Mutrux","Mutrux","Mutrux VD","Mutrux (VD)","Mutrux (VD)","Waadt","Vaud","Vaud",8.82751764729619,FALSE,FALSE
22,5564,79.886313948404,7308,1840,,,,9148,TRUE,"VD","Novalles","Novalles","Novalles","Novalles VD","Novalles (VD)","Novalles (VD)","Waadt","Vaud","Vaud",8.82751764729619,FALSE,FALSE
22,5565,45.7317727907226,4259,5054,,,,9313,TRUE,"VD","Onnens VD","Onnens (VD)","Onnens VD","Onnens VD","Onnens (VD)","Onnens (VD)","Waadt","Vaud","Vaud",8.82751764729619,FALSE,FALSE
22,5566,12.388867413993,641,4533,,,,5174,TRUE,"VD","Provence","Provence","Provence","Provence VD","Provence (VD)","Provence (VD)","Waadt","Vaud","Vaud",8.82751764729619,FALSE,FALSE
22,5568,46.0269033421162,6638,7784,,,,14422,TRUE,"VD","Sainte-Croix","Sainte-Croix","Sainte-Croix","Sainte-Croix VD","Sainte-Croix (VD)","Sainte-Croix (VD)","Waadt","Vaud","Vaud",8.82751764729619,FALSE,FALSE
22,5571,54.1217026378897,7222,6122,,,,13344,TRUE,"VD","Tévenon","Tévenon","Tévenon","Tévenon VD","Tévenon (VD)","Tévenon (VD)","Waadt","Vaud","Vaud",8.82751764729619,FALSE,FALSE
22,5581,39.1463000678887,4613,7171,,,,11784,TRUE,"VD","Belmont-sur-Lausanne","Belmont-sur-Lausanne","Belmont-sur-Lausanne","Belmont-sur-Lausanne VD","Belmont-sur-Lausanne (VD)","Belmont-sur-Lausanne (VD)","Waadt","Vaud","Vaud",8.82751764729619,FALSE,FALSE
22,5582,21.1482618435244,2549,9504,,,,12053,TRUE,"VD","Cheseaux-sur-Lausanne","Cheseaux-sur-Lausanne","Cheseaux-sur-Lausanne","Cheseaux-sur-Lausanne VD","Cheseaux-sur-Lausanne (VD)","Cheseaux-sur-Lausanne (VD)","Waadt","Vaud","Vaud",8.82751764729619,FALSE,FALSE
22,5583,1.88177339901478,191,9959,,,,10150,TRUE,"VD","Crissier","Crissier","Crissier","Crissier VD","Crissier (VD)","Crissier (VD)","Waadt","Vaud","Vaud",8.82751764729619,FALSE,FALSE
22,5584,25.4455529973565,2984,8743,,,,11727,TRUE,"VD","Epalinges","Epalinges","Epalinges","Epalinges VD","Epalinges (VD)","Epalinges (VD)","Waadt","Vaud","Vaud",8.82751764729619,FALSE,FALSE
22,5585,10.5673827184279,1097,9284,,,,10381,TRUE,"VD","Jouxtens-Mézery","Jouxtens-Mézery","Jouxtens-Mézery","Jouxtens-Mézery VD","Jouxtens-Mézery (VD)","Jouxtens-Mézery (VD)","Waadt","Vaud","Vaud",8.82751764729619,FALSE,FALSE
22,5586,43.7282229965157,2008,2584,,,,4592,TRUE,"VD","Lausanne","Lausanne","Losanna","Lausanne VD","Lausanne (VD)","Losanna (VD)","Waadt","Vaud","Vaud",8.82751764729619,FALSE,FALSE
22,5587,22.7233304423244,2882,9801,,,,12683,TRUE,"VD","Le Mont-sur-Lausanne","Le Mont-sur-Lausanne","Le Mont-sur-Lausanne","Le Mont-sur-Lausanne VD","Le Mont-sur-Lausanne (VD)","Le Mont-sur-Lausanne (VD)","Waadt","Vaud","Vaud",8.82751764729619,FALSE,FALSE
22,5588,59.2696629213483,8862,6090,,,,14952,TRUE,"VD","Paudex","Paudex","Paudex","Paudex VD","Paudex (VD)","Paudex (VD)","Waadt","Vaud","Vaud",8.82751764729619,FALSE,FALSE
22,5589,71.935789973114,9097,3549,,,,12646,TRUE,"VD","Prilly","Prilly","Prilly","Prilly VD","Prilly (VD)","Prilly (VD)","Waadt","Vaud","Vaud",8.82751764729619,FALSE,FALSE
22,5590,50.5605381165919,7216,7056,,,,14272,TRUE,"VD","Pully","Pully","Pully","Pully VD","Pully (VD)","Pully (VD)","Waadt","Vaud","Vaud",8.82751764729619,FALSE,FALSE
22,5591,19.4639802318951,2048,8474,,,,10522,TRUE,"VD","Renens VD","Renens (VD)","Renens VD","Renens VD","Renens (VD)","Renens (VD)","Waadt","Vaud","Vaud",8.82751764729619,FALSE,FALSE
22,5592,61.8701298701299,2382,1468,,,,3850,TRUE,"VD","Romanel-sur-Lausanne","Romanel-sur-Lausanne","Romanel-sur-Lausanne","Romanel-sur-Lausanne VD","Romanel-sur-Lausanne (VD)","Romanel-sur-Lausanne (VD)","Waadt","Vaud","Vaud",8.82751764729619,FALSE,FALSE
22,5601,86.4797117342942,5520,863,,,,6383,TRUE,"VD","Chexbres","Chexbres","Chexbres","Chexbres VD","Chexbres (VD)","Chexbres (VD)","Waadt","Vaud","Vaud",8.82751764729619,FALSE,FALSE
22,5604,55.3825622775801,2490,2006,,,,4496,TRUE,"VD","Forel (Lavaux)","Forel (Lavaux)","Forel (Lavaux)","Forel (Lavaux) VD","Forel (Lavaux) (VD)","Forel (Lavaux) (VD)","Waadt","Vaud","Vaud",8.82751764729619,FALSE,FALSE
22,5606,73.8800540484357,7108,2513,,,,9621,TRUE,"VD","Lutry","Lutry","Lutry","Lutry VD","Lutry (VD)","Lutry (VD)","Waadt","Vaud","Vaud",8.82751764729619,FALSE,FALSE
22,5607,60.5565217391304,3482,2268,,,,5750,TRUE,"VD","Puidoux","Puidoux","Puidoux","Puidoux VD","Puidoux (VD)","Puidoux (VD)","Waadt","Vaud","Vaud",8.82751764729619,FALSE,FALSE
22,5609,3.71396327074997,362,9385,,,,9747,TRUE,"VD","Rivaz","Rivaz","Rivaz","Rivaz VD","Rivaz (VD)","Rivaz (VD)","Waadt","Vaud","Vaud",8.82751764729619,FALSE,FALSE
22,5610,43.6649911295092,5907,7621,,,,13528,TRUE,"VD","Saint-Saphorin (Lavaux)","Saint-Saphorin (Lavaux)","Saint-Saphorin (Lavaux)","Saint-Saphorin (Lavaux) VD","Saint-Saphorin (Lavaux) (VD)","Saint-Saphorin (Lavaux) (VD)","Waadt","Vaud","Vaud",8.82751764729619,FALSE,FALSE
22,5611,16.7605201187673,1637,8130,,,,9767,TRUE,"VD","Savigny","Savigny","Savigny","Savigny VD","Savigny (VD)","Savigny (VD)","Waadt","Vaud","Vaud",8.82751764729619,FALSE,FALSE
22,5613,56.5658951346245,9580,7356,,,,16936,TRUE,"VD","Bourg-en-Lavaux","Bourg-en-Lavaux","Bourg-en-Lavaux","Bourg-en-Lavaux VD","Bourg-en-Lavaux (VD)","Bourg-en-Lavaux (VD)","Waadt","Vaud","Vaud",8.82751764729619,FALSE,FALSE
22,5621,7.57286192068801,634,7738,,,,8372,TRUE,"VD","Aclens","Aclens","Aclens","Aclens VD","Aclens (VD)","Aclens (VD)","Waadt","Vaud","Vaud",8.82751764729619,FALSE,FALSE
22,5622,77.059090222155,5099,1518,,,,6617,TRUE,"VD","Bremblens","Bremblens","Bremblens","Bremblens VD","Bremblens (VD)","Bremblens (VD)","Waadt","Vaud","Vaud",8.82751764729619,FALSE,FALSE
22,5623,64.1515716568993,9633,5383,,,,15016,TRUE,"VD","Buchillon","Buchillon","Buchillon","Buchillon VD","Buchillon (VD)","Buchillon (VD)","Waadt","Vaud","Vaud",8.82751764729619,FALSE,FALSE
22,5624,66.0004267728857,9279,4780,,,,14059,TRUE,"VD","Bussigny","Bussigny","Bussigny","Bussigny VD","Bussigny (VD)","Bussigny (VD)","Waadt","Vaud","Vaud",8.82751764729619,FALSE,FALSE
22,5627,51.5494211932324,5789,5441,,,,11230,TRUE,"VD","Chavannes-près-Renens","Chavannes-près-Renens","Chavannes-près-Renens","Chavannes-près-Renens VD","Chavannes-près-Renens (VD)","Chavannes-près-Renens (VD)","Waadt","Vaud","Vaud",8.82751764729619,FALSE,FALSE
22,5628,6.07192900513779,390,6033,,,,6423,TRUE,"VD","Chigny","Chigny","Chigny","Chigny VD","Chigny (VD)","Chigny (VD)","Waadt","Vaud","Vaud",8.82751764729619,FALSE,FALSE
22,5629,40.5934007450772,3051,4465,,,,7516,TRUE,"VD","Clarmont","Clarmont","Clarmont","Clarmont VD","Clarmont (VD)","Clarmont (VD)","Waadt","Vaud","Vaud",8.82751764729619,FALSE,FALSE
22,5631,51.1461805319366,7519,7182,,,,14701,TRUE,"VD","Denens","Denens","Denens","Denens VD","Denens (VD)","Denens (VD)","Waadt","Vaud","Vaud",8.82751764729619,FALSE,FALSE
22,5632,72.9491270884175,3886,1441,,,,5327,TRUE,"VD","Denges","Denges","Denges","Denges VD","Denges (VD)","Denges (VD)","Waadt","Vaud","Vaud",8.82751764729619,FALSE,FALSE
22,5633,17.3097534833869,1615,7715,,,,9330,TRUE,"VD","Echandens","Echandens","Echandens","Echandens VD","Echandens (VD)","Echandens (VD)","Waadt","Vaud","Vaud",8.82751764729619,FALSE,FALSE
22,5634,29.3724648055357,1231,2960,,,,4191,TRUE,"VD","Echichens","Echichens","Echichens","Echichens VD","Echichens (VD)","Echichens (VD)","Waadt","Vaud","Vaud",8.82751764729619,FALSE,FALSE
22,5635,93.47061778001,9305,650,,,,9955,TRUE,"VD","Ecublens VD","Ecublens (VD)","Ecublens VD","Ecublens VD","Ecublens (VD)","Ecublens (VD)","Waadt","Vaud","Vaud",8.82751764729619,FALSE,FALSE
22,5636,47.3241590214067,3714,4134,,,,7848,TRUE,"VD","Etoy","Etoy","Etoy","Etoy VD","Etoy (VD)","Etoy (VD)","Waadt","Vaud","Vaud",8.82751764729619,FALSE,FALSE
22,5637,50.4697193500739,8542,8383,,,,16925,TRUE,"VD","Lavigny","Lavigny","Lavigny","Lavigny VD","Lavigny (VD)","Lavigny (VD)","Waadt","Vaud","Vaud",8.82751764729619,FALSE,FALSE
22,5638,53.6013084229729,8521,7376,,,,15897,TRUE,"VD","Lonay","Lonay","Lonay","Lonay VD","Lonay (VD)","Lonay (VD)","Waadt","Vaud","Vaud",8.82751764729619,FALSE,FALSE
22,5639,71.8314061917195,9629,3776,,,,13405,TRUE,"VD","Lully VD","Lully (VD)","Lully VD","Lully VD","Lully (VD)","Lully (VD)","Waadt","Vaud","Vaud",8.82751764729619,FALSE,FALSE
22,5640,47.8174603174603,3133,3419,,,,6552,TRUE,"VD","Lussy-sur-Morges","Lussy-sur-Morges","Lussy-sur-Morges","Lussy-sur-Morges VD","Lussy-sur-Morges (VD)","Lussy-sur-Morges (VD)","Waadt","Vaud","Vaud",8.82751764729619,FALSE,FALSE
22,5642,47.609561752988,1673,1841,,,,3514,TRUE,"VD","Morges","Morges","Morges","Morges VD","Morges (VD)","Morges (VD)","Waadt","Vaud","Vaud",8.82751764729619,FALSE,FALSE
22,5643,84.8869792639641,4544,809,,,,5353,TRUE,"VD","Préverenges","Préverenges","Préverenges","Préverenges VD","Préverenges (VD)","Préverenges (VD)","Waadt","Vaud","Vaud",8.82751764729619,FALSE,FALSE
22,5645,16.358024691358,1272,6504,,,,7776,TRUE,"VD","Romanel-sur-Morges","Romanel-sur-Morges","Romanel-sur-Morges","Romanel-sur-Morges VD","Romanel-sur-Morges (VD)","Romanel-sur-Morges (VD)","Waadt","Vaud","Vaud",8.82751764729619,FALSE,FALSE
22,5646,89.3258426966292,4611,551,,,,5162,TRUE,"VD","Saint-Prex","Saint-Prex","Saint-Prex","Saint-Prex VD","Saint-Prex (VD)","Saint-Prex (VD)","Waadt","Vaud","Vaud",8.82751764729619,FALSE,FALSE
22,5648,37.9800187324383,2433,3973,,,,6406,TRUE,"VD","Saint-Sulpice VD","Saint-Sulpice (VD)","Saint-Sulpice VD","Saint-Sulpice VD","Saint-Sulpice (VD)","Saint-Sulpice (VD)","Waadt","Vaud","Vaud",8.82751764729619,FALSE,FALSE
22,5649,60.4871447902571,2682,1752,,,,4434,TRUE,"VD","Tolochenaz","Tolochenaz","Tolochenaz","Tolochenaz VD","Tolochenaz (VD)","Tolochenaz (VD)","Waadt","Vaud","Vaud",8.82751764729619,FALSE,FALSE
22,5650,80.6307456588356,6315,1517,,,,7832,TRUE,"VD","Vaux-sur-Morges","Vaux-sur-Morges","Vaux-sur-Morges","Vaux-sur-Morges VD","Vaux-sur-Morges (VD)","Vaux-sur-Morges (VD)","Waadt","Vaud","Vaud",8.82751764729619,FALSE,FALSE
22,5651,16.6797797010228,212,1059,,,,1271,TRUE,"VD","Villars-Sainte-Croix","Villars-Sainte-Croix","Villars-Sainte-Croix","Villars-Sainte-Croix VD","Villars-Sainte-Croix (VD)","Villars-Sainte-Croix (VD)","Waadt","Vaud","Vaud",8.82751764729619,FALSE,FALSE
22,5652,59.0900437845041,9312,6447,,,,15759,TRUE,"VD","Villars-sous-Yens","Villars-sous-Yens","Villars-sous-Yens","Villars-sous-Yens VD","Villars-sous-Yens (VD)","Villars-sous-Yens (VD)","Waadt","Vaud","Vaud",8.82751764729619,FALSE,FALSE
22,5653,64.5795454545455,5683,3117,,,,8800,TRUE,"VD","Vufflens-le-Château","Vufflens-le-Château","Vufflens-le-Château","Vufflens-le-Château VD","Vufflens-le-Château (VD)","Vufflens-le-Château (VD)","Waadt","Vaud","Vaud",8.82751764729619,FALSE,FALSE
22,5654,48.4942020522232,5813,6174,,,,11987,TRUE,"VD","Vullierens","Vullierens","Vullierens","Vullierens VD","Vullierens (VD)","Vullierens (VD)","Waadt","Vaud","Vaud",8.82751764729619,FALSE,FALSE
22,5655,81.0114030738721,6536,1532,,,,8068,TRUE,"VD","Yens","Yens","Yens","Yens VD","Yens (VD)","Yens (VD)","Waadt","Vaud","Vaud",8.82751764729619,FALSE,FALSE
22,5656,38.3617193836172,3311,5320,,,,8631,TRUE,"VD","Hautemorges","Hautemorges","Hautemorges","Hautemorges VD","Hautemorges (VD)","Hautemorges (VD)","Waadt","Vaud","Vaud",8.82751764729619,FALSE,FALSE
22,5661,14.2686372527711,1313,7889,,,,9202,TRUE,"VD","Boulens","Boulens","Boulens","Boulens VD","Boulens (VD)","Boulens (VD)","Waadt","Vaud","Vaud",8.82751764729619,FALSE,FALSE
22,5663,57.4006359300477,7221,5359,,,,12580,TRUE,"VD","Bussy-sur-Moudon","Bussy-sur-Moudon","Bussy-sur-Moudon","Bussy-sur-Moudon VD","Bussy-sur-Moudon (VD)","Bussy-sur-Moudon (VD)","Waadt","Vaud","Vaud",8.82751764729619,FALSE,FALSE
22,5665,48.0412371134021,1165,1260,,,,2425,TRUE,"VD","Chavannes-sur-Moudon","Chavannes-sur-Moudon","Chavannes-sur-Moudon","Chavannes-sur-Moudon VD","Chavannes-sur-Moudon (VD)","Chavannes-sur-Moudon (VD)","Waadt","Vaud","Vaud",8.82751764729619,FALSE,FALSE
22,5669,38.1909547738693,2736,4428,,,,7164,TRUE,"VD","Curtilles","Curtilles","Curtilles","Curtilles VD","Curtilles (VD)","Curtilles (VD)","Waadt","Vaud","Vaud",8.82751764729619,FALSE,FALSE
22,5671,36.9460086121232,5577,9518,,,,15095,TRUE,"VD","Dompierre VD","Dompierre (VD)","Dompierre VD","Dompierre VD","Dompierre (VD)","Dompierre (VD)","Waadt","Vaud","Vaud",8.82751764729619,FALSE,FALSE
22,5673,74.0872874301344,6230,2179,,,,8409,TRUE,"VD","Hermenches","Hermenches","Hermenches","Hermenches VD","Hermenches (VD)","Hermenches (VD)","Waadt","Vaud","Vaud",8.82751764729619,FALSE,FALSE
22,5674,51.2863733144074,5781,5491,,,,11272,TRUE,"VD","Lovatens","Lovatens","Lovatens","Lovatens VD","Lovatens (VD)","Lovatens (VD)","Waadt","Vaud","Vaud",8.82751764729619,FALSE,FALSE
22,5675,51.7975567190227,7420,6905,,,,14325,TRUE,"VD","Lucens","Lucens","Lucens","Lucens VD","Lucens (VD)","Lucens (VD)","Waadt","Vaud","Vaud",8.82751764729619,FALSE,FALSE
22,5678,60.3095852351657,6078,4000,,,,10078,TRUE,"VD","Moudon","Moudon","Moudon","Moudon VD","Moudon (VD)","Moudon (VD)","Waadt","Vaud","Vaud",8.82751764729619,FALSE,FALSE
22,5680,17.4242424242424,989,4687,,,,5676,TRUE,"VD","Ogens","Ogens","Ogens","Ogens VD","Ogens (VD)","Ogens (VD)","Waadt","Vaud","Vaud",8.82751764729619,FALSE,FALSE
22,5683,30.9721543722521,2536,5652,,,,8188,TRUE,"VD","Prévonloup","Prévonloup","Prévonloup","Prévonloup VD","Prévonloup (VD)","Prévonloup (VD)","Waadt","Vaud","Vaud",8.82751764729619,FALSE,FALSE
22,5684,51.4056495651588,7625,7208,,,,14833,TRUE,"VD","Rossenges","Rossenges","Rossenges","Rossenges VD","Rossenges (VD)","Rossenges (VD)","Waadt","Vaud","Vaud",8.82751764729619,FALSE,FALSE
22,5688,60.1241501625776,6102,4047,,,,10149,TRUE,"VD","Syens","Syens","Syens","Syens VD","Syens (VD)","Syens (VD)","Waadt","Vaud","Vaud",8.82751764729619,FALSE,FALSE
22,5690,6.85408299866131,512,6958,,,,7470,TRUE,"VD","Villars-le-Comte","Villars-le-Comte","Villars-le-Comte","Villars-le-Comte VD","Villars-le-Comte (VD)","Villars-le-Comte (VD)","Waadt","Vaud","Vaud",8.82751764729619,FALSE,FALSE
22,5692,41.7510963254196,5522,7704,,,,13226,TRUE,"VD","Vucherens","Vucherens","Vucherens","Vucherens VD","Vucherens (VD)","Vucherens (VD)","Waadt","Vaud","Vaud",8.82751764729619,FALSE,FALSE
22,5693,77.6423618407228,7390,2128,,,,9518,TRUE,"VD","Montanaire","Montanaire","Montanaire","Montanaire VD","Montanaire (VD)","Montanaire (VD)","Waadt","Vaud","Vaud",8.82751764729619,FALSE,FALSE
22,5701,57.5600082062504,8417,6206,,,,14623,TRUE,"VD","Arnex-sur-Nyon","Arnex-sur-Nyon","Arnex-sur-Nyon","Arnex-sur-Nyon VD","Arnex-sur-Nyon (VD)","Arnex-sur-Nyon (VD)","Waadt","Vaud","Vaud",8.82751764729619,FALSE,FALSE
22,5702,42.5323357113856,7333,9908,,,,17241,TRUE,"VD","Arzier-Le Muids","Arzier-Le Muids","Arzier-Le Muids","Arzier-Le Muids VD","Arzier-Le Muids (VD)","Arzier-Le Muids (VD)","Waadt","Vaud","Vaud",8.82751764729619,FALSE,FALSE
22,5703,82.9887218045113,883,181,,,,1064,TRUE,"VD","Bassins","Bassins","Bassins","Bassins VD","Bassins (VD)","Bassins (VD)","Waadt","Vaud","Vaud",8.82751764729619,FALSE,FALSE
22,5704,37.2591314351452,2591,4363,,,,6954,TRUE,"VD","Begnins","Begnins","Begnins","Begnins VD","Begnins (VD)","Begnins (VD)","Waadt","Vaud","Vaud",8.82751764729619,FALSE,FALSE
22,5705,3.69802317655078,217,5651,,,,5868,TRUE,"VD","Bogis-Bossey","Bogis-Bossey","Bogis-Bossey","Bogis-Bossey VD","Bogis-Bossey (VD)","Bogis-Bossey (VD)","Waadt","Vaud","Vaud",8.82751764729619,FALSE,FALSE
22,5706,41.3137424373379,478,679,,,,1157,TRUE,"VD","Borex","Borex","Borex","Borex VD","Borex (VD)","Borex (VD)","Waadt","Vaud","Vaud",8.82751764729619,FALSE,FALSE
22,5707,49.3161546085233,7464,7671,,,,15135,TRUE,"VD","Chavannes-de-Bogis","Chavannes-de-Bogis","Chavannes-de-Bogis","Chavannes-de-Bogis VD","Chavannes-de-Bogis (VD)","Chavannes-de-Bogis (VD)","Waadt","Vaud","Vaud",8.82751764729619,FALSE,FALSE
22,5708,58.2259076022577,8356,5995,,,,14351,TRUE,"VD","Chavannes-des-Bois","Chavannes-des-Bois","Chavannes-des-Bois","Chavannes-des-Bois VD","Chavannes-des-Bois (VD)","Chavannes-des-Bois (VD)","Waadt","Vaud","Vaud",8.82751764729619,FALSE,FALSE
22,5709,8.39607898849268,591,6448,,,,7039,TRUE,"VD","Chéserex","Chéserex","Chéserex","Chéserex VD","Chéserex (VD)","Chéserex (VD)","Waadt","Vaud","Vaud",8.82751764729619,FALSE,FALSE
22,5710,46.5639936271907,4384,5031,,,,9415,TRUE,"VD","Coinsins","Coinsins","Coinsins","Coinsins VD","Coinsins (VD)","Coinsins (VD)","Waadt","Vaud","Vaud",8.82751764729619,FALSE,FALSE
22,5711,34.427877366393,2055,3914,,,,5969,TRUE,"VD","Commugny","Commugny","Commugny","Commugny VD","Commugny (VD)","Commugny (VD)","Waadt","Vaud","Vaud",8.82751764729619,FALSE,FALSE
22,5712,51.9700859470923,4656,4303,,,,8959,TRUE,"VD","Coppet","Coppet","Coppet","Coppet VD","Coppet (VD)","Coppet (VD)","Waadt","Vaud","Vaud",8.82751764729619,FALSE,FALSE
22,5713,38.6617781851512,2109,3346,,,,5455,TRUE,"VD","Crans-près-Céligny","Crans-près-Céligny","Crans-près-Céligny","Crans-près-Céligny VD","Crans-près-Céligny (VD)","Crans-près-Céligny (VD)","Waadt","Vaud","Vaud",8.82751764729619,FALSE,FALSE
22,5714,5.75401582354352,480,7862,,,,8342,TRUE,"VD","Crassier","Crassier","Crassier","Crassier VD","Crassier (VD)","Crassier (VD)","Waadt","Vaud","Vaud",8.82751764729619,FALSE,FALSE
22,5715,23.5987226076423,2143,6938,,,,9081,TRUE,"VD","Duillier","Duillier","Duillier","Duillier VD","Duillier (VD)","Duillier (VD)","Waadt","Vaud","Vaud",8.82751764729619,FALSE,FALSE
22,5716,32.1157606570199,4106,8679,,,,12785,TRUE,"VD","Eysins","Eysins","Eysins","Eysins VD","Eysins (VD)","Eysins (VD)","Waadt","Vaud","Vaud",8.82751764729619,FALSE,FALSE
22,5717,76.7254257544069,7704,2337,,,,10041,TRUE,"VD","Founex","Founex","Founex","Founex VD","Founex (VD)","Founex (VD)","Waadt","Vaud","Vaud",8.82751764729619,FALSE,FALSE
22,5718,9.21985815602837,182,1792,,,,1974,TRUE,"VD","Genolier","Genolier","Genolier","Genolier VD","Genolier (VD)","Genolier (VD)","Waadt","Vaud","Vaud",8.82751764729619,FALSE,FALSE
22,5719,16.9422423556059,1496,7334,,,,8830,TRUE,"VD","Gingins","Gingins","Gingins","Gingins VD","Gingins (VD)","Gingins (VD)","Waadt","Vaud","Vaud",8.82751764729619,FALSE,FALSE
22,5720,1.6922906758102,153,8888,,,,9041,TRUE,"VD","Givrins","Givrins","Givrins","Givrins VD","Givrins (VD)","Givrins (VD)","Waadt","Vaud","Vaud",8.82751764729619,FALSE,FALSE
22,5721,21.7218543046358,1804,6501,,,,8305,TRUE,"VD","Gland","Gland","Gland","Gland VD","Gland (VD)","Gland (VD)","Waadt","Vaud","Vaud",8.82751764729619,FALSE,FALSE
22,5722,45.6316986034427,4215,5022,,,,9237,TRUE,"VD","Grens","Grens","Grens","Grens VD","Grens (VD)","Grens (VD)","Waadt","Vaud","Vaud",8.82751764729619,FALSE,FALSE
22,5723,72.394238403085,6383,2434,,,,8817,TRUE,"VD","Mies","Mies","Mies","Mies VD","Mies (VD)","Mies (VD)","Waadt","Vaud","Vaud",8.82751764729619,FALSE,FALSE
22,5724,52.7881836669164,9864,8822,,,,18686,TRUE,"VD","Nyon","Nyon","Nyon","Nyon VD","Nyon (VD)","Nyon (VD)","Waadt","Vaud","Vaud",8.82751764729619,FALSE,FALSE
22,5725,98.8058642705131,8357,101,,,,8458,TRUE,"VD","Prangins","Prangins","Prangins","Prangins VD","Prangins (VD)","Prangins (VD)","Waadt","Vaud","Vaud",8.82751764729619,FALSE,FALSE
22,5726,75.4895879486043,8519,2766,,,,11285,TRUE,"VD","La Rippe","La Rippe","La Rippe","La Rippe VD","La Rippe (VD)","La Rippe (VD)","Waadt","Vaud","Vaud",8.82751764729619,FALSE,FALSE
22,5727,48.6790763129278,7610,8023,,,,15633,TRUE,"VD","Saint-Cergue","Saint-Cergue","Saint-Cergue","Saint-Cergue VD","Saint-Cergue (VD)","Saint-Cergue (VD)","Waadt","Vaud","Vaud",8.82751764729619,FALSE,FALSE
22,5728,45.1528527055746,5524,6710,,,,12234,TRUE,"VD","Signy-Avenex","Signy-Avenex","Signy-Avenex","Signy-Avenex VD","Signy-Avenex (VD)","Signy-Avenex (VD)","Waadt","Vaud","Vaud",8.82751764729619,FALSE,FALSE
22,5729,60.6901217861976,897,581,,,,1478,TRUE,"VD","Tannay","Tannay","Tannay","Tannay VD","Tannay (VD)","Tannay (VD)","Waadt","Vaud","Vaud",8.82751764729619,FALSE,FALSE
22,5730,74.2478941034898,2468,856,,,,3324,TRUE,"VD","Trélex","Trélex","Trélex","Trélex VD","Trélex (VD)","Trélex (VD)","Waadt","Vaud","Vaud",8.82751764729619,FALSE,FALSE
22,5731,67.7152784298995,7211,3438,,,,10649,TRUE,"VD","Le Vaud","Le Vaud","Le Vaud","Le Vaud VD","Le Vaud (VD)","Le Vaud (VD)","Waadt","Vaud","Vaud",8.82751764729619,FALSE,FALSE
22,5732,25.0039651070579,3153,9457,,,,12610,TRUE,"VD","Vich","Vich","Vich","Vich VD","Vich (VD)","Vich (VD)","Waadt","Vaud","Vaud",8.82751764729619,FALSE,FALSE
22,5741,39.3726338561385,2184,3363,,,,5547,TRUE,"VD","L'Abergement","L'Abergement","L'Abergement","L'Abergement VD","L'Abergement (VD)","L'Abergement (VD)","Waadt","Vaud","Vaud",8.82751764729619,FALSE,FALSE
22,5742,90.8098271155596,3992,404,,,,4396,TRUE,"VD","Agiez","Agiez","Agiez","Agiez VD","Agiez (VD)","Agiez (VD)","Waadt","Vaud","Vaud",8.82751764729619,FALSE,FALSE
22,5743,30.9204167114166,2879,6432,,,,9311,TRUE,"VD","Arnex-sur-Orbe","Arnex-sur-Orbe","Arnex-sur-Orbe","Arnex-sur-Orbe VD","Arnex-sur-Orbe (VD)","Arnex-sur-Orbe (VD)","Waadt","Vaud","Vaud",8.82751764729619,FALSE,FALSE
22,5744,85.1578479324144,9576,1669,,,,11245,TRUE,"VD","Ballaigues","Ballaigues","Ballaigues","Ballaigues VD","Ballaigues (VD)","Ballaigues (VD)","Waadt","Vaud","Vaud",8.82751764729619,FALSE,FALSE
22,5745,28.1845173437613,3892,9917,,,,13809,TRUE,"VD","Baulmes","Baulmes","Baulmes","Baulmes VD","Baulmes (VD)","Baulmes (VD)","Waadt","Vaud","Vaud",8.82751764729619,FALSE,FALSE
22,5746,81.3898704358068,4837,1106,,,,5943,TRUE,"VD","Bavois","Bavois","Bavois","Bavois VD","Bavois (VD)","Bavois (VD)","Waadt","Vaud","Vaud",8.82751764729619,FALSE,FALSE
22,5747,30.3616912888436,1192,2734,,,,3926,TRUE,"VD","Bofflens","Bofflens","Bofflens","Bofflens VD","Bofflens (VD)","Bofflens (VD)","Waadt","Vaud","Vaud",8.82751764729619,FALSE,FALSE
22,5748,12.40855634781,1340,9459,,,,10799,TRUE,"VD","Bretonnières","Bretonnières","Bretonnières","Bretonnières VD","Bretonnières (VD)","Bretonnières (VD)","Waadt","Vaud","Vaud",8.82751764729619,FALSE,FALSE
22,5749,56.2667901806392,6074,4721,,,,10795,TRUE,"VD","Chavornay","Chavornay","Chavornay","Chavornay VD","Chavornay (VD)","Chavornay (VD)","Waadt","Vaud","Vaud",8.82751764729619,FALSE,FALSE
22,5750,85.7386557488912,5026,836,,,,5862,TRUE,"VD","Les Clées","Les Clées","Les Clées","Les Clées VD","Les Clées (VD)","Les Clées (VD)","Waadt","Vaud","Vaud",8.82751764729619,FALSE,FALSE
22,5752,83.7351066777501,3022,587,,,,3609,TRUE,"VD","Croy","Croy","Croy","Croy VD","Croy (VD)","Croy (VD)","Waadt","Vaud","Vaud",8.82751764729619,FALSE,FALSE
22,5754,37.0775821037601,2337,3966,,,,6303,TRUE,"VD","Juriens","Juriens","Juriens","Juriens VD","Juriens (VD)","Juriens (VD)","Waadt","Vaud","Vaud",8.82751764729619,FALSE,FALSE
22,5755,67.5851254480287,6034,2894,,,,8928,TRUE,"VD","Lignerolle","Lignerolle","Lignerolle","Lignerolle VD","Lignerolle (VD)","Lignerolle (VD)","Waadt","Vaud","Vaud",8.82751764729619,FALSE,FALSE
22,5756,49.6625042186973,5886,5966,,,,11852,TRUE,"VD","Montcherand","Montcherand","Montcherand","Montcherand VD","Montcherand (VD)","Montcherand (VD)","Waadt","Vaud","Vaud",8.82751764729619,FALSE,FALSE
22,5757,85.737308622079,4256,708,,,,4964,TRUE,"VD","Orbe","Orbe","Orbe","Orbe VD","Orbe (VD)","Orbe (VD)","Waadt","Vaud","Vaud",8.82751764729619,FALSE,FALSE
22,5758,45.1236613972463,7079,8609,,,,15688,TRUE,"VD","La Praz","La Praz","La Praz","La Praz VD","La Praz (VD)","La Praz (VD)","Waadt","Vaud","Vaud",8.82751764729619,FALSE,FALSE
22,5759,61.3966808635629,8361,5257,,,,13618,TRUE,"VD","Premier","Premier","Premier","Premier VD","Premier (VD)","Premier (VD)","Waadt","Vaud","Vaud",8.82751764729619,FALSE,FALSE
22,5760,67.3131859870696,8954,4348,,,,13302,TRUE,"VD","Rances","Rances","Rances","Rances VD","Rances (VD)","Rances (VD)","Waadt","Vaud","Vaud",8.82751764729619,FALSE,FALSE
22,5761,33.2722346190628,4175,8373,,,,12548,TRUE,"VD","Romainmôtier-Envy","Romainmôtier-Envy","Romainmôtier-Envy","Romainmôtier-Envy VD","Romainmôtier-Envy (VD)","Romainmôtier-Envy (VD)","Waadt","Vaud","Vaud",8.82751764729619,FALSE,FALSE
22,5762,90.4065620542083,5070,538,,,,5608,TRUE,"VD","Sergey","Sergey","Sergey","Sergey VD","Sergey (VD)","Sergey (VD)","Waadt","Vaud","Vaud",8.82751764729619,FALSE,FALSE
22,5763,54.9279780049011,9190,7541,,,,16731,TRUE,"VD","Valeyres-sous-Rances","Valeyres-sous-Rances","Valeyres-sous-Rances","Valeyres-sous-Rances VD","Valeyres-sous-Rances (VD)","Valeyres-sous-Rances (VD)","Waadt","Vaud","Vaud",8.82751764729619,FALSE,FALSE
22,5764,59.2351757237963,3826,2633,,,,6459,TRUE,"VD","Vallorbe","Vallorbe","Vallorbe","Vallorbe VD","Vallorbe (VD)","Vallorbe (VD)","Waadt","Vaud","Vaud",8.82751764729619,FALSE,FALSE
22,5765,69.5365769097423,6017,2636,,,,8653,TRUE,"VD","Vaulion","Vaulion","Vaulion","Vaulion VD","Vaulion (VD)","Vaulion (VD)","Waadt","Vaud","Vaud",8.82751764729619,FALSE,FALSE
22,5766,2.93071735131821,239,7916,,,,8155,TRUE,"VD","Vuiteboeuf","Vuiteboeuf","Vuiteboeuf","Vuiteboeuf VD","Vuiteboeuf (VD)","Vuiteboeuf (VD)","Waadt","Vaud","Vaud",8.82751764729619,FALSE,FALSE
22,5785,52.504181836072,5336,4827,,,,10163,TRUE,"VD","Corcelles-le-Jorat","Corcelles-le-Jorat","Corcelles-le-Jorat","Corcelles-le-Jorat VD","Corcelles-le-Jorat (VD)","Corcelles-le-Jorat (VD)","Waadt","Vaud","Vaud",8.82751764729619,FALSE,FALSE
22,5790,67.356622197772,9795,4747,,,,14542,TRUE,"VD","Maracon","Maracon","Maracon","Maracon VD","Maracon (VD)","Maracon (VD)","Waadt","Vaud","Vaud",8.82751764729619,FALSE,FALSE
22,5792,29.8010849909584,3296,7764,,,,11060,TRUE,"VD","Montpreveyres","Montpreveyres","Montpreveyres","Montpreveyres VD","Montpreveyres (VD)","Montpreveyres (VD)","Waadt","Vaud","Vaud",8.82751764729619,FALSE,FALSE
22,5798,77.7158774373259,2511,720,,,,3231,TRUE,"VD","Ropraz","Ropraz","Ropraz","Ropraz VD","Ropraz (VD)","Ropraz (VD)","Waadt","Vaud","Vaud",8.82751764729619,FALSE,FALSE
22,5799,60.5109961190168,3742,2442,,,,6184,TRUE,"VD","Servion","Servion","Servion","Servion VD","Servion (VD)","Servion (VD)","Waadt","Vaud","Vaud",8.82751764729619,FALSE,FALSE
22,5803,3.44961240310078,178,4982,,,,5160,TRUE,"VD","Vulliens","Vulliens","Vulliens","Vulliens VD","Vulliens (VD)","Vulliens (VD)","Waadt","Vaud","Vaud",8.82751764729619,FALSE,FALSE
22,5804,49.853228962818,4076,4100,,,,8176,TRUE,"VD","Jorat-Menthue","Jorat-Menthue","Jorat-Menthue","Jorat-Menthue VD","Jorat-Menthue (VD)","Jorat-Menthue (VD)","Waadt","Vaud","Vaud",8.82751764729619,FALSE,FALSE
22,5805,53.4546022328051,6847,5962,,,,12809,TRUE,"VD","Oron","Oron","Oron","Oron VD","Oron (VD)","Oron (VD)","Waadt","Vaud","Vaud",8.82751764729619,FALSE,FALSE
22,5806,66.2744049211019,9912,5044,,,,14956,TRUE,"VD","Jorat-Mézières","Jorat-Mézières","Jorat-Mézières","Jorat-Mézières VD","Jorat-Mézières (VD)","Jorat-Mézières (VD)","Waadt","Vaud","Vaud",8.82751764729619,FALSE,FALSE
22,5812,37.8,2646,4354,,,,7000,TRUE,"VD","Champtauroz","Champtauroz","Champtauroz","Champtauroz VD","Champtauroz (VD)","Champtauroz (VD)","Waadt","Vaud","Vaud",8.82751764729619,FALSE,FALSE
22,5813,63.4223134839151,4633,2672,,,,7305,TRUE,"VD","Chevroux","Chevroux","Chevroux","Chevroux VD","Chevroux (VD)","Chevroux (VD)","Waadt","Vaud","Vaud",8.82751764729619,FALSE,FALSE
22,5816,92.4386692057802,8252,675,,,,8927,TRUE,"VD","Corcelles-près-Payerne","Corcelles-près-Payerne","Corcelles-près-Payerne","Corcelles-près-Payerne VD","Corcelles-près-Payerne (VD)","Corcelles-près-Payerne (VD)","Waadt","Vaud","Vaud",8.82751764729619,FALSE,FALSE
22,5817,66.5940705353379,9479,4755,,,,14234,TRUE,"VD","Grandcour","Grandcour","Grandcour","Grandcour VD","Grandcour (VD)","Grandcour (VD)","Waadt","Vaud","Vaud",8.82751764729619,FALSE,FALSE
22,5819,57.1401527102922,9055,6792,,,,15847,TRUE,"VD","Henniez","Henniez","Henniez","Henniez VD","Henniez (VD)","Henniez (VD)","Waadt","Vaud","Vaud",8.82751764729619,FALSE,FALSE
22,5821,34.5780706571481,3778,7148,,,,10926,TRUE,"VD","Missy","Missy","Missy","Missy VD","Missy (VD)","Missy (VD)","Waadt","Vaud","Vaud",8.82751764729619,FALSE,FALSE
22,5822,95.3231568691133,8805,432,,,,9237,TRUE,"VD","Payerne","Payerne","Payerne","Payerne VD","Payerne (VD)","Payerne (VD)","Waadt","Vaud","Vaud",8.82751764729619,FALSE,FALSE
22,5827,46.8103772402557,3735,4244,,,,7979,TRUE,"VD","Trey","Trey","Trey","Trey VD","Trey (VD)","Trey (VD)","Waadt","Vaud","Vaud",8.82751764729619,FALSE,FALSE
22,5828,50.9985693848355,8912,8563,,,,17475,TRUE,"VD","Treytorrens (Payerne)","Treytorrens (Payerne)","Treytorrens (Payerne)","Treytorrens (Payerne) VD","Treytorrens (Payerne) (VD)","Treytorrens (Payerne) (VD)","Waadt","Vaud","Vaud",8.82751764729619,FALSE,FALSE
22,5830,27.4545235513794,2279,6022,,,,8301,TRUE,"VD","Villarzel","Villarzel","Villarzel","Villarzel VD","Villarzel (VD)","Villarzel (VD)","Waadt","Vaud","Vaud",8.82751764729619,FALSE,FALSE
22,5831,81.375,1953,447,,,,2400,TRUE,"VD","Valbroye","Valbroye","Valbroye","Valbroye VD","Valbroye (VD)","Valbroye (VD)","Waadt","Vaud","Vaud",8.82751764729619,FALSE,FALSE
22,5841,54.345957715006,9485,7968,,,,17453,TRUE,"VD","Château-d'Oex","Château-d'Oex","Château-d'Oex","Château-d'Oex VD","Château-d'Oex (VD)","Château-d'Oex (VD)","Waadt","Vaud","Vaud",8.82751764729619,FALSE,FALSE
22,5842,5.7194101235552,287,4731,,,,5018,TRUE,"VD","Rossinière","Rossinière","Rossinière","Rossinière VD","Rossinière (VD)","Rossinière (VD)","Waadt","Vaud","Vaud",8.82751764729619,FALSE,FALSE
22,5843,95.5936173327478,6530,301,,,,6831,TRUE,"VD","Rougemont","Rougemont","Rougemont","Rougemont VD","Rougemont (VD)","Rougemont (VD)","Waadt","Vaud","Vaud",8.82751764729619,FALSE,FALSE
22,5851,74.7900020487605,7301,2461,,,,9762,TRUE,"VD","Allaman","Allaman","Allaman","Allaman VD","Allaman (VD)","Allaman (VD)","Waadt","Vaud","Vaud",8.82751764729619,FALSE,FALSE
22,5852,13.7369791666667,1055,6625,,,,7680,TRUE,"VD","Bursinel","Bursinel","Bursinel","Bursinel VD","Bursinel (VD)","Bursinel (VD)","Waadt","Vaud","Vaud",8.82751764729619,FALSE,FALSE
22,5853,42.4981219695418,6223,8420,,,,14643,TRUE,"VD","Bursins","Bursins","Bursins","Bursins VD","Bursins (VD)","Bursins (VD)","Waadt","Vaud","Vaud",8.82751764729619,FALSE,FALSE
22,5854,29.9175866894729,3848,9014,,,,12862,TRUE,"VD","Burtigny","Burtigny","Burtigny","Burtigny VD","Burtigny (VD)","Burtigny (VD)","Waadt","Vaud","Vaud",8.82751764729619,FALSE,FALSE
22,5855,37.6936697653829,1703,2815,,,,4518,TRUE,"VD","Dully","Dully","Dully","Dully VD","Dully (VD)","Dully (VD)","Waadt","Vaud","Vaud",8.82751764729619,FALSE,FALSE
22,5856,48.0480989076128,5674,6135,,,,11809,TRUE,"VD","Essertines-sur-Rolle","Essertines-sur-Rolle","Essertines-sur-Rolle","Essertines-sur-Rolle VD","Essertines-sur-Rolle (VD)","Essertines-sur-Rolle (VD)","Waadt","Vaud","Vaud",8.82751764729619,FALSE,FALSE
22,5857,51.0756104202596,5627,5390,,,,11017,TRUE,"VD","Gilly","Gilly","Gilly","Gilly VD","Gilly (VD)","Gilly (VD)","Waadt","Vaud","Vaud",8.82751764729619,FALSE,FALSE
22,5858,34.8603625673689,2846,5318,,,,8164,TRUE,"VD","Luins","Luins","Luins","Luins VD","Luins (VD)","Luins (VD)","Waadt","Vaud","Vaud",8.82751764729619,FALSE,FALSE
22,5859,54.2143765903308,6818,5758,,,,12576,TRUE,"VD","Mont-sur-Rolle","Mont-sur-Rolle","Mont-sur-Rolle","Mont-sur-Rolle VD","Mont-sur-Rolle (VD)","Mont-sur-Rolle (VD)","Waadt","Vaud","Vaud",8.82751764729619,FALSE,FALSE
22,5860,8.56155618121321,669,7145,,,,7814,TRUE,"VD","Perroy","Perroy","Perroy","Perroy VD","Perroy (VD)","Perroy (VD)","Waadt","Vaud","Vaud",8.82751764729619,FALSE,FALSE
22,5861,50.0234137204402,4273,4269,,,,8542,TRUE,"VD","Rolle","Rolle","Rolle","Rolle VD","Rolle (VD)","Rolle (VD)","Waadt","Vaud","Vaud",8.82751764729619,FALSE,FALSE
22,5862,59.3269068154913,7016,4810,,,,11826,TRUE,"VD","Tartegnin","Tartegnin","Tartegnin","Tartegnin VD","Tartegnin (VD)","Tartegnin (VD)","Waadt","Vaud","Vaud",8.82751764729619,FALSE,FALSE
22,5863,57.1079097580864,8404,6312,,,,14716,TRUE,"VD","Vinzel","Vinzel","Vinzel","Vinzel VD","Vinzel (VD)","Vinzel (VD)","Waadt","Vaud","Vaud",8.82751764729619,FALSE,FALSE
22,5871,19.5049031332217,1631,6731,,,,8362,TRUE,"VD","L'Abbaye","L'Abbaye","L'Abbaye","L'Abbaye VD","L'Abbaye (VD)","L'Abbaye (VD)","Waadt","Vaud","Vaud",8.82751764729619,FALSE,FALSE
22,5872,43.6603924709652,5451,7034,,,,12485,TRUE,"VD","Le Chenit","Le Chenit","Le Chenit","Le Chenit VD","Le Chenit (VD)","Le Chenit (VD)","Waadt","Vaud","Vaud",8.82751764729619,FALSE,FALSE
22,5873,77.6992936427851,6160,1768,,,,7928,TRUE,"VD","Le Lieu","Le Lieu","Le Lieu","Le Lieu VD","Le Lieu (VD)","Le Lieu (VD)","Waadt","Vaud","Vaud",8.82751764729619,FALSE,FALSE
22,5882,72.5300189593427,3443,1304,,,,4747,TRUE,"VD","Chardonne","Chardonne","Chardonne","Chardonne VD","Chardonne (VD)","Chardonne (VD)","Waadt","Vaud","Vaud",8.82751764729619,FALSE,FALSE
22,5883,6.85430061870678,565,7678,,,,8243,TRUE,"VD","Corseaux","Corseaux","Corseaux","Corseaux VD","Corseaux (VD)","Corseaux (VD)","Waadt","Vaud","Vaud",8.82751764729619,FALSE,FALSE
22,5884,33.1478296063948,3276,6607,,,,9883,TRUE,"VD","Corsier-sur-Vevey","Corsier-sur-Vevey","Corsier-sur-Vevey","Corsier-sur-Vevey VD","Corsier-sur-Vevey (VD)","Corsier-sur-Vevey (VD)","Waadt","Vaud","Vaud",8.82751764729619,FALSE,FALSE
22,5885,79.1562586733278,2852,751,,,,3603,TRUE,"VD","Jongny","Jongny","Jongny","Jongny VD","Jongny (VD)","Jongny (VD)","Waadt","Vaud","Vaud",8.82751764729619,FALSE,FALSE
22,5886,62.8274372130705,4653,2753,,,,7406,TRUE,"VD","Montreux","Montreux","Montreux","Montreux VD","Montreux (VD)","Montreux (VD)","Waadt","Vaud","Vaud",8.82751764729619,FALSE,FALSE
22,5889,20.6912484982904,2239,8582,,,,10821,TRUE,"VD","La Tour-de-Peilz","La Tour-de-Peilz","La Tour-de-Peilz","La Tour-de-Peilz VD","La Tour-de-Peilz (VD)","La Tour-de-Peilz (VD)","Waadt","Vaud","Vaud",8.82751764729619,FALSE,FALSE
22,5890,11.8961352657005,394,2918,,,,3312,TRUE,"VD","Vevey","Vevey","Vevey","Vevey VD","Vevey (VD)","Vevey (VD)","Waadt","Vaud","Vaud",8.82751764729619,FALSE,FALSE
22,5891,40.7132243684993,3288,4788,,,,8076,TRUE,"VD","Veytaux","Veytaux","Veytaux","Veytaux VD","Veytaux (VD)","Veytaux (VD)","Waadt","Vaud","Vaud",8.82751764729619,FALSE,FALSE
22,5892,64.5840900835452,7112,3900,,,,11012,TRUE,"VD","Blonay-Saint-Légier","Blonay-Saint-Légier","Blonay-Saint-Légier","Blonay-Saint-Légier VD","Blonay-Saint-Légier (VD)","Blonay-Saint-Légier (((VD)))","Waadt","Vaud","Vaud",8.82751764729619,FALSE,FALSE
22,5902,92.7587738782763,4176,326,,,,4502,TRUE,"VD","Belmont-sur-Yverdon","Belmont-sur-Yverdon","Belmont-sur-Yverdon","Belmont-sur-Yverdon VD","Belmont-sur-Yverdon (VD)","Belmont-sur-Yverdon (VD)","Waadt","Vaud","Vaud",8.82751764729619,FALSE,FALSE
22,5903,55.854634650142,8653,6839,,,,15492,TRUE,"VD","Bioley-Magnoux","Bioley-Magnoux","Bioley-Magnoux","Bioley-Magnoux VD","Bioley-Magnoux (VD)","Bioley-Magnoux (VD)","Waadt","Vaud","Vaud",8.82751764729619,FALSE,FALSE
22,5904,73.9598761276424,5493,1934,,,,7427,TRUE,"VD","Chamblon","Chamblon","Chamblon","Chamblon VD","Chamblon (VD)","Chamblon (VD)","Waadt","Vaud","Vaud",8.82751764729619,FALSE,FALSE
22,5905,30.0279124430733,4088,9526,,,,13614,TRUE,"VD","Champvent","Champvent","Champvent","Champvent VD","Champvent (VD)","Champvent (VD)","Waadt","Vaud","Vaud",8.82751764729619,FALSE,FALSE
22,5907,61.4308225653955,9746,6119,,,,15865,TRUE,"VD","Chavannes-le-Chêne","Chavannes-le-Chêne","Chavannes-le-Chêne","Chavannes-le-Chêne VD","Chavannes-le-Chêne (VD)","Chavannes-le-Chêne (VD)","Waadt","Vaud","Vaud",8.82751764729619,FALSE,FALSE
22,5908,26.9617924017751,2491,6748,,,,9239,TRUE,"VD","Chêne-Pâquier","Chêne-Pâquier","Chêne-Pâquier","Chêne-Pâquier VD","Chêne-Pâquier (VD)","Chêne-Pâquier (VD)","Waadt","Vaud","Vaud",8.82751764729619,FALSE,FALSE
22,5909,9.46963873943121,616,5889,,,,6505,TRUE,"VD","Cheseaux-Noréaz","Cheseaux-Noréaz","Cheseaux-Noréaz","Cheseaux-Noréaz VD","Cheseaux-Noréaz (VD)","Cheseaux-Noréaz (VD)","Waadt","Vaud","Vaud",8.82751764729619,FALSE,FALSE
22,5910,10.976867540887,745,6042,,,,6787,TRUE,"VD","Cronay","Cronay","Cronay","Cronay VD","Cronay (VD)","Cronay (VD)","Waadt","Vaud","Vaud",8.82751764729619,FALSE,FALSE
22,5911,43.2018989845708,6552,8614,,,,15166,TRUE,"VD","Cuarny","Cuarny","Cuarny","Cuarny VD","Cuarny (VD)","Cuarny (VD)","Waadt","Vaud","Vaud",8.82751764729619,FALSE,FALSE
22,5912,39.0547466037582,4801,7492,,,,12293,TRUE,"VD","Démoret","Démoret","Démoret","Démoret VD","Démoret (VD)","Démoret (VD)","Waadt","Vaud","Vaud",8.82751764729619,FALSE,FALSE
22,5913,47.6255607834555,8705,9573,,,,18278,TRUE,"VD","Donneloye","Donneloye","Donneloye","Donneloye VD","Donneloye (VD)","Donneloye (VD)","Waadt","Vaud","Vaud",8.82751764729619,FALSE,FALSE
22,5914,43.5940868493994,5662,7326,,,,12988,TRUE,"VD","Ependes VD","Ependes (VD)","Ependes VD","Ependes VD","Ependes (VD)","Ependes (VD)","Waadt","Vaud","Vaud",8.82751764729619,FALSE,FALSE
22,5919,32.6892868363179,2081,4285,,,,6366,TRUE,"VD","Mathod","Mathod","Mathod","Mathod VD","Mathod (VD)","Mathod (VD)","Waadt","Vaud","Vaud",8.82751764729619,FALSE,FALSE
22,5921,22.5231646471846,1896,6522,,,,8418,TRUE,"VD","Molondin","Molondin","Molondin","Molondin VD","Molondin (VD)","Molondin (VD)","Waadt","Vaud","Vaud",8.82751764729619,FALSE,FALSE
22,5922,78.9506172839506,7674,2046,,,,9720,TRUE,"VD","Montagny-près-Yverdon","Montagny-près-Yverdon","Montagny-près-Yverdon","Montagny-près-Yverdon VD","Montagny-près-Yverdon (VD)","Montagny-près-Yverdon (VD)","Waadt","Vaud","Vaud",8.82751764729619,FALSE,FALSE
22,5923,62.8172970803652,6261,3706,,,,9967,TRUE,"VD","Oppens","Oppens","Oppens","Oppens VD","Oppens (VD)","Oppens (VD)","Waadt","Vaud","Vaud",8.82751764729619,FALSE,FALSE
22,5924,48.9334799340297,8901,9289,,,,18190,TRUE,"VD","Orges","Orges","Orges","Orges VD","Orges (VD)","Orges (VD)","Waadt","Vaud","Vaud",8.82751764729619,FALSE,FALSE
22,5925,63.2477006026007,9971,5794,,,,15765,TRUE,"VD","Orzens","Orzens","Orzens","Orzens VD","Orzens (VD)","Orzens (VD)","Waadt","Vaud","Vaud",8.82751764729619,FALSE,FALSE
22,5926,47.9619876345317,4189,4545,,,,8734,TRUE,"VD","Pomy","Pomy","Pomy","Pomy VD","Pomy (VD)","Pomy (VD)","Waadt","Vaud","Vaud",8.82751764729619,FALSE,FALSE
22,5928,69.6519959058342,9527,4151,,,,13678,TRUE,"VD","Rovray","Rovray","Rovray","Rovray VD","Rovray (VD)","Rovray (VD)","Waadt","Vaud","Vaud",8.82751764729619,FALSE,FALSE
22,5929,5.87596525096525,487,7801,,,,8288,TRUE,"VD","Suchy","Suchy","Suchy","Suchy VD","Suchy (VD)","Suchy (VD)","Waadt","Vaud","Vaud",8.82751764729619,FALSE,FALSE
22,5930,38.5094826818627,4325,6906,,,,11231,TRUE,"VD","Suscévaz","Suscévaz","Suscévaz","Suscévaz VD","Suscévaz (VD)","Suscévaz (VD)","Waadt","Vaud","Vaud",8.82751764729619,FALSE,FALSE
22,5931,31.093700538145,3929,8707,,,,12636,TRUE,"VD","Treycovagnes","Treycovagnes","Treycovagnes","Treycovagnes VD","Treycovagnes (VD)","Treycovagnes (VD)","Waadt","Vaud","Vaud",8.82751764729619,FALSE,FALSE
22,5932,99.5233231188287,2923,14,,,,2937,TRUE,"VD","Ursins","Ursins","Ursins","Ursins VD","Ursins (VD)","Ursins (VD)","Waadt","Vaud","Vaud",8.82751764729619,FALSE,FALSE
22,5933,70.1988155668359,3319,1409,,,,4728,TRUE,"VD","Valeyres-sous-Montagny","Valeyres-sous-Montagny","Valeyres-sous-Montagny","Valeyres-sous-Montagny VD","Valeyres-sous-Montagny (VD)","Valeyres-sous-Montagny (VD)","Waadt","Vaud","Vaud",8.82751764729619,FALSE,FALSE
22,5934,5.00860062733988,495,9388,,,,9883,TRUE,"VD","Valeyres-sous-Ursins","Valeyres-sous-Ursins","Valeyres-sous-Ursins","Valeyres-sous-Ursins VD","Valeyres-sous-Ursins (VD)","Valeyres-sous-Ursins (VD)","Waadt","Vaud","Vaud",8.82751764729619,FALSE,FALSE
22,5935,82.4531516183986,968,206,,,,1174,TRUE,"VD","Villars-Epeney","Villars-Epeney","Villars-Epeney","Villars-Epeney VD","Villars-Epeney (VD)","Villars-Epeney (VD)","Waadt","Vaud","Vaud",8.82751764729619,FALSE,FALSE
22,5937,15.7103192966219,679,3643,,,,4322,TRUE,"VD","Vugelles-La Mothe","Vugelles-La Mothe","Vugelles-La Mothe","Vugelles-La Mothe VD","Vugelles-La Mothe (VD)","Vugelles-La Mothe (VD)","Waadt","Vaud","Vaud",8.82751764729619,FALSE,FALSE
22,5938,39.691181720814,4447,6757,,,,11204,TRUE,"VD","Yverdon-les-Bains","Yverdon-les-Bains","Yverdon-les-Bains","Yverdon-les-Bains VD","Yverdon-les-Bains (VD)","Yverdon-les-Bains (VD)","Waadt","Vaud","Vaud",8.82751764729619,FALSE,FALSE
22,5939,45.1110097323601,5933,7219,,,,13152,TRUE,"VD","Yvonand","Yvonand","Yvonand","Yvonand VD","Yvonand (VD)","Yvonand (VD)","Waadt","Vaud","Vaud",8.82751764729619,FALSE,FALSE
23,6002,59.015188633023,9636,6692,,,,16328,TRUE,"VS","Brig-Glis","Brigue-Glis","Briga-Glis","Brig-Glis VS","Brigue-Glis (VS)","Briga-Glis (VS)","Wallis","Valais","Vallese",1.06889044400305,FALSE,FALSE
23,6004,20.0781330317672,1953,7774,,,,9727,TRUE,"VS","Eggerberg","Eggerberg","Eggerberg","Eggerberg VS","Eggerberg (VS)","Eggerberg (VS)","Wallis","Valais","Vallese",1.06889044400305,FALSE,FALSE
23,6007,59.0603158167228,9126,6326,,,,15452,TRUE,"VS","Naters","Naters","Naters","Naters VS","Naters (VS)","Naters (VS)","Wallis","Valais","Vallese",1.06889044400305,FALSE,FALSE
23,6008,58.3913965465011,3855,2747,,,,6602,TRUE,"VS","Ried-Brig","Ried-Brig","Ried-Brig","Ried-Brig VS","Ried-Brig (VS)","Ried-Brig (VS)","Wallis","Valais","Vallese",1.06889044400305,FALSE,FALSE
23,6009,36.8402408784981,1040,1783,,,,2823,TRUE,"VS","Simplon","Simplon","Sempione","Simplon VS","Simplon (VS)","Sempione (VS)","Wallis","Valais","Vallese",1.06889044400305,FALSE,FALSE
23,6010,44.9093943729137,3767,4621,,,,8388,TRUE,"VS","Termen","Termen","Termen","Termen VS","Termen (VS)","Termen (VS)","Wallis","Valais","Vallese",1.06889044400305,FALSE,FALSE
23,6011,13.1268436578171,801,5301,,,,6102,TRUE,"VS","Zwischbergen","Zwischbergen","Zwischbergen","Zwischbergen VS","Zwischbergen (VS)","Zwischbergen (VS)","Wallis","Valais","Vallese",1.06889044400305,FALSE,FALSE
23,6021,11.1067036890123,560,4482,,,,5042,TRUE,"VS","Ardon","Ardon","Ardon","Ardon VS","Ardon (VS)","Ardon (VS)","Wallis","Valais","Vallese",1.06889044400305,FALSE,FALSE
23,6022,34.4102119612324,4367,8324,,,,12691,TRUE,"VS","Chamoson","Chamoson","Chamoson","Chamoson VS","Chamoson (VS)","Chamoson (VS)","Wallis","Valais","Vallese",1.06889044400305,FALSE,FALSE
23,6023,27.5132786093675,2849,7506,,,,10355,TRUE,"VS","Conthey","Conthey","Conthey","Conthey VS","Conthey (VS)","Conthey (VS)","Wallis","Valais","Vallese",1.06889044400305,FALSE,FALSE
23,6024,60.134881978269,6420,4256,,,,10676,TRUE,"VS","Nendaz","Nendaz","Nendaz","Nendaz VS","Nendaz (VS)","Nendaz (VS)","Wallis","Valais","Vallese",1.06889044400305,FALSE,FALSE
23,6025,56.0219178082192,5112,4013,,,,9125,TRUE,"VS","Vétroz","Vétroz","Vétroz","Vétroz VS","Vétroz (VS)","Vétroz (VS)","Wallis","Valais","Vallese",1.06889044400305,FALSE,FALSE
23,6032,12.3576549978912,1172,8312,,,,9484,TRUE,"VS","Bourg-Saint-Pierre","Bourg-Saint-Pierre","Bourg-Saint-Pierre","Bourg-Saint-Pierre VS","Bourg-Saint-Pierre (VS)","Bourg-Saint-Pierre (VS)","Wallis","Valais","Vallese",1.06889044400305,FALSE,FALSE
23,6033,89.4381390113498,9535,1126,,,,10661,TRUE,"VS","Liddes","Liddes","Liddes","Liddes VS","Liddes (VS)","Liddes (VS)","Wallis","Valais","Vallese",1.06889044400305,FALSE,FALSE
23,6034,50.3958156629912,3565,3509,,,,7074,TRUE,"VS","Orsières","Orsières","Orsières","Orsières VS","Orsières (VS)","Orsières (VS)","Wallis","Valais","Vallese",1.06889044400305,FALSE,FALSE
23,6035,0.380228136882129,33,8646,,,,8679,TRUE,"VS","Sembrancher","Sembrancher","Sembrancher","Sembrancher VS","Sembrancher (VS)","Sembrancher (VS)","Wallis","Valais","Vallese",1.06889044400305,FALSE,FALSE
23,6037,47.7984926616422,6025,6580,,,,12605,TRUE,"VS","Val de Bagnes","Val de Bagnes","Val de Bagnes","Val de Bagnes VS","Val de Bagnes (VS)","Val de Bagnes (VS)","Wallis","Valais","Vallese",1.06889044400305,FALSE,FALSE
23,6052,75.92,6643,2107,,,,8750,TRUE,"VS","Bellwald","Bellwald","Bellwald","Bellwald VS","Bellwald (VS)","Bellwald (VS)","Wallis","Valais","Vallese",1.06889044400305,FALSE,FALSE
23,6054,79.9806576402321,9924,2484,,,,12408,TRUE,"VS","Binn","Binn","Binn","Binn VS","Binn (VS)","Binn (VS)","Wallis","Valais","Vallese",1.06889044400305,FALSE,FALSE
23,6056,57.8384877429697,8659,6312,,,,14971,TRUE,"VS","Ernen","Ernen","Ernen","Ernen VS","Ernen (VS)","Ernen (VS)","Wallis","Valais","Vallese",1.06889044400305,FALSE,FALSE
23,6057,16.9354838709677,504,2472,,,,2976,TRUE,"VS","Fiesch","Fiesch","Fiesch","Fiesch VS","Fiesch (VS)","Fiesch (VS)","Wallis","Valais","Vallese",1.06889044400305,FALSE,FALSE
23,6058,39.2959086584206,2891,4466,,,,7357,TRUE,"VS","Fieschertal","Fieschertal","Fieschertal","Fieschertal VS","Fieschertal (VS)","Fieschertal (VS)","Wallis","Valais","Vallese",1.06889044400305,FALSE,FALSE
23,6061,61.5859938208033,1196,746,,,,1942,TRUE,"VS","Lax","Lax","Lax","Lax VS","Lax (VS)","Lax (VS)","Wallis","Valais","Vallese",1.06889044400305,FALSE,FALSE
23,6076,3.22402358142962,175,5253,,,,5428,TRUE,"VS","Obergoms","Obergoms","Obergoms","Obergoms VS","Obergoms (VS)","Obergoms (VS)","Wallis","Valais","Vallese",1.06889044400305,FALSE,FALSE
23,6077,65.4778887303852,9180,4840,,,,14020,TRUE,"VS","Goms","Goms","Goms","Goms VS","Goms (VS)","Goms (VS)","Wallis","Valais","Vallese",1.06889044400305,FALSE,FALSE
23,6082,32.3615845774068,2753,5754,,,,8507,TRUE,"VS","Ayent","Ayent","Ayent","Ayent VS","Ayent (VS)","Ayent (VS)","Wallis","Valais","Vallese",1.06889044400305,FALSE,FALSE
23,6083,36.8435392684422,5409,9272,,,,14681,TRUE,"VS","Evolène","Evolène","Evolène","Evolène VS","Evolène (VS)","Evolène (VS)","Wallis","Valais","Vallese",1.06889044400305,FALSE,FALSE
23,6084,8.22067160924553,377,4209,,,,4586,TRUE,"VS","Hérémence","Hérémence","Hérémence","Hérémence VS","Hérémence (VS)","Hérémence (VS)","Wallis","Valais","Vallese",1.06889044400305,FALSE,FALSE
23,6087,51.2198173401727,8188,7798,,,,15986,TRUE,"VS","Saint-Martin VS","Saint-Martin (VS)","Saint-Martin VS","Saint-Martin VS","Saint-Martin (VS)","Saint-Martin (VS)","Wallis","Valais","Vallese",1.06889044400305,FALSE,FALSE
23,6089,64.1927641927642,4489,2504,,,,6993,TRUE,"VS","Vex","Vex","Vex","Vex VS","Vex (VS)","Vex (VS)","Wallis","Valais","Vallese",1.06889044400305,FALSE,FALSE
23,6090,8.70810655972501,304,3187,,,,3491,TRUE,"VS","Mont-Noble","Mont-Noble","Mont-Noble","Mont-Noble VS","Mont-Noble (VS)","Mont-Noble (VS)","Wallis","Valais","Vallese",1.06889044400305,FALSE,FALSE
23,6101,66.9100529100529,6323,3127,,,,9450,TRUE,"VS","Agarn","Agarn","Agarn","Agarn VS","Agarn (VS)","Agarn (VS)","Wallis","Valais","Vallese",1.06889044400305,FALSE,FALSE
23,6102,47.9785709836168,7702,8351,,,,16053,TRUE,"VS","Albinen","Albinen","Albinen","Albinen VS","Albinen (VS)","Albinen (VS)","Wallis","Valais","Vallese",1.06889044400305,FALSE,FALSE
23,6104,28.8147827342284,3992,9862,,,,13854,TRUE,"VS","Ergisch","Ergisch","Ergisch","Ergisch VS","Ergisch (VS)","Ergisch (VS)","Wallis","Valais","Vallese",1.06889044400305,FALSE,FALSE
23,6109,46.2536490431398,5704,6628,,,,12332,TRUE,"VS","Inden","Inden","Inden","Inden VS","Inden (VS)","Inden (VS)","Wallis","Valais","Vallese",1.06889044400305,FALSE,FALSE
23,6110,36.9980569948187,2285,3891,,,,6176,TRUE,"VS","Leuk","Loèche","Loèche","Leuk VS","Loèche (VS)","Loèche (VS)","Wallis","Valais","Vallese",1.06889044400305,FALSE,FALSE
23,6111,27.7576555811656,2529,6582,,,,9111,TRUE,"VS","Leukerbad","Loèche-les-Bains","Loèche-les-Bains","Leukerbad VS","Loèche-les-Bains (VS)","Loèche-les-Bains (VS)","Wallis","Valais","Vallese",1.06889044400305,FALSE,FALSE
23,6112,36.4886472657499,3423,5958,,,,9381,TRUE,"VS","Oberems","Oberems","Oberems","Oberems VS","Oberems (VS)","Oberems (VS)","Wallis","Valais","Vallese",1.06889044400305,FALSE,FALSE
23,6113,76.8866826960366,9913,2980,,,,12893,TRUE,"VS","Salgesch","Salquenen","Salquenen","Salgesch VS","Salquenen (VS)","Salquenen (VS)","Wallis","Valais","Vallese",1.06889044400305,FALSE,FALSE
23,6116,45.8354221872091,6400,7563,,,,13963,TRUE,"VS","Varen","Varone","Varone","Varen VS","Varone (VS)","Varone (VS)","Wallis","Valais","Vallese",1.06889044400305,FALSE,FALSE
23,6117,59.9683396964336,6440,4299,,,,10739,TRUE,"VS","Guttet-Feschel","Guttet-Feschel","Guttet-Feschel","Guttet-Feschel VS","Guttet-Feschel (VS)","Guttet-Feschel (VS)","Wallis","Valais","Vallese",1.06889044400305,FALSE,FALSE
23,6118,98.1784615384615,7977,148,,,,8125,TRUE,"VS","Gampel-Bratsch","Gampel-Bratsch","Gampel-Bratsch","Gampel-Bratsch VS","Gampel-Bratsch (VS)","Gampel-Bratsch (VS)","Wallis","Valais","Vallese",1.06889044400305,FALSE,FALSE
23,6119,72.6255958929226,3961,1493,,,,5454,TRUE,"VS","Turtmann-Unterems","Turtmann-Unterems","Turtmann-Unterems","Turtmann-Unterems VS","Turtmann-Unterems (VS)","Turtmann-Unterems (VS)","Wallis","Valais","Vallese",1.06889044400305,FALSE,FALSE
23,6131,61.1157138911903,4426,2816,,,,7242,TRUE,"VS","Bovernier","Bovernier","Bovernier","Bovernier VS","Bovernier (VS)","Bovernier (VS)","Wallis","Valais","Vallese",1.06889044400305,FALSE,FALSE
23,6133,17.357310398749,1332,6342,,,,7674,TRUE,"VS","Fully","Fully","Fully","Fully VS","Fully (VS)","Fully (VS)","Wallis","Valais","Vallese",1.06889044400305,FALSE,FALSE
23,6134,51.3886606409203,6254,5916,,,,12170,TRUE,"VS","Isérables","Isérables","Isérables","Isérables VS","Isérables (VS)","Isérables (VS)","Wallis","Valais","Vallese",1.06889044400305,FALSE,FALSE
23,6135,34.9345701507371,4218,7856,,,,12074,TRUE,"VS","Leytron","Leytron","Leytron","Leytron VS","Leytron (VS)","Leytron (VS)","Wallis","Valais","Vallese",1.06889044400305,FALSE,FALSE
23,6136,89.5205094587001,9559,1119,,,,10678,TRUE,"VS","Martigny","Martigny","Martigny","Martigny VS","Martigny (VS)","Martigny (VS)","Wallis","Valais","Vallese",1.06889044400305,FALSE,FALSE
23,6137,85.7309445563448,8087,1346,,,,9433,TRUE,"VS","Martigny-Combe","Martigny-Combe","Martigny-Combe","Martigny-Combe VS","Martigny-Combe (VS)","Martigny-Combe (VS)","Wallis","Valais","Vallese",1.06889044400305,FALSE,FALSE
23,6139,87.5460235640648,9511,1353,,,,10864,TRUE,"VS","Riddes","Riddes","Riddes","Riddes VS","Riddes (VS)","Riddes (VS)","Wallis","Valais","Vallese",1.06889044400305,FALSE,FALSE
23,6140,55.378590078329,4242,3418,,,,7660,TRUE,"VS","Saillon","Saillon","Saillon","Saillon VS","Saillon (VS)","Saillon (VS)","Wallis","Valais","Vallese",1.06889044400305,FALSE,FALSE
23,6141,38.6016488783792,6040,9607,,,,15647,TRUE,"VS","Saxon","Saxon","Saxon","Saxon VS","Saxon (VS)","Saxon (VS)","Wallis","Valais","Vallese",1.06889044400305,FALSE,FALSE
23,6142,49.3938435589289,9371,9601,,,,18972,TRUE,"VS","Trient","Trient","Trient","Trient VS","Trient (VS)","Trient (VS)","Wallis","Valais","Vallese",1.06889044400305,FALSE,FALSE
23,6151,78.2703978422117,9286,2578,,,,11864,TRUE,"VS","Champéry","Champéry","Champéry","Champéry VS","Champéry (VS)","Champéry (VS)","Wallis","Valais","Vallese",1.06889044400305,FALSE,FALSE
23,6152,4.8135913166588,204,4034,,,,4238,TRUE,"VS","Collombey-Muraz","Collombey-Muraz","Collombey-Muraz","Collombey-Muraz VS","Collombey-Muraz (VS)","Collombey-Muraz (VS)","Wallis","Valais","Vallese",1.06889044400305,FALSE,FALSE
23,6153,72.3370569091389,8224,3145,,,,11369,TRUE,"VS","Monthey","Monthey","Monthey","Monthey VS","Monthey (VS)","Monthey (VS)","Wallis","Valais","Vallese",1.06889044400305,FALSE,FALSE
23,6154,13.2476968989231,1021,6686,,,,7707,TRUE,"VS","Port-Valais","Port-Valais","Port-Valais","Port-Valais VS","Port-Valais (VS)","Port-Valais (VS)","Wallis","Valais","Vallese",1.06889044400305,FALSE,FALSE
23,6155,90.0153609831029,9376,1040,,,,10416,TRUE,"VS","Saint-Gingolph","Saint-Gingolph","Saint-Gingolph","Saint-Gingolph VS","Saint-Gingolph (VS)","Saint-Gingolph (VS)","Wallis","Valais","Vallese",1.06889044400305,FALSE,FALSE
23,6156,46.7194043741275,8032,9160,,,,17192,TRUE,"VS","Troistorrents","Troistorrents","Troistorrents","Troistorrents VS","Troistorrents (VS)","Troistorrents (VS)","Wallis","Valais","Vallese",1.06889044400305,FALSE,FALSE
23,6157,54.9983907306083,8544,6991,,,,15535,TRUE,"VS","Val-d'Illiez","Val-d'Illiez","Val-d'Illiez","Val-d'Illiez VS","Val-d'Illiez (VS)","Val-d'Illiez (VS)","Wallis","Valais","Vallese",1.06889044400305,FALSE,FALSE
23,6158,44.5615982241953,8030,9990,,,,18020,TRUE,"VS","Vionnaz","Vionnaz","Vionnaz","Vionnaz VS","Vionnaz (VS)","Vionnaz (VS)","Wallis","Valais","Vallese",1.06889044400305,FALSE,FALSE
23,6159,23.418311171339,2765,9042,,,,11807,TRUE,"VS","Vouvry","Vouvry","Vouvry","Vouvry VS","Vouvry (VS)","Vouvry (VS)","Wallis","Valais","Vallese",1.06889044400305,FALSE,FALSE
23,6172,49.5397252513808,6996,7126,,,,14122,TRUE,"VS","Bister","Bister","Bister","Bister VS","Bister (VS)","Bister (VS)","Wallis","Valais","Vallese",1.06889044400305,FALSE,FALSE
23,6173,87.4669749009247,5297,759,,,,6056,TRUE,"VS","Bitsch","Bitsch","Bitsch","Bitsch VS","Bitsch (VS)","Bitsch (VS)","Wallis","Valais","Vallese",1.06889044400305,FALSE,FALSE
23,6177,34.0355736987899,4669,9049,,,,13718,TRUE,"VS","Grengiols","Grengiols","Grengiols","Grengiols VS","Grengiols (VS)","Grengiols (VS)","Wallis","Valais","Vallese",1.06889044400305,FALSE,FALSE
23,6181,58.691363437089,5355,3769,,,,9124,TRUE,"VS","Riederalp","Riederalp","Riederalp","Riederalp VS","Riederalp (VS)","Riederalp (VS)","Wallis","Valais","Vallese",1.06889044400305,FALSE,FALSE
23,6191,70.1275251100327,6214,2647,,,,8861,TRUE,"VS","Ausserberg","Ausserberg","Ausserberg","Ausserberg VS","Ausserberg (VS)","Ausserberg (VS)","Wallis","Valais","Vallese",1.06889044400305,FALSE,FALSE
23,6192,62.7707883570312,8432,5001,,,,13433,TRUE,"VS","Blatten","Blatten","Blatten","Blatten VS","Blatten (VS)","Blatten (VS)","Wallis","Valais","Vallese",1.06889044400305,FALSE,FALSE
23,6193,47.5254371233824,4811,5312,,,,10123,TRUE,"VS","Bürchen","Bürchen","Bürchen","Bürchen VS","Bürchen (VS)","Bürchen (VS)","Wallis","Valais","Vallese",1.06889044400305,FALSE,FALSE
23,6194,78.9637480023551,9388,2501,,,,11889,TRUE,"VS","Eischoll","Eischoll","Eischoll","Eischoll VS","Eischoll (VS)","Eischoll (VS)","Wallis","Valais","Vallese",1.06889044400305,FALSE,FALSE
23,6195,45.6311259861344,7635,9097,,,,16732,TRUE,"VS","Ferden","Ferden","Ferden","Ferden VS","Ferden (VS)","Ferden (VS)","Wallis","Valais","Vallese",1.06889044400305,FALSE,FALSE
23,6197,40.4351694572515,4999,7364,,,,12363,TRUE,"VS","Kippel","Kippel","Kippel","Kippel VS","Kippel (VS)","Kippel (VS)","Wallis","Valais","Vallese",1.06889044400305,FALSE,FALSE
23,6198,51.5721378065293,3428,3219,,,,6647,TRUE,"VS","Niedergesteln","Niedergesteln","Niedergesteln","Niedergesteln VS","Niedergesteln (VS)","Niedergesteln (VS)","Wallis","Valais","Vallese",1.06889044400305,FALSE,FALSE
23,6199,99.2594206055326,4557,34,,,,4591,TRUE,"VS","Raron","Rarogne","Rarogne","Raron VS","Rarogne (VS)","Rarogne (VS)","Wallis","Valais","Vallese",1.06889044400305,FALSE,FALSE
23,6201,1.56297420333839,103,6487,,,,6590,TRUE,"VS","Unterbäch","Unterbäch","Unterbäch","Unterbäch VS","Unterbäch (VS)","Unterbäch (VS)","Wallis","Valais","Vallese",1.06889044400305,FALSE,FALSE
23,6202,43.3466590519703,5313,6944,,,,12257,TRUE,"VS","Wiler (Lötschen)","Wiler (Lötschen)","Wiler (Lötschen)","Wiler (Lötschen) VS","Wiler (Lötschen) (VS)","Wiler (Lötschen) (VS)","Wallis","Valais","Vallese",1.06889044400305,FALSE,FALSE
23,6203,49.8804047838087,8133,8172,,,,16305,TRUE,"VS","Mörel-Filet","Mörel-Filet","Mörel-Filet","Mörel-Filet VS","Mörel-Filet (VS)","Mörel-Filet (VS)","Wallis","Valais","Vallese",1.06889044400305,FALSE,FALSE
23,6204,82.6067107966218,3619,762,,,,4381,TRUE,"VS","Steg-Hohtenn","Steg-Hohtenn","Steg-Hohtenn","Steg-Hohtenn VS","Steg-Hohtenn (VS)","Steg-Hohtenn (VS)","Wallis","Valais","Vallese",1.06889044400305,FALSE,FALSE
23,6205,0.981404958677686,57,5751,,,,5808,TRUE,"VS","Bettmeralp","Bettmeralp","Bettmeralp","Bettmeralp VS","Bettmeralp (VS)","Bettmeralp (VS)","Wallis","Valais","Vallese",1.06889044400305,FALSE,FALSE
23,6211,6.85131195335277,376,5112,,,,5488,TRUE,"VS","Collonges","Collonges","Collonges","Collonges VS","Collonges (VS)","Collonges (VS)","Wallis","Valais","Vallese",1.06889044400305,FALSE,FALSE
23,6212,66.7403405370006,8153,4063,,,,12216,TRUE,"VS","Dorénaz","Dorénaz","Dorénaz","Dorénaz VS","Dorénaz (VS)","Dorénaz (VS)","Wallis","Valais","Vallese",1.06889044400305,FALSE,FALSE
23,6213,82.2475570032573,4545,981,,,,5526,TRUE,"VS","Evionnaz","Evionnaz","Evionnaz","Evionnaz VS","Evionnaz (VS)","Evionnaz (VS)","Wallis","Valais","Vallese",1.06889044400305,FALSE,FALSE
23,6214,41.7756898192198,7025,9791,,,,16816,TRUE,"VS","Finhaut","Finhaut","Finhaut","Finhaut VS","Finhaut (VS)","Finhaut (VS)","Wallis","Valais","Vallese",1.06889044400305,FALSE,FALSE
23,6215,41.8440156356642,6744,9373,,,,16117,TRUE,"VS","Massongex","Massongex","Massongex","Massongex VS","Massongex (VS)","Massongex (VS)","Wallis","Valais","Vallese",1.06889044400305,FALSE,FALSE
23,6217,74.1492537313433,2484,866,,,,3350,TRUE,"VS","Saint-Maurice","Saint-Maurice","Saint-Maurice","Saint-Maurice VS","Saint-Maurice (VS)","Saint-Maurice (VS)","Wallis","Valais","Vallese",1.06889044400305,FALSE,FALSE
23,6218,57.3366428076657,9933,7391,,,,17324,TRUE,"VS","Salvan","Salvan","Salvan","Salvan VS","Salvan (VS)","Salvan (VS)","Wallis","Valais","Vallese",1.06889044400305,FALSE,FALSE
23,6219,46.1511526116137,7908,9227,,,,17135,TRUE,"VS","Vernayaz","Vernayaz","Vernayaz","Vernayaz VS","Vernayaz (VS)","Vernayaz (VS)","Wallis","Valais","Vallese",1.06889044400305,FALSE,FALSE
23,6220,34.8128190584231,2455,4597,,,,7052,TRUE,"VS","Vérossaz","Vérossaz","Vérossaz","Vérossaz VS","Vérossaz (VS)","Vérossaz (VS)","Wallis","Valais","Vallese",1.06889044400305,FALSE,FALSE
23,6232,7.51231527093596,610,7510,,,,8120,TRUE,"VS","Chalais","Chalais","Chalais","Chalais VS","Chalais (VS)","Chalais (VS)","Wallis","Valais","Vallese",1.06889044400305,FALSE,FALSE
23,6235,30.8947260414529,3011,6735,,,,9746,TRUE,"VS","Chippis","Chippis","Chippis","Chippis VS","Chippis (VS)","Chippis (VS)","Wallis","Valais","Vallese",1.06889044400305,FALSE,FALSE
23,6238,85.5317679558011,4954,838,,,,5792,TRUE,"VS","Grône","Grône","Grône","Grône VS","Grône (VS)","Grône (VS)","Wallis","Valais","Vallese",1.06889044400305,FALSE,FALSE
23,6239,15.6792803970223,1011,5437,,,,6448,TRUE,"VS","Icogne","Icogne","Icogne","Icogne VS","Icogne (VS)","Icogne (VS)","Wallis","Valais","Vallese",1.06889044400305,FALSE,FALSE
23,6240,66.5297889201066,9235,4646,,,,13881,TRUE,"VS","Lens","Lens","Lens","Lens VS","Lens (VS)","Lens (VS)","Wallis","Valais","Vallese",1.06889044400305,FALSE,FALSE
23,6246,33.677015755329,2907,5725,,,,8632,TRUE,"VS","Saint-Léonard","Saint-Léonard","Saint-Léonard","Saint-Léonard VS","Saint-Léonard (VS)","Saint-Léonard (VS)","Wallis","Valais","Vallese",1.06889044400305,FALSE,FALSE
23,6248,48.0662128712871,3107,3357,,,,6464,TRUE,"VS","Siders","Sierre","Sierre","Siders VS","Sierre (VS)","Sierre (VS)","Wallis","Valais","Vallese",1.06889044400305,FALSE,FALSE
23,6252,39.7684839432412,5325,8065,,,,13390,TRUE,"VS","Anniviers","Anniviers","Anniviers","Anniviers VS","Anniviers (VS)","Anniviers (VS)","Wallis","Valais","Vallese",1.06889044400305,FALSE,FALSE
23,6253,36.545897178863,5104,8862,,,,13966,TRUE,"VS","Crans-Montana","Crans-Montana","Crans-Montana","Crans-Montana VS","Crans-Montana (VS)","Crans-Montana (VS)","Wallis","Valais","Vallese",1.06889044400305,FALSE,FALSE
23,6254,49.1190690813734,5994,6209,,,,12203,TRUE,"VS","Noble-Contrée","Noble-Contrée","Noble-Contrée","Noble-Contrée VS","Noble-Contrée (VS)","Noble-Contrée (VS)","Wallis","Valais","Vallese",1.06889044400305,FALSE,FALSE
23,6261,54.4117647058824,2331,1953,,,,4284,TRUE,"VS","Arbaz","Arbaz","Arbaz","Arbaz VS","Arbaz (VS)","Arbaz (VS)","Wallis","Valais","Vallese",1.06889044400305,FALSE,FALSE
23,6263,48.4333034914951,3246,3456,,,,6702,TRUE,"VS","Grimisuat","Grimisuat","Grimisuat","Grimisuat VS","Grimisuat (VS)","Grimisuat (VS)","Wallis","Valais","Vallese",1.06889044400305,FALSE,FALSE
23,6265,79.2172211350293,8096,2124,,,,10220,TRUE,"VS","Savièse","Savièse","Savièse","Savièse VS","Savièse (VS)","Savièse (VS)","Wallis","Valais","Vallese",1.06889044400305,FALSE,FALSE
23,6266,42.9766414141414,5446,7226,,,,12672,TRUE,"VS","Sitten","Sion","Sion","Sitten VS","Sion (VS)","Sion (VS)","Wallis","Valais","Vallese",1.06889044400305,FALSE,FALSE
23,6267,52.0583190394511,9712,8944,,,,18656,TRUE,"VS","Veysonnaz","Veysonnaz","Veysonnaz","Veysonnaz VS","Veysonnaz (VS)","Veysonnaz (VS)","Wallis","Valais","Vallese",1.06889044400305,FALSE,FALSE
23,6281,23.0386252308681,2869,9584,,,,12453,TRUE,"VS","Baltschieder","Baltschieder","Baltschieder","Baltschieder VS","Baltschieder (VS)","Baltschieder (VS)","Wallis","Valais","Vallese",1.06889044400305,FALSE,FALSE
23,6282,27.2314049586777,659,1761,,,,2420,TRUE,"VS","Eisten","Eisten","Eisten","Eisten VS","Eisten (VS)","Eisten (VS)","Wallis","Valais","Vallese",1.06889044400305,FALSE,FALSE
23,6283,78.9037216828479,3901,1043,,,,4944,TRUE,"VS","Embd","Embd","Embd","Embd VS","Embd (VS)","Embd (VS)","Wallis","Valais","Vallese",1.06889044400305,FALSE,FALSE
23,6285,47.9763079960513,8748,9486,,,,18234,TRUE,"VS","Grächen","Grächen","Grächen","Grächen VS","Grächen (VS)","Grächen (VS)","Wallis","Valais","Vallese",1.06889044400305,FALSE,FALSE
23,6286,64.6178950231167,2376,1301,,,,3677,TRUE,"VS","Lalden","Lalden","Lalden","Lalden VS","Lalden (VS)","Lalden (VS)","Wallis","Valais","Vallese",1.06889044400305,FALSE,FALSE
23,6287,84.2473183078221,6990,1307,,,,8297,TRUE,"VS","Randa","Randa","Randa","Randa VS","Randa (VS)","Randa (VS)","Wallis","Valais","Vallese",1.06889044400305,FALSE,FALSE
23,6288,34.2531042267653,2731,5242,,,,7973,TRUE,"VS","Saas-Almagell","Saas-Almagell","Saas-Almagell","Saas-Almagell VS","Saas-Almagell (VS)","Saas-Almagell (VS)","Wallis","Valais","Vallese",1.06889044400305,FALSE,FALSE
23,6289,31.1276657902425,2131,4715,,,,6846,TRUE,"VS","Saas-Balen","Saas-Balen","Saas-Balen","Saas-Balen VS","Saas-Balen (VS)","Saas-Balen (VS)","Wallis","Valais","Vallese",1.06889044400305,FALSE,FALSE
23,6290,5.04567203131796,464,8732,,,,9196,TRUE,"VS","Saas-Fee","Saas-Fee","Saas-Fee","Saas-Fee VS","Saas-Fee (VS)","Saas-Fee (VS)","Wallis","Valais","Vallese",1.06889044400305,FALSE,FALSE
23,6291,40.4281270964201,6629,9768,,,,16397,TRUE,"VS","Saas-Grund","Saas-Grund","Saas-Grund","Saas-Grund VS","Saas-Grund (VS)","Saas-Grund (VS)","Wallis","Valais","Vallese",1.06889044400305,FALSE,FALSE
23,6292,6.32543585158695,283,4191,,,,4474,TRUE,"VS","St. Niklaus","Saint-Nicolas","Saint-Nicolas","St. Niklaus VS","Saint-Nicolas (VS)","Saint-Nicolas (VS)","Wallis","Valais","Vallese",1.06889044400305,FALSE,FALSE
23,6293,37.9250100792904,5644,9238,,,,14882,TRUE,"VS","Stalden VS","Stalden (VS)","Stalden VS","Stalden VS","Stalden (VS)","Stalden (VS)","Wallis","Valais","Vallese",1.06889044400305,FALSE,FALSE
23,6294,58.1916167664671,9718,6982,,,,16700,TRUE,"VS","Staldenried","Staldenried","Staldenried","Staldenried VS","Staldenried (VS)","Staldenried (VS)","Wallis","Valais","Vallese",1.06889044400305,FALSE,FALSE
23,6295,20.4761052443172,2288,8886,,,,11174,TRUE,"VS","Täsch","Täsch","Täsch","Täsch VS","Täsch (VS)","Täsch (VS)","Wallis","Valais","Vallese",1.06889044400305,FALSE,FALSE
23,6296,85.4754180184677,3425,582,,,,4007,TRUE,"VS","Törbel","Törbel","Törbel","Törbel VS","Törbel (VS)","Törbel (VS)","Wallis","Valais","Vallese",1.06889044400305,FALSE,FALSE
23,6297,61.4971751412429,2177,1363,,,,3540,TRUE,"VS","Visp","Viège","Viège","Visp VS","Viège (VS)","Viège (VS)","Wallis","Valais","Vallese",1.06889044400305,FALSE,FALSE
23,6298,45.5483511120407,6533,7810,,,,14343,TRUE,"VS","Visperterminen","Visperterminen","Visperterminen","Visperterminen VS","Visperterminen (VS)","Visperterminen (VS)","Wallis","Valais","Vallese",1.06889044400305,FALSE,FALSE
23,6299,54.4754571703561,8490,7095,,,,15585,TRUE,"VS","Zeneggen","Zeneggen","Zeneggen","Zeneggen VS","Zeneggen (VS)","Zeneggen (VS)","Wallis","Valais","Vallese",1.06889044400305,FALSE,FALSE
23,6300,49.1143048128342,5878,6090,,,,11968,TRUE,"VS","Zermatt","Zermatt","Zermatt","Zermatt VS","Zermatt (VS)","Zermatt (VS)","Wallis","Valais","Vallese",1.06889044400305,FALSE,FALSE
24,6404,29.0115761353517,1629,3986,,,,5615,TRUE,"NE","Boudry","Boudry","Boudry","Boudry NE","Boudry (NE)","Boudry (NE)","Neuenburg","Neuchâtel","Neuchâtel",45.5606200732291,FALSE,FALSE
24,6408,88.2063882063882,3590,480,,,,4070,TRUE,"NE","Cortaillod","Cortaillod","Cortaillod","Cortaillod NE","Cortaillod (NE)","Cortaillod (NE)","Neuenburg","Neuchâtel","Neuchâtel",45.5606200732291,FALSE,FALSE
24,6413,64.7927858787414,6754,3670,,,,10424,TRUE,"NE","Rochefort","Rochefort","Rochefort","Rochefort NE","Rochefort (NE)","Rochefort (NE)","Neuenburg","Neuchâtel","Neuchâtel",45.5606200732291,FALSE,FALSE
24,6416,3.69609856262834,216,5628,,,,5844,TRUE,"NE","Milvignes","Milvignes","Milvignes","Milvignes NE","Milvignes (NE)","Milvignes (NE)","Neuenburg","Neuchâtel","Neuchâtel",45.5606200732291,FALSE,FALSE
24,6417,10.0716710675217,267,2384,,,,2651,TRUE,"NE","La Grande Béroche","La Grande Béroche","La Grande Béroche","La Grande Béroche NE","La Grande Béroche (NE)","La Grande Béroche (NE)","Neuenburg","Neuchâtel","Neuchâtel",45.5606200732291,FALSE,FALSE
24,6421,33.5604770017036,3349,6630,,,,9979,TRUE,"NE","La Chaux-de-Fonds","La Chaux-de-Fonds","La Chaux-de-Fonds","La Chaux-de-Fonds NE","La Chaux-de-Fonds (NE)","La Chaux-de-Fonds (NE)","Neuenburg","Neuchâtel","Neuchâtel",45.5606200732291,FALSE,FALSE
24,6422,64.4003501604902,4414,2440,,,,6854,TRUE,"NE","Les Planchettes","Les Planchettes","Les Planchettes","Les Planchettes NE","Les Planchettes (NE)","Les Planchettes (NE)","Neuenburg","Neuchâtel","Neuchâtel",45.5606200732291,FALSE,FALSE
24,6423,4.18426103646833,327,7488,,,,7815,TRUE,"NE","La Sagne","La Sagne","La Sagne","La Sagne NE","La Sagne (NE)","La Sagne (NE)","Neuenburg","Neuchâtel","Neuchâtel",45.5606200732291,FALSE,FALSE
24,6432,38.8695707150534,6148,9669,,,,15817,TRUE,"NE","La Brévine","La Brévine","La Brévine","La BréviNE","La Brévine (NE)","La (BréviNE)","Neuenburg","Neuchâtel","Neuchâtel",45.5606200732291,FALSE,FALSE
24,6433,8.5126682921658,803,8630,,,,9433,TRUE,"NE","Brot-Plamboz","Brot-Plamboz","Brot-Plamboz","Brot-Plamboz NE","Brot-Plamboz (NE)","Brot-Plamboz (NE)","Neuenburg","Neuchâtel","Neuchâtel",45.5606200732291,FALSE,FALSE
24,6434,12.4113861926055,1138,8031,,,,9169,TRUE,"NE","Le Cerneux-Péquignot","Le Cerneux-Péquignot","Le Cerneux-Péquignot","Le Cerneux-Péquignot NE","Le Cerneux-Péquignot (NE)","Le Cerneux-Péquignot (NE)","Neuenburg","Neuchâtel","Neuchâtel",45.5606200732291,FALSE,FALSE
24,6435,51.3921864882366,2381,2252,,,,4633,TRUE,"NE","La Chaux-du-Milieu","La Chaux-du-Milieu","La Chaux-du-Milieu","La Chaux-du-Milieu NE","La Chaux-du-Milieu (NE)","La Chaux-du-Milieu (NE)","Neuenburg","Neuchâtel","Neuchâtel",45.5606200732291,FALSE,FALSE
24,6436,43.2512073340427,5284,6933,,,,12217,TRUE,"NE","Le Locle","Le Locle","Le Locle","Le Locle NE","Le Locle (NE)","Le Locle (NE)","Neuenburg","Neuchâtel","Neuchâtel",45.5606200732291,FALSE,FALSE
24,6437,73.7711333750783,9425,3351,,,,12776,TRUE,"NE","Les Ponts-de-Martel","Les Ponts-de-Martel","Les Ponts-de-Martel","Les Ponts-de-Martel NE","Les Ponts-de-Martel (NE)","Les Ponts-de-Martel (NE)","Neuenburg","Neuchâtel","Neuchâtel",45.5606200732291,FALSE,FALSE
24,6451,84.5697329376855,3420,624,,,,4044,TRUE,"NE","Cornaux","Cornaux","Cornaux","Cornaux NE","Cornaux (NE)","Cornaux (NE)","Neuenburg","Neuchâtel","Neuchâtel",45.5606200732291,FALSE,FALSE
24,6452,64.54893274265,6411,3521,,,,9932,TRUE,"NE","Cressier NE","Cressier (NE)","Cressier NE","Cressier NE","Cressier (NE)","Cressier (NE)","Neuenburg","Neuchâtel","Neuchâtel",45.5606200732291,FALSE,FALSE
24,6455,50.7204610951009,6864,6669,,,,13533,TRUE,"NE","Le Landeron","Le Landeron","Le Landeron","Le Landeron NE","Le Landeron (NE)","Le Landeron (NE)","Neuenburg","Neuchâtel","Neuchâtel",45.5606200732291,FALSE,FALSE
24,6456,55.0955152906452,6720,5477,,,,12197,TRUE,"NE","Lignières","Lignières","Lignières","Lignières NE","Lignières (NE)","Lignières (NE)","Neuenburg","Neuchâtel","Neuchâtel",45.5606200732291,FALSE,FALSE
24,6458,29.7608303249097,2638,6226,,,,8864,TRUE,"NE","Neuenburg","Neuchâtel","Neuchâtel","Neuenburg NE","Neuchâtel (NE)","Neuchâtel (NE)","Neuenburg","Neuchâtel","Neuchâtel",45.5606200732291,FALSE,FALSE
24,6487,51.3045134260141,8082,7671,,,,15753,TRUE,"NE","Val-de-Ruz","Val-de-Ruz","Val-de-Ruz","Val-de-Ruz NE","Val-de-Ruz (NE)","Val-de-Ruz (NE)","Neuenburg","Neuchâtel","Neuchâtel",45.5606200732291,FALSE,FALSE
24,6504,54.3061062648692,3424,2881,,,,6305,TRUE,"NE","La Côte-aux-Fées","La Côte-aux-Fées","La Côte-aux-Fées","La Côte-aux-Fées NE","La Côte-aux-Fées (NE)","La Côte-aux-Fées (NE)","Neuenburg","Neuchâtel","Neuchâtel",45.5606200732291,FALSE,FALSE
24,6511,37.9021564659083,5431,8898,,,,14329,TRUE,"NE","Les Verrières","Les Verrières","Les Verrières","Les Verrières NE","Les Verrières (NE)","Les Verrières (NE)","Neuenburg","Neuchâtel","Neuchâtel",45.5606200732291,FALSE,FALSE
24,6512,73.7077090981248,7429,2650,,,,10079,TRUE,"NE","Val-de-Travers","Val-de-Travers","Val-de-Travers","Val-de-Travers NE","Val-de-Travers (NE)","Val-de-Travers (NE)","Neuenburg","Neuchâtel","Neuchâtel",45.5606200732291,FALSE,FALSE
24,6513,66.6876326755248,8482,4237,,,,12719,TRUE,"NE","Laténa","Laténa","Laténa","Laténa NE","Laténa (NE)","Laténa (NE)","Neuenburg","Neuchâtel","Neuchâtel",45.5606200732291,FALSE,FALSE
25,6601,46.343407505812,6977,8078,,,,15055,TRUE,"GE","Aire-la-Ville","Aire-la-Ville","Aire-la-Ville","Aire-la-Ville GE","Aire-la-Ville (GE)","Aire-la-Ville (GE)","Genf","Genève","Ginevra",64.0705779194832,FALSE,FALSE
25,6602,23.293991416309,2171,7149,,,,9320,TRUE,"GE","Anières","Anières","Anières","Anières GE","Anières (GE)","Anières (GE)","Genf","Genève","Ginevra",64.0705779194832,FALSE,FALSE
25,6603,53.0574647488132,7488,6625,,,,14113,TRUE,"GE","Avully","Avully","Avully","Avully GE","Avully (GE)","Avully (GE)","Genf","Genève","Ginevra",64.0705779194832,FALSE,FALSE
25,6604,30.8004268943437,1443,3242,,,,4685,TRUE,"GE","Avusy","Avusy","Avusy","Avusy GE","Avusy (GE)","Avusy (GE)","Genf","Genève","Ginevra",64.0705779194832,FALSE,FALSE
25,6605,75.7537490134175,9598,3072,,,,12670,TRUE,"GE","Bardonnex","Bardonnex","Bardonnex","Bardonnex GE","Bardonnex (GE)","Bardonnex (GE)","Genf","Genève","Ginevra",64.0705779194832,FALSE,FALSE
25,6606,47.1977985099671,7032,7867,,,,14899,TRUE,"GE","Bellevue","Bellevue","Bellevue","Bellevue GE","Bellevue (GE)","Bellevue (GE)","Genf","Genève","Ginevra",64.0705779194832,FALSE,FALSE
25,6607,62.9897528631706,9405,5526,,,,14931,TRUE,"GE","Bernex","Bernex","Bernex","Bernex GE","Bernex (GE)","Bernex (GE)","Genf","Genève","Ginevra",64.0705779194832,FALSE,FALSE
25,6608,53.2516601786123,9302,8166,,,,17468,TRUE,"GE","Carouge","Carouge (GE)","Carouge","Carouge GE","Carouge (GE)","Carouge (GE)","Genf","Genève","Ginevra",64.0705779194832,FALSE,FALSE
25,6609,4.53164864536508,373,7858,,,,8231,TRUE,"GE","Cartigny","Cartigny","Cartigny","Cartigny GE","Cartigny (GE)","Cartigny (GE)","Genf","Genève","Ginevra",64.0705779194832,FALSE,FALSE
25,6610,38.5998348262499,6076,9665,,,,15741,TRUE,"GE","Céligny","Céligny","Céligny","Céligny GE","Céligny (GE)","Céligny (GE)","Genf","Genève","Ginevra",64.0705779194832,FALSE,FALSE
25,6611,52.6752113444232,9658,8677,,,,18335,TRUE,"GE","Chancy","Chancy","Chancy","Chancy GE","Chancy (GE)","Chancy (GE)","Genf","Genève","Ginevra",64.0705779194832,FALSE,FALSE
25,6612,41.2246722288439,2767,3945,,,,6712,TRUE,"GE","Chêne-Bougeries","Chêne-Bougeries","Chêne-Bougeries","Chêne-Bougeries GE","Chêne-Bougeries (GE)","Chêne-Bougeries (GE)","Genf","Genève","Ginevra",64.0705779194832,FALSE,FALSE
25,6613,44.3303725919945,3843,4826,,,,8669,TRUE,"GE","Chêne-Bourg","Chêne-Bourg","Chêne-Bourg","Chêne-Bourg GE","Chêne-Bourg (GE)","Chêne-Bourg (GE)","Genf","Genève","Ginevra",64.0705779194832,FALSE,FALSE
25,6614,58.7663997273812,6898,4840,,,,11738,TRUE,"GE","Choulex","Choulex","Choulex","Choulex GE","Choulex (GE)","Choulex (GE)","Genf","Genève","Ginevra",64.0705779194832,FALSE,FALSE
25,6615,50.4289799809342,9522,9360,,,,18882,TRUE,"GE","Collex-Bossy","Collex-Bossy","Collex-Bossy","Collex-Bossy GE","Collex-Bossy (GE)","Collex-Bossy (GE)","Genf","Genève","Ginevra",64.0705779194832,FALSE,FALSE
25,6616,73.3293151510585,9733,3540,,,,13273,TRUE,"GE","Collonge-Bellerive","Collonge-Bellerive","Collonge-Bellerive","Collonge-Bellerive GE","Collonge-Bellerive (GE)","Collonge-Bellerive (GE)","Genf","Genève","Ginevra",64.0705779194832,FALSE,FALSE
25,6617,43.8130221838087,6083,7801,,,,13884,TRUE,"GE","Cologny","Cologny","Cologny","Cologny GE","Cologny (GE)","Cologny (GE)","Genf","Genève","Ginevra",64.0705779194832,FALSE,FALSE
25,6618,53.952802359882,7316,6244,,,,13560,TRUE,"GE","Confignon","Confignon","Confignon","Confignon GE","Confignon (GE)","Confignon (GE)","Genf","Genève","Ginevra",64.0705779194832,FALSE,FALSE
25,6619,48.3924571923994,6698,7143,,,,13841,TRUE,"GE","Corsier GE","Corsier (GE)","Corsier GE","Corsier GE","Corsier (GE)","Corsier (GE)","Genf","Genève","Ginevra",64.0705779194832,FALSE,FALSE
25,6620,85.8805275407292,7749,1274,,,,9023,TRUE,"GE","Dardagny","Dardagny","Dardagny","Dardagny GE","Dardagny (GE)","Dardagny (GE)","Genf","Genève","Ginevra",64.0705779194832,FALSE,FALSE
25,6621,4.2144452717796,283,6432,,,,6715,TRUE,"GE","Genf","Genève","Ginevra","Genf GE","Genève (GE)","Ginevra (GE)","Genf","Genève","Ginevra",64.0705779194832,FALSE,FALSE
25,6622,52.401338833969,6732,6115,,,,12847,TRUE,"GE","Genthod","Genthod","Genthod","Genthod GE","Genthod (GE)","Genthod (GE)","Genf","Genève","Ginevra",64.0705779194832,FALSE,FALSE
25,6623,45.8566108007449,7880,9304,,,,17184,TRUE,"GE","Le Grand-Saconnex","Le Grand-Saconnex","Le Grand-Saconnex","Le Grand-Saconnex GE","Le Grand-Saconnex (GE)","Le Grand-Saconnex (GE)","Genf","Genève","Ginevra",64.0705779194832,FALSE,FALSE
25,6624,41.8777180864671,1637,2272,,,,3909,TRUE,"GE","Gy","Gy","Gy","Gy GE","Gy (GE)","Gy (GE)","Genf","Genève","Ginevra",64.0705779194832,FALSE,FALSE
25,6625,51.094842800183,7817,7482,,,,15299,TRUE,"GE","Hermance","Hermance","Hermance","Hermance GE","Hermance (GE)","Hermance (GE)","Genf","Genève","Ginevra",64.0705779194832,FALSE,FALSE
25,6626,82.3913753675269,2522,539,,,,3061,TRUE,"GE","Jussy","Jussy","Jussy","Jussy GE","Jussy (GE)","Jussy (GE)","Genf","Genève","Ginevra",64.0705779194832,FALSE,FALSE
25,6627,83.6934156378601,8135,1585,,,,9720,TRUE,"GE","Laconnex","Laconnex","Laconnex","Laconnex GE","Laconnex (GE)","Laconnex (GE)","Genf","Genève","Ginevra",64.0705779194832,FALSE,FALSE
25,6628,50.0160431239171,7794,7789,,,,15583,TRUE,"GE","Lancy","Lancy","Lancy","Lancy GE","Lancy (GE)","Lancy (GE)","Genf","Genève","Ginevra",64.0705779194832,FALSE,FALSE
25,6629,56.5494137353434,6752,5188,,,,11940,TRUE,"GE","Meinier","Meinier","Meinier","Meinier GE","Meinier (GE)","Meinier (GE)","Genf","Genève","Ginevra",64.0705779194832,FALSE,FALSE
25,6630,57.5263190297359,9344,6899,,,,16243,TRUE,"GE","Meyrin","Meyrin","Meyrin","Meyrin GE","Meyrin (GE)","Meyrin (GE)","Genf","Genève","Ginevra",64.0705779194832,FALSE,FALSE
25,6631,76.9798541160125,8865,2651,,,,11516,TRUE,"GE","Onex","Onex","Onex","Onex GE","Onex (GE)","Onex (GE)","Genf","Genève","Ginevra",64.0705779194832,FALSE,FALSE
25,6632,29.0145019582936,2741,6706,,,,9447,TRUE,"GE","Perly-Certoux","Perly-Certoux","Perly-Certoux","Perly-Certoux GE","Perly-Certoux (GE)","Perly-Certoux (GE)","Genf","Genève","Ginevra",64.0705779194832,FALSE,FALSE
25,6633,50.2606680826414,5206,5152,,,,10358,TRUE,"GE","Plan-les-Ouates","Plan-les-Ouates","Plan-les-Ouates","Plan-les-Ouates GE","Plan-les-Ouates (GE)","Plan-les-Ouates (GE)","Genf","Genève","Ginevra",64.0705779194832,FALSE,FALSE
25,6634,85.4204586821988,9386,1602,,,,10988,TRUE,"GE","Pregny-Chambésy","Pregny-Chambésy","Pregny-Chambésy","Pregny-Chambésy GE","Pregny-Chambésy (GE)","Pregny-Chambésy (GE)","Genf","Genève","Ginevra",64.0705779194832,FALSE,FALSE
25,6635,50.5987292277615,8282,8086,,,,16368,TRUE,"GE","Presinge","Presinge","Presinge","Presinge GE","Presinge (GE)","Presinge (GE)","Genf","Genève","Ginevra",64.0705779194832,FALSE,FALSE
25,6636,41.3880629487272,5707,8082,,,,13789,TRUE,"GE","Puplinge","Puplinge","Puplinge","Puplinge GE","Puplinge (GE)","Puplinge (GE)","Genf","Genève","Ginevra",64.0705779194832,FALSE,FALSE
25,6637,46.4091773011132,6837,7895,,,,14732,TRUE,"GE","Russin","Russin","Russin","Russin GE","Russin (GE)","Russin (GE)","Genf","Genève","Ginevra",64.0705779194832,FALSE,FALSE
25,6638,20.3724752994666,2330,9107,,,,11437,TRUE,"GE","Satigny","Satigny","Satigny","Satigny GE","Satigny (GE)","Satigny (GE)","Genf","Genève","Ginevra",64.0705779194832,FALSE,FALSE
25,6639,53.4133223003724,5164,4504,,,,9668,TRUE,"GE","Soral","Soral","Soral","Soral GE","Soral (GE)","Soral (GE)","Genf","Genève","Ginevra",64.0705779194832,FALSE,FALSE
25,6640,35.6113320079523,1433,2591,,,,4024,TRUE,"GE","Thônex","Thônex","Thônex","Thônex GE","Thônex (GE)","Thônex (GE)","Genf","Genève","Ginevra",64.0705779194832,FALSE,FALSE
25,6641,88.1109814598729,6796,917,,,,7713,TRUE,"GE","Troinex","Troinex","Troinex","Troinex GE","Troinex (GE)","Troinex (GE)","Genf","Genève","Ginevra",64.0705779194832,FALSE,FALSE
25,6642,58.5355683429239,7019,4972,,,,11991,TRUE,"GE","Vandoeuvres","Vandoeuvres","Vandoeuvres","Vandoeuvres GE","Vandoeuvres (GE)","Vandoeuvres (GE)","Genf","Genève","Ginevra",64.0705779194832,FALSE,FALSE
25,6643,64.9375536906099,9827,5306,,,,15133,TRUE,"GE","Vernier","Vernier","Vernier","Vernier GE","Vernier (GE)","Vernier (GE)","Genf","Genève","Ginevra",64.0705779194832,FALSE,FALSE
25,6644,65.3082686998817,4968,2639,,,,7607,TRUE,"GE","Versoix","Versoix","Versoix","Versoix GE","Versoix (GE)","Versoix (GE)","Genf","Genève","Ginevra",64.0705779194832,FALSE,FALSE
25,6645,11.5937716949321,1169,8914,,,,10083,TRUE,"GE","Veyrier","Veyrier","Veyrier","Veyrier GE","Veyrier (GE)","Veyrier (GE)","Genf","Genève","Ginevra",64.0705779194832,FALSE,FALSE
26,6702,68.3368664482559,7092,3286,,,,10378,TRUE,"JU","Boécourt","Boécourt","Boécourt","Boécourt JU","Boécourt (JU)","Boécourt (JU)","Jura","Jura","Giura",59.5979189500213,FALSE,FALSE
26,6703,50.8249455224655,9796,9478,,,,19274,TRUE,"JU","Bourrignon","Bourrignon","Bourrignon","Bourrignon JU","Bourrignon (JU)","Bourrignon (JU)","Jura","Jura","Giura",59.5979189500213,FALSE,FALSE
26,6704,55.6244616709733,3229,2576,,,,5805,TRUE,"JU","Châtillon JU","Châtillon (JU)","Châtillon JU","Châtillon JU","Châtillon (JU)","Châtillon (JU)","Jura","Jura","Giura",59.5979189500213,FALSE,FALSE
26,6706,95.5198099967613,8848,415,,,,9263,TRUE,"JU","Courchapoix","Courchapoix","Courchapoix","Courchapoix JU","Courchapoix (JU)","Courchapoix (JU)","Jura","Jura","Giura",59.5979189500213,FALSE,FALSE
26,6708,46.6895803183792,7743,8841,,,,16584,TRUE,"JU","Courrendlin","Courrendlin","Courrendlin","Courrendlin JU","Courrendlin (JU)","Courrendlin (JU)","Jura","Jura","Giura",59.5979189500213,FALSE,FALSE
26,6709,97.2549511155678,7759,219,,,,7978,TRUE,"JU","Courroux","Courroux","Courroux","Courroux JU","Courroux (JU)","Courroux (JU)","Jura","Jura","Giura",59.5979189500213,FALSE,FALSE
26,6710,57.5061425061425,9362,6918,,,,16280,TRUE,"JU","Courtételle","Courtételle","Courtételle","Courtételle JU","Courtételle (JU)","Courtételle (JU)","Jura","Jura","Giura",59.5979189500213,FALSE,FALSE
26,6711,91.0482145795623,5533,544,,,,6077,TRUE,"JU","Delsberg","Delémont","Delémont","Delsberg JU","Delémont (JU)","Delémont (JU)","Jura","Jura","Giura",59.5979189500213,FALSE,FALSE
26,6712,95.7668364459536,8461,374,,,,8835,TRUE,"JU","Develier","Develier","Develier","Develier JU","Develier (JU)","Develier (JU)","Jura","Jura","Giura",59.5979189500213,FALSE,FALSE
26,6713,28.0987339078625,2641,6758,,,,9399,TRUE,"JU","Ederswiler","Ederswiler","Ederswiler","Ederswiler JU","Ederswiler (JU)","Ederswiler (JU)","Jura","Jura","Giura",59.5979189500213,FALSE,FALSE
26,6715,14.4632206759443,582,3442,,,,4024,TRUE,"JU","Mervelier","Mervelier","Mervelier","Mervelier JU","Mervelier (JU)","Mervelier (JU)","Jura","Jura","Giura",59.5979189500213,FALSE,FALSE
26,6716,37.3306327699399,5345,8973,,,,14318,TRUE,"JU","Mettembert","Mettembert","Mettembert","Mettembert JU","Mettembert (JU)","Mettembert (JU)","Jura","Jura","Giura",59.5979189500213,FALSE,FALSE
26,6718,42.6798265290863,2854,3833,,,,6687,TRUE,"JU","Movelier","Movelier","Movelier","Movelier JU","Movelier (JU)","Movelier (JU)","Jura","Jura","Giura",59.5979189500213,FALSE,FALSE
26,6719,45.7843598182103,5843,6919,,,,12762,TRUE,"JU","Pleigne","Pleigne","Pleigne","Pleigne JU","Pleigne (JU)","Pleigne (JU)","Jura","Jura","Giura",59.5979189500213,FALSE,FALSE
26,6721,2.08419031948444,152,7141,,,,7293,TRUE,"JU","Rossemaison","Rossemaison","Rossemaison","Rossemaison JU","Rossemaison (JU)","Rossemaison (JU)","Jura","Jura","Giura",59.5979189500213,FALSE,FALSE
26,6722,8.02229353149806,475,5446,,,,5921,TRUE,"JU","Saulcy","Saulcy","Saulcy","Saulcy JU","Saulcy (JU)","Saulcy (JU)","Jura","Jura","Giura",59.5979189500213,FALSE,FALSE
26,6724,86.1426491994178,2959,476,,,,3435,TRUE,"JU","Soyhières","Soyhières","Soyhières","Soyhières JU","Soyhières (JU)","Soyhières (JU)","Jura","Jura","Giura",59.5979189500213,FALSE,FALSE
26,6729,51.4380302089799,9944,9388,,,,19332,TRUE,"JU","Haute-Sorne","Haute-Sorne","Haute-Sorne","Haute-Sorne JU","Haute-Sorne (JU)","Haute-Sorne (JU)","Jura","Jura","Giura",59.5979189500213,FALSE,FALSE
26,6730,36.4535266974291,4424,7712,,,,12136,TRUE,"JU","Val Terbi","Val Terbi","Val Terbi","Val Terbi JU","Val Terbi (JU)","Val Terbi (JU)","Jura","Jura","Giura",59.5979189500213,FALSE,FALSE
26,6741,28.9332138054684,1291,3171,,,,4462,TRUE,"JU","Le Bémont JU","Le Bémont (JU)","Le Bémont JU","Le Bémont JU","Le Bémont (JU)","Le Bémont (JU)","Jura","Jura","Giura",59.5979189500213,FALSE,FALSE
26,6742,19.5356878241541,1582,6516,,,,8098,TRUE,"JU","Les Bois","Les Bois","Les Bois","Les Bois JU","Les Bois (JU)","Les Bois (JU)","Jura","Jura","Giura",59.5979189500213,FALSE,FALSE
26,6743,58.9266069464089,7499,5227,,,,12726,TRUE,"JU","Les Breuleux","Les Breuleux","Les Breuleux","Les Breuleux JU","Les Breuleux (JU)","Les Breuleux (JU)","Jura","Jura","Giura",59.5979189500213,FALSE,FALSE
26,6745,57.3918484090097,6421,4767,,,,11188,TRUE,"JU","Les Enfers","Les Enfers","Les Enfers","Les Enfers JU","Les Enfers (JU)","Les Enfers (JU)","Jura","Jura","Giura",59.5979189500213,FALSE,FALSE
26,6748,48.5878018829308,2374,2512,,,,4886,TRUE,"JU","Les Genevez JU","Les Genevez (JU)","Les Genevez JU","Les Genevez JU","Les Genevez (JU)","Les Genevez (JU)","Jura","Jura","Giura",59.5979189500213,FALSE,FALSE
26,6750,52.3522150596626,7634,6948,,,,14582,TRUE,"JU","Lajoux JU","Lajoux (JU)","Lajoux JU","Lajoux JU","Lajoux (JU)","Lajoux (JU)","Jura","Jura","Giura",59.5979189500213,FALSE,FALSE
26,6751,48.9545357066266,9131,9521,,,,18652,TRUE,"JU","Montfaucon","Montfaucon","Montfaucon","Montfaucon JU","Montfaucon (JU)","Montfaucon (JU)","Jura","Jura","Giura",59.5979189500213,FALSE,FALSE
26,6753,94.2105263157895,1074,66,,,,1140,TRUE,"JU","Muriaux","Muriaux","Muriaux","Muriaux JU","Muriaux (JU)","Muriaux (JU)","Jura","Jura","Giura",59.5979189500213,FALSE,FALSE
26,6754,74.9406377204885,8837,2955,,,,11792,TRUE,"JU","Le Noirmont","Le Noirmont","Le Noirmont","Le Noirmont JU","Le Noirmont (JU)","Le Noirmont (JU)","Jura","Jura","Giura",59.5979189500213,FALSE,FALSE
26,6757,57.2626800868364,5803,4331,,,,10134,TRUE,"JU","Saignelégier","Saignelégier","Saignelégier","Saignelégier JU","Saignelégier (JU)","Saignelégier (JU)","Jura","Jura","Giura",59.5979189500213,FALSE,FALSE
26,6758,70.3288846520496,5902,2490,,,,8392,TRUE,"JU","Saint-Brais","Saint-Brais","Saint-Brais","Saint-Brais JU","Saint-Brais (JU)","Saint-Brais (JU)","Jura","Jura","Giura",59.5979189500213,FALSE,FALSE
26,6759,41.6738567730802,5313,7436,,,,12749,TRUE,"JU","Soubey","Soubey","Soubey","Soubey JU","Soubey (JU)","Soubey (JU)","Jura","Jura","Giura",59.5979189500213,FALSE,FALSE
26,6771,27.7800209965275,3440,8943,,,,12383,TRUE,"JU","Alle","Alle","Alle","Alle JU","Alle (JU)","Alle (JU)","Jura","Jura","Giura",59.5979189500213,FALSE,FALSE
26,6774,43.1912485854395,4580,6024,,,,10604,TRUE,"JU","Boncourt","Boncourt","Boncourt","Boncourt JU","Boncourt (JU)","Boncourt (JU)","Jura","Jura","Giura",59.5979189500213,FALSE,FALSE
26,6778,27.5356001162453,1895,4987,,,,6882,TRUE,"JU","Bure","Bure","Bure","Bure JU","Bure (JU)","Bure (JU)","Jura","Jura","Giura",59.5979189500213,FALSE,FALSE
26,6781,69.6297406685654,9290,4052,,,,13342,TRUE,"JU","Coeuve","Coeuve","Coeuve","Coeuve JU","Coeuve (JU)","Coeuve (JU)","Jura","Jura","Giura",59.5979189500213,FALSE,FALSE
26,6782,45.5582542135865,6190,7397,,,,13587,TRUE,"JU","Cornol","Cornol","Cornol","Cornol JU","Cornol (JU)","Cornol (JU)","Jura","Jura","Giura",59.5979189500213,FALSE,FALSE
26,6783,3.60480640854473,162,4332,,,,4494,TRUE,"JU","Courchavon","Courchavon","Courchavon","Courchavon JU","Courchavon (JU)","Courchavon (JU)","Jura","Jura","Giura",59.5979189500213,FALSE,FALSE
26,6784,68.2254196642686,1707,795,,,,2502,TRUE,"JU","Courgenay","Courgenay","Courgenay","Courgenay JU","Courgenay (JU)","Courgenay (JU)","Jura","Jura","Giura",59.5979189500213,FALSE,FALSE
26,6785,33.2375690607735,1504,3021,,,,4525,TRUE,"JU","Courtedoux","Courtedoux","Courtedoux","Courtedoux JU","Courtedoux (JU)","Courtedoux (JU)","Jura","Jura","Giura",59.5979189500213,FALSE,FALSE
26,6789,23.6623067776457,2985,9630,,,,12615,TRUE,"JU","Fahy","Fahy","Fahy","Fahy JU","Fahy (JU)","Fahy (JU)","Jura","Jura","Giura",59.5979189500213,FALSE,FALSE
26,6790,23.7932544897065,2716,8699,,,,11415,TRUE,"JU","Fontenais","Fontenais","Fontenais","Fontenais JU","Fontenais (JU)","Fontenais (JU)","Jura","Jura","Giura",59.5979189500213,FALSE,FALSE
26,6792,71.4199486947337,9466,3788,,,,13254,TRUE,"JU","Grandfontaine","Grandfontaine","Grandfontaine","Grandfontaine JU","Grandfontaine (JU)","Grandfontaine (JU)","Jura","Jura","Giura",59.5979189500213,FALSE,FALSE
26,6800,76.0532753465616,2798,881,,,,3679,TRUE,"JU","Pruntrut","Porrentruy","Porrentruy","Pruntrut JU","Porrentruy (JU)","Porrentruy (JU)","Jura","Jura","Giura",59.5979189500213,FALSE,FALSE
26,6806,69.5512175488026,6912,3026,,,,9938,TRUE,"JU","Vendlincourt","Vendlincourt","Vendlincourt","Vendlincourt JU","Vendlincourt (JU)","Vendlincourt (JU)","Jura","Jura","Giura",59.5979189500213,FALSE,FALSE
26,6807,60.1070353439625,5391,3578,,,,8969,TRUE,"JU","Basse-Allaine","Basse-Allaine","Basse-Allaine","Basse-Allaine JU","Basse-Allaine (JU)","Basse-Allaine (JU)","Jura","Jura","Giura",59.5979189500213,FALSE,FALSE
26,6808,82.1697378665975,6332,1374,,,,7706,TRUE,"JU","Clos du Doubs","Clos du Doubs","Clos du Doubs","Clos du Doubs JU","Clos du Doubs (JU)","Clos du Doubs (JU)","Jura","Jura","Giura",59.5979189500213,FALSE,FALSE
26,6809,57.518875112558,8304,6133,,,,14437,TRUE,"JU","Haute-Ajoie","Haute-Ajoie","Haute-Ajoie","Haute-Ajoie JU","Haute-Ajoie (JU)","Haute-Ajoie (JU)","Jura","Jura","Giura",59.5979189500213,FALSE,FALSE
26,6810,43.0391101542878,2399,3175,,,,5574,TRUE,"JU","La Baroche","La Baroche","La Baroche","La Baroche JU","La Baroche (JU)","La Baroche (JU)","Jura","Jura","Giura",59.5979189500213,FALSE,FALSE
26,6811,80.7532404010761,3302,787,,,,4089,TRUE,"JU","Damphreux-Lugnez","Damphreux-Lugnez","Damphreux-Lugnez","Damphreux-Lugnez JU","Damphreux-Lugnez (JU)","Damphreux-Lugnez (JU)","Jura","Jura","Giura",59.5979189500213,FALSE,FALSE
26,6812,57.7688672490334,8068,5898,,,,13966,TRUE,"JU","Basse-Vendline","Basse-Vendline","Basse-Vendline","Basse-Vendline JU","Basse-Vendline (JU)","Basse-Vendline (JU)","Jura","Jura","Giura",59.5979189500213,FALSE,FALSE
26,6831,13.0392156862745,532,3548,,,,4080,TRUE,"JU","Moutier","Moutier","Moutier","Moutier JU","Moutier (JU)","Moutier (JU)","Jura","Jura","Giura",59.5979189500213,FALSE,FALSE
