"ID","Gemeinde_color","Ja_Stimmen_In_Prozent","Nein_Stimmen_In_Prozent","Gemeinde_de","Text_de"
1,60.8,60.8,39.2,"Aeugst am Albis ZH","Die Initiative ""Keine 10-Millionen-Schweiz"" erreicht in Aeugst am Albis 60,8 Prozent Ja-Stimmen. Mit diesem Ergebnis wechselt #gemeinde_d ins Ja-Lager. Im Jahr 2020 hatte die Gemeinde die Zuwanderungsinitiative noch mit 60 Prozent der Stimmen abgelehnt."
2,40.2,40.2,59.8,"Affoltern am Albis ZH","59,8 Prozent der Stimmbürgerinnen und Stimmbürger von Affoltern am Albis sprechen sich gegen die Initiative ""Keine 10-Millionen-Schweiz"" aus. Die Ablehnung der Initiative fällt jedoch geringer aus als zur Zuwanderungsinitiative im Jahr 2020. Die Abstimmenden von #gemeinde_d hatten damals mit 61 Prozent Nein gestimmt."
3,61.8,61.8,38.2,"Bonstetten ZH","61,8 Prozent der Stimmbürgerinnen und Stimmbürger von Bonstetten haben sich für die Initiative ""Keine 10-Millionen-Schweiz"" ausgesprochen. Mit diesem Ergebnis wechselt #gemeinde_d ins Ja-Lager. Im Jahr 2020 hatte die Gemeinde die Zuwanderungsinitiative noch mit 66,2 Prozent der Stimmen abgelehnt."
4,62.2,62.2,37.8,"Hausen am Albis ZH","Mit 62,2 Prozent Ja-Stimmen hat eine Mehrheit der Stimmberechtigten in Hausen am Albis der Initiative ""Keine 10-Millionen-Schweiz"" zugestimmt. Mit diesem Ergebnis wechselt #gemeinde_d ins Ja-Lager. Im Jahr 2020 hatte die Gemeinde die Zuwanderungsinitiative noch mit 62,4 Prozent der Stimmen abgelehnt."
5,41.4,41.4,58.6,"Hedingen ZH","In Hedingen wird die Initiative ""Keine 10-Millionen-Schweiz"" mit 58,6 Prozent abgelehnt. Die Ablehnung der Initiative fällt jedoch geringer aus als zur Zuwanderungsinitiative im Jahr 2020. Die Abstimmenden von #gemeinde_d hatten damals mit 64,7 Prozent Nein gestimmt."
6,72.3,72.3,27.7,"Kappel am Albis ZH","72,3 Prozent der Stimmbürgerinnen und Stimmbürger von Kappel am Albis haben sich für die Initiative ""Keine 10-Millionen-Schweiz"" ausgesprochen. Mit diesem Ergebnis wechselt #gemeinde_d ins Ja-Lager. Im Jahr 2020 hatte die Gemeinde die Zuwanderungsinitiative noch mit 53,8 Prozent der Stimmen abgelehnt."
7,16.2,16.2,83.8,"Knonau ZH","In Knonau wird die Initiative ""Keine 10-Millionen-Schweiz"" mit 83,8 Prozent abgelehnt. Die Ablehnung der Initiative ""Keine 10-Millionen-Schweiz!» ist stärker als jene zur Zuwanderungsinitiative im Jahr 2020. Der Nein-Anteil in #gemeinde_d lag damals bei 60,8 Prozent."
8,69,69,31,"Maschwanden ZH","Mit 69 Prozent befürworten die Stimmberechtigten von Maschwanden die Initiative ""Keine 10-Millionen-Schweiz"". Mit diesem Ergebnis wechselt #gemeinde_d ins Ja-Lager. Im Jahr 2020 hatte die Gemeinde die Zuwanderungsinitiative noch mit 53,2 Prozent der Stimmen abgelehnt."
9,70.6,70.6,29.4,"Mettmenstetten ZH","Mit 70,6 Prozent Ja-Stimmen hat eine Mehrheit der Stimmberechtigten in Mettmenstetten der Initiative ""Keine 10-Millionen-Schweiz"" zugestimmt. Mit diesem Ergebnis wechselt #gemeinde_d ins Ja-Lager. Im Jahr 2020 hatte die Gemeinde die Zuwanderungsinitiative noch mit 60,5 Prozent der Stimmen abgelehnt."
10,27.5,27.5,72.5,"Obfelden ZH","Die Initiative ""Keine 10-Millionen-Schweiz"" erreicht in Obfelden 72,5 Prozent Nein-Stimmen. Die Ablehnung der Initiative ""Keine 10-Millionen-Schweiz!» ist stärker als jene zur Zuwanderungsinitiative im Jahr 2020. Der Nein-Anteil in #gemeinde_d lag damals bei 57,6 Prozent."
11,37.7,37.7,62.3,"Ottenbach ZH","In Ottenbach wird die Initiative ""Keine 10-Millionen-Schweiz"" mit 62,3 Prozent abgelehnt. Das Ergebnis hat sich im Vergleich zur Abstimmung über die Zuwanderungsinitiative im Jahr 2020 kaum verändert. #gemeinde_d hatte damals mit 61,3 Prozent Nein gestimmt."
12,34,34,66,"Rifferswil ZH","In Rifferswil wird die Initiative ""Keine 10-Millionen-Schweiz"" mit 66 Prozent abgelehnt. Das Ergebnis hat sich im Vergleich zur Abstimmung über die Zuwanderungsinitiative im Jahr 2020 kaum verändert. #gemeinde_d hatte damals mit 66,1 Prozent Nein gestimmt."
13,37.2,37.2,62.8,"Stallikon ZH","Die Initiative ""Keine 10-Millionen-Schweiz"" erreicht in Stallikon 62,8 Prozent Nein-Stimmen. Das Ergebnis hat sich im Vergleich zur Abstimmung über die Zuwanderungsinitiative im Jahr 2020 kaum verändert. #gemeinde_d hatte damals mit 62,4 Prozent Nein gestimmt."
14,39.7,39.7,60.3,"Wettswil am Albis ZH","In Wettswil am Albis ist die Initiative ""Keine 10-Millionen-Schweiz"" mit 60,3 Prozent der Stimmen gescheitert. Die Ablehnung der Initiative fällt jedoch geringer aus als zur Zuwanderungsinitiative im Jahr 2020. Die Abstimmenden von #gemeinde_d hatten damals mit 66 Prozent Nein gestimmt."
22,73.7,73.7,26.3,"Benken ZH","Mit 73,7 Prozent Ja-Stimmen hat eine Mehrheit der Stimmberechtigten in Benken ZH der Initiative ""Keine 10-Millionen-Schweiz"" zugestimmt. Die Unterstützung für die Initiative ""Keine 10-Millionen-Schweiz!» hat in #gemeinde_d gegenüber der Zuwanderungsinitiative im Jahr 2020 zugenommen. Bei jener Abstimmung hatten 52,5 Prozent der Abstimmenden der Gemeinde die Vorlage angenommen."
23,81.8,81.8,18.2,"Berg am Irchel ZH","81,8 Prozent der Stimmbürgerinnen und Stimmbürger von Berg am Irchel haben sich für die Initiative ""Keine 10-Millionen-Schweiz"" ausgesprochen. Die Unterstützung für die Initiative ""Keine 10-Millionen-Schweiz!» hat in #gemeinde_d gegenüber der Zuwanderungsinitiative im Jahr 2020 zugenommen. Bei jener Abstimmung hatten 54,4 Prozent der Abstimmenden der Gemeinde die Vorlage angenommen."
24,9.1,9.1,90.9,"Buch am Irchel ZH","90,9 Prozent der Stimmbürgerinnen und Stimmbürger von Buch am Irchel sprechen sich gegen die Initiative ""Keine 10-Millionen-Schweiz"" aus. In den vergangenen fünf Jahren hat die Gemeinde somit bei der Frage der Zuwanderung das Lager gewechselt. #gemeinde_d hatte die Zuwanderungsinitiative im Jahr 2020 mit 47,4 Prozent abgelehnt."
25,73.6,73.6,26.4,"Dachsen ZH","In Dachsen erhält die Initiative ""Keine 10-Millionen-Schweiz"" 73,6 Prozent Zustimmung. Mit diesem Ergebnis wechselt #gemeinde_d ins Ja-Lager. Im Jahr 2020 hatte die Gemeinde die Zuwanderungsinitiative noch mit 61,9 Prozent der Stimmen abgelehnt."
26,30.8,30.8,69.2,"Dorf ZH","Die Initiative ""Keine 10-Millionen-Schweiz"" erreicht in Dorf 69,2 Prozent Nein-Stimmen. In den vergangenen fünf Jahren hat die Gemeinde somit bei der Frage der Zuwanderung das Lager gewechselt. #gemeinde_d hatte die Zuwanderungsinitiative im Jahr 2020 mit 44,9 Prozent abgelehnt."
27,23.1,23.1,76.9,"Feuerthalen ZH","76,9 Prozent der Stimmbürgerinnen und Stimmbürger von Feuerthalen sprechen sich gegen die Initiative ""Keine 10-Millionen-Schweiz"" aus. Die Ablehnung der Initiative ""Keine 10-Millionen-Schweiz!» ist stärker als jene zur Zuwanderungsinitiative im Jahr 2020. Der Nein-Anteil in #gemeinde_d lag damals bei 59,7 Prozent."
28,93.2,93.2,6.8,"Flaach ZH","Die Initiative ""Keine 10-Millionen-Schweiz"" erreicht in Flaach 93,2 Prozent Ja-Stimmen. Die Unterstützung für die Initiative ""Keine 10-Millionen-Schweiz!» hat in #gemeinde_d gegenüber der Zuwanderungsinitiative im Jahr 2020 zugenommen. Bei jener Abstimmung hatten 52,6 Prozent der Abstimmenden der Gemeinde die Vorlage angenommen."
29,43.5,43.5,56.5,"Flurlingen ZH","56,5 Prozent der Stimmbürgerinnen und Stimmbürger von Flurlingen sprechen sich gegen die Initiative ""Keine 10-Millionen-Schweiz"" aus. Die Ablehnung der Initiative fällt jedoch geringer aus als zur Zuwanderungsinitiative im Jahr 2020. Die Abstimmenden von #gemeinde_d hatten damals mit 65,4 Prozent Nein gestimmt."
31,73.4,73.4,26.6,"Henggart ZH","73,4 Prozent der Stimmbürgerinnen und Stimmbürger von Henggart haben sich für die Initiative ""Keine 10-Millionen-Schweiz"" ausgesprochen. Mit diesem Ergebnis wechselt #gemeinde_d ins Ja-Lager. Im Jahr 2020 hatte die Gemeinde die Zuwanderungsinitiative noch mit 57,2 Prozent der Stimmen abgelehnt."
33,4.1,4.1,95.9,"Kleinandelfingen ZH","In Kleinandelfingen wird die Initiative ""Keine 10-Millionen-Schweiz"" mit 95,9 Prozent abgelehnt. Die Ablehnung der Initiative ""Keine 10-Millionen-Schweiz!» ist stärker als jene zur Zuwanderungsinitiative im Jahr 2020. Der Nein-Anteil in #gemeinde_d lag damals bei 54,1 Prozent."
34,28.1,28.1,71.9,"Laufen-Uhwiesen ZH","71,9 Prozent der Stimmbürgerinnen und Stimmbürger von Laufen-Uhwiesen sprechen sich gegen die Initiative ""Keine 10-Millionen-Schweiz"" aus. Die Ablehnung der Initiative ""Keine 10-Millionen-Schweiz!» ist stärker als jene zur Zuwanderungsinitiative im Jahr 2020. Der Nein-Anteil in #gemeinde_d lag damals bei 55,6 Prozent."
35,28.6,28.6,71.4,"Marthalen ZH","In Marthalen wird die Initiative ""Keine 10-Millionen-Schweiz"" mit 71,4 Prozent abgelehnt. In den vergangenen fünf Jahren hat die Gemeinde somit bei der Frage der Zuwanderung das Lager gewechselt. #gemeinde_d hatte die Zuwanderungsinitiative im Jahr 2020 mit 49,1 Prozent abgelehnt."
37,85.2,85.2,14.8,"Ossingen ZH","Mit 85,2 Prozent Ja-Stimmen hat eine Mehrheit der Stimmberechtigten in Ossingen der Initiative ""Keine 10-Millionen-Schweiz"" zugestimmt. Mit diesem Ergebnis wechselt #gemeinde_d ins Ja-Lager. Im Jahr 2020 hatte die Gemeinde die Zuwanderungsinitiative noch mit 53,4 Prozent der Stimmen abgelehnt."
38,22.3,22.3,77.7,"Rheinau ZH","In Rheinau ist die Initiative ""Keine 10-Millionen-Schweiz"" mit 77,7 Prozent der Stimmen gescheitert. Die Ablehnung der Initiative ""Keine 10-Millionen-Schweiz!» ist stärker als jene zur Zuwanderungsinitiative im Jahr 2020. Der Nein-Anteil in #gemeinde_d lag damals bei 60,3 Prozent."
39,40.7,40.7,59.3,"Thalheim an der Thur ZH","In Thalheim an der Thur ist die Initiative ""Keine 10-Millionen-Schweiz"" mit 59,3 Prozent der Stimmen gescheitert. In den vergangenen fünf Jahren hat die Gemeinde somit bei der Frage der Zuwanderung das Lager gewechselt. #gemeinde_d hatte die Zuwanderungsinitiative im Jahr 2020 mit 42,7 Prozent abgelehnt."
40,29.9,29.9,70.1,"Trüllikon ZH","70,1 Prozent der Stimmbürgerinnen und Stimmbürger von Trüllikon sprechen sich gegen die Initiative ""Keine 10-Millionen-Schweiz"" aus. In den vergangenen fünf Jahren hat die Gemeinde somit bei der Frage der Zuwanderung das Lager gewechselt. #gemeinde_d hatte die Zuwanderungsinitiative im Jahr 2020 mit 43,6 Prozent abgelehnt."
41,28.5,28.5,71.5,"Truttikon ZH","Die Initiative ""Keine 10-Millionen-Schweiz"" erreicht in Truttikon 71,5 Prozent Nein-Stimmen. Die Ablehnung der Initiative ""Keine 10-Millionen-Schweiz!» ist stärker als jene zur Zuwanderungsinitiative im Jahr 2020. Der Nein-Anteil in #gemeinde_d lag damals bei 51,6 Prozent."
43,39.6,39.6,60.4,"Volken ZH","Die Initiative ""Keine 10-Millionen-Schweiz"" erreicht in Volken 60,4 Prozent Nein-Stimmen. In den vergangenen fünf Jahren hat die Gemeinde somit bei der Frage der Zuwanderung das Lager gewechselt. #gemeinde_d hatte die Zuwanderungsinitiative im Jahr 2020 mit 48,8 Prozent abgelehnt."
51,57.2,57.2,42.8,"Bachenbülach ZH","In Bachenbülach erhält die Initiative ""Keine 10-Millionen-Schweiz"" 57,2 Prozent Zustimmung. Mit diesem Ergebnis wechselt #gemeinde_d ins Ja-Lager. Im Jahr 2020 hatte die Gemeinde die Zuwanderungsinitiative noch mit 58,4 Prozent der Stimmen abgelehnt."
52,29.2,29.2,70.8,"Bassersdorf ZH","Die Initiative ""Keine 10-Millionen-Schweiz"" erreicht in Bassersdorf 70,8 Prozent Nein-Stimmen. Die Ablehnung der Initiative ""Keine 10-Millionen-Schweiz!» ist stärker als jene zur Zuwanderungsinitiative im Jahr 2020. Der Nein-Anteil in #gemeinde_d lag damals bei 58,4 Prozent."
53,59.3,59.3,40.7,"Bülach ZH","Mit 59,3 Prozent Ja-Stimmen hat eine Mehrheit der Stimmberechtigten in Bülach der Initiative ""Keine 10-Millionen-Schweiz"" zugestimmt. Mit diesem Ergebnis wechselt #gemeinde_d ins Ja-Lager. Im Jahr 2020 hatte die Gemeinde die Zuwanderungsinitiative noch mit 60,1 Prozent der Stimmen abgelehnt."
54,53.9,53.9,46.1,"Dietlikon ZH","In Dietlikon erhält die Initiative ""Keine 10-Millionen-Schweiz"" 53,9 Prozent Zustimmung. Mit diesem Ergebnis wechselt #gemeinde_d ins Ja-Lager. Im Jahr 2020 hatte die Gemeinde die Zuwanderungsinitiative noch mit 61,5 Prozent der Stimmen abgelehnt."
55,19.8,19.8,80.2,"Eglisau ZH","In Eglisau findet die Initiative ""Keine 10-Millionen-Schweiz"" mit 80,2 Prozent keine Mehrheit. Die Ablehnung der Initiative ""Keine 10-Millionen-Schweiz!» ist stärker als jene zur Zuwanderungsinitiative im Jahr 2020. Der Nein-Anteil in #gemeinde_d lag damals bei 59,9 Prozent."
56,1.5,1.5,98.5,"Embrach ZH","In Embrach ist die Initiative ""Keine 10-Millionen-Schweiz"" mit 98,5 Prozent der Stimmen gescheitert. Die Ablehnung der Initiative ""Keine 10-Millionen-Schweiz!» ist stärker als jene zur Zuwanderungsinitiative im Jahr 2020. Der Nein-Anteil in #gemeinde_d lag damals bei 53,1 Prozent."
57,73.2,73.2,26.8,"Freienstein-Teufen ZH","Freienstein-Teufen hat die Initiative ""Keine 10-Millionen-Schweiz"" angenommen; der Ja-Stimmen-Anteil liegt bei 73,2 Prozent. Mit diesem Ergebnis wechselt #gemeinde_d ins Ja-Lager. Im Jahr 2020 hatte die Gemeinde die Zuwanderungsinitiative noch mit 60,6 Prozent der Stimmen abgelehnt."
58,72.8,72.8,27.2,"Glattfelden ZH","Mit 72,8 Prozent Ja-Stimmen hat eine Mehrheit der Stimmberechtigten in Glattfelden der Initiative ""Keine 10-Millionen-Schweiz"" zugestimmt. Mit diesem Ergebnis wechselt #gemeinde_d ins Ja-Lager. Im Jahr 2020 hatte die Gemeinde die Zuwanderungsinitiative noch mit 51,9 Prozent der Stimmen abgelehnt."
59,60.4,60.4,39.6,"Hochfelden ZH","Mit 60,4 Prozent Ja-Stimmen hat eine Mehrheit der Stimmberechtigten in Hochfelden der Initiative ""Keine 10-Millionen-Schweiz"" zugestimmt. Mit diesem Ergebnis wechselt #gemeinde_d ins Ja-Lager. Im Jahr 2020 hatte die Gemeinde die Zuwanderungsinitiative noch mit 51,2 Prozent der Stimmen abgelehnt."
60,46.8,46.8,53.2,"Höri ZH","Die Initiative ""Keine 10-Millionen-Schweiz"" erreicht in Höri 53,2 Prozent Nein-Stimmen. In den vergangenen fünf Jahren hat die Gemeinde somit bei der Frage der Zuwanderung das Lager gewechselt. #gemeinde_d hatte die Zuwanderungsinitiative im Jahr 2020 mit 44,8 Prozent abgelehnt."
61,82,82,18,"Hüntwangen ZH","Mit 82 Prozent befürworten die Stimmberechtigten von Hüntwangen die Initiative ""Keine 10-Millionen-Schweiz"". Mit diesem Ergebnis wechselt #gemeinde_d ins Ja-Lager. Im Jahr 2020 hatte die Gemeinde die Zuwanderungsinitiative noch mit 50,4 Prozent der Stimmen abgelehnt."
62,3.8,3.8,96.2,"Kloten ZH","Die Initiative ""Keine 10-Millionen-Schweiz"" erreicht in Kloten 96,2 Prozent Nein-Stimmen. Die Ablehnung der Initiative ""Keine 10-Millionen-Schweiz!» ist stärker als jene zur Zuwanderungsinitiative im Jahr 2020. Der Nein-Anteil in #gemeinde_d lag damals bei 54,5 Prozent."
63,63.6,63.6,36.4,"Lufingen ZH","Mit 63,6 Prozent Ja-Stimmen hat eine Mehrheit der Stimmberechtigten in Lufingen der Initiative ""Keine 10-Millionen-Schweiz"" zugestimmt. Mit diesem Ergebnis wechselt #gemeinde_d ins Ja-Lager. Im Jahr 2020 hatte die Gemeinde die Zuwanderungsinitiative noch mit 51,8 Prozent der Stimmen abgelehnt."
64,50.2,50.2,49.8,"Nürensdorf ZH","Mit 50,2 Prozent befürworten die Stimmberechtigten von Nürensdorf die Initiative ""Keine 10-Millionen-Schweiz"". Mit diesem Ergebnis wechselt #gemeinde_d ins Ja-Lager. Im Jahr 2020 hatte die Gemeinde die Zuwanderungsinitiative noch mit 50,6 Prozent der Stimmen abgelehnt."
65,51.5,51.5,48.5,"Oberembrach ZH","Mit 51,5 Prozent Ja-Stimmen hat eine Mehrheit der Stimmberechtigten in Oberembrach der Initiative ""Keine 10-Millionen-Schweiz"" zugestimmt. Die Unterstützung für die Initiative ""Keine 10-Millionen-Schweiz!» fällt geringer aus als jene für die Zuwanderungsinitiative im Jahr 2020. Die Abstimmenden von #gemeinde_d hatten damals mit 60,3 Prozent Ja gestimmt."
66,19.6,19.6,80.4,"Opfikon ZH","80,4 Prozent der Stimmbürgerinnen und Stimmbürger von Opfikon sprechen sich gegen die Initiative ""Keine 10-Millionen-Schweiz"" aus. Die Ablehnung der Initiative ""Keine 10-Millionen-Schweiz!» ist stärker als jene zur Zuwanderungsinitiative im Jahr 2020. Der Nein-Anteil in #gemeinde_d lag damals bei 59,8 Prozent."
67,38.4,38.4,61.6,"Rafz ZH","61,6 Prozent der Stimmbürgerinnen und Stimmbürger von Rafz sprechen sich gegen die Initiative ""Keine 10-Millionen-Schweiz"" aus. Die Ablehnung der Initiative ""Keine 10-Millionen-Schweiz!» ist stärker als jene zur Zuwanderungsinitiative im Jahr 2020. Der Nein-Anteil in #gemeinde_d lag damals bei 55,9 Prozent."
68,57.1,57.1,42.9,"Rorbas ZH","Mit 57,1 Prozent befürworten die Stimmberechtigten von Rorbas die Initiative ""Keine 10-Millionen-Schweiz"". Mit diesem Ergebnis wechselt #gemeinde_d ins Ja-Lager. Im Jahr 2020 hatte die Gemeinde die Zuwanderungsinitiative noch mit 57,3 Prozent der Stimmen abgelehnt."
69,87.3,87.3,12.7,"Wallisellen ZH","Die Initiative ""Keine 10-Millionen-Schweiz"" erreicht in Wallisellen 87,3 Prozent Ja-Stimmen. Mit diesem Ergebnis wechselt #gemeinde_d ins Ja-Lager. Im Jahr 2020 hatte die Gemeinde die Zuwanderungsinitiative noch mit 64,3 Prozent der Stimmen abgelehnt."
70,84.5,84.5,15.5,"Wasterkingen ZH","Mit 84,5 Prozent Ja-Stimmen hat eine Mehrheit der Stimmberechtigten in Wasterkingen der Initiative ""Keine 10-Millionen-Schweiz"" zugestimmt. Mit diesem Ergebnis wechselt #gemeinde_d ins Ja-Lager. Im Jahr 2020 hatte die Gemeinde die Zuwanderungsinitiative noch mit 50,5 Prozent der Stimmen abgelehnt."
71,12,12,88,"Wil ZH","Die Initiative ""Keine 10-Millionen-Schweiz"" erreicht in Wil ZH 88 Prozent Nein-Stimmen. Die Ablehnung der Initiative ""Keine 10-Millionen-Schweiz!» ist stärker als jene zur Zuwanderungsinitiative im Jahr 2020. Der Nein-Anteil in #gemeinde_d lag damals bei 50,7 Prozent."
72,56.8,56.8,43.2,"Winkel ZH","56,8 Prozent der Stimmbürgerinnen und Stimmbürger von Winkel haben sich für die Initiative ""Keine 10-Millionen-Schweiz"" ausgesprochen. Mit diesem Ergebnis wechselt #gemeinde_d ins Ja-Lager. Im Jahr 2020 hatte die Gemeinde die Zuwanderungsinitiative noch mit 54,4 Prozent der Stimmen abgelehnt."
81,69.2,69.2,30.8,"Bachs ZH","Mit 69,2 Prozent befürworten die Stimmberechtigten von Bachs die Initiative ""Keine 10-Millionen-Schweiz"". Die Unterstützung für die Initiative ""Keine 10-Millionen-Schweiz!» hat in #gemeinde_d gegenüber der Zuwanderungsinitiative im Jahr 2020 zugenommen. Bei jener Abstimmung hatten 53,8 Prozent der Abstimmenden der Gemeinde die Vorlage angenommen."
82,68,68,32,"Boppelsen ZH","Die Initiative ""Keine 10-Millionen-Schweiz"" erreicht in Boppelsen 68 Prozent Ja-Stimmen. Mit diesem Ergebnis wechselt #gemeinde_d ins Ja-Lager. Im Jahr 2020 hatte die Gemeinde die Zuwanderungsinitiative noch mit 57,5 Prozent der Stimmen abgelehnt."
83,46.3,46.3,53.7,"Buchs ZH","In Buchs ZH ist die Initiative ""Keine 10-Millionen-Schweiz"" mit 53,7 Prozent der Stimmen gescheitert. Das Ergebnis hat sich im Vergleich zur Abstimmung über die Zuwanderungsinitiative im Jahr 2020 kaum verändert. #gemeinde_d hatte damals mit 53 Prozent Nein gestimmt."
84,22.1,22.1,77.9,"Dällikon ZH","In Dällikon findet die Initiative ""Keine 10-Millionen-Schweiz"" mit 77,9 Prozent keine Mehrheit. In den vergangenen fünf Jahren hat die Gemeinde somit bei der Frage der Zuwanderung das Lager gewechselt. #gemeinde_d hatte die Zuwanderungsinitiative im Jahr 2020 mit 47,7 Prozent abgelehnt."
85,44.6,44.6,55.4,"Dänikon ZH","In Dänikon ist die Initiative ""Keine 10-Millionen-Schweiz"" mit 55,4 Prozent der Stimmen gescheitert. Die Ablehnung der Initiative ""Keine 10-Millionen-Schweiz!» ist stärker als jene zur Zuwanderungsinitiative im Jahr 2020. Der Nein-Anteil in #gemeinde_d lag damals bei 50,2 Prozent."
86,59,59,41,"Dielsdorf ZH","Mit 59 Prozent Ja-Stimmen hat eine Mehrheit der Stimmberechtigten in Dielsdorf der Initiative ""Keine 10-Millionen-Schweiz"" zugestimmt. Mit diesem Ergebnis wechselt #gemeinde_d ins Ja-Lager. Im Jahr 2020 hatte die Gemeinde die Zuwanderungsinitiative noch mit 54,2 Prozent der Stimmen abgelehnt."
87,0.5,0.5,99.5,"Hüttikon ZH","In Hüttikon findet die Initiative ""Keine 10-Millionen-Schweiz"" mit 99,5 Prozent keine Mehrheit. In den vergangenen fünf Jahren hat die Gemeinde somit bei der Frage der Zuwanderung das Lager gewechselt. #gemeinde_d hatte die Zuwanderungsinitiative im Jahr 2020 mit 49,1 Prozent abgelehnt."
88,48.5,48.5,51.5,"Neerach ZH","51,5 Prozent der Stimmbürgerinnen und Stimmbürger von Neerach sprechen sich gegen die Initiative ""Keine 10-Millionen-Schweiz"" aus. Die Ablehnung der Initiative ""Keine 10-Millionen-Schweiz!» ist stärker als jene zur Zuwanderungsinitiative im Jahr 2020. Der Nein-Anteil in #gemeinde_d lag damals bei 50,5 Prozent."
89,48.7,48.7,51.3,"Niederglatt ZH","51,3 Prozent der Stimmbürgerinnen und Stimmbürger von Niederglatt sprechen sich gegen die Initiative ""Keine 10-Millionen-Schweiz"" aus. Das Ergebnis hat sich im Vergleich zur Abstimmung über die Zuwanderungsinitiative im Jahr 2020 kaum verändert. #gemeinde_d hatte damals mit 51 Prozent Nein gestimmt."
90,66.4,66.4,33.6,"Niederhasli ZH","Mit 66,4 Prozent befürworten die Stimmberechtigten von Niederhasli die Initiative ""Keine 10-Millionen-Schweiz"". Mit diesem Ergebnis wechselt #gemeinde_d ins Ja-Lager. Im Jahr 2020 hatte die Gemeinde die Zuwanderungsinitiative noch mit 50,9 Prozent der Stimmen abgelehnt."
91,73.8,73.8,26.2,"Niederweningen ZH","73,8 Prozent der Stimmbürgerinnen und Stimmbürger von Niederweningen haben sich für die Initiative ""Keine 10-Millionen-Schweiz"" ausgesprochen. Mit diesem Ergebnis wechselt #gemeinde_d ins Ja-Lager. Im Jahr 2020 hatte die Gemeinde die Zuwanderungsinitiative noch mit 60,9 Prozent der Stimmen abgelehnt."
92,64.5,64.5,35.5,"Oberglatt ZH","Oberglatt hat die Initiative ""Keine 10-Millionen-Schweiz"" angenommen; der Ja-Stimmen-Anteil liegt bei 64,5 Prozent. Mit diesem Ergebnis wechselt #gemeinde_d ins Ja-Lager. Im Jahr 2020 hatte die Gemeinde die Zuwanderungsinitiative noch mit 52,3 Prozent der Stimmen abgelehnt."
93,74,74,26,"Oberweningen ZH","Die Initiative ""Keine 10-Millionen-Schweiz"" erreicht in Oberweningen 74 Prozent Ja-Stimmen. Mit diesem Ergebnis wechselt #gemeinde_d ins Ja-Lager. Im Jahr 2020 hatte die Gemeinde die Zuwanderungsinitiative noch mit 52,5 Prozent der Stimmen abgelehnt."
94,16.5,16.5,83.5,"Otelfingen ZH","In Otelfingen wird die Initiative ""Keine 10-Millionen-Schweiz"" mit 83,5 Prozent abgelehnt. Die Ablehnung der Initiative ""Keine 10-Millionen-Schweiz!» ist stärker als jene zur Zuwanderungsinitiative im Jahr 2020. Der Nein-Anteil in #gemeinde_d lag damals bei 58,9 Prozent."
95,87.6,87.6,12.4,"Regensberg ZH","In Regensberg erhält die Initiative ""Keine 10-Millionen-Schweiz"" 87,6 Prozent Zustimmung. Mit diesem Ergebnis wechselt #gemeinde_d ins Ja-Lager. Im Jahr 2020 hatte die Gemeinde die Zuwanderungsinitiative noch mit 62 Prozent der Stimmen abgelehnt."
96,40.9,40.9,59.1,"Regensdorf ZH","59,1 Prozent der Stimmbürgerinnen und Stimmbürger von Regensdorf sprechen sich gegen die Initiative ""Keine 10-Millionen-Schweiz"" aus. Die Ablehnung der Initiative ""Keine 10-Millionen-Schweiz!» ist stärker als jene zur Zuwanderungsinitiative im Jahr 2020. Der Nein-Anteil in #gemeinde_d lag damals bei 52,6 Prozent."
97,5.5,5.5,94.5,"Rümlang ZH","In Rümlang ist die Initiative ""Keine 10-Millionen-Schweiz"" mit 94,5 Prozent der Stimmen gescheitert. Die Ablehnung der Initiative ""Keine 10-Millionen-Schweiz!» ist stärker als jene zur Zuwanderungsinitiative im Jahr 2020. Der Nein-Anteil in #gemeinde_d lag damals bei 51 Prozent."
98,89.6,89.6,10.4,"Schleinikon ZH","Mit 89,6 Prozent Ja-Stimmen hat eine Mehrheit der Stimmberechtigten in Schleinikon der Initiative ""Keine 10-Millionen-Schweiz"" zugestimmt. Mit diesem Ergebnis wechselt #gemeinde_d ins Ja-Lager. Im Jahr 2020 hatte die Gemeinde die Zuwanderungsinitiative noch mit 52 Prozent der Stimmen abgelehnt."
99,41.1,41.1,58.9,"Schöfflisdorf ZH","In Schöfflisdorf ist die Initiative ""Keine 10-Millionen-Schweiz"" mit 58,9 Prozent der Stimmen gescheitert. Die Ablehnung der Initiative ""Keine 10-Millionen-Schweiz!» ist stärker als jene zur Zuwanderungsinitiative im Jahr 2020. Der Nein-Anteil in #gemeinde_d lag damals bei 50,6 Prozent."
100,53.8,53.8,46.2,"Stadel ZH","Stadel hat die Initiative ""Keine 10-Millionen-Schweiz"" angenommen; der Ja-Stimmen-Anteil liegt bei 53,8 Prozent. Die Unterstützung für die Initiative ""Keine 10-Millionen-Schweiz!» fällt geringer aus als jene für die Zuwanderungsinitiative im Jahr 2020. Die Abstimmenden von #gemeinde_d hatten damals mit 54,8 Prozent Ja gestimmt."
101,51.4,51.4,48.6,"Steinmaur ZH","Die Initiative ""Keine 10-Millionen-Schweiz"" erreicht in Steinmaur 51,4 Prozent Ja-Stimmen. Mit diesem Ergebnis wechselt #gemeinde_d ins Ja-Lager. Im Jahr 2020 hatte die Gemeinde die Zuwanderungsinitiative noch mit 52,6 Prozent der Stimmen abgelehnt."
102,76.6,76.6,23.4,"Weiach ZH","In Weiach erhält die Initiative ""Keine 10-Millionen-Schweiz"" 76,6 Prozent Zustimmung. Die Unterstützung für die Initiative ""Keine 10-Millionen-Schweiz!» hat in #gemeinde_d gegenüber der Zuwanderungsinitiative im Jahr 2020 zugenommen. Bei jener Abstimmung hatten 56,5 Prozent der Abstimmenden der Gemeinde die Vorlage angenommen."
111,55.7,55.7,44.3,"Bäretswil ZH","Mit 55,7 Prozent Ja-Stimmen hat eine Mehrheit der Stimmberechtigten in Bäretswil der Initiative ""Keine 10-Millionen-Schweiz"" zugestimmt. Die Unterstützung für die Initiative ""Keine 10-Millionen-Schweiz!» hat in #gemeinde_d gegenüber der Zuwanderungsinitiative im Jahr 2020 zugenommen. Bei jener Abstimmung hatten 52 Prozent der Abstimmenden der Gemeinde die Vorlage angenommen."
112,67.2,67.2,32.8,"Bubikon ZH","Mit 67,2 Prozent Ja-Stimmen hat eine Mehrheit der Stimmberechtigten in Bubikon der Initiative ""Keine 10-Millionen-Schweiz"" zugestimmt. Mit diesem Ergebnis wechselt #gemeinde_d ins Ja-Lager. Im Jahr 2020 hatte die Gemeinde die Zuwanderungsinitiative noch mit 54,7 Prozent der Stimmen abgelehnt."
113,53.5,53.5,46.5,"Dürnten ZH","53,5 Prozent der Stimmbürgerinnen und Stimmbürger von Dürnten haben sich für die Initiative ""Keine 10-Millionen-Schweiz"" ausgesprochen. Mit diesem Ergebnis wechselt #gemeinde_d ins Ja-Lager. Im Jahr 2020 hatte die Gemeinde die Zuwanderungsinitiative noch mit 53,7 Prozent der Stimmen abgelehnt."
114,63.9,63.9,36.1,"Fischenthal ZH","Fischenthal hat die Initiative ""Keine 10-Millionen-Schweiz"" angenommen; der Ja-Stimmen-Anteil liegt bei 63,9 Prozent. Die Meinungen zur Zuwanderungsfrage bleiben in #gemeinde_d somit stabil. Im Jahr 2020 hatte die Gemeinde bereits mit 63,3 Prozent Ja der Zuwanderungsinitiative zugestimmt."
115,51.7,51.7,48.3,"Gossau ZH","In Gossau ZH erhält die Initiative ""Keine 10-Millionen-Schweiz"" 51,7 Prozent Zustimmung. Mit diesem Ergebnis wechselt #gemeinde_d ins Ja-Lager. Im Jahr 2020 hatte die Gemeinde die Zuwanderungsinitiative noch mit 53,6 Prozent der Stimmen abgelehnt."
116,74,74,26,"Grüningen ZH","In Grüningen erhält die Initiative ""Keine 10-Millionen-Schweiz"" 74 Prozent Zustimmung. Mit diesem Ergebnis wechselt #gemeinde_d ins Ja-Lager. Im Jahr 2020 hatte die Gemeinde die Zuwanderungsinitiative noch mit 53,8 Prozent der Stimmen abgelehnt."
117,25.8,25.8,74.2,"Hinwil ZH","Die Initiative ""Keine 10-Millionen-Schweiz"" erreicht in Hinwil 74,2 Prozent Nein-Stimmen. Die Ablehnung der Initiative ""Keine 10-Millionen-Schweiz!» ist stärker als jene zur Zuwanderungsinitiative im Jahr 2020. Der Nein-Anteil in #gemeinde_d lag damals bei 51,5 Prozent."
118,76.9,76.9,23.1,"Rüti ZH","Mit 76,9 Prozent befürworten die Stimmberechtigten von Rüti ZH die Initiative ""Keine 10-Millionen-Schweiz"". Mit diesem Ergebnis wechselt #gemeinde_d ins Ja-Lager. Im Jahr 2020 hatte die Gemeinde die Zuwanderungsinitiative noch mit 57,5 Prozent der Stimmen abgelehnt."
119,66.9,66.9,33.1,"Seegräben ZH","In Seegräben erhält die Initiative ""Keine 10-Millionen-Schweiz"" 66,9 Prozent Zustimmung. Mit diesem Ergebnis wechselt #gemeinde_d ins Ja-Lager. Im Jahr 2020 hatte die Gemeinde die Zuwanderungsinitiative noch mit 58,7 Prozent der Stimmen abgelehnt."
120,56.1,56.1,43.9,"Wald ZH","56,1 Prozent der Stimmbürgerinnen und Stimmbürger von Wald ZH haben sich für die Initiative ""Keine 10-Millionen-Schweiz"" ausgesprochen. Mit diesem Ergebnis wechselt #gemeinde_d ins Ja-Lager. Im Jahr 2020 hatte die Gemeinde die Zuwanderungsinitiative noch mit 53,4 Prozent der Stimmen abgelehnt."
121,30.2,30.2,69.8,"Wetzikon ZH","Die Initiative ""Keine 10-Millionen-Schweiz"" erreicht in Wetzikon ZH 69,8 Prozent Nein-Stimmen. Die Ablehnung der Initiative ""Keine 10-Millionen-Schweiz!» ist stärker als jene zur Zuwanderungsinitiative im Jahr 2020. Der Nein-Anteil in #gemeinde_d lag damals bei 58,9 Prozent."
131,54.4,54.4,45.6,"Adliswil ZH","Adliswil hat die Initiative ""Keine 10-Millionen-Schweiz"" angenommen; der Ja-Stimmen-Anteil liegt bei 54,4 Prozent. Mit diesem Ergebnis wechselt #gemeinde_d ins Ja-Lager. Im Jahr 2020 hatte die Gemeinde die Zuwanderungsinitiative noch mit 63,4 Prozent der Stimmen abgelehnt."
135,31,31,69,"Kilchberg ZH","In Kilchberg ZH ist die Initiative ""Keine 10-Millionen-Schweiz"" mit 69 Prozent der Stimmen gescheitert. Die Ablehnung der Initiative fällt jedoch geringer aus als zur Zuwanderungsinitiative im Jahr 2020. Die Abstimmenden von #gemeinde_d hatten damals mit 70,6 Prozent Nein gestimmt."
136,36.2,36.2,63.8,"Langnau am Albis ZH","Die Initiative ""Keine 10-Millionen-Schweiz"" erreicht in Langnau am Albis 63,8 Prozent Nein-Stimmen. Das Ergebnis hat sich im Vergleich zur Abstimmung über die Zuwanderungsinitiative im Jahr 2020 kaum verändert. #gemeinde_d hatte damals mit 63,7 Prozent Nein gestimmt."
137,55.2,55.2,44.8,"Oberrieden ZH","Mit 55,2 Prozent Ja-Stimmen hat eine Mehrheit der Stimmberechtigten in Oberrieden der Initiative ""Keine 10-Millionen-Schweiz"" zugestimmt. Mit diesem Ergebnis wechselt #gemeinde_d ins Ja-Lager. Im Jahr 2020 hatte die Gemeinde die Zuwanderungsinitiative noch mit 69,6 Prozent der Stimmen abgelehnt."
138,64.8,64.8,35.2,"Richterswil ZH","Richterswil hat die Initiative ""Keine 10-Millionen-Schweiz"" angenommen; der Ja-Stimmen-Anteil liegt bei 64,8 Prozent. Mit diesem Ergebnis wechselt #gemeinde_d ins Ja-Lager. Im Jahr 2020 hatte die Gemeinde die Zuwanderungsinitiative noch mit 62,3 Prozent der Stimmen abgelehnt."
139,63.8,63.8,36.2,"Rüschlikon ZH","Mit 63,8 Prozent Ja-Stimmen hat eine Mehrheit der Stimmberechtigten in Rüschlikon der Initiative ""Keine 10-Millionen-Schweiz"" zugestimmt. Mit diesem Ergebnis wechselt #gemeinde_d ins Ja-Lager. Im Jahr 2020 hatte die Gemeinde die Zuwanderungsinitiative noch mit 68,3 Prozent der Stimmen abgelehnt."
141,29.4,29.4,70.6,"Thalwil ZH","In Thalwil findet die Initiative ""Keine 10-Millionen-Schweiz"" mit 70,6 Prozent keine Mehrheit. Das Ergebnis hat sich im Vergleich zur Abstimmung über die Zuwanderungsinitiative im Jahr 2020 kaum verändert. #gemeinde_d hatte damals mit 71,3 Prozent Nein gestimmt."
151,19.9,19.9,80.1,"Erlenbach ZH","In Erlenbach ZH findet die Initiative ""Keine 10-Millionen-Schweiz"" mit 80,1 Prozent keine Mehrheit. Die Ablehnung der Initiative ""Keine 10-Millionen-Schweiz!» ist stärker als jene zur Zuwanderungsinitiative im Jahr 2020. Der Nein-Anteil in #gemeinde_d lag damals bei 70,8 Prozent."
152,52.8,52.8,47.2,"Herrliberg ZH","Die Initiative ""Keine 10-Millionen-Schweiz"" erreicht in Herrliberg 52,8 Prozent Ja-Stimmen. Mit diesem Ergebnis wechselt #gemeinde_d ins Ja-Lager. Im Jahr 2020 hatte die Gemeinde die Zuwanderungsinitiative noch mit 64,1 Prozent der Stimmen abgelehnt."
153,40.4,40.4,59.6,"Hombrechtikon ZH","Die Initiative ""Keine 10-Millionen-Schweiz"" erreicht in Hombrechtikon 59,6 Prozent Nein-Stimmen. Die Ablehnung der Initiative ""Keine 10-Millionen-Schweiz!» ist stärker als jene zur Zuwanderungsinitiative im Jahr 2020. Der Nein-Anteil in #gemeinde_d lag damals bei 57,3 Prozent."
154,89.2,89.2,10.8,"Küsnacht ZH","Mit 89,2 Prozent befürworten die Stimmberechtigten von Küsnacht ZH die Initiative ""Keine 10-Millionen-Schweiz"". Mit diesem Ergebnis wechselt #gemeinde_d ins Ja-Lager. Im Jahr 2020 hatte die Gemeinde die Zuwanderungsinitiative noch mit 65,6 Prozent der Stimmen abgelehnt."
155,30.7,30.7,69.3,"Männedorf ZH","In Männedorf findet die Initiative ""Keine 10-Millionen-Schweiz"" mit 69,3 Prozent keine Mehrheit. Das Ergebnis hat sich im Vergleich zur Abstimmung über die Zuwanderungsinitiative im Jahr 2020 kaum verändert. #gemeinde_d hatte damals mit 69,2 Prozent Nein gestimmt."
156,15.6,15.6,84.4,"Meilen ZH","84,4 Prozent der Stimmbürgerinnen und Stimmbürger von Meilen sprechen sich gegen die Initiative ""Keine 10-Millionen-Schweiz"" aus. Die Ablehnung der Initiative ""Keine 10-Millionen-Schweiz!» ist stärker als jene zur Zuwanderungsinitiative im Jahr 2020. Der Nein-Anteil in #gemeinde_d lag damals bei 65,7 Prozent."
157,46,46,54,"Oetwil am See ZH","54 Prozent der Stimmbürgerinnen und Stimmbürger von Oetwil am See sprechen sich gegen die Initiative ""Keine 10-Millionen-Schweiz"" aus. Die Ablehnung der Initiative ""Keine 10-Millionen-Schweiz!» ist stärker als jene zur Zuwanderungsinitiative im Jahr 2020. Der Nein-Anteil in #gemeinde_d lag damals bei 52 Prozent."
158,44,44,56,"Stäfa ZH","56 Prozent der Stimmbürgerinnen und Stimmbürger von Stäfa sprechen sich gegen die Initiative ""Keine 10-Millionen-Schweiz"" aus. Die Ablehnung der Initiative fällt jedoch geringer aus als zur Zuwanderungsinitiative im Jahr 2020. Die Abstimmenden von #gemeinde_d hatten damals mit 68,1 Prozent Nein gestimmt."
159,49.5,49.5,50.5,"Uetikon am See ZH","50,5 Prozent der Stimmbürgerinnen und Stimmbürger von Uetikon am See sprechen sich gegen die Initiative ""Keine 10-Millionen-Schweiz"" aus. Die Ablehnung der Initiative fällt jedoch geringer aus als zur Zuwanderungsinitiative im Jahr 2020. Die Abstimmenden von #gemeinde_d hatten damals mit 65,8 Prozent Nein gestimmt."
160,69.9,69.9,30.1,"Zumikon ZH","Mit 69,9 Prozent Ja-Stimmen hat eine Mehrheit der Stimmberechtigten in Zumikon der Initiative ""Keine 10-Millionen-Schweiz"" zugestimmt. Mit diesem Ergebnis wechselt #gemeinde_d ins Ja-Lager. Im Jahr 2020 hatte die Gemeinde die Zuwanderungsinitiative noch mit 67,6 Prozent der Stimmen abgelehnt."
161,59.8,59.8,40.2,"Zollikon ZH","59,8 Prozent der Stimmbürgerinnen und Stimmbürger von Zollikon haben sich für die Initiative ""Keine 10-Millionen-Schweiz"" ausgesprochen. Mit diesem Ergebnis wechselt #gemeinde_d ins Ja-Lager. Im Jahr 2020 hatte die Gemeinde die Zuwanderungsinitiative noch mit 71,5 Prozent der Stimmen abgelehnt."
172,37.2,37.2,62.8,"Fehraltorf ZH","62,8 Prozent der Stimmbürgerinnen und Stimmbürger von Fehraltorf sprechen sich gegen die Initiative ""Keine 10-Millionen-Schweiz"" aus. Die Ablehnung der Initiative ""Keine 10-Millionen-Schweiz!» ist stärker als jene zur Zuwanderungsinitiative im Jahr 2020. Der Nein-Anteil in #gemeinde_d lag damals bei 58,6 Prozent."
173,37,37,63,"Hittnau ZH","Die Initiative ""Keine 10-Millionen-Schweiz"" erreicht in Hittnau 63 Prozent Nein-Stimmen. Die Ablehnung der Initiative ""Keine 10-Millionen-Schweiz!» ist stärker als jene zur Zuwanderungsinitiative im Jahr 2020. Der Nein-Anteil in #gemeinde_d lag damals bei 52,7 Prozent."
176,63.5,63.5,36.5,"Lindau ZH","Lindau hat die Initiative ""Keine 10-Millionen-Schweiz"" angenommen; der Ja-Stimmen-Anteil liegt bei 63,5 Prozent. Mit diesem Ergebnis wechselt #gemeinde_d ins Ja-Lager. Im Jahr 2020 hatte die Gemeinde die Zuwanderungsinitiative noch mit 55 Prozent der Stimmen abgelehnt."
177,62.9,62.9,37.1,"Pfäffikon ZH","62,9 Prozent der Stimmbürgerinnen und Stimmbürger von Pfäffikon haben sich für die Initiative ""Keine 10-Millionen-Schweiz"" ausgesprochen. Mit diesem Ergebnis wechselt #gemeinde_d ins Ja-Lager. Im Jahr 2020 hatte die Gemeinde die Zuwanderungsinitiative noch mit 61,4 Prozent der Stimmen abgelehnt."
178,60.6,60.6,39.4,"Russikon ZH","Russikon hat die Initiative ""Keine 10-Millionen-Schweiz"" angenommen; der Ja-Stimmen-Anteil liegt bei 60,6 Prozent. Mit diesem Ergebnis wechselt #gemeinde_d ins Ja-Lager. Im Jahr 2020 hatte die Gemeinde die Zuwanderungsinitiative noch mit 52,1 Prozent der Stimmen abgelehnt."
180,48.7,48.7,51.3,"Weisslingen ZH","51,3 Prozent der Stimmbürgerinnen und Stimmbürger von Weisslingen sprechen sich gegen die Initiative ""Keine 10-Millionen-Schweiz"" aus. Die Ablehnung der Initiative fällt jedoch geringer aus als zur Zuwanderungsinitiative im Jahr 2020. Die Abstimmenden von #gemeinde_d hatten damals mit 53,9 Prozent Nein gestimmt."
181,95.8,95.8,4.2,"Wila ZH","95,8 Prozent der Stimmbürgerinnen und Stimmbürger von Wila haben sich für die Initiative ""Keine 10-Millionen-Schweiz"" ausgesprochen. Die Unterstützung für die Initiative ""Keine 10-Millionen-Schweiz!» hat in #gemeinde_d gegenüber der Zuwanderungsinitiative im Jahr 2020 zugenommen. Bei jener Abstimmung hatten 56,2 Prozent der Abstimmenden der Gemeinde die Vorlage angenommen."
182,66,66,34,"Wildberg ZH","Wildberg hat die Initiative ""Keine 10-Millionen-Schweiz"" angenommen; der Ja-Stimmen-Anteil liegt bei 66 Prozent. Die Unterstützung für die Initiative ""Keine 10-Millionen-Schweiz!» hat in #gemeinde_d gegenüber der Zuwanderungsinitiative im Jahr 2020 zugenommen. Bei jener Abstimmung hatten 51,8 Prozent der Abstimmenden der Gemeinde die Vorlage angenommen."
191,41.8,41.8,58.2,"Dübendorf ZH","In Dübendorf wird die Initiative ""Keine 10-Millionen-Schweiz"" mit 58,2 Prozent abgelehnt. Die Ablehnung der Initiative fällt jedoch geringer aus als zur Zuwanderungsinitiative im Jahr 2020. Die Abstimmenden von #gemeinde_d hatten damals mit 61 Prozent Nein gestimmt."
192,50.6,50.6,49.4,"Egg ZH","Mit 50,6 Prozent Ja-Stimmen hat eine Mehrheit der Stimmberechtigten in Egg der Initiative ""Keine 10-Millionen-Schweiz"" zugestimmt. Mit diesem Ergebnis wechselt #gemeinde_d ins Ja-Lager. Im Jahr 2020 hatte die Gemeinde die Zuwanderungsinitiative noch mit 61,3 Prozent der Stimmen abgelehnt."
193,52.3,52.3,47.7,"Fällanden ZH","Mit 52,3 Prozent befürworten die Stimmberechtigten von Fällanden die Initiative ""Keine 10-Millionen-Schweiz"". Mit diesem Ergebnis wechselt #gemeinde_d ins Ja-Lager. Im Jahr 2020 hatte die Gemeinde die Zuwanderungsinitiative noch mit 65,4 Prozent der Stimmen abgelehnt."
194,64.6,64.6,35.4,"Greifensee ZH","Mit 64,6 Prozent Ja-Stimmen hat eine Mehrheit der Stimmberechtigten in Greifensee der Initiative ""Keine 10-Millionen-Schweiz"" zugestimmt. Mit diesem Ergebnis wechselt #gemeinde_d ins Ja-Lager. Im Jahr 2020 hatte die Gemeinde die Zuwanderungsinitiative noch mit 67 Prozent der Stimmen abgelehnt."
195,51.7,51.7,48.3,"Maur ZH","Maur hat die Initiative ""Keine 10-Millionen-Schweiz"" angenommen; der Ja-Stimmen-Anteil liegt bei 51,7 Prozent. Mit diesem Ergebnis wechselt #gemeinde_d ins Ja-Lager. Im Jahr 2020 hatte die Gemeinde die Zuwanderungsinitiative noch mit 64,1 Prozent der Stimmen abgelehnt."
196,8.8,8.8,91.2,"Mönchaltorf ZH","In Mönchaltorf wird die Initiative ""Keine 10-Millionen-Schweiz"" mit 91,2 Prozent abgelehnt. Die Ablehnung der Initiative ""Keine 10-Millionen-Schweiz!» ist stärker als jene zur Zuwanderungsinitiative im Jahr 2020. Der Nein-Anteil in #gemeinde_d lag damals bei 57,8 Prozent."
197,15.1,15.1,84.9,"Schwerzenbach ZH","Die Initiative ""Keine 10-Millionen-Schweiz"" erreicht in Schwerzenbach 84,9 Prozent Nein-Stimmen. Die Ablehnung der Initiative ""Keine 10-Millionen-Schweiz!» ist stärker als jene zur Zuwanderungsinitiative im Jahr 2020. Der Nein-Anteil in #gemeinde_d lag damals bei 65,4 Prozent."
198,42,42,58,"Uster ZH","In Uster wird die Initiative ""Keine 10-Millionen-Schweiz"" mit 58 Prozent abgelehnt. Die Ablehnung der Initiative fällt jedoch geringer aus als zur Zuwanderungsinitiative im Jahr 2020. Die Abstimmenden von #gemeinde_d hatten damals mit 68,5 Prozent Nein gestimmt."
199,42.4,42.4,57.6,"Volketswil ZH","Die Initiative ""Keine 10-Millionen-Schweiz"" erreicht in Volketswil 57,6 Prozent Nein-Stimmen. Die Ablehnung der Initiative ""Keine 10-Millionen-Schweiz!» ist stärker als jene zur Zuwanderungsinitiative im Jahr 2020. Der Nein-Anteil in #gemeinde_d lag damals bei 54,5 Prozent."
200,45.8,45.8,54.2,"Wangen-Brüttisellen ZH","In Wangen-Brüttisellen findet die Initiative ""Keine 10-Millionen-Schweiz"" mit 54,2 Prozent keine Mehrheit. Das Ergebnis hat sich im Vergleich zur Abstimmung über die Zuwanderungsinitiative im Jahr 2020 kaum verändert. #gemeinde_d hatte damals mit 54,9 Prozent Nein gestimmt."
211,64.3,64.3,35.7,"Altikon ZH","Mit 64,3 Prozent befürworten die Stimmberechtigten von Altikon die Initiative ""Keine 10-Millionen-Schweiz"". Die Unterstützung für die Initiative ""Keine 10-Millionen-Schweiz!» hat in #gemeinde_d gegenüber der Zuwanderungsinitiative im Jahr 2020 zugenommen. Bei jener Abstimmung hatten 59,1 Prozent der Abstimmenden der Gemeinde die Vorlage angenommen."
213,86.4,86.4,13.6,"Brütten ZH","Mit 86,4 Prozent befürworten die Stimmberechtigten von Brütten die Initiative ""Keine 10-Millionen-Schweiz"". Mit diesem Ergebnis wechselt #gemeinde_d ins Ja-Lager. Im Jahr 2020 hatte die Gemeinde die Zuwanderungsinitiative noch mit 58,4 Prozent der Stimmen abgelehnt."
214,50.4,50.4,49.6,"Dägerlen ZH","Mit 50,4 Prozent Ja-Stimmen hat eine Mehrheit der Stimmberechtigten in Dägerlen der Initiative ""Keine 10-Millionen-Schweiz"" zugestimmt. Mit diesem Ergebnis wechselt #gemeinde_d ins Ja-Lager. Im Jahr 2020 hatte die Gemeinde die Zuwanderungsinitiative noch mit 51,9 Prozent der Stimmen abgelehnt."
215,62.4,62.4,37.6,"Dättlikon ZH","In Dättlikon erhält die Initiative ""Keine 10-Millionen-Schweiz"" 62,4 Prozent Zustimmung. Mit diesem Ergebnis wechselt #gemeinde_d ins Ja-Lager. Im Jahr 2020 hatte die Gemeinde die Zuwanderungsinitiative noch mit 62,7 Prozent der Stimmen abgelehnt."
216,29.8,29.8,70.2,"Dinhard ZH","Die Initiative ""Keine 10-Millionen-Schweiz"" erreicht in Dinhard 70,2 Prozent Nein-Stimmen. In den vergangenen fünf Jahren hat die Gemeinde somit bei der Frage der Zuwanderung das Lager gewechselt. #gemeinde_d hatte die Zuwanderungsinitiative im Jahr 2020 mit 47,6 Prozent abgelehnt."
218,36.8,36.8,63.2,"Ellikon an der Thur ZH","Die Initiative ""Keine 10-Millionen-Schweiz"" erreicht in Ellikon an der Thur 63,2 Prozent Nein-Stimmen. Die Ablehnung der Initiative ""Keine 10-Millionen-Schweiz!» ist stärker als jene zur Zuwanderungsinitiative im Jahr 2020. Der Nein-Anteil in #gemeinde_d lag damals bei 54,4 Prozent."
219,59.6,59.6,40.4,"Elsau ZH","Die Initiative ""Keine 10-Millionen-Schweiz"" erreicht in Elsau 59,6 Prozent Ja-Stimmen. Mit diesem Ergebnis wechselt #gemeinde_d ins Ja-Lager. Im Jahr 2020 hatte die Gemeinde die Zuwanderungsinitiative noch mit 56,8 Prozent der Stimmen abgelehnt."
220,68.7,68.7,31.3,"Hagenbuch ZH","Die Initiative ""Keine 10-Millionen-Schweiz"" erreicht in Hagenbuch 68,7 Prozent Ja-Stimmen. Die Unterstützung für die Initiative ""Keine 10-Millionen-Schweiz!» hat in #gemeinde_d gegenüber der Zuwanderungsinitiative im Jahr 2020 zugenommen. Bei jener Abstimmung hatten 59,5 Prozent der Abstimmenden der Gemeinde die Vorlage angenommen."
221,42.8,42.8,57.2,"Hettlingen ZH","In Hettlingen wird die Initiative ""Keine 10-Millionen-Schweiz"" mit 57,2 Prozent abgelehnt. Die Ablehnung der Initiative fällt jedoch geringer aus als zur Zuwanderungsinitiative im Jahr 2020. Die Abstimmenden von #gemeinde_d hatten damals mit 62,4 Prozent Nein gestimmt."
223,60.5,60.5,39.5,"Neftenbach ZH","Die Initiative ""Keine 10-Millionen-Schweiz"" erreicht in Neftenbach 60,5 Prozent Ja-Stimmen. Mit diesem Ergebnis wechselt #gemeinde_d ins Ja-Lager. Im Jahr 2020 hatte die Gemeinde die Zuwanderungsinitiative noch mit 56,4 Prozent der Stimmen abgelehnt."
224,37,37,63,"Pfungen ZH","In Pfungen wird die Initiative ""Keine 10-Millionen-Schweiz"" mit 63 Prozent abgelehnt. Die Ablehnung der Initiative ""Keine 10-Millionen-Schweiz!» ist stärker als jene zur Zuwanderungsinitiative im Jahr 2020. Der Nein-Anteil in #gemeinde_d lag damals bei 53,5 Prozent."
225,62.7,62.7,37.3,"Rickenbach ZH","62,7 Prozent der Stimmbürgerinnen und Stimmbürger von Rickenbach ZH haben sich für die Initiative ""Keine 10-Millionen-Schweiz"" ausgesprochen. Mit diesem Ergebnis wechselt #gemeinde_d ins Ja-Lager. Im Jahr 2020 hatte die Gemeinde die Zuwanderungsinitiative noch mit 55,6 Prozent der Stimmen abgelehnt."
226,78.6,78.6,21.4,"Schlatt ZH","In Schlatt ZH erhält die Initiative ""Keine 10-Millionen-Schweiz"" 78,6 Prozent Zustimmung. Die Unterstützung für die Initiative ""Keine 10-Millionen-Schweiz!» hat in #gemeinde_d gegenüber der Zuwanderungsinitiative im Jahr 2020 zugenommen. Bei jener Abstimmung hatten 53 Prozent der Abstimmenden der Gemeinde die Vorlage angenommen."
227,49.8,49.8,50.2,"Seuzach ZH","Die Initiative ""Keine 10-Millionen-Schweiz"" erreicht in Seuzach 50,2 Prozent Nein-Stimmen. Die Ablehnung der Initiative fällt jedoch geringer aus als zur Zuwanderungsinitiative im Jahr 2020. Die Abstimmenden von #gemeinde_d hatten damals mit 54,2 Prozent Nein gestimmt."
228,41.3,41.3,58.7,"Turbenthal ZH","Die Initiative ""Keine 10-Millionen-Schweiz"" erreicht in Turbenthal 58,7 Prozent Nein-Stimmen. In den vergangenen fünf Jahren hat die Gemeinde somit bei der Frage der Zuwanderung das Lager gewechselt. #gemeinde_d hatte die Zuwanderungsinitiative im Jahr 2020 mit 49,4 Prozent abgelehnt."
230,84.1,84.1,15.9,"Winterthur ZH","84,1 Prozent der Stimmbürgerinnen und Stimmbürger von Winterthur haben sich für die Initiative ""Keine 10-Millionen-Schweiz"" ausgesprochen. Mit diesem Ergebnis wechselt #gemeinde_d ins Ja-Lager. Im Jahr 2020 hatte die Gemeinde die Zuwanderungsinitiative noch mit 72,2 Prozent der Stimmen abgelehnt."
231,35.6,35.6,64.4,"Zell ZH","64,4 Prozent der Stimmbürgerinnen und Stimmbürger von Zell ZH sprechen sich gegen die Initiative ""Keine 10-Millionen-Schweiz"" aus. Die Ablehnung der Initiative ""Keine 10-Millionen-Schweiz!» ist stärker als jene zur Zuwanderungsinitiative im Jahr 2020. Der Nein-Anteil in #gemeinde_d lag damals bei 53,4 Prozent."
241,66.3,66.3,33.7,"Aesch ZH","In Aesch ZH erhält die Initiative ""Keine 10-Millionen-Schweiz"" 66,3 Prozent Zustimmung. Mit diesem Ergebnis wechselt #gemeinde_d ins Ja-Lager. Im Jahr 2020 hatte die Gemeinde die Zuwanderungsinitiative noch mit 59,8 Prozent der Stimmen abgelehnt."
242,36,36,64,"Birmensdorf ZH","64 Prozent der Stimmbürgerinnen und Stimmbürger von Birmensdorf ZH sprechen sich gegen die Initiative ""Keine 10-Millionen-Schweiz"" aus. Die Ablehnung der Initiative ""Keine 10-Millionen-Schweiz!» ist stärker als jene zur Zuwanderungsinitiative im Jahr 2020. Der Nein-Anteil in #gemeinde_d lag damals bei 62,3 Prozent."
243,65.6,65.6,34.4,"Dietikon ZH","Mit 65,6 Prozent befürworten die Stimmberechtigten von Dietikon die Initiative ""Keine 10-Millionen-Schweiz"". Mit diesem Ergebnis wechselt #gemeinde_d ins Ja-Lager. Im Jahr 2020 hatte die Gemeinde die Zuwanderungsinitiative noch mit 58 Prozent der Stimmen abgelehnt."
244,91.9,91.9,8.1,"Geroldswil ZH","Mit 91,9 Prozent befürworten die Stimmberechtigten von Geroldswil die Initiative ""Keine 10-Millionen-Schweiz"". Mit diesem Ergebnis wechselt #gemeinde_d ins Ja-Lager. Im Jahr 2020 hatte die Gemeinde die Zuwanderungsinitiative noch mit 50,9 Prozent der Stimmen abgelehnt."
245,59.7,59.7,40.3,"Oberengstringen ZH","Oberengstringen hat die Initiative ""Keine 10-Millionen-Schweiz"" angenommen; der Ja-Stimmen-Anteil liegt bei 59,7 Prozent. Mit diesem Ergebnis wechselt #gemeinde_d ins Ja-Lager. Im Jahr 2020 hatte die Gemeinde die Zuwanderungsinitiative noch mit 61 Prozent der Stimmen abgelehnt."
246,30.9,30.9,69.1,"Oetwil an der Limmat ZH","69,1 Prozent der Stimmbürgerinnen und Stimmbürger von Oetwil an der Limmat sprechen sich gegen die Initiative ""Keine 10-Millionen-Schweiz"" aus. Die Ablehnung der Initiative ""Keine 10-Millionen-Schweiz!» ist stärker als jene zur Zuwanderungsinitiative im Jahr 2020. Der Nein-Anteil in #gemeinde_d lag damals bei 51,8 Prozent."
247,41.8,41.8,58.2,"Schlieren ZH","Die Initiative ""Keine 10-Millionen-Schweiz"" erreicht in Schlieren 58,2 Prozent Nein-Stimmen. Die Ablehnung der Initiative fällt jedoch geringer aus als zur Zuwanderungsinitiative im Jahr 2020. Die Abstimmenden von #gemeinde_d hatten damals mit 63,1 Prozent Nein gestimmt."
248,35.4,35.4,64.6,"Uitikon ZH","Die Initiative ""Keine 10-Millionen-Schweiz"" erreicht in Uitikon 64,6 Prozent Nein-Stimmen. Die Ablehnung der Initiative fällt jedoch geringer aus als zur Zuwanderungsinitiative im Jahr 2020. Die Abstimmenden von #gemeinde_d hatten damals mit 68,1 Prozent Nein gestimmt."
249,60.1,60.1,39.9,"Unterengstringen ZH","Die Initiative ""Keine 10-Millionen-Schweiz"" erreicht in Unterengstringen 60,1 Prozent Ja-Stimmen. Mit diesem Ergebnis wechselt #gemeinde_d ins Ja-Lager. Im Jahr 2020 hatte die Gemeinde die Zuwanderungsinitiative noch mit 56,5 Prozent der Stimmen abgelehnt."
250,39.1,39.1,60.9,"Urdorf ZH","In Urdorf wird die Initiative ""Keine 10-Millionen-Schweiz"" mit 60,9 Prozent abgelehnt. Die Ablehnung der Initiative ""Keine 10-Millionen-Schweiz!» ist stärker als jene zur Zuwanderungsinitiative im Jahr 2020. Der Nein-Anteil in #gemeinde_d lag damals bei 59,2 Prozent."
251,46.5,46.5,53.5,"Weiningen ZH","53,5 Prozent der Stimmbürgerinnen und Stimmbürger von Weiningen ZH sprechen sich gegen die Initiative ""Keine 10-Millionen-Schweiz"" aus. Die Ablehnung der Initiative fällt jedoch geringer aus als zur Zuwanderungsinitiative im Jahr 2020. Die Abstimmenden von #gemeinde_d hatten damals mit 54,6 Prozent Nein gestimmt."
261,69.4,69.4,30.6,"Zürich ZH","Mit 69,4 Prozent Ja-Stimmen hat eine Mehrheit der Stimmberechtigten in Zürich der Initiative ""Keine 10-Millionen-Schweiz"" zugestimmt. Mit diesem Ergebnis wechselt #gemeinde_d ins Ja-Lager. Im Jahr 2020 hatte die Gemeinde die Zuwanderungsinitiative noch mit 78,9 Prozent der Stimmen abgelehnt."
291,59.3,59.3,40.7,"Andelfingen ZH","Die Initiative ""Keine 10-Millionen-Schweiz"" erreicht in Andelfingen 59,3 Prozent Ja-Stimmen. Mit diesem Ergebnis wechselt #gemeinde_d ins Ja-Lager. Im Jahr 2020 hatte die Gemeinde die Zuwanderungsinitiative noch mit 55,9 Prozent der Stimmen abgelehnt."
292,46.2,46.2,53.8,"Stammheim ZH","In Stammheim wird die Initiative ""Keine 10-Millionen-Schweiz"" mit 53,8 Prozent abgelehnt. Die Ablehnung der Initiative ""Keine 10-Millionen-Schweiz!» ist stärker als jene zur Zuwanderungsinitiative im Jahr 2020. Der Nein-Anteil in #gemeinde_d lag damals bei 52,1 Prozent."
293,82.4,82.4,17.6,"Wädenswil ZH","82,4 Prozent der Stimmbürgerinnen und Stimmbürger von Wädenswil haben sich für die Initiative ""Keine 10-Millionen-Schweiz"" ausgesprochen. Mit diesem Ergebnis wechselt #gemeinde_d ins Ja-Lager. Im Jahr 2020 hatte die Gemeinde die Zuwanderungsinitiative noch mit 62,2 Prozent der Stimmen abgelehnt."
294,52.6,52.6,47.4,"Elgg ZH","Mit 52,6 Prozent Ja-Stimmen hat eine Mehrheit der Stimmberechtigten in Elgg der Initiative ""Keine 10-Millionen-Schweiz"" zugestimmt. Mit diesem Ergebnis wechselt #gemeinde_d ins Ja-Lager. Im Jahr 2020 hatte die Gemeinde die Zuwanderungsinitiative noch mit 56,4 Prozent der Stimmen abgelehnt."
295,75.4,75.4,24.6,"Horgen ZH","Mit 75,4 Prozent Ja-Stimmen hat eine Mehrheit der Stimmberechtigten in Horgen der Initiative ""Keine 10-Millionen-Schweiz"" zugestimmt. Mit diesem Ergebnis wechselt #gemeinde_d ins Ja-Lager. Im Jahr 2020 hatte die Gemeinde die Zuwanderungsinitiative noch mit 63,8 Prozent der Stimmen abgelehnt."
296,89,89,11,"Illnau-Effretikon ZH","89 Prozent der Stimmbürgerinnen und Stimmbürger von Illnau-Effretikon haben sich für die Initiative ""Keine 10-Millionen-Schweiz"" ausgesprochen. Mit diesem Ergebnis wechselt #gemeinde_d ins Ja-Lager. Im Jahr 2020 hatte die Gemeinde die Zuwanderungsinitiative noch mit 58,7 Prozent der Stimmen abgelehnt."
297,48.9,48.9,51.1,"Bauma ZH","In Bauma wird die Initiative ""Keine 10-Millionen-Schweiz"" mit 51,1 Prozent abgelehnt. In den vergangenen fünf Jahren hat die Gemeinde somit bei der Frage der Zuwanderung das Lager gewechselt. #gemeinde_d hatte die Zuwanderungsinitiative im Jahr 2020 mit 42 Prozent abgelehnt."
298,57.1,57.1,42.9,"Wiesendangen ZH","57,1 Prozent der Stimmbürgerinnen und Stimmbürger von Wiesendangen haben sich für die Initiative ""Keine 10-Millionen-Schweiz"" ausgesprochen. Mit diesem Ergebnis wechselt #gemeinde_d ins Ja-Lager. Im Jahr 2020 hatte die Gemeinde die Zuwanderungsinitiative noch mit 56,2 Prozent der Stimmen abgelehnt."
301,76.7,76.7,23.3,"Aarberg BE","Mit 76,7 Prozent befürworten die Stimmberechtigten von Aarberg die Initiative ""Keine 10-Millionen-Schweiz"". Mit diesem Ergebnis wechselt #gemeinde_d ins Ja-Lager. Im Jahr 2020 hatte die Gemeinde die Zuwanderungsinitiative noch mit 62 Prozent der Stimmen abgelehnt."
302,27.8,27.8,72.2,"Bargen BE","72,2 Prozent der Stimmbürgerinnen und Stimmbürger von Bargen BE sprechen sich gegen die Initiative ""Keine 10-Millionen-Schweiz"" aus. Die Ablehnung der Initiative ""Keine 10-Millionen-Schweiz!» ist stärker als jene zur Zuwanderungsinitiative im Jahr 2020. Der Nein-Anteil in #gemeinde_d lag damals bei 51,1 Prozent."
303,55.4,55.4,44.6,"Grossaffoltern BE","Mit 55,4 Prozent Ja-Stimmen hat eine Mehrheit der Stimmberechtigten in Grossaffoltern der Initiative ""Keine 10-Millionen-Schweiz"" zugestimmt. Mit diesem Ergebnis wechselt #gemeinde_d ins Ja-Lager. Im Jahr 2020 hatte die Gemeinde die Zuwanderungsinitiative noch mit 60,1 Prozent der Stimmen abgelehnt."
304,34.7,34.7,65.3,"Kallnach BE","65,3 Prozent der Stimmbürgerinnen und Stimmbürger von Kallnach sprechen sich gegen die Initiative ""Keine 10-Millionen-Schweiz"" aus. In den vergangenen fünf Jahren hat die Gemeinde somit bei der Frage der Zuwanderung das Lager gewechselt. #gemeinde_d hatte die Zuwanderungsinitiative im Jahr 2020 mit 48,4 Prozent abgelehnt."
305,95.6,95.6,4.4,"Kappelen BE","In Kappelen erhält die Initiative ""Keine 10-Millionen-Schweiz"" 95,6 Prozent Zustimmung. Mit diesem Ergebnis wechselt #gemeinde_d ins Ja-Lager. Im Jahr 2020 hatte die Gemeinde die Zuwanderungsinitiative noch mit 51,1 Prozent der Stimmen abgelehnt."
306,45,45,55,"Lyss BE","In Lyss ist die Initiative ""Keine 10-Millionen-Schweiz"" mit 55 Prozent der Stimmen gescheitert. Die Ablehnung der Initiative fällt jedoch geringer aus als zur Zuwanderungsinitiative im Jahr 2020. Die Abstimmenden von #gemeinde_d hatten damals mit 64 Prozent Nein gestimmt."
307,45.7,45.7,54.3,"Meikirch BE","In Meikirch wird die Initiative ""Keine 10-Millionen-Schweiz"" mit 54,3 Prozent abgelehnt. Die Ablehnung der Initiative fällt jedoch geringer aus als zur Zuwanderungsinitiative im Jahr 2020. Die Abstimmenden von #gemeinde_d hatten damals mit 64,6 Prozent Nein gestimmt."
309,46,46,54,"Radelfingen BE","Die Initiative ""Keine 10-Millionen-Schweiz"" erreicht in Radelfingen 54 Prozent Nein-Stimmen. Die Ablehnung der Initiative fällt jedoch geringer aus als zur Zuwanderungsinitiative im Jahr 2020. Die Abstimmenden von #gemeinde_d hatten damals mit 57,6 Prozent Nein gestimmt."
310,17,17,83,"Rapperswil BE","In Rapperswil BE ist die Initiative ""Keine 10-Millionen-Schweiz"" mit 83 Prozent der Stimmen gescheitert. Die Ablehnung der Initiative ""Keine 10-Millionen-Schweiz!» ist stärker als jene zur Zuwanderungsinitiative im Jahr 2020. Der Nein-Anteil in #gemeinde_d lag damals bei 51,3 Prozent."
311,33.4,33.4,66.6,"Schüpfen BE","Die Initiative ""Keine 10-Millionen-Schweiz"" erreicht in Schüpfen 66,6 Prozent Nein-Stimmen. Die Ablehnung der Initiative ""Keine 10-Millionen-Schweiz!» ist stärker als jene zur Zuwanderungsinitiative im Jahr 2020. Der Nein-Anteil in #gemeinde_d lag damals bei 59,7 Prozent."
312,19.2,19.2,80.8,"Seedorf BE","In Seedorf BE wird die Initiative ""Keine 10-Millionen-Schweiz"" mit 80,8 Prozent abgelehnt. In den vergangenen fünf Jahren hat die Gemeinde somit bei der Frage der Zuwanderung das Lager gewechselt. #gemeinde_d hatte die Zuwanderungsinitiative im Jahr 2020 mit 49,1 Prozent abgelehnt."
321,22.1,22.1,77.9,"Aarwangen BE","In Aarwangen findet die Initiative ""Keine 10-Millionen-Schweiz"" mit 77,9 Prozent keine Mehrheit. Die Ablehnung der Initiative ""Keine 10-Millionen-Schweiz!» ist stärker als jene zur Zuwanderungsinitiative im Jahr 2020. Der Nein-Anteil in #gemeinde_d lag damals bei 51,3 Prozent."
322,18.2,18.2,81.8,"Auswil BE","81,8 Prozent der Stimmbürgerinnen und Stimmbürger von Auswil sprechen sich gegen die Initiative ""Keine 10-Millionen-Schweiz"" aus. In den vergangenen fünf Jahren hat die Gemeinde somit bei der Frage der Zuwanderung das Lager gewechselt. #gemeinde_d hatte die Zuwanderungsinitiative im Jahr 2020 mit 32,4 Prozent abgelehnt."
323,41.1,41.1,58.9,"Bannwil BE","Die Initiative ""Keine 10-Millionen-Schweiz"" erreicht in Bannwil 58,9 Prozent Nein-Stimmen. In den vergangenen fünf Jahren hat die Gemeinde somit bei der Frage der Zuwanderung das Lager gewechselt. #gemeinde_d hatte die Zuwanderungsinitiative im Jahr 2020 mit 44,1 Prozent abgelehnt."
324,64.6,64.6,35.4,"Bleienbach BE","Bleienbach hat die Initiative ""Keine 10-Millionen-Schweiz"" angenommen; der Ja-Stimmen-Anteil liegt bei 64,6 Prozent. Die Unterstützung für die Initiative ""Keine 10-Millionen-Schweiz!» hat in #gemeinde_d gegenüber der Zuwanderungsinitiative im Jahr 2020 zugenommen. Bei jener Abstimmung hatten 57,7 Prozent der Abstimmenden der Gemeinde die Vorlage angenommen."
325,64.2,64.2,35.8,"Busswil bei Melchnau BE","In Busswil bei Melchnau erhält die Initiative ""Keine 10-Millionen-Schweiz"" 64,2 Prozent Zustimmung. Die Unterstützung für die Initiative ""Keine 10-Millionen-Schweiz!» hat in #gemeinde_d gegenüber der Zuwanderungsinitiative im Jahr 2020 zugenommen. Bei jener Abstimmung hatten 62,5 Prozent der Abstimmenden der Gemeinde die Vorlage angenommen."
326,32.4,32.4,67.6,"Gondiswil BE","67,6 Prozent der Stimmbürgerinnen und Stimmbürger von Gondiswil sprechen sich gegen die Initiative ""Keine 10-Millionen-Schweiz"" aus. In den vergangenen fünf Jahren hat die Gemeinde somit bei der Frage der Zuwanderung das Lager gewechselt. #gemeinde_d hatte die Zuwanderungsinitiative im Jahr 2020 mit 38,7 Prozent abgelehnt."
329,80.7,80.7,19.3,"Langenthal BE","In Langenthal erhält die Initiative ""Keine 10-Millionen-Schweiz"" 80,7 Prozent Zustimmung. Mit diesem Ergebnis wechselt #gemeinde_d ins Ja-Lager. Im Jahr 2020 hatte die Gemeinde die Zuwanderungsinitiative noch mit 64,1 Prozent der Stimmen abgelehnt."
331,31.7,31.7,68.3,"Lotzwil BE","In Lotzwil wird die Initiative ""Keine 10-Millionen-Schweiz"" mit 68,3 Prozent abgelehnt. Die Ablehnung der Initiative ""Keine 10-Millionen-Schweiz!» ist stärker als jene zur Zuwanderungsinitiative im Jahr 2020. Der Nein-Anteil in #gemeinde_d lag damals bei 56,4 Prozent."
332,36.4,36.4,63.6,"Madiswil BE","Die Initiative ""Keine 10-Millionen-Schweiz"" erreicht in Madiswil 63,6 Prozent Nein-Stimmen. In den vergangenen fünf Jahren hat die Gemeinde somit bei der Frage der Zuwanderung das Lager gewechselt. #gemeinde_d hatte die Zuwanderungsinitiative im Jahr 2020 mit 49,8 Prozent abgelehnt."
333,69.8,69.8,30.2,"Melchnau BE","Mit 69,8 Prozent Ja-Stimmen hat eine Mehrheit der Stimmberechtigten in Melchnau der Initiative ""Keine 10-Millionen-Schweiz"" zugestimmt. Die Unterstützung für die Initiative ""Keine 10-Millionen-Schweiz!» hat in #gemeinde_d gegenüber der Zuwanderungsinitiative im Jahr 2020 zugenommen. Bei jener Abstimmung hatten 50,5 Prozent der Abstimmenden der Gemeinde die Vorlage angenommen."
335,91.7,91.7,8.3,"Oeschenbach BE","Oeschenbach hat die Initiative ""Keine 10-Millionen-Schweiz"" angenommen; der Ja-Stimmen-Anteil liegt bei 91,7 Prozent. Die Unterstützung für die Initiative ""Keine 10-Millionen-Schweiz!» hat in #gemeinde_d gegenüber der Zuwanderungsinitiative im Jahr 2020 zugenommen. Bei jener Abstimmung hatten 62,9 Prozent der Abstimmenden der Gemeinde die Vorlage angenommen."
336,71.8,71.8,28.2,"Reisiswil BE","Mit 71,8 Prozent Ja-Stimmen hat eine Mehrheit der Stimmberechtigten in Reisiswil der Initiative ""Keine 10-Millionen-Schweiz"" zugestimmt. Die Unterstützung für die Initiative ""Keine 10-Millionen-Schweiz!» fällt geringer aus als jene für die Zuwanderungsinitiative im Jahr 2020. Die Abstimmenden von #gemeinde_d hatten damals mit 82,7 Prozent Ja gestimmt."
337,36.6,36.6,63.4,"Roggwil BE","63,4 Prozent der Stimmbürgerinnen und Stimmbürger von Roggwil BE sprechen sich gegen die Initiative ""Keine 10-Millionen-Schweiz"" aus. Die Ablehnung der Initiative ""Keine 10-Millionen-Schweiz!» ist stärker als jene zur Zuwanderungsinitiative im Jahr 2020. Der Nein-Anteil in #gemeinde_d lag damals bei 52,2 Prozent."
338,36.6,36.6,63.4,"Rohrbach BE","In Rohrbach wird die Initiative ""Keine 10-Millionen-Schweiz"" mit 63,4 Prozent abgelehnt. In den vergangenen fünf Jahren hat die Gemeinde somit bei der Frage der Zuwanderung das Lager gewechselt. #gemeinde_d hatte die Zuwanderungsinitiative im Jahr 2020 mit 44,5 Prozent abgelehnt."
339,54.3,54.3,45.7,"Rohrbachgraben BE","Mit 54,3 Prozent befürworten die Stimmberechtigten von Rohrbachgraben die Initiative ""Keine 10-Millionen-Schweiz"". Die Unterstützung für die Initiative ""Keine 10-Millionen-Schweiz!» fällt geringer aus als jene für die Zuwanderungsinitiative im Jahr 2020. Die Abstimmenden von #gemeinde_d hatten damals mit 68,8 Prozent Ja gestimmt."
340,39.2,39.2,60.8,"Rütschelen BE","60,8 Prozent der Stimmbürgerinnen und Stimmbürger von Rütschelen sprechen sich gegen die Initiative ""Keine 10-Millionen-Schweiz"" aus. In den vergangenen fünf Jahren hat die Gemeinde somit bei der Frage der Zuwanderung das Lager gewechselt. #gemeinde_d hatte die Zuwanderungsinitiative im Jahr 2020 mit 44,8 Prozent abgelehnt."
341,43.9,43.9,56.1,"Schwarzhäusern BE","In Schwarzhäusern ist die Initiative ""Keine 10-Millionen-Schweiz"" mit 56,1 Prozent der Stimmen gescheitert. In den vergangenen fünf Jahren hat die Gemeinde somit bei der Frage der Zuwanderung das Lager gewechselt. #gemeinde_d hatte die Zuwanderungsinitiative im Jahr 2020 mit 42,1 Prozent abgelehnt."
342,93.3,93.3,6.7,"Thunstetten BE","Thunstetten hat die Initiative ""Keine 10-Millionen-Schweiz"" angenommen; der Ja-Stimmen-Anteil liegt bei 93,3 Prozent. Die Unterstützung für die Initiative ""Keine 10-Millionen-Schweiz!» hat in #gemeinde_d gegenüber der Zuwanderungsinitiative im Jahr 2020 zugenommen. Bei jener Abstimmung hatten 52,3 Prozent der Abstimmenden der Gemeinde die Vorlage angenommen."
344,52.1,52.1,47.9,"Ursenbach BE","Mit 52,1 Prozent Ja-Stimmen hat eine Mehrheit der Stimmberechtigten in Ursenbach der Initiative ""Keine 10-Millionen-Schweiz"" zugestimmt. Die Unterstützung für die Initiative ""Keine 10-Millionen-Schweiz!» fällt geringer aus als jene für die Zuwanderungsinitiative im Jahr 2020. Die Abstimmenden von #gemeinde_d hatten damals mit 62,6 Prozent Ja gestimmt."
345,57.8,57.8,42.2,"Wynau BE","57,8 Prozent der Stimmbürgerinnen und Stimmbürger von Wynau haben sich für die Initiative ""Keine 10-Millionen-Schweiz"" ausgesprochen. Die Unterstützung für die Initiative ""Keine 10-Millionen-Schweiz!» hat in #gemeinde_d gegenüber der Zuwanderungsinitiative im Jahr 2020 zugenommen. Bei jener Abstimmung hatten 50,2 Prozent der Abstimmenden der Gemeinde die Vorlage angenommen."
351,37.3,37.3,62.7,"Bern BE","Die Initiative ""Keine 10-Millionen-Schweiz"" erreicht in Bern 62,7 Prozent Nein-Stimmen. Die Ablehnung der Initiative fällt jedoch geringer aus als zur Zuwanderungsinitiative im Jahr 2020. Die Abstimmenden von #gemeinde_d hatten damals mit 84 Prozent Nein gestimmt."
352,74.1,74.1,25.9,"Bolligen BE","Die Initiative ""Keine 10-Millionen-Schweiz"" erreicht in Bolligen 74,1 Prozent Ja-Stimmen. Mit diesem Ergebnis wechselt #gemeinde_d ins Ja-Lager. Im Jahr 2020 hatte die Gemeinde die Zuwanderungsinitiative noch mit 71,7 Prozent der Stimmen abgelehnt."
353,44.7,44.7,55.3,"Bremgarten bei Bern BE","In Bremgarten bei Bern wird die Initiative ""Keine 10-Millionen-Schweiz"" mit 55,3 Prozent abgelehnt. Die Ablehnung der Initiative fällt jedoch geringer aus als zur Zuwanderungsinitiative im Jahr 2020. Die Abstimmenden von #gemeinde_d hatten damals mit 76 Prozent Nein gestimmt."
354,80.2,80.2,19.8,"Kirchlindach BE","Mit 80,2 Prozent Ja-Stimmen hat eine Mehrheit der Stimmberechtigten in Kirchlindach der Initiative ""Keine 10-Millionen-Schweiz"" zugestimmt. Mit diesem Ergebnis wechselt #gemeinde_d ins Ja-Lager. Im Jahr 2020 hatte die Gemeinde die Zuwanderungsinitiative noch mit 68,9 Prozent der Stimmen abgelehnt."
355,59.8,59.8,40.2,"Köniz BE","59,8 Prozent der Stimmbürgerinnen und Stimmbürger von Köniz haben sich für die Initiative ""Keine 10-Millionen-Schweiz"" ausgesprochen. Mit diesem Ergebnis wechselt #gemeinde_d ins Ja-Lager. Im Jahr 2020 hatte die Gemeinde die Zuwanderungsinitiative noch mit 74,9 Prozent der Stimmen abgelehnt."
356,29.6,29.6,70.4,"Muri bei Bern BE","In Muri bei Bern wird die Initiative ""Keine 10-Millionen-Schweiz"" mit 70,4 Prozent abgelehnt. Die Ablehnung der Initiative fällt jedoch geringer aus als zur Zuwanderungsinitiative im Jahr 2020. Die Abstimmenden von #gemeinde_d hatten damals mit 73,8 Prozent Nein gestimmt."
357,4.2,4.2,95.8,"Oberbalm BE","95,8 Prozent der Stimmbürgerinnen und Stimmbürger von Oberbalm sprechen sich gegen die Initiative ""Keine 10-Millionen-Schweiz"" aus. In den vergangenen fünf Jahren hat die Gemeinde somit bei der Frage der Zuwanderung das Lager gewechselt. #gemeinde_d hatte die Zuwanderungsinitiative im Jahr 2020 mit 35,1 Prozent abgelehnt."
358,51.5,51.5,48.5,"Stettlen BE","Mit 51,5 Prozent Ja-Stimmen hat eine Mehrheit der Stimmberechtigten in Stettlen der Initiative ""Keine 10-Millionen-Schweiz"" zugestimmt. Mit diesem Ergebnis wechselt #gemeinde_d ins Ja-Lager. Im Jahr 2020 hatte die Gemeinde die Zuwanderungsinitiative noch mit 68,9 Prozent der Stimmen abgelehnt."
359,51.2,51.2,48.8,"Vechigen BE","Die Initiative ""Keine 10-Millionen-Schweiz"" erreicht in Vechigen 51,2 Prozent Ja-Stimmen. Mit diesem Ergebnis wechselt #gemeinde_d ins Ja-Lager. Im Jahr 2020 hatte die Gemeinde die Zuwanderungsinitiative noch mit 60,4 Prozent der Stimmen abgelehnt."
360,6.8,6.8,93.2,"Wohlen bei Bern BE","In Wohlen bei Bern wird die Initiative ""Keine 10-Millionen-Schweiz"" mit 93,2 Prozent abgelehnt. Die Ablehnung der Initiative ""Keine 10-Millionen-Schweiz!» ist stärker als jene zur Zuwanderungsinitiative im Jahr 2020. Der Nein-Anteil in #gemeinde_d lag damals bei 69,7 Prozent."
361,49.9,49.9,50.1,"Zollikofen BE","Die Initiative ""Keine 10-Millionen-Schweiz"" erreicht in Zollikofen 50,1 Prozent Nein-Stimmen. Die Ablehnung der Initiative fällt jedoch geringer aus als zur Zuwanderungsinitiative im Jahr 2020. Die Abstimmenden von #gemeinde_d hatten damals mit 67 Prozent Nein gestimmt."
362,52.9,52.9,47.1,"Ittigen BE","Mit 52,9 Prozent befürworten die Stimmberechtigten von Ittigen die Initiative ""Keine 10-Millionen-Schweiz"". Mit diesem Ergebnis wechselt #gemeinde_d ins Ja-Lager. Im Jahr 2020 hatte die Gemeinde die Zuwanderungsinitiative noch mit 68,9 Prozent der Stimmen abgelehnt."
363,49.5,49.5,50.5,"Ostermundigen BE","In Ostermundigen ist die Initiative ""Keine 10-Millionen-Schweiz"" mit 50,5 Prozent der Stimmen gescheitert. Die Ablehnung der Initiative fällt jedoch geringer aus als zur Zuwanderungsinitiative im Jahr 2020. Die Abstimmenden von #gemeinde_d hatten damals mit 70 Prozent Nein gestimmt."
371,65.7,65.7,34.3,"Biel BE","Biel BE hat die Initiative ""Keine 10-Millionen-Schweiz"" angenommen; der Ja-Stimmen-Anteil liegt bei 65,7 Prozent. Mit diesem Ergebnis wechselt #gemeinde_d ins Ja-Lager. Im Jahr 2020 hatte die Gemeinde die Zuwanderungsinitiative noch mit 74,3 Prozent der Stimmen abgelehnt."
372,53.7,53.7,46.3,"Leubringen BE","53,7 Prozent der Stimmbürgerinnen und Stimmbürger von Leubringen haben sich für die Initiative ""Keine 10-Millionen-Schweiz"" ausgesprochen. Mit diesem Ergebnis wechselt #gemeinde_d ins Ja-Lager. Im Jahr 2020 hatte die Gemeinde die Zuwanderungsinitiative noch mit 78,8 Prozent der Stimmen abgelehnt."
381,13.1,13.1,86.9,"Arch BE","In Arch findet die Initiative ""Keine 10-Millionen-Schweiz"" mit 86,9 Prozent keine Mehrheit. In den vergangenen fünf Jahren hat die Gemeinde somit bei der Frage der Zuwanderung das Lager gewechselt. #gemeinde_d hatte die Zuwanderungsinitiative im Jahr 2020 mit 48 Prozent abgelehnt."
382,0.2,0.2,99.8,"Büetigen BE","Beim Nein-Anteil zur Initiative ""Keine 10-Millionen-Schweiz"" belegt Büetigen Rang zwei in der Schweiz, 99,8 Prozent sagen Nein. Die Ablehnung der Initiative ""Keine 10-Millionen-Schweiz!» ist stärker als jene zur Zuwanderungsinitiative im Jahr 2020. Der Nein-Anteil in #gemeinde_d lag damals bei 50,9 Prozent."
383,91.6,91.6,8.4,"Büren an der Aare BE","91,6 Prozent der Stimmbürgerinnen und Stimmbürger von Büren an der Aare haben sich für die Initiative ""Keine 10-Millionen-Schweiz"" ausgesprochen. Mit diesem Ergebnis wechselt #gemeinde_d ins Ja-Lager. Im Jahr 2020 hatte die Gemeinde die Zuwanderungsinitiative noch mit 56,7 Prozent der Stimmen abgelehnt."
385,48.3,48.3,51.7,"Diessbach bei Büren BE","In Diessbach bei Büren findet die Initiative ""Keine 10-Millionen-Schweiz"" mit 51,7 Prozent keine Mehrheit. In den vergangenen fünf Jahren hat die Gemeinde somit bei der Frage der Zuwanderung das Lager gewechselt. #gemeinde_d hatte die Zuwanderungsinitiative im Jahr 2020 mit 46,6 Prozent abgelehnt."
386,50.3,50.3,49.7,"Dotzigen BE","In Dotzigen erhält die Initiative ""Keine 10-Millionen-Schweiz"" 50,3 Prozent Zustimmung. Mit diesem Ergebnis wechselt #gemeinde_d ins Ja-Lager. Im Jahr 2020 hatte die Gemeinde die Zuwanderungsinitiative noch mit 56,9 Prozent der Stimmen abgelehnt."
387,74.2,74.2,25.8,"Lengnau BE","Mit 74,2 Prozent Ja-Stimmen hat eine Mehrheit der Stimmberechtigten in Lengnau BE der Initiative ""Keine 10-Millionen-Schweiz"" zugestimmt. Mit diesem Ergebnis wechselt #gemeinde_d ins Ja-Lager. Im Jahr 2020 hatte die Gemeinde die Zuwanderungsinitiative noch mit 50,5 Prozent der Stimmen abgelehnt."
388,83.3,83.3,16.7,"Leuzigen BE","Mit 83,3 Prozent befürworten die Stimmberechtigten von Leuzigen die Initiative ""Keine 10-Millionen-Schweiz"". Mit diesem Ergebnis wechselt #gemeinde_d ins Ja-Lager. Im Jahr 2020 hatte die Gemeinde die Zuwanderungsinitiative noch mit 50,4 Prozent der Stimmen abgelehnt."
390,49.5,49.5,50.5,"Meinisberg BE","50,5 Prozent der Stimmbürgerinnen und Stimmbürger von Meinisberg sprechen sich gegen die Initiative ""Keine 10-Millionen-Schweiz"" aus."
391,9.7,9.7,90.3,"Oberwil bei Büren BE","Die Initiative ""Keine 10-Millionen-Schweiz"" erreicht in Oberwil bei Büren 90,3 Prozent Nein-Stimmen. Die Ablehnung der Initiative ""Keine 10-Millionen-Schweiz!» ist stärker als jene zur Zuwanderungsinitiative im Jahr 2020. Der Nein-Anteil in #gemeinde_d lag damals bei 50,2 Prozent."
392,50.5,50.5,49.5,"Pieterlen BE","Die Initiative ""Keine 10-Millionen-Schweiz"" erreicht in Pieterlen 50,5 Prozent Ja-Stimmen. Mit diesem Ergebnis wechselt #gemeinde_d ins Ja-Lager. Im Jahr 2020 hatte die Gemeinde die Zuwanderungsinitiative noch mit 53,4 Prozent der Stimmen abgelehnt."
393,83.4,83.4,16.6,"Rüti bei Büren BE","Mit 83,4 Prozent Ja-Stimmen hat eine Mehrheit der Stimmberechtigten in Rüti bei Büren der Initiative ""Keine 10-Millionen-Schweiz"" zugestimmt. Die Unterstützung für die Initiative ""Keine 10-Millionen-Schweiz!» hat in #gemeinde_d gegenüber der Zuwanderungsinitiative im Jahr 2020 zugenommen. Bei jener Abstimmung hatten 50,7 Prozent der Abstimmenden der Gemeinde die Vorlage angenommen."
394,64.6,64.6,35.4,"Wengi BE","Die Initiative ""Keine 10-Millionen-Schweiz"" erreicht in Wengi 64,6 Prozent Ja-Stimmen. Die Unterstützung für die Initiative ""Keine 10-Millionen-Schweiz!» hat in #gemeinde_d gegenüber der Zuwanderungsinitiative im Jahr 2020 zugenommen. Bei jener Abstimmung hatten 53,6 Prozent der Abstimmenden der Gemeinde die Vorlage angenommen."
401,9.7,9.7,90.3,"Aefligen BE","90,3 Prozent der Stimmbürgerinnen und Stimmbürger von Aefligen sprechen sich gegen die Initiative ""Keine 10-Millionen-Schweiz"" aus. In den vergangenen fünf Jahren hat die Gemeinde somit bei der Frage der Zuwanderung das Lager gewechselt. #gemeinde_d hatte die Zuwanderungsinitiative im Jahr 2020 mit 46,1 Prozent abgelehnt."
402,85.6,85.6,14.4,"Alchenstorf BE","Die Initiative ""Keine 10-Millionen-Schweiz"" erreicht in Alchenstorf 85,6 Prozent Ja-Stimmen. Die Unterstützung für die Initiative ""Keine 10-Millionen-Schweiz!» hat in #gemeinde_d gegenüber der Zuwanderungsinitiative im Jahr 2020 zugenommen. Bei jener Abstimmung hatten 55,3 Prozent der Abstimmenden der Gemeinde die Vorlage angenommen."
403,24.7,24.7,75.3,"Bäriswil BE","In Bäriswil findet die Initiative ""Keine 10-Millionen-Schweiz"" mit 75,3 Prozent keine Mehrheit. Die Ablehnung der Initiative ""Keine 10-Millionen-Schweiz!» ist stärker als jene zur Zuwanderungsinitiative im Jahr 2020. Der Nein-Anteil in #gemeinde_d lag damals bei 54,6 Prozent."
404,65,65,35,"Burgdorf BE","Mit 65 Prozent Ja-Stimmen hat eine Mehrheit der Stimmberechtigten in Burgdorf der Initiative ""Keine 10-Millionen-Schweiz"" zugestimmt. Mit diesem Ergebnis wechselt #gemeinde_d ins Ja-Lager. Im Jahr 2020 hatte die Gemeinde die Zuwanderungsinitiative noch mit 70,7 Prozent der Stimmen abgelehnt."
405,52.2,52.2,47.8,"Ersigen BE","Die Initiative ""Keine 10-Millionen-Schweiz"" erreicht in Ersigen 52,2 Prozent Ja-Stimmen. Mit diesem Ergebnis wechselt #gemeinde_d ins Ja-Lager. Im Jahr 2020 hatte die Gemeinde die Zuwanderungsinitiative noch mit 50,1 Prozent der Stimmen abgelehnt."
406,48.2,48.2,51.8,"Hasle bei Burgdorf BE","Die Initiative ""Keine 10-Millionen-Schweiz"" erreicht in Hasle bei Burgdorf 51,8 Prozent Nein-Stimmen. In den vergangenen fünf Jahren hat die Gemeinde somit bei der Frage der Zuwanderung das Lager gewechselt. #gemeinde_d hatte die Zuwanderungsinitiative im Jahr 2020 mit 49,8 Prozent abgelehnt."
407,7.4,7.4,92.6,"Heimiswil BE","Die Initiative ""Keine 10-Millionen-Schweiz"" erreicht in Heimiswil 92,6 Prozent Nein-Stimmen. In den vergangenen fünf Jahren hat die Gemeinde somit bei der Frage der Zuwanderung das Lager gewechselt. #gemeinde_d hatte die Zuwanderungsinitiative im Jahr 2020 mit 43,4 Prozent abgelehnt."
409,45.8,45.8,54.2,"Hindelbank BE","54,2 Prozent der Stimmbürgerinnen und Stimmbürger von Hindelbank sprechen sich gegen die Initiative ""Keine 10-Millionen-Schweiz"" aus. Das Ergebnis hat sich im Vergleich zur Abstimmung über die Zuwanderungsinitiative im Jahr 2020 kaum verändert. #gemeinde_d hatte damals mit 54,6 Prozent Nein gestimmt."
410,69.8,69.8,30.2,"Höchstetten BE","Mit 69,8 Prozent Ja-Stimmen hat eine Mehrheit der Stimmberechtigten in Höchstetten der Initiative ""Keine 10-Millionen-Schweiz"" zugestimmt. Die Unterstützung für die Initiative ""Keine 10-Millionen-Schweiz!» hat in #gemeinde_d gegenüber der Zuwanderungsinitiative im Jahr 2020 zugenommen. Bei jener Abstimmung hatten 58,6 Prozent der Abstimmenden der Gemeinde die Vorlage angenommen."
411,47.7,47.7,52.3,"Kernenried BE","In Kernenried findet die Initiative ""Keine 10-Millionen-Schweiz"" mit 52,3 Prozent keine Mehrheit. In den vergangenen fünf Jahren hat die Gemeinde somit bei der Frage der Zuwanderung das Lager gewechselt. #gemeinde_d hatte die Zuwanderungsinitiative im Jahr 2020 mit 46,5 Prozent abgelehnt."
412,52.5,52.5,47.5,"Kirchberg BE","52,5 Prozent der Stimmbürgerinnen und Stimmbürger von Kirchberg BE haben sich für die Initiative ""Keine 10-Millionen-Schweiz"" ausgesprochen. Mit diesem Ergebnis wechselt #gemeinde_d ins Ja-Lager. Im Jahr 2020 hatte die Gemeinde die Zuwanderungsinitiative noch mit 60,8 Prozent der Stimmen abgelehnt."
413,44.9,44.9,55.1,"Koppigen BE","Die Initiative ""Keine 10-Millionen-Schweiz"" erreicht in Koppigen 55,1 Prozent Nein-Stimmen. Das Ergebnis hat sich im Vergleich zur Abstimmung über die Zuwanderungsinitiative im Jahr 2020 kaum verändert. #gemeinde_d hatte damals mit 55,3 Prozent Nein gestimmt."
414,71.3,71.3,28.7,"Krauchthal BE","Mit 71,3 Prozent Ja-Stimmen hat eine Mehrheit der Stimmberechtigten in Krauchthal der Initiative ""Keine 10-Millionen-Schweiz"" zugestimmt. Mit diesem Ergebnis wechselt #gemeinde_d ins Ja-Lager. Im Jahr 2020 hatte die Gemeinde die Zuwanderungsinitiative noch mit 52,1 Prozent der Stimmen abgelehnt."
415,60.1,60.1,39.9,"Lyssach BE","Lyssach hat die Initiative ""Keine 10-Millionen-Schweiz"" angenommen; der Ja-Stimmen-Anteil liegt bei 60,1 Prozent. Mit diesem Ergebnis wechselt #gemeinde_d ins Ja-Lager. Im Jahr 2020 hatte die Gemeinde die Zuwanderungsinitiative noch mit 56,7 Prozent der Stimmen abgelehnt."
418,20.1,20.1,79.9,"Oberburg BE","In Oberburg findet die Initiative ""Keine 10-Millionen-Schweiz"" mit 79,9 Prozent keine Mehrheit. Die Ablehnung der Initiative ""Keine 10-Millionen-Schweiz!» ist stärker als jene zur Zuwanderungsinitiative im Jahr 2020. Der Nein-Anteil in #gemeinde_d lag damals bei 51,3 Prozent."
420,54.3,54.3,45.7,"Rüdtligen-Alchenflüh BE","54,3 Prozent der Stimmbürgerinnen und Stimmbürger von Rüdtligen-Alchenflüh haben sich für die Initiative ""Keine 10-Millionen-Schweiz"" ausgesprochen. Mit diesem Ergebnis wechselt #gemeinde_d ins Ja-Lager. Im Jahr 2020 hatte die Gemeinde die Zuwanderungsinitiative noch mit 51,2 Prozent der Stimmen abgelehnt."
421,89.1,89.1,10.9,"Rumendingen BE","Die Initiative ""Keine 10-Millionen-Schweiz"" erreicht in Rumendingen 89,1 Prozent Ja-Stimmen. Die Unterstützung für die Initiative ""Keine 10-Millionen-Schweiz!» hat in #gemeinde_d gegenüber der Zuwanderungsinitiative im Jahr 2020 zugenommen. Bei jener Abstimmung hatten 56 Prozent der Abstimmenden der Gemeinde die Vorlage angenommen."
422,13.6,13.6,86.4,"Rüti bei Lyssach BE","Die Initiative ""Keine 10-Millionen-Schweiz"" erreicht in Rüti bei Lyssach 86,4 Prozent Nein-Stimmen. Ein Vergleich der Ergebnisse dieser Abstimmung mit jenen von 2020 ist aufgrund von Strukturänderungen in der Gemeinde #gemeinde_d nicht möglich."
423,46.8,46.8,53.2,"Willadingen BE","In Willadingen findet die Initiative ""Keine 10-Millionen-Schweiz"" mit 53,2 Prozent keine Mehrheit."
424,45.1,45.1,54.9,"Wynigen BE","Die Initiative ""Keine 10-Millionen-Schweiz"" erreicht in Wynigen 54,9 Prozent Nein-Stimmen. In den vergangenen fünf Jahren hat die Gemeinde somit bei der Frage der Zuwanderung das Lager gewechselt. #gemeinde_d hatte die Zuwanderungsinitiative im Jahr 2020 mit 47,1 Prozent abgelehnt."
431,73.9,73.9,26.1,"Corgémont BE","Mit 73,9 Prozent Ja-Stimmen hat eine Mehrheit der Stimmberechtigten in Corgémont der Initiative ""Keine 10-Millionen-Schweiz"" zugestimmt. Mit diesem Ergebnis wechselt #gemeinde_d ins Ja-Lager. Im Jahr 2020 hatte die Gemeinde die Zuwanderungsinitiative noch mit 56,1 Prozent der Stimmen abgelehnt."
432,85.5,85.5,14.5,"Cormoret BE","Mit 85,5 Prozent Ja-Stimmen hat eine Mehrheit der Stimmberechtigten in Cormoret der Initiative ""Keine 10-Millionen-Schweiz"" zugestimmt. Mit diesem Ergebnis wechselt #gemeinde_d ins Ja-Lager. Im Jahr 2020 hatte die Gemeinde die Zuwanderungsinitiative noch mit 65,5 Prozent der Stimmen abgelehnt."
433,35.8,35.8,64.2,"Cortébert BE","In Cortébert findet die Initiative ""Keine 10-Millionen-Schweiz"" mit 64,2 Prozent keine Mehrheit. Die Ablehnung der Initiative ""Keine 10-Millionen-Schweiz!» ist stärker als jene zur Zuwanderungsinitiative im Jahr 2020. Der Nein-Anteil in #gemeinde_d lag damals bei 54,2 Prozent."
434,39.1,39.1,60.9,"Courtelary BE","Die Initiative ""Keine 10-Millionen-Schweiz"" erreicht in Courtelary 60,9 Prozent Nein-Stimmen. Das Ergebnis hat sich im Vergleich zur Abstimmung über die Zuwanderungsinitiative im Jahr 2020 kaum verändert. #gemeinde_d hatte damals mit 61,3 Prozent Nein gestimmt."
435,73.2,73.2,26.8,"La Ferrière BE","Mit 73,2 Prozent befürworten die Stimmberechtigten von La Ferrière die Initiative ""Keine 10-Millionen-Schweiz"". Mit diesem Ergebnis wechselt #gemeinde_d ins Ja-Lager. Im Jahr 2020 hatte die Gemeinde die Zuwanderungsinitiative noch mit 55,8 Prozent der Stimmen abgelehnt."
437,84.9,84.9,15.1,"Mont-Tramelan BE","Mont-Tramelan hat die Initiative ""Keine 10-Millionen-Schweiz"" angenommen; der Ja-Stimmen-Anteil liegt bei 84,9 Prozent. Mit diesem Ergebnis wechselt #gemeinde_d ins Ja-Lager. Im Jahr 2020 hatte die Gemeinde die Zuwanderungsinitiative noch mit 59,6 Prozent der Stimmen abgelehnt."
438,80.7,80.7,19.3,"Orvin BE","Orvin hat die Initiative ""Keine 10-Millionen-Schweiz"" angenommen; der Ja-Stimmen-Anteil liegt bei 80,7 Prozent. Mit diesem Ergebnis wechselt #gemeinde_d ins Ja-Lager. Im Jahr 2020 hatte die Gemeinde die Zuwanderungsinitiative noch mit 58,6 Prozent der Stimmen abgelehnt."
441,65.6,65.6,34.4,"Renan BE","In Renan BE erhält die Initiative ""Keine 10-Millionen-Schweiz"" 65,6 Prozent Zustimmung. Mit diesem Ergebnis wechselt #gemeinde_d ins Ja-Lager. Im Jahr 2020 hatte die Gemeinde die Zuwanderungsinitiative noch mit 64,8 Prozent der Stimmen abgelehnt."
442,56.3,56.3,43.7,"Romont BE","Mit 56,3 Prozent Ja-Stimmen hat eine Mehrheit der Stimmberechtigten in Romont BE der Initiative ""Keine 10-Millionen-Schweiz"" zugestimmt. Mit diesem Ergebnis wechselt #gemeinde_d ins Ja-Lager. Im Jahr 2020 hatte die Gemeinde die Zuwanderungsinitiative noch mit 58,9 Prozent der Stimmen abgelehnt."
443,50.7,50.7,49.3,"St. Immer BE","Mit 50,7 Prozent Ja-Stimmen hat eine Mehrheit der Stimmberechtigten in St. Immer der Initiative ""Keine 10-Millionen-Schweiz"" zugestimmt. Mit diesem Ergebnis wechselt #gemeinde_d ins Ja-Lager. Im Jahr 2020 hatte die Gemeinde die Zuwanderungsinitiative noch mit 63,6 Prozent der Stimmen abgelehnt."
444,3.9,3.9,96.1,"Sonceboz-Sombeval BE","In Sonceboz-Sombeval findet die Initiative ""Keine 10-Millionen-Schweiz"" mit 96,1 Prozent keine Mehrheit. Die Ablehnung der Initiative ""Keine 10-Millionen-Schweiz!» ist stärker als jene zur Zuwanderungsinitiative im Jahr 2020. Der Nein-Anteil in #gemeinde_d lag damals bei 54,6 Prozent."
445,45.3,45.3,54.7,"Sonvilier BE","In Sonvilier findet die Initiative ""Keine 10-Millionen-Schweiz"" mit 54,7 Prozent keine Mehrheit. Die Ablehnung der Initiative ""Keine 10-Millionen-Schweiz!» ist stärker als jene zur Zuwanderungsinitiative im Jahr 2020. Der Nein-Anteil in #gemeinde_d lag damals bei 52,2 Prozent."
446,78.8,78.8,21.2,"Tramelan BE","Mit 78,8 Prozent Ja-Stimmen hat eine Mehrheit der Stimmberechtigten in Tramelan der Initiative ""Keine 10-Millionen-Schweiz"" zugestimmt. Mit diesem Ergebnis wechselt #gemeinde_d ins Ja-Lager. Im Jahr 2020 hatte die Gemeinde die Zuwanderungsinitiative noch mit 65,7 Prozent der Stimmen abgelehnt."
448,7.6,7.6,92.4,"Villeret BE","In Villeret ist die Initiative ""Keine 10-Millionen-Schweiz"" mit 92,4 Prozent der Stimmen gescheitert. Die Ablehnung der Initiative ""Keine 10-Millionen-Schweiz!» ist stärker als jene zur Zuwanderungsinitiative im Jahr 2020. Der Nein-Anteil in #gemeinde_d lag damals bei 59,8 Prozent."
449,95.2,95.2,4.8,"Sauge BE","In Sauge erhält die Initiative ""Keine 10-Millionen-Schweiz"" 95,2 Prozent Zustimmung. Mit diesem Ergebnis wechselt #gemeinde_d ins Ja-Lager. Im Jahr 2020 hatte die Gemeinde die Zuwanderungsinitiative noch mit 53 Prozent der Stimmen abgelehnt."
450,97.2,97.2,2.8,"Péry-La Heutte BE","Mit 97,2 Prozent befürworten die Stimmberechtigten von Péry-La Heutte die Initiative ""Keine 10-Millionen-Schweiz"". Mit diesem Ergebnis wechselt #gemeinde_d ins Ja-Lager. Im Jahr 2020 hatte die Gemeinde die Zuwanderungsinitiative noch mit 57,5 Prozent der Stimmen abgelehnt."
491,40.6,40.6,59.4,"Brüttelen BE","In Brüttelen wird die Initiative ""Keine 10-Millionen-Schweiz"" mit 59,4 Prozent abgelehnt. Die Ablehnung der Initiative ""Keine 10-Millionen-Schweiz!» ist stärker als jene zur Zuwanderungsinitiative im Jahr 2020. Der Nein-Anteil in #gemeinde_d lag damals bei 56,9 Prozent."
492,88.3,88.3,11.7,"Erlach BE","Mit 88,3 Prozent Ja-Stimmen hat eine Mehrheit der Stimmberechtigten in Erlach der Initiative ""Keine 10-Millionen-Schweiz"" zugestimmt. Mit diesem Ergebnis wechselt #gemeinde_d ins Ja-Lager. Im Jahr 2020 hatte die Gemeinde die Zuwanderungsinitiative noch mit 69,2 Prozent der Stimmen abgelehnt."
493,54.4,54.4,45.6,"Finsterhennen BE","Die Initiative ""Keine 10-Millionen-Schweiz"" erreicht in Finsterhennen 54,4 Prozent Ja-Stimmen. Mit diesem Ergebnis wechselt #gemeinde_d ins Ja-Lager. Im Jahr 2020 hatte die Gemeinde die Zuwanderungsinitiative noch mit 53,1 Prozent der Stimmen abgelehnt."
494,45.5,45.5,54.5,"Gals BE","In Gals findet die Initiative ""Keine 10-Millionen-Schweiz"" mit 54,5 Prozent keine Mehrheit. Die Ablehnung der Initiative fällt jedoch geringer aus als zur Zuwanderungsinitiative im Jahr 2020. Die Abstimmenden von #gemeinde_d hatten damals mit 61,8 Prozent Nein gestimmt."
495,79.8,79.8,20.2,"Gampelen BE","Mit 79,8 Prozent befürworten die Stimmberechtigten von Gampelen die Initiative ""Keine 10-Millionen-Schweiz"". Mit diesem Ergebnis wechselt #gemeinde_d ins Ja-Lager. Im Jahr 2020 hatte die Gemeinde die Zuwanderungsinitiative noch mit 52,7 Prozent der Stimmen abgelehnt."
496,87.9,87.9,12.1,"Ins BE","87,9 Prozent der Stimmbürgerinnen und Stimmbürger von Ins haben sich für die Initiative ""Keine 10-Millionen-Schweiz"" ausgesprochen. Mit diesem Ergebnis wechselt #gemeinde_d ins Ja-Lager. Im Jahr 2020 hatte die Gemeinde die Zuwanderungsinitiative noch mit 61,6 Prozent der Stimmen abgelehnt."
497,18.1,18.1,81.9,"Lüscherz BE","Die Initiative ""Keine 10-Millionen-Schweiz"" erreicht in Lüscherz 81,9 Prozent Nein-Stimmen. Die Ablehnung der Initiative ""Keine 10-Millionen-Schweiz!» ist stärker als jene zur Zuwanderungsinitiative im Jahr 2020. Der Nein-Anteil in #gemeinde_d lag damals bei 50,4 Prozent."
498,42.1,42.1,57.9,"Müntschemier BE","Die Initiative ""Keine 10-Millionen-Schweiz"" erreicht in Müntschemier 57,9 Prozent Nein-Stimmen. In den vergangenen fünf Jahren hat die Gemeinde somit bei der Frage der Zuwanderung das Lager gewechselt. #gemeinde_d hatte die Zuwanderungsinitiative im Jahr 2020 mit 49 Prozent abgelehnt."
499,88.3,88.3,11.7,"Siselen BE","In Siselen erhält die Initiative ""Keine 10-Millionen-Schweiz"" 88,3 Prozent Zustimmung. Mit diesem Ergebnis wechselt #gemeinde_d ins Ja-Lager. Im Jahr 2020 hatte die Gemeinde die Zuwanderungsinitiative noch mit 51,8 Prozent der Stimmen abgelehnt."
500,25.7,25.7,74.3,"Treiten BE","74,3 Prozent der Stimmbürgerinnen und Stimmbürger von Treiten sprechen sich gegen die Initiative ""Keine 10-Millionen-Schweiz"" aus. In den vergangenen fünf Jahren hat die Gemeinde somit bei der Frage der Zuwanderung das Lager gewechselt. #gemeinde_d hatte die Zuwanderungsinitiative im Jahr 2020 mit 48,7 Prozent abgelehnt."
501,38.9,38.9,61.1,"Tschugg BE","In Tschugg findet die Initiative ""Keine 10-Millionen-Schweiz"" mit 61,1 Prozent keine Mehrheit. Das Ergebnis hat sich im Vergleich zur Abstimmung über die Zuwanderungsinitiative im Jahr 2020 kaum verändert. #gemeinde_d hatte damals mit 61,7 Prozent Nein gestimmt."
502,36.6,36.6,63.4,"Vinelz BE","In Vinelz findet die Initiative ""Keine 10-Millionen-Schweiz"" mit 63,4 Prozent keine Mehrheit. Die Ablehnung der Initiative ""Keine 10-Millionen-Schweiz!» ist stärker als jene zur Zuwanderungsinitiative im Jahr 2020. Der Nein-Anteil in #gemeinde_d lag damals bei 59,8 Prozent."
533,52.3,52.3,47.7,"Bätterkinden BE","52,3 Prozent der Stimmbürgerinnen und Stimmbürger von Bätterkinden haben sich für die Initiative ""Keine 10-Millionen-Schweiz"" ausgesprochen. Mit diesem Ergebnis wechselt #gemeinde_d ins Ja-Lager. Im Jahr 2020 hatte die Gemeinde die Zuwanderungsinitiative noch mit 63,8 Prozent der Stimmen abgelehnt."
538,46.1,46.1,53.9,"Fraubrunnen BE","53,9 Prozent der Stimmbürgerinnen und Stimmbürger von Fraubrunnen sprechen sich gegen die Initiative ""Keine 10-Millionen-Schweiz"" aus. Die Ablehnung der Initiative fällt jedoch geringer aus als zur Zuwanderungsinitiative im Jahr 2020. Die Abstimmenden von #gemeinde_d hatten damals mit 60,8 Prozent Nein gestimmt."
540,31.9,31.9,68.1,"Jegenstorf BE","68,1 Prozent der Stimmbürgerinnen und Stimmbürger von Jegenstorf sprechen sich gegen die Initiative ""Keine 10-Millionen-Schweiz"" aus. Die Ablehnung der Initiative fällt jedoch geringer aus als zur Zuwanderungsinitiative im Jahr 2020. Die Abstimmenden von #gemeinde_d hatten damals mit 69,1 Prozent Nein gestimmt."
541,69.2,69.2,30.8,"Iffwil BE","Mit 69,2 Prozent befürworten die Stimmberechtigten von Iffwil die Initiative ""Keine 10-Millionen-Schweiz"". Mit diesem Ergebnis wechselt #gemeinde_d ins Ja-Lager. Im Jahr 2020 hatte die Gemeinde die Zuwanderungsinitiative noch mit 53,6 Prozent der Stimmen abgelehnt."
543,53.7,53.7,46.3,"Mattstetten BE","In Mattstetten erhält die Initiative ""Keine 10-Millionen-Schweiz"" 53,7 Prozent Zustimmung. Mit diesem Ergebnis wechselt #gemeinde_d ins Ja-Lager. Im Jahr 2020 hatte die Gemeinde die Zuwanderungsinitiative noch mit 54,1 Prozent der Stimmen abgelehnt."
544,45,45,55,"Moosseedorf BE","Die Initiative ""Keine 10-Millionen-Schweiz"" erreicht in Moosseedorf 55 Prozent Nein-Stimmen. Die Ablehnung der Initiative fällt jedoch geringer aus als zur Zuwanderungsinitiative im Jahr 2020. Die Abstimmenden von #gemeinde_d hatten damals mit 61,9 Prozent Nein gestimmt."
546,81.5,81.5,18.5,"Münchenbuchsee BE","81,5 Prozent der Stimmbürgerinnen und Stimmbürger von Münchenbuchsee haben sich für die Initiative ""Keine 10-Millionen-Schweiz"" ausgesprochen. Mit diesem Ergebnis wechselt #gemeinde_d ins Ja-Lager. Im Jahr 2020 hatte die Gemeinde die Zuwanderungsinitiative noch mit 66,7 Prozent der Stimmen abgelehnt."
551,41.4,41.4,58.6,"Urtenen-Schönbühl BE","In Urtenen-Schönbühl wird die Initiative ""Keine 10-Millionen-Schweiz"" mit 58,6 Prozent abgelehnt. Die Ablehnung der Initiative fällt jedoch geringer aus als zur Zuwanderungsinitiative im Jahr 2020. Die Abstimmenden von #gemeinde_d hatten damals mit 62,4 Prozent Nein gestimmt."
552,72.1,72.1,27.9,"Utzenstorf BE","Utzenstorf hat die Initiative ""Keine 10-Millionen-Schweiz"" angenommen; der Ja-Stimmen-Anteil liegt bei 72,1 Prozent. Mit diesem Ergebnis wechselt #gemeinde_d ins Ja-Lager. Im Jahr 2020 hatte die Gemeinde die Zuwanderungsinitiative noch mit 58 Prozent der Stimmen abgelehnt."
553,26.1,26.1,73.9,"Wiggiswil BE","73,9 Prozent der Stimmbürgerinnen und Stimmbürger von Wiggiswil sprechen sich gegen die Initiative ""Keine 10-Millionen-Schweiz"" aus. Die Ablehnung der Initiative ""Keine 10-Millionen-Schweiz!» ist stärker als jene zur Zuwanderungsinitiative im Jahr 2020. Der Nein-Anteil in #gemeinde_d lag damals bei 51,6 Prozent."
554,46.8,46.8,53.2,"Wiler bei Utzenstorf BE","53,2 Prozent der Stimmbürgerinnen und Stimmbürger von Wiler bei Utzenstorf sprechen sich gegen die Initiative ""Keine 10-Millionen-Schweiz"" aus. Die Ablehnung der Initiative fällt jedoch geringer aus als zur Zuwanderungsinitiative im Jahr 2020. Die Abstimmenden von #gemeinde_d hatten damals mit 59,2 Prozent Nein gestimmt."
556,70.4,70.4,29.6,"Zielebach BE","Zielebach hat die Initiative ""Keine 10-Millionen-Schweiz"" angenommen; der Ja-Stimmen-Anteil liegt bei 70,4 Prozent. Die Unterstützung für die Initiative ""Keine 10-Millionen-Schweiz!» hat in #gemeinde_d gegenüber der Zuwanderungsinitiative im Jahr 2020 zugenommen. Bei jener Abstimmung hatten 54 Prozent der Abstimmenden der Gemeinde die Vorlage angenommen."
557,23,23,77,"Zuzwil BE","77 Prozent der Stimmbürgerinnen und Stimmbürger von Zuzwil BE sprechen sich gegen die Initiative ""Keine 10-Millionen-Schweiz"" aus. Die Ablehnung der Initiative ""Keine 10-Millionen-Schweiz!» ist stärker als jene zur Zuwanderungsinitiative im Jahr 2020. Der Nein-Anteil in #gemeinde_d lag damals bei 62,2 Prozent."
561,53.5,53.5,46.5,"Adelboden BE","Die Initiative ""Keine 10-Millionen-Schweiz"" erreicht in Adelboden 53,5 Prozent Ja-Stimmen. Die Unterstützung für die Initiative ""Keine 10-Millionen-Schweiz!» fällt geringer aus als jene für die Zuwanderungsinitiative im Jahr 2020. Die Abstimmenden von #gemeinde_d hatten damals mit 62,2 Prozent Ja gestimmt."
562,22,22,78,"Aeschi bei Spiez BE","In Aeschi bei Spiez ist die Initiative ""Keine 10-Millionen-Schweiz"" mit 78 Prozent der Stimmen gescheitert. In den vergangenen fünf Jahren hat die Gemeinde somit bei der Frage der Zuwanderung das Lager gewechselt. #gemeinde_d hatte die Zuwanderungsinitiative im Jahr 2020 mit 44,5 Prozent abgelehnt."
563,60.3,60.3,39.7,"Frutigen BE","Mit 60,3 Prozent befürworten die Stimmberechtigten von Frutigen die Initiative ""Keine 10-Millionen-Schweiz"". Die Unterstützung für die Initiative ""Keine 10-Millionen-Schweiz!» hat in #gemeinde_d gegenüber der Zuwanderungsinitiative im Jahr 2020 zugenommen. Bei jener Abstimmung hatten 59,2 Prozent der Abstimmenden der Gemeinde die Vorlage angenommen."
564,58.6,58.6,41.4,"Kandergrund BE","58,6 Prozent der Stimmbürgerinnen und Stimmbürger von Kandergrund haben sich für die Initiative ""Keine 10-Millionen-Schweiz"" ausgesprochen. Die Unterstützung für die Initiative ""Keine 10-Millionen-Schweiz!» fällt geringer aus als jene für die Zuwanderungsinitiative im Jahr 2020. Die Abstimmenden von #gemeinde_d hatten damals mit 69,5 Prozent Ja gestimmt."
565,13.7,13.7,86.3,"Kandersteg BE","86,3 Prozent der Stimmbürgerinnen und Stimmbürger von Kandersteg sprechen sich gegen die Initiative ""Keine 10-Millionen-Schweiz"" aus. Die Ablehnung der Initiative ""Keine 10-Millionen-Schweiz!» ist stärker als jene zur Zuwanderungsinitiative im Jahr 2020. Der Nein-Anteil in #gemeinde_d lag damals bei 53,4 Prozent."
566,65.1,65.1,34.9,"Krattigen BE","In Krattigen erhält die Initiative ""Keine 10-Millionen-Schweiz"" 65,1 Prozent Zustimmung. Mit diesem Ergebnis wechselt #gemeinde_d ins Ja-Lager. Im Jahr 2020 hatte die Gemeinde die Zuwanderungsinitiative noch mit 55,7 Prozent der Stimmen abgelehnt."
567,51.4,51.4,48.6,"Reichenbach im Kandertal BE","51,4 Prozent der Stimmbürgerinnen und Stimmbürger von Reichenbach im Kandertal haben sich für die Initiative ""Keine 10-Millionen-Schweiz"" ausgesprochen. Die Unterstützung für die Initiative ""Keine 10-Millionen-Schweiz!» fällt geringer aus als jene für die Zuwanderungsinitiative im Jahr 2020. Die Abstimmenden von #gemeinde_d hatten damals mit 61,4 Prozent Ja gestimmt."
571,41.3,41.3,58.7,"Beatenberg BE","In Beatenberg findet die Initiative ""Keine 10-Millionen-Schweiz"" mit 58,7 Prozent keine Mehrheit. In den vergangenen fünf Jahren hat die Gemeinde somit bei der Frage der Zuwanderung das Lager gewechselt. #gemeinde_d hatte die Zuwanderungsinitiative im Jahr 2020 mit 42,9 Prozent abgelehnt."
572,77.6,77.6,22.4,"Bönigen BE","Mit 77,6 Prozent befürworten die Stimmberechtigten von Bönigen die Initiative ""Keine 10-Millionen-Schweiz"". Mit diesem Ergebnis wechselt #gemeinde_d ins Ja-Lager. Im Jahr 2020 hatte die Gemeinde die Zuwanderungsinitiative noch mit 52,2 Prozent der Stimmen abgelehnt."
573,41.9,41.9,58.1,"Brienz BE","In Brienz BE wird die Initiative ""Keine 10-Millionen-Schweiz"" mit 58,1 Prozent abgelehnt. Die Ablehnung der Initiative ""Keine 10-Millionen-Schweiz!» ist stärker als jene zur Zuwanderungsinitiative im Jahr 2020. Der Nein-Anteil in #gemeinde_d lag damals bei 50,6 Prozent."
574,40.7,40.7,59.3,"Brienzwiler BE","In Brienzwiler ist die Initiative ""Keine 10-Millionen-Schweiz"" mit 59,3 Prozent der Stimmen gescheitert. In den vergangenen fünf Jahren hat die Gemeinde somit bei der Frage der Zuwanderung das Lager gewechselt. #gemeinde_d hatte die Zuwanderungsinitiative im Jahr 2020 mit 40,4 Prozent abgelehnt."
575,52.2,52.2,47.8,"Därligen BE","Mit 52,2 Prozent Ja-Stimmen hat eine Mehrheit der Stimmberechtigten in Därligen der Initiative ""Keine 10-Millionen-Schweiz"" zugestimmt. Mit diesem Ergebnis wechselt #gemeinde_d ins Ja-Lager. Im Jahr 2020 hatte die Gemeinde die Zuwanderungsinitiative noch mit 54,6 Prozent der Stimmen abgelehnt."
576,97.4,97.4,2.6,"Grindelwald BE","Grindelwald hat die Initiative ""Keine 10-Millionen-Schweiz"" angenommen; der Ja-Stimmen-Anteil liegt bei 97,4 Prozent. Die Unterstützung für die Initiative ""Keine 10-Millionen-Schweiz!» hat in #gemeinde_d gegenüber der Zuwanderungsinitiative im Jahr 2020 zugenommen. Bei jener Abstimmung hatten 60,1 Prozent der Abstimmenden der Gemeinde die Vorlage angenommen."
577,10.8,10.8,89.2,"Gsteigwiler BE","89,2 Prozent der Stimmbürgerinnen und Stimmbürger von Gsteigwiler sprechen sich gegen die Initiative ""Keine 10-Millionen-Schweiz"" aus. Die Ablehnung der Initiative ""Keine 10-Millionen-Schweiz!» ist stärker als jene zur Zuwanderungsinitiative im Jahr 2020. Der Nein-Anteil in #gemeinde_d lag damals bei 54 Prozent."
578,31.8,31.8,68.2,"Gündlischwand BE","Die Initiative ""Keine 10-Millionen-Schweiz"" erreicht in Gündlischwand 68,2 Prozent Nein-Stimmen. In den vergangenen fünf Jahren hat die Gemeinde somit bei der Frage der Zuwanderung das Lager gewechselt. #gemeinde_d hatte die Zuwanderungsinitiative im Jahr 2020 mit 36,9 Prozent abgelehnt."
579,99.6,99.6,0.4,"Habkern BE","Die Initiative ""Keine 10-Millionen-Schweiz"" erreicht in Habkern 99,6 Prozent Ja-Stimmen. Die Unterstützung für die Initiative ""Keine 10-Millionen-Schweiz!» hat in #gemeinde_d gegenüber der Zuwanderungsinitiative im Jahr 2020 zugenommen. Bei jener Abstimmung hatten 74,6 Prozent der Abstimmenden der Gemeinde die Vorlage angenommen."
580,95.1,95.1,4.9,"Hofstetten bei Brienz BE","Mit 95,1 Prozent Ja-Stimmen hat eine Mehrheit der Stimmberechtigten in Hofstetten bei Brienz der Initiative ""Keine 10-Millionen-Schweiz"" zugestimmt. Die Unterstützung für die Initiative ""Keine 10-Millionen-Schweiz!» hat in #gemeinde_d gegenüber der Zuwanderungsinitiative im Jahr 2020 zugenommen. Bei jener Abstimmung hatten 53,5 Prozent der Abstimmenden der Gemeinde die Vorlage angenommen."
581,75.2,75.2,24.8,"Interlaken BE","75,2 Prozent der Stimmbürgerinnen und Stimmbürger von Interlaken haben sich für die Initiative ""Keine 10-Millionen-Schweiz"" ausgesprochen. Mit diesem Ergebnis wechselt #gemeinde_d ins Ja-Lager. Im Jahr 2020 hatte die Gemeinde die Zuwanderungsinitiative noch mit 61,2 Prozent der Stimmen abgelehnt."
582,64.6,64.6,35.4,"Iseltwald BE","Mit 64,6 Prozent Ja-Stimmen hat eine Mehrheit der Stimmberechtigten in Iseltwald der Initiative ""Keine 10-Millionen-Schweiz"" zugestimmt. Die Unterstützung für die Initiative ""Keine 10-Millionen-Schweiz!» hat in #gemeinde_d gegenüber der Zuwanderungsinitiative im Jahr 2020 zugenommen. Bei jener Abstimmung hatten 56 Prozent der Abstimmenden der Gemeinde die Vorlage angenommen."
584,27.4,27.4,72.6,"Lauterbrunnen BE","72,6 Prozent der Stimmbürgerinnen und Stimmbürger von Lauterbrunnen sprechen sich gegen die Initiative ""Keine 10-Millionen-Schweiz"" aus."
585,21.6,21.6,78.4,"Leissigen BE","In Leissigen ist die Initiative ""Keine 10-Millionen-Schweiz"" mit 78,4 Prozent der Stimmen gescheitert. Die Ablehnung der Initiative ""Keine 10-Millionen-Schweiz!» ist stärker als jene zur Zuwanderungsinitiative im Jahr 2020. Der Nein-Anteil in #gemeinde_d lag damals bei 52,1 Prozent."
586,36.6,36.6,63.4,"Lütschental BE","In Lütschental wird die Initiative ""Keine 10-Millionen-Schweiz"" mit 63,4 Prozent abgelehnt. In den vergangenen fünf Jahren hat die Gemeinde somit bei der Frage der Zuwanderung das Lager gewechselt. #gemeinde_d hatte die Zuwanderungsinitiative im Jahr 2020 mit 23,2 Prozent abgelehnt."
587,90.1,90.1,9.9,"Matten bei Interlaken BE","Die Initiative ""Keine 10-Millionen-Schweiz"" erreicht in Matten bei Interlaken 90,1 Prozent Ja-Stimmen. Mit diesem Ergebnis wechselt #gemeinde_d ins Ja-Lager. Im Jahr 2020 hatte die Gemeinde die Zuwanderungsinitiative noch mit 53,7 Prozent der Stimmen abgelehnt."
588,64.2,64.2,35.8,"Niederried bei Interlaken BE","In Niederried bei Interlaken erhält die Initiative ""Keine 10-Millionen-Schweiz"" 64,2 Prozent Zustimmung. Mit diesem Ergebnis wechselt #gemeinde_d ins Ja-Lager. Im Jahr 2020 hatte die Gemeinde die Zuwanderungsinitiative noch mit 57,8 Prozent der Stimmen abgelehnt."
589,16.6,16.6,83.4,"Oberried am Brienzersee BE","Die Initiative ""Keine 10-Millionen-Schweiz"" erreicht in Oberried am Brienzersee 83,4 Prozent Nein-Stimmen. Die Ablehnung der Initiative ""Keine 10-Millionen-Schweiz!» ist stärker als jene zur Zuwanderungsinitiative im Jahr 2020. Der Nein-Anteil in #gemeinde_d lag damals bei 53,9 Prozent."
590,66.1,66.1,33.9,"Ringgenberg BE","In Ringgenberg BE erhält die Initiative ""Keine 10-Millionen-Schweiz"" 66,1 Prozent Zustimmung. Mit diesem Ergebnis wechselt #gemeinde_d ins Ja-Lager. Im Jahr 2020 hatte die Gemeinde die Zuwanderungsinitiative noch mit 51,9 Prozent der Stimmen abgelehnt."
591,38.5,38.5,61.5,"Saxeten BE","In Saxeten findet die Initiative ""Keine 10-Millionen-Schweiz"" mit 61,5 Prozent keine Mehrheit. In den vergangenen fünf Jahren hat die Gemeinde somit bei der Frage der Zuwanderung das Lager gewechselt. #gemeinde_d hatte die Zuwanderungsinitiative im Jahr 2020 mit 31,6 Prozent abgelehnt."
592,46.8,46.8,53.2,"Schwanden bei Brienz BE","Die Initiative ""Keine 10-Millionen-Schweiz"" erreicht in Schwanden bei Brienz 53,2 Prozent Nein-Stimmen. Die Ablehnung der Initiative fällt jedoch geringer aus als zur Zuwanderungsinitiative im Jahr 2020. Die Abstimmenden von #gemeinde_d hatten damals mit 58,4 Prozent Nein gestimmt."
593,21.6,21.6,78.4,"Unterseen BE","In Unterseen wird die Initiative ""Keine 10-Millionen-Schweiz"" mit 78,4 Prozent abgelehnt. Die Ablehnung der Initiative ""Keine 10-Millionen-Schweiz!» ist stärker als jene zur Zuwanderungsinitiative im Jahr 2020. Der Nein-Anteil in #gemeinde_d lag damals bei 60,1 Prozent."
594,35.5,35.5,64.5,"Wilderswil BE","In Wilderswil wird die Initiative ""Keine 10-Millionen-Schweiz"" mit 64,5 Prozent abgelehnt. Die Ablehnung der Initiative ""Keine 10-Millionen-Schweiz!» ist stärker als jene zur Zuwanderungsinitiative im Jahr 2020. Der Nein-Anteil in #gemeinde_d lag damals bei 50,6 Prozent."
602,33.4,33.4,66.6,"Arni BE","66,6 Prozent der Stimmbürgerinnen und Stimmbürger von Arni BE sprechen sich gegen die Initiative ""Keine 10-Millionen-Schweiz"" aus. In den vergangenen fünf Jahren hat die Gemeinde somit bei der Frage der Zuwanderung das Lager gewechselt. #gemeinde_d hatte die Zuwanderungsinitiative im Jahr 2020 mit 37,8 Prozent abgelehnt."
603,40.8,40.8,59.2,"Biglen BE","59,2 Prozent der Stimmbürgerinnen und Stimmbürger von Biglen sprechen sich gegen die Initiative ""Keine 10-Millionen-Schweiz"" aus. Die Ablehnung der Initiative ""Keine 10-Millionen-Schweiz!» ist stärker als jene zur Zuwanderungsinitiative im Jahr 2020. Der Nein-Anteil in #gemeinde_d lag damals bei 55,1 Prozent."
605,43.4,43.4,56.6,"Bowil BE","In Bowil wird die Initiative ""Keine 10-Millionen-Schweiz"" mit 56,6 Prozent abgelehnt. In den vergangenen fünf Jahren hat die Gemeinde somit bei der Frage der Zuwanderung das Lager gewechselt. #gemeinde_d hatte die Zuwanderungsinitiative im Jahr 2020 mit 43,5 Prozent abgelehnt."
606,54.6,54.6,45.4,"Brenzikofen BE","Mit 54,6 Prozent Ja-Stimmen hat eine Mehrheit der Stimmberechtigten in Brenzikofen der Initiative ""Keine 10-Millionen-Schweiz"" zugestimmt. Die Unterstützung für die Initiative ""Keine 10-Millionen-Schweiz!» fällt geringer aus als jene für die Zuwanderungsinitiative im Jahr 2020. Die Abstimmenden von #gemeinde_d hatten damals mit 56,3 Prozent Ja gestimmt."
607,43.8,43.8,56.2,"Freimettigen BE","56,2 Prozent der Stimmbürgerinnen und Stimmbürger von Freimettigen sprechen sich gegen die Initiative ""Keine 10-Millionen-Schweiz"" aus. In den vergangenen fünf Jahren hat die Gemeinde somit bei der Frage der Zuwanderung das Lager gewechselt. #gemeinde_d hatte die Zuwanderungsinitiative im Jahr 2020 mit 48,4 Prozent abgelehnt."
608,53.1,53.1,46.9,"Grosshöchstetten BE","Grosshöchstetten hat die Initiative ""Keine 10-Millionen-Schweiz"" angenommen; der Ja-Stimmen-Anteil liegt bei 53,1 Prozent. Mit diesem Ergebnis wechselt #gemeinde_d ins Ja-Lager. Im Jahr 2020 hatte die Gemeinde die Zuwanderungsinitiative noch mit 60,9 Prozent der Stimmen abgelehnt."
609,69.9,69.9,30.1,"Häutligen BE","Häutligen hat die Initiative ""Keine 10-Millionen-Schweiz"" angenommen; der Ja-Stimmen-Anteil liegt bei 69,9 Prozent. Die Unterstützung für die Initiative ""Keine 10-Millionen-Schweiz!» hat in #gemeinde_d gegenüber der Zuwanderungsinitiative im Jahr 2020 zugenommen. Bei jener Abstimmung hatten 66,7 Prozent der Abstimmenden der Gemeinde die Vorlage angenommen."
610,9,9,91,"Herbligen BE","Die Initiative ""Keine 10-Millionen-Schweiz"" erreicht in Herbligen 91 Prozent Nein-Stimmen. In den vergangenen fünf Jahren hat die Gemeinde somit bei der Frage der Zuwanderung das Lager gewechselt. #gemeinde_d hatte die Zuwanderungsinitiative im Jahr 2020 mit 43,4 Prozent abgelehnt."
611,60,60,40,"Kiesen BE","Mit 60 Prozent Ja-Stimmen hat eine Mehrheit der Stimmberechtigten in Kiesen der Initiative ""Keine 10-Millionen-Schweiz"" zugestimmt. Mit diesem Ergebnis wechselt #gemeinde_d ins Ja-Lager. Im Jahr 2020 hatte die Gemeinde die Zuwanderungsinitiative noch mit 55 Prozent der Stimmen abgelehnt."
612,69.9,69.9,30.1,"Konolfingen BE","Mit 69,9 Prozent befürworten die Stimmberechtigten von Konolfingen die Initiative ""Keine 10-Millionen-Schweiz"". Mit diesem Ergebnis wechselt #gemeinde_d ins Ja-Lager. Im Jahr 2020 hatte die Gemeinde die Zuwanderungsinitiative noch mit 57,8 Prozent der Stimmen abgelehnt."
613,42.7,42.7,57.3,"Landiswil BE","57,3 Prozent der Stimmbürgerinnen und Stimmbürger von Landiswil sprechen sich gegen die Initiative ""Keine 10-Millionen-Schweiz"" aus. In den vergangenen fünf Jahren hat die Gemeinde somit bei der Frage der Zuwanderung das Lager gewechselt. #gemeinde_d hatte die Zuwanderungsinitiative im Jahr 2020 mit 29,7 Prozent abgelehnt."
614,19.8,19.8,80.2,"Linden BE","80,2 Prozent der Stimmbürgerinnen und Stimmbürger von Linden sprechen sich gegen die Initiative ""Keine 10-Millionen-Schweiz"" aus. In den vergangenen fünf Jahren hat die Gemeinde somit bei der Frage der Zuwanderung das Lager gewechselt. #gemeinde_d hatte die Zuwanderungsinitiative im Jahr 2020 mit 32 Prozent abgelehnt."
615,20.8,20.8,79.2,"Mirchel BE","In Mirchel findet die Initiative ""Keine 10-Millionen-Schweiz"" mit 79,2 Prozent keine Mehrheit. In den vergangenen fünf Jahren hat die Gemeinde somit bei der Frage der Zuwanderung das Lager gewechselt. #gemeinde_d hatte die Zuwanderungsinitiative im Jahr 2020 mit 40,5 Prozent abgelehnt."
616,43.4,43.4,56.6,"Münsingen BE","In Münsingen wird die Initiative ""Keine 10-Millionen-Schweiz"" mit 56,6 Prozent abgelehnt. Die Ablehnung der Initiative fällt jedoch geringer aus als zur Zuwanderungsinitiative im Jahr 2020. Die Abstimmenden von #gemeinde_d hatten damals mit 67,2 Prozent Nein gestimmt."
617,11.7,11.7,88.3,"Niederhünigen BE","In Niederhünigen ist die Initiative ""Keine 10-Millionen-Schweiz"" mit 88,3 Prozent der Stimmen gescheitert. Die Ablehnung der Initiative ""Keine 10-Millionen-Schweiz!» ist stärker als jene zur Zuwanderungsinitiative im Jahr 2020. Der Nein-Anteil in #gemeinde_d lag damals bei 53,9 Prozent."
619,48.3,48.3,51.7,"Oberdiessbach BE","51,7 Prozent der Stimmbürgerinnen und Stimmbürger von Oberdiessbach sprechen sich gegen die Initiative ""Keine 10-Millionen-Schweiz"" aus. Das Ergebnis hat sich im Vergleich zur Abstimmung über die Zuwanderungsinitiative im Jahr 2020 kaum verändert. #gemeinde_d hatte damals mit 51,6 Prozent Nein gestimmt."
620,41.4,41.4,58.6,"Oberthal BE","In Oberthal ist die Initiative ""Keine 10-Millionen-Schweiz"" mit 58,6 Prozent der Stimmen gescheitert. In den vergangenen fünf Jahren hat die Gemeinde somit bei der Frage der Zuwanderung das Lager gewechselt. #gemeinde_d hatte die Zuwanderungsinitiative im Jahr 2020 mit 46,2 Prozent abgelehnt."
622,38.8,38.8,61.2,"Oppligen BE","Die Initiative ""Keine 10-Millionen-Schweiz"" erreicht in Oppligen 61,2 Prozent Nein-Stimmen. Die Ablehnung der Initiative ""Keine 10-Millionen-Schweiz!» ist stärker als jene zur Zuwanderungsinitiative im Jahr 2020. Der Nein-Anteil in #gemeinde_d lag damals bei 57,5 Prozent."
623,21.6,21.6,78.4,"Rubigen BE","78,4 Prozent der Stimmbürgerinnen und Stimmbürger von Rubigen sprechen sich gegen die Initiative ""Keine 10-Millionen-Schweiz"" aus. Die Ablehnung der Initiative ""Keine 10-Millionen-Schweiz!» ist stärker als jene zur Zuwanderungsinitiative im Jahr 2020. Der Nein-Anteil in #gemeinde_d lag damals bei 65,8 Prozent."
626,71.9,71.9,28.1,"Walkringen BE","Mit 71,9 Prozent Ja-Stimmen hat eine Mehrheit der Stimmberechtigten in Walkringen der Initiative ""Keine 10-Millionen-Schweiz"" zugestimmt. Die Unterstützung für die Initiative ""Keine 10-Millionen-Schweiz!» hat in #gemeinde_d gegenüber der Zuwanderungsinitiative im Jahr 2020 zugenommen. Bei jener Abstimmung hatten 54,9 Prozent der Abstimmenden der Gemeinde die Vorlage angenommen."
627,2.5,2.5,97.5,"Worb BE","In Worb ist die Initiative ""Keine 10-Millionen-Schweiz"" mit 97,5 Prozent der Stimmen gescheitert. Die Ablehnung der Initiative ""Keine 10-Millionen-Schweiz!» ist stärker als jene zur Zuwanderungsinitiative im Jahr 2020. Der Nein-Anteil in #gemeinde_d lag damals bei 63,9 Prozent."
628,42.5,42.5,57.5,"Zäziwil BE","In Zäziwil wird die Initiative ""Keine 10-Millionen-Schweiz"" mit 57,5 Prozent abgelehnt. Die Ablehnung der Initiative ""Keine 10-Millionen-Schweiz!» ist stärker als jene zur Zuwanderungsinitiative im Jahr 2020. Der Nein-Anteil in #gemeinde_d lag damals bei 52 Prozent."
630,54.5,54.5,45.5,"Allmendingen BE","Allmendingen hat die Initiative ""Keine 10-Millionen-Schweiz"" angenommen; der Ja-Stimmen-Anteil liegt bei 54,5 Prozent. Mit diesem Ergebnis wechselt #gemeinde_d ins Ja-Lager. Im Jahr 2020 hatte die Gemeinde die Zuwanderungsinitiative noch mit 57,1 Prozent der Stimmen abgelehnt."
632,74.1,74.1,25.9,"Wichtrach BE","Mit 74,1 Prozent Ja-Stimmen hat eine Mehrheit der Stimmberechtigten in Wichtrach der Initiative ""Keine 10-Millionen-Schweiz"" zugestimmt. Mit diesem Ergebnis wechselt #gemeinde_d ins Ja-Lager. Im Jahr 2020 hatte die Gemeinde die Zuwanderungsinitiative noch mit 56 Prozent der Stimmen abgelehnt."
662,76.8,76.8,23.2,"Ferenbalm BE","Mit 76,8 Prozent befürworten die Stimmberechtigten von Ferenbalm die Initiative ""Keine 10-Millionen-Schweiz"". Die Unterstützung für die Initiative ""Keine 10-Millionen-Schweiz!» hat in #gemeinde_d gegenüber der Zuwanderungsinitiative im Jahr 2020 zugenommen. Bei jener Abstimmung hatten 54,7 Prozent der Abstimmenden der Gemeinde die Vorlage angenommen."
663,70.6,70.6,29.4,"Frauenkappelen BE","Frauenkappelen hat die Initiative ""Keine 10-Millionen-Schweiz"" angenommen; der Ja-Stimmen-Anteil liegt bei 70,6 Prozent. Mit diesem Ergebnis wechselt #gemeinde_d ins Ja-Lager. Im Jahr 2020 hatte die Gemeinde die Zuwanderungsinitiative noch mit 59,8 Prozent der Stimmen abgelehnt."
665,97.6,97.6,2.4,"Gurbrü BE","Mit 97,6 Prozent befürworten die Stimmberechtigten von Gurbrü die Initiative ""Keine 10-Millionen-Schweiz"". Die Unterstützung für die Initiative ""Keine 10-Millionen-Schweiz!» hat in #gemeinde_d gegenüber der Zuwanderungsinitiative im Jahr 2020 zugenommen. Bei jener Abstimmung hatten 54,5 Prozent der Abstimmenden der Gemeinde die Vorlage angenommen."
666,62.9,62.9,37.1,"Kriechenwil BE","Mit 62,9 Prozent Ja-Stimmen hat eine Mehrheit der Stimmberechtigten in Kriechenwil der Initiative ""Keine 10-Millionen-Schweiz"" zugestimmt. Die Unterstützung für die Initiative ""Keine 10-Millionen-Schweiz!» hat in #gemeinde_d gegenüber der Zuwanderungsinitiative im Jahr 2020 zugenommen. Bei jener Abstimmung hatten 55,8 Prozent der Abstimmenden der Gemeinde die Vorlage angenommen."
667,53.5,53.5,46.5,"Laupen BE","53,5 Prozent der Stimmbürgerinnen und Stimmbürger von Laupen haben sich für die Initiative ""Keine 10-Millionen-Schweiz"" ausgesprochen. Mit diesem Ergebnis wechselt #gemeinde_d ins Ja-Lager. Im Jahr 2020 hatte die Gemeinde die Zuwanderungsinitiative noch mit 66,4 Prozent der Stimmen abgelehnt."
668,71.1,71.1,28.9,"Mühleberg BE","Mit 71,1 Prozent Ja-Stimmen hat eine Mehrheit der Stimmberechtigten in Mühleberg der Initiative ""Keine 10-Millionen-Schweiz"" zugestimmt. Die Unterstützung für die Initiative ""Keine 10-Millionen-Schweiz!» hat in #gemeinde_d gegenüber der Zuwanderungsinitiative im Jahr 2020 zugenommen. Bei jener Abstimmung hatten 51 Prozent der Abstimmenden der Gemeinde die Vorlage angenommen."
669,43.3,43.3,56.7,"Münchenwiler BE","Die Initiative ""Keine 10-Millionen-Schweiz"" erreicht in Münchenwiler 56,7 Prozent Nein-Stimmen. In den vergangenen fünf Jahren hat die Gemeinde somit bei der Frage der Zuwanderung das Lager gewechselt. #gemeinde_d hatte die Zuwanderungsinitiative im Jahr 2020 mit 46,4 Prozent abgelehnt."
670,39.1,39.1,60.9,"Neuenegg BE","In Neuenegg ist die Initiative ""Keine 10-Millionen-Schweiz"" mit 60,9 Prozent der Stimmen gescheitert. Die Ablehnung der Initiative ""Keine 10-Millionen-Schweiz!» ist stärker als jene zur Zuwanderungsinitiative im Jahr 2020. Der Nein-Anteil in #gemeinde_d lag damals bei 55,2 Prozent."
671,93.4,93.4,6.6,"Wileroltigen BE","Die Initiative ""Keine 10-Millionen-Schweiz"" erreicht in Wileroltigen 93,4 Prozent Ja-Stimmen. Die Unterstützung für die Initiative ""Keine 10-Millionen-Schweiz!» hat in #gemeinde_d gegenüber der Zuwanderungsinitiative im Jahr 2020 zugenommen. Bei jener Abstimmung hatten 53,6 Prozent der Abstimmenden der Gemeinde die Vorlage angenommen."
681,86.6,86.6,13.4,"Belprahon BE","Mit 86,6 Prozent befürworten die Stimmberechtigten von Belprahon die Initiative ""Keine 10-Millionen-Schweiz"". Mit diesem Ergebnis wechselt #gemeinde_d ins Ja-Lager. Im Jahr 2020 hatte die Gemeinde die Zuwanderungsinitiative noch mit 58,6 Prozent der Stimmen abgelehnt."
683,50,50,50,"Champoz BE","50 Prozent der Stimmbürgerinnen und Stimmbürger von Champoz sprechen sich gegen die Initiative ""Keine 10-Millionen-Schweiz"" aus. In den vergangenen fünf Jahren hat die Gemeinde somit bei der Frage der Zuwanderung das Lager gewechselt. #gemeinde_d hatte die Zuwanderungsinitiative im Jahr 2020 mit 36 Prozent abgelehnt."
687,60.2,60.2,39.8,"Corcelles BE","Mit 60,2 Prozent befürworten die Stimmberechtigten von Corcelles BE die Initiative ""Keine 10-Millionen-Schweiz"". Mit diesem Ergebnis wechselt #gemeinde_d ins Ja-Lager. Im Jahr 2020 hatte die Gemeinde die Zuwanderungsinitiative noch mit 51,3 Prozent der Stimmen abgelehnt."
690,59.1,59.1,40.9,"Court BE","Die Initiative ""Keine 10-Millionen-Schweiz"" erreicht in Court 59,1 Prozent Ja-Stimmen. Die Unterstützung für die Initiative ""Keine 10-Millionen-Schweiz!» hat in #gemeinde_d gegenüber der Zuwanderungsinitiative im Jahr 2020 zugenommen. Bei jener Abstimmung hatten 51,9 Prozent der Abstimmenden der Gemeinde die Vorlage angenommen."
691,43,43,57,"Crémines BE","In Crémines ist die Initiative ""Keine 10-Millionen-Schweiz"" mit 57 Prozent der Stimmen gescheitert. Die Ablehnung der Initiative fällt jedoch geringer aus als zur Zuwanderungsinitiative im Jahr 2020. Die Abstimmenden von #gemeinde_d hatten damals mit 59,6 Prozent Nein gestimmt."
692,37.3,37.3,62.7,"Eschert BE","Die Initiative ""Keine 10-Millionen-Schweiz"" erreicht in Eschert 62,7 Prozent Nein-Stimmen. In den vergangenen fünf Jahren hat die Gemeinde somit bei der Frage der Zuwanderung das Lager gewechselt. #gemeinde_d hatte die Zuwanderungsinitiative im Jahr 2020 mit 47,8 Prozent abgelehnt."
694,92.9,92.9,7.1,"Grandval BE","Mit 92,9 Prozent befürworten die Stimmberechtigten von Grandval die Initiative ""Keine 10-Millionen-Schweiz"". Die Unterstützung für die Initiative ""Keine 10-Millionen-Schweiz!» hat in #gemeinde_d gegenüber der Zuwanderungsinitiative im Jahr 2020 zugenommen. Bei jener Abstimmung hatten 51 Prozent der Abstimmenden der Gemeinde die Vorlage angenommen."
696,3.3,3.3,96.7,"Loveresse BE","In Loveresse findet die Initiative ""Keine 10-Millionen-Schweiz"" mit 96,7 Prozent keine Mehrheit. In den vergangenen fünf Jahren hat die Gemeinde somit bei der Frage der Zuwanderung das Lager gewechselt. #gemeinde_d hatte die Zuwanderungsinitiative im Jahr 2020 mit 48,1 Prozent abgelehnt."
701,72.4,72.4,27.6,"Perrefitte BE","Mit 72,4 Prozent befürworten die Stimmberechtigten von Perrefitte die Initiative ""Keine 10-Millionen-Schweiz"". Die Unterstützung für die Initiative ""Keine 10-Millionen-Schweiz!» hat in #gemeinde_d gegenüber der Zuwanderungsinitiative im Jahr 2020 zugenommen. Bei jener Abstimmung hatten 51,1 Prozent der Abstimmenden der Gemeinde die Vorlage angenommen."
703,26.3,26.3,73.7,"Reconvilier BE","Die Initiative ""Keine 10-Millionen-Schweiz"" erreicht in Reconvilier 73,7 Prozent Nein-Stimmen. Die Ablehnung der Initiative ""Keine 10-Millionen-Schweiz!» ist stärker als jene zur Zuwanderungsinitiative im Jahr 2020. Der Nein-Anteil in #gemeinde_d lag damals bei 52,7 Prozent."
704,82.2,82.2,17.8,"Roches BE","Mit 82,2 Prozent befürworten die Stimmberechtigten von Roches BE die Initiative ""Keine 10-Millionen-Schweiz"". Die Unterstützung für die Initiative ""Keine 10-Millionen-Schweiz!» hat in #gemeinde_d gegenüber der Zuwanderungsinitiative im Jahr 2020 zugenommen. Bei jener Abstimmung hatten 54,4 Prozent der Abstimmenden der Gemeinde die Vorlage angenommen."
706,24.4,24.4,75.6,"Saicourt BE","Die Initiative ""Keine 10-Millionen-Schweiz"" erreicht in Saicourt 75,6 Prozent Nein-Stimmen. In den vergangenen fünf Jahren hat die Gemeinde somit bei der Frage der Zuwanderung das Lager gewechselt. #gemeinde_d hatte die Zuwanderungsinitiative im Jahr 2020 mit 48,5 Prozent abgelehnt."
707,73.6,73.6,26.4,"Saules BE","In Saules BE erhält die Initiative ""Keine 10-Millionen-Schweiz"" 73,6 Prozent Zustimmung. Die Unterstützung für die Initiative ""Keine 10-Millionen-Schweiz!» hat in #gemeinde_d gegenüber der Zuwanderungsinitiative im Jahr 2020 zugenommen. Bei jener Abstimmung hatten 61 Prozent der Abstimmenden der Gemeinde die Vorlage angenommen."
708,48,48,52,"Schelten BE","Die Initiative ""Keine 10-Millionen-Schweiz"" erreicht in Schelten 52 Prozent Nein-Stimmen. In den vergangenen fünf Jahren hat die Gemeinde somit bei der Frage der Zuwanderung das Lager gewechselt. #gemeinde_d hatte die Zuwanderungsinitiative im Jahr 2020 mit 45,2 Prozent abgelehnt."
709,23,23,77,"Seehof BE","Die Initiative ""Keine 10-Millionen-Schweiz"" erreicht in Seehof 77 Prozent Nein-Stimmen. In den vergangenen fünf Jahren hat die Gemeinde somit bei der Frage der Zuwanderung das Lager gewechselt. #gemeinde_d hatte die Zuwanderungsinitiative im Jahr 2020 mit 24 Prozent abgelehnt."
711,81.6,81.6,18.4,"Sorvilier BE","Mit 81,6 Prozent Ja-Stimmen hat eine Mehrheit der Stimmberechtigten in Sorvilier der Initiative ""Keine 10-Millionen-Schweiz"" zugestimmt. Mit diesem Ergebnis wechselt #gemeinde_d ins Ja-Lager. Im Jahr 2020 hatte die Gemeinde die Zuwanderungsinitiative noch mit 55 Prozent der Stimmen abgelehnt."
713,16.1,16.1,83.9,"Tavannes BE","In Tavannes findet die Initiative ""Keine 10-Millionen-Schweiz"" mit 83,9 Prozent keine Mehrheit. Die Ablehnung der Initiative ""Keine 10-Millionen-Schweiz!» ist stärker als jene zur Zuwanderungsinitiative im Jahr 2020. Der Nein-Anteil in #gemeinde_d lag damals bei 60,9 Prozent."
715,72.7,72.7,27.3,"Rebévelier BE","Mit 72,7 Prozent befürworten die Stimmberechtigten von Rebévelier die Initiative ""Keine 10-Millionen-Schweiz""."
716,18.6,18.6,81.4,"Petit-Val BE","81,4 Prozent der Stimmbürgerinnen und Stimmbürger von Petit-Val sprechen sich gegen die Initiative ""Keine 10-Millionen-Schweiz"" aus."
717,23.7,23.7,76.3,"Valbirse BE","Die Initiative ""Keine 10-Millionen-Schweiz"" erreicht in Valbirse 76,3 Prozent Nein-Stimmen. Die Ablehnung der Initiative ""Keine 10-Millionen-Schweiz!» ist stärker als jene zur Zuwanderungsinitiative im Jahr 2020. Der Nein-Anteil in #gemeinde_d lag damals bei 55,4 Prozent."
723,67.7,67.7,32.3,"Neuenstadt BE","Mit 67,7 Prozent Ja-Stimmen hat eine Mehrheit der Stimmberechtigten in Neuenstadt der Initiative ""Keine 10-Millionen-Schweiz"" zugestimmt. Mit diesem Ergebnis wechselt #gemeinde_d ins Ja-Lager. Im Jahr 2020 hatte die Gemeinde die Zuwanderungsinitiative noch mit 76,1 Prozent der Stimmen abgelehnt."
724,11.5,11.5,88.5,"Nods BE","88,5 Prozent der Stimmbürgerinnen und Stimmbürger von Nods sprechen sich gegen die Initiative ""Keine 10-Millionen-Schweiz"" aus. Die Ablehnung der Initiative ""Keine 10-Millionen-Schweiz!» ist stärker als jene zur Zuwanderungsinitiative im Jahr 2020. Der Nein-Anteil in #gemeinde_d lag damals bei 58,9 Prozent."
726,23.5,23.5,76.5,"Plateau de Diesse BE","In Plateau de Diesse findet die Initiative ""Keine 10-Millionen-Schweiz"" mit 76,5 Prozent keine Mehrheit. Die Ablehnung der Initiative ""Keine 10-Millionen-Schweiz!» ist stärker als jene zur Zuwanderungsinitiative im Jahr 2020. Der Nein-Anteil in #gemeinde_d lag damals bei 64,1 Prozent."
731,63.3,63.3,36.7,"Aegerten BE","Aegerten hat die Initiative ""Keine 10-Millionen-Schweiz"" angenommen; der Ja-Stimmen-Anteil liegt bei 63,3 Prozent. Mit diesem Ergebnis wechselt #gemeinde_d ins Ja-Lager. Im Jahr 2020 hatte die Gemeinde die Zuwanderungsinitiative noch mit 56,6 Prozent der Stimmen abgelehnt."
732,59.5,59.5,40.5,"Bellmund BE","Die Initiative ""Keine 10-Millionen-Schweiz"" erreicht in Bellmund 59,5 Prozent Ja-Stimmen. Mit diesem Ergebnis wechselt #gemeinde_d ins Ja-Lager. Im Jahr 2020 hatte die Gemeinde die Zuwanderungsinitiative noch mit 64,5 Prozent der Stimmen abgelehnt."
733,32.5,32.5,67.5,"Brügg BE","Die Initiative ""Keine 10-Millionen-Schweiz"" erreicht in Brügg 67,5 Prozent Nein-Stimmen. Die Ablehnung der Initiative ""Keine 10-Millionen-Schweiz!» ist stärker als jene zur Zuwanderungsinitiative im Jahr 2020. Der Nein-Anteil in #gemeinde_d lag damals bei 59,4 Prozent."
734,17.7,17.7,82.3,"Bühl BE","In Bühl findet die Initiative ""Keine 10-Millionen-Schweiz"" mit 82,3 Prozent keine Mehrheit. In den vergangenen fünf Jahren hat die Gemeinde somit bei der Frage der Zuwanderung das Lager gewechselt. #gemeinde_d hatte die Zuwanderungsinitiative im Jahr 2020 mit 47,3 Prozent abgelehnt."
735,20.7,20.7,79.3,"Epsach BE","In Epsach ist die Initiative ""Keine 10-Millionen-Schweiz"" mit 79,3 Prozent der Stimmen gescheitert. In den vergangenen fünf Jahren hat die Gemeinde somit bei der Frage der Zuwanderung das Lager gewechselt. #gemeinde_d hatte die Zuwanderungsinitiative im Jahr 2020 mit 46,4 Prozent abgelehnt."
736,49.2,49.2,50.8,"Hagneck BE","In Hagneck findet die Initiative ""Keine 10-Millionen-Schweiz"" mit 50,8 Prozent keine Mehrheit. In den vergangenen fünf Jahren hat die Gemeinde somit bei der Frage der Zuwanderung das Lager gewechselt. #gemeinde_d hatte die Zuwanderungsinitiative im Jahr 2020 mit 49 Prozent abgelehnt."
737,52,52,48,"Hermrigen BE","Mit 52 Prozent Ja-Stimmen hat eine Mehrheit der Stimmberechtigten in Hermrigen der Initiative ""Keine 10-Millionen-Schweiz"" zugestimmt. Die Unterstützung für die Initiative ""Keine 10-Millionen-Schweiz!» hat in #gemeinde_d gegenüber der Zuwanderungsinitiative im Jahr 2020 zugenommen. Bei jener Abstimmung hatten 50,8 Prozent der Abstimmenden der Gemeinde die Vorlage angenommen."
738,43.8,43.8,56.2,"Jens BE","In Jens findet die Initiative ""Keine 10-Millionen-Schweiz"" mit 56,2 Prozent keine Mehrheit. Die Ablehnung der Initiative fällt jedoch geringer aus als zur Zuwanderungsinitiative im Jahr 2020. Die Abstimmenden von #gemeinde_d hatten damals mit 60,1 Prozent Nein gestimmt."
739,14.9,14.9,85.1,"Ipsach BE","In Ipsach ist die Initiative ""Keine 10-Millionen-Schweiz"" mit 85,1 Prozent der Stimmen gescheitert. Die Ablehnung der Initiative ""Keine 10-Millionen-Schweiz!» ist stärker als jene zur Zuwanderungsinitiative im Jahr 2020. Der Nein-Anteil in #gemeinde_d lag damals bei 67,8 Prozent."
740,53.4,53.4,46.6,"Ligerz BE","53,4 Prozent der Stimmbürgerinnen und Stimmbürger von Ligerz haben sich für die Initiative ""Keine 10-Millionen-Schweiz"" ausgesprochen. Mit diesem Ergebnis wechselt #gemeinde_d ins Ja-Lager. Im Jahr 2020 hatte die Gemeinde die Zuwanderungsinitiative noch mit 69,7 Prozent der Stimmen abgelehnt."
741,16.8,16.8,83.2,"Merzligen BE","83,2 Prozent der Stimmbürgerinnen und Stimmbürger von Merzligen sprechen sich gegen die Initiative ""Keine 10-Millionen-Schweiz"" aus. Die Ablehnung der Initiative ""Keine 10-Millionen-Schweiz!» ist stärker als jene zur Zuwanderungsinitiative im Jahr 2020. Der Nein-Anteil in #gemeinde_d lag damals bei 67 Prozent."
742,42.1,42.1,57.9,"Mörigen BE","Die Initiative ""Keine 10-Millionen-Schweiz"" erreicht in Mörigen 57,9 Prozent Nein-Stimmen. Die Ablehnung der Initiative ""Keine 10-Millionen-Schweiz!» ist stärker als jene zur Zuwanderungsinitiative im Jahr 2020. Der Nein-Anteil in #gemeinde_d lag damals bei 54,4 Prozent."
743,35.2,35.2,64.8,"Nidau BE","64,8 Prozent der Stimmbürgerinnen und Stimmbürger von Nidau sprechen sich gegen die Initiative ""Keine 10-Millionen-Schweiz"" aus. Die Ablehnung der Initiative fällt jedoch geringer aus als zur Zuwanderungsinitiative im Jahr 2020. Die Abstimmenden von #gemeinde_d hatten damals mit 69,2 Prozent Nein gestimmt."
744,2.3,2.3,97.7,"Orpund BE","In Orpund ist die Initiative ""Keine 10-Millionen-Schweiz"" mit 97,7 Prozent der Stimmen gescheitert. Die Ablehnung der Initiative ""Keine 10-Millionen-Schweiz!» ist stärker als jene zur Zuwanderungsinitiative im Jahr 2020. Der Nein-Anteil in #gemeinde_d lag damals bei 53,1 Prozent."
745,27.1,27.1,72.9,"Port BE","Die Initiative ""Keine 10-Millionen-Schweiz"" erreicht in Port 72,9 Prozent Nein-Stimmen. Die Ablehnung der Initiative ""Keine 10-Millionen-Schweiz!» ist stärker als jene zur Zuwanderungsinitiative im Jahr 2020. Der Nein-Anteil in #gemeinde_d lag damals bei 62,8 Prozent."
746,27.6,27.6,72.4,"Safnern BE","Die Initiative ""Keine 10-Millionen-Schweiz"" erreicht in Safnern 72,4 Prozent Nein-Stimmen. In den vergangenen fünf Jahren hat die Gemeinde somit bei der Frage der Zuwanderung das Lager gewechselt. #gemeinde_d hatte die Zuwanderungsinitiative im Jahr 2020 mit 49,9 Prozent abgelehnt."
747,64.4,64.4,35.6,"Scheuren BE","Scheuren hat die Initiative ""Keine 10-Millionen-Schweiz"" angenommen; der Ja-Stimmen-Anteil liegt bei 64,4 Prozent. Mit diesem Ergebnis wechselt #gemeinde_d ins Ja-Lager. Im Jahr 2020 hatte die Gemeinde die Zuwanderungsinitiative noch mit 52,1 Prozent der Stimmen abgelehnt."
748,53.4,53.4,46.6,"Schwadernau BE","Die Initiative ""Keine 10-Millionen-Schweiz"" erreicht in Schwadernau 53,4 Prozent Ja-Stimmen. Mit diesem Ergebnis wechselt #gemeinde_d ins Ja-Lager. Im Jahr 2020 hatte die Gemeinde die Zuwanderungsinitiative noch mit 52 Prozent der Stimmen abgelehnt."
749,47.7,47.7,52.3,"Studen BE","52,3 Prozent der Stimmbürgerinnen und Stimmbürger von Studen BE sprechen sich gegen die Initiative ""Keine 10-Millionen-Schweiz"" aus. In den vergangenen fünf Jahren hat die Gemeinde somit bei der Frage der Zuwanderung das Lager gewechselt. #gemeinde_d hatte die Zuwanderungsinitiative im Jahr 2020 mit 49,2 Prozent abgelehnt."
750,53,53,47,"Sutz-Lattrigen BE","53 Prozent der Stimmbürgerinnen und Stimmbürger von Sutz-Lattrigen haben sich für die Initiative ""Keine 10-Millionen-Schweiz"" ausgesprochen. Mit diesem Ergebnis wechselt #gemeinde_d ins Ja-Lager. Im Jahr 2020 hatte die Gemeinde die Zuwanderungsinitiative noch mit 64,9 Prozent der Stimmen abgelehnt."
751,67.9,67.9,32.1,"Täuffelen BE","Mit 67,9 Prozent Ja-Stimmen hat eine Mehrheit der Stimmberechtigten in Täuffelen der Initiative ""Keine 10-Millionen-Schweiz"" zugestimmt. Mit diesem Ergebnis wechselt #gemeinde_d ins Ja-Lager. Im Jahr 2020 hatte die Gemeinde die Zuwanderungsinitiative noch mit 61 Prozent der Stimmen abgelehnt."
754,63,63,37,"Walperswil BE","Mit 63 Prozent befürworten die Stimmberechtigten von Walperswil die Initiative ""Keine 10-Millionen-Schweiz"". Die Unterstützung für die Initiative ""Keine 10-Millionen-Schweiz!» hat in #gemeinde_d gegenüber der Zuwanderungsinitiative im Jahr 2020 zugenommen. Bei jener Abstimmung hatten 53,2 Prozent der Abstimmenden der Gemeinde die Vorlage angenommen."
755,32,32,68,"Worben BE","68 Prozent der Stimmbürgerinnen und Stimmbürger von Worben sprechen sich gegen die Initiative ""Keine 10-Millionen-Schweiz"" aus. Die Ablehnung der Initiative ""Keine 10-Millionen-Schweiz!» ist stärker als jene zur Zuwanderungsinitiative im Jahr 2020. Der Nein-Anteil in #gemeinde_d lag damals bei 54,5 Prozent."
756,16.3,16.3,83.7,"Twann-Tüscherz BE","In Twann-Tüscherz wird die Initiative ""Keine 10-Millionen-Schweiz"" mit 83,7 Prozent abgelehnt. Die Ablehnung der Initiative ""Keine 10-Millionen-Schweiz!» ist stärker als jene zur Zuwanderungsinitiative im Jahr 2020. Der Nein-Anteil in #gemeinde_d lag damals bei 68,1 Prozent."
761,53,53,47,"Därstetten BE","Mit 53 Prozent Ja-Stimmen hat eine Mehrheit der Stimmberechtigten in Därstetten der Initiative ""Keine 10-Millionen-Schweiz"" zugestimmt. Die Unterstützung für die Initiative ""Keine 10-Millionen-Schweiz!» fällt geringer aus als jene für die Zuwanderungsinitiative im Jahr 2020. Die Abstimmenden von #gemeinde_d hatten damals mit 75,4 Prozent Ja gestimmt."
762,11,11,89,"Diemtigen BE","89 Prozent der Stimmbürgerinnen und Stimmbürger von Diemtigen sprechen sich gegen die Initiative ""Keine 10-Millionen-Schweiz"" aus. In den vergangenen fünf Jahren hat die Gemeinde somit bei der Frage der Zuwanderung das Lager gewechselt. #gemeinde_d hatte die Zuwanderungsinitiative im Jahr 2020 mit 26,9 Prozent abgelehnt."
763,46.8,46.8,53.2,"Erlenbach im Simmental BE","53,2 Prozent der Stimmbürgerinnen und Stimmbürger von Erlenbach im Simmental sprechen sich gegen die Initiative ""Keine 10-Millionen-Schweiz"" aus. In den vergangenen fünf Jahren hat die Gemeinde somit bei der Frage der Zuwanderung das Lager gewechselt. #gemeinde_d hatte die Zuwanderungsinitiative im Jahr 2020 mit 37,3 Prozent abgelehnt."
766,48.5,48.5,51.5,"Oberwil im Simmental BE","In Oberwil im Simmental ist die Initiative ""Keine 10-Millionen-Schweiz"" mit 51,5 Prozent der Stimmen gescheitert. In den vergangenen fünf Jahren hat die Gemeinde somit bei der Frage der Zuwanderung das Lager gewechselt. #gemeinde_d hatte die Zuwanderungsinitiative im Jahr 2020 mit 24,8 Prozent abgelehnt."
767,34.4,34.4,65.6,"Reutigen BE","65,6 Prozent der Stimmbürgerinnen und Stimmbürger von Reutigen sprechen sich gegen die Initiative ""Keine 10-Millionen-Schweiz"" aus. In den vergangenen fünf Jahren hat die Gemeinde somit bei der Frage der Zuwanderung das Lager gewechselt. #gemeinde_d hatte die Zuwanderungsinitiative im Jahr 2020 mit 43,1 Prozent abgelehnt."
768,39.6,39.6,60.4,"Spiez BE","Die Initiative ""Keine 10-Millionen-Schweiz"" erreicht in Spiez 60,4 Prozent Nein-Stimmen. Das Ergebnis hat sich im Vergleich zur Abstimmung über die Zuwanderungsinitiative im Jahr 2020 kaum verändert. #gemeinde_d hatte damals mit 60,1 Prozent Nein gestimmt."
769,56.7,56.7,43.3,"Wimmis BE","Mit 56,7 Prozent Ja-Stimmen hat eine Mehrheit der Stimmberechtigten in Wimmis der Initiative ""Keine 10-Millionen-Schweiz"" zugestimmt. Die Unterstützung für die Initiative ""Keine 10-Millionen-Schweiz!» fällt geringer aus als jene für die Zuwanderungsinitiative im Jahr 2020. Die Abstimmenden von #gemeinde_d hatten damals mit 58 Prozent Ja gestimmt."
770,49.5,49.5,50.5,"Stocken-Höfen BE","In Stocken-Höfen findet die Initiative ""Keine 10-Millionen-Schweiz"" mit 50,5 Prozent keine Mehrheit. In den vergangenen fünf Jahren hat die Gemeinde somit bei der Frage der Zuwanderung das Lager gewechselt. #gemeinde_d hatte die Zuwanderungsinitiative im Jahr 2020 mit 38,7 Prozent abgelehnt."
782,66.3,66.3,33.7,"Guttannen BE","Die Initiative ""Keine 10-Millionen-Schweiz"" erreicht in Guttannen 66,3 Prozent Ja-Stimmen. Die Unterstützung für die Initiative ""Keine 10-Millionen-Schweiz!» hat in #gemeinde_d gegenüber der Zuwanderungsinitiative im Jahr 2020 zugenommen. Bei jener Abstimmung hatten 51 Prozent der Abstimmenden der Gemeinde die Vorlage angenommen."
783,39.7,39.7,60.3,"Hasliberg BE","Die Initiative ""Keine 10-Millionen-Schweiz"" erreicht in Hasliberg 60,3 Prozent Nein-Stimmen. In den vergangenen fünf Jahren hat die Gemeinde somit bei der Frage der Zuwanderung das Lager gewechselt. #gemeinde_d hatte die Zuwanderungsinitiative im Jahr 2020 mit 45,8 Prozent abgelehnt."
784,75.5,75.5,24.5,"Innertkirchen BE","Innertkirchen hat die Initiative ""Keine 10-Millionen-Schweiz"" angenommen; der Ja-Stimmen-Anteil liegt bei 75,5 Prozent. Die Unterstützung für die Initiative ""Keine 10-Millionen-Schweiz!» hat in #gemeinde_d gegenüber der Zuwanderungsinitiative im Jahr 2020 zugenommen. Bei jener Abstimmung hatten 57,4 Prozent der Abstimmenden der Gemeinde die Vorlage angenommen."
785,8.2,8.2,91.8,"Meiringen BE","Die Initiative ""Keine 10-Millionen-Schweiz"" erreicht in Meiringen 91,8 Prozent Nein-Stimmen. Die Ablehnung der Initiative ""Keine 10-Millionen-Schweiz!» ist stärker als jene zur Zuwanderungsinitiative im Jahr 2020. Der Nein-Anteil in #gemeinde_d lag damals bei 54,9 Prozent."
786,83.7,83.7,16.3,"Schattenhalb BE","Mit 83,7 Prozent befürworten die Stimmberechtigten von Schattenhalb die Initiative ""Keine 10-Millionen-Schweiz"". Die Unterstützung für die Initiative ""Keine 10-Millionen-Schweiz!» hat in #gemeinde_d gegenüber der Zuwanderungsinitiative im Jahr 2020 zugenommen. Bei jener Abstimmung hatten 55,5 Prozent der Abstimmenden der Gemeinde die Vorlage angenommen."
791,42.6,42.6,57.4,"Boltigen BE","In Boltigen wird die Initiative ""Keine 10-Millionen-Schweiz"" mit 57,4 Prozent abgelehnt. In den vergangenen fünf Jahren hat die Gemeinde somit bei der Frage der Zuwanderung das Lager gewechselt. #gemeinde_d hatte die Zuwanderungsinitiative im Jahr 2020 mit 30,3 Prozent abgelehnt."
792,40.7,40.7,59.3,"Lenk BE","59,3 Prozent der Stimmbürgerinnen und Stimmbürger von Lenk sprechen sich gegen die Initiative ""Keine 10-Millionen-Schweiz"" aus. In den vergangenen fünf Jahren hat die Gemeinde somit bei der Frage der Zuwanderung das Lager gewechselt. #gemeinde_d hatte die Zuwanderungsinitiative im Jahr 2020 mit 44,3 Prozent abgelehnt."
793,51,51,49,"St. Stephan BE","St. Stephan hat die Initiative ""Keine 10-Millionen-Schweiz"" angenommen; der Ja-Stimmen-Anteil liegt bei 51 Prozent. Die Unterstützung für die Initiative ""Keine 10-Millionen-Schweiz!» fällt geringer aus als jene für die Zuwanderungsinitiative im Jahr 2020. Die Abstimmenden von #gemeinde_d hatten damals mit 73,6 Prozent Ja gestimmt."
794,16.8,16.8,83.2,"Zweisimmen BE","Die Initiative ""Keine 10-Millionen-Schweiz"" erreicht in Zweisimmen 83,2 Prozent Nein-Stimmen. In den vergangenen fünf Jahren hat die Gemeinde somit bei der Frage der Zuwanderung das Lager gewechselt. #gemeinde_d hatte die Zuwanderungsinitiative im Jahr 2020 mit 47,2 Prozent abgelehnt."
841,46.1,46.1,53.9,"Gsteig BE","53,9 Prozent der Stimmbürgerinnen und Stimmbürger von Gsteig sprechen sich gegen die Initiative ""Keine 10-Millionen-Schweiz"" aus. In den vergangenen fünf Jahren hat die Gemeinde somit bei der Frage der Zuwanderung das Lager gewechselt. #gemeinde_d hatte die Zuwanderungsinitiative im Jahr 2020 mit 40,4 Prozent abgelehnt."
842,41,41,59,"Lauenen BE","59 Prozent der Stimmbürgerinnen und Stimmbürger von Lauenen sprechen sich gegen die Initiative ""Keine 10-Millionen-Schweiz"" aus. In den vergangenen fünf Jahren hat die Gemeinde somit bei der Frage der Zuwanderung das Lager gewechselt. #gemeinde_d hatte die Zuwanderungsinitiative im Jahr 2020 mit 39,6 Prozent abgelehnt."
843,33.1,33.1,66.9,"Saanen BE","In Saanen findet die Initiative ""Keine 10-Millionen-Schweiz"" mit 66,9 Prozent keine Mehrheit. In den vergangenen fünf Jahren hat die Gemeinde somit bei der Frage der Zuwanderung das Lager gewechselt. #gemeinde_d hatte die Zuwanderungsinitiative im Jahr 2020 mit 47,9 Prozent abgelehnt."
852,31.3,31.3,68.7,"Guggisberg BE","In Guggisberg wird die Initiative ""Keine 10-Millionen-Schweiz"" mit 68,7 Prozent abgelehnt. In den vergangenen fünf Jahren hat die Gemeinde somit bei der Frage der Zuwanderung das Lager gewechselt. #gemeinde_d hatte die Zuwanderungsinitiative im Jahr 2020 mit 35,2 Prozent abgelehnt."
853,20.3,20.3,79.7,"Rüschegg BE","In Rüschegg ist die Initiative ""Keine 10-Millionen-Schweiz"" mit 79,7 Prozent der Stimmen gescheitert. In den vergangenen fünf Jahren hat die Gemeinde somit bei der Frage der Zuwanderung das Lager gewechselt. #gemeinde_d hatte die Zuwanderungsinitiative im Jahr 2020 mit 42,3 Prozent abgelehnt."
855,38.3,38.3,61.7,"Schwarzenburg BE","In Schwarzenburg wird die Initiative ""Keine 10-Millionen-Schweiz"" mit 61,7 Prozent abgelehnt. Die Ablehnung der Initiative ""Keine 10-Millionen-Schweiz!» ist stärker als jene zur Zuwanderungsinitiative im Jahr 2020. Der Nein-Anteil in #gemeinde_d lag damals bei 55,1 Prozent."
861,39.5,39.5,60.5,"Belp BE","Die Initiative ""Keine 10-Millionen-Schweiz"" erreicht in Belp 60,5 Prozent Nein-Stimmen. Die Ablehnung der Initiative ""Keine 10-Millionen-Schweiz!» ist stärker als jene zur Zuwanderungsinitiative im Jahr 2020. Der Nein-Anteil in #gemeinde_d lag damals bei 58,7 Prozent."
863,38.4,38.4,61.6,"Burgistein BE","61,6 Prozent der Stimmbürgerinnen und Stimmbürger von Burgistein sprechen sich gegen die Initiative ""Keine 10-Millionen-Schweiz"" aus. In den vergangenen fünf Jahren hat die Gemeinde somit bei der Frage der Zuwanderung das Lager gewechselt. #gemeinde_d hatte die Zuwanderungsinitiative im Jahr 2020 mit 48,3 Prozent abgelehnt."
866,49.7,49.7,50.3,"Gerzensee BE","In Gerzensee ist die Initiative ""Keine 10-Millionen-Schweiz"" mit 50,3 Prozent der Stimmen gescheitert. Die Ablehnung der Initiative fällt jedoch geringer aus als zur Zuwanderungsinitiative im Jahr 2020. Die Abstimmenden von #gemeinde_d hatten damals mit 55 Prozent Nein gestimmt."
867,89.5,89.5,10.5,"Gurzelen BE","Mit 89,5 Prozent befürworten die Stimmberechtigten von Gurzelen die Initiative ""Keine 10-Millionen-Schweiz"". Die Unterstützung für die Initiative ""Keine 10-Millionen-Schweiz!» hat in #gemeinde_d gegenüber der Zuwanderungsinitiative im Jahr 2020 zugenommen. Bei jener Abstimmung hatten 55,9 Prozent der Abstimmenden der Gemeinde die Vorlage angenommen."
868,51.9,51.9,48.1,"Jaberg BE","Mit 51,9 Prozent Ja-Stimmen hat eine Mehrheit der Stimmberechtigten in Jaberg der Initiative ""Keine 10-Millionen-Schweiz"" zugestimmt. Mit diesem Ergebnis wechselt #gemeinde_d ins Ja-Lager. Im Jahr 2020 hatte die Gemeinde die Zuwanderungsinitiative noch mit 55,9 Prozent der Stimmen abgelehnt."
869,18.3,18.3,81.7,"Kaufdorf BE","81,7 Prozent der Stimmbürgerinnen und Stimmbürger von Kaufdorf sprechen sich gegen die Initiative ""Keine 10-Millionen-Schweiz"" aus. Die Ablehnung der Initiative ""Keine 10-Millionen-Schweiz!» ist stärker als jene zur Zuwanderungsinitiative im Jahr 2020. Der Nein-Anteil in #gemeinde_d lag damals bei 63,4 Prozent."
870,32.5,32.5,67.5,"Kehrsatz BE","Die Initiative ""Keine 10-Millionen-Schweiz"" erreicht in Kehrsatz 67,5 Prozent Nein-Stimmen. Die Ablehnung der Initiative fällt jedoch geringer aus als zur Zuwanderungsinitiative im Jahr 2020. Die Abstimmenden von #gemeinde_d hatten damals mit 69 Prozent Nein gestimmt."
872,21.2,21.2,78.8,"Kirchdorf BE","In Kirchdorf BE findet die Initiative ""Keine 10-Millionen-Schweiz"" mit 78,8 Prozent keine Mehrheit. Die Ablehnung der Initiative ""Keine 10-Millionen-Schweiz!» ist stärker als jene zur Zuwanderungsinitiative im Jahr 2020. Der Nein-Anteil in #gemeinde_d lag damals bei 50,2 Prozent."
879,49.5,49.5,50.5,"Riggisberg BE","In Riggisberg wird die Initiative ""Keine 10-Millionen-Schweiz"" mit 50,5 Prozent abgelehnt. In den vergangenen fünf Jahren hat die Gemeinde somit bei der Frage der Zuwanderung das Lager gewechselt. #gemeinde_d hatte die Zuwanderungsinitiative im Jahr 2020 mit 46,9 Prozent abgelehnt."
880,57.5,57.5,42.5,"Rüeggisberg BE","57,5 Prozent der Stimmbürgerinnen und Stimmbürger von Rüeggisberg haben sich für die Initiative ""Keine 10-Millionen-Schweiz"" ausgesprochen. Die Unterstützung für die Initiative ""Keine 10-Millionen-Schweiz!» fällt geringer aus als jene für die Zuwanderungsinitiative im Jahr 2020. Die Abstimmenden von #gemeinde_d hatten damals mit 60,3 Prozent Ja gestimmt."
883,55,55,45,"Seftigen BE","Mit 55 Prozent Ja-Stimmen hat eine Mehrheit der Stimmberechtigten in Seftigen der Initiative ""Keine 10-Millionen-Schweiz"" zugestimmt. Mit diesem Ergebnis wechselt #gemeinde_d ins Ja-Lager. Im Jahr 2020 hatte die Gemeinde die Zuwanderungsinitiative noch mit 50 Prozent der Stimmen abgelehnt."
884,46.1,46.1,53.9,"Toffen BE","53,9 Prozent der Stimmbürgerinnen und Stimmbürger von Toffen sprechen sich gegen die Initiative ""Keine 10-Millionen-Schweiz"" aus. Die Ablehnung der Initiative fällt jedoch geringer aus als zur Zuwanderungsinitiative im Jahr 2020. Die Abstimmenden von #gemeinde_d hatten damals mit 56,1 Prozent Nein gestimmt."
885,53.2,53.2,46.8,"Uttigen BE","Die Initiative ""Keine 10-Millionen-Schweiz"" erreicht in Uttigen 53,2 Prozent Ja-Stimmen. Mit diesem Ergebnis wechselt #gemeinde_d ins Ja-Lager. Im Jahr 2020 hatte die Gemeinde die Zuwanderungsinitiative noch mit 54,8 Prozent der Stimmen abgelehnt."
886,28.2,28.2,71.8,"Wattenwil BE","71,8 Prozent der Stimmbürgerinnen und Stimmbürger von Wattenwil sprechen sich gegen die Initiative ""Keine 10-Millionen-Schweiz"" aus. In den vergangenen fünf Jahren hat die Gemeinde somit bei der Frage der Zuwanderung das Lager gewechselt. #gemeinde_d hatte die Zuwanderungsinitiative im Jahr 2020 mit 47,1 Prozent abgelehnt."
888,6.8,6.8,93.2,"Wald BE","In Wald BE ist die Initiative ""Keine 10-Millionen-Schweiz"" mit 93,2 Prozent der Stimmen gescheitert. In den vergangenen fünf Jahren hat die Gemeinde somit bei der Frage der Zuwanderung das Lager gewechselt. #gemeinde_d hatte die Zuwanderungsinitiative im Jahr 2020 mit 49,6 Prozent abgelehnt."
889,73.7,73.7,26.3,"Thurnen BE","73,7 Prozent der Stimmbürgerinnen und Stimmbürger von Thurnen haben sich für die Initiative ""Keine 10-Millionen-Schweiz"" ausgesprochen. Mit diesem Ergebnis wechselt #gemeinde_d ins Ja-Lager. Im Jahr 2020 hatte die Gemeinde die Zuwanderungsinitiative noch mit 57,8 Prozent der Stimmen abgelehnt."
901,0.5,0.5,99.5,"Eggiwil BE","In Eggiwil wird die Initiative ""Keine 10-Millionen-Schweiz"" mit 99,5 Prozent abgelehnt. In den vergangenen fünf Jahren hat die Gemeinde somit bei der Frage der Zuwanderung das Lager gewechselt. #gemeinde_d hatte die Zuwanderungsinitiative im Jahr 2020 mit 29,9 Prozent abgelehnt."
902,1.8,1.8,98.2,"Langnau im Emmental BE","In Langnau im Emmental findet die Initiative ""Keine 10-Millionen-Schweiz"" mit 98,2 Prozent keine Mehrheit. Die Ablehnung der Initiative ""Keine 10-Millionen-Schweiz!» ist stärker als jene zur Zuwanderungsinitiative im Jahr 2020. Der Nein-Anteil in #gemeinde_d lag damals bei 59,9 Prozent."
903,69.6,69.6,30.4,"Lauperswil BE","69,6 Prozent der Stimmbürgerinnen und Stimmbürger von Lauperswil haben sich für die Initiative ""Keine 10-Millionen-Schweiz"" ausgesprochen. Die Unterstützung für die Initiative ""Keine 10-Millionen-Schweiz!» hat in #gemeinde_d gegenüber der Zuwanderungsinitiative im Jahr 2020 zugenommen. Bei jener Abstimmung hatten 59,1 Prozent der Abstimmenden der Gemeinde die Vorlage angenommen."
904,47.1,47.1,52.9,"Röthenbach im Emmental BE","In Röthenbach im Emmental ist die Initiative ""Keine 10-Millionen-Schweiz"" mit 52,9 Prozent der Stimmen gescheitert. In den vergangenen fünf Jahren hat die Gemeinde somit bei der Frage der Zuwanderung das Lager gewechselt. #gemeinde_d hatte die Zuwanderungsinitiative im Jahr 2020 mit 25,7 Prozent abgelehnt."
905,73.3,73.3,26.7,"Rüderswil BE","Mit 73,3 Prozent Ja-Stimmen hat eine Mehrheit der Stimmberechtigten in Rüderswil der Initiative ""Keine 10-Millionen-Schweiz"" zugestimmt. Die Unterstützung für die Initiative ""Keine 10-Millionen-Schweiz!» hat in #gemeinde_d gegenüber der Zuwanderungsinitiative im Jahr 2020 zugenommen. Bei jener Abstimmung hatten 57,9 Prozent der Abstimmenden der Gemeinde die Vorlage angenommen."
906,68.1,68.1,31.9,"Schangnau BE","Mit 68,1 Prozent Ja-Stimmen hat eine Mehrheit der Stimmberechtigten in Schangnau der Initiative ""Keine 10-Millionen-Schweiz"" zugestimmt. Die Unterstützung für die Initiative ""Keine 10-Millionen-Schweiz!» fällt geringer aus als jene für die Zuwanderungsinitiative im Jahr 2020. Die Abstimmenden von #gemeinde_d hatten damals mit 78,3 Prozent Ja gestimmt."
907,68.6,68.6,31.4,"Signau BE","Mit 68,6 Prozent befürworten die Stimmberechtigten von Signau die Initiative ""Keine 10-Millionen-Schweiz"". Die Unterstützung für die Initiative ""Keine 10-Millionen-Schweiz!» hat in #gemeinde_d gegenüber der Zuwanderungsinitiative im Jahr 2020 zugenommen. Bei jener Abstimmung hatten 56,6 Prozent der Abstimmenden der Gemeinde die Vorlage angenommen."
908,30.3,30.3,69.7,"Trub BE","In Trub wird die Initiative ""Keine 10-Millionen-Schweiz"" mit 69,7 Prozent abgelehnt. In den vergangenen fünf Jahren hat die Gemeinde somit bei der Frage der Zuwanderung das Lager gewechselt. #gemeinde_d hatte die Zuwanderungsinitiative im Jahr 2020 mit 39,1 Prozent abgelehnt."
909,17.5,17.5,82.5,"Trubschachen BE","In Trubschachen findet die Initiative ""Keine 10-Millionen-Schweiz"" mit 82,5 Prozent keine Mehrheit. In den vergangenen fünf Jahren hat die Gemeinde somit bei der Frage der Zuwanderung das Lager gewechselt. #gemeinde_d hatte die Zuwanderungsinitiative im Jahr 2020 mit 48 Prozent abgelehnt."
921,52.9,52.9,47.1,"Amsoldingen BE","Mit 52,9 Prozent befürworten die Stimmberechtigten von Amsoldingen die Initiative ""Keine 10-Millionen-Schweiz"". Mit diesem Ergebnis wechselt #gemeinde_d ins Ja-Lager. Im Jahr 2020 hatte die Gemeinde die Zuwanderungsinitiative noch mit 53,1 Prozent der Stimmen abgelehnt."
922,76.3,76.3,23.7,"Blumenstein BE","Mit 76,3 Prozent befürworten die Stimmberechtigten von Blumenstein die Initiative ""Keine 10-Millionen-Schweiz"". Die Unterstützung für die Initiative ""Keine 10-Millionen-Schweiz!» hat in #gemeinde_d gegenüber der Zuwanderungsinitiative im Jahr 2020 zugenommen. Bei jener Abstimmung hatten 63,8 Prozent der Abstimmenden der Gemeinde die Vorlage angenommen."
923,49.6,49.6,50.4,"Buchholterberg BE","Die Initiative ""Keine 10-Millionen-Schweiz"" erreicht in Buchholterberg 50,4 Prozent Nein-Stimmen. In den vergangenen fünf Jahren hat die Gemeinde somit bei der Frage der Zuwanderung das Lager gewechselt. #gemeinde_d hatte die Zuwanderungsinitiative im Jahr 2020 mit 29 Prozent abgelehnt."
924,95.5,95.5,4.5,"Eriz BE","Eriz hat die Initiative ""Keine 10-Millionen-Schweiz"" angenommen; der Ja-Stimmen-Anteil liegt bei 95,5 Prozent. Die Unterstützung für die Initiative ""Keine 10-Millionen-Schweiz!» hat in #gemeinde_d gegenüber der Zuwanderungsinitiative im Jahr 2020 zugenommen. Bei jener Abstimmung hatten 74,4 Prozent der Abstimmenden der Gemeinde die Vorlage angenommen."
925,66.8,66.8,33.2,"Fahrni BE","Fahrni hat die Initiative ""Keine 10-Millionen-Schweiz"" angenommen; der Ja-Stimmen-Anteil liegt bei 66,8 Prozent. Die Unterstützung für die Initiative ""Keine 10-Millionen-Schweiz!» hat in #gemeinde_d gegenüber der Zuwanderungsinitiative im Jahr 2020 zugenommen. Bei jener Abstimmung hatten 60,1 Prozent der Abstimmenden der Gemeinde die Vorlage angenommen."
927,13,13,87,"Heiligenschwendi BE","87 Prozent der Stimmbürgerinnen und Stimmbürger von Heiligenschwendi sprechen sich gegen die Initiative ""Keine 10-Millionen-Schweiz"" aus. In den vergangenen fünf Jahren hat die Gemeinde somit bei der Frage der Zuwanderung das Lager gewechselt. #gemeinde_d hatte die Zuwanderungsinitiative im Jahr 2020 mit 49,4 Prozent abgelehnt."
928,71.2,71.2,28.8,"Heimberg BE","Mit 71,2 Prozent Ja-Stimmen hat eine Mehrheit der Stimmberechtigten in Heimberg der Initiative ""Keine 10-Millionen-Schweiz"" zugestimmt. Mit diesem Ergebnis wechselt #gemeinde_d ins Ja-Lager. Im Jahr 2020 hatte die Gemeinde die Zuwanderungsinitiative noch mit 51,9 Prozent der Stimmen abgelehnt."
929,10.1,10.1,89.9,"Hilterfingen BE","In Hilterfingen findet die Initiative ""Keine 10-Millionen-Schweiz"" mit 89,9 Prozent keine Mehrheit. Die Ablehnung der Initiative ""Keine 10-Millionen-Schweiz!» ist stärker als jene zur Zuwanderungsinitiative im Jahr 2020. Der Nein-Anteil in #gemeinde_d lag damals bei 64,8 Prozent."
931,32.9,32.9,67.1,"Homberg BE","In Homberg wird die Initiative ""Keine 10-Millionen-Schweiz"" mit 67,1 Prozent abgelehnt. In den vergangenen fünf Jahren hat die Gemeinde somit bei der Frage der Zuwanderung das Lager gewechselt. #gemeinde_d hatte die Zuwanderungsinitiative im Jahr 2020 mit 32,8 Prozent abgelehnt."
932,30.1,30.1,69.9,"Horrenbach-Buchen BE","In Horrenbach-Buchen findet die Initiative ""Keine 10-Millionen-Schweiz"" mit 69,9 Prozent keine Mehrheit. In den vergangenen fünf Jahren hat die Gemeinde somit bei der Frage der Zuwanderung das Lager gewechselt. #gemeinde_d hatte die Zuwanderungsinitiative im Jahr 2020 mit 23,3 Prozent abgelehnt."
934,15.4,15.4,84.6,"Oberhofen am Thunersee BE","In Oberhofen am Thunersee ist die Initiative ""Keine 10-Millionen-Schweiz"" mit 84,6 Prozent der Stimmen gescheitert. Die Ablehnung der Initiative ""Keine 10-Millionen-Schweiz!» ist stärker als jene zur Zuwanderungsinitiative im Jahr 2020. Der Nein-Anteil in #gemeinde_d lag damals bei 61,7 Prozent."
935,46.2,46.2,53.8,"Oberlangenegg BE","53,8 Prozent der Stimmbürgerinnen und Stimmbürger von Oberlangenegg sprechen sich gegen die Initiative ""Keine 10-Millionen-Schweiz"" aus. In den vergangenen fünf Jahren hat die Gemeinde somit bei der Frage der Zuwanderung das Lager gewechselt. #gemeinde_d hatte die Zuwanderungsinitiative im Jahr 2020 mit 24 Prozent abgelehnt."
936,7.3,7.3,92.7,"Pohlern BE","Die Initiative ""Keine 10-Millionen-Schweiz"" erreicht in Pohlern 92,7 Prozent Nein-Stimmen. In den vergangenen fünf Jahren hat die Gemeinde somit bei der Frage der Zuwanderung das Lager gewechselt. #gemeinde_d hatte die Zuwanderungsinitiative im Jahr 2020 mit 25,4 Prozent abgelehnt."
938,89,89,11,"Sigriswil BE","89 Prozent der Stimmbürgerinnen und Stimmbürger von Sigriswil haben sich für die Initiative ""Keine 10-Millionen-Schweiz"" ausgesprochen. Die Unterstützung für die Initiative ""Keine 10-Millionen-Schweiz!» hat in #gemeinde_d gegenüber der Zuwanderungsinitiative im Jahr 2020 zugenommen. Bei jener Abstimmung hatten 57,8 Prozent der Abstimmenden der Gemeinde die Vorlage angenommen."
939,62.7,62.7,37.3,"Steffisburg BE","Steffisburg hat die Initiative ""Keine 10-Millionen-Schweiz"" angenommen; der Ja-Stimmen-Anteil liegt bei 62,7 Prozent. Mit diesem Ergebnis wechselt #gemeinde_d ins Ja-Lager. Im Jahr 2020 hatte die Gemeinde die Zuwanderungsinitiative noch mit 59,6 Prozent der Stimmen abgelehnt."
940,32.7,32.7,67.3,"Teuffenthal BE","Die Initiative ""Keine 10-Millionen-Schweiz"" erreicht in Teuffenthal BE 67,3 Prozent Nein-Stimmen. In den vergangenen fünf Jahren hat die Gemeinde somit bei der Frage der Zuwanderung das Lager gewechselt. #gemeinde_d hatte die Zuwanderungsinitiative im Jahr 2020 mit 21,5 Prozent abgelehnt."
941,67.4,67.4,32.6,"Thierachern BE","67,4 Prozent der Stimmbürgerinnen und Stimmbürger von Thierachern haben sich für die Initiative ""Keine 10-Millionen-Schweiz"" ausgesprochen. Mit diesem Ergebnis wechselt #gemeinde_d ins Ja-Lager. Im Jahr 2020 hatte die Gemeinde die Zuwanderungsinitiative noch mit 51,1 Prozent der Stimmen abgelehnt."
942,29.8,29.8,70.2,"Thun BE","70,2 Prozent der Stimmbürgerinnen und Stimmbürger von Thun sprechen sich gegen die Initiative ""Keine 10-Millionen-Schweiz"" aus. Die Ablehnung der Initiative ""Keine 10-Millionen-Schweiz!» ist stärker als jene zur Zuwanderungsinitiative im Jahr 2020. Der Nein-Anteil in #gemeinde_d lag damals bei 62,4 Prozent."
943,19.9,19.9,80.1,"Uebeschi BE","Die Initiative ""Keine 10-Millionen-Schweiz"" erreicht in Uebeschi 80,1 Prozent Nein-Stimmen. In den vergangenen fünf Jahren hat die Gemeinde somit bei der Frage der Zuwanderung das Lager gewechselt. #gemeinde_d hatte die Zuwanderungsinitiative im Jahr 2020 mit 39,6 Prozent abgelehnt."
944,66.5,66.5,33.5,"Uetendorf BE","Mit 66,5 Prozent Ja-Stimmen hat eine Mehrheit der Stimmberechtigten in Uetendorf der Initiative ""Keine 10-Millionen-Schweiz"" zugestimmt. Die Unterstützung für die Initiative ""Keine 10-Millionen-Schweiz!» hat in #gemeinde_d gegenüber der Zuwanderungsinitiative im Jahr 2020 zugenommen. Bei jener Abstimmung hatten 53,9 Prozent der Abstimmenden der Gemeinde die Vorlage angenommen."
945,64.3,64.3,35.7,"Unterlangenegg BE","Unterlangenegg hat die Initiative ""Keine 10-Millionen-Schweiz"" angenommen; der Ja-Stimmen-Anteil liegt bei 64,3 Prozent. Die Meinungen zur Zuwanderungsfrage bleiben in #gemeinde_d somit stabil. Im Jahr 2020 hatte die Gemeinde bereits mit 64,6 Prozent Ja der Zuwanderungsinitiative zugestimmt."
946,74.1,74.1,25.9,"Wachseldorn BE","In Wachseldorn erhält die Initiative ""Keine 10-Millionen-Schweiz"" 74,1 Prozent Zustimmung. Die Unterstützung für die Initiative ""Keine 10-Millionen-Schweiz!» fällt geringer aus als jene für die Zuwanderungsinitiative im Jahr 2020. Die Abstimmenden von #gemeinde_d hatten damals mit 82,1 Prozent Ja gestimmt."
948,5.4,5.4,94.6,"Forst-Längenbühl BE","In Forst-Längenbühl ist die Initiative ""Keine 10-Millionen-Schweiz"" mit 94,6 Prozent der Stimmen gescheitert. In den vergangenen fünf Jahren hat die Gemeinde somit bei der Frage der Zuwanderung das Lager gewechselt. #gemeinde_d hatte die Zuwanderungsinitiative im Jahr 2020 mit 42,4 Prozent abgelehnt."
951,42.8,42.8,57.2,"Affoltern im Emmental BE","57,2 Prozent der Stimmbürgerinnen und Stimmbürger von Affoltern im Emmental sprechen sich gegen die Initiative ""Keine 10-Millionen-Schweiz"" aus. In den vergangenen fünf Jahren hat die Gemeinde somit bei der Frage der Zuwanderung das Lager gewechselt. #gemeinde_d hatte die Zuwanderungsinitiative im Jahr 2020 mit 36,6 Prozent abgelehnt."
952,72.3,72.3,27.7,"Dürrenroth BE","Mit 72,3 Prozent befürworten die Stimmberechtigten von Dürrenroth die Initiative ""Keine 10-Millionen-Schweiz"". Die Unterstützung für die Initiative ""Keine 10-Millionen-Schweiz!» hat in #gemeinde_d gegenüber der Zuwanderungsinitiative im Jahr 2020 zugenommen. Bei jener Abstimmung hatten 62,4 Prozent der Abstimmenden der Gemeinde die Vorlage angenommen."
953,49.1,49.1,50.9,"Eriswil BE","In Eriswil ist die Initiative ""Keine 10-Millionen-Schweiz"" mit 50,9 Prozent der Stimmen gescheitert. In den vergangenen fünf Jahren hat die Gemeinde somit bei der Frage der Zuwanderung das Lager gewechselt. #gemeinde_d hatte die Zuwanderungsinitiative im Jahr 2020 mit 37,9 Prozent abgelehnt."
954,20.2,20.2,79.8,"Huttwil BE","Die Initiative ""Keine 10-Millionen-Schweiz"" erreicht in Huttwil 79,8 Prozent Nein-Stimmen. In den vergangenen fünf Jahren hat die Gemeinde somit bei der Frage der Zuwanderung das Lager gewechselt. #gemeinde_d hatte die Zuwanderungsinitiative im Jahr 2020 mit 49,1 Prozent abgelehnt."
955,55.7,55.7,44.3,"Lützelflüh BE","55,7 Prozent der Stimmbürgerinnen und Stimmbürger von Lützelflüh haben sich für die Initiative ""Keine 10-Millionen-Schweiz"" ausgesprochen. Die Unterstützung für die Initiative ""Keine 10-Millionen-Schweiz!» hat in #gemeinde_d gegenüber der Zuwanderungsinitiative im Jahr 2020 zugenommen. Bei jener Abstimmung hatten 51,9 Prozent der Abstimmenden der Gemeinde die Vorlage angenommen."
956,40.2,40.2,59.8,"Rüegsau BE","In Rüegsau findet die Initiative ""Keine 10-Millionen-Schweiz"" mit 59,8 Prozent keine Mehrheit. In den vergangenen fünf Jahren hat die Gemeinde somit bei der Frage der Zuwanderung das Lager gewechselt. #gemeinde_d hatte die Zuwanderungsinitiative im Jahr 2020 mit 47,9 Prozent abgelehnt."
957,7.8,7.8,92.2,"Sumiswald BE","92,2 Prozent der Stimmbürgerinnen und Stimmbürger von Sumiswald sprechen sich gegen die Initiative ""Keine 10-Millionen-Schweiz"" aus. In den vergangenen fünf Jahren hat die Gemeinde somit bei der Frage der Zuwanderung das Lager gewechselt. #gemeinde_d hatte die Zuwanderungsinitiative im Jahr 2020 mit 48 Prozent abgelehnt."
958,55.3,55.3,44.7,"Trachselwald BE","Mit 55,3 Prozent Ja-Stimmen hat eine Mehrheit der Stimmberechtigten in Trachselwald der Initiative ""Keine 10-Millionen-Schweiz"" zugestimmt. Die Unterstützung für die Initiative ""Keine 10-Millionen-Schweiz!» fällt geringer aus als jene für die Zuwanderungsinitiative im Jahr 2020. Die Abstimmenden von #gemeinde_d hatten damals mit 60,5 Prozent Ja gestimmt."
959,30.4,30.4,69.6,"Walterswil BE","In Walterswil BE findet die Initiative ""Keine 10-Millionen-Schweiz"" mit 69,6 Prozent keine Mehrheit. In den vergangenen fünf Jahren hat die Gemeinde somit bei der Frage der Zuwanderung das Lager gewechselt. #gemeinde_d hatte die Zuwanderungsinitiative im Jahr 2020 mit 38,3 Prozent abgelehnt."
960,78,78,22,"Wyssachen BE","Mit 78 Prozent Ja-Stimmen hat eine Mehrheit der Stimmberechtigten in Wyssachen der Initiative ""Keine 10-Millionen-Schweiz"" zugestimmt. Die Unterstützung für die Initiative ""Keine 10-Millionen-Schweiz!» hat in #gemeinde_d gegenüber der Zuwanderungsinitiative im Jahr 2020 zugenommen. Bei jener Abstimmung hatten 61,6 Prozent der Abstimmenden der Gemeinde die Vorlage angenommen."
971,8.3,8.3,91.7,"Attiswil BE","In Attiswil findet die Initiative ""Keine 10-Millionen-Schweiz"" mit 91,7 Prozent keine Mehrheit. In den vergangenen fünf Jahren hat die Gemeinde somit bei der Frage der Zuwanderung das Lager gewechselt. #gemeinde_d hatte die Zuwanderungsinitiative im Jahr 2020 mit 46,1 Prozent abgelehnt."
972,33.3,33.3,66.7,"Berken BE","In Berken wird die Initiative ""Keine 10-Millionen-Schweiz"" mit 66,7 Prozent abgelehnt. In den vergangenen fünf Jahren hat die Gemeinde somit bei der Frage der Zuwanderung das Lager gewechselt. #gemeinde_d hatte die Zuwanderungsinitiative im Jahr 2020 mit 26,7 Prozent abgelehnt."
973,31.2,31.2,68.8,"Bettenhausen BE","Die Initiative ""Keine 10-Millionen-Schweiz"" erreicht in Bettenhausen 68,8 Prozent Nein-Stimmen. In den vergangenen fünf Jahren hat die Gemeinde somit bei der Frage der Zuwanderung das Lager gewechselt. #gemeinde_d hatte die Zuwanderungsinitiative im Jahr 2020 mit 47,3 Prozent abgelehnt."
975,55.5,55.5,44.5,"Farnern BE","Mit 55,5 Prozent Ja-Stimmen hat eine Mehrheit der Stimmberechtigten in Farnern der Initiative ""Keine 10-Millionen-Schweiz"" zugestimmt. Die Meinungen zur Zuwanderungsfrage bleiben in #gemeinde_d somit stabil. Im Jahr 2020 hatte die Gemeinde bereits mit 56,1 Prozent Ja der Zuwanderungsinitiative zugestimmt."
976,14.5,14.5,85.5,"Graben BE","85,5 Prozent der Stimmbürgerinnen und Stimmbürger von Graben sprechen sich gegen die Initiative ""Keine 10-Millionen-Schweiz"" aus. In den vergangenen fünf Jahren hat die Gemeinde somit bei der Frage der Zuwanderung das Lager gewechselt. #gemeinde_d hatte die Zuwanderungsinitiative im Jahr 2020 mit 40,5 Prozent abgelehnt."
977,98.7,98.7,1.3,"Heimenhausen BE","Mit 98,7 Prozent Ja-Stimmen hat eine Mehrheit der Stimmberechtigten in Heimenhausen der Initiative ""Keine 10-Millionen-Schweiz"" zugestimmt. Die Unterstützung für die Initiative ""Keine 10-Millionen-Schweiz!» hat in #gemeinde_d gegenüber der Zuwanderungsinitiative im Jahr 2020 zugenommen. Bei jener Abstimmung hatten 52 Prozent der Abstimmenden der Gemeinde die Vorlage angenommen."
979,6,6,94,"Herzogenbuchsee BE","In Herzogenbuchsee findet die Initiative ""Keine 10-Millionen-Schweiz"" mit 94 Prozent keine Mehrheit. Die Ablehnung der Initiative ""Keine 10-Millionen-Schweiz!» ist stärker als jene zur Zuwanderungsinitiative im Jahr 2020. Der Nein-Anteil in #gemeinde_d lag damals bei 63,1 Prozent."
980,65.8,65.8,34.2,"Inkwil BE","Die Initiative ""Keine 10-Millionen-Schweiz"" erreicht in Inkwil 65,8 Prozent Ja-Stimmen. Die Unterstützung für die Initiative ""Keine 10-Millionen-Schweiz!» hat in #gemeinde_d gegenüber der Zuwanderungsinitiative im Jahr 2020 zugenommen. Bei jener Abstimmung hatten 55,3 Prozent der Abstimmenden der Gemeinde die Vorlage angenommen."
981,58.6,58.6,41.4,"Niederbipp BE","Mit 58,6 Prozent befürworten die Stimmberechtigten von Niederbipp die Initiative ""Keine 10-Millionen-Schweiz"". Die Unterstützung für die Initiative ""Keine 10-Millionen-Schweiz!» hat in #gemeinde_d gegenüber der Zuwanderungsinitiative im Jahr 2020 zugenommen. Bei jener Abstimmung hatten 52,7 Prozent der Abstimmenden der Gemeinde die Vorlage angenommen."
982,50.9,50.9,49.1,"Niederönz BE","Niederönz hat die Initiative ""Keine 10-Millionen-Schweiz"" angenommen; der Ja-Stimmen-Anteil liegt bei 50,9 Prozent. Mit diesem Ergebnis wechselt #gemeinde_d ins Ja-Lager. Im Jahr 2020 hatte die Gemeinde die Zuwanderungsinitiative noch mit 56,7 Prozent der Stimmen abgelehnt."
983,7.6,7.6,92.4,"Oberbipp BE","In Oberbipp ist die Initiative ""Keine 10-Millionen-Schweiz"" mit 92,4 Prozent der Stimmen gescheitert. In den vergangenen fünf Jahren hat die Gemeinde somit bei der Frage der Zuwanderung das Lager gewechselt. #gemeinde_d hatte die Zuwanderungsinitiative im Jahr 2020 mit 47,7 Prozent abgelehnt."
985,15.4,15.4,84.6,"Ochlenberg BE","In Ochlenberg ist die Initiative ""Keine 10-Millionen-Schweiz"" mit 84,6 Prozent der Stimmen gescheitert. In den vergangenen fünf Jahren hat die Gemeinde somit bei der Frage der Zuwanderung das Lager gewechselt. #gemeinde_d hatte die Zuwanderungsinitiative im Jahr 2020 mit 44,2 Prozent abgelehnt."
987,1.8,1.8,98.2,"Rumisberg BE","98,2 Prozent der Stimmbürgerinnen und Stimmbürger von Rumisberg sprechen sich gegen die Initiative ""Keine 10-Millionen-Schweiz"" aus. In den vergangenen fünf Jahren hat die Gemeinde somit bei der Frage der Zuwanderung das Lager gewechselt. #gemeinde_d hatte die Zuwanderungsinitiative im Jahr 2020 mit 38,6 Prozent abgelehnt."
988,2.1,2.1,97.9,"Seeberg BE","Die Initiative ""Keine 10-Millionen-Schweiz"" erreicht in Seeberg 97,9 Prozent Nein-Stimmen. In den vergangenen fünf Jahren hat die Gemeinde somit bei der Frage der Zuwanderung das Lager gewechselt. #gemeinde_d hatte die Zuwanderungsinitiative im Jahr 2020 mit 49,5 Prozent abgelehnt."
989,53.1,53.1,46.9,"Thörigen BE","Mit 53,1 Prozent Ja-Stimmen hat eine Mehrheit der Stimmberechtigten in Thörigen der Initiative ""Keine 10-Millionen-Schweiz"" zugestimmt. Die Meinungen zur Zuwanderungsfrage bleiben in #gemeinde_d somit stabil. Im Jahr 2020 hatte die Gemeinde bereits mit 53,7 Prozent Ja der Zuwanderungsinitiative zugestimmt."
990,48.1,48.1,51.9,"Walliswil bei Niederbipp BE","51,9 Prozent der Stimmbürgerinnen und Stimmbürger von Walliswil bei Niederbipp sprechen sich gegen die Initiative ""Keine 10-Millionen-Schweiz"" aus. In den vergangenen fünf Jahren hat die Gemeinde somit bei der Frage der Zuwanderung das Lager gewechselt. #gemeinde_d hatte die Zuwanderungsinitiative im Jahr 2020 mit 42 Prozent abgelehnt."
991,43.5,43.5,56.5,"Walliswil bei Wangen BE","56,5 Prozent der Stimmbürgerinnen und Stimmbürger von Walliswil bei Wangen sprechen sich gegen die Initiative ""Keine 10-Millionen-Schweiz"" aus. In den vergangenen fünf Jahren hat die Gemeinde somit bei der Frage der Zuwanderung das Lager gewechselt. #gemeinde_d hatte die Zuwanderungsinitiative im Jahr 2020 mit 37 Prozent abgelehnt."
992,45.7,45.7,54.3,"Wangen an der Aare BE","54,3 Prozent der Stimmbürgerinnen und Stimmbürger von Wangen an der Aare sprechen sich gegen die Initiative ""Keine 10-Millionen-Schweiz"" aus. Die Ablehnung der Initiative ""Keine 10-Millionen-Schweiz!» ist stärker als jene zur Zuwanderungsinitiative im Jahr 2020. Der Nein-Anteil in #gemeinde_d lag damals bei 52,1 Prozent."
995,54.3,54.3,45.7,"Wiedlisbach BE","In Wiedlisbach erhält die Initiative ""Keine 10-Millionen-Schweiz"" 54,3 Prozent Zustimmung. Mit diesem Ergebnis wechselt #gemeinde_d ins Ja-Lager. Im Jahr 2020 hatte die Gemeinde die Zuwanderungsinitiative noch mit 50,4 Prozent der Stimmen abgelehnt."
1001,66.8,66.8,33.2,"Doppleschwand LU","In Doppleschwand erhält die Initiative ""Keine 10-Millionen-Schweiz"" 66,8 Prozent Zustimmung. Die Unterstützung für die Initiative ""Keine 10-Millionen-Schweiz!» hat in #gemeinde_d gegenüber der Zuwanderungsinitiative im Jahr 2020 zugenommen. Bei jener Abstimmung hatten 60,3 Prozent der Abstimmenden der Gemeinde die Vorlage angenommen."
1002,47.6,47.6,52.4,"Entlebuch LU","Die Initiative ""Keine 10-Millionen-Schweiz"" erreicht in Entlebuch 52,4 Prozent Nein-Stimmen. In den vergangenen fünf Jahren hat die Gemeinde somit bei der Frage der Zuwanderung das Lager gewechselt. #gemeinde_d hatte die Zuwanderungsinitiative im Jahr 2020 mit 39,7 Prozent abgelehnt."
1004,34.1,34.1,65.9,"Flühli LU","Die Initiative ""Keine 10-Millionen-Schweiz"" erreicht in Flühli 65,9 Prozent Nein-Stimmen. In den vergangenen fünf Jahren hat die Gemeinde somit bei der Frage der Zuwanderung das Lager gewechselt. #gemeinde_d hatte die Zuwanderungsinitiative im Jahr 2020 mit 37,8 Prozent abgelehnt."
1005,5.3,5.3,94.7,"Hasle LU","In Hasle LU wird die Initiative ""Keine 10-Millionen-Schweiz"" mit 94,7 Prozent abgelehnt. In den vergangenen fünf Jahren hat die Gemeinde somit bei der Frage der Zuwanderung das Lager gewechselt. #gemeinde_d hatte die Zuwanderungsinitiative im Jahr 2020 mit 36,2 Prozent abgelehnt."
1007,51.8,51.8,48.2,"Romoos LU","Mit 51,8 Prozent Ja-Stimmen hat eine Mehrheit der Stimmberechtigten in Romoos der Initiative ""Keine 10-Millionen-Schweiz"" zugestimmt. Die Unterstützung für die Initiative ""Keine 10-Millionen-Schweiz!» fällt geringer aus als jene für die Zuwanderungsinitiative im Jahr 2020. Die Abstimmenden von #gemeinde_d hatten damals mit 63,7 Prozent Ja gestimmt."
1008,55,55,45,"Schüpfheim LU","Mit 55 Prozent Ja-Stimmen hat eine Mehrheit der Stimmberechtigten in Schüpfheim der Initiative ""Keine 10-Millionen-Schweiz"" zugestimmt. Mit diesem Ergebnis wechselt #gemeinde_d ins Ja-Lager. Im Jahr 2020 hatte die Gemeinde die Zuwanderungsinitiative noch mit 51,3 Prozent der Stimmen abgelehnt."
1009,39,39,61,"Werthenstein LU","Die Initiative ""Keine 10-Millionen-Schweiz"" erreicht in Werthenstein 61 Prozent Nein-Stimmen. In den vergangenen fünf Jahren hat die Gemeinde somit bei der Frage der Zuwanderung das Lager gewechselt. #gemeinde_d hatte die Zuwanderungsinitiative im Jahr 2020 mit 38,4 Prozent abgelehnt."
1010,52.8,52.8,47.2,"Escholzmatt-Marbach LU","Mit 52,8 Prozent Ja-Stimmen hat eine Mehrheit der Stimmberechtigten in Escholzmatt-Marbach der Initiative ""Keine 10-Millionen-Schweiz"" zugestimmt. Die Unterstützung für die Initiative ""Keine 10-Millionen-Schweiz!» fällt geringer aus als jene für die Zuwanderungsinitiative im Jahr 2020. Die Abstimmenden von #gemeinde_d hatten damals mit 60,7 Prozent Ja gestimmt."
1021,38.3,38.3,61.7,"Aesch LU","In Aesch LU findet die Initiative ""Keine 10-Millionen-Schweiz"" mit 61,7 Prozent keine Mehrheit. In den vergangenen fünf Jahren hat die Gemeinde somit bei der Frage der Zuwanderung das Lager gewechselt. #gemeinde_d hatte die Zuwanderungsinitiative im Jahr 2020 mit 47,4 Prozent abgelehnt."
1023,34,34,66,"Ballwil LU","In Ballwil findet die Initiative ""Keine 10-Millionen-Schweiz"" mit 66 Prozent keine Mehrheit. Die Ablehnung der Initiative ""Keine 10-Millionen-Schweiz!» ist stärker als jene zur Zuwanderungsinitiative im Jahr 2020. Der Nein-Anteil in #gemeinde_d lag damals bei 51,6 Prozent."
1024,18.9,18.9,81.1,"Emmen LU","81,1 Prozent der Stimmbürgerinnen und Stimmbürger von Emmen sprechen sich gegen die Initiative ""Keine 10-Millionen-Schweiz"" aus. Die Ablehnung der Initiative ""Keine 10-Millionen-Schweiz!» ist stärker als jene zur Zuwanderungsinitiative im Jahr 2020. Der Nein-Anteil in #gemeinde_d lag damals bei 55,6 Prozent."
1025,2.1,2.1,97.9,"Ermensee LU","Die Initiative ""Keine 10-Millionen-Schweiz"" erreicht in Ermensee 97,9 Prozent Nein-Stimmen. Die Ablehnung der Initiative ""Keine 10-Millionen-Schweiz!» ist stärker als jene zur Zuwanderungsinitiative im Jahr 2020. Der Nein-Anteil in #gemeinde_d lag damals bei 51,3 Prozent."
1026,75.9,75.9,24.1,"Eschenbach LU","Mit 75,9 Prozent Ja-Stimmen hat eine Mehrheit der Stimmberechtigten in Eschenbach LU der Initiative ""Keine 10-Millionen-Schweiz"" zugestimmt. Mit diesem Ergebnis wechselt #gemeinde_d ins Ja-Lager. Im Jahr 2020 hatte die Gemeinde die Zuwanderungsinitiative noch mit 57,9 Prozent der Stimmen abgelehnt."
1030,57.5,57.5,42.5,"Hitzkirch LU","Hitzkirch hat die Initiative ""Keine 10-Millionen-Schweiz"" angenommen; der Ja-Stimmen-Anteil liegt bei 57,5 Prozent. Mit diesem Ergebnis wechselt #gemeinde_d ins Ja-Lager. Im Jahr 2020 hatte die Gemeinde die Zuwanderungsinitiative noch mit 54,8 Prozent der Stimmen abgelehnt."
1031,78.2,78.2,21.8,"Hochdorf LU","Mit 78,2 Prozent befürworten die Stimmberechtigten von Hochdorf die Initiative ""Keine 10-Millionen-Schweiz"". Mit diesem Ergebnis wechselt #gemeinde_d ins Ja-Lager. Im Jahr 2020 hatte die Gemeinde die Zuwanderungsinitiative noch mit 61,5 Prozent der Stimmen abgelehnt."
1032,47.7,47.7,52.3,"Hohenrain LU","In Hohenrain findet die Initiative ""Keine 10-Millionen-Schweiz"" mit 52,3 Prozent keine Mehrheit. In den vergangenen fünf Jahren hat die Gemeinde somit bei der Frage der Zuwanderung das Lager gewechselt. #gemeinde_d hatte die Zuwanderungsinitiative im Jahr 2020 mit 49,6 Prozent abgelehnt."
1033,50,50,50,"Inwil LU","Die Initiative ""Keine 10-Millionen-Schweiz"" erreicht in Inwil 50 Prozent Ja-Stimmen. Mit diesem Ergebnis wechselt #gemeinde_d ins Ja-Lager. Im Jahr 2020 hatte die Gemeinde die Zuwanderungsinitiative noch mit 54,2 Prozent der Stimmen abgelehnt."
1037,27.8,27.8,72.2,"Rain LU","In Rain ist die Initiative ""Keine 10-Millionen-Schweiz"" mit 72,2 Prozent der Stimmen gescheitert. Die Ablehnung der Initiative ""Keine 10-Millionen-Schweiz!» ist stärker als jene zur Zuwanderungsinitiative im Jahr 2020. Der Nein-Anteil in #gemeinde_d lag damals bei 56,1 Prozent."
1039,59.7,59.7,40.3,"Römerswil LU","Mit 59,7 Prozent befürworten die Stimmberechtigten von Römerswil die Initiative ""Keine 10-Millionen-Schweiz"". Die Unterstützung für die Initiative ""Keine 10-Millionen-Schweiz!» hat in #gemeinde_d gegenüber der Zuwanderungsinitiative im Jahr 2020 zugenommen. Bei jener Abstimmung hatten 54,2 Prozent der Abstimmenden der Gemeinde die Vorlage angenommen."
1040,52.7,52.7,47.3,"Rothenburg LU","In Rothenburg erhält die Initiative ""Keine 10-Millionen-Schweiz"" 52,7 Prozent Zustimmung. Mit diesem Ergebnis wechselt #gemeinde_d ins Ja-Lager. Im Jahr 2020 hatte die Gemeinde die Zuwanderungsinitiative noch mit 61,7 Prozent der Stimmen abgelehnt."
1041,61.5,61.5,38.5,"Schongau LU","Schongau hat die Initiative ""Keine 10-Millionen-Schweiz"" angenommen; der Ja-Stimmen-Anteil liegt bei 61,5 Prozent. Die Unterstützung für die Initiative ""Keine 10-Millionen-Schweiz!» hat in #gemeinde_d gegenüber der Zuwanderungsinitiative im Jahr 2020 zugenommen. Bei jener Abstimmung hatten 55,7 Prozent der Abstimmenden der Gemeinde die Vorlage angenommen."
1051,48.9,48.9,51.1,"Adligenswil LU","51,1 Prozent der Stimmbürgerinnen und Stimmbürger von Adligenswil sprechen sich gegen die Initiative ""Keine 10-Millionen-Schweiz"" aus. Die Ablehnung der Initiative fällt jedoch geringer aus als zur Zuwanderungsinitiative im Jahr 2020. Die Abstimmenden von #gemeinde_d hatten damals mit 66,3 Prozent Nein gestimmt."
1052,79.1,79.1,20.9,"Buchrain LU","Mit 79,1 Prozent Ja-Stimmen hat eine Mehrheit der Stimmberechtigten in Buchrain der Initiative ""Keine 10-Millionen-Schweiz"" zugestimmt. Mit diesem Ergebnis wechselt #gemeinde_d ins Ja-Lager. Im Jahr 2020 hatte die Gemeinde die Zuwanderungsinitiative noch mit 62,1 Prozent der Stimmen abgelehnt."
1053,32.8,32.8,67.2,"Dierikon LU","Die Initiative ""Keine 10-Millionen-Schweiz"" erreicht in Dierikon 67,2 Prozent Nein-Stimmen. Die Ablehnung der Initiative ""Keine 10-Millionen-Schweiz!» ist stärker als jene zur Zuwanderungsinitiative im Jahr 2020. Der Nein-Anteil in #gemeinde_d lag damals bei 54,3 Prozent."
1054,55.2,55.2,44.8,"Ebikon LU","Mit 55,2 Prozent Ja-Stimmen hat eine Mehrheit der Stimmberechtigten in Ebikon der Initiative ""Keine 10-Millionen-Schweiz"" zugestimmt. Mit diesem Ergebnis wechselt #gemeinde_d ins Ja-Lager. Im Jahr 2020 hatte die Gemeinde die Zuwanderungsinitiative noch mit 60,7 Prozent der Stimmen abgelehnt."
1055,34.4,34.4,65.6,"Gisikon LU","65,6 Prozent der Stimmbürgerinnen und Stimmbürger von Gisikon sprechen sich gegen die Initiative ""Keine 10-Millionen-Schweiz"" aus. In den vergangenen fünf Jahren hat die Gemeinde somit bei der Frage der Zuwanderung das Lager gewechselt. #gemeinde_d hatte die Zuwanderungsinitiative im Jahr 2020 mit 49,5 Prozent abgelehnt."
1056,23.6,23.6,76.4,"Greppen LU","76,4 Prozent der Stimmbürgerinnen und Stimmbürger von Greppen sprechen sich gegen die Initiative ""Keine 10-Millionen-Schweiz"" aus. Die Ablehnung der Initiative ""Keine 10-Millionen-Schweiz!» ist stärker als jene zur Zuwanderungsinitiative im Jahr 2020. Der Nein-Anteil in #gemeinde_d lag damals bei 59,7 Prozent."
1058,37.8,37.8,62.2,"Horw LU","62,2 Prozent der Stimmbürgerinnen und Stimmbürger von Horw sprechen sich gegen die Initiative ""Keine 10-Millionen-Schweiz"" aus. Die Ablehnung der Initiative fällt jedoch geringer aus als zur Zuwanderungsinitiative im Jahr 2020. Die Abstimmenden von #gemeinde_d hatten damals mit 64,7 Prozent Nein gestimmt."
1059,10.7,10.7,89.3,"Kriens LU","89,3 Prozent der Stimmbürgerinnen und Stimmbürger von Kriens sprechen sich gegen die Initiative ""Keine 10-Millionen-Schweiz"" aus. Die Ablehnung der Initiative ""Keine 10-Millionen-Schweiz!» ist stärker als jene zur Zuwanderungsinitiative im Jahr 2020. Der Nein-Anteil in #gemeinde_d lag damals bei 63 Prozent."
1061,32,32,68,"Luzern LU","Die Initiative ""Keine 10-Millionen-Schweiz"" erreicht in Luzern 68 Prozent Nein-Stimmen. Die Ablehnung der Initiative fällt jedoch geringer aus als zur Zuwanderungsinitiative im Jahr 2020. Die Abstimmenden von #gemeinde_d hatten damals mit 73,8 Prozent Nein gestimmt."
1062,58.1,58.1,41.9,"Malters LU","Malters hat die Initiative ""Keine 10-Millionen-Schweiz"" angenommen; der Ja-Stimmen-Anteil liegt bei 58,1 Prozent. Mit diesem Ergebnis wechselt #gemeinde_d ins Ja-Lager. Im Jahr 2020 hatte die Gemeinde die Zuwanderungsinitiative noch mit 56,7 Prozent der Stimmen abgelehnt."
1063,67.3,67.3,32.7,"Meggen LU","Meggen hat die Initiative ""Keine 10-Millionen-Schweiz"" angenommen; der Ja-Stimmen-Anteil liegt bei 67,3 Prozent. Mit diesem Ergebnis wechselt #gemeinde_d ins Ja-Lager. Im Jahr 2020 hatte die Gemeinde die Zuwanderungsinitiative noch mit 64,5 Prozent der Stimmen abgelehnt."
1064,80.1,80.1,19.9,"Meierskappel LU","80,1 Prozent der Stimmbürgerinnen und Stimmbürger von Meierskappel haben sich für die Initiative ""Keine 10-Millionen-Schweiz"" ausgesprochen. Mit diesem Ergebnis wechselt #gemeinde_d ins Ja-Lager. Im Jahr 2020 hatte die Gemeinde die Zuwanderungsinitiative noch mit 52,9 Prozent der Stimmen abgelehnt."
1065,49.1,49.1,50.9,"Root LU","In Root wird die Initiative ""Keine 10-Millionen-Schweiz"" mit 50,9 Prozent abgelehnt. Die Ablehnung der Initiative fällt jedoch geringer aus als zur Zuwanderungsinitiative im Jahr 2020. Die Abstimmenden von #gemeinde_d hatten damals mit 57,8 Prozent Nein gestimmt."
1066,49,49,51,"Schwarzenberg LU","In Schwarzenberg wird die Initiative ""Keine 10-Millionen-Schweiz"" mit 51 Prozent abgelehnt. In den vergangenen fünf Jahren hat die Gemeinde somit bei der Frage der Zuwanderung das Lager gewechselt. #gemeinde_d hatte die Zuwanderungsinitiative im Jahr 2020 mit 45,7 Prozent abgelehnt."
1067,12.4,12.4,87.6,"Udligenswil LU","In Udligenswil wird die Initiative ""Keine 10-Millionen-Schweiz"" mit 87,6 Prozent abgelehnt. Die Ablehnung der Initiative ""Keine 10-Millionen-Schweiz!» ist stärker als jene zur Zuwanderungsinitiative im Jahr 2020. Der Nein-Anteil in #gemeinde_d lag damals bei 58,9 Prozent."
1068,28.3,28.3,71.7,"Vitznau LU","In Vitznau ist die Initiative ""Keine 10-Millionen-Schweiz"" mit 71,7 Prozent der Stimmen gescheitert. Die Ablehnung der Initiative ""Keine 10-Millionen-Schweiz!» ist stärker als jene zur Zuwanderungsinitiative im Jahr 2020. Der Nein-Anteil in #gemeinde_d lag damals bei 54,4 Prozent."
1069,54.9,54.9,45.1,"Weggis LU","In Weggis erhält die Initiative ""Keine 10-Millionen-Schweiz"" 54,9 Prozent Zustimmung. Mit diesem Ergebnis wechselt #gemeinde_d ins Ja-Lager. Im Jahr 2020 hatte die Gemeinde die Zuwanderungsinitiative noch mit 58 Prozent der Stimmen abgelehnt."
1081,32.5,32.5,67.5,"Beromünster LU","In Beromünster wird die Initiative ""Keine 10-Millionen-Schweiz"" mit 67,5 Prozent abgelehnt. Die Ablehnung der Initiative ""Keine 10-Millionen-Schweiz!» ist stärker als jene zur Zuwanderungsinitiative im Jahr 2020. Der Nein-Anteil in #gemeinde_d lag damals bei 56 Prozent."
1082,71.8,71.8,28.2,"Büron LU","71,8 Prozent der Stimmbürgerinnen und Stimmbürger von Büron haben sich für die Initiative ""Keine 10-Millionen-Schweiz"" ausgesprochen. Mit diesem Ergebnis wechselt #gemeinde_d ins Ja-Lager. Im Jahr 2020 hatte die Gemeinde die Zuwanderungsinitiative noch mit 53,3 Prozent der Stimmen abgelehnt."
1083,94.1,94.1,5.9,"Buttisholz LU","Die Initiative ""Keine 10-Millionen-Schweiz"" erreicht in Buttisholz 94,1 Prozent Ja-Stimmen. Mit diesem Ergebnis wechselt #gemeinde_d ins Ja-Lager. Im Jahr 2020 hatte die Gemeinde die Zuwanderungsinitiative noch mit 52,3 Prozent der Stimmen abgelehnt."
1084,57.7,57.7,42.3,"Eich LU","Die Initiative ""Keine 10-Millionen-Schweiz"" erreicht in Eich 57,7 Prozent Ja-Stimmen. Mit diesem Ergebnis wechselt #gemeinde_d ins Ja-Lager. Im Jahr 2020 hatte die Gemeinde die Zuwanderungsinitiative noch mit 53,1 Prozent der Stimmen abgelehnt."
1085,88.9,88.9,11.1,"Geuensee LU","88,9 Prozent der Stimmbürgerinnen und Stimmbürger von Geuensee haben sich für die Initiative ""Keine 10-Millionen-Schweiz"" ausgesprochen. Mit diesem Ergebnis wechselt #gemeinde_d ins Ja-Lager. Im Jahr 2020 hatte die Gemeinde die Zuwanderungsinitiative noch mit 55,9 Prozent der Stimmen abgelehnt."
1086,9.9,9.9,90.1,"Grosswangen LU","90,1 Prozent der Stimmbürgerinnen und Stimmbürger von Grosswangen sprechen sich gegen die Initiative ""Keine 10-Millionen-Schweiz"" aus. Die Ablehnung der Initiative ""Keine 10-Millionen-Schweiz!» ist stärker als jene zur Zuwanderungsinitiative im Jahr 2020. Der Nein-Anteil in #gemeinde_d lag damals bei 51,8 Prozent."
1088,63.8,63.8,36.2,"Hildisrieden LU","63,8 Prozent der Stimmbürgerinnen und Stimmbürger von Hildisrieden haben sich für die Initiative ""Keine 10-Millionen-Schweiz"" ausgesprochen. Mit diesem Ergebnis wechselt #gemeinde_d ins Ja-Lager. Im Jahr 2020 hatte die Gemeinde die Zuwanderungsinitiative noch mit 58,1 Prozent der Stimmen abgelehnt."
1089,54,54,46,"Knutwil LU","Mit 54 Prozent Ja-Stimmen hat eine Mehrheit der Stimmberechtigten in Knutwil der Initiative ""Keine 10-Millionen-Schweiz"" zugestimmt. Mit diesem Ergebnis wechselt #gemeinde_d ins Ja-Lager. Im Jahr 2020 hatte die Gemeinde die Zuwanderungsinitiative noch mit 56,5 Prozent der Stimmen abgelehnt."
1091,86.7,86.7,13.3,"Mauensee LU","Mit 86,7 Prozent befürworten die Stimmberechtigten von Mauensee die Initiative ""Keine 10-Millionen-Schweiz"". Mit diesem Ergebnis wechselt #gemeinde_d ins Ja-Lager. Im Jahr 2020 hatte die Gemeinde die Zuwanderungsinitiative noch mit 63,4 Prozent der Stimmen abgelehnt."
1093,87.7,87.7,12.3,"Neuenkirch LU","Neuenkirch hat die Initiative ""Keine 10-Millionen-Schweiz"" angenommen; der Ja-Stimmen-Anteil liegt bei 87,7 Prozent. Mit diesem Ergebnis wechselt #gemeinde_d ins Ja-Lager. Im Jahr 2020 hatte die Gemeinde die Zuwanderungsinitiative noch mit 57,5 Prozent der Stimmen abgelehnt."
1094,4.7,4.7,95.3,"Nottwil LU","95,3 Prozent der Stimmbürgerinnen und Stimmbürger von Nottwil sprechen sich gegen die Initiative ""Keine 10-Millionen-Schweiz"" aus. Die Ablehnung der Initiative ""Keine 10-Millionen-Schweiz!» ist stärker als jene zur Zuwanderungsinitiative im Jahr 2020. Der Nein-Anteil in #gemeinde_d lag damals bei 57,9 Prozent."
1095,18.6,18.6,81.4,"Oberkirch LU","In Oberkirch findet die Initiative ""Keine 10-Millionen-Schweiz"" mit 81,4 Prozent keine Mehrheit. Die Ablehnung der Initiative ""Keine 10-Millionen-Schweiz!» ist stärker als jene zur Zuwanderungsinitiative im Jahr 2020. Der Nein-Anteil in #gemeinde_d lag damals bei 68 Prozent."
1097,17.6,17.6,82.4,"Rickenbach LU","82,4 Prozent der Stimmbürgerinnen und Stimmbürger von Rickenbach LU sprechen sich gegen die Initiative ""Keine 10-Millionen-Schweiz"" aus. In den vergangenen fünf Jahren hat die Gemeinde somit bei der Frage der Zuwanderung das Lager gewechselt. #gemeinde_d hatte die Zuwanderungsinitiative im Jahr 2020 mit 47,6 Prozent abgelehnt."
1098,10.9,10.9,89.1,"Ruswil LU","In Ruswil findet die Initiative ""Keine 10-Millionen-Schweiz"" mit 89,1 Prozent keine Mehrheit. Die Ablehnung der Initiative ""Keine 10-Millionen-Schweiz!» ist stärker als jene zur Zuwanderungsinitiative im Jahr 2020. Der Nein-Anteil in #gemeinde_d lag damals bei 53,8 Prozent."
1099,25.6,25.6,74.4,"Schenkon LU","In Schenkon findet die Initiative ""Keine 10-Millionen-Schweiz"" mit 74,4 Prozent keine Mehrheit. Die Ablehnung der Initiative ""Keine 10-Millionen-Schweiz!» ist stärker als jene zur Zuwanderungsinitiative im Jahr 2020. Der Nein-Anteil in #gemeinde_d lag damals bei 58,5 Prozent."
1100,95.5,95.5,4.5,"Schlierbach LU","Mit 95,5 Prozent befürworten die Stimmberechtigten von Schlierbach die Initiative ""Keine 10-Millionen-Schweiz"". Mit diesem Ergebnis wechselt #gemeinde_d ins Ja-Lager. Im Jahr 2020 hatte die Gemeinde die Zuwanderungsinitiative noch mit 54,8 Prozent der Stimmen abgelehnt."
1102,81.9,81.9,18.1,"Sempach LU","Sempach hat die Initiative ""Keine 10-Millionen-Schweiz"" angenommen; der Ja-Stimmen-Anteil liegt bei 81,9 Prozent. Mit diesem Ergebnis wechselt #gemeinde_d ins Ja-Lager. Im Jahr 2020 hatte die Gemeinde die Zuwanderungsinitiative noch mit 68,9 Prozent der Stimmen abgelehnt."
1103,27.6,27.6,72.4,"Sursee LU","In Sursee wird die Initiative ""Keine 10-Millionen-Schweiz"" mit 72,4 Prozent abgelehnt. Die Ablehnung der Initiative ""Keine 10-Millionen-Schweiz!» ist stärker als jene zur Zuwanderungsinitiative im Jahr 2020. Der Nein-Anteil in #gemeinde_d lag damals bei 68,5 Prozent."
1104,22.5,22.5,77.5,"Triengen LU","77,5 Prozent der Stimmbürgerinnen und Stimmbürger von Triengen sprechen sich gegen die Initiative ""Keine 10-Millionen-Schweiz"" aus. Die Ablehnung der Initiative ""Keine 10-Millionen-Schweiz!» ist stärker als jene zur Zuwanderungsinitiative im Jahr 2020. Der Nein-Anteil in #gemeinde_d lag damals bei 50,7 Prozent."
1107,95.6,95.6,4.4,"Wolhusen LU","Mit 95,6 Prozent Ja-Stimmen hat eine Mehrheit der Stimmberechtigten in Wolhusen der Initiative ""Keine 10-Millionen-Schweiz"" zugestimmt. Die Unterstützung für die Initiative ""Keine 10-Millionen-Schweiz!» hat in #gemeinde_d gegenüber der Zuwanderungsinitiative im Jahr 2020 zugenommen. Bei jener Abstimmung hatten 50,4 Prozent der Abstimmenden der Gemeinde die Vorlage angenommen."
1121,23.4,23.4,76.6,"Alberswil LU","In Alberswil ist die Initiative ""Keine 10-Millionen-Schweiz"" mit 76,6 Prozent der Stimmen gescheitert. Die Ablehnung der Initiative ""Keine 10-Millionen-Schweiz!» ist stärker als jene zur Zuwanderungsinitiative im Jahr 2020. Der Nein-Anteil in #gemeinde_d lag damals bei 52,6 Prozent."
1122,45.3,45.3,54.7,"Altbüron LU","In Altbüron wird die Initiative ""Keine 10-Millionen-Schweiz"" mit 54,7 Prozent abgelehnt. Die Ablehnung der Initiative ""Keine 10-Millionen-Schweiz!» ist stärker als jene zur Zuwanderungsinitiative im Jahr 2020. Der Nein-Anteil in #gemeinde_d lag damals bei 52,2 Prozent."
1123,72.6,72.6,27.4,"Altishofen LU","Mit 72,6 Prozent Ja-Stimmen hat eine Mehrheit der Stimmberechtigten in Altishofen der Initiative ""Keine 10-Millionen-Schweiz"" zugestimmt. Mit diesem Ergebnis wechselt #gemeinde_d ins Ja-Lager. Im Jahr 2020 hatte die Gemeinde die Zuwanderungsinitiative noch mit 54,2 Prozent der Stimmen abgelehnt."
1125,61.1,61.1,38.9,"Dagmersellen LU","In Dagmersellen erhält die Initiative ""Keine 10-Millionen-Schweiz"" 61,1 Prozent Zustimmung. Mit diesem Ergebnis wechselt #gemeinde_d ins Ja-Lager. Im Jahr 2020 hatte die Gemeinde die Zuwanderungsinitiative noch mit 50,8 Prozent der Stimmen abgelehnt."
1127,73.2,73.2,26.8,"Egolzwil LU","Egolzwil hat die Initiative ""Keine 10-Millionen-Schweiz"" angenommen; der Ja-Stimmen-Anteil liegt bei 73,2 Prozent. Mit diesem Ergebnis wechselt #gemeinde_d ins Ja-Lager. Im Jahr 2020 hatte die Gemeinde die Zuwanderungsinitiative noch mit 54,8 Prozent der Stimmen abgelehnt."
1128,56.2,56.2,43.8,"Ettiswil LU","56,2 Prozent der Stimmbürgerinnen und Stimmbürger von Ettiswil haben sich für die Initiative ""Keine 10-Millionen-Schweiz"" ausgesprochen. Mit diesem Ergebnis wechselt #gemeinde_d ins Ja-Lager. Im Jahr 2020 hatte die Gemeinde die Zuwanderungsinitiative noch mit 51 Prozent der Stimmen abgelehnt."
1129,60.1,60.1,39.9,"Fischbach LU","Mit 60,1 Prozent Ja-Stimmen hat eine Mehrheit der Stimmberechtigten in Fischbach der Initiative ""Keine 10-Millionen-Schweiz"" zugestimmt. Die Unterstützung für die Initiative ""Keine 10-Millionen-Schweiz!» fällt geringer aus als jene für die Zuwanderungsinitiative im Jahr 2020. Die Abstimmenden von #gemeinde_d hatten damals mit 63,7 Prozent Ja gestimmt."
1131,48,48,52,"Grossdietwil LU","In Grossdietwil wird die Initiative ""Keine 10-Millionen-Schweiz"" mit 52 Prozent abgelehnt. Die Ablehnung der Initiative fällt jedoch geringer aus als zur Zuwanderungsinitiative im Jahr 2020. Die Abstimmenden von #gemeinde_d hatten damals mit 56,2 Prozent Nein gestimmt."
1132,89.8,89.8,10.2,"Hergiswil bei Willisau LU","89,8 Prozent der Stimmbürgerinnen und Stimmbürger von Hergiswil bei Willisau haben sich für die Initiative ""Keine 10-Millionen-Schweiz"" ausgesprochen. Die Unterstützung für die Initiative ""Keine 10-Millionen-Schweiz!» hat in #gemeinde_d gegenüber der Zuwanderungsinitiative im Jahr 2020 zugenommen. Bei jener Abstimmung hatten 60,4 Prozent der Abstimmenden der Gemeinde die Vorlage angenommen."
1135,93.4,93.4,6.6,"Luthern LU","93,4 Prozent der Stimmbürgerinnen und Stimmbürger von Luthern haben sich für die Initiative ""Keine 10-Millionen-Schweiz"" ausgesprochen. Die Unterstützung für die Initiative ""Keine 10-Millionen-Schweiz!» hat in #gemeinde_d gegenüber der Zuwanderungsinitiative im Jahr 2020 zugenommen. Bei jener Abstimmung hatten 60,7 Prozent der Abstimmenden der Gemeinde die Vorlage angenommen."
1136,91,91,9,"Menznau LU","91 Prozent der Stimmbürgerinnen und Stimmbürger von Menznau haben sich für die Initiative ""Keine 10-Millionen-Schweiz"" ausgesprochen. Die Unterstützung für die Initiative ""Keine 10-Millionen-Schweiz!» hat in #gemeinde_d gegenüber der Zuwanderungsinitiative im Jahr 2020 zugenommen. Bei jener Abstimmung hatten 56,3 Prozent der Abstimmenden der Gemeinde die Vorlage angenommen."
1137,94,94,6,"Nebikon LU","Die Initiative ""Keine 10-Millionen-Schweiz"" erreicht in Nebikon 94 Prozent Ja-Stimmen. Mit diesem Ergebnis wechselt #gemeinde_d ins Ja-Lager. Im Jahr 2020 hatte die Gemeinde die Zuwanderungsinitiative noch mit 55,2 Prozent der Stimmen abgelehnt."
1139,32.7,32.7,67.3,"Pfaffnau LU","In Pfaffnau ist die Initiative ""Keine 10-Millionen-Schweiz"" mit 67,3 Prozent der Stimmen gescheitert. Die Ablehnung der Initiative ""Keine 10-Millionen-Schweiz!» ist stärker als jene zur Zuwanderungsinitiative im Jahr 2020. Der Nein-Anteil in #gemeinde_d lag damals bei 50,5 Prozent."
1140,33.8,33.8,66.2,"Reiden LU","Die Initiative ""Keine 10-Millionen-Schweiz"" erreicht in Reiden 66,2 Prozent Nein-Stimmen. Die Ablehnung der Initiative ""Keine 10-Millionen-Schweiz!» ist stärker als jene zur Zuwanderungsinitiative im Jahr 2020. Der Nein-Anteil in #gemeinde_d lag damals bei 51,7 Prozent."
1142,74.1,74.1,25.9,"Roggliswil LU","Mit 74,1 Prozent Ja-Stimmen hat eine Mehrheit der Stimmberechtigten in Roggliswil der Initiative ""Keine 10-Millionen-Schweiz"" zugestimmt. Die Unterstützung für die Initiative ""Keine 10-Millionen-Schweiz!» hat in #gemeinde_d gegenüber der Zuwanderungsinitiative im Jahr 2020 zugenommen. Bei jener Abstimmung hatten 53,9 Prozent der Abstimmenden der Gemeinde die Vorlage angenommen."
1143,12.3,12.3,87.7,"Schötz LU","Die Initiative ""Keine 10-Millionen-Schweiz"" erreicht in Schötz 87,7 Prozent Nein-Stimmen. Die Ablehnung der Initiative ""Keine 10-Millionen-Schweiz!» ist stärker als jene zur Zuwanderungsinitiative im Jahr 2020. Der Nein-Anteil in #gemeinde_d lag damals bei 53,6 Prozent."
1145,44.3,44.3,55.7,"Ufhusen LU","Die Initiative ""Keine 10-Millionen-Schweiz"" erreicht in Ufhusen 55,7 Prozent Nein-Stimmen. In den vergangenen fünf Jahren hat die Gemeinde somit bei der Frage der Zuwanderung das Lager gewechselt. #gemeinde_d hatte die Zuwanderungsinitiative im Jahr 2020 mit 43,3 Prozent abgelehnt."
1146,50.8,50.8,49.2,"Wauwil LU","In Wauwil erhält die Initiative ""Keine 10-Millionen-Schweiz"" 50,8 Prozent Zustimmung. Mit diesem Ergebnis wechselt #gemeinde_d ins Ja-Lager. Im Jahr 2020 hatte die Gemeinde die Zuwanderungsinitiative noch mit 52,1 Prozent der Stimmen abgelehnt."
1147,20.2,20.2,79.8,"Wikon LU","79,8 Prozent der Stimmbürgerinnen und Stimmbürger von Wikon sprechen sich gegen die Initiative ""Keine 10-Millionen-Schweiz"" aus. Die Ablehnung der Initiative ""Keine 10-Millionen-Schweiz!» ist stärker als jene zur Zuwanderungsinitiative im Jahr 2020. Der Nein-Anteil in #gemeinde_d lag damals bei 50,6 Prozent."
1150,70.2,70.2,29.8,"Zell LU","Mit 70,2 Prozent Ja-Stimmen hat eine Mehrheit der Stimmberechtigten in Zell LU der Initiative ""Keine 10-Millionen-Schweiz"" zugestimmt. Die Unterstützung für die Initiative ""Keine 10-Millionen-Schweiz!» hat in #gemeinde_d gegenüber der Zuwanderungsinitiative im Jahr 2020 zugenommen. Bei jener Abstimmung hatten 55,2 Prozent der Abstimmenden der Gemeinde die Vorlage angenommen."
1151,41.6,41.6,58.4,"Willisau LU","58,4 Prozent der Stimmbürgerinnen und Stimmbürger von Willisau sprechen sich gegen die Initiative ""Keine 10-Millionen-Schweiz"" aus. Die Ablehnung der Initiative ""Keine 10-Millionen-Schweiz!» ist stärker als jene zur Zuwanderungsinitiative im Jahr 2020. Der Nein-Anteil in #gemeinde_d lag damals bei 53,5 Prozent."
1201,35.5,35.5,64.5,"Altdorf UR","64,5 Prozent der Stimmbürgerinnen und Stimmbürger von Altdorf UR sprechen sich gegen die Initiative ""Keine 10-Millionen-Schweiz"" aus. Das Ergebnis hat sich im Vergleich zur Abstimmung über die Zuwanderungsinitiative im Jahr 2020 kaum verändert. #gemeinde_d hatte damals mit 63,9 Prozent Nein gestimmt."
1202,62.8,62.8,37.2,"Andermatt UR","Mit 62,8 Prozent befürworten die Stimmberechtigten von Andermatt die Initiative ""Keine 10-Millionen-Schweiz"". Mit diesem Ergebnis wechselt #gemeinde_d ins Ja-Lager. Im Jahr 2020 hatte die Gemeinde die Zuwanderungsinitiative noch mit 59,4 Prozent der Stimmen abgelehnt."
1203,65.7,65.7,34.3,"Attinghausen UR","Mit 65,7 Prozent Ja-Stimmen hat eine Mehrheit der Stimmberechtigten in Attinghausen der Initiative ""Keine 10-Millionen-Schweiz"" zugestimmt. Die Unterstützung für die Initiative ""Keine 10-Millionen-Schweiz!» hat in #gemeinde_d gegenüber der Zuwanderungsinitiative im Jahr 2020 zugenommen. Bei jener Abstimmung hatten 59,4 Prozent der Abstimmenden der Gemeinde die Vorlage angenommen."
1205,15.2,15.2,84.8,"Bürglen UR","Die Initiative ""Keine 10-Millionen-Schweiz"" erreicht in Bürglen UR 84,8 Prozent Nein-Stimmen. In den vergangenen fünf Jahren hat die Gemeinde somit bei der Frage der Zuwanderung das Lager gewechselt. #gemeinde_d hatte die Zuwanderungsinitiative im Jahr 2020 mit 45,2 Prozent abgelehnt."
1206,50.4,50.4,49.6,"Erstfeld UR","Die Initiative ""Keine 10-Millionen-Schweiz"" erreicht in Erstfeld 50,4 Prozent Ja-Stimmen. Die Meinungen zur Zuwanderungsfrage bleiben in #gemeinde_d somit stabil. Im Jahr 2020 hatte die Gemeinde bereits mit 51 Prozent Ja der Zuwanderungsinitiative zugestimmt."
1207,0.1,0.1,99.9,"Flüelen UR","Bei der Initiative ""Keine 10-Millionen-Schweiz"" liegt Flüelen landesweit vorn beim Nein-Anteil, mit 99,9 Prozent. Die Ablehnung der Initiative ""Keine 10-Millionen-Schweiz!» ist stärker als jene zur Zuwanderungsinitiative im Jahr 2020. Der Nein-Anteil in #gemeinde_d lag damals bei 50,3 Prozent."
1208,59.6,59.6,40.4,"Göschenen UR","In Göschenen erhält die Initiative ""Keine 10-Millionen-Schweiz"" 59,6 Prozent Zustimmung. Die Meinungen zur Zuwanderungsfrage bleiben in #gemeinde_d somit stabil. Im Jahr 2020 hatte die Gemeinde bereits mit 60,1 Prozent Ja der Zuwanderungsinitiative zugestimmt."
1209,37.4,37.4,62.6,"Gurtnellen UR","In Gurtnellen findet die Initiative ""Keine 10-Millionen-Schweiz"" mit 62,6 Prozent keine Mehrheit. In den vergangenen fünf Jahren hat die Gemeinde somit bei der Frage der Zuwanderung das Lager gewechselt. #gemeinde_d hatte die Zuwanderungsinitiative im Jahr 2020 mit 45,5 Prozent abgelehnt."
1210,63.3,63.3,36.7,"Hospental UR","Mit 63,3 Prozent Ja-Stimmen hat eine Mehrheit der Stimmberechtigten in Hospental der Initiative ""Keine 10-Millionen-Schweiz"" zugestimmt. Die Unterstützung für die Initiative ""Keine 10-Millionen-Schweiz!» hat in #gemeinde_d gegenüber der Zuwanderungsinitiative im Jahr 2020 zugenommen. Bei jener Abstimmung hatten 59,8 Prozent der Abstimmenden der Gemeinde die Vorlage angenommen."
1211,99,99,1,"Isenthal UR","In Isenthal erhält die Initiative ""Keine 10-Millionen-Schweiz"" 99 Prozent Zustimmung. Die Unterstützung für die Initiative ""Keine 10-Millionen-Schweiz!» hat in #gemeinde_d gegenüber der Zuwanderungsinitiative im Jahr 2020 zugenommen. Bei jener Abstimmung hatten 53,1 Prozent der Abstimmenden der Gemeinde die Vorlage angenommen."
1212,83.5,83.5,16.5,"Realp UR","Realp hat die Initiative ""Keine 10-Millionen-Schweiz"" angenommen; der Ja-Stimmen-Anteil liegt bei 83,5 Prozent. Mit diesem Ergebnis wechselt #gemeinde_d ins Ja-Lager. Im Jahr 2020 hatte die Gemeinde die Zuwanderungsinitiative noch mit 68,4 Prozent der Stimmen abgelehnt."
1213,85.5,85.5,14.5,"Schattdorf UR","Schattdorf hat die Initiative ""Keine 10-Millionen-Schweiz"" angenommen; der Ja-Stimmen-Anteil liegt bei 85,5 Prozent. Die Unterstützung für die Initiative ""Keine 10-Millionen-Schweiz!» hat in #gemeinde_d gegenüber der Zuwanderungsinitiative im Jahr 2020 zugenommen. Bei jener Abstimmung hatten 50,4 Prozent der Abstimmenden der Gemeinde die Vorlage angenommen."
1214,54.1,54.1,45.9,"Seedorf UR","Seedorf UR hat die Initiative ""Keine 10-Millionen-Schweiz"" angenommen; der Ja-Stimmen-Anteil liegt bei 54,1 Prozent. Die Meinungen zur Zuwanderungsfrage bleiben in #gemeinde_d somit stabil. Im Jahr 2020 hatte die Gemeinde bereits mit 53,8 Prozent Ja der Zuwanderungsinitiative zugestimmt."
1215,18.2,18.2,81.8,"Seelisberg UR","Die Initiative ""Keine 10-Millionen-Schweiz"" erreicht in Seelisberg 81,8 Prozent Nein-Stimmen. In den vergangenen fünf Jahren hat die Gemeinde somit bei der Frage der Zuwanderung das Lager gewechselt. #gemeinde_d hatte die Zuwanderungsinitiative im Jahr 2020 mit 42,5 Prozent abgelehnt."
1216,13.3,13.3,86.7,"Silenen UR","86,7 Prozent der Stimmbürgerinnen und Stimmbürger von Silenen sprechen sich gegen die Initiative ""Keine 10-Millionen-Schweiz"" aus. In den vergangenen fünf Jahren hat die Gemeinde somit bei der Frage der Zuwanderung das Lager gewechselt. #gemeinde_d hatte die Zuwanderungsinitiative im Jahr 2020 mit 41,8 Prozent abgelehnt."
1217,88.5,88.5,11.5,"Sisikon UR","In Sisikon erhält die Initiative ""Keine 10-Millionen-Schweiz"" 88,5 Prozent Zustimmung. Die Unterstützung für die Initiative ""Keine 10-Millionen-Schweiz!» hat in #gemeinde_d gegenüber der Zuwanderungsinitiative im Jahr 2020 zugenommen. Bei jener Abstimmung hatten 69,9 Prozent der Abstimmenden der Gemeinde die Vorlage angenommen."
1218,74.6,74.6,25.4,"Spiringen UR","Die Initiative ""Keine 10-Millionen-Schweiz"" erreicht in Spiringen 74,6 Prozent Ja-Stimmen. Die Unterstützung für die Initiative ""Keine 10-Millionen-Schweiz!» hat in #gemeinde_d gegenüber der Zuwanderungsinitiative im Jahr 2020 zugenommen. Bei jener Abstimmung hatten 72 Prozent der Abstimmenden der Gemeinde die Vorlage angenommen."
1219,13.6,13.6,86.4,"Unterschächen UR","In Unterschächen ist die Initiative ""Keine 10-Millionen-Schweiz"" mit 86,4 Prozent der Stimmen gescheitert. In den vergangenen fünf Jahren hat die Gemeinde somit bei der Frage der Zuwanderung das Lager gewechselt. #gemeinde_d hatte die Zuwanderungsinitiative im Jahr 2020 mit 25,5 Prozent abgelehnt."
1220,31.1,31.1,68.9,"Wassen UR","Die Initiative ""Keine 10-Millionen-Schweiz"" erreicht in Wassen 68,9 Prozent Nein-Stimmen. In den vergangenen fünf Jahren hat die Gemeinde somit bei der Frage der Zuwanderung das Lager gewechselt. #gemeinde_d hatte die Zuwanderungsinitiative im Jahr 2020 mit 31,5 Prozent abgelehnt."
1301,59.8,59.8,40.2,"Einsiedeln SZ","In Einsiedeln erhält die Initiative ""Keine 10-Millionen-Schweiz"" 59,8 Prozent Zustimmung. Die Unterstützung für die Initiative ""Keine 10-Millionen-Schweiz!» hat in #gemeinde_d gegenüber der Zuwanderungsinitiative im Jahr 2020 zugenommen. Bei jener Abstimmung hatten 55,4 Prozent der Abstimmenden der Gemeinde die Vorlage angenommen."
1311,3.4,3.4,96.6,"Gersau SZ","96,6 Prozent der Stimmbürgerinnen und Stimmbürger von Gersau sprechen sich gegen die Initiative ""Keine 10-Millionen-Schweiz"" aus. In den vergangenen fünf Jahren hat die Gemeinde somit bei der Frage der Zuwanderung das Lager gewechselt. #gemeinde_d hatte die Zuwanderungsinitiative im Jahr 2020 mit 48,1 Prozent abgelehnt."
1321,88.5,88.5,11.5,"Feusisberg SZ","Mit 88,5 Prozent Ja-Stimmen hat eine Mehrheit der Stimmberechtigten in Feusisberg der Initiative ""Keine 10-Millionen-Schweiz"" zugestimmt. Die Unterstützung für die Initiative ""Keine 10-Millionen-Schweiz!» hat in #gemeinde_d gegenüber der Zuwanderungsinitiative im Jahr 2020 zugenommen. Bei jener Abstimmung hatten 51,6 Prozent der Abstimmenden der Gemeinde die Vorlage angenommen."
1322,49.8,49.8,50.2,"Freienbach SZ","In Freienbach wird die Initiative ""Keine 10-Millionen-Schweiz"" mit 50,2 Prozent abgelehnt. Die Ablehnung der Initiative fällt jedoch geringer aus als zur Zuwanderungsinitiative im Jahr 2020. Die Abstimmenden von #gemeinde_d hatten damals mit 52,7 Prozent Nein gestimmt."
1323,47.3,47.3,52.7,"Wollerau SZ","52,7 Prozent der Stimmbürgerinnen und Stimmbürger von Wollerau sprechen sich gegen die Initiative ""Keine 10-Millionen-Schweiz"" aus. Das Ergebnis hat sich im Vergleich zur Abstimmung über die Zuwanderungsinitiative im Jahr 2020 kaum verändert. #gemeinde_d hatte damals mit 53,5 Prozent Nein gestimmt."
1331,53.2,53.2,46.8,"Küssnacht SZ","Mit 53,2 Prozent Ja-Stimmen hat eine Mehrheit der Stimmberechtigten in Küssnacht SZ der Initiative ""Keine 10-Millionen-Schweiz"" zugestimmt. Mit diesem Ergebnis wechselt #gemeinde_d ins Ja-Lager. Im Jahr 2020 hatte die Gemeinde die Zuwanderungsinitiative noch mit 57,3 Prozent der Stimmen abgelehnt."
1341,42.6,42.6,57.4,"Altendorf SZ","In Altendorf ist die Initiative ""Keine 10-Millionen-Schweiz"" mit 57,4 Prozent der Stimmen gescheitert. In den vergangenen fünf Jahren hat die Gemeinde somit bei der Frage der Zuwanderung das Lager gewechselt. #gemeinde_d hatte die Zuwanderungsinitiative im Jahr 2020 mit 49,3 Prozent abgelehnt."
1342,23,23,77,"Galgenen SZ","In Galgenen wird die Initiative ""Keine 10-Millionen-Schweiz"" mit 77 Prozent abgelehnt. In den vergangenen fünf Jahren hat die Gemeinde somit bei der Frage der Zuwanderung das Lager gewechselt. #gemeinde_d hatte die Zuwanderungsinitiative im Jahr 2020 mit 42,2 Prozent abgelehnt."
1343,38,38,62,"Innerthal SZ","Die Initiative ""Keine 10-Millionen-Schweiz"" erreicht in Innerthal 62 Prozent Nein-Stimmen. In den vergangenen fünf Jahren hat die Gemeinde somit bei der Frage der Zuwanderung das Lager gewechselt. #gemeinde_d hatte die Zuwanderungsinitiative im Jahr 2020 mit 40,4 Prozent abgelehnt."
1344,58.3,58.3,41.7,"Lachen SZ","Lachen hat die Initiative ""Keine 10-Millionen-Schweiz"" angenommen; der Ja-Stimmen-Anteil liegt bei 58,3 Prozent. Mit diesem Ergebnis wechselt #gemeinde_d ins Ja-Lager. Im Jahr 2020 hatte die Gemeinde die Zuwanderungsinitiative noch mit 57,4 Prozent der Stimmen abgelehnt."
1345,71.5,71.5,28.5,"Reichenburg SZ","Mit 71,5 Prozent befürworten die Stimmberechtigten von Reichenburg die Initiative ""Keine 10-Millionen-Schweiz"". Die Unterstützung für die Initiative ""Keine 10-Millionen-Schweiz!» hat in #gemeinde_d gegenüber der Zuwanderungsinitiative im Jahr 2020 zugenommen. Bei jener Abstimmung hatten 61,8 Prozent der Abstimmenden der Gemeinde die Vorlage angenommen."
1346,89.2,89.2,10.8,"Schübelbach SZ","89,2 Prozent der Stimmbürgerinnen und Stimmbürger von Schübelbach haben sich für die Initiative ""Keine 10-Millionen-Schweiz"" ausgesprochen. Die Unterstützung für die Initiative ""Keine 10-Millionen-Schweiz!» hat in #gemeinde_d gegenüber der Zuwanderungsinitiative im Jahr 2020 zugenommen. Bei jener Abstimmung hatten 57,7 Prozent der Abstimmenden der Gemeinde die Vorlage angenommen."
1347,5.8,5.8,94.2,"Tuggen SZ","94,2 Prozent der Stimmbürgerinnen und Stimmbürger von Tuggen sprechen sich gegen die Initiative ""Keine 10-Millionen-Schweiz"" aus. In den vergangenen fünf Jahren hat die Gemeinde somit bei der Frage der Zuwanderung das Lager gewechselt. #gemeinde_d hatte die Zuwanderungsinitiative im Jahr 2020 mit 37,7 Prozent abgelehnt."
1348,47,47,53,"Vorderthal SZ","53 Prozent der Stimmbürgerinnen und Stimmbürger von Vorderthal sprechen sich gegen die Initiative ""Keine 10-Millionen-Schweiz"" aus. In den vergangenen fünf Jahren hat die Gemeinde somit bei der Frage der Zuwanderung das Lager gewechselt. #gemeinde_d hatte die Zuwanderungsinitiative im Jahr 2020 mit 21,3 Prozent abgelehnt."
1349,49.5,49.5,50.5,"Wangen SZ","Die Initiative ""Keine 10-Millionen-Schweiz"" erreicht in Wangen SZ 50,5 Prozent Nein-Stimmen. In den vergangenen fünf Jahren hat die Gemeinde somit bei der Frage der Zuwanderung das Lager gewechselt. #gemeinde_d hatte die Zuwanderungsinitiative im Jahr 2020 mit 46 Prozent abgelehnt."
1361,90.9,90.9,9.1,"Alpthal SZ","Die Initiative ""Keine 10-Millionen-Schweiz"" erreicht in Alpthal 90,9 Prozent Ja-Stimmen. Die Unterstützung für die Initiative ""Keine 10-Millionen-Schweiz!» hat in #gemeinde_d gegenüber der Zuwanderungsinitiative im Jahr 2020 zugenommen. Bei jener Abstimmung hatten 83,6 Prozent der Abstimmenden der Gemeinde die Vorlage angenommen."
1362,42,42,58,"Arth SZ","In Arth findet die Initiative ""Keine 10-Millionen-Schweiz"" mit 58 Prozent keine Mehrheit. In den vergangenen fünf Jahren hat die Gemeinde somit bei der Frage der Zuwanderung das Lager gewechselt. #gemeinde_d hatte die Zuwanderungsinitiative im Jahr 2020 mit 48,8 Prozent abgelehnt."
1363,27.6,27.6,72.4,"Illgau SZ","In Illgau ist die Initiative ""Keine 10-Millionen-Schweiz"" mit 72,4 Prozent der Stimmen gescheitert. In den vergangenen fünf Jahren hat die Gemeinde somit bei der Frage der Zuwanderung das Lager gewechselt. #gemeinde_d hatte die Zuwanderungsinitiative im Jahr 2020 mit 34,9 Prozent abgelehnt."
1364,28.9,28.9,71.1,"Ingenbohl SZ","Die Initiative ""Keine 10-Millionen-Schweiz"" erreicht in Ingenbohl 71,1 Prozent Nein-Stimmen. Die Ablehnung der Initiative ""Keine 10-Millionen-Schweiz!» ist stärker als jene zur Zuwanderungsinitiative im Jahr 2020. Der Nein-Anteil in #gemeinde_d lag damals bei 53,1 Prozent."
1365,53.2,53.2,46.8,"Lauerz SZ","Die Initiative ""Keine 10-Millionen-Schweiz"" erreicht in Lauerz 53,2 Prozent Ja-Stimmen. Die Unterstützung für die Initiative ""Keine 10-Millionen-Schweiz!» fällt geringer aus als jene für die Zuwanderungsinitiative im Jahr 2020. Die Abstimmenden von #gemeinde_d hatten damals mit 65,6 Prozent Ja gestimmt."
1366,44.9,44.9,55.1,"Morschach SZ","In Morschach wird die Initiative ""Keine 10-Millionen-Schweiz"" mit 55,1 Prozent abgelehnt. In den vergangenen fünf Jahren hat die Gemeinde somit bei der Frage der Zuwanderung das Lager gewechselt. #gemeinde_d hatte die Zuwanderungsinitiative im Jahr 2020 mit 42,6 Prozent abgelehnt."
1367,34.8,34.8,65.2,"Muotathal SZ","65,2 Prozent der Stimmbürgerinnen und Stimmbürger von Muotathal sprechen sich gegen die Initiative ""Keine 10-Millionen-Schweiz"" aus. In den vergangenen fünf Jahren hat die Gemeinde somit bei der Frage der Zuwanderung das Lager gewechselt. #gemeinde_d hatte die Zuwanderungsinitiative im Jahr 2020 mit 24,1 Prozent abgelehnt."
1368,49.9,49.9,50.1,"Oberiberg SZ","Die Initiative ""Keine 10-Millionen-Schweiz"" erreicht in Oberiberg 50,1 Prozent Nein-Stimmen. In den vergangenen fünf Jahren hat die Gemeinde somit bei der Frage der Zuwanderung das Lager gewechselt. #gemeinde_d hatte die Zuwanderungsinitiative im Jahr 2020 mit 34,2 Prozent abgelehnt."
1369,34.7,34.7,65.3,"Riemenstalden SZ","In Riemenstalden wird die Initiative ""Keine 10-Millionen-Schweiz"" mit 65,3 Prozent abgelehnt. In den vergangenen fünf Jahren hat die Gemeinde somit bei der Frage der Zuwanderung das Lager gewechselt. #gemeinde_d hatte die Zuwanderungsinitiative im Jahr 2020 mit 28,6 Prozent abgelehnt."
1370,59.2,59.2,40.8,"Rothenthurm SZ","In Rothenthurm erhält die Initiative ""Keine 10-Millionen-Schweiz"" 59,2 Prozent Zustimmung. Die Unterstützung für die Initiative ""Keine 10-Millionen-Schweiz!» fällt geringer aus als jene für die Zuwanderungsinitiative im Jahr 2020. Die Abstimmenden von #gemeinde_d hatten damals mit 75,8 Prozent Ja gestimmt."
1371,54.9,54.9,45.1,"Sattel SZ","Mit 54,9 Prozent Ja-Stimmen hat eine Mehrheit der Stimmberechtigten in Sattel der Initiative ""Keine 10-Millionen-Schweiz"" zugestimmt. Die Unterstützung für die Initiative ""Keine 10-Millionen-Schweiz!» fällt geringer aus als jene für die Zuwanderungsinitiative im Jahr 2020. Die Abstimmenden von #gemeinde_d hatten damals mit 64,9 Prozent Ja gestimmt."
1372,60.1,60.1,39.9,"Schwyz SZ","In Schwyz erhält die Initiative ""Keine 10-Millionen-Schweiz"" 60,1 Prozent Zustimmung. Mit diesem Ergebnis wechselt #gemeinde_d ins Ja-Lager. Im Jahr 2020 hatte die Gemeinde die Zuwanderungsinitiative noch mit 51,1 Prozent der Stimmen abgelehnt."
1373,36.9,36.9,63.1,"Steinen SZ","In Steinen findet die Initiative ""Keine 10-Millionen-Schweiz"" mit 63,1 Prozent keine Mehrheit. In den vergangenen fünf Jahren hat die Gemeinde somit bei der Frage der Zuwanderung das Lager gewechselt. #gemeinde_d hatte die Zuwanderungsinitiative im Jahr 2020 mit 44,8 Prozent abgelehnt."
1374,47.8,47.8,52.2,"Steinerberg SZ","52,2 Prozent der Stimmbürgerinnen und Stimmbürger von Steinerberg sprechen sich gegen die Initiative ""Keine 10-Millionen-Schweiz"" aus. In den vergangenen fünf Jahren hat die Gemeinde somit bei der Frage der Zuwanderung das Lager gewechselt. #gemeinde_d hatte die Zuwanderungsinitiative im Jahr 2020 mit 27,2 Prozent abgelehnt."
1375,90,90,10,"Unteriberg SZ","Die Initiative ""Keine 10-Millionen-Schweiz"" erreicht in Unteriberg 90 Prozent Ja-Stimmen. Die Unterstützung für die Initiative ""Keine 10-Millionen-Schweiz!» hat in #gemeinde_d gegenüber der Zuwanderungsinitiative im Jahr 2020 zugenommen. Bei jener Abstimmung hatten 84,2 Prozent der Abstimmenden der Gemeinde die Vorlage angenommen."
1401,49.2,49.2,50.8,"Alpnach OW","In Alpnach findet die Initiative ""Keine 10-Millionen-Schweiz"" mit 50,8 Prozent keine Mehrheit. Die Ablehnung der Initiative fällt jedoch geringer aus als zur Zuwanderungsinitiative im Jahr 2020. Die Abstimmenden von #gemeinde_d hatten damals mit 52 Prozent Nein gestimmt."
1402,43.9,43.9,56.1,"Engelberg OW","Die Initiative ""Keine 10-Millionen-Schweiz"" erreicht in Engelberg 56,1 Prozent Nein-Stimmen. Die Ablehnung der Initiative ""Keine 10-Millionen-Schweiz!» ist stärker als jene zur Zuwanderungsinitiative im Jahr 2020. Der Nein-Anteil in #gemeinde_d lag damals bei 53 Prozent."
1403,56.6,56.6,43.4,"Giswil OW","Mit 56,6 Prozent befürworten die Stimmberechtigten von Giswil die Initiative ""Keine 10-Millionen-Schweiz"". Die Unterstützung für die Initiative ""Keine 10-Millionen-Schweiz!» hat in #gemeinde_d gegenüber der Zuwanderungsinitiative im Jahr 2020 zugenommen. Bei jener Abstimmung hatten 54 Prozent der Abstimmenden der Gemeinde die Vorlage angenommen."
1404,49,49,51,"Kerns OW","51 Prozent der Stimmbürgerinnen und Stimmbürger von Kerns sprechen sich gegen die Initiative ""Keine 10-Millionen-Schweiz"" aus. In den vergangenen fünf Jahren hat die Gemeinde somit bei der Frage der Zuwanderung das Lager gewechselt. #gemeinde_d hatte die Zuwanderungsinitiative im Jahr 2020 mit 43,3 Prozent abgelehnt."
1405,88.3,88.3,11.7,"Lungern OW","88,3 Prozent der Stimmbürgerinnen und Stimmbürger von Lungern haben sich für die Initiative ""Keine 10-Millionen-Schweiz"" ausgesprochen. Mit diesem Ergebnis wechselt #gemeinde_d ins Ja-Lager. Im Jahr 2020 hatte die Gemeinde die Zuwanderungsinitiative noch mit 50,6 Prozent der Stimmen abgelehnt."
1406,73.3,73.3,26.7,"Sachseln OW","Mit 73,3 Prozent Ja-Stimmen hat eine Mehrheit der Stimmberechtigten in Sachseln der Initiative ""Keine 10-Millionen-Schweiz"" zugestimmt. Mit diesem Ergebnis wechselt #gemeinde_d ins Ja-Lager. Im Jahr 2020 hatte die Gemeinde die Zuwanderungsinitiative noch mit 53,6 Prozent der Stimmen abgelehnt."
1407,61.8,61.8,38.2,"Sarnen OW","Die Initiative ""Keine 10-Millionen-Schweiz"" erreicht in Sarnen 61,8 Prozent Ja-Stimmen. Mit diesem Ergebnis wechselt #gemeinde_d ins Ja-Lager. Im Jahr 2020 hatte die Gemeinde die Zuwanderungsinitiative noch mit 54,7 Prozent der Stimmen abgelehnt."
1501,32.8,32.8,67.2,"Beckenried NW","In Beckenried ist die Initiative ""Keine 10-Millionen-Schweiz"" mit 67,2 Prozent der Stimmen gescheitert. In den vergangenen fünf Jahren hat die Gemeinde somit bei der Frage der Zuwanderung das Lager gewechselt. #gemeinde_d hatte die Zuwanderungsinitiative im Jahr 2020 mit 45,9 Prozent abgelehnt."
1502,70,70,30,"Buochs NW","In Buochs erhält die Initiative ""Keine 10-Millionen-Schweiz"" 70 Prozent Zustimmung. Mit diesem Ergebnis wechselt #gemeinde_d ins Ja-Lager. Im Jahr 2020 hatte die Gemeinde die Zuwanderungsinitiative noch mit 54,9 Prozent der Stimmen abgelehnt."
1503,40.3,40.3,59.7,"Dallenwil NW","In Dallenwil wird die Initiative ""Keine 10-Millionen-Schweiz"" mit 59,7 Prozent abgelehnt. In den vergangenen fünf Jahren hat die Gemeinde somit bei der Frage der Zuwanderung das Lager gewechselt. #gemeinde_d hatte die Zuwanderungsinitiative im Jahr 2020 mit 41,9 Prozent abgelehnt."
1504,36.1,36.1,63.9,"Emmetten NW","In Emmetten ist die Initiative ""Keine 10-Millionen-Schweiz"" mit 63,9 Prozent der Stimmen gescheitert. In den vergangenen fünf Jahren hat die Gemeinde somit bei der Frage der Zuwanderung das Lager gewechselt. #gemeinde_d hatte die Zuwanderungsinitiative im Jahr 2020 mit 38,3 Prozent abgelehnt."
1505,60.1,60.1,39.9,"Ennetbürgen NW","Die Initiative ""Keine 10-Millionen-Schweiz"" erreicht in Ennetbürgen 60,1 Prozent Ja-Stimmen. Mit diesem Ergebnis wechselt #gemeinde_d ins Ja-Lager. Im Jahr 2020 hatte die Gemeinde die Zuwanderungsinitiative noch mit 52,2 Prozent der Stimmen abgelehnt."
1506,12.9,12.9,87.1,"Ennetmoos NW","In Ennetmoos ist die Initiative ""Keine 10-Millionen-Schweiz"" mit 87,1 Prozent der Stimmen gescheitert. In den vergangenen fünf Jahren hat die Gemeinde somit bei der Frage der Zuwanderung das Lager gewechselt. #gemeinde_d hatte die Zuwanderungsinitiative im Jahr 2020 mit 43,6 Prozent abgelehnt."
1507,39.6,39.6,60.4,"Hergiswil NW","In Hergiswil NW wird die Initiative ""Keine 10-Millionen-Schweiz"" mit 60,4 Prozent abgelehnt. Die Ablehnung der Initiative ""Keine 10-Millionen-Schweiz!» ist stärker als jene zur Zuwanderungsinitiative im Jahr 2020. Der Nein-Anteil in #gemeinde_d lag damals bei 53,7 Prozent."
1508,91.2,91.2,8.8,"Oberdorf NW","91,2 Prozent der Stimmbürgerinnen und Stimmbürger von Oberdorf NW haben sich für die Initiative ""Keine 10-Millionen-Schweiz"" ausgesprochen. Die Unterstützung für die Initiative ""Keine 10-Millionen-Schweiz!» hat in #gemeinde_d gegenüber der Zuwanderungsinitiative im Jahr 2020 zugenommen. Bei jener Abstimmung hatten 50,1 Prozent der Abstimmenden der Gemeinde die Vorlage angenommen."
1509,3.4,3.4,96.6,"Stans NW","In Stans ist die Initiative ""Keine 10-Millionen-Schweiz"" mit 96,6 Prozent der Stimmen gescheitert. Die Ablehnung der Initiative ""Keine 10-Millionen-Schweiz!» ist stärker als jene zur Zuwanderungsinitiative im Jahr 2020. Der Nein-Anteil in #gemeinde_d lag damals bei 62,7 Prozent."
1510,74.8,74.8,25.2,"Stansstad NW","74,8 Prozent der Stimmbürgerinnen und Stimmbürger von Stansstad haben sich für die Initiative ""Keine 10-Millionen-Schweiz"" ausgesprochen. Mit diesem Ergebnis wechselt #gemeinde_d ins Ja-Lager. Im Jahr 2020 hatte die Gemeinde die Zuwanderungsinitiative noch mit 53,2 Prozent der Stimmen abgelehnt."
1511,34.5,34.5,65.5,"Wolfenschiessen NW","Die Initiative ""Keine 10-Millionen-Schweiz"" erreicht in Wolfenschiessen 65,5 Prozent Nein-Stimmen. In den vergangenen fünf Jahren hat die Gemeinde somit bei der Frage der Zuwanderung das Lager gewechselt. #gemeinde_d hatte die Zuwanderungsinitiative im Jahr 2020 mit 44,7 Prozent abgelehnt."
1630,21.7,21.7,78.3,"Glarus Nord GL","78,3 Prozent der Stimmbürgerinnen und Stimmbürger von Glarus Nord sprechen sich gegen die Initiative ""Keine 10-Millionen-Schweiz"" aus. In den vergangenen fünf Jahren hat die Gemeinde somit bei der Frage der Zuwanderung das Lager gewechselt. #gemeinde_d hatte die Zuwanderungsinitiative im Jahr 2020 mit 48 Prozent abgelehnt."
1631,18.5,18.5,81.5,"Glarus Süd GL","Die Initiative ""Keine 10-Millionen-Schweiz"" erreicht in Glarus Süd 81,5 Prozent Nein-Stimmen. In den vergangenen fünf Jahren hat die Gemeinde somit bei der Frage der Zuwanderung das Lager gewechselt. #gemeinde_d hatte die Zuwanderungsinitiative im Jahr 2020 mit 44,9 Prozent abgelehnt."
1632,61,61,39,"Glarus GL","Mit 61 Prozent Ja-Stimmen hat eine Mehrheit der Stimmberechtigten in Glarus der Initiative ""Keine 10-Millionen-Schweiz"" zugestimmt. Mit diesem Ergebnis wechselt #gemeinde_d ins Ja-Lager. Im Jahr 2020 hatte die Gemeinde die Zuwanderungsinitiative noch mit 56,5 Prozent der Stimmen abgelehnt."
1701,51,51,49,"Baar ZG","51 Prozent der Stimmbürgerinnen und Stimmbürger von Baar haben sich für die Initiative ""Keine 10-Millionen-Schweiz"" ausgesprochen. Mit diesem Ergebnis wechselt #gemeinde_d ins Ja-Lager. Im Jahr 2020 hatte die Gemeinde die Zuwanderungsinitiative noch mit 61 Prozent der Stimmen abgelehnt."
1702,82.7,82.7,17.3,"Cham ZG","Mit 82,7 Prozent befürworten die Stimmberechtigten von Cham die Initiative ""Keine 10-Millionen-Schweiz"". Mit diesem Ergebnis wechselt #gemeinde_d ins Ja-Lager. Im Jahr 2020 hatte die Gemeinde die Zuwanderungsinitiative noch mit 61,6 Prozent der Stimmen abgelehnt."
1703,57.9,57.9,42.1,"Hünenberg ZG","Mit 57,9 Prozent Ja-Stimmen hat eine Mehrheit der Stimmberechtigten in Hünenberg der Initiative ""Keine 10-Millionen-Schweiz"" zugestimmt. Mit diesem Ergebnis wechselt #gemeinde_d ins Ja-Lager. Im Jahr 2020 hatte die Gemeinde die Zuwanderungsinitiative noch mit 63,6 Prozent der Stimmen abgelehnt."
1704,30.4,30.4,69.6,"Menzingen ZG","69,6 Prozent der Stimmbürgerinnen und Stimmbürger von Menzingen sprechen sich gegen die Initiative ""Keine 10-Millionen-Schweiz"" aus. In den vergangenen fünf Jahren hat die Gemeinde somit bei der Frage der Zuwanderung das Lager gewechselt. #gemeinde_d hatte die Zuwanderungsinitiative im Jahr 2020 mit 48,4 Prozent abgelehnt."
1705,59.5,59.5,40.5,"Neuheim ZG","Mit 59,5 Prozent Ja-Stimmen hat eine Mehrheit der Stimmberechtigten in Neuheim der Initiative ""Keine 10-Millionen-Schweiz"" zugestimmt. Mit diesem Ergebnis wechselt #gemeinde_d ins Ja-Lager. Im Jahr 2020 hatte die Gemeinde die Zuwanderungsinitiative noch mit 51,1 Prozent der Stimmen abgelehnt."
1706,49.8,49.8,50.2,"Oberägeri ZG","Die Initiative ""Keine 10-Millionen-Schweiz"" erreicht in Oberägeri 50,2 Prozent Nein-Stimmen. In den vergangenen fünf Jahren hat die Gemeinde somit bei der Frage der Zuwanderung das Lager gewechselt. #gemeinde_d hatte die Zuwanderungsinitiative im Jahr 2020 mit 48 Prozent abgelehnt."
1707,40.9,40.9,59.1,"Risch ZG","59,1 Prozent der Stimmbürgerinnen und Stimmbürger von Risch sprechen sich gegen die Initiative ""Keine 10-Millionen-Schweiz"" aus. Die Ablehnung der Initiative ""Keine 10-Millionen-Schweiz!» ist stärker als jene zur Zuwanderungsinitiative im Jahr 2020. Der Nein-Anteil in #gemeinde_d lag damals bei 55,9 Prozent."
1708,44.8,44.8,55.2,"Steinhausen ZG","Die Initiative ""Keine 10-Millionen-Schweiz"" erreicht in Steinhausen 55,2 Prozent Nein-Stimmen. Die Ablehnung der Initiative fällt jedoch geringer aus als zur Zuwanderungsinitiative im Jahr 2020. Die Abstimmenden von #gemeinde_d hatten damals mit 64,2 Prozent Nein gestimmt."
1709,44.4,44.4,55.6,"Unterägeri ZG","In Unterägeri ist die Initiative ""Keine 10-Millionen-Schweiz"" mit 55,6 Prozent der Stimmen gescheitert. Die Ablehnung der Initiative ""Keine 10-Millionen-Schweiz!» ist stärker als jene zur Zuwanderungsinitiative im Jahr 2020. Der Nein-Anteil in #gemeinde_d lag damals bei 54,4 Prozent."
1710,74.9,74.9,25.1,"Walchwil ZG","Mit 74,9 Prozent befürworten die Stimmberechtigten von Walchwil die Initiative ""Keine 10-Millionen-Schweiz"". Mit diesem Ergebnis wechselt #gemeinde_d ins Ja-Lager. Im Jahr 2020 hatte die Gemeinde die Zuwanderungsinitiative noch mit 50,8 Prozent der Stimmen abgelehnt."
1711,99.4,99.4,0.6,"Zug ZG","Mit 99,4 Prozent Ja-Stimmen hat eine Mehrheit der Stimmberechtigten in Zug der Initiative ""Keine 10-Millionen-Schweiz"" zugestimmt. Mit diesem Ergebnis wechselt #gemeinde_d ins Ja-Lager. Im Jahr 2020 hatte die Gemeinde die Zuwanderungsinitiative noch mit 67 Prozent der Stimmen abgelehnt."
2008,22.1,22.1,77.9,"Châtillon FR","In Châtillon FR findet die Initiative ""Keine 10-Millionen-Schweiz"" mit 77,9 Prozent keine Mehrheit. Die Ablehnung der Initiative ""Keine 10-Millionen-Schweiz!» ist stärker als jene zur Zuwanderungsinitiative im Jahr 2020. Der Nein-Anteil in #gemeinde_d lag damals bei 66,8 Prozent."
2011,58.1,58.1,41.9,"Cugy FR","58,1 Prozent der Stimmbürgerinnen und Stimmbürger von Cugy FR haben sich für die Initiative ""Keine 10-Millionen-Schweiz"" ausgesprochen. Mit diesem Ergebnis wechselt #gemeinde_d ins Ja-Lager. Im Jahr 2020 hatte die Gemeinde die Zuwanderungsinitiative noch mit 58,2 Prozent der Stimmen abgelehnt."
2022,9.6,9.6,90.4,"Gletterens FR","Die Initiative ""Keine 10-Millionen-Schweiz"" erreicht in Gletterens 90,4 Prozent Nein-Stimmen. Die Ablehnung der Initiative ""Keine 10-Millionen-Schweiz!» ist stärker als jene zur Zuwanderungsinitiative im Jahr 2020. Der Nein-Anteil in #gemeinde_d lag damals bei 54,1 Prozent."
2025,53.4,53.4,46.6,"Lully FR","53,4 Prozent der Stimmbürgerinnen und Stimmbürger von Lully FR haben sich für die Initiative ""Keine 10-Millionen-Schweiz"" ausgesprochen. Mit diesem Ergebnis wechselt #gemeinde_d ins Ja-Lager. Im Jahr 2020 hatte die Gemeinde die Zuwanderungsinitiative noch mit 52,9 Prozent der Stimmen abgelehnt."
2029,89.2,89.2,10.8,"Montagny FR","Die Initiative ""Keine 10-Millionen-Schweiz"" erreicht in Montagny FR 89,2 Prozent Ja-Stimmen. Mit diesem Ergebnis wechselt #gemeinde_d ins Ja-Lager. Im Jahr 2020 hatte die Gemeinde die Zuwanderungsinitiative noch mit 60,7 Prozent der Stimmen abgelehnt."
2035,41.7,41.7,58.3,"Nuvilly FR","In Nuvilly ist die Initiative ""Keine 10-Millionen-Schweiz"" mit 58,3 Prozent der Stimmen gescheitert. Die Ablehnung der Initiative ""Keine 10-Millionen-Schweiz!» ist stärker als jene zur Zuwanderungsinitiative im Jahr 2020. Der Nein-Anteil in #gemeinde_d lag damals bei 56,6 Prozent."
2038,17.4,17.4,82.6,"Prévondavaux FR","In Prévondavaux ist die Initiative ""Keine 10-Millionen-Schweiz"" mit 82,6 Prozent der Stimmen gescheitert."
2041,57.8,57.8,42.2,"Saint-Aubin FR","Saint-Aubin FR hat die Initiative ""Keine 10-Millionen-Schweiz"" angenommen; der Ja-Stimmen-Anteil liegt bei 57,8 Prozent. Mit diesem Ergebnis wechselt #gemeinde_d ins Ja-Lager. Im Jahr 2020 hatte die Gemeinde die Zuwanderungsinitiative noch mit 64,7 Prozent der Stimmen abgelehnt."
2043,19.9,19.9,80.1,"Sévaz FR","In Sévaz findet die Initiative ""Keine 10-Millionen-Schweiz"" mit 80,1 Prozent keine Mehrheit. Die Ablehnung der Initiative ""Keine 10-Millionen-Schweiz!» ist stärker als jene zur Zuwanderungsinitiative im Jahr 2020. Der Nein-Anteil in #gemeinde_d lag damals bei 54,7 Prozent."
2044,24.9,24.9,75.1,"Surpierre FR","75,1 Prozent der Stimmbürgerinnen und Stimmbürger von Surpierre sprechen sich gegen die Initiative ""Keine 10-Millionen-Schweiz"" aus. Die Ablehnung der Initiative ""Keine 10-Millionen-Schweiz!» ist stärker als jene zur Zuwanderungsinitiative im Jahr 2020. Der Nein-Anteil in #gemeinde_d lag damals bei 50,4 Prozent."
2045,15.8,15.8,84.2,"Vallon FR","In Vallon wird die Initiative ""Keine 10-Millionen-Schweiz"" mit 84,2 Prozent abgelehnt. Die Ablehnung der Initiative ""Keine 10-Millionen-Schweiz!» ist stärker als jene zur Zuwanderungsinitiative im Jahr 2020. Der Nein-Anteil in #gemeinde_d lag damals bei 61,7 Prozent."
2050,89.1,89.1,10.9,"Les Montets FR","In Les Montets erhält die Initiative ""Keine 10-Millionen-Schweiz"" 89,1 Prozent Zustimmung. Mit diesem Ergebnis wechselt #gemeinde_d ins Ja-Lager. Im Jahr 2020 hatte die Gemeinde die Zuwanderungsinitiative noch mit 56,3 Prozent der Stimmen abgelehnt."
2051,18,18,82,"Delley-Portalban FR","Die Initiative ""Keine 10-Millionen-Schweiz"" erreicht in Delley-Portalban 82 Prozent Nein-Stimmen. Die Ablehnung der Initiative ""Keine 10-Millionen-Schweiz!» ist stärker als jene zur Zuwanderungsinitiative im Jahr 2020. Der Nein-Anteil in #gemeinde_d lag damals bei 50,7 Prozent."
2053,73.7,73.7,26.3,"Belmont-Broye FR","73,7 Prozent der Stimmbürgerinnen und Stimmbürger von Belmont-Broye haben sich für die Initiative ""Keine 10-Millionen-Schweiz"" ausgesprochen. Mit diesem Ergebnis wechselt #gemeinde_d ins Ja-Lager. Im Jahr 2020 hatte die Gemeinde die Zuwanderungsinitiative noch mit 57,2 Prozent der Stimmen abgelehnt."
2054,38.1,38.1,61.9,"Estavayer FR","Die Initiative ""Keine 10-Millionen-Schweiz"" erreicht in Estavayer 61,9 Prozent Nein-Stimmen. Die Ablehnung der Initiative fällt jedoch geringer aus als zur Zuwanderungsinitiative im Jahr 2020. Die Abstimmenden von #gemeinde_d hatten damals mit 63 Prozent Nein gestimmt."
2055,25,25,75,"Cheyres-Châbles FR","75 Prozent der Stimmbürgerinnen und Stimmbürger von Cheyres-Châbles sprechen sich gegen die Initiative ""Keine 10-Millionen-Schweiz"" aus. Die Ablehnung der Initiative ""Keine 10-Millionen-Schweiz!» ist stärker als jene zur Zuwanderungsinitiative im Jahr 2020. Der Nein-Anteil in #gemeinde_d lag damals bei 64,6 Prozent."
2056,75.6,75.6,24.4,"Fétigny-Ménières FR","Mit 75,6 Prozent Ja-Stimmen hat eine Mehrheit der Stimmberechtigten in Fétigny-Ménières der Initiative ""Keine 10-Millionen-Schweiz"" zugestimmt. Mit diesem Ergebnis wechselt #gemeinde_d ins Ja-Lager. Im Jahr 2020 hatte die Gemeinde die Zuwanderungsinitiative noch mit 57,9 Prozent der Stimmen abgelehnt."
2063,50.8,50.8,49.2,"Billens-Hennens FR","Die Initiative ""Keine 10-Millionen-Schweiz"" erreicht in Billens-Hennens 50,8 Prozent Ja-Stimmen. Mit diesem Ergebnis wechselt #gemeinde_d ins Ja-Lager. Im Jahr 2020 hatte die Gemeinde die Zuwanderungsinitiative noch mit 61,3 Prozent der Stimmen abgelehnt."
2067,39.3,39.3,60.7,"Le Châtelard FR","In Le Châtelard findet die Initiative ""Keine 10-Millionen-Schweiz"" mit 60,7 Prozent keine Mehrheit. In den vergangenen fünf Jahren hat die Gemeinde somit bei der Frage der Zuwanderung das Lager gewechselt. #gemeinde_d hatte die Zuwanderungsinitiative im Jahr 2020 mit 49,3 Prozent abgelehnt."
2068,62.9,62.9,37.1,"Châtonnaye FR","In Châtonnaye erhält die Initiative ""Keine 10-Millionen-Schweiz"" 62,9 Prozent Zustimmung. Mit diesem Ergebnis wechselt #gemeinde_d ins Ja-Lager. Im Jahr 2020 hatte die Gemeinde die Zuwanderungsinitiative noch mit 63,9 Prozent der Stimmen abgelehnt."
2079,1.6,1.6,98.4,"Grangettes FR","98,4 Prozent der Stimmbürgerinnen und Stimmbürger von Grangettes sprechen sich gegen die Initiative ""Keine 10-Millionen-Schweiz"" aus. In den vergangenen fünf Jahren hat die Gemeinde somit bei der Frage der Zuwanderung das Lager gewechselt. #gemeinde_d hatte die Zuwanderungsinitiative im Jahr 2020 mit 41,1 Prozent abgelehnt."
2086,16.7,16.7,83.3,"Massonnens FR","83,3 Prozent der Stimmbürgerinnen und Stimmbürger von Massonnens sprechen sich gegen die Initiative ""Keine 10-Millionen-Schweiz"" aus. Die Ablehnung der Initiative ""Keine 10-Millionen-Schweiz!» ist stärker als jene zur Zuwanderungsinitiative im Jahr 2020. Der Nein-Anteil in #gemeinde_d lag damals bei 58,5 Prozent."
2087,59.7,59.7,40.3,"Mézières FR","In Mézières FR erhält die Initiative ""Keine 10-Millionen-Schweiz"" 59,7 Prozent Zustimmung. Mit diesem Ergebnis wechselt #gemeinde_d ins Ja-Lager. Im Jahr 2020 hatte die Gemeinde die Zuwanderungsinitiative noch mit 55,2 Prozent der Stimmen abgelehnt."
2096,28.9,28.9,71.1,"Romont FR","Die Initiative ""Keine 10-Millionen-Schweiz"" erreicht in Romont FR 71,1 Prozent Nein-Stimmen. Die Ablehnung der Initiative ""Keine 10-Millionen-Schweiz!» ist stärker als jene zur Zuwanderungsinitiative im Jahr 2020. Der Nein-Anteil in #gemeinde_d lag damals bei 66,5 Prozent."
2097,61.3,61.3,38.7,"Rue FR","61,3 Prozent der Stimmbürgerinnen und Stimmbürger von Rue haben sich für die Initiative ""Keine 10-Millionen-Schweiz"" ausgesprochen. Mit diesem Ergebnis wechselt #gemeinde_d ins Ja-Lager. Im Jahr 2020 hatte die Gemeinde die Zuwanderungsinitiative noch mit 59,9 Prozent der Stimmen abgelehnt."
2099,42,42,58,"Siviriez FR","In Siviriez findet die Initiative ""Keine 10-Millionen-Schweiz"" mit 58 Prozent keine Mehrheit. Die Ablehnung der Initiative ""Keine 10-Millionen-Schweiz!» ist stärker als jene zur Zuwanderungsinitiative im Jahr 2020. Der Nein-Anteil in #gemeinde_d lag damals bei 56,8 Prozent."
2102,52.5,52.5,47.5,"Ursy FR","Mit 52,5 Prozent befürworten die Stimmberechtigten von Ursy die Initiative ""Keine 10-Millionen-Schweiz"". Mit diesem Ergebnis wechselt #gemeinde_d ins Ja-Lager. Im Jahr 2020 hatte die Gemeinde die Zuwanderungsinitiative noch mit 55,6 Prozent der Stimmen abgelehnt."
2113,0.4,0.4,99.6,"Vuisternens-devant-Romont FR","99,6 Prozent der Stimmbürgerinnen und Stimmbürger von Vuisternens-devant-Romont sprechen sich gegen die Initiative ""Keine 10-Millionen-Schweiz"" aus. Die Ablehnung der Initiative ""Keine 10-Millionen-Schweiz!» ist stärker als jene zur Zuwanderungsinitiative im Jahr 2020. Der Nein-Anteil in #gemeinde_d lag damals bei 54 Prozent."
2114,44,44,56,"Villorsonnens FR","56 Prozent der Stimmbürgerinnen und Stimmbürger von Villorsonnens sprechen sich gegen die Initiative ""Keine 10-Millionen-Schweiz"" aus. In den vergangenen fünf Jahren hat die Gemeinde somit bei der Frage der Zuwanderung das Lager gewechselt. #gemeinde_d hatte die Zuwanderungsinitiative im Jahr 2020 mit 47,4 Prozent abgelehnt."
2115,45.5,45.5,54.5,"Torny FR","Die Initiative ""Keine 10-Millionen-Schweiz"" erreicht in Torny 54,5 Prozent Nein-Stimmen. Die Ablehnung der Initiative fällt jedoch geringer aus als zur Zuwanderungsinitiative im Jahr 2020. Die Abstimmenden von #gemeinde_d hatten damals mit 56,4 Prozent Nein gestimmt."
2117,43.7,43.7,56.3,"Villaz FR","56,3 Prozent der Stimmbürgerinnen und Stimmbürger von Villaz sprechen sich gegen die Initiative ""Keine 10-Millionen-Schweiz"" aus. Die Ablehnung der Initiative fällt jedoch geringer aus als zur Zuwanderungsinitiative im Jahr 2020. Die Abstimmenden von #gemeinde_d hatten damals mit 63,1 Prozent Nein gestimmt."
2121,34.8,34.8,65.2,"Haut-Intyamon FR","In Haut-Intyamon ist die Initiative ""Keine 10-Millionen-Schweiz"" mit 65,2 Prozent der Stimmen gescheitert. Die Ablehnung der Initiative ""Keine 10-Millionen-Schweiz!» ist stärker als jene zur Zuwanderungsinitiative im Jahr 2020. Der Nein-Anteil in #gemeinde_d lag damals bei 57,7 Prozent."
2122,54.9,54.9,45.1,"Pont-en-Ogoz FR","Pont-en-Ogoz hat die Initiative ""Keine 10-Millionen-Schweiz"" angenommen; der Ja-Stimmen-Anteil liegt bei 54,9 Prozent. Mit diesem Ergebnis wechselt #gemeinde_d ins Ja-Lager. Im Jahr 2020 hatte die Gemeinde die Zuwanderungsinitiative noch mit 60,3 Prozent der Stimmen abgelehnt."
2123,66,66,34,"Botterens FR","Die Initiative ""Keine 10-Millionen-Schweiz"" erreicht in Botterens 66 Prozent Ja-Stimmen. Mit diesem Ergebnis wechselt #gemeinde_d ins Ja-Lager. Im Jahr 2020 hatte die Gemeinde die Zuwanderungsinitiative noch mit 57,8 Prozent der Stimmen abgelehnt."
2124,27.4,27.4,72.6,"Broc FR","In Broc wird die Initiative ""Keine 10-Millionen-Schweiz"" mit 72,6 Prozent abgelehnt. Die Ablehnung der Initiative ""Keine 10-Millionen-Schweiz!» ist stärker als jene zur Zuwanderungsinitiative im Jahr 2020. Der Nein-Anteil in #gemeinde_d lag damals bei 64,4 Prozent."
2125,54.5,54.5,45.5,"Bulle FR","54,5 Prozent der Stimmbürgerinnen und Stimmbürger von Bulle haben sich für die Initiative ""Keine 10-Millionen-Schweiz"" ausgesprochen. Mit diesem Ergebnis wechselt #gemeinde_d ins Ja-Lager. Im Jahr 2020 hatte die Gemeinde die Zuwanderungsinitiative noch mit 67,3 Prozent der Stimmen abgelehnt."
2128,45.1,45.1,54.9,"Châtel-sur-Montsalvens FR","54,9 Prozent der Stimmbürgerinnen und Stimmbürger von Châtel-sur-Montsalvens sprechen sich gegen die Initiative ""Keine 10-Millionen-Schweiz"" aus. Die Ablehnung der Initiative fällt jedoch geringer aus als zur Zuwanderungsinitiative im Jahr 2020. Die Abstimmenden von #gemeinde_d hatten damals mit 59 Prozent Nein gestimmt."
2129,61.2,61.2,38.8,"Corbières FR","Mit 61,2 Prozent Ja-Stimmen hat eine Mehrheit der Stimmberechtigten in Corbières der Initiative ""Keine 10-Millionen-Schweiz"" zugestimmt. Mit diesem Ergebnis wechselt #gemeinde_d ins Ja-Lager. Im Jahr 2020 hatte die Gemeinde die Zuwanderungsinitiative noch mit 56,7 Prozent der Stimmen abgelehnt."
2130,40.3,40.3,59.7,"Crésuz FR","In Crésuz wird die Initiative ""Keine 10-Millionen-Schweiz"" mit 59,7 Prozent abgelehnt. Das Ergebnis hat sich im Vergleich zur Abstimmung über die Zuwanderungsinitiative im Jahr 2020 kaum verändert. #gemeinde_d hatte damals mit 59,2 Prozent Nein gestimmt."
2131,41.4,41.4,58.6,"Echarlens FR","Die Initiative ""Keine 10-Millionen-Schweiz"" erreicht in Echarlens 58,6 Prozent Nein-Stimmen. Die Ablehnung der Initiative fällt jedoch geringer aus als zur Zuwanderungsinitiative im Jahr 2020. Die Abstimmenden von #gemeinde_d hatten damals mit 68,5 Prozent Nein gestimmt."
2134,41.3,41.3,58.7,"Grandvillard FR","In Grandvillard findet die Initiative ""Keine 10-Millionen-Schweiz"" mit 58,7 Prozent keine Mehrheit. Die Ablehnung der Initiative fällt jedoch geringer aus als zur Zuwanderungsinitiative im Jahr 2020. Die Abstimmenden von #gemeinde_d hatten damals mit 64,6 Prozent Nein gestimmt."
2135,47.3,47.3,52.7,"Greyerz FR","52,7 Prozent der Stimmbürgerinnen und Stimmbürger von Greyerz sprechen sich gegen die Initiative ""Keine 10-Millionen-Schweiz"" aus. Die Ablehnung der Initiative fällt jedoch geringer aus als zur Zuwanderungsinitiative im Jahr 2020. Die Abstimmenden von #gemeinde_d hatten damals mit 64,5 Prozent Nein gestimmt."
2137,42.3,42.3,57.7,"Hauteville FR","In Hauteville wird die Initiative ""Keine 10-Millionen-Schweiz"" mit 57,7 Prozent abgelehnt. Die Ablehnung der Initiative fällt jedoch geringer aus als zur Zuwanderungsinitiative im Jahr 2020. Die Abstimmenden von #gemeinde_d hatten damals mit 70,2 Prozent Nein gestimmt."
2138,50.9,50.9,49.1,"Jaun FR","Mit 50,9 Prozent Ja-Stimmen hat eine Mehrheit der Stimmberechtigten in Jaun der Initiative ""Keine 10-Millionen-Schweiz"" zugestimmt. Die Unterstützung für die Initiative ""Keine 10-Millionen-Schweiz!» fällt geringer aus als jene für die Zuwanderungsinitiative im Jahr 2020. Die Abstimmenden von #gemeinde_d hatten damals mit 67 Prozent Ja gestimmt."
2140,72.3,72.3,27.7,"Marsens FR","Mit 72,3 Prozent Ja-Stimmen hat eine Mehrheit der Stimmberechtigten in Marsens der Initiative ""Keine 10-Millionen-Schweiz"" zugestimmt. Mit diesem Ergebnis wechselt #gemeinde_d ins Ja-Lager. Im Jahr 2020 hatte die Gemeinde die Zuwanderungsinitiative noch mit 68,4 Prozent der Stimmen abgelehnt."
2143,35,35,65,"Morlon FR","Die Initiative ""Keine 10-Millionen-Schweiz"" erreicht in Morlon 65 Prozent Nein-Stimmen. Das Ergebnis hat sich im Vergleich zur Abstimmung über die Zuwanderungsinitiative im Jahr 2020 kaum verändert. #gemeinde_d hatte damals mit 65,9 Prozent Nein gestimmt."
2145,10.7,10.7,89.3,"Le Pâquier FR","In Le Pâquier FR wird die Initiative ""Keine 10-Millionen-Schweiz"" mit 89,3 Prozent abgelehnt. Die Ablehnung der Initiative ""Keine 10-Millionen-Schweiz!» ist stärker als jene zur Zuwanderungsinitiative im Jahr 2020. Der Nein-Anteil in #gemeinde_d lag damals bei 65,2 Prozent."
2147,50.7,50.7,49.3,"Pont-la-Ville FR","Die Initiative ""Keine 10-Millionen-Schweiz"" erreicht in Pont-la-Ville 50,7 Prozent Ja-Stimmen. Mit diesem Ergebnis wechselt #gemeinde_d ins Ja-Lager. Im Jahr 2020 hatte die Gemeinde die Zuwanderungsinitiative noch mit 60,2 Prozent der Stimmen abgelehnt."
2148,95.2,95.2,4.8,"Riaz FR","Mit 95,2 Prozent Ja-Stimmen hat eine Mehrheit der Stimmberechtigten in Riaz der Initiative ""Keine 10-Millionen-Schweiz"" zugestimmt. Mit diesem Ergebnis wechselt #gemeinde_d ins Ja-Lager. Im Jahr 2020 hatte die Gemeinde die Zuwanderungsinitiative noch mit 62,2 Prozent der Stimmen abgelehnt."
2149,36.9,36.9,63.1,"La Roche FR","63,1 Prozent der Stimmbürgerinnen und Stimmbürger von La Roche sprechen sich gegen die Initiative ""Keine 10-Millionen-Schweiz"" aus. In den vergangenen fünf Jahren hat die Gemeinde somit bei der Frage der Zuwanderung das Lager gewechselt. #gemeinde_d hatte die Zuwanderungsinitiative im Jahr 2020 mit 45,7 Prozent abgelehnt."
2152,52.9,52.9,47.1,"Sâles FR","Mit 52,9 Prozent Ja-Stimmen hat eine Mehrheit der Stimmberechtigten in Sâles der Initiative ""Keine 10-Millionen-Schweiz"" zugestimmt. Mit diesem Ergebnis wechselt #gemeinde_d ins Ja-Lager. Im Jahr 2020 hatte die Gemeinde die Zuwanderungsinitiative noch mit 62,8 Prozent der Stimmen abgelehnt."
2153,48.3,48.3,51.7,"Sorens FR","51,7 Prozent der Stimmbürgerinnen und Stimmbürger von Sorens sprechen sich gegen die Initiative ""Keine 10-Millionen-Schweiz"" aus. Die Ablehnung der Initiative fällt jedoch geringer aus als zur Zuwanderungsinitiative im Jahr 2020. Die Abstimmenden von #gemeinde_d hatten damals mit 58,2 Prozent Nein gestimmt."
2155,59.5,59.5,40.5,"Vaulruz FR","Vaulruz hat die Initiative ""Keine 10-Millionen-Schweiz"" angenommen; der Ja-Stimmen-Anteil liegt bei 59,5 Prozent. Mit diesem Ergebnis wechselt #gemeinde_d ins Ja-Lager. Im Jahr 2020 hatte die Gemeinde die Zuwanderungsinitiative noch mit 62,2 Prozent der Stimmen abgelehnt."
2160,84.3,84.3,15.7,"Vuadens FR","Mit 84,3 Prozent Ja-Stimmen hat eine Mehrheit der Stimmberechtigten in Vuadens der Initiative ""Keine 10-Millionen-Schweiz"" zugestimmt. Mit diesem Ergebnis wechselt #gemeinde_d ins Ja-Lager. Im Jahr 2020 hatte die Gemeinde die Zuwanderungsinitiative noch mit 61,5 Prozent der Stimmen abgelehnt."
2162,33.8,33.8,66.2,"Bas-Intyamon FR","66,2 Prozent der Stimmbürgerinnen und Stimmbürger von Bas-Intyamon sprechen sich gegen die Initiative ""Keine 10-Millionen-Schweiz"" aus. Die Ablehnung der Initiative ""Keine 10-Millionen-Schweiz!» ist stärker als jene zur Zuwanderungsinitiative im Jahr 2020. Der Nein-Anteil in #gemeinde_d lag damals bei 57,9 Prozent."
2163,6.9,6.9,93.1,"Val-de-Charmey FR","Die Initiative ""Keine 10-Millionen-Schweiz"" erreicht in Val-de-Charmey 93,1 Prozent Nein-Stimmen. Die Ablehnung der Initiative ""Keine 10-Millionen-Schweiz!» ist stärker als jene zur Zuwanderungsinitiative im Jahr 2020. Der Nein-Anteil in #gemeinde_d lag damals bei 51,5 Prozent."
2173,53.9,53.9,46.1,"Autigny FR","Mit 53,9 Prozent Ja-Stimmen hat eine Mehrheit der Stimmberechtigten in Autigny der Initiative ""Keine 10-Millionen-Schweiz"" zugestimmt. Mit diesem Ergebnis wechselt #gemeinde_d ins Ja-Lager. Im Jahr 2020 hatte die Gemeinde die Zuwanderungsinitiative noch mit 62,9 Prozent der Stimmen abgelehnt."
2174,64.9,64.9,35.1,"Avry FR","In Avry erhält die Initiative ""Keine 10-Millionen-Schweiz"" 64,9 Prozent Zustimmung. Mit diesem Ergebnis wechselt #gemeinde_d ins Ja-Lager. Im Jahr 2020 hatte die Gemeinde die Zuwanderungsinitiative noch mit 71,8 Prozent der Stimmen abgelehnt."
2175,28.2,28.2,71.8,"Belfaux FR","In Belfaux ist die Initiative ""Keine 10-Millionen-Schweiz"" mit 71,8 Prozent der Stimmen gescheitert. Das Ergebnis hat sich im Vergleich zur Abstimmung über die Zuwanderungsinitiative im Jahr 2020 kaum verändert. #gemeinde_d hatte damals mit 72,4 Prozent Nein gestimmt."
2177,7.9,7.9,92.1,"Chénens FR","In Chénens findet die Initiative ""Keine 10-Millionen-Schweiz"" mit 92,1 Prozent keine Mehrheit. Die Ablehnung der Initiative ""Keine 10-Millionen-Schweiz!» ist stärker als jene zur Zuwanderungsinitiative im Jahr 2020. Der Nein-Anteil in #gemeinde_d lag damals bei 65,2 Prozent."
2183,46.5,46.5,53.5,"Corminboeuf FR","In Corminboeuf wird die Initiative ""Keine 10-Millionen-Schweiz"" mit 53,5 Prozent abgelehnt. Die Ablehnung der Initiative fällt jedoch geringer aus als zur Zuwanderungsinitiative im Jahr 2020. Die Abstimmenden von #gemeinde_d hatten damals mit 72,5 Prozent Nein gestimmt."
2186,27.4,27.4,72.6,"Cottens FR","In Cottens FR wird die Initiative ""Keine 10-Millionen-Schweiz"" mit 72,6 Prozent abgelehnt. Die Ablehnung der Initiative ""Keine 10-Millionen-Schweiz!» ist stärker als jene zur Zuwanderungsinitiative im Jahr 2020. Der Nein-Anteil in #gemeinde_d lag damals bei 68,6 Prozent."
2194,74.5,74.5,25.5,"Ferpicloz FR","Mit 74,5 Prozent Ja-Stimmen hat eine Mehrheit der Stimmberechtigten in Ferpicloz der Initiative ""Keine 10-Millionen-Schweiz"" zugestimmt. Mit diesem Ergebnis wechselt #gemeinde_d ins Ja-Lager. Im Jahr 2020 hatte die Gemeinde die Zuwanderungsinitiative noch mit 60,5 Prozent der Stimmen abgelehnt."
2196,35.3,35.3,64.7,"Freiburg FR","In Freiburg wird die Initiative ""Keine 10-Millionen-Schweiz"" mit 64,7 Prozent abgelehnt. Die Ablehnung der Initiative fällt jedoch geringer aus als zur Zuwanderungsinitiative im Jahr 2020. Die Abstimmenden von #gemeinde_d hatten damals mit 78,4 Prozent Nein gestimmt."
2197,39,39,61,"Givisiez FR","In Givisiez findet die Initiative ""Keine 10-Millionen-Schweiz"" mit 61 Prozent keine Mehrheit. Die Ablehnung der Initiative fällt jedoch geringer aus als zur Zuwanderungsinitiative im Jahr 2020. Die Abstimmenden von #gemeinde_d hatten damals mit 70,3 Prozent Nein gestimmt."
2198,31.9,31.9,68.1,"Granges-Paccot FR","Die Initiative ""Keine 10-Millionen-Schweiz"" erreicht in Granges-Paccot 68,1 Prozent Nein-Stimmen. Das Ergebnis hat sich im Vergleich zur Abstimmung über die Zuwanderungsinitiative im Jahr 2020 kaum verändert. #gemeinde_d hatte damals mit 67,3 Prozent Nein gestimmt."
2206,66.9,66.9,33.1,"Marly FR","Mit 66,9 Prozent Ja-Stimmen hat eine Mehrheit der Stimmberechtigten in Marly der Initiative ""Keine 10-Millionen-Schweiz"" zugestimmt. Mit diesem Ergebnis wechselt #gemeinde_d ins Ja-Lager. Im Jahr 2020 hatte die Gemeinde die Zuwanderungsinitiative noch mit 72,5 Prozent der Stimmen abgelehnt."
2208,62.4,62.4,37.6,"Matran FR","Die Initiative ""Keine 10-Millionen-Schweiz"" erreicht in Matran 62,4 Prozent Ja-Stimmen. Mit diesem Ergebnis wechselt #gemeinde_d ins Ja-Lager. Im Jahr 2020 hatte die Gemeinde die Zuwanderungsinitiative noch mit 76 Prozent der Stimmen abgelehnt."
2211,53.4,53.4,46.6,"Neyruz FR","53,4 Prozent der Stimmbürgerinnen und Stimmbürger von Neyruz FR haben sich für die Initiative ""Keine 10-Millionen-Schweiz"" ausgesprochen. Mit diesem Ergebnis wechselt #gemeinde_d ins Ja-Lager. Im Jahr 2020 hatte die Gemeinde die Zuwanderungsinitiative noch mit 75,4 Prozent der Stimmen abgelehnt."
2216,50.6,50.6,49.4,"Pierrafortscha FR","Pierrafortscha hat die Initiative ""Keine 10-Millionen-Schweiz"" angenommen; der Ja-Stimmen-Anteil liegt bei 50,6 Prozent. Mit diesem Ergebnis wechselt #gemeinde_d ins Ja-Lager. Im Jahr 2020 hatte die Gemeinde die Zuwanderungsinitiative noch mit 64,9 Prozent der Stimmen abgelehnt."
2220,14.8,14.8,85.2,"Le Mouret FR","Die Initiative ""Keine 10-Millionen-Schweiz"" erreicht in Le Mouret 85,2 Prozent Nein-Stimmen. Die Ablehnung der Initiative ""Keine 10-Millionen-Schweiz!» ist stärker als jene zur Zuwanderungsinitiative im Jahr 2020. Der Nein-Anteil in #gemeinde_d lag damals bei 57,3 Prozent."
2226,69.8,69.8,30.2,"Treyvaux FR","Treyvaux hat die Initiative ""Keine 10-Millionen-Schweiz"" angenommen; der Ja-Stimmen-Anteil liegt bei 69,8 Prozent. Mit diesem Ergebnis wechselt #gemeinde_d ins Ja-Lager. Im Jahr 2020 hatte die Gemeinde die Zuwanderungsinitiative noch mit 63,4 Prozent der Stimmen abgelehnt."
2228,83,83,17,"Villars-sur-Glâne FR","Mit 83 Prozent Ja-Stimmen hat eine Mehrheit der Stimmberechtigten in Villars-sur-Glâne der Initiative ""Keine 10-Millionen-Schweiz"" zugestimmt. Mit diesem Ergebnis wechselt #gemeinde_d ins Ja-Lager. Im Jahr 2020 hatte die Gemeinde die Zuwanderungsinitiative noch mit 77,2 Prozent der Stimmen abgelehnt."
2230,55.5,55.5,44.5,"Villarsel-sur-Marly FR","In Villarsel-sur-Marly erhält die Initiative ""Keine 10-Millionen-Schweiz"" 55,5 Prozent Zustimmung. Mit diesem Ergebnis wechselt #gemeinde_d ins Ja-Lager. Im Jahr 2020 hatte die Gemeinde die Zuwanderungsinitiative noch mit 64,9 Prozent der Stimmen abgelehnt."
2233,80,80,20,"Hauterive FR","Hauterive FR hat die Initiative ""Keine 10-Millionen-Schweiz"" angenommen; der Ja-Stimmen-Anteil liegt bei 80 Prozent. Mit diesem Ergebnis wechselt #gemeinde_d ins Ja-Lager. Im Jahr 2020 hatte die Gemeinde die Zuwanderungsinitiative noch mit 67,9 Prozent der Stimmen abgelehnt."
2234,51.4,51.4,48.6,"La Brillaz FR","La Brillaz hat die Initiative ""Keine 10-Millionen-Schweiz"" angenommen; der Ja-Stimmen-Anteil liegt bei 51,4 Prozent. Mit diesem Ergebnis wechselt #gemeinde_d ins Ja-Lager. Im Jahr 2020 hatte die Gemeinde die Zuwanderungsinitiative noch mit 67,1 Prozent der Stimmen abgelehnt."
2235,70.2,70.2,29.8,"La Sonnaz FR","Die Initiative ""Keine 10-Millionen-Schweiz"" erreicht in La Sonnaz 70,2 Prozent Ja-Stimmen. Mit diesem Ergebnis wechselt #gemeinde_d ins Ja-Lager. Im Jahr 2020 hatte die Gemeinde die Zuwanderungsinitiative noch mit 70,7 Prozent der Stimmen abgelehnt."
2236,25,25,75,"Gibloux FR","In Gibloux findet die Initiative ""Keine 10-Millionen-Schweiz"" mit 75 Prozent keine Mehrheit. Die Ablehnung der Initiative ""Keine 10-Millionen-Schweiz!» ist stärker als jene zur Zuwanderungsinitiative im Jahr 2020. Der Nein-Anteil in #gemeinde_d lag damals bei 66,1 Prozent."
2237,35,35,65,"Prez FR","65 Prozent der Stimmbürgerinnen und Stimmbürger von Prez sprechen sich gegen die Initiative ""Keine 10-Millionen-Schweiz"" aus. Die Ablehnung der Initiative fällt jedoch geringer aus als zur Zuwanderungsinitiative im Jahr 2020. Die Abstimmenden von #gemeinde_d hatten damals mit 68 Prozent Nein gestimmt."
2238,5.8,5.8,94.2,"Bois-d'Amont FR","In Bois-d'Amont wird die Initiative ""Keine 10-Millionen-Schweiz"" mit 94,2 Prozent abgelehnt. Die Ablehnung der Initiative ""Keine 10-Millionen-Schweiz!» ist stärker als jene zur Zuwanderungsinitiative im Jahr 2020. Der Nein-Anteil in #gemeinde_d lag damals bei 68,2 Prozent."
2239,68.6,68.6,31.4,"Grolley-Ponthaux FR","In Grolley-Ponthaux erhält die Initiative ""Keine 10-Millionen-Schweiz"" 68,6 Prozent Zustimmung. Mit diesem Ergebnis wechselt #gemeinde_d ins Ja-Lager. Im Jahr 2020 hatte die Gemeinde die Zuwanderungsinitiative noch mit 61,6 Prozent der Stimmen abgelehnt."
2250,62.9,62.9,37.1,"Gurwolf FR","62,9 Prozent der Stimmbürgerinnen und Stimmbürger von Gurwolf haben sich für die Initiative ""Keine 10-Millionen-Schweiz"" ausgesprochen. Mit diesem Ergebnis wechselt #gemeinde_d ins Ja-Lager. Im Jahr 2020 hatte die Gemeinde die Zuwanderungsinitiative noch mit 67,7 Prozent der Stimmen abgelehnt."
2254,51.9,51.9,48.1,"Courtepin FR","In Courtepin erhält die Initiative ""Keine 10-Millionen-Schweiz"" 51,9 Prozent Zustimmung. Mit diesem Ergebnis wechselt #gemeinde_d ins Ja-Lager. Im Jahr 2020 hatte die Gemeinde die Zuwanderungsinitiative noch mit 57,3 Prozent der Stimmen abgelehnt."
2257,51.5,51.5,48.5,"Cressier FR","Cressier FR hat die Initiative ""Keine 10-Millionen-Schweiz"" angenommen; der Ja-Stimmen-Anteil liegt bei 51,5 Prozent. Mit diesem Ergebnis wechselt #gemeinde_d ins Ja-Lager. Im Jahr 2020 hatte die Gemeinde die Zuwanderungsinitiative noch mit 66,1 Prozent der Stimmen abgelehnt."
2258,75.8,75.8,24.2,"Fräschels FR","Die Initiative ""Keine 10-Millionen-Schweiz"" erreicht in Fräschels 75,8 Prozent Ja-Stimmen. Mit diesem Ergebnis wechselt #gemeinde_d ins Ja-Lager. Im Jahr 2020 hatte die Gemeinde die Zuwanderungsinitiative noch mit 55,8 Prozent der Stimmen abgelehnt."
2261,38.4,38.4,61.6,"Greng FR","In Greng findet die Initiative ""Keine 10-Millionen-Schweiz"" mit 61,6 Prozent keine Mehrheit. Die Ablehnung der Initiative ""Keine 10-Millionen-Schweiz!» ist stärker als jene zur Zuwanderungsinitiative im Jahr 2020. Der Nein-Anteil in #gemeinde_d lag damals bei 60,4 Prozent."
2262,73.6,73.6,26.4,"Gurmels FR","In Gurmels erhält die Initiative ""Keine 10-Millionen-Schweiz"" 73,6 Prozent Zustimmung. Mit diesem Ergebnis wechselt #gemeinde_d ins Ja-Lager. Im Jahr 2020 hatte die Gemeinde die Zuwanderungsinitiative noch mit 55,6 Prozent der Stimmen abgelehnt."
2265,48.8,48.8,51.2,"Kerzers FR","In Kerzers ist die Initiative ""Keine 10-Millionen-Schweiz"" mit 51,2 Prozent der Stimmen gescheitert. Die Ablehnung der Initiative fällt jedoch geringer aus als zur Zuwanderungsinitiative im Jahr 2020. Die Abstimmenden von #gemeinde_d hatten damals mit 63,3 Prozent Nein gestimmt."
2266,39.3,39.3,60.7,"Kleinbösingen FR","In Kleinbösingen ist die Initiative ""Keine 10-Millionen-Schweiz"" mit 60,7 Prozent der Stimmen gescheitert. Die Ablehnung der Initiative ""Keine 10-Millionen-Schweiz!» ist stärker als jene zur Zuwanderungsinitiative im Jahr 2020. Der Nein-Anteil in #gemeinde_d lag damals bei 59,3 Prozent."
2271,25,25,75,"Merlach FR","Die Initiative ""Keine 10-Millionen-Schweiz"" erreicht in Merlach 75 Prozent Nein-Stimmen. Die Ablehnung der Initiative ""Keine 10-Millionen-Schweiz!» ist stärker als jene zur Zuwanderungsinitiative im Jahr 2020. Der Nein-Anteil in #gemeinde_d lag damals bei 65,8 Prozent."
2272,98,98,2,"Misery-Courtion FR","Mit 98 Prozent Ja-Stimmen hat eine Mehrheit der Stimmberechtigten in Misery-Courtion der Initiative ""Keine 10-Millionen-Schweiz"" zugestimmt. Mit diesem Ergebnis wechselt #gemeinde_d ins Ja-Lager. Im Jahr 2020 hatte die Gemeinde die Zuwanderungsinitiative noch mit 53,7 Prozent der Stimmen abgelehnt."
2274,61.7,61.7,38.3,"Muntelier FR","In Muntelier erhält die Initiative ""Keine 10-Millionen-Schweiz"" 61,7 Prozent Zustimmung. Mit diesem Ergebnis wechselt #gemeinde_d ins Ja-Lager. Im Jahr 2020 hatte die Gemeinde die Zuwanderungsinitiative noch mit 72,3 Prozent der Stimmen abgelehnt."
2275,21.2,21.2,78.8,"Murten FR","In Murten ist die Initiative ""Keine 10-Millionen-Schweiz"" mit 78,8 Prozent der Stimmen gescheitert. Die Ablehnung der Initiative ""Keine 10-Millionen-Schweiz!» ist stärker als jene zur Zuwanderungsinitiative im Jahr 2020. Der Nein-Anteil in #gemeinde_d lag damals bei 62 Prozent."
2276,9.9,9.9,90.1,"Ried bei Kerzers FR","In Ried bei Kerzers ist die Initiative ""Keine 10-Millionen-Schweiz"" mit 90,1 Prozent der Stimmen gescheitert. Die Ablehnung der Initiative ""Keine 10-Millionen-Schweiz!» ist stärker als jene zur Zuwanderungsinitiative im Jahr 2020. Der Nein-Anteil in #gemeinde_d lag damals bei 57,7 Prozent."
2284,82.1,82.1,17.9,"Mont-Vully FR","Mit 82,1 Prozent Ja-Stimmen hat eine Mehrheit der Stimmberechtigten in Mont-Vully der Initiative ""Keine 10-Millionen-Schweiz"" zugestimmt. Mit diesem Ergebnis wechselt #gemeinde_d ins Ja-Lager. Im Jahr 2020 hatte die Gemeinde die Zuwanderungsinitiative noch mit 66,9 Prozent der Stimmen abgelehnt."
2292,56.5,56.5,43.5,"Brünisried FR","Die Initiative ""Keine 10-Millionen-Schweiz"" erreicht in Brünisried 56,5 Prozent Ja-Stimmen. Die Unterstützung für die Initiative ""Keine 10-Millionen-Schweiz!» hat in #gemeinde_d gegenüber der Zuwanderungsinitiative im Jahr 2020 zugenommen. Bei jener Abstimmung hatten 53,2 Prozent der Abstimmenden der Gemeinde die Vorlage angenommen."
2293,72.9,72.9,27.1,"Düdingen FR","Mit 72,9 Prozent Ja-Stimmen hat eine Mehrheit der Stimmberechtigten in Düdingen der Initiative ""Keine 10-Millionen-Schweiz"" zugestimmt. Mit diesem Ergebnis wechselt #gemeinde_d ins Ja-Lager. Im Jahr 2020 hatte die Gemeinde die Zuwanderungsinitiative noch mit 65,2 Prozent der Stimmen abgelehnt."
2294,72.8,72.8,27.2,"Giffers FR","In Giffers erhält die Initiative ""Keine 10-Millionen-Schweiz"" 72,8 Prozent Zustimmung. Mit diesem Ergebnis wechselt #gemeinde_d ins Ja-Lager. Im Jahr 2020 hatte die Gemeinde die Zuwanderungsinitiative noch mit 54 Prozent der Stimmen abgelehnt."
2295,40,40,60,"Bösingen FR","Die Initiative ""Keine 10-Millionen-Schweiz"" erreicht in Bösingen 60 Prozent Nein-Stimmen. Die Ablehnung der Initiative fällt jedoch geringer aus als zur Zuwanderungsinitiative im Jahr 2020. Die Abstimmenden von #gemeinde_d hatten damals mit 61,5 Prozent Nein gestimmt."
2296,8.2,8.2,91.8,"Heitenried FR","Die Initiative ""Keine 10-Millionen-Schweiz"" erreicht in Heitenried 91,8 Prozent Nein-Stimmen. Die Ablehnung der Initiative ""Keine 10-Millionen-Schweiz!» ist stärker als jene zur Zuwanderungsinitiative im Jahr 2020. Der Nein-Anteil in #gemeinde_d lag damals bei 60,2 Prozent."
2299,39.7,39.7,60.3,"Plaffeien FR","60,3 Prozent der Stimmbürgerinnen und Stimmbürger von Plaffeien sprechen sich gegen die Initiative ""Keine 10-Millionen-Schweiz"" aus. In den vergangenen fünf Jahren hat die Gemeinde somit bei der Frage der Zuwanderung das Lager gewechselt. #gemeinde_d hatte die Zuwanderungsinitiative im Jahr 2020 mit 49 Prozent abgelehnt."
2300,75.8,75.8,24.2,"Plasselb FR","Plasselb hat die Initiative ""Keine 10-Millionen-Schweiz"" angenommen; der Ja-Stimmen-Anteil liegt bei 75,8 Prozent. Die Unterstützung für die Initiative ""Keine 10-Millionen-Schweiz!» hat in #gemeinde_d gegenüber der Zuwanderungsinitiative im Jahr 2020 zugenommen. Bei jener Abstimmung hatten 53,9 Prozent der Abstimmenden der Gemeinde die Vorlage angenommen."
2301,42.2,42.2,57.8,"Rechthalten FR","57,8 Prozent der Stimmbürgerinnen und Stimmbürger von Rechthalten sprechen sich gegen die Initiative ""Keine 10-Millionen-Schweiz"" aus. Die Ablehnung der Initiative ""Keine 10-Millionen-Schweiz!» ist stärker als jene zur Zuwanderungsinitiative im Jahr 2020. Der Nein-Anteil in #gemeinde_d lag damals bei 51,5 Prozent."
2303,97.6,97.6,2.4,"St. Silvester FR","Die Initiative ""Keine 10-Millionen-Schweiz"" erreicht in St. Silvester 97,6 Prozent Ja-Stimmen. Die Unterstützung für die Initiative ""Keine 10-Millionen-Schweiz!» hat in #gemeinde_d gegenüber der Zuwanderungsinitiative im Jahr 2020 zugenommen. Bei jener Abstimmung hatten 61,5 Prozent der Abstimmenden der Gemeinde die Vorlage angenommen."
2304,86.9,86.9,13.1,"St. Ursen FR","Mit 86,9 Prozent Ja-Stimmen hat eine Mehrheit der Stimmberechtigten in St. Ursen der Initiative ""Keine 10-Millionen-Schweiz"" zugestimmt. Mit diesem Ergebnis wechselt #gemeinde_d ins Ja-Lager. Im Jahr 2020 hatte die Gemeinde die Zuwanderungsinitiative noch mit 59,4 Prozent der Stimmen abgelehnt."
2305,59.4,59.4,40.6,"Schmitten FR","Schmitten FR hat die Initiative ""Keine 10-Millionen-Schweiz"" angenommen; der Ja-Stimmen-Anteil liegt bei 59,4 Prozent. Mit diesem Ergebnis wechselt #gemeinde_d ins Ja-Lager. Im Jahr 2020 hatte die Gemeinde die Zuwanderungsinitiative noch mit 66,1 Prozent der Stimmen abgelehnt."
2306,4.6,4.6,95.4,"Tafers FR","95,4 Prozent der Stimmbürgerinnen und Stimmbürger von Tafers sprechen sich gegen die Initiative ""Keine 10-Millionen-Schweiz"" aus. Die Ablehnung der Initiative ""Keine 10-Millionen-Schweiz!» ist stärker als jene zur Zuwanderungsinitiative im Jahr 2020. Der Nein-Anteil in #gemeinde_d lag damals bei 58,7 Prozent."
2307,81.1,81.1,18.9,"Tentlingen FR","Tentlingen hat die Initiative ""Keine 10-Millionen-Schweiz"" angenommen; der Ja-Stimmen-Anteil liegt bei 81,1 Prozent. Mit diesem Ergebnis wechselt #gemeinde_d ins Ja-Lager. Im Jahr 2020 hatte die Gemeinde die Zuwanderungsinitiative noch mit 56,5 Prozent der Stimmen abgelehnt."
2308,41,41,59,"Ueberstorf FR","Die Initiative ""Keine 10-Millionen-Schweiz"" erreicht in Ueberstorf 59 Prozent Nein-Stimmen. Die Ablehnung der Initiative ""Keine 10-Millionen-Schweiz!» ist stärker als jene zur Zuwanderungsinitiative im Jahr 2020. Der Nein-Anteil in #gemeinde_d lag damals bei 57,1 Prozent."
2309,40.2,40.2,59.8,"Wünnewil-Flamatt FR","In Wünnewil-Flamatt findet die Initiative ""Keine 10-Millionen-Schweiz"" mit 59,8 Prozent keine Mehrheit. Die Ablehnung der Initiative fällt jedoch geringer aus als zur Zuwanderungsinitiative im Jahr 2020. Die Abstimmenden von #gemeinde_d hatten damals mit 61,5 Prozent Nein gestimmt."
2321,56.9,56.9,43.1,"Attalens FR","Mit 56,9 Prozent Ja-Stimmen hat eine Mehrheit der Stimmberechtigten in Attalens der Initiative ""Keine 10-Millionen-Schweiz"" zugestimmt. Mit diesem Ergebnis wechselt #gemeinde_d ins Ja-Lager. Im Jahr 2020 hatte die Gemeinde die Zuwanderungsinitiative noch mit 69,8 Prozent der Stimmen abgelehnt."
2323,2.2,2.2,97.8,"Bossonnens FR","97,8 Prozent der Stimmbürgerinnen und Stimmbürger von Bossonnens sprechen sich gegen die Initiative ""Keine 10-Millionen-Schweiz"" aus. Die Ablehnung der Initiative ""Keine 10-Millionen-Schweiz!» ist stärker als jene zur Zuwanderungsinitiative im Jahr 2020. Der Nein-Anteil in #gemeinde_d lag damals bei 67,3 Prozent."
2325,56.6,56.6,43.4,"Châtel-Saint-Denis FR","Mit 56,6 Prozent Ja-Stimmen hat eine Mehrheit der Stimmberechtigten in Châtel-Saint-Denis der Initiative ""Keine 10-Millionen-Schweiz"" zugestimmt. Mit diesem Ergebnis wechselt #gemeinde_d ins Ja-Lager. Im Jahr 2020 hatte die Gemeinde die Zuwanderungsinitiative noch mit 62,9 Prozent der Stimmen abgelehnt."
2328,80.5,80.5,19.5,"Granges (Veveyse) FR","Mit 80,5 Prozent Ja-Stimmen hat eine Mehrheit der Stimmberechtigten in Granges (Veveyse) der Initiative ""Keine 10-Millionen-Schweiz"" zugestimmt. Mit diesem Ergebnis wechselt #gemeinde_d ins Ja-Lager. Im Jahr 2020 hatte die Gemeinde die Zuwanderungsinitiative noch mit 66,5 Prozent der Stimmen abgelehnt."
2333,50.2,50.2,49.8,"Remaufens FR","In Remaufens erhält die Initiative ""Keine 10-Millionen-Schweiz"" 50,2 Prozent Zustimmung. Mit diesem Ergebnis wechselt #gemeinde_d ins Ja-Lager. Im Jahr 2020 hatte die Gemeinde die Zuwanderungsinitiative noch mit 61,2 Prozent der Stimmen abgelehnt."
2335,26.8,26.8,73.2,"Saint-Martin FR","In Saint-Martin FR findet die Initiative ""Keine 10-Millionen-Schweiz"" mit 73,2 Prozent keine Mehrheit. Die Ablehnung der Initiative ""Keine 10-Millionen-Schweiz!» ist stärker als jene zur Zuwanderungsinitiative im Jahr 2020. Der Nein-Anteil in #gemeinde_d lag damals bei 62,5 Prozent."
2336,30.7,30.7,69.3,"Semsales FR","69,3 Prozent der Stimmbürgerinnen und Stimmbürger von Semsales sprechen sich gegen die Initiative ""Keine 10-Millionen-Schweiz"" aus. Die Ablehnung der Initiative ""Keine 10-Millionen-Schweiz!» ist stärker als jene zur Zuwanderungsinitiative im Jahr 2020. Der Nein-Anteil in #gemeinde_d lag damals bei 57,3 Prozent."
2337,8.7,8.7,91.3,"Le Flon FR","Die Initiative ""Keine 10-Millionen-Schweiz"" erreicht in Le Flon 91,3 Prozent Nein-Stimmen. Die Ablehnung der Initiative ""Keine 10-Millionen-Schweiz!» ist stärker als jene zur Zuwanderungsinitiative im Jahr 2020. Der Nein-Anteil in #gemeinde_d lag damals bei 60,7 Prozent."
2338,36.3,36.3,63.7,"La Verrerie FR","In La Verrerie wird die Initiative ""Keine 10-Millionen-Schweiz"" mit 63,7 Prozent abgelehnt. Die Ablehnung der Initiative ""Keine 10-Millionen-Schweiz!» ist stärker als jene zur Zuwanderungsinitiative im Jahr 2020. Der Nein-Anteil in #gemeinde_d lag damals bei 53,3 Prozent."
2401,29.4,29.4,70.6,"Egerkingen SO","In Egerkingen ist die Initiative ""Keine 10-Millionen-Schweiz"" mit 70,6 Prozent der Stimmen gescheitert. In den vergangenen fünf Jahren hat die Gemeinde somit bei der Frage der Zuwanderung das Lager gewechselt. #gemeinde_d hatte die Zuwanderungsinitiative im Jahr 2020 mit 45 Prozent abgelehnt."
2402,35.7,35.7,64.3,"Härkingen SO","Die Initiative ""Keine 10-Millionen-Schweiz"" erreicht in Härkingen 64,3 Prozent Nein-Stimmen. In den vergangenen fünf Jahren hat die Gemeinde somit bei der Frage der Zuwanderung das Lager gewechselt. #gemeinde_d hatte die Zuwanderungsinitiative im Jahr 2020 mit 48 Prozent abgelehnt."
2403,43.2,43.2,56.8,"Kestenholz SO","56,8 Prozent der Stimmbürgerinnen und Stimmbürger von Kestenholz sprechen sich gegen die Initiative ""Keine 10-Millionen-Schweiz"" aus. Das Ergebnis hat sich im Vergleich zur Abstimmung über die Zuwanderungsinitiative im Jahr 2020 kaum verändert. #gemeinde_d hatte damals mit 56,9 Prozent Nein gestimmt."
2404,52.8,52.8,47.2,"Neuendorf SO","Mit 52,8 Prozent befürworten die Stimmberechtigten von Neuendorf die Initiative ""Keine 10-Millionen-Schweiz"". Mit diesem Ergebnis wechselt #gemeinde_d ins Ja-Lager. Im Jahr 2020 hatte die Gemeinde die Zuwanderungsinitiative noch mit 50,6 Prozent der Stimmen abgelehnt."
2405,35.3,35.3,64.7,"Niederbuchsiten SO","64,7 Prozent der Stimmbürgerinnen und Stimmbürger von Niederbuchsiten sprechen sich gegen die Initiative ""Keine 10-Millionen-Schweiz"" aus. In den vergangenen fünf Jahren hat die Gemeinde somit bei der Frage der Zuwanderung das Lager gewechselt. #gemeinde_d hatte die Zuwanderungsinitiative im Jahr 2020 mit 41,2 Prozent abgelehnt."
2406,2.3,2.3,97.7,"Oberbuchsiten SO","97,7 Prozent der Stimmbürgerinnen und Stimmbürger von Oberbuchsiten sprechen sich gegen die Initiative ""Keine 10-Millionen-Schweiz"" aus. In den vergangenen fünf Jahren hat die Gemeinde somit bei der Frage der Zuwanderung das Lager gewechselt. #gemeinde_d hatte die Zuwanderungsinitiative im Jahr 2020 mit 49,1 Prozent abgelehnt."
2407,46.1,46.1,53.9,"Oensingen SO","Die Initiative ""Keine 10-Millionen-Schweiz"" erreicht in Oensingen 53,9 Prozent Nein-Stimmen. In den vergangenen fünf Jahren hat die Gemeinde somit bei der Frage der Zuwanderung das Lager gewechselt. #gemeinde_d hatte die Zuwanderungsinitiative im Jahr 2020 mit 49,9 Prozent abgelehnt."
2408,50.2,50.2,49.8,"Wolfwil SO","Die Initiative ""Keine 10-Millionen-Schweiz"" erreicht in Wolfwil 50,2 Prozent Ja-Stimmen. Mit diesem Ergebnis wechselt #gemeinde_d ins Ja-Lager. Im Jahr 2020 hatte die Gemeinde die Zuwanderungsinitiative noch mit 54,8 Prozent der Stimmen abgelehnt."
2421,62.9,62.9,37.1,"Aedermannsdorf SO","Mit 62,9 Prozent befürworten die Stimmberechtigten von Aedermannsdorf die Initiative ""Keine 10-Millionen-Schweiz"". Mit diesem Ergebnis wechselt #gemeinde_d ins Ja-Lager. Im Jahr 2020 hatte die Gemeinde die Zuwanderungsinitiative noch mit 50,3 Prozent der Stimmen abgelehnt."
2422,40.3,40.3,59.7,"Balsthal SO","59,7 Prozent der Stimmbürgerinnen und Stimmbürger von Balsthal sprechen sich gegen die Initiative ""Keine 10-Millionen-Schweiz"" aus. In den vergangenen fünf Jahren hat die Gemeinde somit bei der Frage der Zuwanderung das Lager gewechselt. #gemeinde_d hatte die Zuwanderungsinitiative im Jahr 2020 mit 49,7 Prozent abgelehnt."
2424,61,61,39,"Herbetswil SO","61 Prozent der Stimmbürgerinnen und Stimmbürger von Herbetswil haben sich für die Initiative ""Keine 10-Millionen-Schweiz"" ausgesprochen. Die Unterstützung für die Initiative ""Keine 10-Millionen-Schweiz!» hat in #gemeinde_d gegenüber der Zuwanderungsinitiative im Jahr 2020 zugenommen. Bei jener Abstimmung hatten 54,9 Prozent der Abstimmenden der Gemeinde die Vorlage angenommen."
2425,62.8,62.8,37.2,"Holderbank SO","Holderbank SO hat die Initiative ""Keine 10-Millionen-Schweiz"" angenommen; der Ja-Stimmen-Anteil liegt bei 62,8 Prozent. Die Unterstützung für die Initiative ""Keine 10-Millionen-Schweiz!» hat in #gemeinde_d gegenüber der Zuwanderungsinitiative im Jahr 2020 zugenommen. Bei jener Abstimmung hatten 60 Prozent der Abstimmenden der Gemeinde die Vorlage angenommen."
2426,37.3,37.3,62.7,"Laupersdorf SO","In Laupersdorf wird die Initiative ""Keine 10-Millionen-Schweiz"" mit 62,7 Prozent abgelehnt. In den vergangenen fünf Jahren hat die Gemeinde somit bei der Frage der Zuwanderung das Lager gewechselt. #gemeinde_d hatte die Zuwanderungsinitiative im Jahr 2020 mit 46,4 Prozent abgelehnt."
2427,52.8,52.8,47.2,"Matzendorf SO","Mit 52,8 Prozent befürworten die Stimmberechtigten von Matzendorf die Initiative ""Keine 10-Millionen-Schweiz"". Die Unterstützung für die Initiative ""Keine 10-Millionen-Schweiz!» fällt geringer aus als jene für die Zuwanderungsinitiative im Jahr 2020. Die Abstimmenden von #gemeinde_d hatten damals mit 57,4 Prozent Ja gestimmt."
2428,55.9,55.9,44.1,"Mümliswil-Ramiswil SO","Mümliswil-Ramiswil hat die Initiative ""Keine 10-Millionen-Schweiz"" angenommen; der Ja-Stimmen-Anteil liegt bei 55,9 Prozent. Die Unterstützung für die Initiative ""Keine 10-Millionen-Schweiz!» fällt geringer aus als jene für die Zuwanderungsinitiative im Jahr 2020. Die Abstimmenden von #gemeinde_d hatten damals mit 60 Prozent Ja gestimmt."
2430,69.4,69.4,30.6,"Welschenrohr-Gänsbrunnen SO","69,4 Prozent der Stimmbürgerinnen und Stimmbürger von Welschenrohr-Gänsbrunnen haben sich für die Initiative ""Keine 10-Millionen-Schweiz"" ausgesprochen. Die Unterstützung für die Initiative ""Keine 10-Millionen-Schweiz!» hat in #gemeinde_d gegenüber der Zuwanderungsinitiative im Jahr 2020 zugenommen. Bei jener Abstimmung hatten 51,6 Prozent der Abstimmenden der Gemeinde die Vorlage angenommen."
2445,75.9,75.9,24.1,"Biezwil SO","Biezwil hat die Initiative ""Keine 10-Millionen-Schweiz"" angenommen; der Ja-Stimmen-Anteil liegt bei 75,9 Prozent. Die Unterstützung für die Initiative ""Keine 10-Millionen-Schweiz!» hat in #gemeinde_d gegenüber der Zuwanderungsinitiative im Jahr 2020 zugenommen. Bei jener Abstimmung hatten 56,1 Prozent der Abstimmenden der Gemeinde die Vorlage angenommen."
2455,40.6,40.6,59.4,"Lüterkofen-Ichertswil SO","59,4 Prozent der Stimmbürgerinnen und Stimmbürger von Lüterkofen-Ichertswil sprechen sich gegen die Initiative ""Keine 10-Millionen-Schweiz"" aus. Die Ablehnung der Initiative fällt jedoch geringer aus als zur Zuwanderungsinitiative im Jahr 2020. Die Abstimmenden von #gemeinde_d hatten damals mit 62,3 Prozent Nein gestimmt."
2457,99.6,99.6,0.4,"Messen SO","99,6 Prozent der Stimmbürgerinnen und Stimmbürger von Messen haben sich für die Initiative ""Keine 10-Millionen-Schweiz"" ausgesprochen. Die Unterstützung für die Initiative ""Keine 10-Millionen-Schweiz!» hat in #gemeinde_d gegenüber der Zuwanderungsinitiative im Jahr 2020 zugenommen. Bei jener Abstimmung hatten 51,1 Prozent der Abstimmenden der Gemeinde die Vorlage angenommen."
2461,53.4,53.4,46.6,"Schnottwil SO","Mit 53,4 Prozent Ja-Stimmen hat eine Mehrheit der Stimmberechtigten in Schnottwil der Initiative ""Keine 10-Millionen-Schweiz"" zugestimmt. Mit diesem Ergebnis wechselt #gemeinde_d ins Ja-Lager. Im Jahr 2020 hatte die Gemeinde die Zuwanderungsinitiative noch mit 53,5 Prozent der Stimmen abgelehnt."
2463,8.5,8.5,91.5,"Unterramsern SO","91,5 Prozent der Stimmbürgerinnen und Stimmbürger von Unterramsern sprechen sich gegen die Initiative ""Keine 10-Millionen-Schweiz"" aus. Die Ablehnung der Initiative ""Keine 10-Millionen-Schweiz!» ist stärker als jene zur Zuwanderungsinitiative im Jahr 2020. Der Nein-Anteil in #gemeinde_d lag damals bei 55,5 Prozent."
2464,45.8,45.8,54.2,"Lüsslingen-Nennigkofen SO","Die Initiative ""Keine 10-Millionen-Schweiz"" erreicht in Lüsslingen-Nennigkofen 54,2 Prozent Nein-Stimmen. In den vergangenen fünf Jahren hat die Gemeinde somit bei der Frage der Zuwanderung das Lager gewechselt. #gemeinde_d hatte die Zuwanderungsinitiative im Jahr 2020 mit 34,6 Prozent abgelehnt."
2465,80.2,80.2,19.8,"Buchegg SO","In Buchegg erhält die Initiative ""Keine 10-Millionen-Schweiz"" 80,2 Prozent Zustimmung. Mit diesem Ergebnis wechselt #gemeinde_d ins Ja-Lager. Im Jahr 2020 hatte die Gemeinde die Zuwanderungsinitiative noch mit 55,8 Prozent der Stimmen abgelehnt."
2471,26.9,26.9,73.1,"Bättwil SO","Die Initiative ""Keine 10-Millionen-Schweiz"" erreicht in Bättwil 73,1 Prozent Nein-Stimmen. Die Ablehnung der Initiative ""Keine 10-Millionen-Schweiz!» ist stärker als jene zur Zuwanderungsinitiative im Jahr 2020. Der Nein-Anteil in #gemeinde_d lag damals bei 65,1 Prozent."
2472,57.1,57.1,42.9,"Büren SO","Die Initiative ""Keine 10-Millionen-Schweiz"" erreicht in Büren SO 57,1 Prozent Ja-Stimmen. Mit diesem Ergebnis wechselt #gemeinde_d ins Ja-Lager. Im Jahr 2020 hatte die Gemeinde die Zuwanderungsinitiative noch mit 53,4 Prozent der Stimmen abgelehnt."
2473,57.5,57.5,42.5,"Dornach SO","Mit 57,5 Prozent Ja-Stimmen hat eine Mehrheit der Stimmberechtigten in Dornach der Initiative ""Keine 10-Millionen-Schweiz"" zugestimmt. Mit diesem Ergebnis wechselt #gemeinde_d ins Ja-Lager. Im Jahr 2020 hatte die Gemeinde die Zuwanderungsinitiative noch mit 70,7 Prozent der Stimmen abgelehnt."
2474,55,55,45,"Gempen SO","55 Prozent der Stimmbürgerinnen und Stimmbürger von Gempen haben sich für die Initiative ""Keine 10-Millionen-Schweiz"" ausgesprochen. Mit diesem Ergebnis wechselt #gemeinde_d ins Ja-Lager. Im Jahr 2020 hatte die Gemeinde die Zuwanderungsinitiative noch mit 65,7 Prozent der Stimmen abgelehnt."
2475,47.4,47.4,52.6,"Hochwald SO","In Hochwald findet die Initiative ""Keine 10-Millionen-Schweiz"" mit 52,6 Prozent keine Mehrheit. Die Ablehnung der Initiative fällt jedoch geringer aus als zur Zuwanderungsinitiative im Jahr 2020. Die Abstimmenden von #gemeinde_d hatten damals mit 59,6 Prozent Nein gestimmt."
2476,3.7,3.7,96.3,"Hofstetten-Flüh SO","In Hofstetten-Flüh ist die Initiative ""Keine 10-Millionen-Schweiz"" mit 96,3 Prozent der Stimmen gescheitert. Die Ablehnung der Initiative ""Keine 10-Millionen-Schweiz!» ist stärker als jene zur Zuwanderungsinitiative im Jahr 2020. Der Nein-Anteil in #gemeinde_d lag damals bei 60,7 Prozent."
2477,54.3,54.3,45.7,"Metzerlen-Mariastein SO","Die Initiative ""Keine 10-Millionen-Schweiz"" erreicht in Metzerlen-Mariastein 54,3 Prozent Ja-Stimmen. Mit diesem Ergebnis wechselt #gemeinde_d ins Ja-Lager. Im Jahr 2020 hatte die Gemeinde die Zuwanderungsinitiative noch mit 58,4 Prozent der Stimmen abgelehnt."
2478,2.1,2.1,97.9,"Nuglar-St. Pantaleon SO","In Nuglar-St. Pantaleon wird die Initiative ""Keine 10-Millionen-Schweiz"" mit 97,9 Prozent abgelehnt. Die Ablehnung der Initiative ""Keine 10-Millionen-Schweiz!» ist stärker als jene zur Zuwanderungsinitiative im Jahr 2020. Der Nein-Anteil in #gemeinde_d lag damals bei 53,8 Prozent."
2479,53.3,53.3,46.7,"Rodersdorf SO","Mit 53,3 Prozent Ja-Stimmen hat eine Mehrheit der Stimmberechtigten in Rodersdorf der Initiative ""Keine 10-Millionen-Schweiz"" zugestimmt. Mit diesem Ergebnis wechselt #gemeinde_d ins Ja-Lager. Im Jahr 2020 hatte die Gemeinde die Zuwanderungsinitiative noch mit 69,9 Prozent der Stimmen abgelehnt."
2480,58,58,42,"Seewen SO","Mit 58 Prozent befürworten die Stimmberechtigten von Seewen die Initiative ""Keine 10-Millionen-Schweiz"". Mit diesem Ergebnis wechselt #gemeinde_d ins Ja-Lager. Im Jahr 2020 hatte die Gemeinde die Zuwanderungsinitiative noch mit 52,6 Prozent der Stimmen abgelehnt."
2481,48,48,52,"Witterswil SO","In Witterswil ist die Initiative ""Keine 10-Millionen-Schweiz"" mit 52 Prozent der Stimmen gescheitert. Die Ablehnung der Initiative fällt jedoch geringer aus als zur Zuwanderungsinitiative im Jahr 2020. Die Abstimmenden von #gemeinde_d hatten damals mit 59,8 Prozent Nein gestimmt."
2491,39.9,39.9,60.1,"Hauenstein-Ifenthal SO","In Hauenstein-Ifenthal wird die Initiative ""Keine 10-Millionen-Schweiz"" mit 60,1 Prozent abgelehnt. Die Ablehnung der Initiative ""Keine 10-Millionen-Schweiz!» ist stärker als jene zur Zuwanderungsinitiative im Jahr 2020. Der Nein-Anteil in #gemeinde_d lag damals bei 54,2 Prozent."
2492,78.7,78.7,21.3,"Kienberg SO","Mit 78,7 Prozent befürworten die Stimmberechtigten von Kienberg die Initiative ""Keine 10-Millionen-Schweiz"". Die Unterstützung für die Initiative ""Keine 10-Millionen-Schweiz!» hat in #gemeinde_d gegenüber der Zuwanderungsinitiative im Jahr 2020 zugenommen. Bei jener Abstimmung hatten 59,7 Prozent der Abstimmenden der Gemeinde die Vorlage angenommen."
2493,48.1,48.1,51.9,"Lostorf SO","51,9 Prozent der Stimmbürgerinnen und Stimmbürger von Lostorf sprechen sich gegen die Initiative ""Keine 10-Millionen-Schweiz"" aus. Die Ablehnung der Initiative fällt jedoch geringer aus als zur Zuwanderungsinitiative im Jahr 2020. Die Abstimmenden von #gemeinde_d hatten damals mit 58 Prozent Nein gestimmt."
2495,61.9,61.9,38.1,"Niedergösgen SO","Niedergösgen hat die Initiative ""Keine 10-Millionen-Schweiz"" angenommen; der Ja-Stimmen-Anteil liegt bei 61,9 Prozent. Mit diesem Ergebnis wechselt #gemeinde_d ins Ja-Lager. Im Jahr 2020 hatte die Gemeinde die Zuwanderungsinitiative noch mit 52,4 Prozent der Stimmen abgelehnt."
2497,19.7,19.7,80.3,"Obergösgen SO","Die Initiative ""Keine 10-Millionen-Schweiz"" erreicht in Obergösgen 80,3 Prozent Nein-Stimmen. Die Ablehnung der Initiative ""Keine 10-Millionen-Schweiz!» ist stärker als jene zur Zuwanderungsinitiative im Jahr 2020. Der Nein-Anteil in #gemeinde_d lag damals bei 50,4 Prozent."
2499,60.9,60.9,39.1,"Stüsslingen SO","Stüsslingen hat die Initiative ""Keine 10-Millionen-Schweiz"" angenommen; der Ja-Stimmen-Anteil liegt bei 60,9 Prozent. Mit diesem Ergebnis wechselt #gemeinde_d ins Ja-Lager. Im Jahr 2020 hatte die Gemeinde die Zuwanderungsinitiative noch mit 54 Prozent der Stimmen abgelehnt."
2500,68.6,68.6,31.4,"Trimbach SO","Mit 68,6 Prozent Ja-Stimmen hat eine Mehrheit der Stimmberechtigten in Trimbach der Initiative ""Keine 10-Millionen-Schweiz"" zugestimmt. Mit diesem Ergebnis wechselt #gemeinde_d ins Ja-Lager. Im Jahr 2020 hatte die Gemeinde die Zuwanderungsinitiative noch mit 60,8 Prozent der Stimmen abgelehnt."
2501,75,75,25,"Winznau SO","Die Initiative ""Keine 10-Millionen-Schweiz"" erreicht in Winznau 75 Prozent Ja-Stimmen. Mit diesem Ergebnis wechselt #gemeinde_d ins Ja-Lager. Im Jahr 2020 hatte die Gemeinde die Zuwanderungsinitiative noch mit 58,5 Prozent der Stimmen abgelehnt."
2502,49.3,49.3,50.7,"Wisen SO","Die Initiative ""Keine 10-Millionen-Schweiz"" erreicht in Wisen SO 50,7 Prozent Nein-Stimmen. Die Ablehnung der Initiative fällt jedoch geringer aus als zur Zuwanderungsinitiative im Jahr 2020. Die Abstimmenden von #gemeinde_d hatten damals mit 58,6 Prozent Nein gestimmt."
2503,58.9,58.9,41.1,"Erlinsbach SO","Mit 58,9 Prozent befürworten die Stimmberechtigten von Erlinsbach SO die Initiative ""Keine 10-Millionen-Schweiz"". Mit diesem Ergebnis wechselt #gemeinde_d ins Ja-Lager. Im Jahr 2020 hatte die Gemeinde die Zuwanderungsinitiative noch mit 58,1 Prozent der Stimmen abgelehnt."
2511,57.4,57.4,42.6,"Aeschi SO","Aeschi SO hat die Initiative ""Keine 10-Millionen-Schweiz"" angenommen; der Ja-Stimmen-Anteil liegt bei 57,4 Prozent. Mit diesem Ergebnis wechselt #gemeinde_d ins Ja-Lager. Im Jahr 2020 hatte die Gemeinde die Zuwanderungsinitiative noch mit 54,9 Prozent der Stimmen abgelehnt."
2513,25.2,25.2,74.8,"Biberist SO","74,8 Prozent der Stimmbürgerinnen und Stimmbürger von Biberist sprechen sich gegen die Initiative ""Keine 10-Millionen-Schweiz"" aus. Die Ablehnung der Initiative ""Keine 10-Millionen-Schweiz!» ist stärker als jene zur Zuwanderungsinitiative im Jahr 2020. Der Nein-Anteil in #gemeinde_d lag damals bei 61,9 Prozent."
2514,42.9,42.9,57.1,"Bolken SO","In Bolken ist die Initiative ""Keine 10-Millionen-Schweiz"" mit 57,1 Prozent der Stimmen gescheitert. In den vergangenen fünf Jahren hat die Gemeinde somit bei der Frage der Zuwanderung das Lager gewechselt. #gemeinde_d hatte die Zuwanderungsinitiative im Jahr 2020 mit 48,9 Prozent abgelehnt."
2516,41.3,41.3,58.7,"Deitingen SO","In Deitingen findet die Initiative ""Keine 10-Millionen-Schweiz"" mit 58,7 Prozent keine Mehrheit. Das Ergebnis hat sich im Vergleich zur Abstimmung über die Zuwanderungsinitiative im Jahr 2020 kaum verändert. #gemeinde_d hatte damals mit 58,7 Prozent Nein gestimmt."
2517,23.6,23.6,76.4,"Derendingen SO","In Derendingen findet die Initiative ""Keine 10-Millionen-Schweiz"" mit 76,4 Prozent keine Mehrheit. Die Ablehnung der Initiative ""Keine 10-Millionen-Schweiz!» ist stärker als jene zur Zuwanderungsinitiative im Jahr 2020. Der Nein-Anteil in #gemeinde_d lag damals bei 57,3 Prozent."
2518,59.4,59.4,40.6,"Etziken SO","Etziken hat die Initiative ""Keine 10-Millionen-Schweiz"" angenommen; der Ja-Stimmen-Anteil liegt bei 59,4 Prozent. Mit diesem Ergebnis wechselt #gemeinde_d ins Ja-Lager. Im Jahr 2020 hatte die Gemeinde die Zuwanderungsinitiative noch mit 51,5 Prozent der Stimmen abgelehnt."
2519,29.6,29.6,70.4,"Gerlafingen SO","70,4 Prozent der Stimmbürgerinnen und Stimmbürger von Gerlafingen sprechen sich gegen die Initiative ""Keine 10-Millionen-Schweiz"" aus. Die Ablehnung der Initiative ""Keine 10-Millionen-Schweiz!» ist stärker als jene zur Zuwanderungsinitiative im Jahr 2020. Der Nein-Anteil in #gemeinde_d lag damals bei 56,8 Prozent."
2523,48.4,48.4,51.6,"Horriwil SO","Die Initiative ""Keine 10-Millionen-Schweiz"" erreicht in Horriwil 51,6 Prozent Nein-Stimmen. Die Ablehnung der Initiative fällt jedoch geringer aus als zur Zuwanderungsinitiative im Jahr 2020. Die Abstimmenden von #gemeinde_d hatten damals mit 53 Prozent Nein gestimmt."
2524,21.9,21.9,78.1,"Hüniken SO","Die Initiative ""Keine 10-Millionen-Schweiz"" erreicht in Hüniken 78,1 Prozent Nein-Stimmen. Die Ablehnung der Initiative ""Keine 10-Millionen-Schweiz!» ist stärker als jene zur Zuwanderungsinitiative im Jahr 2020. Der Nein-Anteil in #gemeinde_d lag damals bei 56,1 Prozent."
2525,84.6,84.6,15.4,"Kriegstetten SO","Mit 84,6 Prozent Ja-Stimmen hat eine Mehrheit der Stimmberechtigten in Kriegstetten der Initiative ""Keine 10-Millionen-Schweiz"" zugestimmt. Mit diesem Ergebnis wechselt #gemeinde_d ins Ja-Lager. Im Jahr 2020 hatte die Gemeinde die Zuwanderungsinitiative noch mit 56,1 Prozent der Stimmen abgelehnt."
2526,30.2,30.2,69.8,"Lohn-Ammannsegg SO","69,8 Prozent der Stimmbürgerinnen und Stimmbürger von Lohn-Ammannsegg sprechen sich gegen die Initiative ""Keine 10-Millionen-Schweiz"" aus. Die Ablehnung der Initiative ""Keine 10-Millionen-Schweiz!» ist stärker als jene zur Zuwanderungsinitiative im Jahr 2020. Der Nein-Anteil in #gemeinde_d lag damals bei 63,9 Prozent."
2527,41.8,41.8,58.2,"Luterbach SO","In Luterbach ist die Initiative ""Keine 10-Millionen-Schweiz"" mit 58,2 Prozent der Stimmen gescheitert. Die Ablehnung der Initiative ""Keine 10-Millionen-Schweiz!» ist stärker als jene zur Zuwanderungsinitiative im Jahr 2020. Der Nein-Anteil in #gemeinde_d lag damals bei 56,9 Prozent."
2528,36.2,36.2,63.8,"Obergerlafingen SO","Die Initiative ""Keine 10-Millionen-Schweiz"" erreicht in Obergerlafingen 63,8 Prozent Nein-Stimmen."
2530,36.7,36.7,63.3,"Recherswil SO","Die Initiative ""Keine 10-Millionen-Schweiz"" erreicht in Recherswil 63,3 Prozent Nein-Stimmen. Die Ablehnung der Initiative ""Keine 10-Millionen-Schweiz!» ist stärker als jene zur Zuwanderungsinitiative im Jahr 2020. Der Nein-Anteil in #gemeinde_d lag damals bei 51,3 Prozent."
2532,76.9,76.9,23.1,"Subingen SO","Mit 76,9 Prozent befürworten die Stimmberechtigten von Subingen die Initiative ""Keine 10-Millionen-Schweiz"". Mit diesem Ergebnis wechselt #gemeinde_d ins Ja-Lager. Im Jahr 2020 hatte die Gemeinde die Zuwanderungsinitiative noch mit 56,9 Prozent der Stimmen abgelehnt."
2534,54.6,54.6,45.4,"Zuchwil SO","54,6 Prozent der Stimmbürgerinnen und Stimmbürger von Zuchwil haben sich für die Initiative ""Keine 10-Millionen-Schweiz"" ausgesprochen. Mit diesem Ergebnis wechselt #gemeinde_d ins Ja-Lager. Im Jahr 2020 hatte die Gemeinde die Zuwanderungsinitiative noch mit 63,9 Prozent der Stimmen abgelehnt."
2535,51.2,51.2,48.8,"Drei Höfe SO","Drei Höfe hat die Initiative ""Keine 10-Millionen-Schweiz"" angenommen; der Ja-Stimmen-Anteil liegt bei 51,2 Prozent. Die Meinungen zur Zuwanderungsfrage bleiben in #gemeinde_d somit stabil. Im Jahr 2020 hatte die Gemeinde bereits mit 50,4 Prozent Ja der Zuwanderungsinitiative zugestimmt."
2541,60.1,60.1,39.9,"Balm bei Günsberg SO","Die Initiative ""Keine 10-Millionen-Schweiz"" erreicht in Balm bei Günsberg 60,1 Prozent Ja-Stimmen. Mit diesem Ergebnis wechselt #gemeinde_d ins Ja-Lager. Im Jahr 2020 hatte die Gemeinde die Zuwanderungsinitiative noch mit 60,6 Prozent der Stimmen abgelehnt."
2542,98.5,98.5,1.5,"Bellach SO","In Bellach erhält die Initiative ""Keine 10-Millionen-Schweiz"" 98,5 Prozent Zustimmung. Mit diesem Ergebnis wechselt #gemeinde_d ins Ja-Lager. Im Jahr 2020 hatte die Gemeinde die Zuwanderungsinitiative noch mit 55,4 Prozent der Stimmen abgelehnt."
2543,73.4,73.4,26.6,"Bettlach SO","Mit 73,4 Prozent Ja-Stimmen hat eine Mehrheit der Stimmberechtigten in Bettlach der Initiative ""Keine 10-Millionen-Schweiz"" zugestimmt. Mit diesem Ergebnis wechselt #gemeinde_d ins Ja-Lager. Im Jahr 2020 hatte die Gemeinde die Zuwanderungsinitiative noch mit 55,7 Prozent der Stimmen abgelehnt."
2544,39.7,39.7,60.3,"Feldbrunnen-St. Niklaus SO","In Feldbrunnen-St. Niklaus ist die Initiative ""Keine 10-Millionen-Schweiz"" mit 60,3 Prozent der Stimmen gescheitert. Die Ablehnung der Initiative fällt jedoch geringer aus als zur Zuwanderungsinitiative im Jahr 2020. Die Abstimmenden von #gemeinde_d hatten damals mit 67,7 Prozent Nein gestimmt."
2545,32.1,32.1,67.9,"Flumenthal SO","In Flumenthal findet die Initiative ""Keine 10-Millionen-Schweiz"" mit 67,9 Prozent keine Mehrheit. Die Ablehnung der Initiative ""Keine 10-Millionen-Schweiz!» ist stärker als jene zur Zuwanderungsinitiative im Jahr 2020. Der Nein-Anteil in #gemeinde_d lag damals bei 52,6 Prozent."
2546,13.8,13.8,86.2,"Grenchen SO","In Grenchen ist die Initiative ""Keine 10-Millionen-Schweiz"" mit 86,2 Prozent der Stimmen gescheitert. Die Ablehnung der Initiative ""Keine 10-Millionen-Schweiz!» ist stärker als jene zur Zuwanderungsinitiative im Jahr 2020. Der Nein-Anteil in #gemeinde_d lag damals bei 52,9 Prozent."
2547,37.6,37.6,62.4,"Günsberg SO","In Günsberg ist die Initiative ""Keine 10-Millionen-Schweiz"" mit 62,4 Prozent der Stimmen gescheitert. Die Ablehnung der Initiative ""Keine 10-Millionen-Schweiz!» ist stärker als jene zur Zuwanderungsinitiative im Jahr 2020. Der Nein-Anteil in #gemeinde_d lag damals bei 55,5 Prozent."
2548,52,52,48,"Hubersdorf SO","Mit 52 Prozent befürworten die Stimmberechtigten von Hubersdorf die Initiative ""Keine 10-Millionen-Schweiz"". Mit diesem Ergebnis wechselt #gemeinde_d ins Ja-Lager. Im Jahr 2020 hatte die Gemeinde die Zuwanderungsinitiative noch mit 59,5 Prozent der Stimmen abgelehnt."
2549,63,63,37,"Kammersrohr SO","In Kammersrohr erhält die Initiative ""Keine 10-Millionen-Schweiz"" 63 Prozent Zustimmung. Mit diesem Ergebnis wechselt #gemeinde_d ins Ja-Lager. Im Jahr 2020 hatte die Gemeinde die Zuwanderungsinitiative noch mit 63,6 Prozent der Stimmen abgelehnt."
2550,37.3,37.3,62.7,"Langendorf SO","In Langendorf wird die Initiative ""Keine 10-Millionen-Schweiz"" mit 62,7 Prozent abgelehnt. Die Ablehnung der Initiative fällt jedoch geringer aus als zur Zuwanderungsinitiative im Jahr 2020. Die Abstimmenden von #gemeinde_d hatten damals mit 69,1 Prozent Nein gestimmt."
2551,23.1,23.1,76.9,"Lommiswil SO","Die Initiative ""Keine 10-Millionen-Schweiz"" erreicht in Lommiswil 76,9 Prozent Nein-Stimmen. Die Ablehnung der Initiative ""Keine 10-Millionen-Schweiz!» ist stärker als jene zur Zuwanderungsinitiative im Jahr 2020. Der Nein-Anteil in #gemeinde_d lag damals bei 60,4 Prozent."
2553,35.2,35.2,64.8,"Oberdorf SO","In Oberdorf SO wird die Initiative ""Keine 10-Millionen-Schweiz"" mit 64,8 Prozent abgelehnt. Die Ablehnung der Initiative fällt jedoch geringer aus als zur Zuwanderungsinitiative im Jahr 2020. Die Abstimmenden von #gemeinde_d hatten damals mit 68,1 Prozent Nein gestimmt."
2554,40.3,40.3,59.7,"Riedholz SO","59,7 Prozent der Stimmbürgerinnen und Stimmbürger von Riedholz sprechen sich gegen die Initiative ""Keine 10-Millionen-Schweiz"" aus. Die Ablehnung der Initiative fällt jedoch geringer aus als zur Zuwanderungsinitiative im Jahr 2020. Die Abstimmenden von #gemeinde_d hatten damals mit 63 Prozent Nein gestimmt."
2555,52.2,52.2,47.8,"Rüttenen SO","Mit 52,2 Prozent Ja-Stimmen hat eine Mehrheit der Stimmberechtigten in Rüttenen der Initiative ""Keine 10-Millionen-Schweiz"" zugestimmt. Mit diesem Ergebnis wechselt #gemeinde_d ins Ja-Lager. Im Jahr 2020 hatte die Gemeinde die Zuwanderungsinitiative noch mit 67,5 Prozent der Stimmen abgelehnt."
2556,59.3,59.3,40.7,"Selzach SO","Mit 59,3 Prozent befürworten die Stimmberechtigten von Selzach die Initiative ""Keine 10-Millionen-Schweiz"". Mit diesem Ergebnis wechselt #gemeinde_d ins Ja-Lager. Im Jahr 2020 hatte die Gemeinde die Zuwanderungsinitiative noch mit 54,2 Prozent der Stimmen abgelehnt."
2571,34.1,34.1,65.9,"Boningen SO","In Boningen wird die Initiative ""Keine 10-Millionen-Schweiz"" mit 65,9 Prozent abgelehnt. In den vergangenen fünf Jahren hat die Gemeinde somit bei der Frage der Zuwanderung das Lager gewechselt. #gemeinde_d hatte die Zuwanderungsinitiative im Jahr 2020 mit 42,5 Prozent abgelehnt."
2572,50.5,50.5,49.5,"Däniken SO","Däniken hat die Initiative ""Keine 10-Millionen-Schweiz"" angenommen; der Ja-Stimmen-Anteil liegt bei 50,5 Prozent. Die Unterstützung für die Initiative ""Keine 10-Millionen-Schweiz!» fällt geringer aus als jene für die Zuwanderungsinitiative im Jahr 2020. Die Abstimmenden von #gemeinde_d hatten damals mit 53,1 Prozent Ja gestimmt."
2573,56,56,44,"Dulliken SO","Die Initiative ""Keine 10-Millionen-Schweiz"" erreicht in Dulliken 56 Prozent Ja-Stimmen. Mit diesem Ergebnis wechselt #gemeinde_d ins Ja-Lager. Im Jahr 2020 hatte die Gemeinde die Zuwanderungsinitiative noch mit 53,8 Prozent der Stimmen abgelehnt."
2574,88.1,88.1,11.9,"Eppenberg-Wöschnau SO","Mit 88,1 Prozent Ja-Stimmen hat eine Mehrheit der Stimmberechtigten in Eppenberg-Wöschnau der Initiative ""Keine 10-Millionen-Schweiz"" zugestimmt. Die Unterstützung für die Initiative ""Keine 10-Millionen-Schweiz!» hat in #gemeinde_d gegenüber der Zuwanderungsinitiative im Jahr 2020 zugenommen. Bei jener Abstimmung hatten 52,3 Prozent der Abstimmenden der Gemeinde die Vorlage angenommen."
2575,83.6,83.6,16.4,"Fulenbach SO","83,6 Prozent der Stimmbürgerinnen und Stimmbürger von Fulenbach haben sich für die Initiative ""Keine 10-Millionen-Schweiz"" ausgesprochen. Mit diesem Ergebnis wechselt #gemeinde_d ins Ja-Lager. Im Jahr 2020 hatte die Gemeinde die Zuwanderungsinitiative noch mit 53,3 Prozent der Stimmen abgelehnt."
2576,71.4,71.4,28.6,"Gretzenbach SO","Mit 71,4 Prozent Ja-Stimmen hat eine Mehrheit der Stimmberechtigten in Gretzenbach der Initiative ""Keine 10-Millionen-Schweiz"" zugestimmt. Mit diesem Ergebnis wechselt #gemeinde_d ins Ja-Lager. Im Jahr 2020 hatte die Gemeinde die Zuwanderungsinitiative noch mit 56,4 Prozent der Stimmen abgelehnt."
2578,48.5,48.5,51.5,"Gunzgen SO","51,5 Prozent der Stimmbürgerinnen und Stimmbürger von Gunzgen sprechen sich gegen die Initiative ""Keine 10-Millionen-Schweiz"" aus. In den vergangenen fünf Jahren hat die Gemeinde somit bei der Frage der Zuwanderung das Lager gewechselt. #gemeinde_d hatte die Zuwanderungsinitiative im Jahr 2020 mit 45,7 Prozent abgelehnt."
2579,21.4,21.4,78.6,"Hägendorf SO","Die Initiative ""Keine 10-Millionen-Schweiz"" erreicht in Hägendorf 78,6 Prozent Nein-Stimmen. Die Ablehnung der Initiative ""Keine 10-Millionen-Schweiz!» ist stärker als jene zur Zuwanderungsinitiative im Jahr 2020. Der Nein-Anteil in #gemeinde_d lag damals bei 53,7 Prozent."
2580,46.4,46.4,53.6,"Kappel SO","Die Initiative ""Keine 10-Millionen-Schweiz"" erreicht in Kappel SO 53,6 Prozent Nein-Stimmen. Die Ablehnung der Initiative fällt jedoch geringer aus als zur Zuwanderungsinitiative im Jahr 2020. Die Abstimmenden von #gemeinde_d hatten damals mit 56,2 Prozent Nein gestimmt."
2581,21.4,21.4,78.6,"Olten SO","In Olten ist die Initiative ""Keine 10-Millionen-Schweiz"" mit 78,6 Prozent der Stimmen gescheitert. Die Ablehnung der Initiative ""Keine 10-Millionen-Schweiz!» ist stärker als jene zur Zuwanderungsinitiative im Jahr 2020. Der Nein-Anteil in #gemeinde_d lag damals bei 74,3 Prozent."
2582,16.4,16.4,83.6,"Rickenbach SO","In Rickenbach SO findet die Initiative ""Keine 10-Millionen-Schweiz"" mit 83,6 Prozent keine Mehrheit."
2583,43.7,43.7,56.3,"Schönenwerd SO","Die Initiative ""Keine 10-Millionen-Schweiz"" erreicht in Schönenwerd 56,3 Prozent Nein-Stimmen. Die Ablehnung der Initiative fällt jedoch geringer aus als zur Zuwanderungsinitiative im Jahr 2020. Die Abstimmenden von #gemeinde_d hatten damals mit 58,4 Prozent Nein gestimmt."
2584,82.1,82.1,17.9,"Starrkirch-Wil SO","Die Initiative ""Keine 10-Millionen-Schweiz"" erreicht in Starrkirch-Wil 82,1 Prozent Ja-Stimmen. Mit diesem Ergebnis wechselt #gemeinde_d ins Ja-Lager. Im Jahr 2020 hatte die Gemeinde die Zuwanderungsinitiative noch mit 68,3 Prozent der Stimmen abgelehnt."
2585,55.9,55.9,44.1,"Walterswil SO","Mit 55,9 Prozent Ja-Stimmen hat eine Mehrheit der Stimmberechtigten in Walterswil SO der Initiative ""Keine 10-Millionen-Schweiz"" zugestimmt. Die Meinungen zur Zuwanderungsfrage bleiben in #gemeinde_d somit stabil. Im Jahr 2020 hatte die Gemeinde bereits mit 56,6 Prozent Ja der Zuwanderungsinitiative zugestimmt."
2586,96.6,96.6,3.4,"Wangen bei Olten SO","In Wangen bei Olten erhält die Initiative ""Keine 10-Millionen-Schweiz"" 96,6 Prozent Zustimmung. Mit diesem Ergebnis wechselt #gemeinde_d ins Ja-Lager. Im Jahr 2020 hatte die Gemeinde die Zuwanderungsinitiative noch mit 62,4 Prozent der Stimmen abgelehnt."
2601,46.6,46.6,53.4,"Solothurn SO","53,4 Prozent der Stimmbürgerinnen und Stimmbürger von Solothurn sprechen sich gegen die Initiative ""Keine 10-Millionen-Schweiz"" aus. Die Ablehnung der Initiative fällt jedoch geringer aus als zur Zuwanderungsinitiative im Jahr 2020. Die Abstimmenden von #gemeinde_d hatten damals mit 77,8 Prozent Nein gestimmt."
2611,42.2,42.2,57.8,"Bärschwil SO","Die Initiative ""Keine 10-Millionen-Schweiz"" erreicht in Bärschwil 57,8 Prozent Nein-Stimmen. In den vergangenen fünf Jahren hat die Gemeinde somit bei der Frage der Zuwanderung das Lager gewechselt. #gemeinde_d hatte die Zuwanderungsinitiative im Jahr 2020 mit 49,3 Prozent abgelehnt."
2612,23,23,77,"Beinwil SO","77 Prozent der Stimmbürgerinnen und Stimmbürger von Beinwil SO sprechen sich gegen die Initiative ""Keine 10-Millionen-Schweiz"" aus. In den vergangenen fünf Jahren hat die Gemeinde somit bei der Frage der Zuwanderung das Lager gewechselt. #gemeinde_d hatte die Zuwanderungsinitiative im Jahr 2020 mit 45,2 Prozent abgelehnt."
2613,17.3,17.3,82.7,"Breitenbach SO","Die Initiative ""Keine 10-Millionen-Schweiz"" erreicht in Breitenbach 82,7 Prozent Nein-Stimmen. Die Ablehnung der Initiative ""Keine 10-Millionen-Schweiz!» ist stärker als jene zur Zuwanderungsinitiative im Jahr 2020. Der Nein-Anteil in #gemeinde_d lag damals bei 52,4 Prozent."
2614,54.6,54.6,45.4,"Büsserach SO","Mit 54,6 Prozent befürworten die Stimmberechtigten von Büsserach die Initiative ""Keine 10-Millionen-Schweiz"". Die Unterstützung für die Initiative ""Keine 10-Millionen-Schweiz!» hat in #gemeinde_d gegenüber der Zuwanderungsinitiative im Jahr 2020 zugenommen. Bei jener Abstimmung hatten 52,2 Prozent der Abstimmenden der Gemeinde die Vorlage angenommen."
2615,66,66,34,"Erschwil SO","In Erschwil erhält die Initiative ""Keine 10-Millionen-Schweiz"" 66 Prozent Zustimmung. Die Unterstützung für die Initiative ""Keine 10-Millionen-Schweiz!» hat in #gemeinde_d gegenüber der Zuwanderungsinitiative im Jahr 2020 zugenommen. Bei jener Abstimmung hatten 50,6 Prozent der Abstimmenden der Gemeinde die Vorlage angenommen."
2616,74,74,26,"Fehren SO","Fehren hat die Initiative ""Keine 10-Millionen-Schweiz"" angenommen; der Ja-Stimmen-Anteil liegt bei 74 Prozent. Die Unterstützung für die Initiative ""Keine 10-Millionen-Schweiz!» hat in #gemeinde_d gegenüber der Zuwanderungsinitiative im Jahr 2020 zugenommen. Bei jener Abstimmung hatten 53,4 Prozent der Abstimmenden der Gemeinde die Vorlage angenommen."
2617,31.5,31.5,68.5,"Grindel SO","In Grindel wird die Initiative ""Keine 10-Millionen-Schweiz"" mit 68,5 Prozent abgelehnt. In den vergangenen fünf Jahren hat die Gemeinde somit bei der Frage der Zuwanderung das Lager gewechselt. #gemeinde_d hatte die Zuwanderungsinitiative im Jahr 2020 mit 42 Prozent abgelehnt."
2618,88.4,88.4,11.6,"Himmelried SO","Mit 88,4 Prozent Ja-Stimmen hat eine Mehrheit der Stimmberechtigten in Himmelried der Initiative ""Keine 10-Millionen-Schweiz"" zugestimmt. Mit diesem Ergebnis wechselt #gemeinde_d ins Ja-Lager. Im Jahr 2020 hatte die Gemeinde die Zuwanderungsinitiative noch mit 56,1 Prozent der Stimmen abgelehnt."
2619,86.2,86.2,13.8,"Kleinlützel SO","Die Initiative ""Keine 10-Millionen-Schweiz"" erreicht in Kleinlützel 86,2 Prozent Ja-Stimmen. Mit diesem Ergebnis wechselt #gemeinde_d ins Ja-Lager. Im Jahr 2020 hatte die Gemeinde die Zuwanderungsinitiative noch mit 50,3 Prozent der Stimmen abgelehnt."
2620,24.8,24.8,75.2,"Meltingen SO","Die Initiative ""Keine 10-Millionen-Schweiz"" erreicht in Meltingen 75,2 Prozent Nein-Stimmen. In den vergangenen fünf Jahren hat die Gemeinde somit bei der Frage der Zuwanderung das Lager gewechselt. #gemeinde_d hatte die Zuwanderungsinitiative im Jahr 2020 mit 46,3 Prozent abgelehnt."
2621,87.1,87.1,12.9,"Nunningen SO","Nunningen hat die Initiative ""Keine 10-Millionen-Schweiz"" angenommen; der Ja-Stimmen-Anteil liegt bei 87,1 Prozent. Die Unterstützung für die Initiative ""Keine 10-Millionen-Schweiz!» hat in #gemeinde_d gegenüber der Zuwanderungsinitiative im Jahr 2020 zugenommen. Bei jener Abstimmung hatten 51,6 Prozent der Abstimmenden der Gemeinde die Vorlage angenommen."
2622,6.9,6.9,93.1,"Zullwil SO","93,1 Prozent der Stimmbürgerinnen und Stimmbürger von Zullwil sprechen sich gegen die Initiative ""Keine 10-Millionen-Schweiz"" aus. In den vergangenen fünf Jahren hat die Gemeinde somit bei der Frage der Zuwanderung das Lager gewechselt. #gemeinde_d hatte die Zuwanderungsinitiative im Jahr 2020 mit 43,1 Prozent abgelehnt."
2701,15.2,15.2,84.8,"Basel BS","Die Initiative ""Keine 10-Millionen-Schweiz"" erreicht in Basel 84,8 Prozent Nein-Stimmen. Die Ablehnung der Initiative ""Keine 10-Millionen-Schweiz!» ist stärker als jene zur Zuwanderungsinitiative im Jahr 2020. Der Nein-Anteil in #gemeinde_d lag damals bei 75,5 Prozent."
2702,50.2,50.2,49.8,"Bettingen BS","Mit 50,2 Prozent befürworten die Stimmberechtigten von Bettingen die Initiative ""Keine 10-Millionen-Schweiz"". Mit diesem Ergebnis wechselt #gemeinde_d ins Ja-Lager. Im Jahr 2020 hatte die Gemeinde die Zuwanderungsinitiative noch mit 68,7 Prozent der Stimmen abgelehnt."
2703,24.1,24.1,75.9,"Riehen BS","Die Initiative ""Keine 10-Millionen-Schweiz"" erreicht in Riehen 75,9 Prozent Nein-Stimmen. Die Ablehnung der Initiative ""Keine 10-Millionen-Schweiz!» ist stärker als jene zur Zuwanderungsinitiative im Jahr 2020. Der Nein-Anteil in #gemeinde_d lag damals bei 67,7 Prozent."
2761,13.8,13.8,86.2,"Aesch BL","In Aesch BL findet die Initiative ""Keine 10-Millionen-Schweiz"" mit 86,2 Prozent keine Mehrheit. Die Ablehnung der Initiative ""Keine 10-Millionen-Schweiz!» ist stärker als jene zur Zuwanderungsinitiative im Jahr 2020. Der Nein-Anteil in #gemeinde_d lag damals bei 59,6 Prozent."
2762,25.7,25.7,74.3,"Allschwil BL","In Allschwil wird die Initiative ""Keine 10-Millionen-Schweiz"" mit 74,3 Prozent abgelehnt. Die Ablehnung der Initiative ""Keine 10-Millionen-Schweiz!» ist stärker als jene zur Zuwanderungsinitiative im Jahr 2020. Der Nein-Anteil in #gemeinde_d lag damals bei 64,4 Prozent."
2763,20.2,20.2,79.8,"Arlesheim BL","Die Initiative ""Keine 10-Millionen-Schweiz"" erreicht in Arlesheim 79,8 Prozent Nein-Stimmen. Die Ablehnung der Initiative ""Keine 10-Millionen-Schweiz!» ist stärker als jene zur Zuwanderungsinitiative im Jahr 2020. Der Nein-Anteil in #gemeinde_d lag damals bei 75,9 Prozent."
2764,43.1,43.1,56.9,"Biel-Benken BL","56,9 Prozent der Stimmbürgerinnen und Stimmbürger von Biel-Benken sprechen sich gegen die Initiative ""Keine 10-Millionen-Schweiz"" aus. Die Ablehnung der Initiative fällt jedoch geringer aus als zur Zuwanderungsinitiative im Jahr 2020. Die Abstimmenden von #gemeinde_d hatten damals mit 65,7 Prozent Nein gestimmt."
2765,67.6,67.6,32.4,"Binningen BL","Mit 67,6 Prozent Ja-Stimmen hat eine Mehrheit der Stimmberechtigten in Binningen der Initiative ""Keine 10-Millionen-Schweiz"" zugestimmt. Mit diesem Ergebnis wechselt #gemeinde_d ins Ja-Lager. Im Jahr 2020 hatte die Gemeinde die Zuwanderungsinitiative noch mit 68,6 Prozent der Stimmen abgelehnt."
2766,42,42,58,"Birsfelden BL","In Birsfelden wird die Initiative ""Keine 10-Millionen-Schweiz"" mit 58 Prozent abgelehnt. Die Ablehnung der Initiative fällt jedoch geringer aus als zur Zuwanderungsinitiative im Jahr 2020. Die Abstimmenden von #gemeinde_d hatten damals mit 61,5 Prozent Nein gestimmt."
2767,40,40,60,"Bottmingen BL","Die Initiative ""Keine 10-Millionen-Schweiz"" erreicht in Bottmingen 60 Prozent Nein-Stimmen. Die Ablehnung der Initiative fällt jedoch geringer aus als zur Zuwanderungsinitiative im Jahr 2020. Die Abstimmenden von #gemeinde_d hatten damals mit 67,6 Prozent Nein gestimmt."
2768,47.5,47.5,52.5,"Ettingen BL","Die Initiative ""Keine 10-Millionen-Schweiz"" erreicht in Ettingen 52,5 Prozent Nein-Stimmen. Die Ablehnung der Initiative fällt jedoch geringer aus als zur Zuwanderungsinitiative im Jahr 2020. Die Abstimmenden von #gemeinde_d hatten damals mit 60,2 Prozent Nein gestimmt."
2769,44.4,44.4,55.6,"Münchenstein BL","Die Initiative ""Keine 10-Millionen-Schweiz"" erreicht in Münchenstein 55,6 Prozent Nein-Stimmen. Die Ablehnung der Initiative fällt jedoch geringer aus als zur Zuwanderungsinitiative im Jahr 2020. Die Abstimmenden von #gemeinde_d hatten damals mit 67,7 Prozent Nein gestimmt."
2770,32.9,32.9,67.1,"Muttenz BL","67,1 Prozent der Stimmbürgerinnen und Stimmbürger von Muttenz sprechen sich gegen die Initiative ""Keine 10-Millionen-Schweiz"" aus. Die Ablehnung der Initiative ""Keine 10-Millionen-Schweiz!» ist stärker als jene zur Zuwanderungsinitiative im Jahr 2020. Der Nein-Anteil in #gemeinde_d lag damals bei 63,2 Prozent."
2771,62.3,62.3,37.7,"Oberwil BL","Mit 62,3 Prozent befürworten die Stimmberechtigten von Oberwil BL die Initiative ""Keine 10-Millionen-Schweiz"". Mit diesem Ergebnis wechselt #gemeinde_d ins Ja-Lager. Im Jahr 2020 hatte die Gemeinde die Zuwanderungsinitiative noch mit 68,7 Prozent der Stimmen abgelehnt."
2772,91.9,91.9,8.1,"Pfeffingen BL","91,9 Prozent der Stimmbürgerinnen und Stimmbürger von Pfeffingen haben sich für die Initiative ""Keine 10-Millionen-Schweiz"" ausgesprochen. Mit diesem Ergebnis wechselt #gemeinde_d ins Ja-Lager. Im Jahr 2020 hatte die Gemeinde die Zuwanderungsinitiative noch mit 60,5 Prozent der Stimmen abgelehnt."
2773,48.6,48.6,51.4,"Reinach BL","In Reinach BL ist die Initiative ""Keine 10-Millionen-Schweiz"" mit 51,4 Prozent der Stimmen gescheitert. Die Ablehnung der Initiative fällt jedoch geringer aus als zur Zuwanderungsinitiative im Jahr 2020. Die Abstimmenden von #gemeinde_d hatten damals mit 62,7 Prozent Nein gestimmt."
2774,41,41,59,"Schönenbuch BL","Die Initiative ""Keine 10-Millionen-Schweiz"" erreicht in Schönenbuch 59 Prozent Nein-Stimmen. Die Ablehnung der Initiative fällt jedoch geringer aus als zur Zuwanderungsinitiative im Jahr 2020. Die Abstimmenden von #gemeinde_d hatten damals mit 62,3 Prozent Nein gestimmt."
2775,99.4,99.4,0.6,"Therwil BL","Therwil hat die Initiative ""Keine 10-Millionen-Schweiz"" angenommen; der Ja-Stimmen-Anteil liegt bei 99,4 Prozent. Mit diesem Ergebnis wechselt #gemeinde_d ins Ja-Lager. Im Jahr 2020 hatte die Gemeinde die Zuwanderungsinitiative noch mit 64 Prozent der Stimmen abgelehnt."
2781,51.9,51.9,48.1,"Blauen BL","Mit 51,9 Prozent Ja-Stimmen hat eine Mehrheit der Stimmberechtigten in Blauen der Initiative ""Keine 10-Millionen-Schweiz"" zugestimmt. Mit diesem Ergebnis wechselt #gemeinde_d ins Ja-Lager. Im Jahr 2020 hatte die Gemeinde die Zuwanderungsinitiative noch mit 50,6 Prozent der Stimmen abgelehnt."
2782,91.2,91.2,8.8,"Brislach BL","91,2 Prozent der Stimmbürgerinnen und Stimmbürger von Brislach haben sich für die Initiative ""Keine 10-Millionen-Schweiz"" ausgesprochen. Die Unterstützung für die Initiative ""Keine 10-Millionen-Schweiz!» hat in #gemeinde_d gegenüber der Zuwanderungsinitiative im Jahr 2020 zugenommen. Bei jener Abstimmung hatten 58,4 Prozent der Abstimmenden der Gemeinde die Vorlage angenommen."
2783,23.1,23.1,76.9,"Burg im Leimental BL","In Burg im Leimental ist die Initiative ""Keine 10-Millionen-Schweiz"" mit 76,9 Prozent der Stimmen gescheitert. Die Ablehnung der Initiative ""Keine 10-Millionen-Schweiz!» ist stärker als jene zur Zuwanderungsinitiative im Jahr 2020. Der Nein-Anteil in #gemeinde_d lag damals bei 53,3 Prozent."
2784,58,58,42,"Dittingen BL","Mit 58 Prozent befürworten die Stimmberechtigten von Dittingen die Initiative ""Keine 10-Millionen-Schweiz"". Mit diesem Ergebnis wechselt #gemeinde_d ins Ja-Lager. Im Jahr 2020 hatte die Gemeinde die Zuwanderungsinitiative noch mit 55,8 Prozent der Stimmen abgelehnt."
2785,69.2,69.2,30.8,"Duggingen BL","Duggingen hat die Initiative ""Keine 10-Millionen-Schweiz"" angenommen; der Ja-Stimmen-Anteil liegt bei 69,2 Prozent. Mit diesem Ergebnis wechselt #gemeinde_d ins Ja-Lager. Im Jahr 2020 hatte die Gemeinde die Zuwanderungsinitiative noch mit 51,6 Prozent der Stimmen abgelehnt."
2786,33.7,33.7,66.3,"Grellingen BL","66,3 Prozent der Stimmbürgerinnen und Stimmbürger von Grellingen sprechen sich gegen die Initiative ""Keine 10-Millionen-Schweiz"" aus. Die Ablehnung der Initiative ""Keine 10-Millionen-Schweiz!» ist stärker als jene zur Zuwanderungsinitiative im Jahr 2020. Der Nein-Anteil in #gemeinde_d lag damals bei 51,7 Prozent."
2787,35.3,35.3,64.7,"Laufen BL","Die Initiative ""Keine 10-Millionen-Schweiz"" erreicht in Laufen 64,7 Prozent Nein-Stimmen. Die Ablehnung der Initiative ""Keine 10-Millionen-Schweiz!» ist stärker als jene zur Zuwanderungsinitiative im Jahr 2020. Der Nein-Anteil in #gemeinde_d lag damals bei 60,5 Prozent."
2788,15.1,15.1,84.9,"Liesberg BL","In Liesberg wird die Initiative ""Keine 10-Millionen-Schweiz"" mit 84,9 Prozent abgelehnt. In den vergangenen fünf Jahren hat die Gemeinde somit bei der Frage der Zuwanderung das Lager gewechselt. #gemeinde_d hatte die Zuwanderungsinitiative im Jahr 2020 mit 39,4 Prozent abgelehnt."
2789,61,61,39,"Nenzlingen BL","Mit 61 Prozent Ja-Stimmen hat eine Mehrheit der Stimmberechtigten in Nenzlingen der Initiative ""Keine 10-Millionen-Schweiz"" zugestimmt. Die Unterstützung für die Initiative ""Keine 10-Millionen-Schweiz!» hat in #gemeinde_d gegenüber der Zuwanderungsinitiative im Jahr 2020 zugenommen. Bei jener Abstimmung hatten 53,3 Prozent der Abstimmenden der Gemeinde die Vorlage angenommen."
2790,20.9,20.9,79.1,"Roggenburg BL","79,1 Prozent der Stimmbürgerinnen und Stimmbürger von Roggenburg sprechen sich gegen die Initiative ""Keine 10-Millionen-Schweiz"" aus. In den vergangenen fünf Jahren hat die Gemeinde somit bei der Frage der Zuwanderung das Lager gewechselt. #gemeinde_d hatte die Zuwanderungsinitiative im Jahr 2020 mit 41,2 Prozent abgelehnt."
2791,46.1,46.1,53.9,"Röschenz BL","In Röschenz findet die Initiative ""Keine 10-Millionen-Schweiz"" mit 53,9 Prozent keine Mehrheit. Die Ablehnung der Initiative ""Keine 10-Millionen-Schweiz!» ist stärker als jene zur Zuwanderungsinitiative im Jahr 2020. Der Nein-Anteil in #gemeinde_d lag damals bei 51,6 Prozent."
2792,35.3,35.3,64.7,"Wahlen BL","Die Initiative ""Keine 10-Millionen-Schweiz"" erreicht in Wahlen 64,7 Prozent Nein-Stimmen. In den vergangenen fünf Jahren hat die Gemeinde somit bei der Frage der Zuwanderung das Lager gewechselt. #gemeinde_d hatte die Zuwanderungsinitiative im Jahr 2020 mit 40,2 Prozent abgelehnt."
2793,68.7,68.7,31.3,"Zwingen BL","In Zwingen erhält die Initiative ""Keine 10-Millionen-Schweiz"" 68,7 Prozent Zustimmung. Die Unterstützung für die Initiative ""Keine 10-Millionen-Schweiz!» hat in #gemeinde_d gegenüber der Zuwanderungsinitiative im Jahr 2020 zugenommen. Bei jener Abstimmung hatten 51,3 Prozent der Abstimmenden der Gemeinde die Vorlage angenommen."
2821,78.7,78.7,21.3,"Arisdorf BL","Mit 78,7 Prozent Ja-Stimmen hat eine Mehrheit der Stimmberechtigten in Arisdorf der Initiative ""Keine 10-Millionen-Schweiz"" zugestimmt. Die Unterstützung für die Initiative ""Keine 10-Millionen-Schweiz!» hat in #gemeinde_d gegenüber der Zuwanderungsinitiative im Jahr 2020 zugenommen. Bei jener Abstimmung hatten 51,6 Prozent der Abstimmenden der Gemeinde die Vorlage angenommen."
2822,30.2,30.2,69.8,"Augst BL","In Augst ist die Initiative ""Keine 10-Millionen-Schweiz"" mit 69,8 Prozent der Stimmen gescheitert. Die Ablehnung der Initiative ""Keine 10-Millionen-Schweiz!» ist stärker als jene zur Zuwanderungsinitiative im Jahr 2020. Der Nein-Anteil in #gemeinde_d lag damals bei 57,9 Prozent."
2823,11.3,11.3,88.7,"Bubendorf BL","Die Initiative ""Keine 10-Millionen-Schweiz"" erreicht in Bubendorf 88,7 Prozent Nein-Stimmen. Die Ablehnung der Initiative ""Keine 10-Millionen-Schweiz!» ist stärker als jene zur Zuwanderungsinitiative im Jahr 2020. Der Nein-Anteil in #gemeinde_d lag damals bei 61,8 Prozent."
2824,29.8,29.8,70.2,"Frenkendorf BL","Die Initiative ""Keine 10-Millionen-Schweiz"" erreicht in Frenkendorf 70,2 Prozent Nein-Stimmen. Die Ablehnung der Initiative ""Keine 10-Millionen-Schweiz!» ist stärker als jene zur Zuwanderungsinitiative im Jahr 2020. Der Nein-Anteil in #gemeinde_d lag damals bei 61,4 Prozent."
2825,51.6,51.6,48.4,"Füllinsdorf BL","Die Initiative ""Keine 10-Millionen-Schweiz"" erreicht in Füllinsdorf 51,6 Prozent Ja-Stimmen. Mit diesem Ergebnis wechselt #gemeinde_d ins Ja-Lager. Im Jahr 2020 hatte die Gemeinde die Zuwanderungsinitiative noch mit 56,7 Prozent der Stimmen abgelehnt."
2826,73.7,73.7,26.3,"Giebenach BL","Mit 73,7 Prozent Ja-Stimmen hat eine Mehrheit der Stimmberechtigten in Giebenach der Initiative ""Keine 10-Millionen-Schweiz"" zugestimmt. Die Unterstützung für die Initiative ""Keine 10-Millionen-Schweiz!» hat in #gemeinde_d gegenüber der Zuwanderungsinitiative im Jahr 2020 zugenommen. Bei jener Abstimmung hatten 53,6 Prozent der Abstimmenden der Gemeinde die Vorlage angenommen."
2827,29.9,29.9,70.1,"Hersberg BL","In Hersberg wird die Initiative ""Keine 10-Millionen-Schweiz"" mit 70,1 Prozent abgelehnt. Die Ablehnung der Initiative ""Keine 10-Millionen-Schweiz!» ist stärker als jene zur Zuwanderungsinitiative im Jahr 2020. Der Nein-Anteil in #gemeinde_d lag damals bei 53 Prozent."
2828,65.6,65.6,34.4,"Lausen BL","Mit 65,6 Prozent Ja-Stimmen hat eine Mehrheit der Stimmberechtigten in Lausen der Initiative ""Keine 10-Millionen-Schweiz"" zugestimmt. Mit diesem Ergebnis wechselt #gemeinde_d ins Ja-Lager. Im Jahr 2020 hatte die Gemeinde die Zuwanderungsinitiative noch mit 58,8 Prozent der Stimmen abgelehnt."
2829,11.3,11.3,88.7,"Liestal BL","88,7 Prozent der Stimmbürgerinnen und Stimmbürger von Liestal sprechen sich gegen die Initiative ""Keine 10-Millionen-Schweiz"" aus. Die Ablehnung der Initiative ""Keine 10-Millionen-Schweiz!» ist stärker als jene zur Zuwanderungsinitiative im Jahr 2020. Der Nein-Anteil in #gemeinde_d lag damals bei 66,5 Prozent."
2830,48.9,48.9,51.1,"Lupsingen BL","51,1 Prozent der Stimmbürgerinnen und Stimmbürger von Lupsingen sprechen sich gegen die Initiative ""Keine 10-Millionen-Schweiz"" aus. Die Ablehnung der Initiative fällt jedoch geringer aus als zur Zuwanderungsinitiative im Jahr 2020. Die Abstimmenden von #gemeinde_d hatten damals mit 58,2 Prozent Nein gestimmt."
2831,61.4,61.4,38.6,"Pratteln BL","Mit 61,4 Prozent Ja-Stimmen hat eine Mehrheit der Stimmberechtigten in Pratteln der Initiative ""Keine 10-Millionen-Schweiz"" zugestimmt. Mit diesem Ergebnis wechselt #gemeinde_d ins Ja-Lager. Im Jahr 2020 hatte die Gemeinde die Zuwanderungsinitiative noch mit 62 Prozent der Stimmen abgelehnt."
2832,36,36,64,"Ramlinsburg BL","In Ramlinsburg wird die Initiative ""Keine 10-Millionen-Schweiz"" mit 64 Prozent abgelehnt. Die Ablehnung der Initiative ""Keine 10-Millionen-Schweiz!» ist stärker als jene zur Zuwanderungsinitiative im Jahr 2020. Der Nein-Anteil in #gemeinde_d lag damals bei 60,7 Prozent."
2833,13.2,13.2,86.8,"Seltisberg BL","In Seltisberg findet die Initiative ""Keine 10-Millionen-Schweiz"" mit 86,8 Prozent keine Mehrheit. Die Ablehnung der Initiative ""Keine 10-Millionen-Schweiz!» ist stärker als jene zur Zuwanderungsinitiative im Jahr 2020. Der Nein-Anteil in #gemeinde_d lag damals bei 65,1 Prozent."
2834,56.2,56.2,43.8,"Ziefen BL","Mit 56,2 Prozent Ja-Stimmen hat eine Mehrheit der Stimmberechtigten in Ziefen der Initiative ""Keine 10-Millionen-Schweiz"" zugestimmt. Mit diesem Ergebnis wechselt #gemeinde_d ins Ja-Lager. Im Jahr 2020 hatte die Gemeinde die Zuwanderungsinitiative noch mit 63,1 Prozent der Stimmen abgelehnt."
2841,49,49,51,"Anwil BL","In Anwil wird die Initiative ""Keine 10-Millionen-Schweiz"" mit 51 Prozent abgelehnt. In den vergangenen fünf Jahren hat die Gemeinde somit bei der Frage der Zuwanderung das Lager gewechselt. #gemeinde_d hatte die Zuwanderungsinitiative im Jahr 2020 mit 48,8 Prozent abgelehnt."
2842,38.9,38.9,61.1,"Böckten BL","Die Initiative ""Keine 10-Millionen-Schweiz"" erreicht in Böckten 61,1 Prozent Nein-Stimmen. Die Ablehnung der Initiative ""Keine 10-Millionen-Schweiz!» ist stärker als jene zur Zuwanderungsinitiative im Jahr 2020. Der Nein-Anteil in #gemeinde_d lag damals bei 55,9 Prozent."
2843,36.1,36.1,63.9,"Buckten BL","63,9 Prozent der Stimmbürgerinnen und Stimmbürger von Buckten sprechen sich gegen die Initiative ""Keine 10-Millionen-Schweiz"" aus. Die Ablehnung der Initiative ""Keine 10-Millionen-Schweiz!» ist stärker als jene zur Zuwanderungsinitiative im Jahr 2020. Der Nein-Anteil in #gemeinde_d lag damals bei 52,5 Prozent."
2844,45.6,45.6,54.4,"Buus BL","In Buus wird die Initiative ""Keine 10-Millionen-Schweiz"" mit 54,4 Prozent abgelehnt. In den vergangenen fünf Jahren hat die Gemeinde somit bei der Frage der Zuwanderung das Lager gewechselt. #gemeinde_d hatte die Zuwanderungsinitiative im Jahr 2020 mit 47 Prozent abgelehnt."
2845,47.4,47.4,52.6,"Diepflingen BL","In Diepflingen findet die Initiative ""Keine 10-Millionen-Schweiz"" mit 52,6 Prozent keine Mehrheit. Die Ablehnung der Initiative ""Keine 10-Millionen-Schweiz!» ist stärker als jene zur Zuwanderungsinitiative im Jahr 2020. Der Nein-Anteil in #gemeinde_d lag damals bei 51,2 Prozent."
2846,29.5,29.5,70.5,"Gelterkinden BL","In Gelterkinden wird die Initiative ""Keine 10-Millionen-Schweiz"" mit 70,5 Prozent abgelehnt. Die Ablehnung der Initiative ""Keine 10-Millionen-Schweiz!» ist stärker als jene zur Zuwanderungsinitiative im Jahr 2020. Der Nein-Anteil in #gemeinde_d lag damals bei 61,8 Prozent."
2847,61.6,61.6,38.4,"Häfelfingen BL","In Häfelfingen erhält die Initiative ""Keine 10-Millionen-Schweiz"" 61,6 Prozent Zustimmung. Die Unterstützung für die Initiative ""Keine 10-Millionen-Schweiz!» hat in #gemeinde_d gegenüber der Zuwanderungsinitiative im Jahr 2020 zugenommen. Bei jener Abstimmung hatten 56,6 Prozent der Abstimmenden der Gemeinde die Vorlage angenommen."
2848,57.1,57.1,42.9,"Hemmiken BL","Mit 57,1 Prozent Ja-Stimmen hat eine Mehrheit der Stimmberechtigten in Hemmiken der Initiative ""Keine 10-Millionen-Schweiz"" zugestimmt. Die Unterstützung für die Initiative ""Keine 10-Millionen-Schweiz!» fällt geringer aus als jene für die Zuwanderungsinitiative im Jahr 2020. Die Abstimmenden von #gemeinde_d hatten damals mit 61,2 Prozent Ja gestimmt."
2849,5.6,5.6,94.4,"Itingen BL","Die Initiative ""Keine 10-Millionen-Schweiz"" erreicht in Itingen 94,4 Prozent Nein-Stimmen. Die Ablehnung der Initiative ""Keine 10-Millionen-Schweiz!» ist stärker als jene zur Zuwanderungsinitiative im Jahr 2020. Der Nein-Anteil in #gemeinde_d lag damals bei 57,9 Prozent."
2850,17.6,17.6,82.4,"Känerkinden BL","82,4 Prozent der Stimmbürgerinnen und Stimmbürger von Känerkinden sprechen sich gegen die Initiative ""Keine 10-Millionen-Schweiz"" aus. Die Ablehnung der Initiative ""Keine 10-Millionen-Schweiz!» ist stärker als jene zur Zuwanderungsinitiative im Jahr 2020. Der Nein-Anteil in #gemeinde_d lag damals bei 52,3 Prozent."
2851,10.5,10.5,89.5,"Kilchberg BL","In Kilchberg BL wird die Initiative ""Keine 10-Millionen-Schweiz"" mit 89,5 Prozent abgelehnt. Die Ablehnung der Initiative ""Keine 10-Millionen-Schweiz!» ist stärker als jene zur Zuwanderungsinitiative im Jahr 2020. Der Nein-Anteil in #gemeinde_d lag damals bei 63,7 Prozent."
2852,50.6,50.6,49.4,"Läufelfingen BL","Mit 50,6 Prozent Ja-Stimmen hat eine Mehrheit der Stimmberechtigten in Läufelfingen der Initiative ""Keine 10-Millionen-Schweiz"" zugestimmt. Die Meinungen zur Zuwanderungsfrage bleiben in #gemeinde_d somit stabil. Im Jahr 2020 hatte die Gemeinde bereits mit 50,4 Prozent Ja der Zuwanderungsinitiative zugestimmt."
2853,52.1,52.1,47.9,"Maisprach BL","Mit 52,1 Prozent befürworten die Stimmberechtigten von Maisprach die Initiative ""Keine 10-Millionen-Schweiz"". Mit diesem Ergebnis wechselt #gemeinde_d ins Ja-Lager. Im Jahr 2020 hatte die Gemeinde die Zuwanderungsinitiative noch mit 56,2 Prozent der Stimmen abgelehnt."
2854,36.1,36.1,63.9,"Nusshof BL","In Nusshof ist die Initiative ""Keine 10-Millionen-Schweiz"" mit 63,9 Prozent der Stimmen gescheitert. Die Ablehnung der Initiative ""Keine 10-Millionen-Schweiz!» ist stärker als jene zur Zuwanderungsinitiative im Jahr 2020. Der Nein-Anteil in #gemeinde_d lag damals bei 52,3 Prozent."
2855,51.1,51.1,48.9,"Oltingen BL","Mit 51,1 Prozent Ja-Stimmen hat eine Mehrheit der Stimmberechtigten in Oltingen der Initiative ""Keine 10-Millionen-Schweiz"" zugestimmt. Mit diesem Ergebnis wechselt #gemeinde_d ins Ja-Lager. Im Jahr 2020 hatte die Gemeinde die Zuwanderungsinitiative noch mit 56 Prozent der Stimmen abgelehnt."
2856,90.1,90.1,9.9,"Ormalingen BL","Mit 90,1 Prozent befürworten die Stimmberechtigten von Ormalingen die Initiative ""Keine 10-Millionen-Schweiz"". Mit diesem Ergebnis wechselt #gemeinde_d ins Ja-Lager. Im Jahr 2020 hatte die Gemeinde die Zuwanderungsinitiative noch mit 52,8 Prozent der Stimmen abgelehnt."
2857,37.2,37.2,62.8,"Rickenbach BL","62,8 Prozent der Stimmbürgerinnen und Stimmbürger von Rickenbach BL sprechen sich gegen die Initiative ""Keine 10-Millionen-Schweiz"" aus. Die Ablehnung der Initiative ""Keine 10-Millionen-Schweiz!» ist stärker als jene zur Zuwanderungsinitiative im Jahr 2020. Der Nein-Anteil in #gemeinde_d lag damals bei 54,8 Prozent."
2858,57.9,57.9,42.1,"Rothenfluh BL","Rothenfluh hat die Initiative ""Keine 10-Millionen-Schweiz"" angenommen; der Ja-Stimmen-Anteil liegt bei 57,9 Prozent. Die Unterstützung für die Initiative ""Keine 10-Millionen-Schweiz!» hat in #gemeinde_d gegenüber der Zuwanderungsinitiative im Jahr 2020 zugenommen. Bei jener Abstimmung hatten 50,1 Prozent der Abstimmenden der Gemeinde die Vorlage angenommen."
2859,34.6,34.6,65.4,"Rümlingen BL","In Rümlingen ist die Initiative ""Keine 10-Millionen-Schweiz"" mit 65,4 Prozent der Stimmen gescheitert. In den vergangenen fünf Jahren hat die Gemeinde somit bei der Frage der Zuwanderung das Lager gewechselt. #gemeinde_d hatte die Zuwanderungsinitiative im Jahr 2020 mit 46,1 Prozent abgelehnt."
2860,85.4,85.4,14.6,"Rünenberg BL","Rünenberg hat die Initiative ""Keine 10-Millionen-Schweiz"" angenommen; der Ja-Stimmen-Anteil liegt bei 85,4 Prozent. Die Unterstützung für die Initiative ""Keine 10-Millionen-Schweiz!» hat in #gemeinde_d gegenüber der Zuwanderungsinitiative im Jahr 2020 zugenommen. Bei jener Abstimmung hatten 50,2 Prozent der Abstimmenden der Gemeinde die Vorlage angenommen."
2861,84,84,16,"Sissach BL","Mit 84 Prozent Ja-Stimmen hat eine Mehrheit der Stimmberechtigten in Sissach der Initiative ""Keine 10-Millionen-Schweiz"" zugestimmt. Mit diesem Ergebnis wechselt #gemeinde_d ins Ja-Lager. Im Jahr 2020 hatte die Gemeinde die Zuwanderungsinitiative noch mit 64,5 Prozent der Stimmen abgelehnt."
2862,65.5,65.5,34.5,"Tecknau BL","65,5 Prozent der Stimmbürgerinnen und Stimmbürger von Tecknau haben sich für die Initiative ""Keine 10-Millionen-Schweiz"" ausgesprochen. Mit diesem Ergebnis wechselt #gemeinde_d ins Ja-Lager. Im Jahr 2020 hatte die Gemeinde die Zuwanderungsinitiative noch mit 50,2 Prozent der Stimmen abgelehnt."
2863,90.8,90.8,9.2,"Tenniken BL","In Tenniken erhält die Initiative ""Keine 10-Millionen-Schweiz"" 90,8 Prozent Zustimmung. Mit diesem Ergebnis wechselt #gemeinde_d ins Ja-Lager. Im Jahr 2020 hatte die Gemeinde die Zuwanderungsinitiative noch mit 55,4 Prozent der Stimmen abgelehnt."
2864,69.8,69.8,30.2,"Thürnen BL","Mit 69,8 Prozent befürworten die Stimmberechtigten von Thürnen die Initiative ""Keine 10-Millionen-Schweiz"". Mit diesem Ergebnis wechselt #gemeinde_d ins Ja-Lager. Im Jahr 2020 hatte die Gemeinde die Zuwanderungsinitiative noch mit 58,6 Prozent der Stimmen abgelehnt."
2865,13,13,87,"Wenslingen BL","In Wenslingen findet die Initiative ""Keine 10-Millionen-Schweiz"" mit 87 Prozent keine Mehrheit. Die Ablehnung der Initiative ""Keine 10-Millionen-Schweiz!» ist stärker als jene zur Zuwanderungsinitiative im Jahr 2020. Der Nein-Anteil in #gemeinde_d lag damals bei 59 Prozent."
2866,28.7,28.7,71.3,"Wintersingen BL","In Wintersingen wird die Initiative ""Keine 10-Millionen-Schweiz"" mit 71,3 Prozent abgelehnt. In den vergangenen fünf Jahren hat die Gemeinde somit bei der Frage der Zuwanderung das Lager gewechselt. #gemeinde_d hatte die Zuwanderungsinitiative im Jahr 2020 mit 49,3 Prozent abgelehnt."
2867,57.4,57.4,42.6,"Wittinsburg BL","Mit 57,4 Prozent Ja-Stimmen hat eine Mehrheit der Stimmberechtigten in Wittinsburg der Initiative ""Keine 10-Millionen-Schweiz"" zugestimmt. Die Unterstützung für die Initiative ""Keine 10-Millionen-Schweiz!» hat in #gemeinde_d gegenüber der Zuwanderungsinitiative im Jahr 2020 zugenommen. Bei jener Abstimmung hatten 50,9 Prozent der Abstimmenden der Gemeinde die Vorlage angenommen."
2868,39.5,39.5,60.5,"Zeglingen BL","60,5 Prozent der Stimmbürgerinnen und Stimmbürger von Zeglingen sprechen sich gegen die Initiative ""Keine 10-Millionen-Schweiz"" aus. Die Ablehnung der Initiative ""Keine 10-Millionen-Schweiz!» ist stärker als jene zur Zuwanderungsinitiative im Jahr 2020. Der Nein-Anteil in #gemeinde_d lag damals bei 53,6 Prozent."
2869,46.9,46.9,53.1,"Zunzgen BL","In Zunzgen wird die Initiative ""Keine 10-Millionen-Schweiz"" mit 53,1 Prozent abgelehnt. Die Ablehnung der Initiative ""Keine 10-Millionen-Schweiz!» ist stärker als jene zur Zuwanderungsinitiative im Jahr 2020. Der Nein-Anteil in #gemeinde_d lag damals bei 50,7 Prozent."
2881,68.4,68.4,31.6,"Arboldswil BL","68,4 Prozent der Stimmbürgerinnen und Stimmbürger von Arboldswil haben sich für die Initiative ""Keine 10-Millionen-Schweiz"" ausgesprochen. Die Unterstützung für die Initiative ""Keine 10-Millionen-Schweiz!» hat in #gemeinde_d gegenüber der Zuwanderungsinitiative im Jahr 2020 zugenommen. Bei jener Abstimmung hatten 58,7 Prozent der Abstimmenden der Gemeinde die Vorlage angenommen."
2882,74.9,74.9,25.1,"Bennwil BL","In Bennwil erhält die Initiative ""Keine 10-Millionen-Schweiz"" 74,9 Prozent Zustimmung. Die Unterstützung für die Initiative ""Keine 10-Millionen-Schweiz!» hat in #gemeinde_d gegenüber der Zuwanderungsinitiative im Jahr 2020 zugenommen. Bei jener Abstimmung hatten 59 Prozent der Abstimmenden der Gemeinde die Vorlage angenommen."
2883,72.4,72.4,27.6,"Bretzwil BL","Bretzwil hat die Initiative ""Keine 10-Millionen-Schweiz"" angenommen; der Ja-Stimmen-Anteil liegt bei 72,4 Prozent. Die Unterstützung für die Initiative ""Keine 10-Millionen-Schweiz!» hat in #gemeinde_d gegenüber der Zuwanderungsinitiative im Jahr 2020 zugenommen. Bei jener Abstimmung hatten 66,2 Prozent der Abstimmenden der Gemeinde die Vorlage angenommen."
2884,42.2,42.2,57.8,"Diegten BL","In Diegten wird die Initiative ""Keine 10-Millionen-Schweiz"" mit 57,8 Prozent abgelehnt. In den vergangenen fünf Jahren hat die Gemeinde somit bei der Frage der Zuwanderung das Lager gewechselt. #gemeinde_d hatte die Zuwanderungsinitiative im Jahr 2020 mit 43,8 Prozent abgelehnt."
2885,81,81,19,"Eptingen BL","81 Prozent der Stimmbürgerinnen und Stimmbürger von Eptingen haben sich für die Initiative ""Keine 10-Millionen-Schweiz"" ausgesprochen. Die Unterstützung für die Initiative ""Keine 10-Millionen-Schweiz!» hat in #gemeinde_d gegenüber der Zuwanderungsinitiative im Jahr 2020 zugenommen. Bei jener Abstimmung hatten 62,9 Prozent der Abstimmenden der Gemeinde die Vorlage angenommen."
2886,97,97,3,"Hölstein BL","Die Initiative ""Keine 10-Millionen-Schweiz"" erreicht in Hölstein 97 Prozent Ja-Stimmen. Mit diesem Ergebnis wechselt #gemeinde_d ins Ja-Lager. Im Jahr 2020 hatte die Gemeinde die Zuwanderungsinitiative noch mit 61,4 Prozent der Stimmen abgelehnt."
2887,46.7,46.7,53.3,"Lampenberg BL","In Lampenberg findet die Initiative ""Keine 10-Millionen-Schweiz"" mit 53,3 Prozent keine Mehrheit. In den vergangenen fünf Jahren hat die Gemeinde somit bei der Frage der Zuwanderung das Lager gewechselt. #gemeinde_d hatte die Zuwanderungsinitiative im Jahr 2020 mit 49,2 Prozent abgelehnt."
2888,96.4,96.4,3.6,"Langenbruck BL","In Langenbruck erhält die Initiative ""Keine 10-Millionen-Schweiz"" 96,4 Prozent Zustimmung. Die Unterstützung für die Initiative ""Keine 10-Millionen-Schweiz!» hat in #gemeinde_d gegenüber der Zuwanderungsinitiative im Jahr 2020 zugenommen. Bei jener Abstimmung hatten 50,6 Prozent der Abstimmenden der Gemeinde die Vorlage angenommen."
2889,17.6,17.6,82.4,"Lauwil BL","82,4 Prozent der Stimmbürgerinnen und Stimmbürger von Lauwil sprechen sich gegen die Initiative ""Keine 10-Millionen-Schweiz"" aus. In den vergangenen fünf Jahren hat die Gemeinde somit bei der Frage der Zuwanderung das Lager gewechselt. #gemeinde_d hatte die Zuwanderungsinitiative im Jahr 2020 mit 48,5 Prozent abgelehnt."
2890,84.2,84.2,15.8,"Liedertswil BL","In Liedertswil erhält die Initiative ""Keine 10-Millionen-Schweiz"" 84,2 Prozent Zustimmung. Die Unterstützung für die Initiative ""Keine 10-Millionen-Schweiz!» hat in #gemeinde_d gegenüber der Zuwanderungsinitiative im Jahr 2020 zugenommen. Bei jener Abstimmung hatten 72,7 Prozent der Abstimmenden der Gemeinde die Vorlage angenommen."
2891,68.6,68.6,31.4,"Niederdorf BL","In Niederdorf erhält die Initiative ""Keine 10-Millionen-Schweiz"" 68,6 Prozent Zustimmung. Die Unterstützung für die Initiative ""Keine 10-Millionen-Schweiz!» hat in #gemeinde_d gegenüber der Zuwanderungsinitiative im Jahr 2020 zugenommen. Bei jener Abstimmung hatten 50,3 Prozent der Abstimmenden der Gemeinde die Vorlage angenommen."
2892,17.7,17.7,82.3,"Oberdorf BL","Die Initiative ""Keine 10-Millionen-Schweiz"" erreicht in Oberdorf BL 82,3 Prozent Nein-Stimmen. Die Ablehnung der Initiative ""Keine 10-Millionen-Schweiz!» ist stärker als jene zur Zuwanderungsinitiative im Jahr 2020. Der Nein-Anteil in #gemeinde_d lag damals bei 57,6 Prozent."
2893,31.1,31.1,68.9,"Reigoldswil BL","68,9 Prozent der Stimmbürgerinnen und Stimmbürger von Reigoldswil sprechen sich gegen die Initiative ""Keine 10-Millionen-Schweiz"" aus. Die Ablehnung der Initiative ""Keine 10-Millionen-Schweiz!» ist stärker als jene zur Zuwanderungsinitiative im Jahr 2020. Der Nein-Anteil in #gemeinde_d lag damals bei 55 Prozent."
2894,52.6,52.6,47.4,"Titterten BL","Mit 52,6 Prozent befürworten die Stimmberechtigten von Titterten die Initiative ""Keine 10-Millionen-Schweiz"". Mit diesem Ergebnis wechselt #gemeinde_d ins Ja-Lager. Im Jahr 2020 hatte die Gemeinde die Zuwanderungsinitiative noch mit 56,4 Prozent der Stimmen abgelehnt."
2895,37.7,37.7,62.3,"Waldenburg BL","62,3 Prozent der Stimmbürgerinnen und Stimmbürger von Waldenburg sprechen sich gegen die Initiative ""Keine 10-Millionen-Schweiz"" aus. In den vergangenen fünf Jahren hat die Gemeinde somit bei der Frage der Zuwanderung das Lager gewechselt. #gemeinde_d hatte die Zuwanderungsinitiative im Jahr 2020 mit 48,5 Prozent abgelehnt."
2901,14.4,14.4,85.6,"Gächlingen SH","In Gächlingen wird die Initiative ""Keine 10-Millionen-Schweiz"" mit 85,6 Prozent abgelehnt. In den vergangenen fünf Jahren hat die Gemeinde somit bei der Frage der Zuwanderung das Lager gewechselt. #gemeinde_d hatte die Zuwanderungsinitiative im Jahr 2020 mit 45,8 Prozent abgelehnt."
2903,43.4,43.4,56.6,"Löhningen SH","In Löhningen findet die Initiative ""Keine 10-Millionen-Schweiz"" mit 56,6 Prozent keine Mehrheit. Die Ablehnung der Initiative ""Keine 10-Millionen-Schweiz!» ist stärker als jene zur Zuwanderungsinitiative im Jahr 2020. Der Nein-Anteil in #gemeinde_d lag damals bei 53 Prozent."
2904,38.7,38.7,61.3,"Neunkirch SH","In Neunkirch ist die Initiative ""Keine 10-Millionen-Schweiz"" mit 61,3 Prozent der Stimmen gescheitert. Die Ablehnung der Initiative ""Keine 10-Millionen-Schweiz!» ist stärker als jene zur Zuwanderungsinitiative im Jahr 2020. Der Nein-Anteil in #gemeinde_d lag damals bei 56,7 Prozent."
2914,55.8,55.8,44.2,"Büttenhardt SH","Die Initiative ""Keine 10-Millionen-Schweiz"" erreicht in Büttenhardt 55,8 Prozent Ja-Stimmen. Die Unterstützung für die Initiative ""Keine 10-Millionen-Schweiz!» fällt geringer aus als jene für die Zuwanderungsinitiative im Jahr 2020. Die Abstimmenden von #gemeinde_d hatten damals mit 59,1 Prozent Ja gestimmt."
2915,26.9,26.9,73.1,"Dörflingen SH","In Dörflingen findet die Initiative ""Keine 10-Millionen-Schweiz"" mit 73,1 Prozent keine Mehrheit. In den vergangenen fünf Jahren hat die Gemeinde somit bei der Frage der Zuwanderung das Lager gewechselt. #gemeinde_d hatte die Zuwanderungsinitiative im Jahr 2020 mit 48,5 Prozent abgelehnt."
2917,59.4,59.4,40.6,"Lohn SH","Lohn SH hat die Initiative ""Keine 10-Millionen-Schweiz"" angenommen; der Ja-Stimmen-Anteil liegt bei 59,4 Prozent. Die Unterstützung für die Initiative ""Keine 10-Millionen-Schweiz!» hat in #gemeinde_d gegenüber der Zuwanderungsinitiative im Jahr 2020 zugenommen. Bei jener Abstimmung hatten 54,7 Prozent der Abstimmenden der Gemeinde die Vorlage angenommen."
2919,63.8,63.8,36.2,"Stetten SH","63,8 Prozent der Stimmbürgerinnen und Stimmbürger von Stetten SH haben sich für die Initiative ""Keine 10-Millionen-Schweiz"" ausgesprochen. Mit diesem Ergebnis wechselt #gemeinde_d ins Ja-Lager. Im Jahr 2020 hatte die Gemeinde die Zuwanderungsinitiative noch mit 62,3 Prozent der Stimmen abgelehnt."
2920,92.2,92.2,7.8,"Thayngen SH","Mit 92,2 Prozent Ja-Stimmen hat eine Mehrheit der Stimmberechtigten in Thayngen der Initiative ""Keine 10-Millionen-Schweiz"" zugestimmt. Die Unterstützung für die Initiative ""Keine 10-Millionen-Schweiz!» hat in #gemeinde_d gegenüber der Zuwanderungsinitiative im Jahr 2020 zugenommen. Bei jener Abstimmung hatten 51,4 Prozent der Abstimmenden der Gemeinde die Vorlage angenommen."
2931,62.5,62.5,37.5,"Bargen SH","62,5 Prozent der Stimmbürgerinnen und Stimmbürger von Bargen SH haben sich für die Initiative ""Keine 10-Millionen-Schweiz"" ausgesprochen. Die Unterstützung für die Initiative ""Keine 10-Millionen-Schweiz!» hat in #gemeinde_d gegenüber der Zuwanderungsinitiative im Jahr 2020 zugenommen. Bei jener Abstimmung hatten 59,6 Prozent der Abstimmenden der Gemeinde die Vorlage angenommen."
2932,52.2,52.2,47.8,"Beringen SH","Beringen hat die Initiative ""Keine 10-Millionen-Schweiz"" angenommen; der Ja-Stimmen-Anteil liegt bei 52,2 Prozent. Mit diesem Ergebnis wechselt #gemeinde_d ins Ja-Lager. Im Jahr 2020 hatte die Gemeinde die Zuwanderungsinitiative noch mit 53,7 Prozent der Stimmen abgelehnt."
2933,41.1,41.1,58.9,"Buchberg SH","Die Initiative ""Keine 10-Millionen-Schweiz"" erreicht in Buchberg 58,9 Prozent Nein-Stimmen. Die Ablehnung der Initiative ""Keine 10-Millionen-Schweiz!» ist stärker als jene zur Zuwanderungsinitiative im Jahr 2020. Der Nein-Anteil in #gemeinde_d lag damals bei 50,5 Prozent."
2936,61.2,61.2,38.8,"Merishausen SH","In Merishausen erhält die Initiative ""Keine 10-Millionen-Schweiz"" 61,2 Prozent Zustimmung. Die Unterstützung für die Initiative ""Keine 10-Millionen-Schweiz!» hat in #gemeinde_d gegenüber der Zuwanderungsinitiative im Jahr 2020 zugenommen. Bei jener Abstimmung hatten 50,8 Prozent der Abstimmenden der Gemeinde die Vorlage angenommen."
2937,86.4,86.4,13.6,"Neuhausen am Rheinfall SH","Neuhausen am Rheinfall hat die Initiative ""Keine 10-Millionen-Schweiz"" angenommen; der Ja-Stimmen-Anteil liegt bei 86,4 Prozent. Mit diesem Ergebnis wechselt #gemeinde_d ins Ja-Lager. Im Jahr 2020 hatte die Gemeinde die Zuwanderungsinitiative noch mit 52,5 Prozent der Stimmen abgelehnt."
2938,71,71,29,"Rüdlingen SH","Die Initiative ""Keine 10-Millionen-Schweiz"" erreicht in Rüdlingen 71 Prozent Ja-Stimmen. Die Unterstützung für die Initiative ""Keine 10-Millionen-Schweiz!» hat in #gemeinde_d gegenüber der Zuwanderungsinitiative im Jahr 2020 zugenommen. Bei jener Abstimmung hatten 53,2 Prozent der Abstimmenden der Gemeinde die Vorlage angenommen."
2939,43.6,43.6,56.4,"Schaffhausen SH","In Schaffhausen ist die Initiative ""Keine 10-Millionen-Schweiz"" mit 56,4 Prozent der Stimmen gescheitert. Die Ablehnung der Initiative fällt jedoch geringer aus als zur Zuwanderungsinitiative im Jahr 2020. Die Abstimmenden von #gemeinde_d hatten damals mit 64,9 Prozent Nein gestimmt."
2951,32.8,32.8,67.2,"Beggingen SH","67,2 Prozent der Stimmbürgerinnen und Stimmbürger von Beggingen sprechen sich gegen die Initiative ""Keine 10-Millionen-Schweiz"" aus. In den vergangenen fünf Jahren hat die Gemeinde somit bei der Frage der Zuwanderung das Lager gewechselt. #gemeinde_d hatte die Zuwanderungsinitiative im Jahr 2020 mit 32,5 Prozent abgelehnt."
2952,15.9,15.9,84.1,"Schleitheim SH","In Schleitheim findet die Initiative ""Keine 10-Millionen-Schweiz"" mit 84,1 Prozent keine Mehrheit. In den vergangenen fünf Jahren hat die Gemeinde somit bei der Frage der Zuwanderung das Lager gewechselt. #gemeinde_d hatte die Zuwanderungsinitiative im Jahr 2020 mit 45 Prozent abgelehnt."
2953,47.8,47.8,52.2,"Siblingen SH","Die Initiative ""Keine 10-Millionen-Schweiz"" erreicht in Siblingen 52,2 Prozent Nein-Stimmen. In den vergangenen fünf Jahren hat die Gemeinde somit bei der Frage der Zuwanderung das Lager gewechselt. #gemeinde_d hatte die Zuwanderungsinitiative im Jahr 2020 mit 49,7 Prozent abgelehnt."
2961,21.1,21.1,78.9,"Buch SH","Die Initiative ""Keine 10-Millionen-Schweiz"" erreicht in Buch SH 78,9 Prozent Nein-Stimmen. In den vergangenen fünf Jahren hat die Gemeinde somit bei der Frage der Zuwanderung das Lager gewechselt. #gemeinde_d hatte die Zuwanderungsinitiative im Jahr 2020 mit 41,6 Prozent abgelehnt."
2962,11.8,11.8,88.2,"Hemishofen SH","88,2 Prozent der Stimmbürgerinnen und Stimmbürger von Hemishofen sprechen sich gegen die Initiative ""Keine 10-Millionen-Schweiz"" aus. Die Ablehnung der Initiative ""Keine 10-Millionen-Schweiz!» ist stärker als jene zur Zuwanderungsinitiative im Jahr 2020. Der Nein-Anteil in #gemeinde_d lag damals bei 53,8 Prozent."
2963,94.2,94.2,5.8,"Ramsen SH","Mit 94,2 Prozent befürworten die Stimmberechtigten von Ramsen die Initiative ""Keine 10-Millionen-Schweiz"". Die Unterstützung für die Initiative ""Keine 10-Millionen-Schweiz!» hat in #gemeinde_d gegenüber der Zuwanderungsinitiative im Jahr 2020 zugenommen. Bei jener Abstimmung hatten 50,3 Prozent der Abstimmenden der Gemeinde die Vorlage angenommen."
2964,62.4,62.4,37.6,"Stein am Rhein SH","Mit 62,4 Prozent Ja-Stimmen hat eine Mehrheit der Stimmberechtigten in Stein am Rhein der Initiative ""Keine 10-Millionen-Schweiz"" zugestimmt. Mit diesem Ergebnis wechselt #gemeinde_d ins Ja-Lager. Im Jahr 2020 hatte die Gemeinde die Zuwanderungsinitiative noch mit 58,3 Prozent der Stimmen abgelehnt."
2971,90.8,90.8,9.2,"Hallau SH","90,8 Prozent der Stimmbürgerinnen und Stimmbürger von Hallau haben sich für die Initiative ""Keine 10-Millionen-Schweiz"" ausgesprochen. Die Unterstützung für die Initiative ""Keine 10-Millionen-Schweiz!» hat in #gemeinde_d gegenüber der Zuwanderungsinitiative im Jahr 2020 zugenommen. Bei jener Abstimmung hatten 52,8 Prozent der Abstimmenden der Gemeinde die Vorlage angenommen."
2972,57.6,57.6,42.4,"Oberhallau SH","Oberhallau hat die Initiative ""Keine 10-Millionen-Schweiz"" angenommen; der Ja-Stimmen-Anteil liegt bei 57,6 Prozent. Die Unterstützung für die Initiative ""Keine 10-Millionen-Schweiz!» fällt geringer aus als jene für die Zuwanderungsinitiative im Jahr 2020. Die Abstimmenden von #gemeinde_d hatten damals mit 61,8 Prozent Ja gestimmt."
2973,47.4,47.4,52.6,"Trasadingen SH","52,6 Prozent der Stimmbürgerinnen und Stimmbürger von Trasadingen sprechen sich gegen die Initiative ""Keine 10-Millionen-Schweiz"" aus. In den vergangenen fünf Jahren hat die Gemeinde somit bei der Frage der Zuwanderung das Lager gewechselt. #gemeinde_d hatte die Zuwanderungsinitiative im Jahr 2020 mit 43 Prozent abgelehnt."
2974,60.8,60.8,39.2,"Wilchingen SH","In Wilchingen erhält die Initiative ""Keine 10-Millionen-Schweiz"" 60,8 Prozent Zustimmung. Die Unterstützung für die Initiative ""Keine 10-Millionen-Schweiz!» hat in #gemeinde_d gegenüber der Zuwanderungsinitiative im Jahr 2020 zugenommen. Bei jener Abstimmung hatten 59,7 Prozent der Abstimmenden der Gemeinde die Vorlage angenommen."
3001,80.1,80.1,19.9,"Herisau AR","Mit 80,1 Prozent Ja-Stimmen hat eine Mehrheit der Stimmberechtigten in Herisau der Initiative ""Keine 10-Millionen-Schweiz"" zugestimmt. Mit diesem Ergebnis wechselt #gemeinde_d ins Ja-Lager. Im Jahr 2020 hatte die Gemeinde die Zuwanderungsinitiative noch mit 59,1 Prozent der Stimmen abgelehnt."
3002,67.2,67.2,32.8,"Hundwil AR","In Hundwil erhält die Initiative ""Keine 10-Millionen-Schweiz"" 67,2 Prozent Zustimmung. Die Unterstützung für die Initiative ""Keine 10-Millionen-Schweiz!» hat in #gemeinde_d gegenüber der Zuwanderungsinitiative im Jahr 2020 zugenommen. Bei jener Abstimmung hatten 65,6 Prozent der Abstimmenden der Gemeinde die Vorlage angenommen."
3003,97.6,97.6,2.4,"Schönengrund AR","Mit 97,6 Prozent Ja-Stimmen hat eine Mehrheit der Stimmberechtigten in Schönengrund der Initiative ""Keine 10-Millionen-Schweiz"" zugestimmt. Die Unterstützung für die Initiative ""Keine 10-Millionen-Schweiz!» hat in #gemeinde_d gegenüber der Zuwanderungsinitiative im Jahr 2020 zugenommen. Bei jener Abstimmung hatten 66,2 Prozent der Abstimmenden der Gemeinde die Vorlage angenommen."
3004,23.9,23.9,76.1,"Schwellbrunn AR","In Schwellbrunn ist die Initiative ""Keine 10-Millionen-Schweiz"" mit 76,1 Prozent der Stimmen gescheitert. In den vergangenen fünf Jahren hat die Gemeinde somit bei der Frage der Zuwanderung das Lager gewechselt. #gemeinde_d hatte die Zuwanderungsinitiative im Jahr 2020 mit 36,7 Prozent abgelehnt."
3005,16.2,16.2,83.8,"Stein AR","Die Initiative ""Keine 10-Millionen-Schweiz"" erreicht in Stein AR 83,8 Prozent Nein-Stimmen. In den vergangenen fünf Jahren hat die Gemeinde somit bei der Frage der Zuwanderung das Lager gewechselt. #gemeinde_d hatte die Zuwanderungsinitiative im Jahr 2020 mit 49,6 Prozent abgelehnt."
3006,74.5,74.5,25.5,"Urnäsch AR","Die Initiative ""Keine 10-Millionen-Schweiz"" erreicht in Urnäsch 74,5 Prozent Ja-Stimmen. Die Unterstützung für die Initiative ""Keine 10-Millionen-Schweiz!» hat in #gemeinde_d gegenüber der Zuwanderungsinitiative im Jahr 2020 zugenommen. Bei jener Abstimmung hatten 64,6 Prozent der Abstimmenden der Gemeinde die Vorlage angenommen."
3007,34,34,66,"Waldstatt AR","66 Prozent der Stimmbürgerinnen und Stimmbürger von Waldstatt sprechen sich gegen die Initiative ""Keine 10-Millionen-Schweiz"" aus. Die Ablehnung der Initiative ""Keine 10-Millionen-Schweiz!» ist stärker als jene zur Zuwanderungsinitiative im Jahr 2020. Der Nein-Anteil in #gemeinde_d lag damals bei 50,1 Prozent."
3021,43.6,43.6,56.4,"Bühler AR","56,4 Prozent der Stimmbürgerinnen und Stimmbürger von Bühler sprechen sich gegen die Initiative ""Keine 10-Millionen-Schweiz"" aus. Die Ablehnung der Initiative ""Keine 10-Millionen-Schweiz!» ist stärker als jene zur Zuwanderungsinitiative im Jahr 2020. Der Nein-Anteil in #gemeinde_d lag damals bei 52,2 Prozent."
3022,91.6,91.6,8.4,"Gais AR","Mit 91,6 Prozent befürworten die Stimmberechtigten von Gais die Initiative ""Keine 10-Millionen-Schweiz"". Mit diesem Ergebnis wechselt #gemeinde_d ins Ja-Lager. Im Jahr 2020 hatte die Gemeinde die Zuwanderungsinitiative noch mit 60,4 Prozent der Stimmen abgelehnt."
3023,51.6,51.6,48.4,"Speicher AR","In Speicher erhält die Initiative ""Keine 10-Millionen-Schweiz"" 51,6 Prozent Zustimmung. Mit diesem Ergebnis wechselt #gemeinde_d ins Ja-Lager. Im Jahr 2020 hatte die Gemeinde die Zuwanderungsinitiative noch mit 67,6 Prozent der Stimmen abgelehnt."
3024,82.7,82.7,17.3,"Teufen AR","Mit 82,7 Prozent Ja-Stimmen hat eine Mehrheit der Stimmberechtigten in Teufen AR der Initiative ""Keine 10-Millionen-Schweiz"" zugestimmt. Mit diesem Ergebnis wechselt #gemeinde_d ins Ja-Lager. Im Jahr 2020 hatte die Gemeinde die Zuwanderungsinitiative noch mit 64,9 Prozent der Stimmen abgelehnt."
3025,10.4,10.4,89.6,"Trogen AR","In Trogen ist die Initiative ""Keine 10-Millionen-Schweiz"" mit 89,6 Prozent der Stimmen gescheitert. Die Ablehnung der Initiative ""Keine 10-Millionen-Schweiz!» ist stärker als jene zur Zuwanderungsinitiative im Jahr 2020. Der Nein-Anteil in #gemeinde_d lag damals bei 70,4 Prozent."
3031,37.7,37.7,62.3,"Grub AR","In Grub AR findet die Initiative ""Keine 10-Millionen-Schweiz"" mit 62,3 Prozent keine Mehrheit. In den vergangenen fünf Jahren hat die Gemeinde somit bei der Frage der Zuwanderung das Lager gewechselt. #gemeinde_d hatte die Zuwanderungsinitiative im Jahr 2020 mit 46,9 Prozent abgelehnt."
3032,1.1,1.1,98.9,"Heiden AR","98,9 Prozent der Stimmbürgerinnen und Stimmbürger von Heiden sprechen sich gegen die Initiative ""Keine 10-Millionen-Schweiz"" aus. Die Ablehnung der Initiative ""Keine 10-Millionen-Schweiz!» ist stärker als jene zur Zuwanderungsinitiative im Jahr 2020. Der Nein-Anteil in #gemeinde_d lag damals bei 58,8 Prozent."
3033,49.7,49.7,50.3,"Lutzenberg AR","Die Initiative ""Keine 10-Millionen-Schweiz"" erreicht in Lutzenberg 50,3 Prozent Nein-Stimmen. In den vergangenen fünf Jahren hat die Gemeinde somit bei der Frage der Zuwanderung das Lager gewechselt. #gemeinde_d hatte die Zuwanderungsinitiative im Jahr 2020 mit 44,1 Prozent abgelehnt."
3034,33.9,33.9,66.1,"Rehetobel AR","Die Initiative ""Keine 10-Millionen-Schweiz"" erreicht in Rehetobel 66,1 Prozent Nein-Stimmen. Das Ergebnis hat sich im Vergleich zur Abstimmung über die Zuwanderungsinitiative im Jahr 2020 kaum verändert. #gemeinde_d hatte damals mit 65,6 Prozent Nein gestimmt."
3035,31.7,31.7,68.3,"Reute AR","Die Initiative ""Keine 10-Millionen-Schweiz"" erreicht in Reute AR 68,3 Prozent Nein-Stimmen. In den vergangenen fünf Jahren hat die Gemeinde somit bei der Frage der Zuwanderung das Lager gewechselt. #gemeinde_d hatte die Zuwanderungsinitiative im Jahr 2020 mit 45,1 Prozent abgelehnt."
3036,44.7,44.7,55.3,"Wald AR","55,3 Prozent der Stimmbürgerinnen und Stimmbürger von Wald AR sprechen sich gegen die Initiative ""Keine 10-Millionen-Schweiz"" aus. Die Ablehnung der Initiative ""Keine 10-Millionen-Schweiz!» ist stärker als jene zur Zuwanderungsinitiative im Jahr 2020. Der Nein-Anteil in #gemeinde_d lag damals bei 53,2 Prozent."
3037,69.2,69.2,30.8,"Walzenhausen AR","Mit 69,2 Prozent Ja-Stimmen hat eine Mehrheit der Stimmberechtigten in Walzenhausen der Initiative ""Keine 10-Millionen-Schweiz"" zugestimmt. Die Unterstützung für die Initiative ""Keine 10-Millionen-Schweiz!» hat in #gemeinde_d gegenüber der Zuwanderungsinitiative im Jahr 2020 zugenommen. Bei jener Abstimmung hatten 54,4 Prozent der Abstimmenden der Gemeinde die Vorlage angenommen."
3038,73.9,73.9,26.1,"Wolfhalden AR","In Wolfhalden erhält die Initiative ""Keine 10-Millionen-Schweiz"" 73,9 Prozent Zustimmung. Die Unterstützung für die Initiative ""Keine 10-Millionen-Schweiz!» hat in #gemeinde_d gegenüber der Zuwanderungsinitiative im Jahr 2020 zugenommen. Bei jener Abstimmung hatten 50,1 Prozent der Abstimmenden der Gemeinde die Vorlage angenommen."
3101,84.5,84.5,15.5,"Appenzell AI","Appenzell hat die Initiative ""Keine 10-Millionen-Schweiz"" angenommen; der Ja-Stimmen-Anteil liegt bei 84,5 Prozent. Mit diesem Ergebnis wechselt #gemeinde_d ins Ja-Lager. Im Jahr 2020 hatte die Gemeinde die Zuwanderungsinitiative noch mit 51,5 Prozent der Stimmen abgelehnt."
3102,20.4,20.4,79.6,"Gonten AI","79,6 Prozent der Stimmbürgerinnen und Stimmbürger von Gonten sprechen sich gegen die Initiative ""Keine 10-Millionen-Schweiz"" aus. In den vergangenen fünf Jahren hat die Gemeinde somit bei der Frage der Zuwanderung das Lager gewechselt. #gemeinde_d hatte die Zuwanderungsinitiative im Jahr 2020 mit 34,4 Prozent abgelehnt."
3104,52.9,52.9,47.1,"Schlatt-Haslen AI","Mit 52,9 Prozent befürworten die Stimmberechtigten von Schlatt-Haslen die Initiative ""Keine 10-Millionen-Schweiz"". Die Unterstützung für die Initiative ""Keine 10-Millionen-Schweiz!» fällt geringer aus als jene für die Zuwanderungsinitiative im Jahr 2020. Die Abstimmenden von #gemeinde_d hatten damals mit 61,5 Prozent Ja gestimmt."
3111,35.2,35.2,64.8,"Oberegg AI","Die Initiative ""Keine 10-Millionen-Schweiz"" erreicht in Oberegg 64,8 Prozent Nein-Stimmen. In den vergangenen fünf Jahren hat die Gemeinde somit bei der Frage der Zuwanderung das Lager gewechselt. #gemeinde_d hatte die Zuwanderungsinitiative im Jahr 2020 mit 48,3 Prozent abgelehnt."
3112,51.2,51.2,48.8,"Schwende-Rüti AI","Mit 51,2 Prozent Ja-Stimmen hat eine Mehrheit der Stimmberechtigten in Schwende-Rüti der Initiative ""Keine 10-Millionen-Schweiz"" zugestimmt. Die Unterstützung für die Initiative ""Keine 10-Millionen-Schweiz!» fällt geringer aus als jene für die Zuwanderungsinitiative im Jahr 2020. Die Abstimmenden von #gemeinde_d hatten damals mit 57,5 Prozent Ja gestimmt."
3201,26.3,26.3,73.7,"Häggenschwil SG","In Häggenschwil findet die Initiative ""Keine 10-Millionen-Schweiz"" mit 73,7 Prozent keine Mehrheit. Die Ablehnung der Initiative ""Keine 10-Millionen-Schweiz!» ist stärker als jene zur Zuwanderungsinitiative im Jahr 2020. Der Nein-Anteil in #gemeinde_d lag damals bei 52,7 Prozent."
3202,50.1,50.1,49.9,"Muolen SG","Die Initiative ""Keine 10-Millionen-Schweiz"" erreicht in Muolen 50,1 Prozent Ja-Stimmen. Die Unterstützung für die Initiative ""Keine 10-Millionen-Schweiz!» fällt geringer aus als jene für die Zuwanderungsinitiative im Jahr 2020. Die Abstimmenden von #gemeinde_d hatten damals mit 52,2 Prozent Ja gestimmt."
3203,94,94,6,"St. Gallen SG","St. Gallen hat die Initiative ""Keine 10-Millionen-Schweiz"" angenommen; der Ja-Stimmen-Anteil liegt bei 94 Prozent. Mit diesem Ergebnis wechselt #gemeinde_d ins Ja-Lager. Im Jahr 2020 hatte die Gemeinde die Zuwanderungsinitiative noch mit 74,1 Prozent der Stimmen abgelehnt."
3204,47.3,47.3,52.7,"Wittenbach SG","In Wittenbach findet die Initiative ""Keine 10-Millionen-Schweiz"" mit 52,7 Prozent keine Mehrheit. Die Ablehnung der Initiative fällt jedoch geringer aus als zur Zuwanderungsinitiative im Jahr 2020. Die Abstimmenden von #gemeinde_d hatten damals mit 59,6 Prozent Nein gestimmt."
3211,42.3,42.3,57.7,"Berg SG","In Berg SG ist die Initiative ""Keine 10-Millionen-Schweiz"" mit 57,7 Prozent der Stimmen gescheitert. Die Ablehnung der Initiative ""Keine 10-Millionen-Schweiz!» ist stärker als jene zur Zuwanderungsinitiative im Jahr 2020. Der Nein-Anteil in #gemeinde_d lag damals bei 56,1 Prozent."
3212,19.5,19.5,80.5,"Eggersriet SG","80,5 Prozent der Stimmbürgerinnen und Stimmbürger von Eggersriet sprechen sich gegen die Initiative ""Keine 10-Millionen-Schweiz"" aus. Die Ablehnung der Initiative ""Keine 10-Millionen-Schweiz!» ist stärker als jene zur Zuwanderungsinitiative im Jahr 2020. Der Nein-Anteil in #gemeinde_d lag damals bei 57,4 Prozent."
3213,25.4,25.4,74.6,"Goldach SG","74,6 Prozent der Stimmbürgerinnen und Stimmbürger von Goldach sprechen sich gegen die Initiative ""Keine 10-Millionen-Schweiz"" aus. Die Ablehnung der Initiative ""Keine 10-Millionen-Schweiz!» ist stärker als jene zur Zuwanderungsinitiative im Jahr 2020. Der Nein-Anteil in #gemeinde_d lag damals bei 58,9 Prozent."
3214,32.6,32.6,67.4,"Mörschwil SG","In Mörschwil wird die Initiative ""Keine 10-Millionen-Schweiz"" mit 67,4 Prozent abgelehnt. Die Ablehnung der Initiative ""Keine 10-Millionen-Schweiz!» ist stärker als jene zur Zuwanderungsinitiative im Jahr 2020. Der Nein-Anteil in #gemeinde_d lag damals bei 64,1 Prozent."
3215,48.5,48.5,51.5,"Rorschach SG","51,5 Prozent der Stimmbürgerinnen und Stimmbürger von Rorschach sprechen sich gegen die Initiative ""Keine 10-Millionen-Schweiz"" aus. Die Ablehnung der Initiative fällt jedoch geringer aus als zur Zuwanderungsinitiative im Jahr 2020. Die Abstimmenden von #gemeinde_d hatten damals mit 63,2 Prozent Nein gestimmt."
3216,45,45,55,"Rorschacherberg SG","55 Prozent der Stimmbürgerinnen und Stimmbürger von Rorschacherberg sprechen sich gegen die Initiative ""Keine 10-Millionen-Schweiz"" aus. Das Ergebnis hat sich im Vergleich zur Abstimmung über die Zuwanderungsinitiative im Jahr 2020 kaum verändert. #gemeinde_d hatte damals mit 55,7 Prozent Nein gestimmt."
3217,86.9,86.9,13.1,"Steinach SG","Mit 86,9 Prozent Ja-Stimmen hat eine Mehrheit der Stimmberechtigten in Steinach der Initiative ""Keine 10-Millionen-Schweiz"" zugestimmt. Mit diesem Ergebnis wechselt #gemeinde_d ins Ja-Lager. Im Jahr 2020 hatte die Gemeinde die Zuwanderungsinitiative noch mit 58,8 Prozent der Stimmen abgelehnt."
3218,73.5,73.5,26.5,"Tübach SG","Mit 73,5 Prozent Ja-Stimmen hat eine Mehrheit der Stimmberechtigten in Tübach der Initiative ""Keine 10-Millionen-Schweiz"" zugestimmt. Mit diesem Ergebnis wechselt #gemeinde_d ins Ja-Lager. Im Jahr 2020 hatte die Gemeinde die Zuwanderungsinitiative noch mit 59,2 Prozent der Stimmen abgelehnt."
3219,1.6,1.6,98.4,"Untereggen SG","98,4 Prozent der Stimmbürgerinnen und Stimmbürger von Untereggen sprechen sich gegen die Initiative ""Keine 10-Millionen-Schweiz"" aus. Die Ablehnung der Initiative ""Keine 10-Millionen-Schweiz!» ist stärker als jene zur Zuwanderungsinitiative im Jahr 2020. Der Nein-Anteil in #gemeinde_d lag damals bei 55 Prozent."
3231,72,72,28,"Au SG","Mit 72 Prozent befürworten die Stimmberechtigten von Au SG die Initiative ""Keine 10-Millionen-Schweiz"". Mit diesem Ergebnis wechselt #gemeinde_d ins Ja-Lager. Im Jahr 2020 hatte die Gemeinde die Zuwanderungsinitiative noch mit 57,3 Prozent der Stimmen abgelehnt."
3232,48.4,48.4,51.6,"Balgach SG","51,6 Prozent der Stimmbürgerinnen und Stimmbürger von Balgach sprechen sich gegen die Initiative ""Keine 10-Millionen-Schweiz"" aus. Die Ablehnung der Initiative fällt jedoch geringer aus als zur Zuwanderungsinitiative im Jahr 2020. Die Abstimmenden von #gemeinde_d hatten damals mit 61,2 Prozent Nein gestimmt."
3233,49.8,49.8,50.2,"Berneck SG","Die Initiative ""Keine 10-Millionen-Schweiz"" erreicht in Berneck 50,2 Prozent Nein-Stimmen. Die Ablehnung der Initiative fällt jedoch geringer aus als zur Zuwanderungsinitiative im Jahr 2020. Die Abstimmenden von #gemeinde_d hatten damals mit 55,4 Prozent Nein gestimmt."
3234,56.9,56.9,43.1,"Diepoldsau SG","Die Initiative ""Keine 10-Millionen-Schweiz"" erreicht in Diepoldsau 56,9 Prozent Ja-Stimmen. Mit diesem Ergebnis wechselt #gemeinde_d ins Ja-Lager. Im Jahr 2020 hatte die Gemeinde die Zuwanderungsinitiative noch mit 53,5 Prozent der Stimmen abgelehnt."
3235,95.7,95.7,4.3,"Rheineck SG","95,7 Prozent der Stimmbürgerinnen und Stimmbürger von Rheineck haben sich für die Initiative ""Keine 10-Millionen-Schweiz"" ausgesprochen. Mit diesem Ergebnis wechselt #gemeinde_d ins Ja-Lager. Im Jahr 2020 hatte die Gemeinde die Zuwanderungsinitiative noch mit 53,9 Prozent der Stimmen abgelehnt."
3236,65.5,65.5,34.5,"St. Margrethen SG","St. Margrethen hat die Initiative ""Keine 10-Millionen-Schweiz"" angenommen; der Ja-Stimmen-Anteil liegt bei 65,5 Prozent. Die Unterstützung für die Initiative ""Keine 10-Millionen-Schweiz!» hat in #gemeinde_d gegenüber der Zuwanderungsinitiative im Jahr 2020 zugenommen. Bei jener Abstimmung hatten 50,5 Prozent der Abstimmenden der Gemeinde die Vorlage angenommen."
3237,11.3,11.3,88.7,"Thal SG","88,7 Prozent der Stimmbürgerinnen und Stimmbürger von Thal sprechen sich gegen die Initiative ""Keine 10-Millionen-Schweiz"" aus. Die Ablehnung der Initiative ""Keine 10-Millionen-Schweiz!» ist stärker als jene zur Zuwanderungsinitiative im Jahr 2020. Der Nein-Anteil in #gemeinde_d lag damals bei 51,8 Prozent."
3238,86.1,86.1,13.9,"Widnau SG","Mit 86,1 Prozent Ja-Stimmen hat eine Mehrheit der Stimmberechtigten in Widnau der Initiative ""Keine 10-Millionen-Schweiz"" zugestimmt. Mit diesem Ergebnis wechselt #gemeinde_d ins Ja-Lager. Im Jahr 2020 hatte die Gemeinde die Zuwanderungsinitiative noch mit 53,2 Prozent der Stimmen abgelehnt."
3251,77.1,77.1,22.9,"Altstätten SG","77,1 Prozent der Stimmbürgerinnen und Stimmbürger von Altstätten haben sich für die Initiative ""Keine 10-Millionen-Schweiz"" ausgesprochen. Die Unterstützung für die Initiative ""Keine 10-Millionen-Schweiz!» hat in #gemeinde_d gegenüber der Zuwanderungsinitiative im Jahr 2020 zugenommen. Bei jener Abstimmung hatten 50,5 Prozent der Abstimmenden der Gemeinde die Vorlage angenommen."
3252,90.8,90.8,9.2,"Eichberg SG","Die Initiative ""Keine 10-Millionen-Schweiz"" erreicht in Eichberg 90,8 Prozent Ja-Stimmen. Die Unterstützung für die Initiative ""Keine 10-Millionen-Schweiz!» hat in #gemeinde_d gegenüber der Zuwanderungsinitiative im Jahr 2020 zugenommen. Bei jener Abstimmung hatten 59,5 Prozent der Abstimmenden der Gemeinde die Vorlage angenommen."
3253,97.1,97.1,2.9,"Marbach SG","Mit 97,1 Prozent Ja-Stimmen hat eine Mehrheit der Stimmberechtigten in Marbach SG der Initiative ""Keine 10-Millionen-Schweiz"" zugestimmt. Mit diesem Ergebnis wechselt #gemeinde_d ins Ja-Lager. Im Jahr 2020 hatte die Gemeinde die Zuwanderungsinitiative noch mit 56 Prozent der Stimmen abgelehnt."
3254,3,3,97,"Oberriet SG","97 Prozent der Stimmbürgerinnen und Stimmbürger von Oberriet SG sprechen sich gegen die Initiative ""Keine 10-Millionen-Schweiz"" aus. In den vergangenen fünf Jahren hat die Gemeinde somit bei der Frage der Zuwanderung das Lager gewechselt. #gemeinde_d hatte die Zuwanderungsinitiative im Jahr 2020 mit 43,2 Prozent abgelehnt."
3255,84.4,84.4,15.6,"Rebstein SG","Mit 84,4 Prozent Ja-Stimmen hat eine Mehrheit der Stimmberechtigten in Rebstein der Initiative ""Keine 10-Millionen-Schweiz"" zugestimmt. Mit diesem Ergebnis wechselt #gemeinde_d ins Ja-Lager. Im Jahr 2020 hatte die Gemeinde die Zuwanderungsinitiative noch mit 51,5 Prozent der Stimmen abgelehnt."
3256,20.9,20.9,79.1,"Rüthi SG","In Rüthi SG wird die Initiative ""Keine 10-Millionen-Schweiz"" mit 79,1 Prozent abgelehnt. In den vergangenen fünf Jahren hat die Gemeinde somit bei der Frage der Zuwanderung das Lager gewechselt. #gemeinde_d hatte die Zuwanderungsinitiative im Jahr 2020 mit 47,2 Prozent abgelehnt."
3271,20.9,20.9,79.1,"Buchs SG","In Buchs SG findet die Initiative ""Keine 10-Millionen-Schweiz"" mit 79,1 Prozent keine Mehrheit. Die Ablehnung der Initiative ""Keine 10-Millionen-Schweiz!» ist stärker als jene zur Zuwanderungsinitiative im Jahr 2020. Der Nein-Anteil in #gemeinde_d lag damals bei 57,3 Prozent."
3272,29.2,29.2,70.8,"Gams SG","In Gams wird die Initiative ""Keine 10-Millionen-Schweiz"" mit 70,8 Prozent abgelehnt. Die Ablehnung der Initiative ""Keine 10-Millionen-Schweiz!» ist stärker als jene zur Zuwanderungsinitiative im Jahr 2020. Der Nein-Anteil in #gemeinde_d lag damals bei 50,2 Prozent."
3273,56.9,56.9,43.1,"Grabs SG","Die Initiative ""Keine 10-Millionen-Schweiz"" erreicht in Grabs 56,9 Prozent Ja-Stimmen. Mit diesem Ergebnis wechselt #gemeinde_d ins Ja-Lager. Im Jahr 2020 hatte die Gemeinde die Zuwanderungsinitiative noch mit 55,4 Prozent der Stimmen abgelehnt."
3274,91.7,91.7,8.3,"Sennwald SG","Mit 91,7 Prozent befürworten die Stimmberechtigten von Sennwald die Initiative ""Keine 10-Millionen-Schweiz"". Die Unterstützung für die Initiative ""Keine 10-Millionen-Schweiz!» hat in #gemeinde_d gegenüber der Zuwanderungsinitiative im Jahr 2020 zugenommen. Bei jener Abstimmung hatten 53,5 Prozent der Abstimmenden der Gemeinde die Vorlage angenommen."
3275,23.8,23.8,76.2,"Sevelen SG","In Sevelen findet die Initiative ""Keine 10-Millionen-Schweiz"" mit 76,2 Prozent keine Mehrheit. In den vergangenen fünf Jahren hat die Gemeinde somit bei der Frage der Zuwanderung das Lager gewechselt. #gemeinde_d hatte die Zuwanderungsinitiative im Jahr 2020 mit 47,9 Prozent abgelehnt."
3276,65.1,65.1,34.9,"Wartau SG","65,1 Prozent der Stimmbürgerinnen und Stimmbürger von Wartau haben sich für die Initiative ""Keine 10-Millionen-Schweiz"" ausgesprochen. Mit diesem Ergebnis wechselt #gemeinde_d ins Ja-Lager. Im Jahr 2020 hatte die Gemeinde die Zuwanderungsinitiative noch mit 54,5 Prozent der Stimmen abgelehnt."
3291,48.9,48.9,51.1,"Bad Ragaz SG","51,1 Prozent der Stimmbürgerinnen und Stimmbürger von Bad Ragaz sprechen sich gegen die Initiative ""Keine 10-Millionen-Schweiz"" aus. Die Ablehnung der Initiative fällt jedoch geringer aus als zur Zuwanderungsinitiative im Jahr 2020. Die Abstimmenden von #gemeinde_d hatten damals mit 54,8 Prozent Nein gestimmt."
3292,54.5,54.5,45.5,"Flums SG","Die Initiative ""Keine 10-Millionen-Schweiz"" erreicht in Flums 54,5 Prozent Ja-Stimmen. Die Unterstützung für die Initiative ""Keine 10-Millionen-Schweiz!» fällt geringer aus als jene für die Zuwanderungsinitiative im Jahr 2020. Die Abstimmenden von #gemeinde_d hatten damals mit 59,7 Prozent Ja gestimmt."
3293,59.2,59.2,40.8,"Mels SG","Mit 59,2 Prozent befürworten die Stimmberechtigten von Mels die Initiative ""Keine 10-Millionen-Schweiz"". Die Unterstützung für die Initiative ""Keine 10-Millionen-Schweiz!» hat in #gemeinde_d gegenüber der Zuwanderungsinitiative im Jahr 2020 zugenommen. Bei jener Abstimmung hatten 53,6 Prozent der Abstimmenden der Gemeinde die Vorlage angenommen."
3294,50.7,50.7,49.3,"Pfäfers SG","Die Initiative ""Keine 10-Millionen-Schweiz"" erreicht in Pfäfers 50,7 Prozent Ja-Stimmen. Die Unterstützung für die Initiative ""Keine 10-Millionen-Schweiz!» fällt geringer aus als jene für die Zuwanderungsinitiative im Jahr 2020. Die Abstimmenden von #gemeinde_d hatten damals mit 54,7 Prozent Ja gestimmt."
3295,68.6,68.6,31.4,"Quarten SG","Die Initiative ""Keine 10-Millionen-Schweiz"" erreicht in Quarten 68,6 Prozent Ja-Stimmen. Die Unterstützung für die Initiative ""Keine 10-Millionen-Schweiz!» hat in #gemeinde_d gegenüber der Zuwanderungsinitiative im Jahr 2020 zugenommen. Bei jener Abstimmung hatten 57,9 Prozent der Abstimmenden der Gemeinde die Vorlage angenommen."
3296,34.7,34.7,65.3,"Sargans SG","In Sargans ist die Initiative ""Keine 10-Millionen-Schweiz"" mit 65,3 Prozent der Stimmen gescheitert. Die Ablehnung der Initiative ""Keine 10-Millionen-Schweiz!» ist stärker als jene zur Zuwanderungsinitiative im Jahr 2020. Der Nein-Anteil in #gemeinde_d lag damals bei 59 Prozent."
3297,45.7,45.7,54.3,"Vilters-Wangs SG","In Vilters-Wangs findet die Initiative ""Keine 10-Millionen-Schweiz"" mit 54,3 Prozent keine Mehrheit. Die Ablehnung der Initiative ""Keine 10-Millionen-Schweiz!» ist stärker als jene zur Zuwanderungsinitiative im Jahr 2020. Der Nein-Anteil in #gemeinde_d lag damals bei 51 Prozent."
3298,60.1,60.1,39.9,"Walenstadt SG","In Walenstadt erhält die Initiative ""Keine 10-Millionen-Schweiz"" 60,1 Prozent Zustimmung. Mit diesem Ergebnis wechselt #gemeinde_d ins Ja-Lager. Im Jahr 2020 hatte die Gemeinde die Zuwanderungsinitiative noch mit 53,6 Prozent der Stimmen abgelehnt."
3311,5.3,5.3,94.7,"Amden SG","Die Initiative ""Keine 10-Millionen-Schweiz"" erreicht in Amden 94,7 Prozent Nein-Stimmen. In den vergangenen fünf Jahren hat die Gemeinde somit bei der Frage der Zuwanderung das Lager gewechselt. #gemeinde_d hatte die Zuwanderungsinitiative im Jahr 2020 mit 43,7 Prozent abgelehnt."
3312,69.5,69.5,30.5,"Benken SG","69,5 Prozent der Stimmbürgerinnen und Stimmbürger von Benken SG haben sich für die Initiative ""Keine 10-Millionen-Schweiz"" ausgesprochen. Die Unterstützung für die Initiative ""Keine 10-Millionen-Schweiz!» hat in #gemeinde_d gegenüber der Zuwanderungsinitiative im Jahr 2020 zugenommen. Bei jener Abstimmung hatten 62,2 Prozent der Abstimmenden der Gemeinde die Vorlage angenommen."
3313,32.3,32.3,67.7,"Kaltbrunn SG","In Kaltbrunn wird die Initiative ""Keine 10-Millionen-Schweiz"" mit 67,7 Prozent abgelehnt. In den vergangenen fünf Jahren hat die Gemeinde somit bei der Frage der Zuwanderung das Lager gewechselt. #gemeinde_d hatte die Zuwanderungsinitiative im Jahr 2020 mit 42,9 Prozent abgelehnt."
3315,42.6,42.6,57.4,"Schänis SG","In Schänis ist die Initiative ""Keine 10-Millionen-Schweiz"" mit 57,4 Prozent der Stimmen gescheitert. In den vergangenen fünf Jahren hat die Gemeinde somit bei der Frage der Zuwanderung das Lager gewechselt. #gemeinde_d hatte die Zuwanderungsinitiative im Jahr 2020 mit 41,2 Prozent abgelehnt."
3316,68.8,68.8,31.2,"Weesen SG","In Weesen erhält die Initiative ""Keine 10-Millionen-Schweiz"" 68,8 Prozent Zustimmung. Mit diesem Ergebnis wechselt #gemeinde_d ins Ja-Lager. Im Jahr 2020 hatte die Gemeinde die Zuwanderungsinitiative noch mit 52,7 Prozent der Stimmen abgelehnt."
3338,68.2,68.2,31.8,"Schmerikon SG","Mit 68,2 Prozent befürworten die Stimmberechtigten von Schmerikon die Initiative ""Keine 10-Millionen-Schweiz"". Mit diesem Ergebnis wechselt #gemeinde_d ins Ja-Lager. Im Jahr 2020 hatte die Gemeinde die Zuwanderungsinitiative noch mit 54,8 Prozent der Stimmen abgelehnt."
3339,87.5,87.5,12.5,"Uznach SG","Mit 87,5 Prozent Ja-Stimmen hat eine Mehrheit der Stimmberechtigten in Uznach der Initiative ""Keine 10-Millionen-Schweiz"" zugestimmt. Mit diesem Ergebnis wechselt #gemeinde_d ins Ja-Lager. Im Jahr 2020 hatte die Gemeinde die Zuwanderungsinitiative noch mit 56,8 Prozent der Stimmen abgelehnt."
3340,60.6,60.6,39.4,"Rapperswil-Jona SG","Die Initiative ""Keine 10-Millionen-Schweiz"" erreicht in Rapperswil-Jona 60,6 Prozent Ja-Stimmen. Mit diesem Ergebnis wechselt #gemeinde_d ins Ja-Lager. Im Jahr 2020 hatte die Gemeinde die Zuwanderungsinitiative noch mit 64,7 Prozent der Stimmen abgelehnt."
3341,57,57,43,"Gommiswald SG","Die Initiative ""Keine 10-Millionen-Schweiz"" erreicht in Gommiswald 57 Prozent Ja-Stimmen. Die Meinungen zur Zuwanderungsfrage bleiben in #gemeinde_d somit stabil. Im Jahr 2020 hatte die Gemeinde bereits mit 56,9 Prozent Ja der Zuwanderungsinitiative zugestimmt."
3342,56.1,56.1,43.9,"Eschenbach SG","In Eschenbach SG erhält die Initiative ""Keine 10-Millionen-Schweiz"" 56,1 Prozent Zustimmung. Die Meinungen zur Zuwanderungsfrage bleiben in #gemeinde_d somit stabil. Im Jahr 2020 hatte die Gemeinde bereits mit 56,4 Prozent Ja der Zuwanderungsinitiative zugestimmt."
3352,39.6,39.6,60.4,"Ebnat-Kappel SG","Die Initiative ""Keine 10-Millionen-Schweiz"" erreicht in Ebnat-Kappel 60,4 Prozent Nein-Stimmen. In den vergangenen fünf Jahren hat die Gemeinde somit bei der Frage der Zuwanderung das Lager gewechselt. #gemeinde_d hatte die Zuwanderungsinitiative im Jahr 2020 mit 47 Prozent abgelehnt."
3359,89.8,89.8,10.2,"Wildhaus-Alt St. Johann SG","89,8 Prozent der Stimmbürgerinnen und Stimmbürger von Wildhaus-Alt St. Johann haben sich für die Initiative ""Keine 10-Millionen-Schweiz"" ausgesprochen. Die Unterstützung für die Initiative ""Keine 10-Millionen-Schweiz!» hat in #gemeinde_d gegenüber der Zuwanderungsinitiative im Jahr 2020 zugenommen. Bei jener Abstimmung hatten 54,4 Prozent der Abstimmenden der Gemeinde die Vorlage angenommen."
3360,48.1,48.1,51.9,"Nesslau SG","In Nesslau findet die Initiative ""Keine 10-Millionen-Schweiz"" mit 51,9 Prozent keine Mehrheit. In den vergangenen fünf Jahren hat die Gemeinde somit bei der Frage der Zuwanderung das Lager gewechselt. #gemeinde_d hatte die Zuwanderungsinitiative im Jahr 2020 mit 38,4 Prozent abgelehnt."
3374,45.2,45.2,54.8,"Lichtensteig SG","Die Initiative ""Keine 10-Millionen-Schweiz"" erreicht in Lichtensteig 54,8 Prozent Nein-Stimmen. Die Ablehnung der Initiative fällt jedoch geringer aus als zur Zuwanderungsinitiative im Jahr 2020. Die Abstimmenden von #gemeinde_d hatten damals mit 59,7 Prozent Nein gestimmt."
3379,52.6,52.6,47.4,"Wattwil SG","Wattwil hat die Initiative ""Keine 10-Millionen-Schweiz"" angenommen; der Ja-Stimmen-Anteil liegt bei 52,6 Prozent. Mit diesem Ergebnis wechselt #gemeinde_d ins Ja-Lager. Im Jahr 2020 hatte die Gemeinde die Zuwanderungsinitiative noch mit 51 Prozent der Stimmen abgelehnt."
3392,51.4,51.4,48.6,"Kirchberg SG","Mit 51,4 Prozent Ja-Stimmen hat eine Mehrheit der Stimmberechtigten in Kirchberg SG der Initiative ""Keine 10-Millionen-Schweiz"" zugestimmt. Die Meinungen zur Zuwanderungsfrage bleiben in #gemeinde_d somit stabil. Im Jahr 2020 hatte die Gemeinde bereits mit 51,9 Prozent Ja der Zuwanderungsinitiative zugestimmt."
3393,46.9,46.9,53.1,"Lütisburg SG","In Lütisburg wird die Initiative ""Keine 10-Millionen-Schweiz"" mit 53,1 Prozent abgelehnt. In den vergangenen fünf Jahren hat die Gemeinde somit bei der Frage der Zuwanderung das Lager gewechselt. #gemeinde_d hatte die Zuwanderungsinitiative im Jahr 2020 mit 42,9 Prozent abgelehnt."
3394,32.6,32.6,67.4,"Mosnang SG","Die Initiative ""Keine 10-Millionen-Schweiz"" erreicht in Mosnang 67,4 Prozent Nein-Stimmen. In den vergangenen fünf Jahren hat die Gemeinde somit bei der Frage der Zuwanderung das Lager gewechselt. #gemeinde_d hatte die Zuwanderungsinitiative im Jahr 2020 mit 39,7 Prozent abgelehnt."
3395,43.3,43.3,56.7,"Bütschwil-Ganterschwil SG","In Bütschwil-Ganterschwil findet die Initiative ""Keine 10-Millionen-Schweiz"" mit 56,7 Prozent keine Mehrheit. In den vergangenen fünf Jahren hat die Gemeinde somit bei der Frage der Zuwanderung das Lager gewechselt. #gemeinde_d hatte die Zuwanderungsinitiative im Jahr 2020 mit 44 Prozent abgelehnt."
3396,48.2,48.2,51.8,"Neckertal SG","Die Initiative ""Keine 10-Millionen-Schweiz"" erreicht in Neckertal 51,8 Prozent Nein-Stimmen. In den vergangenen fünf Jahren hat die Gemeinde somit bei der Frage der Zuwanderung das Lager gewechselt. #gemeinde_d hatte die Zuwanderungsinitiative im Jahr 2020 mit 43,9 Prozent abgelehnt."
3401,11.8,11.8,88.2,"Degersheim SG","88,2 Prozent der Stimmbürgerinnen und Stimmbürger von Degersheim sprechen sich gegen die Initiative ""Keine 10-Millionen-Schweiz"" aus. Die Ablehnung der Initiative ""Keine 10-Millionen-Schweiz!» ist stärker als jene zur Zuwanderungsinitiative im Jahr 2020. Der Nein-Anteil in #gemeinde_d lag damals bei 59,7 Prozent."
3402,8.4,8.4,91.6,"Flawil SG","In Flawil findet die Initiative ""Keine 10-Millionen-Schweiz"" mit 91,6 Prozent keine Mehrheit. Die Ablehnung der Initiative ""Keine 10-Millionen-Schweiz!» ist stärker als jene zur Zuwanderungsinitiative im Jahr 2020. Der Nein-Anteil in #gemeinde_d lag damals bei 61,5 Prozent."
3405,59.1,59.1,40.9,"Jonschwil SG","Mit 59,1 Prozent Ja-Stimmen hat eine Mehrheit der Stimmberechtigten in Jonschwil der Initiative ""Keine 10-Millionen-Schweiz"" zugestimmt. Mit diesem Ergebnis wechselt #gemeinde_d ins Ja-Lager. Im Jahr 2020 hatte die Gemeinde die Zuwanderungsinitiative noch mit 51,8 Prozent der Stimmen abgelehnt."
3407,47.7,47.7,52.3,"Oberuzwil SG","In Oberuzwil findet die Initiative ""Keine 10-Millionen-Schweiz"" mit 52,3 Prozent keine Mehrheit. Die Ablehnung der Initiative fällt jedoch geringer aus als zur Zuwanderungsinitiative im Jahr 2020. Die Abstimmenden von #gemeinde_d hatten damals mit 59,1 Prozent Nein gestimmt."
3408,60.7,60.7,39.3,"Uzwil SG","Die Initiative ""Keine 10-Millionen-Schweiz"" erreicht in Uzwil 60,7 Prozent Ja-Stimmen. Mit diesem Ergebnis wechselt #gemeinde_d ins Ja-Lager. Im Jahr 2020 hatte die Gemeinde die Zuwanderungsinitiative noch mit 56,6 Prozent der Stimmen abgelehnt."
3422,35.5,35.5,64.5,"Niederbüren SG","Die Initiative ""Keine 10-Millionen-Schweiz"" erreicht in Niederbüren 64,5 Prozent Nein-Stimmen. In den vergangenen fünf Jahren hat die Gemeinde somit bei der Frage der Zuwanderung das Lager gewechselt. #gemeinde_d hatte die Zuwanderungsinitiative im Jahr 2020 mit 45,9 Prozent abgelehnt."
3423,60.6,60.6,39.4,"Niederhelfenschwil SG","In Niederhelfenschwil erhält die Initiative ""Keine 10-Millionen-Schweiz"" 60,6 Prozent Zustimmung. Mit diesem Ergebnis wechselt #gemeinde_d ins Ja-Lager. Im Jahr 2020 hatte die Gemeinde die Zuwanderungsinitiative noch mit 53,4 Prozent der Stimmen abgelehnt."
3424,35.7,35.7,64.3,"Oberbüren SG","In Oberbüren findet die Initiative ""Keine 10-Millionen-Schweiz"" mit 64,3 Prozent keine Mehrheit. In den vergangenen fünf Jahren hat die Gemeinde somit bei der Frage der Zuwanderung das Lager gewechselt. #gemeinde_d hatte die Zuwanderungsinitiative im Jahr 2020 mit 47,4 Prozent abgelehnt."
3426,31.4,31.4,68.6,"Zuzwil SG","68,6 Prozent der Stimmbürgerinnen und Stimmbürger von Zuzwil SG sprechen sich gegen die Initiative ""Keine 10-Millionen-Schweiz"" aus. Die Ablehnung der Initiative ""Keine 10-Millionen-Schweiz!» ist stärker als jene zur Zuwanderungsinitiative im Jahr 2020. Der Nein-Anteil in #gemeinde_d lag damals bei 57,1 Prozent."
3427,16.1,16.1,83.9,"Wil SG","Die Initiative ""Keine 10-Millionen-Schweiz"" erreicht in Wil SG 83,9 Prozent Nein-Stimmen. Die Ablehnung der Initiative ""Keine 10-Millionen-Schweiz!» ist stärker als jene zur Zuwanderungsinitiative im Jahr 2020. Der Nein-Anteil in #gemeinde_d lag damals bei 64,3 Prozent."
3441,47.3,47.3,52.7,"Andwil SG","In Andwil SG ist die Initiative ""Keine 10-Millionen-Schweiz"" mit 52,7 Prozent der Stimmen gescheitert. Die Ablehnung der Initiative fällt jedoch geringer aus als zur Zuwanderungsinitiative im Jahr 2020. Die Abstimmenden von #gemeinde_d hatten damals mit 59,6 Prozent Nein gestimmt."
3442,29.5,29.5,70.5,"Gaiserwald SG","In Gaiserwald findet die Initiative ""Keine 10-Millionen-Schweiz"" mit 70,5 Prozent keine Mehrheit. Die Ablehnung der Initiative ""Keine 10-Millionen-Schweiz!» ist stärker als jene zur Zuwanderungsinitiative im Jahr 2020. Der Nein-Anteil in #gemeinde_d lag damals bei 60,5 Prozent."
3443,47.4,47.4,52.6,"Gossau SG","In Gossau SG findet die Initiative ""Keine 10-Millionen-Schweiz"" mit 52,6 Prozent keine Mehrheit. Die Ablehnung der Initiative fällt jedoch geringer aus als zur Zuwanderungsinitiative im Jahr 2020. Die Abstimmenden von #gemeinde_d hatten damals mit 59,1 Prozent Nein gestimmt."
3444,39.8,39.8,60.2,"Waldkirch SG","60,2 Prozent der Stimmbürgerinnen und Stimmbürger von Waldkirch sprechen sich gegen die Initiative ""Keine 10-Millionen-Schweiz"" aus. In den vergangenen fünf Jahren hat die Gemeinde somit bei der Frage der Zuwanderung das Lager gewechselt. #gemeinde_d hatte die Zuwanderungsinitiative im Jahr 2020 mit 48,5 Prozent abgelehnt."
3506,46.1,46.1,53.9,"Vaz/Obervaz GR","53,9 Prozent der Stimmbürgerinnen und Stimmbürger von Vaz/Obervaz sprechen sich gegen die Initiative ""Keine 10-Millionen-Schweiz"" aus. Die Ablehnung der Initiative fällt jedoch geringer aus als zur Zuwanderungsinitiative im Jahr 2020. Die Abstimmenden von #gemeinde_d hatten damals mit 62,2 Prozent Nein gestimmt."
3513,40,40,60,"Lantsch/Lenz GR","Die Initiative ""Keine 10-Millionen-Schweiz"" erreicht in Lantsch/Lenz 60 Prozent Nein-Stimmen. Die Ablehnung der Initiative fällt jedoch geringer aus als zur Zuwanderungsinitiative im Jahr 2020. Die Abstimmenden von #gemeinde_d hatten damals mit 64,3 Prozent Nein gestimmt."
3514,22.1,22.1,77.9,"Schmitten GR","77,9 Prozent der Stimmbürgerinnen und Stimmbürger von Schmitten GR sprechen sich gegen die Initiative ""Keine 10-Millionen-Schweiz"" aus. In den vergangenen fünf Jahren hat die Gemeinde somit bei der Frage der Zuwanderung das Lager gewechselt. #gemeinde_d hatte die Zuwanderungsinitiative im Jahr 2020 mit 47,9 Prozent abgelehnt."
3542,94.2,94.2,5.8,"Albula/Alvra GR","94,2 Prozent der Stimmbürgerinnen und Stimmbürger von Albula/Alvra haben sich für die Initiative ""Keine 10-Millionen-Schweiz"" ausgesprochen. Mit diesem Ergebnis wechselt #gemeinde_d ins Ja-Lager. Im Jahr 2020 hatte die Gemeinde die Zuwanderungsinitiative noch mit 57,3 Prozent der Stimmen abgelehnt."
3543,16.4,16.4,83.6,"Surses GR","Die Initiative ""Keine 10-Millionen-Schweiz"" erreicht in Surses 83,6 Prozent Nein-Stimmen. Die Ablehnung der Initiative ""Keine 10-Millionen-Schweiz!» ist stärker als jene zur Zuwanderungsinitiative im Jahr 2020. Der Nein-Anteil in #gemeinde_d lag damals bei 63,8 Prozent."
3544,51.4,51.4,48.6,"Bergün Filisur GR","Mit 51,4 Prozent Ja-Stimmen hat eine Mehrheit der Stimmberechtigten in Bergün Filisur der Initiative ""Keine 10-Millionen-Schweiz"" zugestimmt. Mit diesem Ergebnis wechselt #gemeinde_d ins Ja-Lager. Im Jahr 2020 hatte die Gemeinde die Zuwanderungsinitiative noch mit 63,2 Prozent der Stimmen abgelehnt."
3551,15.6,15.6,84.4,"Brusio GR","84,4 Prozent der Stimmbürgerinnen und Stimmbürger von Brusio sprechen sich gegen die Initiative ""Keine 10-Millionen-Schweiz"" aus. In den vergangenen fünf Jahren hat die Gemeinde somit bei der Frage der Zuwanderung das Lager gewechselt. #gemeinde_d hatte die Zuwanderungsinitiative im Jahr 2020 mit 41,1 Prozent abgelehnt."
3561,29.6,29.6,70.4,"Poschiavo GR","In Poschiavo wird die Initiative ""Keine 10-Millionen-Schweiz"" mit 70,4 Prozent abgelehnt. Die Ablehnung der Initiative ""Keine 10-Millionen-Schweiz!» ist stärker als jene zur Zuwanderungsinitiative im Jahr 2020. Der Nein-Anteil in #gemeinde_d lag damals bei 52,7 Prozent."
3572,82.5,82.5,17.5,"Falera GR","Falera hat die Initiative ""Keine 10-Millionen-Schweiz"" angenommen; der Ja-Stimmen-Anteil liegt bei 82,5 Prozent. Mit diesem Ergebnis wechselt #gemeinde_d ins Ja-Lager. Im Jahr 2020 hatte die Gemeinde die Zuwanderungsinitiative noch mit 59,6 Prozent der Stimmen abgelehnt."
3575,28.9,28.9,71.1,"Laax GR","In Laax ist die Initiative ""Keine 10-Millionen-Schweiz"" mit 71,1 Prozent der Stimmen gescheitert. Die Ablehnung der Initiative ""Keine 10-Millionen-Schweiz!» ist stärker als jene zur Zuwanderungsinitiative im Jahr 2020. Der Nein-Anteil in #gemeinde_d lag damals bei 62,5 Prozent."
3581,95.1,95.1,4.9,"Sagogn GR","Mit 95,1 Prozent Ja-Stimmen hat eine Mehrheit der Stimmberechtigten in Sagogn der Initiative ""Keine 10-Millionen-Schweiz"" zugestimmt. Mit diesem Ergebnis wechselt #gemeinde_d ins Ja-Lager. Im Jahr 2020 hatte die Gemeinde die Zuwanderungsinitiative noch mit 65,3 Prozent der Stimmen abgelehnt."
3582,48.1,48.1,51.9,"Schluein GR","Die Initiative ""Keine 10-Millionen-Schweiz"" erreicht in Schluein 51,9 Prozent Nein-Stimmen. Die Ablehnung der Initiative fällt jedoch geringer aus als zur Zuwanderungsinitiative im Jahr 2020. Die Abstimmenden von #gemeinde_d hatten damals mit 54,9 Prozent Nein gestimmt."
3603,76.6,76.6,23.4,"Vals GR","Mit 76,6 Prozent Ja-Stimmen hat eine Mehrheit der Stimmberechtigten in Vals der Initiative ""Keine 10-Millionen-Schweiz"" zugestimmt. Mit diesem Ergebnis wechselt #gemeinde_d ins Ja-Lager. Im Jahr 2020 hatte die Gemeinde die Zuwanderungsinitiative noch mit 73,4 Prozent der Stimmen abgelehnt."
3618,22.5,22.5,77.5,"Lumnezia GR","77,5 Prozent der Stimmbürgerinnen und Stimmbürger von Lumnezia sprechen sich gegen die Initiative ""Keine 10-Millionen-Schweiz"" aus. Die Ablehnung der Initiative ""Keine 10-Millionen-Schweiz!» ist stärker als jene zur Zuwanderungsinitiative im Jahr 2020. Der Nein-Anteil in #gemeinde_d lag damals bei 57,3 Prozent."
3619,22.1,22.1,77.9,"Ilanz/Glion GR","In Ilanz/Glion ist die Initiative ""Keine 10-Millionen-Schweiz"" mit 77,9 Prozent der Stimmen gescheitert. Die Ablehnung der Initiative ""Keine 10-Millionen-Schweiz!» ist stärker als jene zur Zuwanderungsinitiative im Jahr 2020. Der Nein-Anteil in #gemeinde_d lag damals bei 57,3 Prozent."
3633,51.7,51.7,48.3,"Fürstenau GR","Fürstenau hat die Initiative ""Keine 10-Millionen-Schweiz"" angenommen; der Ja-Stimmen-Anteil liegt bei 51,7 Prozent. Mit diesem Ergebnis wechselt #gemeinde_d ins Ja-Lager. Im Jahr 2020 hatte die Gemeinde die Zuwanderungsinitiative noch mit 54,3 Prozent der Stimmen abgelehnt."
3637,82.8,82.8,17.2,"Rothenbrunnen GR","Die Initiative ""Keine 10-Millionen-Schweiz"" erreicht in Rothenbrunnen 82,8 Prozent Ja-Stimmen. Mit diesem Ergebnis wechselt #gemeinde_d ins Ja-Lager. Im Jahr 2020 hatte die Gemeinde die Zuwanderungsinitiative noch mit 53,7 Prozent der Stimmen abgelehnt."
3638,21.6,21.6,78.4,"Scharans GR","In Scharans findet die Initiative ""Keine 10-Millionen-Schweiz"" mit 78,4 Prozent keine Mehrheit. Die Ablehnung der Initiative ""Keine 10-Millionen-Schweiz!» ist stärker als jene zur Zuwanderungsinitiative im Jahr 2020. Der Nein-Anteil in #gemeinde_d lag damals bei 59,4 Prozent."
3640,99.7,99.7,0.3,"Sils im Domleschg GR","Bei der Zustimmung zur Initiative ""Keine 10-Millionen-Schweiz"" liegt Sils im Domleschg schweizweit auf Rang drei, der Ja-Anteil beträgt 99,7 Prozent. Mit diesem Ergebnis wechselt #gemeinde_d ins Ja-Lager. Im Jahr 2020 hatte die Gemeinde die Zuwanderungsinitiative noch mit 55 Prozent der Stimmen abgelehnt."
3661,93.7,93.7,6.3,"Cazis GR","93,7 Prozent der Stimmbürgerinnen und Stimmbürger von Cazis haben sich für die Initiative ""Keine 10-Millionen-Schweiz"" ausgesprochen. Mit diesem Ergebnis wechselt #gemeinde_d ins Ja-Lager. Im Jahr 2020 hatte die Gemeinde die Zuwanderungsinitiative noch mit 55 Prozent der Stimmen abgelehnt."
3662,88.6,88.6,11.4,"Flerden GR","Die Initiative ""Keine 10-Millionen-Schweiz"" erreicht in Flerden 88,6 Prozent Ja-Stimmen. Mit diesem Ergebnis wechselt #gemeinde_d ins Ja-Lager. Im Jahr 2020 hatte die Gemeinde die Zuwanderungsinitiative noch mit 68,3 Prozent der Stimmen abgelehnt."
3663,39.9,39.9,60.1,"Masein GR","Die Initiative ""Keine 10-Millionen-Schweiz"" erreicht in Masein 60,1 Prozent Nein-Stimmen. Die Ablehnung der Initiative fällt jedoch geringer aus als zur Zuwanderungsinitiative im Jahr 2020. Die Abstimmenden von #gemeinde_d hatten damals mit 65,8 Prozent Nein gestimmt."
3668,1.5,1.5,98.5,"Thusis GR","In Thusis ist die Initiative ""Keine 10-Millionen-Schweiz"" mit 98,5 Prozent der Stimmen gescheitert. Die Ablehnung der Initiative ""Keine 10-Millionen-Schweiz!» ist stärker als jene zur Zuwanderungsinitiative im Jahr 2020. Der Nein-Anteil in #gemeinde_d lag damals bei 55,1 Prozent."
3669,25.2,25.2,74.8,"Tschappina GR","Die Initiative ""Keine 10-Millionen-Schweiz"" erreicht in Tschappina 74,8 Prozent Nein-Stimmen. Die Ablehnung der Initiative ""Keine 10-Millionen-Schweiz!» ist stärker als jene zur Zuwanderungsinitiative im Jahr 2020. Der Nein-Anteil in #gemeinde_d lag damals bei 60,9 Prozent."
3670,65.3,65.3,34.7,"Urmein GR","Urmein hat die Initiative ""Keine 10-Millionen-Schweiz"" angenommen; der Ja-Stimmen-Anteil liegt bei 65,3 Prozent. Mit diesem Ergebnis wechselt #gemeinde_d ins Ja-Lager. Im Jahr 2020 hatte die Gemeinde die Zuwanderungsinitiative noch mit 61,7 Prozent der Stimmen abgelehnt."
3672,21.1,21.1,78.9,"Safiental GR","78,9 Prozent der Stimmbürgerinnen und Stimmbürger von Safiental sprechen sich gegen die Initiative ""Keine 10-Millionen-Schweiz"" aus. Die Ablehnung der Initiative ""Keine 10-Millionen-Schweiz!» ist stärker als jene zur Zuwanderungsinitiative im Jahr 2020. Der Nein-Anteil in #gemeinde_d lag damals bei 60,4 Prozent."
3673,31.8,31.8,68.2,"Domleschg GR","Die Initiative ""Keine 10-Millionen-Schweiz"" erreicht in Domleschg 68,2 Prozent Nein-Stimmen. Die Ablehnung der Initiative ""Keine 10-Millionen-Schweiz!» ist stärker als jene zur Zuwanderungsinitiative im Jahr 2020. Der Nein-Anteil in #gemeinde_d lag damals bei 63,1 Prozent."
3681,28.3,28.3,71.7,"Avers GR","In Avers findet die Initiative ""Keine 10-Millionen-Schweiz"" mit 71,7 Prozent keine Mehrheit. Die Ablehnung der Initiative ""Keine 10-Millionen-Schweiz!» ist stärker als jene zur Zuwanderungsinitiative im Jahr 2020. Der Nein-Anteil in #gemeinde_d lag damals bei 58,7 Prozent."
3695,7.2,7.2,92.8,"Sufers GR","In Sufers findet die Initiative ""Keine 10-Millionen-Schweiz"" mit 92,8 Prozent keine Mehrheit. Die Ablehnung der Initiative ""Keine 10-Millionen-Schweiz!» ist stärker als jene zur Zuwanderungsinitiative im Jahr 2020. Der Nein-Anteil in #gemeinde_d lag damals bei 60,3 Prozent."
3701,49.2,49.2,50.8,"Andeer GR","In Andeer wird die Initiative ""Keine 10-Millionen-Schweiz"" mit 50,8 Prozent abgelehnt. Die Ablehnung der Initiative fällt jedoch geringer aus als zur Zuwanderungsinitiative im Jahr 2020. Die Abstimmenden von #gemeinde_d hatten damals mit 57,4 Prozent Nein gestimmt."
3711,10.4,10.4,89.6,"Rongellen GR","In Rongellen wird die Initiative ""Keine 10-Millionen-Schweiz"" mit 89,6 Prozent abgelehnt. In den vergangenen fünf Jahren hat die Gemeinde somit bei der Frage der Zuwanderung das Lager gewechselt. #gemeinde_d hatte die Zuwanderungsinitiative im Jahr 2020 mit 43,8 Prozent abgelehnt."
3712,51.6,51.6,48.4,"Zillis-Reischen GR","In Zillis-Reischen erhält die Initiative ""Keine 10-Millionen-Schweiz"" 51,6 Prozent Zustimmung. Mit diesem Ergebnis wechselt #gemeinde_d ins Ja-Lager. Im Jahr 2020 hatte die Gemeinde die Zuwanderungsinitiative noch mit 50,9 Prozent der Stimmen abgelehnt."
3713,90.4,90.4,9.6,"Ferrera GR","Mit 90,4 Prozent Ja-Stimmen hat eine Mehrheit der Stimmberechtigten in Ferrera der Initiative ""Keine 10-Millionen-Schweiz"" zugestimmt. Mit diesem Ergebnis wechselt #gemeinde_d ins Ja-Lager. Im Jahr 2020 hatte die Gemeinde die Zuwanderungsinitiative noch mit 51,1 Prozent der Stimmen abgelehnt."
3714,35.4,35.4,64.6,"Rheinwald GR","In Rheinwald ist die Initiative ""Keine 10-Millionen-Schweiz"" mit 64,6 Prozent der Stimmen gescheitert. Die Ablehnung der Initiative ""Keine 10-Millionen-Schweiz!» ist stärker als jene zur Zuwanderungsinitiative im Jahr 2020. Der Nein-Anteil in #gemeinde_d lag damals bei 60,3 Prozent."
3715,69.2,69.2,30.8,"Muntogna da Schons GR","Mit 69,2 Prozent Ja-Stimmen hat eine Mehrheit der Stimmberechtigten in Muntogna da Schons der Initiative ""Keine 10-Millionen-Schweiz"" zugestimmt. Mit diesem Ergebnis wechselt #gemeinde_d ins Ja-Lager. Im Jahr 2020 hatte die Gemeinde die Zuwanderungsinitiative noch mit 58,5 Prozent der Stimmen abgelehnt."
3721,69.7,69.7,30.3,"Bonaduz GR","Mit 69,7 Prozent Ja-Stimmen hat eine Mehrheit der Stimmberechtigten in Bonaduz der Initiative ""Keine 10-Millionen-Schweiz"" zugestimmt. Mit diesem Ergebnis wechselt #gemeinde_d ins Ja-Lager. Im Jahr 2020 hatte die Gemeinde die Zuwanderungsinitiative noch mit 60,9 Prozent der Stimmen abgelehnt."
3722,55.4,55.4,44.6,"Domat/Ems GR","Die Initiative ""Keine 10-Millionen-Schweiz"" erreicht in Domat/Ems 55,4 Prozent Ja-Stimmen. Mit diesem Ergebnis wechselt #gemeinde_d ins Ja-Lager. Im Jahr 2020 hatte die Gemeinde die Zuwanderungsinitiative noch mit 59 Prozent der Stimmen abgelehnt."
3723,29.1,29.1,70.9,"Rhäzüns GR","Die Initiative ""Keine 10-Millionen-Schweiz"" erreicht in Rhäzüns 70,9 Prozent Nein-Stimmen. Die Ablehnung der Initiative ""Keine 10-Millionen-Schweiz!» ist stärker als jene zur Zuwanderungsinitiative im Jahr 2020. Der Nein-Anteil in #gemeinde_d lag damals bei 58,5 Prozent."
3731,57.7,57.7,42.3,"Felsberg GR","Die Initiative ""Keine 10-Millionen-Schweiz"" erreicht in Felsberg 57,7 Prozent Ja-Stimmen. Mit diesem Ergebnis wechselt #gemeinde_d ins Ja-Lager. Im Jahr 2020 hatte die Gemeinde die Zuwanderungsinitiative noch mit 60,4 Prozent der Stimmen abgelehnt."
3732,52.1,52.1,47.9,"Flims GR","Die Initiative ""Keine 10-Millionen-Schweiz"" erreicht in Flims 52,1 Prozent Ja-Stimmen. Mit diesem Ergebnis wechselt #gemeinde_d ins Ja-Lager. Im Jahr 2020 hatte die Gemeinde die Zuwanderungsinitiative noch mit 64,6 Prozent der Stimmen abgelehnt."
3733,46,46,54,"Tamins GR","Die Initiative ""Keine 10-Millionen-Schweiz"" erreicht in Tamins 54 Prozent Nein-Stimmen. Die Ablehnung der Initiative fällt jedoch geringer aus als zur Zuwanderungsinitiative im Jahr 2020. Die Abstimmenden von #gemeinde_d hatten damals mit 63,5 Prozent Nein gestimmt."
3734,30.6,30.6,69.4,"Trin GR","69,4 Prozent der Stimmbürgerinnen und Stimmbürger von Trin sprechen sich gegen die Initiative ""Keine 10-Millionen-Schweiz"" aus. Die Ablehnung der Initiative fällt jedoch geringer aus als zur Zuwanderungsinitiative im Jahr 2020. Die Abstimmenden von #gemeinde_d hatten damals mit 71,1 Prozent Nein gestimmt."
3746,54.9,54.9,45.1,"Zernez GR","Mit 54,9 Prozent Ja-Stimmen hat eine Mehrheit der Stimmberechtigten in Zernez der Initiative ""Keine 10-Millionen-Schweiz"" zugestimmt. Mit diesem Ergebnis wechselt #gemeinde_d ins Ja-Lager. Im Jahr 2020 hatte die Gemeinde die Zuwanderungsinitiative noch mit 56 Prozent der Stimmen abgelehnt."
3752,19.2,19.2,80.8,"Samnaun GR","In Samnaun findet die Initiative ""Keine 10-Millionen-Schweiz"" mit 80,8 Prozent keine Mehrheit. Die Ablehnung der Initiative ""Keine 10-Millionen-Schweiz!» ist stärker als jene zur Zuwanderungsinitiative im Jahr 2020. Der Nein-Anteil in #gemeinde_d lag damals bei 53,8 Prozent."
3762,35.2,35.2,64.8,"Scuol GR","In Scuol findet die Initiative ""Keine 10-Millionen-Schweiz"" mit 64,8 Prozent keine Mehrheit. Die Ablehnung der Initiative fällt jedoch geringer aus als zur Zuwanderungsinitiative im Jahr 2020. Die Abstimmenden von #gemeinde_d hatten damals mit 67,1 Prozent Nein gestimmt."
3764,28.4,28.4,71.6,"Valsot GR","In Valsot ist die Initiative ""Keine 10-Millionen-Schweiz"" mit 71,6 Prozent der Stimmen gescheitert. Die Ablehnung der Initiative ""Keine 10-Millionen-Schweiz!» ist stärker als jene zur Zuwanderungsinitiative im Jahr 2020. Der Nein-Anteil in #gemeinde_d lag damals bei 62,1 Prozent."
3781,40.4,40.4,59.6,"Bever GR","59,6 Prozent der Stimmbürgerinnen und Stimmbürger von Bever sprechen sich gegen die Initiative ""Keine 10-Millionen-Schweiz"" aus. Die Ablehnung der Initiative fällt jedoch geringer aus als zur Zuwanderungsinitiative im Jahr 2020. Die Abstimmenden von #gemeinde_d hatten damals mit 67,6 Prozent Nein gestimmt."
3782,91.1,91.1,8.9,"Celerina/Schlarigna GR","Mit 91,1 Prozent Ja-Stimmen hat eine Mehrheit der Stimmberechtigten in Celerina/Schlarigna der Initiative ""Keine 10-Millionen-Schweiz"" zugestimmt. Mit diesem Ergebnis wechselt #gemeinde_d ins Ja-Lager. Im Jahr 2020 hatte die Gemeinde die Zuwanderungsinitiative noch mit 71,1 Prozent der Stimmen abgelehnt."
3783,31.3,31.3,68.7,"Madulain GR","Die Initiative ""Keine 10-Millionen-Schweiz"" erreicht in Madulain 68,7 Prozent Nein-Stimmen. Die Ablehnung der Initiative ""Keine 10-Millionen-Schweiz!» ist stärker als jene zur Zuwanderungsinitiative im Jahr 2020. Der Nein-Anteil in #gemeinde_d lag damals bei 65,6 Prozent."
3784,3.7,3.7,96.3,"Pontresina GR","Die Initiative ""Keine 10-Millionen-Schweiz"" erreicht in Pontresina 96,3 Prozent Nein-Stimmen. Die Ablehnung der Initiative ""Keine 10-Millionen-Schweiz!» ist stärker als jene zur Zuwanderungsinitiative im Jahr 2020. Der Nein-Anteil in #gemeinde_d lag damals bei 65,9 Prozent."
3785,66.9,66.9,33.1,"La Punt-Chamues-ch GR","Die Initiative ""Keine 10-Millionen-Schweiz"" erreicht in La Punt-Chamues-ch 66,9 Prozent Ja-Stimmen. Mit diesem Ergebnis wechselt #gemeinde_d ins Ja-Lager. Im Jahr 2020 hatte die Gemeinde die Zuwanderungsinitiative noch mit 55,1 Prozent der Stimmen abgelehnt."
3786,61.8,61.8,38.2,"Samedan GR","Mit 61,8 Prozent Ja-Stimmen hat eine Mehrheit der Stimmberechtigten in Samedan der Initiative ""Keine 10-Millionen-Schweiz"" zugestimmt. Mit diesem Ergebnis wechselt #gemeinde_d ins Ja-Lager. Im Jahr 2020 hatte die Gemeinde die Zuwanderungsinitiative noch mit 64,2 Prozent der Stimmen abgelehnt."
3787,60.7,60.7,39.3,"St. Moritz GR","Mit 60,7 Prozent Ja-Stimmen hat eine Mehrheit der Stimmberechtigten in St. Moritz der Initiative ""Keine 10-Millionen-Schweiz"" zugestimmt. Mit diesem Ergebnis wechselt #gemeinde_d ins Ja-Lager. Im Jahr 2020 hatte die Gemeinde die Zuwanderungsinitiative noch mit 63,1 Prozent der Stimmen abgelehnt."
3788,39.9,39.9,60.1,"S-chanf GR","Die Initiative ""Keine 10-Millionen-Schweiz"" erreicht in S-chanf 60,1 Prozent Nein-Stimmen. Die Ablehnung der Initiative ""Keine 10-Millionen-Schweiz!» ist stärker als jene zur Zuwanderungsinitiative im Jahr 2020. Der Nein-Anteil in #gemeinde_d lag damals bei 53,7 Prozent."
3789,50.9,50.9,49.1,"Sils im Engadin/Segl GR","Die Initiative ""Keine 10-Millionen-Schweiz"" erreicht in Sils im Engadin/Segl 50,9 Prozent Ja-Stimmen. Mit diesem Ergebnis wechselt #gemeinde_d ins Ja-Lager. Im Jahr 2020 hatte die Gemeinde die Zuwanderungsinitiative noch mit 67 Prozent der Stimmen abgelehnt."
3790,30.8,30.8,69.2,"Silvaplana GR","Die Initiative ""Keine 10-Millionen-Schweiz"" erreicht in Silvaplana 69,2 Prozent Nein-Stimmen. Die Ablehnung der Initiative ""Keine 10-Millionen-Schweiz!» ist stärker als jene zur Zuwanderungsinitiative im Jahr 2020. Der Nein-Anteil in #gemeinde_d lag damals bei 63,1 Prozent."
3791,66.2,66.2,33.8,"Zuoz GR","Zuoz hat die Initiative ""Keine 10-Millionen-Schweiz"" angenommen; der Ja-Stimmen-Anteil liegt bei 66,2 Prozent. Mit diesem Ergebnis wechselt #gemeinde_d ins Ja-Lager. Im Jahr 2020 hatte die Gemeinde die Zuwanderungsinitiative noch mit 58,2 Prozent der Stimmen abgelehnt."
3792,18.5,18.5,81.5,"Bregaglia GR","Die Initiative ""Keine 10-Millionen-Schweiz"" erreicht in Bregaglia 81,5 Prozent Nein-Stimmen. Die Ablehnung der Initiative ""Keine 10-Millionen-Schweiz!» ist stärker als jene zur Zuwanderungsinitiative im Jahr 2020. Der Nein-Anteil in #gemeinde_d lag damals bei 64,2 Prozent."
3804,17.8,17.8,82.2,"Buseno GR","In Buseno wird die Initiative ""Keine 10-Millionen-Schweiz"" mit 82,2 Prozent abgelehnt. In den vergangenen fünf Jahren hat die Gemeinde somit bei der Frage der Zuwanderung das Lager gewechselt. #gemeinde_d hatte die Zuwanderungsinitiative im Jahr 2020 mit 38,6 Prozent abgelehnt."
3805,21.2,21.2,78.8,"Castaneda GR","78,8 Prozent der Stimmbürgerinnen und Stimmbürger von Castaneda sprechen sich gegen die Initiative ""Keine 10-Millionen-Schweiz"" aus. Die Ablehnung der Initiative ""Keine 10-Millionen-Schweiz!» ist stärker als jene zur Zuwanderungsinitiative im Jahr 2020. Der Nein-Anteil in #gemeinde_d lag damals bei 52,1 Prozent."
3808,81.8,81.8,18.2,"Rossa GR","Mit 81,8 Prozent Ja-Stimmen hat eine Mehrheit der Stimmberechtigten in Rossa der Initiative ""Keine 10-Millionen-Schweiz"" zugestimmt. Die Unterstützung für die Initiative ""Keine 10-Millionen-Schweiz!» hat in #gemeinde_d gegenüber der Zuwanderungsinitiative im Jahr 2020 zugenommen. Bei jener Abstimmung hatten 71,9 Prozent der Abstimmenden der Gemeinde die Vorlage angenommen."
3810,4.9,4.9,95.1,"Santa Maria in Calanca GR","95,1 Prozent der Stimmbürgerinnen und Stimmbürger von Santa Maria in Calanca sprechen sich gegen die Initiative ""Keine 10-Millionen-Schweiz"" aus. In den vergangenen fünf Jahren hat die Gemeinde somit bei der Frage der Zuwanderung das Lager gewechselt. #gemeinde_d hatte die Zuwanderungsinitiative im Jahr 2020 mit 33,9 Prozent abgelehnt."
3821,33.1,33.1,66.9,"Lostallo GR","66,9 Prozent der Stimmbürgerinnen und Stimmbürger von Lostallo sprechen sich gegen die Initiative ""Keine 10-Millionen-Schweiz"" aus. In den vergangenen fünf Jahren hat die Gemeinde somit bei der Frage der Zuwanderung das Lager gewechselt. #gemeinde_d hatte die Zuwanderungsinitiative im Jahr 2020 mit 36,8 Prozent abgelehnt."
3822,31.9,31.9,68.1,"Mesocco GR","68,1 Prozent der Stimmbürgerinnen und Stimmbürger von Mesocco sprechen sich gegen die Initiative ""Keine 10-Millionen-Schweiz"" aus. In den vergangenen fünf Jahren hat die Gemeinde somit bei der Frage der Zuwanderung das Lager gewechselt. #gemeinde_d hatte die Zuwanderungsinitiative im Jahr 2020 mit 38,8 Prozent abgelehnt."
3823,48.5,48.5,51.5,"Soazza GR","Die Initiative ""Keine 10-Millionen-Schweiz"" erreicht in Soazza 51,5 Prozent Nein-Stimmen. In den vergangenen fünf Jahren hat die Gemeinde somit bei der Frage der Zuwanderung das Lager gewechselt. #gemeinde_d hatte die Zuwanderungsinitiative im Jahr 2020 mit 42,4 Prozent abgelehnt."
3831,86.6,86.6,13.4,"Cama GR","86,6 Prozent der Stimmbürgerinnen und Stimmbürger von Cama haben sich für die Initiative ""Keine 10-Millionen-Schweiz"" ausgesprochen. Die Unterstützung für die Initiative ""Keine 10-Millionen-Schweiz!» hat in #gemeinde_d gegenüber der Zuwanderungsinitiative im Jahr 2020 zugenommen. Bei jener Abstimmung hatten 62,4 Prozent der Abstimmenden der Gemeinde die Vorlage angenommen."
3832,98.2,98.2,1.8,"Grono GR","Mit 98,2 Prozent Ja-Stimmen hat eine Mehrheit der Stimmberechtigten in Grono der Initiative ""Keine 10-Millionen-Schweiz"" zugestimmt. Die Unterstützung für die Initiative ""Keine 10-Millionen-Schweiz!» hat in #gemeinde_d gegenüber der Zuwanderungsinitiative im Jahr 2020 zugenommen. Bei jener Abstimmung hatten 59,3 Prozent der Abstimmenden der Gemeinde die Vorlage angenommen."
3834,76.6,76.6,23.4,"Roveredo GR","Roveredo GR hat die Initiative ""Keine 10-Millionen-Schweiz"" angenommen; der Ja-Stimmen-Anteil liegt bei 76,6 Prozent. Die Unterstützung für die Initiative ""Keine 10-Millionen-Schweiz!» hat in #gemeinde_d gegenüber der Zuwanderungsinitiative im Jahr 2020 zugenommen. Bei jener Abstimmung hatten 65,6 Prozent der Abstimmenden der Gemeinde die Vorlage angenommen."
3835,74.4,74.4,25.6,"San Vittore GR","74,4 Prozent der Stimmbürgerinnen und Stimmbürger von San Vittore haben sich für die Initiative ""Keine 10-Millionen-Schweiz"" ausgesprochen. Die Unterstützung für die Initiative ""Keine 10-Millionen-Schweiz!» hat in #gemeinde_d gegenüber der Zuwanderungsinitiative im Jahr 2020 zugenommen. Bei jener Abstimmung hatten 59,1 Prozent der Abstimmenden der Gemeinde die Vorlage angenommen."
3837,31.5,31.5,68.5,"Calanca GR","In Calanca wird die Initiative ""Keine 10-Millionen-Schweiz"" mit 68,5 Prozent abgelehnt. Die Ablehnung der Initiative ""Keine 10-Millionen-Schweiz!» ist stärker als jene zur Zuwanderungsinitiative im Jahr 2020. Der Nein-Anteil in #gemeinde_d lag damals bei 55,4 Prozent."
3847,68.8,68.8,31.2,"Val Müstair GR","Die Initiative ""Keine 10-Millionen-Schweiz"" erreicht in Val Müstair 68,8 Prozent Ja-Stimmen. Mit diesem Ergebnis wechselt #gemeinde_d ins Ja-Lager. Im Jahr 2020 hatte die Gemeinde die Zuwanderungsinitiative noch mit 62,5 Prozent der Stimmen abgelehnt."
3851,73.6,73.6,26.4,"Davos GR","Davos hat die Initiative ""Keine 10-Millionen-Schweiz"" angenommen; der Ja-Stimmen-Anteil liegt bei 73,6 Prozent. Mit diesem Ergebnis wechselt #gemeinde_d ins Ja-Lager. Im Jahr 2020 hatte die Gemeinde die Zuwanderungsinitiative noch mit 62,4 Prozent der Stimmen abgelehnt."
3861,11.3,11.3,88.7,"Fideris GR","In Fideris wird die Initiative ""Keine 10-Millionen-Schweiz"" mit 88,7 Prozent abgelehnt. Die Ablehnung der Initiative ""Keine 10-Millionen-Schweiz!» ist stärker als jene zur Zuwanderungsinitiative im Jahr 2020. Der Nein-Anteil in #gemeinde_d lag damals bei 54,4 Prozent."
3862,35.7,35.7,64.3,"Furna GR","Die Initiative ""Keine 10-Millionen-Schweiz"" erreicht in Furna 64,3 Prozent Nein-Stimmen. In den vergangenen fünf Jahren hat die Gemeinde somit bei der Frage der Zuwanderung das Lager gewechselt. #gemeinde_d hatte die Zuwanderungsinitiative im Jahr 2020 mit 31,8 Prozent abgelehnt."
3863,47,47,53,"Jenaz GR","53 Prozent der Stimmbürgerinnen und Stimmbürger von Jenaz sprechen sich gegen die Initiative ""Keine 10-Millionen-Schweiz"" aus. In den vergangenen fünf Jahren hat die Gemeinde somit bei der Frage der Zuwanderung das Lager gewechselt. #gemeinde_d hatte die Zuwanderungsinitiative im Jahr 2020 mit 40,7 Prozent abgelehnt."
3871,46.2,46.2,53.8,"Klosters-Serneus GR","Die Initiative ""Keine 10-Millionen-Schweiz"" erreicht in Klosters-Serneus 53,8 Prozent Nein-Stimmen. In den vergangenen fünf Jahren hat die Gemeinde somit bei der Frage der Zuwanderung das Lager gewechselt. #gemeinde_d hatte die Zuwanderungsinitiative im Jahr 2020 mit 49,1 Prozent abgelehnt."
3881,30.2,30.2,69.8,"Conters im Prättigau GR","Die Initiative ""Keine 10-Millionen-Schweiz"" erreicht in Conters im Prättigau 69,8 Prozent Nein-Stimmen. In den vergangenen fünf Jahren hat die Gemeinde somit bei der Frage der Zuwanderung das Lager gewechselt. #gemeinde_d hatte die Zuwanderungsinitiative im Jahr 2020 mit 40,6 Prozent abgelehnt."
3882,0.4,0.4,99.6,"Küblis GR","Die Initiative ""Keine 10-Millionen-Schweiz"" erreicht in Küblis 99,6 Prozent Nein-Stimmen. In den vergangenen fünf Jahren hat die Gemeinde somit bei der Frage der Zuwanderung das Lager gewechselt. #gemeinde_d hatte die Zuwanderungsinitiative im Jahr 2020 mit 39,5 Prozent abgelehnt."
3891,70.4,70.4,29.6,"Luzein GR","Luzein hat die Initiative ""Keine 10-Millionen-Schweiz"" angenommen; der Ja-Stimmen-Anteil liegt bei 70,4 Prozent. Die Unterstützung für die Initiative ""Keine 10-Millionen-Schweiz!» hat in #gemeinde_d gegenüber der Zuwanderungsinitiative im Jahr 2020 zugenommen. Bei jener Abstimmung hatten 64 Prozent der Abstimmenden der Gemeinde die Vorlage angenommen."
3901,91.5,91.5,8.5,"Chur GR","Mit 91,5 Prozent befürworten die Stimmberechtigten von Chur die Initiative ""Keine 10-Millionen-Schweiz"". Mit diesem Ergebnis wechselt #gemeinde_d ins Ja-Lager. Im Jahr 2020 hatte die Gemeinde die Zuwanderungsinitiative noch mit 66,9 Prozent der Stimmen abgelehnt."
3911,51.9,51.9,48.1,"Churwalden GR","Mit 51,9 Prozent befürworten die Stimmberechtigten von Churwalden die Initiative ""Keine 10-Millionen-Schweiz"". Mit diesem Ergebnis wechselt #gemeinde_d ins Ja-Lager. Im Jahr 2020 hatte die Gemeinde die Zuwanderungsinitiative noch mit 57,5 Prozent der Stimmen abgelehnt."
3921,19.3,19.3,80.7,"Arosa GR","In Arosa findet die Initiative ""Keine 10-Millionen-Schweiz"" mit 80,7 Prozent keine Mehrheit. Die Ablehnung der Initiative ""Keine 10-Millionen-Schweiz!» ist stärker als jene zur Zuwanderungsinitiative im Jahr 2020. Der Nein-Anteil in #gemeinde_d lag damals bei 55 Prozent."
3945,44.8,44.8,55.2,"Trimmis GR","In Trimmis findet die Initiative ""Keine 10-Millionen-Schweiz"" mit 55,2 Prozent keine Mehrheit. Die Ablehnung der Initiative ""Keine 10-Millionen-Schweiz!» ist stärker als jene zur Zuwanderungsinitiative im Jahr 2020. Der Nein-Anteil in #gemeinde_d lag damals bei 50,9 Prozent."
3946,21.5,21.5,78.5,"Untervaz GR","Die Initiative ""Keine 10-Millionen-Schweiz"" erreicht in Untervaz 78,5 Prozent Nein-Stimmen. Die Ablehnung der Initiative ""Keine 10-Millionen-Schweiz!» ist stärker als jene zur Zuwanderungsinitiative im Jahr 2020. Der Nein-Anteil in #gemeinde_d lag damals bei 52,8 Prozent."
3947,58.5,58.5,41.5,"Zizers GR","In Zizers erhält die Initiative ""Keine 10-Millionen-Schweiz"" 58,5 Prozent Zustimmung. Mit diesem Ergebnis wechselt #gemeinde_d ins Ja-Lager. Im Jahr 2020 hatte die Gemeinde die Zuwanderungsinitiative noch mit 58,2 Prozent der Stimmen abgelehnt."
3951,68.8,68.8,31.2,"Fläsch GR","68,8 Prozent der Stimmbürgerinnen und Stimmbürger von Fläsch haben sich für die Initiative ""Keine 10-Millionen-Schweiz"" ausgesprochen. Mit diesem Ergebnis wechselt #gemeinde_d ins Ja-Lager. Im Jahr 2020 hatte die Gemeinde die Zuwanderungsinitiative noch mit 57,1 Prozent der Stimmen abgelehnt."
3952,24.2,24.2,75.8,"Jenins GR","Die Initiative ""Keine 10-Millionen-Schweiz"" erreicht in Jenins 75,8 Prozent Nein-Stimmen. Die Ablehnung der Initiative ""Keine 10-Millionen-Schweiz!» ist stärker als jene zur Zuwanderungsinitiative im Jahr 2020. Der Nein-Anteil in #gemeinde_d lag damals bei 53,8 Prozent."
3953,1,1,99,"Maienfeld GR","In Maienfeld ist die Initiative ""Keine 10-Millionen-Schweiz"" mit 99 Prozent der Stimmen gescheitert. Die Ablehnung der Initiative ""Keine 10-Millionen-Schweiz!» ist stärker als jene zur Zuwanderungsinitiative im Jahr 2020. Der Nein-Anteil in #gemeinde_d lag damals bei 58,7 Prozent."
3954,16.1,16.1,83.9,"Malans GR","83,9 Prozent der Stimmbürgerinnen und Stimmbürger von Malans sprechen sich gegen die Initiative ""Keine 10-Millionen-Schweiz"" aus. Die Ablehnung der Initiative ""Keine 10-Millionen-Schweiz!» ist stärker als jene zur Zuwanderungsinitiative im Jahr 2020. Der Nein-Anteil in #gemeinde_d lag damals bei 67,7 Prozent."
3955,58.8,58.8,41.2,"Landquart GR","Landquart hat die Initiative ""Keine 10-Millionen-Schweiz"" angenommen; der Ja-Stimmen-Anteil liegt bei 58,8 Prozent. Mit diesem Ergebnis wechselt #gemeinde_d ins Ja-Lager. Im Jahr 2020 hatte die Gemeinde die Zuwanderungsinitiative noch mit 55,3 Prozent der Stimmen abgelehnt."
3961,13.7,13.7,86.3,"Grüsch GR","In Grüsch ist die Initiative ""Keine 10-Millionen-Schweiz"" mit 86,3 Prozent der Stimmen gescheitert. In den vergangenen fünf Jahren hat die Gemeinde somit bei der Frage der Zuwanderung das Lager gewechselt. #gemeinde_d hatte die Zuwanderungsinitiative im Jahr 2020 mit 48,5 Prozent abgelehnt."
3962,93.5,93.5,6.5,"Schiers GR","Mit 93,5 Prozent Ja-Stimmen hat eine Mehrheit der Stimmberechtigten in Schiers der Initiative ""Keine 10-Millionen-Schweiz"" zugestimmt. Die Unterstützung für die Initiative ""Keine 10-Millionen-Schweiz!» hat in #gemeinde_d gegenüber der Zuwanderungsinitiative im Jahr 2020 zugenommen. Bei jener Abstimmung hatten 53,2 Prozent der Abstimmenden der Gemeinde die Vorlage angenommen."
3972,48.4,48.4,51.6,"Seewis im Prättigau GR","51,6 Prozent der Stimmbürgerinnen und Stimmbürger von Seewis im Prättigau sprechen sich gegen die Initiative ""Keine 10-Millionen-Schweiz"" aus. In den vergangenen fünf Jahren hat die Gemeinde somit bei der Frage der Zuwanderung das Lager gewechselt. #gemeinde_d hatte die Zuwanderungsinitiative im Jahr 2020 mit 46,5 Prozent abgelehnt."
3981,0.6,0.6,99.4,"Breil/Brigels GR","99,4 Prozent der Stimmbürgerinnen und Stimmbürger von Breil/Brigels sprechen sich gegen die Initiative ""Keine 10-Millionen-Schweiz"" aus. Die Ablehnung der Initiative ""Keine 10-Millionen-Schweiz!» ist stärker als jene zur Zuwanderungsinitiative im Jahr 2020. Der Nein-Anteil in #gemeinde_d lag damals bei 57,4 Prozent."
3982,25.7,25.7,74.3,"Disentis/Mustér GR","In Disentis/Mustér findet die Initiative ""Keine 10-Millionen-Schweiz"" mit 74,3 Prozent keine Mehrheit. Die Ablehnung der Initiative ""Keine 10-Millionen-Schweiz!» ist stärker als jene zur Zuwanderungsinitiative im Jahr 2020. Der Nein-Anteil in #gemeinde_d lag damals bei 65 Prozent."
3983,87.3,87.3,12.7,"Medel (Lucmagn) GR","Die Initiative ""Keine 10-Millionen-Schweiz"" erreicht in Medel (Lucmagn) 87,3 Prozent Ja-Stimmen. Mit diesem Ergebnis wechselt #gemeinde_d ins Ja-Lager. Im Jahr 2020 hatte die Gemeinde die Zuwanderungsinitiative noch mit 69,4 Prozent der Stimmen abgelehnt."
3985,33.1,33.1,66.9,"Sumvitg GR","In Sumvitg findet die Initiative ""Keine 10-Millionen-Schweiz"" mit 66,9 Prozent keine Mehrheit. Die Ablehnung der Initiative ""Keine 10-Millionen-Schweiz!» ist stärker als jene zur Zuwanderungsinitiative im Jahr 2020. Der Nein-Anteil in #gemeinde_d lag damals bei 65,5 Prozent."
3986,33.6,33.6,66.4,"Tujetsch GR","Die Initiative ""Keine 10-Millionen-Schweiz"" erreicht in Tujetsch 66,4 Prozent Nein-Stimmen. Die Ablehnung der Initiative fällt jedoch geringer aus als zur Zuwanderungsinitiative im Jahr 2020. Die Abstimmenden von #gemeinde_d hatten damals mit 68,5 Prozent Nein gestimmt."
3987,52.7,52.7,47.3,"Trun GR","Trun hat die Initiative ""Keine 10-Millionen-Schweiz"" angenommen; der Ja-Stimmen-Anteil liegt bei 52,7 Prozent. Mit diesem Ergebnis wechselt #gemeinde_d ins Ja-Lager. Im Jahr 2020 hatte die Gemeinde die Zuwanderungsinitiative noch mit 56,9 Prozent der Stimmen abgelehnt."
3988,37.3,37.3,62.7,"Obersaxen Mundaun GR","In Obersaxen Mundaun ist die Initiative ""Keine 10-Millionen-Schweiz"" mit 62,7 Prozent der Stimmen gescheitert. Die Ablehnung der Initiative ""Keine 10-Millionen-Schweiz!» ist stärker als jene zur Zuwanderungsinitiative im Jahr 2020. Der Nein-Anteil in #gemeinde_d lag damals bei 55,1 Prozent."
4001,93.5,93.5,6.5,"Aarau AG","Die Initiative ""Keine 10-Millionen-Schweiz"" erreicht in Aarau 93,5 Prozent Ja-Stimmen. Mit diesem Ergebnis wechselt #gemeinde_d ins Ja-Lager. Im Jahr 2020 hatte die Gemeinde die Zuwanderungsinitiative noch mit 74,4 Prozent der Stimmen abgelehnt."
4002,51.3,51.3,48.7,"Biberstein AG","Biberstein hat die Initiative ""Keine 10-Millionen-Schweiz"" angenommen; der Ja-Stimmen-Anteil liegt bei 51,3 Prozent. Mit diesem Ergebnis wechselt #gemeinde_d ins Ja-Lager. Im Jahr 2020 hatte die Gemeinde die Zuwanderungsinitiative noch mit 64,1 Prozent der Stimmen abgelehnt."
4003,48.8,48.8,51.2,"Buchs AG","Die Initiative ""Keine 10-Millionen-Schweiz"" erreicht in Buchs AG 51,2 Prozent Nein-Stimmen. Die Ablehnung der Initiative fällt jedoch geringer aus als zur Zuwanderungsinitiative im Jahr 2020. Die Abstimmenden von #gemeinde_d hatten damals mit 61,9 Prozent Nein gestimmt."
4004,26.3,26.3,73.7,"Densbüren AG","In Densbüren ist die Initiative ""Keine 10-Millionen-Schweiz"" mit 73,7 Prozent der Stimmen gescheitert. In den vergangenen fünf Jahren hat die Gemeinde somit bei der Frage der Zuwanderung das Lager gewechselt. #gemeinde_d hatte die Zuwanderungsinitiative im Jahr 2020 mit 49,5 Prozent abgelehnt."
4005,37.7,37.7,62.3,"Erlinsbach AG","62,3 Prozent der Stimmbürgerinnen und Stimmbürger von Erlinsbach AG sprechen sich gegen die Initiative ""Keine 10-Millionen-Schweiz"" aus. Die Ablehnung der Initiative ""Keine 10-Millionen-Schweiz!» ist stärker als jene zur Zuwanderungsinitiative im Jahr 2020. Der Nein-Anteil in #gemeinde_d lag damals bei 59,5 Prozent."
4006,66.9,66.9,33.1,"Gränichen AG","Mit 66,9 Prozent befürworten die Stimmberechtigten von Gränichen die Initiative ""Keine 10-Millionen-Schweiz"". Mit diesem Ergebnis wechselt #gemeinde_d ins Ja-Lager. Im Jahr 2020 hatte die Gemeinde die Zuwanderungsinitiative noch mit 54,1 Prozent der Stimmen abgelehnt."
4007,92.8,92.8,7.2,"Hirschthal AG","Mit 92,8 Prozent befürworten die Stimmberechtigten von Hirschthal die Initiative ""Keine 10-Millionen-Schweiz"". Die Unterstützung für die Initiative ""Keine 10-Millionen-Schweiz!» hat in #gemeinde_d gegenüber der Zuwanderungsinitiative im Jahr 2020 zugenommen. Bei jener Abstimmung hatten 51,9 Prozent der Abstimmenden der Gemeinde die Vorlage angenommen."
4008,65.2,65.2,34.8,"Küttigen AG","Mit 65,2 Prozent Ja-Stimmen hat eine Mehrheit der Stimmberechtigten in Küttigen der Initiative ""Keine 10-Millionen-Schweiz"" zugestimmt. Mit diesem Ergebnis wechselt #gemeinde_d ins Ja-Lager. Im Jahr 2020 hatte die Gemeinde die Zuwanderungsinitiative noch mit 66,8 Prozent der Stimmen abgelehnt."
4009,33,33,67,"Muhen AG","Die Initiative ""Keine 10-Millionen-Schweiz"" erreicht in Muhen 67 Prozent Nein-Stimmen. Die Ablehnung der Initiative ""Keine 10-Millionen-Schweiz!» ist stärker als jene zur Zuwanderungsinitiative im Jahr 2020. Der Nein-Anteil in #gemeinde_d lag damals bei 51,9 Prozent."
4010,67.6,67.6,32.4,"Oberentfelden AG","67,6 Prozent der Stimmbürgerinnen und Stimmbürger von Oberentfelden haben sich für die Initiative ""Keine 10-Millionen-Schweiz"" ausgesprochen. Mit diesem Ergebnis wechselt #gemeinde_d ins Ja-Lager. Im Jahr 2020 hatte die Gemeinde die Zuwanderungsinitiative noch mit 55,1 Prozent der Stimmen abgelehnt."
4012,50.5,50.5,49.5,"Suhr AG","50,5 Prozent der Stimmbürgerinnen und Stimmbürger von Suhr haben sich für die Initiative ""Keine 10-Millionen-Schweiz"" ausgesprochen. Mit diesem Ergebnis wechselt #gemeinde_d ins Ja-Lager. Im Jahr 2020 hatte die Gemeinde die Zuwanderungsinitiative noch mit 63,7 Prozent der Stimmen abgelehnt."
4013,45.9,45.9,54.1,"Unterentfelden AG","Die Initiative ""Keine 10-Millionen-Schweiz"" erreicht in Unterentfelden 54,1 Prozent Nein-Stimmen. Die Ablehnung der Initiative fällt jedoch geringer aus als zur Zuwanderungsinitiative im Jahr 2020. Die Abstimmenden von #gemeinde_d hatten damals mit 62,9 Prozent Nein gestimmt."
4021,35,35,65,"Baden AG","65 Prozent der Stimmbürgerinnen und Stimmbürger von Baden sprechen sich gegen die Initiative ""Keine 10-Millionen-Schweiz"" aus. Die Ablehnung der Initiative fällt jedoch geringer aus als zur Zuwanderungsinitiative im Jahr 2020. Die Abstimmenden von #gemeinde_d hatten damals mit 76,8 Prozent Nein gestimmt."
4022,1.1,1.1,98.9,"Bellikon AG","In Bellikon findet die Initiative ""Keine 10-Millionen-Schweiz"" mit 98,9 Prozent keine Mehrheit. Die Ablehnung der Initiative ""Keine 10-Millionen-Schweiz!» ist stärker als jene zur Zuwanderungsinitiative im Jahr 2020. Der Nein-Anteil in #gemeinde_d lag damals bei 53,8 Prozent."
4023,70.3,70.3,29.7,"Bergdietikon AG","Die Initiative ""Keine 10-Millionen-Schweiz"" erreicht in Bergdietikon 70,3 Prozent Ja-Stimmen. Mit diesem Ergebnis wechselt #gemeinde_d ins Ja-Lager. Im Jahr 2020 hatte die Gemeinde die Zuwanderungsinitiative noch mit 56,3 Prozent der Stimmen abgelehnt."
4024,68.9,68.9,31.1,"Birmenstorf AG","In Birmenstorf AG erhält die Initiative ""Keine 10-Millionen-Schweiz"" 68,9 Prozent Zustimmung. Mit diesem Ergebnis wechselt #gemeinde_d ins Ja-Lager. Im Jahr 2020 hatte die Gemeinde die Zuwanderungsinitiative noch mit 60,1 Prozent der Stimmen abgelehnt."
4026,52.5,52.5,47.5,"Ennetbaden AG","Ennetbaden hat die Initiative ""Keine 10-Millionen-Schweiz"" angenommen; der Ja-Stimmen-Anteil liegt bei 52,5 Prozent. Mit diesem Ergebnis wechselt #gemeinde_d ins Ja-Lager. Im Jahr 2020 hatte die Gemeinde die Zuwanderungsinitiative noch mit 81,7 Prozent der Stimmen abgelehnt."
4027,67.1,67.1,32.9,"Fislisbach AG","Mit 67,1 Prozent Ja-Stimmen hat eine Mehrheit der Stimmberechtigten in Fislisbach der Initiative ""Keine 10-Millionen-Schweiz"" zugestimmt. Mit diesem Ergebnis wechselt #gemeinde_d ins Ja-Lager. Im Jahr 2020 hatte die Gemeinde die Zuwanderungsinitiative noch mit 63,6 Prozent der Stimmen abgelehnt."
4028,73,73,27,"Freienwil AG","Freienwil hat die Initiative ""Keine 10-Millionen-Schweiz"" angenommen; der Ja-Stimmen-Anteil liegt bei 73 Prozent. Mit diesem Ergebnis wechselt #gemeinde_d ins Ja-Lager. Im Jahr 2020 hatte die Gemeinde die Zuwanderungsinitiative noch mit 62,8 Prozent der Stimmen abgelehnt."
4029,69.2,69.2,30.8,"Gebenstorf AG","Mit 69,2 Prozent Ja-Stimmen hat eine Mehrheit der Stimmberechtigten in Gebenstorf der Initiative ""Keine 10-Millionen-Schweiz"" zugestimmt. Mit diesem Ergebnis wechselt #gemeinde_d ins Ja-Lager. Im Jahr 2020 hatte die Gemeinde die Zuwanderungsinitiative noch mit 62,6 Prozent der Stimmen abgelehnt."
4030,38.4,38.4,61.6,"Killwangen AG","61,6 Prozent der Stimmbürgerinnen und Stimmbürger von Killwangen sprechen sich gegen die Initiative ""Keine 10-Millionen-Schweiz"" aus. Die Ablehnung der Initiative ""Keine 10-Millionen-Schweiz!» ist stärker als jene zur Zuwanderungsinitiative im Jahr 2020. Der Nein-Anteil in #gemeinde_d lag damals bei 58,4 Prozent."
4031,19.4,19.4,80.6,"Künten AG","80,6 Prozent der Stimmbürgerinnen und Stimmbürger von Künten sprechen sich gegen die Initiative ""Keine 10-Millionen-Schweiz"" aus. Die Ablehnung der Initiative ""Keine 10-Millionen-Schweiz!» ist stärker als jene zur Zuwanderungsinitiative im Jahr 2020. Der Nein-Anteil in #gemeinde_d lag damals bei 53,7 Prozent."
4032,34,34,66,"Mägenwil AG","In Mägenwil findet die Initiative ""Keine 10-Millionen-Schweiz"" mit 66 Prozent keine Mehrheit. Die Ablehnung der Initiative ""Keine 10-Millionen-Schweiz!» ist stärker als jene zur Zuwanderungsinitiative im Jahr 2020. Der Nein-Anteil in #gemeinde_d lag damals bei 56,2 Prozent."
4033,47.4,47.4,52.6,"Mellingen AG","52,6 Prozent der Stimmbürgerinnen und Stimmbürger von Mellingen sprechen sich gegen die Initiative ""Keine 10-Millionen-Schweiz"" aus. Die Ablehnung der Initiative fällt jedoch geringer aus als zur Zuwanderungsinitiative im Jahr 2020. Die Abstimmenden von #gemeinde_d hatten damals mit 58,2 Prozent Nein gestimmt."
4034,29.9,29.9,70.1,"Neuenhof AG","70,1 Prozent der Stimmbürgerinnen und Stimmbürger von Neuenhof sprechen sich gegen die Initiative ""Keine 10-Millionen-Schweiz"" aus. Die Ablehnung der Initiative ""Keine 10-Millionen-Schweiz!» ist stärker als jene zur Zuwanderungsinitiative im Jahr 2020. Der Nein-Anteil in #gemeinde_d lag damals bei 55 Prozent."
4035,84.9,84.9,15.1,"Niederrohrdorf AG","Mit 84,9 Prozent Ja-Stimmen hat eine Mehrheit der Stimmberechtigten in Niederrohrdorf der Initiative ""Keine 10-Millionen-Schweiz"" zugestimmt. Mit diesem Ergebnis wechselt #gemeinde_d ins Ja-Lager. Im Jahr 2020 hatte die Gemeinde die Zuwanderungsinitiative noch mit 65,2 Prozent der Stimmen abgelehnt."
4037,58.5,58.5,41.5,"Oberrohrdorf AG","Mit 58,5 Prozent befürworten die Stimmberechtigten von Oberrohrdorf die Initiative ""Keine 10-Millionen-Schweiz"". Mit diesem Ergebnis wechselt #gemeinde_d ins Ja-Lager. Im Jahr 2020 hatte die Gemeinde die Zuwanderungsinitiative noch mit 62,8 Prozent der Stimmen abgelehnt."
4038,20.2,20.2,79.8,"Obersiggenthal AG","79,8 Prozent der Stimmbürgerinnen und Stimmbürger von Obersiggenthal sprechen sich gegen die Initiative ""Keine 10-Millionen-Schweiz"" aus. Die Ablehnung der Initiative ""Keine 10-Millionen-Schweiz!» ist stärker als jene zur Zuwanderungsinitiative im Jahr 2020. Der Nein-Anteil in #gemeinde_d lag damals bei 66,1 Prozent."
4039,69,69,31,"Remetschwil AG","69 Prozent der Stimmbürgerinnen und Stimmbürger von Remetschwil haben sich für die Initiative ""Keine 10-Millionen-Schweiz"" ausgesprochen. Mit diesem Ergebnis wechselt #gemeinde_d ins Ja-Lager. Im Jahr 2020 hatte die Gemeinde die Zuwanderungsinitiative noch mit 56,7 Prozent der Stimmen abgelehnt."
4040,48.3,48.3,51.7,"Spreitenbach AG","51,7 Prozent der Stimmbürgerinnen und Stimmbürger von Spreitenbach sprechen sich gegen die Initiative ""Keine 10-Millionen-Schweiz"" aus. Die Ablehnung der Initiative fällt jedoch geringer aus als zur Zuwanderungsinitiative im Jahr 2020. Die Abstimmenden von #gemeinde_d hatten damals mit 54,2 Prozent Nein gestimmt."
4041,76.9,76.9,23.1,"Stetten AG","76,9 Prozent der Stimmbürgerinnen und Stimmbürger von Stetten AG haben sich für die Initiative ""Keine 10-Millionen-Schweiz"" ausgesprochen. Mit diesem Ergebnis wechselt #gemeinde_d ins Ja-Lager. Im Jahr 2020 hatte die Gemeinde die Zuwanderungsinitiative noch mit 57,5 Prozent der Stimmen abgelehnt."
4044,15.6,15.6,84.4,"Untersiggenthal AG","84,4 Prozent der Stimmbürgerinnen und Stimmbürger von Untersiggenthal sprechen sich gegen die Initiative ""Keine 10-Millionen-Schweiz"" aus. Die Ablehnung der Initiative ""Keine 10-Millionen-Schweiz!» ist stärker als jene zur Zuwanderungsinitiative im Jahr 2020. Der Nein-Anteil in #gemeinde_d lag damals bei 62,1 Prozent."
4045,16.1,16.1,83.9,"Wettingen AG","Die Initiative ""Keine 10-Millionen-Schweiz"" erreicht in Wettingen 83,9 Prozent Nein-Stimmen. Die Ablehnung der Initiative ""Keine 10-Millionen-Schweiz!» ist stärker als jene zur Zuwanderungsinitiative im Jahr 2020. Der Nein-Anteil in #gemeinde_d lag damals bei 67,4 Prozent."
4046,99.5,99.5,0.5,"Wohlenschwil AG","Mit 99,5 Prozent befürworten die Stimmberechtigten von Wohlenschwil die Initiative ""Keine 10-Millionen-Schweiz"". Mit diesem Ergebnis wechselt #gemeinde_d ins Ja-Lager. Im Jahr 2020 hatte die Gemeinde die Zuwanderungsinitiative noch mit 59,9 Prozent der Stimmen abgelehnt."
4047,79.4,79.4,20.6,"Würenlingen AG","Mit 79,4 Prozent Ja-Stimmen hat eine Mehrheit der Stimmberechtigten in Würenlingen der Initiative ""Keine 10-Millionen-Schweiz"" zugestimmt. Mit diesem Ergebnis wechselt #gemeinde_d ins Ja-Lager. Im Jahr 2020 hatte die Gemeinde die Zuwanderungsinitiative noch mit 51,1 Prozent der Stimmen abgelehnt."
4048,36.1,36.1,63.9,"Würenlos AG","63,9 Prozent der Stimmbürgerinnen und Stimmbürger von Würenlos sprechen sich gegen die Initiative ""Keine 10-Millionen-Schweiz"" aus. Die Ablehnung der Initiative ""Keine 10-Millionen-Schweiz!» ist stärker als jene zur Zuwanderungsinitiative im Jahr 2020. Der Nein-Anteil in #gemeinde_d lag damals bei 59,2 Prozent."
4049,6.4,6.4,93.6,"Ehrendingen AG","Die Initiative ""Keine 10-Millionen-Schweiz"" erreicht in Ehrendingen 93,6 Prozent Nein-Stimmen. Die Ablehnung der Initiative ""Keine 10-Millionen-Schweiz!» ist stärker als jene zur Zuwanderungsinitiative im Jahr 2020. Der Nein-Anteil in #gemeinde_d lag damals bei 58,7 Prozent."
4061,26.3,26.3,73.7,"Arni AG","73,7 Prozent der Stimmbürgerinnen und Stimmbürger von Arni AG sprechen sich gegen die Initiative ""Keine 10-Millionen-Schweiz"" aus. Die Ablehnung der Initiative ""Keine 10-Millionen-Schweiz!» ist stärker als jene zur Zuwanderungsinitiative im Jahr 2020. Der Nein-Anteil in #gemeinde_d lag damals bei 60,6 Prozent."
4062,62.1,62.1,37.9,"Berikon AG","Mit 62,1 Prozent Ja-Stimmen hat eine Mehrheit der Stimmberechtigten in Berikon der Initiative ""Keine 10-Millionen-Schweiz"" zugestimmt. Mit diesem Ergebnis wechselt #gemeinde_d ins Ja-Lager. Im Jahr 2020 hatte die Gemeinde die Zuwanderungsinitiative noch mit 58,2 Prozent der Stimmen abgelehnt."
4063,54,54,46,"Bremgarten AG","Mit 54 Prozent befürworten die Stimmberechtigten von Bremgarten AG die Initiative ""Keine 10-Millionen-Schweiz"". Mit diesem Ergebnis wechselt #gemeinde_d ins Ja-Lager. Im Jahr 2020 hatte die Gemeinde die Zuwanderungsinitiative noch mit 62,2 Prozent der Stimmen abgelehnt."
4064,60.3,60.3,39.7,"Büttikon AG","Mit 60,3 Prozent Ja-Stimmen hat eine Mehrheit der Stimmberechtigten in Büttikon der Initiative ""Keine 10-Millionen-Schweiz"" zugestimmt. Die Unterstützung für die Initiative ""Keine 10-Millionen-Schweiz!» hat in #gemeinde_d gegenüber der Zuwanderungsinitiative im Jahr 2020 zugenommen. Bei jener Abstimmung hatten 58 Prozent der Abstimmenden der Gemeinde die Vorlage angenommen."
4065,57,57,43,"Dottikon AG","In Dottikon erhält die Initiative ""Keine 10-Millionen-Schweiz"" 57 Prozent Zustimmung. Die Unterstützung für die Initiative ""Keine 10-Millionen-Schweiz!» hat in #gemeinde_d gegenüber der Zuwanderungsinitiative im Jahr 2020 zugenommen. Bei jener Abstimmung hatten 51,2 Prozent der Abstimmenden der Gemeinde die Vorlage angenommen."
4066,63.6,63.6,36.4,"Eggenwil AG","In Eggenwil erhält die Initiative ""Keine 10-Millionen-Schweiz"" 63,6 Prozent Zustimmung. Mit diesem Ergebnis wechselt #gemeinde_d ins Ja-Lager. Im Jahr 2020 hatte die Gemeinde die Zuwanderungsinitiative noch mit 55,6 Prozent der Stimmen abgelehnt."
4067,51,51,49,"Fischbach-Göslikon AG","Mit 51 Prozent Ja-Stimmen hat eine Mehrheit der Stimmberechtigten in Fischbach-Göslikon der Initiative ""Keine 10-Millionen-Schweiz"" zugestimmt. Die Unterstützung für die Initiative ""Keine 10-Millionen-Schweiz!» fällt geringer aus als jene für die Zuwanderungsinitiative im Jahr 2020. Die Abstimmenden von #gemeinde_d hatten damals mit 53,1 Prozent Ja gestimmt."
4068,49.2,49.2,50.8,"Hägglingen AG","In Hägglingen wird die Initiative ""Keine 10-Millionen-Schweiz"" mit 50,8 Prozent abgelehnt. In den vergangenen fünf Jahren hat die Gemeinde somit bei der Frage der Zuwanderung das Lager gewechselt. #gemeinde_d hatte die Zuwanderungsinitiative im Jahr 2020 mit 49,8 Prozent abgelehnt."
4071,98.2,98.2,1.8,"Jonen AG","Mit 98,2 Prozent Ja-Stimmen hat eine Mehrheit der Stimmberechtigten in Jonen der Initiative ""Keine 10-Millionen-Schweiz"" zugestimmt. Mit diesem Ergebnis wechselt #gemeinde_d ins Ja-Lager. Im Jahr 2020 hatte die Gemeinde die Zuwanderungsinitiative noch mit 59,5 Prozent der Stimmen abgelehnt."
4072,99.7,99.7,0.3,"Niederwil AG","99,7 Prozent der Stimmbürgerinnen und Stimmbürger von Niederwil AG haben sich für die Initiative ""Keine 10-Millionen-Schweiz"" ausgesprochen. Die Unterstützung für die Initiative ""Keine 10-Millionen-Schweiz!» hat in #gemeinde_d gegenüber der Zuwanderungsinitiative im Jahr 2020 zugenommen. Bei jener Abstimmung hatten 50,5 Prozent der Abstimmenden der Gemeinde die Vorlage angenommen."
4073,32,32,68,"Oberlunkhofen AG","In Oberlunkhofen wird die Initiative ""Keine 10-Millionen-Schweiz"" mit 68 Prozent abgelehnt. Die Ablehnung der Initiative ""Keine 10-Millionen-Schweiz!» ist stärker als jene zur Zuwanderungsinitiative im Jahr 2020. Der Nein-Anteil in #gemeinde_d lag damals bei 58,3 Prozent."
4074,63.1,63.1,36.9,"Oberwil-Lieli AG","Die Initiative ""Keine 10-Millionen-Schweiz"" erreicht in Oberwil-Lieli 63,1 Prozent Ja-Stimmen. Mit diesem Ergebnis wechselt #gemeinde_d ins Ja-Lager. Im Jahr 2020 hatte die Gemeinde die Zuwanderungsinitiative noch mit 53,4 Prozent der Stimmen abgelehnt."
4075,59.2,59.2,40.8,"Rudolfstetten-Friedlisberg AG","Rudolfstetten-Friedlisberg hat die Initiative ""Keine 10-Millionen-Schweiz"" angenommen; der Ja-Stimmen-Anteil liegt bei 59,2 Prozent. Mit diesem Ergebnis wechselt #gemeinde_d ins Ja-Lager. Im Jahr 2020 hatte die Gemeinde die Zuwanderungsinitiative noch mit 53,4 Prozent der Stimmen abgelehnt."
4076,52.9,52.9,47.1,"Sarmenstorf AG","In Sarmenstorf erhält die Initiative ""Keine 10-Millionen-Schweiz"" 52,9 Prozent Zustimmung. Die Unterstützung für die Initiative ""Keine 10-Millionen-Schweiz!» hat in #gemeinde_d gegenüber der Zuwanderungsinitiative im Jahr 2020 zugenommen. Bei jener Abstimmung hatten 50,7 Prozent der Abstimmenden der Gemeinde die Vorlage angenommen."
4077,57.9,57.9,42.1,"Tägerig AG","Mit 57,9 Prozent Ja-Stimmen hat eine Mehrheit der Stimmberechtigten in Tägerig der Initiative ""Keine 10-Millionen-Schweiz"" zugestimmt. Die Unterstützung für die Initiative ""Keine 10-Millionen-Schweiz!» hat in #gemeinde_d gegenüber der Zuwanderungsinitiative im Jahr 2020 zugenommen. Bei jener Abstimmung hatten 53,5 Prozent der Abstimmenden der Gemeinde die Vorlage angenommen."
4078,97.2,97.2,2.8,"Uezwil AG","Die Initiative ""Keine 10-Millionen-Schweiz"" erreicht in Uezwil 97,2 Prozent Ja-Stimmen. Die Unterstützung für die Initiative ""Keine 10-Millionen-Schweiz!» hat in #gemeinde_d gegenüber der Zuwanderungsinitiative im Jahr 2020 zugenommen. Bei jener Abstimmung hatten 62,2 Prozent der Abstimmenden der Gemeinde die Vorlage angenommen."
4079,49.3,49.3,50.7,"Unterlunkhofen AG","50,7 Prozent der Stimmbürgerinnen und Stimmbürger von Unterlunkhofen sprechen sich gegen die Initiative ""Keine 10-Millionen-Schweiz"" aus. Die Ablehnung der Initiative fällt jedoch geringer aus als zur Zuwanderungsinitiative im Jahr 2020. Die Abstimmenden von #gemeinde_d hatten damals mit 53 Prozent Nein gestimmt."
4080,32.9,32.9,67.1,"Villmergen AG","67,1 Prozent der Stimmbürgerinnen und Stimmbürger von Villmergen sprechen sich gegen die Initiative ""Keine 10-Millionen-Schweiz"" aus. In den vergangenen fünf Jahren hat die Gemeinde somit bei der Frage der Zuwanderung das Lager gewechselt. #gemeinde_d hatte die Zuwanderungsinitiative im Jahr 2020 mit 45,9 Prozent abgelehnt."
4081,13.5,13.5,86.5,"Widen AG","In Widen wird die Initiative ""Keine 10-Millionen-Schweiz"" mit 86,5 Prozent abgelehnt. Die Ablehnung der Initiative ""Keine 10-Millionen-Schweiz!» ist stärker als jene zur Zuwanderungsinitiative im Jahr 2020. Der Nein-Anteil in #gemeinde_d lag damals bei 58,1 Prozent."
4082,64.1,64.1,35.9,"Wohlen AG","Mit 64,1 Prozent Ja-Stimmen hat eine Mehrheit der Stimmberechtigten in Wohlen AG der Initiative ""Keine 10-Millionen-Schweiz"" zugestimmt. Mit diesem Ergebnis wechselt #gemeinde_d ins Ja-Lager. Im Jahr 2020 hatte die Gemeinde die Zuwanderungsinitiative noch mit 54,8 Prozent der Stimmen abgelehnt."
4083,48.5,48.5,51.5,"Zufikon AG","Die Initiative ""Keine 10-Millionen-Schweiz"" erreicht in Zufikon 51,5 Prozent Nein-Stimmen. Die Ablehnung der Initiative fällt jedoch geringer aus als zur Zuwanderungsinitiative im Jahr 2020. Die Abstimmenden von #gemeinde_d hatten damals mit 55,1 Prozent Nein gestimmt."
4084,98.2,98.2,1.8,"Islisberg AG","Islisberg hat die Initiative ""Keine 10-Millionen-Schweiz"" angenommen; der Ja-Stimmen-Anteil liegt bei 98,2 Prozent. Mit diesem Ergebnis wechselt #gemeinde_d ins Ja-Lager. Im Jahr 2020 hatte die Gemeinde die Zuwanderungsinitiative noch mit 54,8 Prozent der Stimmen abgelehnt."
4091,35.5,35.5,64.5,"Auenstein AG","Die Initiative ""Keine 10-Millionen-Schweiz"" erreicht in Auenstein 64,5 Prozent Nein-Stimmen. Die Ablehnung der Initiative ""Keine 10-Millionen-Schweiz!» ist stärker als jene zur Zuwanderungsinitiative im Jahr 2020. Der Nein-Anteil in #gemeinde_d lag damals bei 56,4 Prozent."
4092,46.5,46.5,53.5,"Birr AG","In Birr wird die Initiative ""Keine 10-Millionen-Schweiz"" mit 53,5 Prozent abgelehnt. Die Ablehnung der Initiative fällt jedoch geringer aus als zur Zuwanderungsinitiative im Jahr 2020. Die Abstimmenden von #gemeinde_d hatten damals mit 55,7 Prozent Nein gestimmt."
4093,9.7,9.7,90.3,"Birrhard AG","Die Initiative ""Keine 10-Millionen-Schweiz"" erreicht in Birrhard 90,3 Prozent Nein-Stimmen. In den vergangenen fünf Jahren hat die Gemeinde somit bei der Frage der Zuwanderung das Lager gewechselt. #gemeinde_d hatte die Zuwanderungsinitiative im Jahr 2020 mit 44,7 Prozent abgelehnt."
4095,59.4,59.4,40.6,"Brugg AG","Die Initiative ""Keine 10-Millionen-Schweiz"" erreicht in Brugg 59,4 Prozent Ja-Stimmen. Mit diesem Ergebnis wechselt #gemeinde_d ins Ja-Lager. Im Jahr 2020 hatte die Gemeinde die Zuwanderungsinitiative noch mit 65,4 Prozent der Stimmen abgelehnt."
4099,26.8,26.8,73.2,"Habsburg AG","Die Initiative ""Keine 10-Millionen-Schweiz"" erreicht in Habsburg 73,2 Prozent Nein-Stimmen. Die Ablehnung der Initiative ""Keine 10-Millionen-Schweiz!» ist stärker als jene zur Zuwanderungsinitiative im Jahr 2020. Der Nein-Anteil in #gemeinde_d lag damals bei 56,3 Prozent."
4100,65,65,35,"Hausen AG","Mit 65 Prozent Ja-Stimmen hat eine Mehrheit der Stimmberechtigten in Hausen AG der Initiative ""Keine 10-Millionen-Schweiz"" zugestimmt. Mit diesem Ergebnis wechselt #gemeinde_d ins Ja-Lager. Im Jahr 2020 hatte die Gemeinde die Zuwanderungsinitiative noch mit 57,3 Prozent der Stimmen abgelehnt."
4104,24.5,24.5,75.5,"Lupfig AG","75,5 Prozent der Stimmbürgerinnen und Stimmbürger von Lupfig sprechen sich gegen die Initiative ""Keine 10-Millionen-Schweiz"" aus. Die Ablehnung der Initiative ""Keine 10-Millionen-Schweiz!» ist stärker als jene zur Zuwanderungsinitiative im Jahr 2020. Der Nein-Anteil in #gemeinde_d lag damals bei 51,1 Prozent."
4105,81,81,19,"Mandach AG","Die Initiative ""Keine 10-Millionen-Schweiz"" erreicht in Mandach 81 Prozent Ja-Stimmen. Die Unterstützung für die Initiative ""Keine 10-Millionen-Schweiz!» hat in #gemeinde_d gegenüber der Zuwanderungsinitiative im Jahr 2020 zugenommen. Bei jener Abstimmung hatten 62,5 Prozent der Abstimmenden der Gemeinde die Vorlage angenommen."
4106,86.2,86.2,13.8,"Mönthal AG","In Mönthal erhält die Initiative ""Keine 10-Millionen-Schweiz"" 86,2 Prozent Zustimmung. Die Unterstützung für die Initiative ""Keine 10-Millionen-Schweiz!» hat in #gemeinde_d gegenüber der Zuwanderungsinitiative im Jahr 2020 zugenommen. Bei jener Abstimmung hatten 52,6 Prozent der Abstimmenden der Gemeinde die Vorlage angenommen."
4107,52.3,52.3,47.7,"Mülligen AG","Mülligen hat die Initiative ""Keine 10-Millionen-Schweiz"" angenommen; der Ja-Stimmen-Anteil liegt bei 52,3 Prozent. Mit diesem Ergebnis wechselt #gemeinde_d ins Ja-Lager. Im Jahr 2020 hatte die Gemeinde die Zuwanderungsinitiative noch mit 61,7 Prozent der Stimmen abgelehnt."
4110,15.9,15.9,84.1,"Remigen AG","In Remigen findet die Initiative ""Keine 10-Millionen-Schweiz"" mit 84,1 Prozent keine Mehrheit. Die Ablehnung der Initiative ""Keine 10-Millionen-Schweiz!» ist stärker als jene zur Zuwanderungsinitiative im Jahr 2020. Der Nein-Anteil in #gemeinde_d lag damals bei 54 Prozent."
4111,20.5,20.5,79.5,"Riniken AG","Die Initiative ""Keine 10-Millionen-Schweiz"" erreicht in Riniken 79,5 Prozent Nein-Stimmen. Die Ablehnung der Initiative ""Keine 10-Millionen-Schweiz!» ist stärker als jene zur Zuwanderungsinitiative im Jahr 2020. Der Nein-Anteil in #gemeinde_d lag damals bei 59,8 Prozent."
4112,52.2,52.2,47.8,"Rüfenach AG","Mit 52,2 Prozent befürworten die Stimmberechtigten von Rüfenach die Initiative ""Keine 10-Millionen-Schweiz"". Mit diesem Ergebnis wechselt #gemeinde_d ins Ja-Lager. Im Jahr 2020 hatte die Gemeinde die Zuwanderungsinitiative noch mit 58 Prozent der Stimmen abgelehnt."
4117,46.4,46.4,53.6,"Thalheim AG","53,6 Prozent der Stimmbürgerinnen und Stimmbürger von Thalheim AG sprechen sich gegen die Initiative ""Keine 10-Millionen-Schweiz"" aus. In den vergangenen fünf Jahren hat die Gemeinde somit bei der Frage der Zuwanderung das Lager gewechselt. #gemeinde_d hatte die Zuwanderungsinitiative im Jahr 2020 mit 44,2 Prozent abgelehnt."
4120,29.1,29.1,70.9,"Veltheim AG","70,9 Prozent der Stimmbürgerinnen und Stimmbürger von Veltheim AG sprechen sich gegen die Initiative ""Keine 10-Millionen-Schweiz"" aus. Die Ablehnung der Initiative ""Keine 10-Millionen-Schweiz!» ist stärker als jene zur Zuwanderungsinitiative im Jahr 2020. Der Nein-Anteil in #gemeinde_d lag damals bei 54,9 Prozent."
4121,33.3,33.3,66.7,"Villigen AG","Die Initiative ""Keine 10-Millionen-Schweiz"" erreicht in Villigen 66,7 Prozent Nein-Stimmen. Die Ablehnung der Initiative ""Keine 10-Millionen-Schweiz!» ist stärker als jene zur Zuwanderungsinitiative im Jahr 2020. Der Nein-Anteil in #gemeinde_d lag damals bei 51,8 Prozent."
4123,46.8,46.8,53.2,"Windisch AG","In Windisch ist die Initiative ""Keine 10-Millionen-Schweiz"" mit 53,2 Prozent der Stimmen gescheitert. Die Ablehnung der Initiative fällt jedoch geringer aus als zur Zuwanderungsinitiative im Jahr 2020. Die Abstimmenden von #gemeinde_d hatten damals mit 69,1 Prozent Nein gestimmt."
4124,7.3,7.3,92.7,"Bözberg AG","92,7 Prozent der Stimmbürgerinnen und Stimmbürger von Bözberg sprechen sich gegen die Initiative ""Keine 10-Millionen-Schweiz"" aus. In den vergangenen fünf Jahren hat die Gemeinde somit bei der Frage der Zuwanderung das Lager gewechselt. #gemeinde_d hatte die Zuwanderungsinitiative im Jahr 2020 mit 48,6 Prozent abgelehnt."
4125,11.6,11.6,88.4,"Schinznach AG","Die Initiative ""Keine 10-Millionen-Schweiz"" erreicht in Schinznach 88,4 Prozent Nein-Stimmen. Die Ablehnung der Initiative ""Keine 10-Millionen-Schweiz!» ist stärker als jene zur Zuwanderungsinitiative im Jahr 2020. Der Nein-Anteil in #gemeinde_d lag damals bei 53,6 Prozent."
4131,86.1,86.1,13.9,"Beinwil am See AG","Die Initiative ""Keine 10-Millionen-Schweiz"" erreicht in Beinwil am See 86,1 Prozent Ja-Stimmen. Mit diesem Ergebnis wechselt #gemeinde_d ins Ja-Lager. Im Jahr 2020 hatte die Gemeinde die Zuwanderungsinitiative noch mit 54,6 Prozent der Stimmen abgelehnt."
4132,41.5,41.5,58.5,"Birrwil AG","In Birrwil wird die Initiative ""Keine 10-Millionen-Schweiz"" mit 58,5 Prozent abgelehnt. Die Ablehnung der Initiative ""Keine 10-Millionen-Schweiz!» ist stärker als jene zur Zuwanderungsinitiative im Jahr 2020. Der Nein-Anteil in #gemeinde_d lag damals bei 52,8 Prozent."
4134,5.7,5.7,94.3,"Dürrenäsch AG","94,3 Prozent der Stimmbürgerinnen und Stimmbürger von Dürrenäsch sprechen sich gegen die Initiative ""Keine 10-Millionen-Schweiz"" aus. In den vergangenen fünf Jahren hat die Gemeinde somit bei der Frage der Zuwanderung das Lager gewechselt. #gemeinde_d hatte die Zuwanderungsinitiative im Jahr 2020 mit 36 Prozent abgelehnt."
4135,92.9,92.9,7.1,"Gontenschwil AG","Mit 92,9 Prozent Ja-Stimmen hat eine Mehrheit der Stimmberechtigten in Gontenschwil der Initiative ""Keine 10-Millionen-Schweiz"" zugestimmt. Die Unterstützung für die Initiative ""Keine 10-Millionen-Schweiz!» hat in #gemeinde_d gegenüber der Zuwanderungsinitiative im Jahr 2020 zugenommen. Bei jener Abstimmung hatten 63,5 Prozent der Abstimmenden der Gemeinde die Vorlage angenommen."
4136,45.9,45.9,54.1,"Holziken AG","Die Initiative ""Keine 10-Millionen-Schweiz"" erreicht in Holziken 54,1 Prozent Nein-Stimmen. In den vergangenen fünf Jahren hat die Gemeinde somit bei der Frage der Zuwanderung das Lager gewechselt. #gemeinde_d hatte die Zuwanderungsinitiative im Jahr 2020 mit 37,8 Prozent abgelehnt."
4137,57.9,57.9,42.1,"Leimbach AG","Leimbach AG hat die Initiative ""Keine 10-Millionen-Schweiz"" angenommen; der Ja-Stimmen-Anteil liegt bei 57,9 Prozent. Die Unterstützung für die Initiative ""Keine 10-Millionen-Schweiz!» hat in #gemeinde_d gegenüber der Zuwanderungsinitiative im Jahr 2020 zugenommen. Bei jener Abstimmung hatten 52,7 Prozent der Abstimmenden der Gemeinde die Vorlage angenommen."
4138,71.4,71.4,28.6,"Leutwil AG","71,4 Prozent der Stimmbürgerinnen und Stimmbürger von Leutwil haben sich für die Initiative ""Keine 10-Millionen-Schweiz"" ausgesprochen. Die Unterstützung für die Initiative ""Keine 10-Millionen-Schweiz!» hat in #gemeinde_d gegenüber der Zuwanderungsinitiative im Jahr 2020 zugenommen. Bei jener Abstimmung hatten 65 Prozent der Abstimmenden der Gemeinde die Vorlage angenommen."
4139,63.7,63.7,36.3,"Menziken AG","Die Initiative ""Keine 10-Millionen-Schweiz"" erreicht in Menziken 63,7 Prozent Ja-Stimmen. Die Unterstützung für die Initiative ""Keine 10-Millionen-Schweiz!» hat in #gemeinde_d gegenüber der Zuwanderungsinitiative im Jahr 2020 zugenommen. Bei jener Abstimmung hatten 55,8 Prozent der Abstimmenden der Gemeinde die Vorlage angenommen."
4140,42.2,42.2,57.8,"Oberkulm AG","In Oberkulm ist die Initiative ""Keine 10-Millionen-Schweiz"" mit 57,8 Prozent der Stimmen gescheitert. In den vergangenen fünf Jahren hat die Gemeinde somit bei der Frage der Zuwanderung das Lager gewechselt. #gemeinde_d hatte die Zuwanderungsinitiative im Jahr 2020 mit 38,9 Prozent abgelehnt."
4141,70.1,70.1,29.9,"Reinach AG","Mit 70,1 Prozent befürworten die Stimmberechtigten von Reinach AG die Initiative ""Keine 10-Millionen-Schweiz"". Die Unterstützung für die Initiative ""Keine 10-Millionen-Schweiz!» hat in #gemeinde_d gegenüber der Zuwanderungsinitiative im Jahr 2020 zugenommen. Bei jener Abstimmung hatten 56,4 Prozent der Abstimmenden der Gemeinde die Vorlage angenommen."
4142,30.7,30.7,69.3,"Schlossrued AG","In Schlossrued ist die Initiative ""Keine 10-Millionen-Schweiz"" mit 69,3 Prozent der Stimmen gescheitert. In den vergangenen fünf Jahren hat die Gemeinde somit bei der Frage der Zuwanderung das Lager gewechselt. #gemeinde_d hatte die Zuwanderungsinitiative im Jahr 2020 mit 38,2 Prozent abgelehnt."
4143,57,57,43,"Schmiedrued AG","In Schmiedrued erhält die Initiative ""Keine 10-Millionen-Schweiz"" 57 Prozent Zustimmung. Die Unterstützung für die Initiative ""Keine 10-Millionen-Schweiz!» fällt geringer aus als jene für die Zuwanderungsinitiative im Jahr 2020. Die Abstimmenden von #gemeinde_d hatten damals mit 63,1 Prozent Ja gestimmt."
4144,45.6,45.6,54.4,"Schöftland AG","54,4 Prozent der Stimmbürgerinnen und Stimmbürger von Schöftland sprechen sich gegen die Initiative ""Keine 10-Millionen-Schweiz"" aus. Die Ablehnung der Initiative ""Keine 10-Millionen-Schweiz!» ist stärker als jene zur Zuwanderungsinitiative im Jahr 2020. Der Nein-Anteil in #gemeinde_d lag damals bei 52,2 Prozent."
4145,47.4,47.4,52.6,"Teufenthal AG","In Teufenthal AG ist die Initiative ""Keine 10-Millionen-Schweiz"" mit 52,6 Prozent der Stimmen gescheitert. In den vergangenen fünf Jahren hat die Gemeinde somit bei der Frage der Zuwanderung das Lager gewechselt. #gemeinde_d hatte die Zuwanderungsinitiative im Jahr 2020 mit 45,2 Prozent abgelehnt."
4146,62.3,62.3,37.7,"Unterkulm AG","Mit 62,3 Prozent befürworten die Stimmberechtigten von Unterkulm die Initiative ""Keine 10-Millionen-Schweiz"". Die Unterstützung für die Initiative ""Keine 10-Millionen-Schweiz!» hat in #gemeinde_d gegenüber der Zuwanderungsinitiative im Jahr 2020 zugenommen. Bei jener Abstimmung hatten 57 Prozent der Abstimmenden der Gemeinde die Vorlage angenommen."
4147,11.2,11.2,88.8,"Zetzwil AG","In Zetzwil ist die Initiative ""Keine 10-Millionen-Schweiz"" mit 88,8 Prozent der Stimmen gescheitert. In den vergangenen fünf Jahren hat die Gemeinde somit bei der Frage der Zuwanderung das Lager gewechselt. #gemeinde_d hatte die Zuwanderungsinitiative im Jahr 2020 mit 41,7 Prozent abgelehnt."
4161,45.1,45.1,54.9,"Eiken AG","In Eiken ist die Initiative ""Keine 10-Millionen-Schweiz"" mit 54,9 Prozent der Stimmen gescheitert. Das Ergebnis hat sich im Vergleich zur Abstimmung über die Zuwanderungsinitiative im Jahr 2020 kaum verändert. #gemeinde_d hatte damals mit 55,3 Prozent Nein gestimmt."
4163,39.9,39.9,60.1,"Frick AG","60,1 Prozent der Stimmbürgerinnen und Stimmbürger von Frick sprechen sich gegen die Initiative ""Keine 10-Millionen-Schweiz"" aus. Die Ablehnung der Initiative ""Keine 10-Millionen-Schweiz!» ist stärker als jene zur Zuwanderungsinitiative im Jahr 2020. Der Nein-Anteil in #gemeinde_d lag damals bei 58,6 Prozent."
4164,66.4,66.4,33.6,"Gansingen AG","Gansingen hat die Initiative ""Keine 10-Millionen-Schweiz"" angenommen; der Ja-Stimmen-Anteil liegt bei 66,4 Prozent. Mit diesem Ergebnis wechselt #gemeinde_d ins Ja-Lager. Im Jahr 2020 hatte die Gemeinde die Zuwanderungsinitiative noch mit 50,4 Prozent der Stimmen abgelehnt."
4165,43.8,43.8,56.2,"Gipf-Oberfrick AG","In Gipf-Oberfrick wird die Initiative ""Keine 10-Millionen-Schweiz"" mit 56,2 Prozent abgelehnt. Die Ablehnung der Initiative fällt jedoch geringer aus als zur Zuwanderungsinitiative im Jahr 2020. Die Abstimmenden von #gemeinde_d hatten damals mit 63 Prozent Nein gestimmt."
4169,78.8,78.8,21.2,"Kaisten AG","Mit 78,8 Prozent Ja-Stimmen hat eine Mehrheit der Stimmberechtigten in Kaisten der Initiative ""Keine 10-Millionen-Schweiz"" zugestimmt. Mit diesem Ergebnis wechselt #gemeinde_d ins Ja-Lager. Im Jahr 2020 hatte die Gemeinde die Zuwanderungsinitiative noch mit 57,7 Prozent der Stimmen abgelehnt."
4170,57.7,57.7,42.3,"Laufenburg AG","Mit 57,7 Prozent Ja-Stimmen hat eine Mehrheit der Stimmberechtigten in Laufenburg der Initiative ""Keine 10-Millionen-Schweiz"" zugestimmt. Mit diesem Ergebnis wechselt #gemeinde_d ins Ja-Lager. Im Jahr 2020 hatte die Gemeinde die Zuwanderungsinitiative noch mit 61,3 Prozent der Stimmen abgelehnt."
4172,49.3,49.3,50.7,"Münchwilen AG","In Münchwilen AG ist die Initiative ""Keine 10-Millionen-Schweiz"" mit 50,7 Prozent der Stimmen gescheitert. Die Ablehnung der Initiative fällt jedoch geringer aus als zur Zuwanderungsinitiative im Jahr 2020. Die Abstimmenden von #gemeinde_d hatten damals mit 52,9 Prozent Nein gestimmt."
4173,64.3,64.3,35.7,"Oberhof AG","Mit 64,3 Prozent Ja-Stimmen hat eine Mehrheit der Stimmberechtigten in Oberhof der Initiative ""Keine 10-Millionen-Schweiz"" zugestimmt. Mit diesem Ergebnis wechselt #gemeinde_d ins Ja-Lager. Im Jahr 2020 hatte die Gemeinde die Zuwanderungsinitiative noch mit 51,5 Prozent der Stimmen abgelehnt."
4175,55.4,55.4,44.6,"Oeschgen AG","Mit 55,4 Prozent Ja-Stimmen hat eine Mehrheit der Stimmberechtigten in Oeschgen der Initiative ""Keine 10-Millionen-Schweiz"" zugestimmt. Mit diesem Ergebnis wechselt #gemeinde_d ins Ja-Lager. Im Jahr 2020 hatte die Gemeinde die Zuwanderungsinitiative noch mit 53,4 Prozent der Stimmen abgelehnt."
4176,33.9,33.9,66.1,"Schwaderloch AG","In Schwaderloch ist die Initiative ""Keine 10-Millionen-Schweiz"" mit 66,1 Prozent der Stimmen gescheitert. In den vergangenen fünf Jahren hat die Gemeinde somit bei der Frage der Zuwanderung das Lager gewechselt. #gemeinde_d hatte die Zuwanderungsinitiative im Jahr 2020 mit 39,6 Prozent abgelehnt."
4177,34.6,34.6,65.4,"Sisseln AG","In Sisseln wird die Initiative ""Keine 10-Millionen-Schweiz"" mit 65,4 Prozent abgelehnt. In den vergangenen fünf Jahren hat die Gemeinde somit bei der Frage der Zuwanderung das Lager gewechselt. #gemeinde_d hatte die Zuwanderungsinitiative im Jahr 2020 mit 45,2 Prozent abgelehnt."
4181,61,61,39,"Wittnau AG","Die Initiative ""Keine 10-Millionen-Schweiz"" erreicht in Wittnau 61 Prozent Ja-Stimmen. Mit diesem Ergebnis wechselt #gemeinde_d ins Ja-Lager. Im Jahr 2020 hatte die Gemeinde die Zuwanderungsinitiative noch mit 54,6 Prozent der Stimmen abgelehnt."
4182,57.2,57.2,42.8,"Wölflinswil AG","Wölflinswil hat die Initiative ""Keine 10-Millionen-Schweiz"" angenommen; der Ja-Stimmen-Anteil liegt bei 57,2 Prozent. Die Unterstützung für die Initiative ""Keine 10-Millionen-Schweiz!» hat in #gemeinde_d gegenüber der Zuwanderungsinitiative im Jahr 2020 zugenommen. Bei jener Abstimmung hatten 54,2 Prozent der Abstimmenden der Gemeinde die Vorlage angenommen."
4183,40.3,40.3,59.7,"Zeihen AG","Die Initiative ""Keine 10-Millionen-Schweiz"" erreicht in Zeihen 59,7 Prozent Nein-Stimmen. In den vergangenen fünf Jahren hat die Gemeinde somit bei der Frage der Zuwanderung das Lager gewechselt. #gemeinde_d hatte die Zuwanderungsinitiative im Jahr 2020 mit 49,3 Prozent abgelehnt."
4184,59.9,59.9,40.1,"Mettauertal AG","Mettauertal hat die Initiative ""Keine 10-Millionen-Schweiz"" angenommen; der Ja-Stimmen-Anteil liegt bei 59,9 Prozent. Die Unterstützung für die Initiative ""Keine 10-Millionen-Schweiz!» hat in #gemeinde_d gegenüber der Zuwanderungsinitiative im Jahr 2020 zugenommen. Bei jener Abstimmung hatten 51,9 Prozent der Abstimmenden der Gemeinde die Vorlage angenommen."
4185,37.5,37.5,62.5,"Böztal AG","In Böztal wird die Initiative ""Keine 10-Millionen-Schweiz"" mit 62,5 Prozent abgelehnt. Die Ablehnung der Initiative ""Keine 10-Millionen-Schweiz!» ist stärker als jene zur Zuwanderungsinitiative im Jahr 2020. Der Nein-Anteil in #gemeinde_d lag damals bei 50,4 Prozent."
4186,53.4,53.4,46.6,"Herznach-Ueken AG","Mit 53,4 Prozent Ja-Stimmen hat eine Mehrheit der Stimmberechtigten in Herznach-Ueken der Initiative ""Keine 10-Millionen-Schweiz"" zugestimmt. Mit diesem Ergebnis wechselt #gemeinde_d ins Ja-Lager. Im Jahr 2020 hatte die Gemeinde die Zuwanderungsinitiative noch mit 50,2 Prozent der Stimmen abgelehnt."
4191,81.9,81.9,18.1,"Ammerswil AG","Mit 81,9 Prozent Ja-Stimmen hat eine Mehrheit der Stimmberechtigten in Ammerswil der Initiative ""Keine 10-Millionen-Schweiz"" zugestimmt. Mit diesem Ergebnis wechselt #gemeinde_d ins Ja-Lager. Im Jahr 2020 hatte die Gemeinde die Zuwanderungsinitiative noch mit 55,1 Prozent der Stimmen abgelehnt."
4192,46.6,46.6,53.4,"Boniswil AG","Die Initiative ""Keine 10-Millionen-Schweiz"" erreicht in Boniswil 53,4 Prozent Nein-Stimmen. Die Ablehnung der Initiative ""Keine 10-Millionen-Schweiz!» ist stärker als jene zur Zuwanderungsinitiative im Jahr 2020. Der Nein-Anteil in #gemeinde_d lag damals bei 50,9 Prozent."
4193,61.3,61.3,38.7,"Brunegg AG","Die Initiative ""Keine 10-Millionen-Schweiz"" erreicht in Brunegg 61,3 Prozent Ja-Stimmen. Die Unterstützung für die Initiative ""Keine 10-Millionen-Schweiz!» hat in #gemeinde_d gegenüber der Zuwanderungsinitiative im Jahr 2020 zugenommen. Bei jener Abstimmung hatten 53,5 Prozent der Abstimmenden der Gemeinde die Vorlage angenommen."
4194,57.3,57.3,42.7,"Dintikon AG","Mit 57,3 Prozent Ja-Stimmen hat eine Mehrheit der Stimmberechtigten in Dintikon der Initiative ""Keine 10-Millionen-Schweiz"" zugestimmt. Die Unterstützung für die Initiative ""Keine 10-Millionen-Schweiz!» hat in #gemeinde_d gegenüber der Zuwanderungsinitiative im Jahr 2020 zugenommen. Bei jener Abstimmung hatten 54,9 Prozent der Abstimmenden der Gemeinde die Vorlage angenommen."
4195,35.5,35.5,64.5,"Egliswil AG","In Egliswil ist die Initiative ""Keine 10-Millionen-Schweiz"" mit 64,5 Prozent der Stimmen gescheitert. Die Ablehnung der Initiative ""Keine 10-Millionen-Schweiz!» ist stärker als jene zur Zuwanderungsinitiative im Jahr 2020. Der Nein-Anteil in #gemeinde_d lag damals bei 53,6 Prozent."
4196,34.4,34.4,65.6,"Fahrwangen AG","Die Initiative ""Keine 10-Millionen-Schweiz"" erreicht in Fahrwangen 65,6 Prozent Nein-Stimmen. Die Ablehnung der Initiative ""Keine 10-Millionen-Schweiz!» ist stärker als jene zur Zuwanderungsinitiative im Jahr 2020. Der Nein-Anteil in #gemeinde_d lag damals bei 50,7 Prozent."
4197,54.2,54.2,45.8,"Hallwil AG","54,2 Prozent der Stimmbürgerinnen und Stimmbürger von Hallwil haben sich für die Initiative ""Keine 10-Millionen-Schweiz"" ausgesprochen. Die Unterstützung für die Initiative ""Keine 10-Millionen-Schweiz!» fällt geringer aus als jene für die Zuwanderungsinitiative im Jahr 2020. Die Abstimmenden von #gemeinde_d hatten damals mit 59,5 Prozent Ja gestimmt."
4198,59,59,41,"Hendschiken AG","Mit 59 Prozent Ja-Stimmen hat eine Mehrheit der Stimmberechtigten in Hendschiken der Initiative ""Keine 10-Millionen-Schweiz"" zugestimmt. Mit diesem Ergebnis wechselt #gemeinde_d ins Ja-Lager. Im Jahr 2020 hatte die Gemeinde die Zuwanderungsinitiative noch mit 50,1 Prozent der Stimmen abgelehnt."
4199,49.4,49.4,50.6,"Holderbank AG","In Holderbank AG wird die Initiative ""Keine 10-Millionen-Schweiz"" mit 50,6 Prozent abgelehnt. In den vergangenen fünf Jahren hat die Gemeinde somit bei der Frage der Zuwanderung das Lager gewechselt. #gemeinde_d hatte die Zuwanderungsinitiative im Jahr 2020 mit 36,9 Prozent abgelehnt."
4200,58.8,58.8,41.2,"Hunzenschwil AG","Mit 58,8 Prozent Ja-Stimmen hat eine Mehrheit der Stimmberechtigten in Hunzenschwil der Initiative ""Keine 10-Millionen-Schweiz"" zugestimmt. Die Unterstützung für die Initiative ""Keine 10-Millionen-Schweiz!» hat in #gemeinde_d gegenüber der Zuwanderungsinitiative im Jahr 2020 zugenommen. Bei jener Abstimmung hatten 54,6 Prozent der Abstimmenden der Gemeinde die Vorlage angenommen."
4201,24.8,24.8,75.2,"Lenzburg AG","In Lenzburg ist die Initiative ""Keine 10-Millionen-Schweiz"" mit 75,2 Prozent der Stimmen gescheitert. Die Ablehnung der Initiative ""Keine 10-Millionen-Schweiz!» ist stärker als jene zur Zuwanderungsinitiative im Jahr 2020. Der Nein-Anteil in #gemeinde_d lag damals bei 71,2 Prozent."
4202,45.6,45.6,54.4,"Meisterschwanden AG","In Meisterschwanden ist die Initiative ""Keine 10-Millionen-Schweiz"" mit 54,4 Prozent der Stimmen gescheitert. Die Ablehnung der Initiative ""Keine 10-Millionen-Schweiz!» ist stärker als jene zur Zuwanderungsinitiative im Jahr 2020. Der Nein-Anteil in #gemeinde_d lag damals bei 50,2 Prozent."
4203,75.1,75.1,24.9,"Möriken-Wildegg AG","Mit 75,1 Prozent befürworten die Stimmberechtigten von Möriken-Wildegg die Initiative ""Keine 10-Millionen-Schweiz"". Mit diesem Ergebnis wechselt #gemeinde_d ins Ja-Lager. Im Jahr 2020 hatte die Gemeinde die Zuwanderungsinitiative noch mit 55,9 Prozent der Stimmen abgelehnt."
4204,45.5,45.5,54.5,"Niederlenz AG","54,5 Prozent der Stimmbürgerinnen und Stimmbürger von Niederlenz sprechen sich gegen die Initiative ""Keine 10-Millionen-Schweiz"" aus. Die Ablehnung der Initiative fällt jedoch geringer aus als zur Zuwanderungsinitiative im Jahr 2020. Die Abstimmenden von #gemeinde_d hatten damals mit 62,2 Prozent Nein gestimmt."
4205,30.2,30.2,69.8,"Othmarsingen AG","69,8 Prozent der Stimmbürgerinnen und Stimmbürger von Othmarsingen sprechen sich gegen die Initiative ""Keine 10-Millionen-Schweiz"" aus. Die Ablehnung der Initiative ""Keine 10-Millionen-Schweiz!» ist stärker als jene zur Zuwanderungsinitiative im Jahr 2020. Der Nein-Anteil in #gemeinde_d lag damals bei 51,1 Prozent."
4206,49.5,49.5,50.5,"Rupperswil AG","In Rupperswil ist die Initiative ""Keine 10-Millionen-Schweiz"" mit 50,5 Prozent der Stimmen gescheitert. Die Ablehnung der Initiative fällt jedoch geringer aus als zur Zuwanderungsinitiative im Jahr 2020. Die Abstimmenden von #gemeinde_d hatten damals mit 52,1 Prozent Nein gestimmt."
4207,51.2,51.2,48.8,"Schafisheim AG","Mit 51,2 Prozent Ja-Stimmen hat eine Mehrheit der Stimmberechtigten in Schafisheim der Initiative ""Keine 10-Millionen-Schweiz"" zugestimmt. Mit diesem Ergebnis wechselt #gemeinde_d ins Ja-Lager. Im Jahr 2020 hatte die Gemeinde die Zuwanderungsinitiative noch mit 53 Prozent der Stimmen abgelehnt."
4208,63.6,63.6,36.4,"Seengen AG","Die Initiative ""Keine 10-Millionen-Schweiz"" erreicht in Seengen 63,6 Prozent Ja-Stimmen. Mit diesem Ergebnis wechselt #gemeinde_d ins Ja-Lager. Im Jahr 2020 hatte die Gemeinde die Zuwanderungsinitiative noch mit 52,8 Prozent der Stimmen abgelehnt."
4209,13.4,13.4,86.6,"Seon AG","86,6 Prozent der Stimmbürgerinnen und Stimmbürger von Seon sprechen sich gegen die Initiative ""Keine 10-Millionen-Schweiz"" aus. In den vergangenen fünf Jahren hat die Gemeinde somit bei der Frage der Zuwanderung das Lager gewechselt. #gemeinde_d hatte die Zuwanderungsinitiative im Jahr 2020 mit 49,4 Prozent abgelehnt."
4210,15.1,15.1,84.9,"Staufen AG","In Staufen findet die Initiative ""Keine 10-Millionen-Schweiz"" mit 84,9 Prozent keine Mehrheit. Die Ablehnung der Initiative ""Keine 10-Millionen-Schweiz!» ist stärker als jene zur Zuwanderungsinitiative im Jahr 2020. Der Nein-Anteil in #gemeinde_d lag damals bei 62,7 Prozent."
4221,25.4,25.4,74.6,"Abtwil AG","74,6 Prozent der Stimmbürgerinnen und Stimmbürger von Abtwil sprechen sich gegen die Initiative ""Keine 10-Millionen-Schweiz"" aus. In den vergangenen fünf Jahren hat die Gemeinde somit bei der Frage der Zuwanderung das Lager gewechselt. #gemeinde_d hatte die Zuwanderungsinitiative im Jahr 2020 mit 49,4 Prozent abgelehnt."
4222,22.5,22.5,77.5,"Aristau AG","In Aristau wird die Initiative ""Keine 10-Millionen-Schweiz"" mit 77,5 Prozent abgelehnt. Die Ablehnung der Initiative ""Keine 10-Millionen-Schweiz!» ist stärker als jene zur Zuwanderungsinitiative im Jahr 2020. Der Nein-Anteil in #gemeinde_d lag damals bei 50,9 Prozent."
4223,6.8,6.8,93.2,"Auw AG","In Auw ist die Initiative ""Keine 10-Millionen-Schweiz"" mit 93,2 Prozent der Stimmen gescheitert. In den vergangenen fünf Jahren hat die Gemeinde somit bei der Frage der Zuwanderung das Lager gewechselt. #gemeinde_d hatte die Zuwanderungsinitiative im Jahr 2020 mit 48,8 Prozent abgelehnt."
4224,52.5,52.5,47.5,"Beinwil (Freiamt) AG","Mit 52,5 Prozent Ja-Stimmen hat eine Mehrheit der Stimmberechtigten in Beinwil (Freiamt) der Initiative ""Keine 10-Millionen-Schweiz"" zugestimmt. Die Unterstützung für die Initiative ""Keine 10-Millionen-Schweiz!» fällt geringer aus als jene für die Zuwanderungsinitiative im Jahr 2020. Die Abstimmenden von #gemeinde_d hatten damals mit 53,7 Prozent Ja gestimmt."
4226,95.7,95.7,4.3,"Besenbüren AG","Besenbüren hat die Initiative ""Keine 10-Millionen-Schweiz"" angenommen; der Ja-Stimmen-Anteil liegt bei 95,7 Prozent. Mit diesem Ergebnis wechselt #gemeinde_d ins Ja-Lager. Im Jahr 2020 hatte die Gemeinde die Zuwanderungsinitiative noch mit 52,2 Prozent der Stimmen abgelehnt."
4227,37.6,37.6,62.4,"Bettwil AG","62,4 Prozent der Stimmbürgerinnen und Stimmbürger von Bettwil sprechen sich gegen die Initiative ""Keine 10-Millionen-Schweiz"" aus. In den vergangenen fünf Jahren hat die Gemeinde somit bei der Frage der Zuwanderung das Lager gewechselt. #gemeinde_d hatte die Zuwanderungsinitiative im Jahr 2020 mit 47,1 Prozent abgelehnt."
4228,25.5,25.5,74.5,"Boswil AG","In Boswil findet die Initiative ""Keine 10-Millionen-Schweiz"" mit 74,5 Prozent keine Mehrheit. In den vergangenen fünf Jahren hat die Gemeinde somit bei der Frage der Zuwanderung das Lager gewechselt. #gemeinde_d hatte die Zuwanderungsinitiative im Jahr 2020 mit 47,9 Prozent abgelehnt."
4229,93.1,93.1,6.9,"Bünzen AG","Mit 93,1 Prozent befürworten die Stimmberechtigten von Bünzen die Initiative ""Keine 10-Millionen-Schweiz"". Die Unterstützung für die Initiative ""Keine 10-Millionen-Schweiz!» hat in #gemeinde_d gegenüber der Zuwanderungsinitiative im Jahr 2020 zugenommen. Bei jener Abstimmung hatten 53 Prozent der Abstimmenden der Gemeinde die Vorlage angenommen."
4230,42.4,42.4,57.6,"Buttwil AG","Die Initiative ""Keine 10-Millionen-Schweiz"" erreicht in Buttwil 57,6 Prozent Nein-Stimmen. Die Ablehnung der Initiative ""Keine 10-Millionen-Schweiz!» ist stärker als jene zur Zuwanderungsinitiative im Jahr 2020. Der Nein-Anteil in #gemeinde_d lag damals bei 55,3 Prozent."
4231,39.9,39.9,60.1,"Dietwil AG","60,1 Prozent der Stimmbürgerinnen und Stimmbürger von Dietwil sprechen sich gegen die Initiative ""Keine 10-Millionen-Schweiz"" aus. In den vergangenen fünf Jahren hat die Gemeinde somit bei der Frage der Zuwanderung das Lager gewechselt. #gemeinde_d hatte die Zuwanderungsinitiative im Jahr 2020 mit 44,1 Prozent abgelehnt."
4232,83.2,83.2,16.8,"Geltwil AG","Die Initiative ""Keine 10-Millionen-Schweiz"" erreicht in Geltwil 83,2 Prozent Ja-Stimmen. Mit diesem Ergebnis wechselt #gemeinde_d ins Ja-Lager. Im Jahr 2020 hatte die Gemeinde die Zuwanderungsinitiative noch mit 52 Prozent der Stimmen abgelehnt."
4233,40.8,40.8,59.2,"Kallern AG","Die Initiative ""Keine 10-Millionen-Schweiz"" erreicht in Kallern 59,2 Prozent Nein-Stimmen. In den vergangenen fünf Jahren hat die Gemeinde somit bei der Frage der Zuwanderung das Lager gewechselt. #gemeinde_d hatte die Zuwanderungsinitiative im Jahr 2020 mit 42 Prozent abgelehnt."
4234,96.8,96.8,3.2,"Merenschwand AG","Mit 96,8 Prozent befürworten die Stimmberechtigten von Merenschwand die Initiative ""Keine 10-Millionen-Schweiz"". Mit diesem Ergebnis wechselt #gemeinde_d ins Ja-Lager. Im Jahr 2020 hatte die Gemeinde die Zuwanderungsinitiative noch mit 54,3 Prozent der Stimmen abgelehnt."
4235,5,5,95,"Mühlau AG","95 Prozent der Stimmbürgerinnen und Stimmbürger von Mühlau sprechen sich gegen die Initiative ""Keine 10-Millionen-Schweiz"" aus. In den vergangenen fünf Jahren hat die Gemeinde somit bei der Frage der Zuwanderung das Lager gewechselt. #gemeinde_d hatte die Zuwanderungsinitiative im Jahr 2020 mit 48,1 Prozent abgelehnt."
4236,84.9,84.9,15.1,"Muri AG","Die Initiative ""Keine 10-Millionen-Schweiz"" erreicht in Muri AG 84,9 Prozent Ja-Stimmen. Mit diesem Ergebnis wechselt #gemeinde_d ins Ja-Lager. Im Jahr 2020 hatte die Gemeinde die Zuwanderungsinitiative noch mit 58,8 Prozent der Stimmen abgelehnt."
4237,41.9,41.9,58.1,"Oberrüti AG","In Oberrüti wird die Initiative ""Keine 10-Millionen-Schweiz"" mit 58,1 Prozent abgelehnt. Die Ablehnung der Initiative ""Keine 10-Millionen-Schweiz!» ist stärker als jene zur Zuwanderungsinitiative im Jahr 2020. Der Nein-Anteil in #gemeinde_d lag damals bei 57 Prozent."
4238,47.1,47.1,52.9,"Rottenschwil AG","Die Initiative ""Keine 10-Millionen-Schweiz"" erreicht in Rottenschwil 52,9 Prozent Nein-Stimmen. In den vergangenen fünf Jahren hat die Gemeinde somit bei der Frage der Zuwanderung das Lager gewechselt. #gemeinde_d hatte die Zuwanderungsinitiative im Jahr 2020 mit 45,1 Prozent abgelehnt."
4239,40,40,60,"Sins AG","In Sins wird die Initiative ""Keine 10-Millionen-Schweiz"" mit 60 Prozent abgelehnt. Die Ablehnung der Initiative ""Keine 10-Millionen-Schweiz!» ist stärker als jene zur Zuwanderungsinitiative im Jahr 2020. Der Nein-Anteil in #gemeinde_d lag damals bei 53,4 Prozent."
4240,60.2,60.2,39.8,"Waltenschwil AG","Mit 60,2 Prozent Ja-Stimmen hat eine Mehrheit der Stimmberechtigten in Waltenschwil der Initiative ""Keine 10-Millionen-Schweiz"" zugestimmt. Mit diesem Ergebnis wechselt #gemeinde_d ins Ja-Lager. Im Jahr 2020 hatte die Gemeinde die Zuwanderungsinitiative noch mit 51 Prozent der Stimmen abgelehnt."
4251,85.6,85.6,14.4,"Hellikon AG","Hellikon hat die Initiative ""Keine 10-Millionen-Schweiz"" angenommen; der Ja-Stimmen-Anteil liegt bei 85,6 Prozent. Die Unterstützung für die Initiative ""Keine 10-Millionen-Schweiz!» hat in #gemeinde_d gegenüber der Zuwanderungsinitiative im Jahr 2020 zugenommen. Bei jener Abstimmung hatten 58,6 Prozent der Abstimmenden der Gemeinde die Vorlage angenommen."
4252,39,39,61,"Kaiseraugst AG","In Kaiseraugst ist die Initiative ""Keine 10-Millionen-Schweiz"" mit 61 Prozent der Stimmen gescheitert. Die Ablehnung der Initiative ""Keine 10-Millionen-Schweiz!» ist stärker als jene zur Zuwanderungsinitiative im Jahr 2020. Der Nein-Anteil in #gemeinde_d lag damals bei 57,6 Prozent."
4253,84.9,84.9,15.1,"Magden AG","Mit 84,9 Prozent Ja-Stimmen hat eine Mehrheit der Stimmberechtigten in Magden der Initiative ""Keine 10-Millionen-Schweiz"" zugestimmt. Mit diesem Ergebnis wechselt #gemeinde_d ins Ja-Lager. Im Jahr 2020 hatte die Gemeinde die Zuwanderungsinitiative noch mit 63,6 Prozent der Stimmen abgelehnt."
4254,49.5,49.5,50.5,"Möhlin AG","50,5 Prozent der Stimmbürgerinnen und Stimmbürger von Möhlin sprechen sich gegen die Initiative ""Keine 10-Millionen-Schweiz"" aus. Die Ablehnung der Initiative fällt jedoch geringer aus als zur Zuwanderungsinitiative im Jahr 2020. Die Abstimmenden von #gemeinde_d hatten damals mit 56,9 Prozent Nein gestimmt."
4255,36.2,36.2,63.8,"Mumpf AG","Die Initiative ""Keine 10-Millionen-Schweiz"" erreicht in Mumpf 63,8 Prozent Nein-Stimmen. Die Ablehnung der Initiative ""Keine 10-Millionen-Schweiz!» ist stärker als jene zur Zuwanderungsinitiative im Jahr 2020. Der Nein-Anteil in #gemeinde_d lag damals bei 50,2 Prozent."
4256,97.2,97.2,2.8,"Obermumpf AG","Obermumpf hat die Initiative ""Keine 10-Millionen-Schweiz"" angenommen; der Ja-Stimmen-Anteil liegt bei 97,2 Prozent. Mit diesem Ergebnis wechselt #gemeinde_d ins Ja-Lager. Im Jahr 2020 hatte die Gemeinde die Zuwanderungsinitiative noch mit 55,5 Prozent der Stimmen abgelehnt."
4257,94.9,94.9,5.1,"Olsberg AG","Die Initiative ""Keine 10-Millionen-Schweiz"" erreicht in Olsberg 94,9 Prozent Ja-Stimmen. Mit diesem Ergebnis wechselt #gemeinde_d ins Ja-Lager. Im Jahr 2020 hatte die Gemeinde die Zuwanderungsinitiative noch mit 60,3 Prozent der Stimmen abgelehnt."
4258,46,46,54,"Rheinfelden AG","54 Prozent der Stimmbürgerinnen und Stimmbürger von Rheinfelden sprechen sich gegen die Initiative ""Keine 10-Millionen-Schweiz"" aus. Die Ablehnung der Initiative fällt jedoch geringer aus als zur Zuwanderungsinitiative im Jahr 2020. Die Abstimmenden von #gemeinde_d hatten damals mit 65,5 Prozent Nein gestimmt."
4259,53,53,47,"Schupfart AG","Schupfart hat die Initiative ""Keine 10-Millionen-Schweiz"" angenommen; der Ja-Stimmen-Anteil liegt bei 53 Prozent. Mit diesem Ergebnis wechselt #gemeinde_d ins Ja-Lager. Im Jahr 2020 hatte die Gemeinde die Zuwanderungsinitiative noch mit 52,1 Prozent der Stimmen abgelehnt."
4260,47,47,53,"Stein AG","In Stein AG ist die Initiative ""Keine 10-Millionen-Schweiz"" mit 53 Prozent der Stimmen gescheitert. Die Ablehnung der Initiative fällt jedoch geringer aus als zur Zuwanderungsinitiative im Jahr 2020. Die Abstimmenden von #gemeinde_d hatten damals mit 56,2 Prozent Nein gestimmt."
4261,42.4,42.4,57.6,"Wallbach AG","In Wallbach wird die Initiative ""Keine 10-Millionen-Schweiz"" mit 57,6 Prozent abgelehnt. Das Ergebnis hat sich im Vergleich zur Abstimmung über die Zuwanderungsinitiative im Jahr 2020 kaum verändert. #gemeinde_d hatte damals mit 57,5 Prozent Nein gestimmt."
4262,71.4,71.4,28.6,"Wegenstetten AG","Mit 71,4 Prozent befürworten die Stimmberechtigten von Wegenstetten die Initiative ""Keine 10-Millionen-Schweiz"". Die Unterstützung für die Initiative ""Keine 10-Millionen-Schweiz!» hat in #gemeinde_d gegenüber der Zuwanderungsinitiative im Jahr 2020 zugenommen. Bei jener Abstimmung hatten 50,7 Prozent der Abstimmenden der Gemeinde die Vorlage angenommen."
4263,14.3,14.3,85.7,"Zeiningen AG","85,7 Prozent der Stimmbürgerinnen und Stimmbürger von Zeiningen sprechen sich gegen die Initiative ""Keine 10-Millionen-Schweiz"" aus. Die Ablehnung der Initiative ""Keine 10-Millionen-Schweiz!» ist stärker als jene zur Zuwanderungsinitiative im Jahr 2020. Der Nein-Anteil in #gemeinde_d lag damals bei 62,8 Prozent."
4264,15,15,85,"Zuzgen AG","In Zuzgen findet die Initiative ""Keine 10-Millionen-Schweiz"" mit 85 Prozent keine Mehrheit. Die Ablehnung der Initiative ""Keine 10-Millionen-Schweiz!» ist stärker als jene zur Zuwanderungsinitiative im Jahr 2020. Der Nein-Anteil in #gemeinde_d lag damals bei 56,6 Prozent."
4271,76.1,76.1,23.9,"Aarburg AG","Mit 76,1 Prozent Ja-Stimmen hat eine Mehrheit der Stimmberechtigten in Aarburg der Initiative ""Keine 10-Millionen-Schweiz"" zugestimmt. Mit diesem Ergebnis wechselt #gemeinde_d ins Ja-Lager. Im Jahr 2020 hatte die Gemeinde die Zuwanderungsinitiative noch mit 54,1 Prozent der Stimmen abgelehnt."
4273,39.9,39.9,60.1,"Bottenwil AG","Die Initiative ""Keine 10-Millionen-Schweiz"" erreicht in Bottenwil 60,1 Prozent Nein-Stimmen. Die Ablehnung der Initiative ""Keine 10-Millionen-Schweiz!» ist stärker als jene zur Zuwanderungsinitiative im Jahr 2020. Der Nein-Anteil in #gemeinde_d lag damals bei 53,4 Prozent."
4274,51.4,51.4,48.6,"Brittnau AG","Mit 51,4 Prozent Ja-Stimmen hat eine Mehrheit der Stimmberechtigten in Brittnau der Initiative ""Keine 10-Millionen-Schweiz"" zugestimmt. Die Unterstützung für die Initiative ""Keine 10-Millionen-Schweiz!» hat in #gemeinde_d gegenüber der Zuwanderungsinitiative im Jahr 2020 zugenommen. Bei jener Abstimmung hatten 50,1 Prozent der Abstimmenden der Gemeinde die Vorlage angenommen."
4275,27.1,27.1,72.9,"Kirchleerau AG","72,9 Prozent der Stimmbürgerinnen und Stimmbürger von Kirchleerau sprechen sich gegen die Initiative ""Keine 10-Millionen-Schweiz"" aus. In den vergangenen fünf Jahren hat die Gemeinde somit bei der Frage der Zuwanderung das Lager gewechselt. #gemeinde_d hatte die Zuwanderungsinitiative im Jahr 2020 mit 35,6 Prozent abgelehnt."
4276,68.6,68.6,31.4,"Kölliken AG","In Kölliken erhält die Initiative ""Keine 10-Millionen-Schweiz"" 68,6 Prozent Zustimmung. Die Unterstützung für die Initiative ""Keine 10-Millionen-Schweiz!» hat in #gemeinde_d gegenüber der Zuwanderungsinitiative im Jahr 2020 zugenommen. Bei jener Abstimmung hatten 50,3 Prozent der Abstimmenden der Gemeinde die Vorlage angenommen."
4277,64,64,36,"Moosleerau AG","Die Initiative ""Keine 10-Millionen-Schweiz"" erreicht in Moosleerau 64 Prozent Ja-Stimmen. Die Unterstützung für die Initiative ""Keine 10-Millionen-Schweiz!» hat in #gemeinde_d gegenüber der Zuwanderungsinitiative im Jahr 2020 zugenommen. Bei jener Abstimmung hatten 59,9 Prozent der Abstimmenden der Gemeinde die Vorlage angenommen."
4279,53.5,53.5,46.5,"Murgenthal AG","Murgenthal hat die Initiative ""Keine 10-Millionen-Schweiz"" angenommen; der Ja-Stimmen-Anteil liegt bei 53,5 Prozent. Die Unterstützung für die Initiative ""Keine 10-Millionen-Schweiz!» fällt geringer aus als jene für die Zuwanderungsinitiative im Jahr 2020. Die Abstimmenden von #gemeinde_d hatten damals mit 56,1 Prozent Ja gestimmt."
4280,89.3,89.3,10.7,"Oftringen AG","89,3 Prozent der Stimmbürgerinnen und Stimmbürger von Oftringen haben sich für die Initiative ""Keine 10-Millionen-Schweiz"" ausgesprochen. Mit diesem Ergebnis wechselt #gemeinde_d ins Ja-Lager. Im Jahr 2020 hatte die Gemeinde die Zuwanderungsinitiative noch mit 53,4 Prozent der Stimmen abgelehnt."
4281,74,74,26,"Reitnau AG","Mit 74 Prozent Ja-Stimmen hat eine Mehrheit der Stimmberechtigten in Reitnau der Initiative ""Keine 10-Millionen-Schweiz"" zugestimmt. Die Unterstützung für die Initiative ""Keine 10-Millionen-Schweiz!» hat in #gemeinde_d gegenüber der Zuwanderungsinitiative im Jahr 2020 zugenommen. Bei jener Abstimmung hatten 63,4 Prozent der Abstimmenden der Gemeinde die Vorlage angenommen."
4282,45.2,45.2,54.8,"Rothrist AG","In Rothrist ist die Initiative ""Keine 10-Millionen-Schweiz"" mit 54,8 Prozent der Stimmen gescheitert. In den vergangenen fünf Jahren hat die Gemeinde somit bei der Frage der Zuwanderung das Lager gewechselt. #gemeinde_d hatte die Zuwanderungsinitiative im Jahr 2020 mit 46 Prozent abgelehnt."
4283,42.2,42.2,57.8,"Safenwil AG","In Safenwil findet die Initiative ""Keine 10-Millionen-Schweiz"" mit 57,8 Prozent keine Mehrheit. In den vergangenen fünf Jahren hat die Gemeinde somit bei der Frage der Zuwanderung das Lager gewechselt. #gemeinde_d hatte die Zuwanderungsinitiative im Jahr 2020 mit 44,4 Prozent abgelehnt."
4284,12.3,12.3,87.7,"Staffelbach AG","87,7 Prozent der Stimmbürgerinnen und Stimmbürger von Staffelbach sprechen sich gegen die Initiative ""Keine 10-Millionen-Schweiz"" aus. In den vergangenen fünf Jahren hat die Gemeinde somit bei der Frage der Zuwanderung das Lager gewechselt. #gemeinde_d hatte die Zuwanderungsinitiative im Jahr 2020 mit 38,3 Prozent abgelehnt."
4285,47.2,47.2,52.8,"Strengelbach AG","In Strengelbach findet die Initiative ""Keine 10-Millionen-Schweiz"" mit 52,8 Prozent keine Mehrheit. Die Ablehnung der Initiative fällt jedoch geringer aus als zur Zuwanderungsinitiative im Jahr 2020. Die Abstimmenden von #gemeinde_d hatten damals mit 54,1 Prozent Nein gestimmt."
4286,38.7,38.7,61.3,"Uerkheim AG","In Uerkheim findet die Initiative ""Keine 10-Millionen-Schweiz"" mit 61,3 Prozent keine Mehrheit. In den vergangenen fünf Jahren hat die Gemeinde somit bei der Frage der Zuwanderung das Lager gewechselt. #gemeinde_d hatte die Zuwanderungsinitiative im Jahr 2020 mit 38,2 Prozent abgelehnt."
4287,50.1,50.1,49.9,"Vordemwald AG","In Vordemwald erhält die Initiative ""Keine 10-Millionen-Schweiz"" 50,1 Prozent Zustimmung. Die Unterstützung für die Initiative ""Keine 10-Millionen-Schweiz!» fällt geringer aus als jene für die Zuwanderungsinitiative im Jahr 2020. Die Abstimmenden von #gemeinde_d hatten damals mit 53,1 Prozent Ja gestimmt."
4288,67.1,67.1,32.9,"Wiliberg AG","Mit 67,1 Prozent Ja-Stimmen hat eine Mehrheit der Stimmberechtigten in Wiliberg der Initiative ""Keine 10-Millionen-Schweiz"" zugestimmt. Die Unterstützung für die Initiative ""Keine 10-Millionen-Schweiz!» hat in #gemeinde_d gegenüber der Zuwanderungsinitiative im Jahr 2020 zugenommen. Bei jener Abstimmung hatten 65,7 Prozent der Abstimmenden der Gemeinde die Vorlage angenommen."
4289,1,1,99,"Zofingen AG","Die Initiative ""Keine 10-Millionen-Schweiz"" erreicht in Zofingen 99 Prozent Nein-Stimmen. Die Ablehnung der Initiative ""Keine 10-Millionen-Schweiz!» ist stärker als jene zur Zuwanderungsinitiative im Jahr 2020. Der Nein-Anteil in #gemeinde_d lag damals bei 66,9 Prozent."
4303,41,41,59,"Böttstein AG","Die Initiative ""Keine 10-Millionen-Schweiz"" erreicht in Böttstein 59 Prozent Nein-Stimmen. In den vergangenen fünf Jahren hat die Gemeinde somit bei der Frage der Zuwanderung das Lager gewechselt. #gemeinde_d hatte die Zuwanderungsinitiative im Jahr 2020 mit 46,6 Prozent abgelehnt."
4304,48.4,48.4,51.6,"Döttingen AG","51,6 Prozent der Stimmbürgerinnen und Stimmbürger von Döttingen sprechen sich gegen die Initiative ""Keine 10-Millionen-Schweiz"" aus. Die Ablehnung der Initiative fällt jedoch geringer aus als zur Zuwanderungsinitiative im Jahr 2020. Die Abstimmenden von #gemeinde_d hatten damals mit 52,7 Prozent Nein gestimmt."
4305,30.1,30.1,69.9,"Endingen AG","In Endingen findet die Initiative ""Keine 10-Millionen-Schweiz"" mit 69,9 Prozent keine Mehrheit. Die Ablehnung der Initiative ""Keine 10-Millionen-Schweiz!» ist stärker als jene zur Zuwanderungsinitiative im Jahr 2020. Der Nein-Anteil in #gemeinde_d lag damals bei 57,5 Prozent."
4306,68.8,68.8,31.2,"Fisibach AG","Fisibach hat die Initiative ""Keine 10-Millionen-Schweiz"" angenommen; der Ja-Stimmen-Anteil liegt bei 68,8 Prozent. Die Unterstützung für die Initiative ""Keine 10-Millionen-Schweiz!» hat in #gemeinde_d gegenüber der Zuwanderungsinitiative im Jahr 2020 zugenommen. Bei jener Abstimmung hatten 61,9 Prozent der Abstimmenden der Gemeinde die Vorlage angenommen."
4307,83.1,83.1,16.9,"Full-Reuenthal AG","In Full-Reuenthal erhält die Initiative ""Keine 10-Millionen-Schweiz"" 83,1 Prozent Zustimmung. Die Unterstützung für die Initiative ""Keine 10-Millionen-Schweiz!» hat in #gemeinde_d gegenüber der Zuwanderungsinitiative im Jahr 2020 zugenommen. Bei jener Abstimmung hatten 54,3 Prozent der Abstimmenden der Gemeinde die Vorlage angenommen."
4309,36.5,36.5,63.5,"Klingnau AG","63,5 Prozent der Stimmbürgerinnen und Stimmbürger von Klingnau sprechen sich gegen die Initiative ""Keine 10-Millionen-Schweiz"" aus. Die Ablehnung der Initiative ""Keine 10-Millionen-Schweiz!» ist stärker als jene zur Zuwanderungsinitiative im Jahr 2020. Der Nein-Anteil in #gemeinde_d lag damals bei 55,2 Prozent."
4310,59.7,59.7,40.3,"Koblenz AG","Mit 59,7 Prozent befürworten die Stimmberechtigten von Koblenz die Initiative ""Keine 10-Millionen-Schweiz"". Die Unterstützung für die Initiative ""Keine 10-Millionen-Schweiz!» hat in #gemeinde_d gegenüber der Zuwanderungsinitiative im Jahr 2020 zugenommen. Bei jener Abstimmung hatten 51,8 Prozent der Abstimmenden der Gemeinde die Vorlage angenommen."
4311,57.2,57.2,42.8,"Leibstadt AG","Die Initiative ""Keine 10-Millionen-Schweiz"" erreicht in Leibstadt 57,2 Prozent Ja-Stimmen. Die Unterstützung für die Initiative ""Keine 10-Millionen-Schweiz!» fällt geringer aus als jene für die Zuwanderungsinitiative im Jahr 2020. Die Abstimmenden von #gemeinde_d hatten damals mit 62,9 Prozent Ja gestimmt."
4312,27.4,27.4,72.6,"Lengnau AG","Die Initiative ""Keine 10-Millionen-Schweiz"" erreicht in Lengnau AG 72,6 Prozent Nein-Stimmen. Die Ablehnung der Initiative ""Keine 10-Millionen-Schweiz!» ist stärker als jene zur Zuwanderungsinitiative im Jahr 2020. Der Nein-Anteil in #gemeinde_d lag damals bei 51,9 Prozent."
4313,33.3,33.3,66.7,"Leuggern AG","In Leuggern wird die Initiative ""Keine 10-Millionen-Schweiz"" mit 66,7 Prozent abgelehnt. In den vergangenen fünf Jahren hat die Gemeinde somit bei der Frage der Zuwanderung das Lager gewechselt. #gemeinde_d hatte die Zuwanderungsinitiative im Jahr 2020 mit 44 Prozent abgelehnt."
4314,65.3,65.3,34.7,"Mellikon AG","In Mellikon erhält die Initiative ""Keine 10-Millionen-Schweiz"" 65,3 Prozent Zustimmung. Mit diesem Ergebnis wechselt #gemeinde_d ins Ja-Lager. Im Jahr 2020 hatte die Gemeinde die Zuwanderungsinitiative noch mit 58,9 Prozent der Stimmen abgelehnt."
4318,44.3,44.3,55.7,"Schneisingen AG","Die Initiative ""Keine 10-Millionen-Schweiz"" erreicht in Schneisingen 55,7 Prozent Nein-Stimmen. Die Ablehnung der Initiative ""Keine 10-Millionen-Schweiz!» ist stärker als jene zur Zuwanderungsinitiative im Jahr 2020. Der Nein-Anteil in #gemeinde_d lag damals bei 52,2 Prozent."
4319,33.4,33.4,66.6,"Siglistorf AG","In Siglistorf findet die Initiative ""Keine 10-Millionen-Schweiz"" mit 66,6 Prozent keine Mehrheit. In den vergangenen fünf Jahren hat die Gemeinde somit bei der Frage der Zuwanderung das Lager gewechselt. #gemeinde_d hatte die Zuwanderungsinitiative im Jahr 2020 mit 43,6 Prozent abgelehnt."
4320,59.8,59.8,40.2,"Tegerfelden AG","Die Initiative ""Keine 10-Millionen-Schweiz"" erreicht in Tegerfelden 59,8 Prozent Ja-Stimmen. Mit diesem Ergebnis wechselt #gemeinde_d ins Ja-Lager. Im Jahr 2020 hatte die Gemeinde die Zuwanderungsinitiative noch mit 52 Prozent der Stimmen abgelehnt."
4324,47.2,47.2,52.8,"Zurzach AG","52,8 Prozent der Stimmbürgerinnen und Stimmbürger von Zurzach sprechen sich gegen die Initiative ""Keine 10-Millionen-Schweiz"" aus. Die Ablehnung der Initiative fällt jedoch geringer aus als zur Zuwanderungsinitiative im Jahr 2020. Die Abstimmenden von #gemeinde_d hatten damals mit 54,3 Prozent Nein gestimmt."
4401,6.6,6.6,93.4,"Arbon TG","93,4 Prozent der Stimmbürgerinnen und Stimmbürger von Arbon sprechen sich gegen die Initiative ""Keine 10-Millionen-Schweiz"" aus. Die Ablehnung der Initiative ""Keine 10-Millionen-Schweiz!» ist stärker als jene zur Zuwanderungsinitiative im Jahr 2020. Der Nein-Anteil in #gemeinde_d lag damals bei 60,4 Prozent."
4406,0.2,0.2,99.8,"Dozwil TG","99,8 Prozent der Stimmbürgerinnen und Stimmbürger von Dozwil sprechen sich gegen die Initiative ""Keine 10-Millionen-Schweiz"" aus. In den vergangenen fünf Jahren hat die Gemeinde somit bei der Frage der Zuwanderung das Lager gewechselt. #gemeinde_d hatte die Zuwanderungsinitiative im Jahr 2020 mit 36,3 Prozent abgelehnt."
4411,39.6,39.6,60.4,"Egnach TG","In Egnach ist die Initiative ""Keine 10-Millionen-Schweiz"" mit 60,4 Prozent der Stimmen gescheitert. Die Ablehnung der Initiative ""Keine 10-Millionen-Schweiz!» ist stärker als jene zur Zuwanderungsinitiative im Jahr 2020. Der Nein-Anteil in #gemeinde_d lag damals bei 53,3 Prozent."
4416,48.5,48.5,51.5,"Hefenhofen TG","Die Initiative ""Keine 10-Millionen-Schweiz"" erreicht in Hefenhofen 51,5 Prozent Nein-Stimmen. Die Ablehnung der Initiative ""Keine 10-Millionen-Schweiz!» ist stärker als jene zur Zuwanderungsinitiative im Jahr 2020. Der Nein-Anteil in #gemeinde_d lag damals bei 50,4 Prozent."
4421,4.2,4.2,95.8,"Horn TG","In Horn ist die Initiative ""Keine 10-Millionen-Schweiz"" mit 95,8 Prozent der Stimmen gescheitert. Die Ablehnung der Initiative ""Keine 10-Millionen-Schweiz!» ist stärker als jene zur Zuwanderungsinitiative im Jahr 2020. Der Nein-Anteil in #gemeinde_d lag damals bei 60,9 Prozent."
4426,22.4,22.4,77.6,"Kesswil TG","In Kesswil findet die Initiative ""Keine 10-Millionen-Schweiz"" mit 77,6 Prozent keine Mehrheit. Die Ablehnung der Initiative ""Keine 10-Millionen-Schweiz!» ist stärker als jene zur Zuwanderungsinitiative im Jahr 2020. Der Nein-Anteil in #gemeinde_d lag damals bei 61,6 Prozent."
4431,79,79,21,"Roggwil TG","Mit 79 Prozent Ja-Stimmen hat eine Mehrheit der Stimmberechtigten in Roggwil TG der Initiative ""Keine 10-Millionen-Schweiz"" zugestimmt. Mit diesem Ergebnis wechselt #gemeinde_d ins Ja-Lager. Im Jahr 2020 hatte die Gemeinde die Zuwanderungsinitiative noch mit 55,4 Prozent der Stimmen abgelehnt."
4436,56.7,56.7,43.3,"Romanshorn TG","Mit 56,7 Prozent Ja-Stimmen hat eine Mehrheit der Stimmberechtigten in Romanshorn der Initiative ""Keine 10-Millionen-Schweiz"" zugestimmt. Mit diesem Ergebnis wechselt #gemeinde_d ins Ja-Lager. Im Jahr 2020 hatte die Gemeinde die Zuwanderungsinitiative noch mit 58,4 Prozent der Stimmen abgelehnt."
4441,22.7,22.7,77.3,"Salmsach TG","Die Initiative ""Keine 10-Millionen-Schweiz"" erreicht in Salmsach 77,3 Prozent Nein-Stimmen. In den vergangenen fünf Jahren hat die Gemeinde somit bei der Frage der Zuwanderung das Lager gewechselt. #gemeinde_d hatte die Zuwanderungsinitiative im Jahr 2020 mit 49,8 Prozent abgelehnt."
4446,61.6,61.6,38.4,"Sommeri TG","Sommeri hat die Initiative ""Keine 10-Millionen-Schweiz"" angenommen; der Ja-Stimmen-Anteil liegt bei 61,6 Prozent. Die Unterstützung für die Initiative ""Keine 10-Millionen-Schweiz!» hat in #gemeinde_d gegenüber der Zuwanderungsinitiative im Jahr 2020 zugenommen. Bei jener Abstimmung hatten 57,5 Prozent der Abstimmenden der Gemeinde die Vorlage angenommen."
4451,48.2,48.2,51.8,"Uttwil TG","51,8 Prozent der Stimmbürgerinnen und Stimmbürger von Uttwil sprechen sich gegen die Initiative ""Keine 10-Millionen-Schweiz"" aus. Das Ergebnis hat sich im Vergleich zur Abstimmung über die Zuwanderungsinitiative im Jahr 2020 kaum verändert. #gemeinde_d hatte damals mit 51,3 Prozent Nein gestimmt."
4461,55.6,55.6,44.4,"Amriswil TG","Die Initiative ""Keine 10-Millionen-Schweiz"" erreicht in Amriswil 55,6 Prozent Ja-Stimmen. Mit diesem Ergebnis wechselt #gemeinde_d ins Ja-Lager. Im Jahr 2020 hatte die Gemeinde die Zuwanderungsinitiative noch mit 52,7 Prozent der Stimmen abgelehnt."
4471,70.5,70.5,29.5,"Bischofszell TG","Die Initiative ""Keine 10-Millionen-Schweiz"" erreicht in Bischofszell 70,5 Prozent Ja-Stimmen. Mit diesem Ergebnis wechselt #gemeinde_d ins Ja-Lager. Im Jahr 2020 hatte die Gemeinde die Zuwanderungsinitiative noch mit 56 Prozent der Stimmen abgelehnt."
4476,46.1,46.1,53.9,"Erlen TG","In Erlen findet die Initiative ""Keine 10-Millionen-Schweiz"" mit 53,9 Prozent keine Mehrheit. In den vergangenen fünf Jahren hat die Gemeinde somit bei der Frage der Zuwanderung das Lager gewechselt. #gemeinde_d hatte die Zuwanderungsinitiative im Jahr 2020 mit 45,5 Prozent abgelehnt."
4486,87.4,87.4,12.6,"Hauptwil-Gottshaus TG","87,4 Prozent der Stimmbürgerinnen und Stimmbürger von Hauptwil-Gottshaus haben sich für die Initiative ""Keine 10-Millionen-Schweiz"" ausgesprochen. Die Unterstützung für die Initiative ""Keine 10-Millionen-Schweiz!» hat in #gemeinde_d gegenüber der Zuwanderungsinitiative im Jahr 2020 zugenommen. Bei jener Abstimmung hatten 56,4 Prozent der Abstimmenden der Gemeinde die Vorlage angenommen."
4495,10.7,10.7,89.3,"Hohentannen TG","In Hohentannen ist die Initiative ""Keine 10-Millionen-Schweiz"" mit 89,3 Prozent der Stimmen gescheitert. In den vergangenen fünf Jahren hat die Gemeinde somit bei der Frage der Zuwanderung das Lager gewechselt. #gemeinde_d hatte die Zuwanderungsinitiative im Jahr 2020 mit 43 Prozent abgelehnt."
4501,96.5,96.5,3.5,"Kradolf-Schönenberg TG","Mit 96,5 Prozent Ja-Stimmen hat eine Mehrheit der Stimmberechtigten in Kradolf-Schönenberg der Initiative ""Keine 10-Millionen-Schweiz"" zugestimmt. Die Unterstützung für die Initiative ""Keine 10-Millionen-Schweiz!» hat in #gemeinde_d gegenüber der Zuwanderungsinitiative im Jahr 2020 zugenommen. Bei jener Abstimmung hatten 54,7 Prozent der Abstimmenden der Gemeinde die Vorlage angenommen."
4506,12.8,12.8,87.2,"Sulgen TG","Die Initiative ""Keine 10-Millionen-Schweiz"" erreicht in Sulgen 87,2 Prozent Nein-Stimmen. In den vergangenen fünf Jahren hat die Gemeinde somit bei der Frage der Zuwanderung das Lager gewechselt. #gemeinde_d hatte die Zuwanderungsinitiative im Jahr 2020 mit 47,3 Prozent abgelehnt."
4511,60.2,60.2,39.8,"Zihlschlacht-Sitterdorf TG","60,2 Prozent der Stimmbürgerinnen und Stimmbürger von Zihlschlacht-Sitterdorf haben sich für die Initiative ""Keine 10-Millionen-Schweiz"" ausgesprochen. Die Unterstützung für die Initiative ""Keine 10-Millionen-Schweiz!» hat in #gemeinde_d gegenüber der Zuwanderungsinitiative im Jahr 2020 zugenommen. Bei jener Abstimmung hatten 51 Prozent der Abstimmenden der Gemeinde die Vorlage angenommen."
4536,46.7,46.7,53.3,"Basadingen-Schlattingen TG","In Basadingen-Schlattingen findet die Initiative ""Keine 10-Millionen-Schweiz"" mit 53,3 Prozent keine Mehrheit. In den vergangenen fünf Jahren hat die Gemeinde somit bei der Frage der Zuwanderung das Lager gewechselt. #gemeinde_d hatte die Zuwanderungsinitiative im Jahr 2020 mit 46,7 Prozent abgelehnt."
4545,62.6,62.6,37.4,"Diessenhofen TG","62,6 Prozent der Stimmbürgerinnen und Stimmbürger von Diessenhofen haben sich für die Initiative ""Keine 10-Millionen-Schweiz"" ausgesprochen. Mit diesem Ergebnis wechselt #gemeinde_d ins Ja-Lager. Im Jahr 2020 hatte die Gemeinde die Zuwanderungsinitiative noch mit 55,8 Prozent der Stimmen abgelehnt."
4546,3.7,3.7,96.3,"Schlatt TG","Die Initiative ""Keine 10-Millionen-Schweiz"" erreicht in Schlatt TG 96,3 Prozent Nein-Stimmen. Die Ablehnung der Initiative ""Keine 10-Millionen-Schweiz!» ist stärker als jene zur Zuwanderungsinitiative im Jahr 2020. Der Nein-Anteil in #gemeinde_d lag damals bei 50,1 Prozent."
4551,49.3,49.3,50.7,"Aadorf TG","Die Initiative ""Keine 10-Millionen-Schweiz"" erreicht in Aadorf 50,7 Prozent Nein-Stimmen. Die Ablehnung der Initiative fällt jedoch geringer aus als zur Zuwanderungsinitiative im Jahr 2020. Die Abstimmenden von #gemeinde_d hatten damals mit 55,4 Prozent Nein gestimmt."
4561,3.8,3.8,96.2,"Felben-Wellhausen TG","Die Initiative ""Keine 10-Millionen-Schweiz"" erreicht in Felben-Wellhausen 96,2 Prozent Nein-Stimmen. Die Ablehnung der Initiative ""Keine 10-Millionen-Schweiz!» ist stärker als jene zur Zuwanderungsinitiative im Jahr 2020. Der Nein-Anteil in #gemeinde_d lag damals bei 52,8 Prozent."
4566,91.5,91.5,8.5,"Frauenfeld TG","Mit 91,5 Prozent Ja-Stimmen hat eine Mehrheit der Stimmberechtigten in Frauenfeld der Initiative ""Keine 10-Millionen-Schweiz"" zugestimmt. Mit diesem Ergebnis wechselt #gemeinde_d ins Ja-Lager. Im Jahr 2020 hatte die Gemeinde die Zuwanderungsinitiative noch mit 66,6 Prozent der Stimmen abgelehnt."
4571,11,11,89,"Gachnang TG","In Gachnang ist die Initiative ""Keine 10-Millionen-Schweiz"" mit 89 Prozent der Stimmen gescheitert. Die Ablehnung der Initiative ""Keine 10-Millionen-Schweiz!» ist stärker als jene zur Zuwanderungsinitiative im Jahr 2020. Der Nein-Anteil in #gemeinde_d lag damals bei 57,4 Prozent."
4590,38.2,38.2,61.8,"Hüttlingen TG","In Hüttlingen wird die Initiative ""Keine 10-Millionen-Schweiz"" mit 61,8 Prozent abgelehnt. In den vergangenen fünf Jahren hat die Gemeinde somit bei der Frage der Zuwanderung das Lager gewechselt. #gemeinde_d hatte die Zuwanderungsinitiative im Jahr 2020 mit 48,9 Prozent abgelehnt."
4591,91.9,91.9,8.1,"Matzingen TG","Mit 91,9 Prozent befürworten die Stimmberechtigten von Matzingen die Initiative ""Keine 10-Millionen-Schweiz"". Mit diesem Ergebnis wechselt #gemeinde_d ins Ja-Lager. Im Jahr 2020 hatte die Gemeinde die Zuwanderungsinitiative noch mit 51,6 Prozent der Stimmen abgelehnt."
4601,43.8,43.8,56.2,"Neunforn TG","Die Initiative ""Keine 10-Millionen-Schweiz"" erreicht in Neunforn 56,2 Prozent Nein-Stimmen. Die Ablehnung der Initiative ""Keine 10-Millionen-Schweiz!» ist stärker als jene zur Zuwanderungsinitiative im Jahr 2020. Der Nein-Anteil in #gemeinde_d lag damals bei 54,1 Prozent."
4606,16,16,84,"Stettfurt TG","Die Initiative ""Keine 10-Millionen-Schweiz"" erreicht in Stettfurt 84 Prozent Nein-Stimmen. Die Ablehnung der Initiative ""Keine 10-Millionen-Schweiz!» ist stärker als jene zur Zuwanderungsinitiative im Jahr 2020. Der Nein-Anteil in #gemeinde_d lag damals bei 61,3 Prozent."
4611,48.1,48.1,51.9,"Thundorf TG","Die Initiative ""Keine 10-Millionen-Schweiz"" erreicht in Thundorf 51,9 Prozent Nein-Stimmen. Die Ablehnung der Initiative fällt jedoch geringer aus als zur Zuwanderungsinitiative im Jahr 2020. Die Abstimmenden von #gemeinde_d hatten damals mit 57 Prozent Nein gestimmt."
4616,52.8,52.8,47.2,"Uesslingen-Buch TG","52,8 Prozent der Stimmbürgerinnen und Stimmbürger von Uesslingen-Buch haben sich für die Initiative ""Keine 10-Millionen-Schweiz"" ausgesprochen."
4621,14.1,14.1,85.9,"Warth-Weiningen TG","Die Initiative ""Keine 10-Millionen-Schweiz"" erreicht in Warth-Weiningen 85,9 Prozent Nein-Stimmen. Die Ablehnung der Initiative ""Keine 10-Millionen-Schweiz!» ist stärker als jene zur Zuwanderungsinitiative im Jahr 2020. Der Nein-Anteil in #gemeinde_d lag damals bei 51,1 Prozent."
4641,84.2,84.2,15.8,"Altnau TG","84,2 Prozent der Stimmbürgerinnen und Stimmbürger von Altnau haben sich für die Initiative ""Keine 10-Millionen-Schweiz"" ausgesprochen. Mit diesem Ergebnis wechselt #gemeinde_d ins Ja-Lager. Im Jahr 2020 hatte die Gemeinde die Zuwanderungsinitiative noch mit 60,4 Prozent der Stimmen abgelehnt."
4643,14.9,14.9,85.1,"Bottighofen TG","Die Initiative ""Keine 10-Millionen-Schweiz"" erreicht in Bottighofen 85,1 Prozent Nein-Stimmen. Die Ablehnung der Initiative ""Keine 10-Millionen-Schweiz!» ist stärker als jene zur Zuwanderungsinitiative im Jahr 2020. Der Nein-Anteil in #gemeinde_d lag damals bei 65,8 Prozent."
4646,97.2,97.2,2.8,"Ermatingen TG","Mit 97,2 Prozent Ja-Stimmen hat eine Mehrheit der Stimmberechtigten in Ermatingen der Initiative ""Keine 10-Millionen-Schweiz"" zugestimmt. Mit diesem Ergebnis wechselt #gemeinde_d ins Ja-Lager. Im Jahr 2020 hatte die Gemeinde die Zuwanderungsinitiative noch mit 58,8 Prozent der Stimmen abgelehnt."
4651,34,34,66,"Gottlieben TG","Die Initiative ""Keine 10-Millionen-Schweiz"" erreicht in Gottlieben 66 Prozent Nein-Stimmen. Die Ablehnung der Initiative fällt jedoch geringer aus als zur Zuwanderungsinitiative im Jahr 2020. Die Abstimmenden von #gemeinde_d hatten damals mit 71,1 Prozent Nein gestimmt."
4656,39.6,39.6,60.4,"Güttingen TG","In Güttingen ist die Initiative ""Keine 10-Millionen-Schweiz"" mit 60,4 Prozent der Stimmen gescheitert. Die Ablehnung der Initiative ""Keine 10-Millionen-Schweiz!» ist stärker als jene zur Zuwanderungsinitiative im Jahr 2020. Der Nein-Anteil in #gemeinde_d lag damals bei 55,8 Prozent."
4666,48.3,48.3,51.7,"Kemmental TG","In Kemmental wird die Initiative ""Keine 10-Millionen-Schweiz"" mit 51,7 Prozent abgelehnt. In den vergangenen fünf Jahren hat die Gemeinde somit bei der Frage der Zuwanderung das Lager gewechselt. #gemeinde_d hatte die Zuwanderungsinitiative im Jahr 2020 mit 49 Prozent abgelehnt."
4671,51.4,51.4,48.6,"Kreuzlingen TG","Mit 51,4 Prozent befürworten die Stimmberechtigten von Kreuzlingen die Initiative ""Keine 10-Millionen-Schweiz"". Mit diesem Ergebnis wechselt #gemeinde_d ins Ja-Lager. Im Jahr 2020 hatte die Gemeinde die Zuwanderungsinitiative noch mit 66,4 Prozent der Stimmen abgelehnt."
4681,57.3,57.3,42.7,"Langrickenbach TG","Langrickenbach hat die Initiative ""Keine 10-Millionen-Schweiz"" angenommen; der Ja-Stimmen-Anteil liegt bei 57,3 Prozent. Die Unterstützung für die Initiative ""Keine 10-Millionen-Schweiz!» hat in #gemeinde_d gegenüber der Zuwanderungsinitiative im Jahr 2020 zugenommen. Bei jener Abstimmung hatten 54,2 Prozent der Abstimmenden der Gemeinde die Vorlage angenommen."
4683,75.7,75.7,24.3,"Lengwil TG","Mit 75,7 Prozent Ja-Stimmen hat eine Mehrheit der Stimmberechtigten in Lengwil der Initiative ""Keine 10-Millionen-Schweiz"" zugestimmt. Mit diesem Ergebnis wechselt #gemeinde_d ins Ja-Lager. Im Jahr 2020 hatte die Gemeinde die Zuwanderungsinitiative noch mit 54,9 Prozent der Stimmen abgelehnt."
4691,48.9,48.9,51.1,"Münsterlingen TG","51,1 Prozent der Stimmbürgerinnen und Stimmbürger von Münsterlingen sprechen sich gegen die Initiative ""Keine 10-Millionen-Schweiz"" aus. Die Ablehnung der Initiative fällt jedoch geringer aus als zur Zuwanderungsinitiative im Jahr 2020. Die Abstimmenden von #gemeinde_d hatten damals mit 59,3 Prozent Nein gestimmt."
4696,51.1,51.1,48.9,"Tägerwilen TG","Mit 51,1 Prozent befürworten die Stimmberechtigten von Tägerwilen die Initiative ""Keine 10-Millionen-Schweiz"". Mit diesem Ergebnis wechselt #gemeinde_d ins Ja-Lager. Im Jahr 2020 hatte die Gemeinde die Zuwanderungsinitiative noch mit 63,4 Prozent der Stimmen abgelehnt."
4701,8.6,8.6,91.4,"Wäldi TG","In Wäldi wird die Initiative ""Keine 10-Millionen-Schweiz"" mit 91,4 Prozent abgelehnt. In den vergangenen fünf Jahren hat die Gemeinde somit bei der Frage der Zuwanderung das Lager gewechselt. #gemeinde_d hatte die Zuwanderungsinitiative im Jahr 2020 mit 43,6 Prozent abgelehnt."
4711,49.3,49.3,50.7,"Affeltrangen TG","In Affeltrangen wird die Initiative ""Keine 10-Millionen-Schweiz"" mit 50,7 Prozent abgelehnt. In den vergangenen fünf Jahren hat die Gemeinde somit bei der Frage der Zuwanderung das Lager gewechselt. #gemeinde_d hatte die Zuwanderungsinitiative im Jahr 2020 mit 40,3 Prozent abgelehnt."
4716,81.6,81.6,18.4,"Bettwiesen TG","Mit 81,6 Prozent befürworten die Stimmberechtigten von Bettwiesen die Initiative ""Keine 10-Millionen-Schweiz"". Die Unterstützung für die Initiative ""Keine 10-Millionen-Schweiz!» hat in #gemeinde_d gegenüber der Zuwanderungsinitiative im Jahr 2020 zugenommen. Bei jener Abstimmung hatten 58,9 Prozent der Abstimmenden der Gemeinde die Vorlage angenommen."
4721,78.1,78.1,21.9,"Bichelsee-Balterswil TG","78,1 Prozent der Stimmbürgerinnen und Stimmbürger von Bichelsee-Balterswil haben sich für die Initiative ""Keine 10-Millionen-Schweiz"" ausgesprochen. Mit diesem Ergebnis wechselt #gemeinde_d ins Ja-Lager. Im Jahr 2020 hatte die Gemeinde die Zuwanderungsinitiative noch mit 50,3 Prozent der Stimmen abgelehnt."
4723,5.4,5.4,94.6,"Braunau TG","In Braunau wird die Initiative ""Keine 10-Millionen-Schweiz"" mit 94,6 Prozent abgelehnt. In den vergangenen fünf Jahren hat die Gemeinde somit bei der Frage der Zuwanderung das Lager gewechselt. #gemeinde_d hatte die Zuwanderungsinitiative im Jahr 2020 mit 42,8 Prozent abgelehnt."
4724,87.5,87.5,12.5,"Eschlikon TG","Die Initiative ""Keine 10-Millionen-Schweiz"" erreicht in Eschlikon 87,5 Prozent Ja-Stimmen. Mit diesem Ergebnis wechselt #gemeinde_d ins Ja-Lager. Im Jahr 2020 hatte die Gemeinde die Zuwanderungsinitiative noch mit 56,4 Prozent der Stimmen abgelehnt."
4726,3.3,3.3,96.7,"Fischingen TG","Die Initiative ""Keine 10-Millionen-Schweiz"" erreicht in Fischingen 96,7 Prozent Nein-Stimmen. In den vergangenen fünf Jahren hat die Gemeinde somit bei der Frage der Zuwanderung das Lager gewechselt. #gemeinde_d hatte die Zuwanderungsinitiative im Jahr 2020 mit 44,6 Prozent abgelehnt."
4741,84.5,84.5,15.5,"Lommis TG","In Lommis erhält die Initiative ""Keine 10-Millionen-Schweiz"" 84,5 Prozent Zustimmung. Die Unterstützung für die Initiative ""Keine 10-Millionen-Schweiz!» hat in #gemeinde_d gegenüber der Zuwanderungsinitiative im Jahr 2020 zugenommen. Bei jener Abstimmung hatten 54,6 Prozent der Abstimmenden der Gemeinde die Vorlage angenommen."
4746,76.5,76.5,23.5,"Münchwilen TG","76,5 Prozent der Stimmbürgerinnen und Stimmbürger von Münchwilen TG haben sich für die Initiative ""Keine 10-Millionen-Schweiz"" ausgesprochen. Mit diesem Ergebnis wechselt #gemeinde_d ins Ja-Lager. Im Jahr 2020 hatte die Gemeinde die Zuwanderungsinitiative noch mit 51,8 Prozent der Stimmen abgelehnt."
4751,52.5,52.5,47.5,"Rickenbach TG","In Rickenbach TG erhält die Initiative ""Keine 10-Millionen-Schweiz"" 52,5 Prozent Zustimmung. Mit diesem Ergebnis wechselt #gemeinde_d ins Ja-Lager. Im Jahr 2020 hatte die Gemeinde die Zuwanderungsinitiative noch mit 51,9 Prozent der Stimmen abgelehnt."
4756,58.7,58.7,41.3,"Schönholzerswilen TG","Mit 58,7 Prozent befürworten die Stimmberechtigten von Schönholzerswilen die Initiative ""Keine 10-Millionen-Schweiz"". Die Unterstützung für die Initiative ""Keine 10-Millionen-Schweiz!» fällt geringer aus als jene für die Zuwanderungsinitiative im Jahr 2020. Die Abstimmenden von #gemeinde_d hatten damals mit 64,7 Prozent Ja gestimmt."
4761,75.6,75.6,24.4,"Sirnach TG","Mit 75,6 Prozent Ja-Stimmen hat eine Mehrheit der Stimmberechtigten in Sirnach der Initiative ""Keine 10-Millionen-Schweiz"" zugestimmt. Mit diesem Ergebnis wechselt #gemeinde_d ins Ja-Lager. Im Jahr 2020 hatte die Gemeinde die Zuwanderungsinitiative noch mit 51,6 Prozent der Stimmen abgelehnt."
4776,25,25,75,"Tobel-Tägerschen TG","In Tobel-Tägerschen wird die Initiative ""Keine 10-Millionen-Schweiz"" mit 75 Prozent abgelehnt. In den vergangenen fünf Jahren hat die Gemeinde somit bei der Frage der Zuwanderung das Lager gewechselt. #gemeinde_d hatte die Zuwanderungsinitiative im Jahr 2020 mit 42,1 Prozent abgelehnt."
4781,69.5,69.5,30.5,"Wängi TG","69,5 Prozent der Stimmbürgerinnen und Stimmbürger von Wängi haben sich für die Initiative ""Keine 10-Millionen-Schweiz"" ausgesprochen. Mit diesem Ergebnis wechselt #gemeinde_d ins Ja-Lager. Im Jahr 2020 hatte die Gemeinde die Zuwanderungsinitiative noch mit 54,9 Prozent der Stimmen abgelehnt."
4786,41.8,41.8,58.2,"Wilen TG","In Wilen TG findet die Initiative ""Keine 10-Millionen-Schweiz"" mit 58,2 Prozent keine Mehrheit. Die Ablehnung der Initiative fällt jedoch geringer aus als zur Zuwanderungsinitiative im Jahr 2020. Die Abstimmenden von #gemeinde_d hatten damals mit 62,8 Prozent Nein gestimmt."
4791,36.1,36.1,63.9,"Wuppenau TG","Die Initiative ""Keine 10-Millionen-Schweiz"" erreicht in Wuppenau 63,9 Prozent Nein-Stimmen. In den vergangenen fünf Jahren hat die Gemeinde somit bei der Frage der Zuwanderung das Lager gewechselt. #gemeinde_d hatte die Zuwanderungsinitiative im Jahr 2020 mit 46,2 Prozent abgelehnt."
4801,48.5,48.5,51.5,"Berlingen TG","51,5 Prozent der Stimmbürgerinnen und Stimmbürger von Berlingen sprechen sich gegen die Initiative ""Keine 10-Millionen-Schweiz"" aus. Die Ablehnung der Initiative fällt jedoch geringer aus als zur Zuwanderungsinitiative im Jahr 2020. Die Abstimmenden von #gemeinde_d hatten damals mit 54,4 Prozent Nein gestimmt."
4806,25.4,25.4,74.6,"Eschenz TG","Die Initiative ""Keine 10-Millionen-Schweiz"" erreicht in Eschenz 74,6 Prozent Nein-Stimmen. Die Ablehnung der Initiative ""Keine 10-Millionen-Schweiz!» ist stärker als jene zur Zuwanderungsinitiative im Jahr 2020. Der Nein-Anteil in #gemeinde_d lag damals bei 52,8 Prozent."
4811,49.9,49.9,50.1,"Herdern TG","Die Initiative ""Keine 10-Millionen-Schweiz"" erreicht in Herdern 50,1 Prozent Nein-Stimmen. Die Ablehnung der Initiative fällt jedoch geringer aus als zur Zuwanderungsinitiative im Jahr 2020. Die Abstimmenden von #gemeinde_d hatten damals mit 52 Prozent Nein gestimmt."
4816,84.3,84.3,15.7,"Homburg TG","In Homburg erhält die Initiative ""Keine 10-Millionen-Schweiz"" 84,3 Prozent Zustimmung. Die Unterstützung für die Initiative ""Keine 10-Millionen-Schweiz!» hat in #gemeinde_d gegenüber der Zuwanderungsinitiative im Jahr 2020 zugenommen. Bei jener Abstimmung hatten 58,5 Prozent der Abstimmenden der Gemeinde die Vorlage angenommen."
4821,55.1,55.1,44.9,"Hüttwilen TG","Die Initiative ""Keine 10-Millionen-Schweiz"" erreicht in Hüttwilen 55,1 Prozent Ja-Stimmen. Mit diesem Ergebnis wechselt #gemeinde_d ins Ja-Lager. Im Jahr 2020 hatte die Gemeinde die Zuwanderungsinitiative noch mit 57,4 Prozent der Stimmen abgelehnt."
4826,46.6,46.6,53.4,"Mammern TG","Die Initiative ""Keine 10-Millionen-Schweiz"" erreicht in Mammern 53,4 Prozent Nein-Stimmen. Die Ablehnung der Initiative fällt jedoch geringer aus als zur Zuwanderungsinitiative im Jahr 2020. Die Abstimmenden von #gemeinde_d hatten damals mit 59,5 Prozent Nein gestimmt."
4831,64.5,64.5,35.5,"Müllheim TG","In Müllheim erhält die Initiative ""Keine 10-Millionen-Schweiz"" 64,5 Prozent Zustimmung. Die Unterstützung für die Initiative ""Keine 10-Millionen-Schweiz!» hat in #gemeinde_d gegenüber der Zuwanderungsinitiative im Jahr 2020 zugenommen. Bei jener Abstimmung hatten 53,1 Prozent der Abstimmenden der Gemeinde die Vorlage angenommen."
4841,44.4,44.4,55.6,"Pfyn TG","In Pfyn ist die Initiative ""Keine 10-Millionen-Schweiz"" mit 55,6 Prozent der Stimmen gescheitert. In den vergangenen fünf Jahren hat die Gemeinde somit bei der Frage der Zuwanderung das Lager gewechselt. #gemeinde_d hatte die Zuwanderungsinitiative im Jahr 2020 mit 48,3 Prozent abgelehnt."
4846,25.8,25.8,74.2,"Raperswilen TG","74,2 Prozent der Stimmbürgerinnen und Stimmbürger von Raperswilen sprechen sich gegen die Initiative ""Keine 10-Millionen-Schweiz"" aus. In den vergangenen fünf Jahren hat die Gemeinde somit bei der Frage der Zuwanderung das Lager gewechselt. #gemeinde_d hatte die Zuwanderungsinitiative im Jahr 2020 mit 33,2 Prozent abgelehnt."
4851,63.2,63.2,36.8,"Salenstein TG","Mit 63,2 Prozent Ja-Stimmen hat eine Mehrheit der Stimmberechtigten in Salenstein der Initiative ""Keine 10-Millionen-Schweiz"" zugestimmt. Mit diesem Ergebnis wechselt #gemeinde_d ins Ja-Lager. Im Jahr 2020 hatte die Gemeinde die Zuwanderungsinitiative noch mit 58,9 Prozent der Stimmen abgelehnt."
4864,71.4,71.4,28.6,"Steckborn TG","Mit 71,4 Prozent Ja-Stimmen hat eine Mehrheit der Stimmberechtigten in Steckborn der Initiative ""Keine 10-Millionen-Schweiz"" zugestimmt. Mit diesem Ergebnis wechselt #gemeinde_d ins Ja-Lager. Im Jahr 2020 hatte die Gemeinde die Zuwanderungsinitiative noch mit 62,8 Prozent der Stimmen abgelehnt."
4871,92.2,92.2,7.8,"Wagenhausen TG","Die Initiative ""Keine 10-Millionen-Schweiz"" erreicht in Wagenhausen 92,2 Prozent Ja-Stimmen. Die Unterstützung für die Initiative ""Keine 10-Millionen-Schweiz!» hat in #gemeinde_d gegenüber der Zuwanderungsinitiative im Jahr 2020 zugenommen. Bei jener Abstimmung hatten 52,2 Prozent der Abstimmenden der Gemeinde die Vorlage angenommen."
4881,62.2,62.2,37.8,"Amlikon-Bissegg TG","Mit 62,2 Prozent befürworten die Stimmberechtigten von Amlikon-Bissegg die Initiative ""Keine 10-Millionen-Schweiz"". Die Unterstützung für die Initiative ""Keine 10-Millionen-Schweiz!» hat in #gemeinde_d gegenüber der Zuwanderungsinitiative im Jahr 2020 zugenommen. Bei jener Abstimmung hatten 57,7 Prozent der Abstimmenden der Gemeinde die Vorlage angenommen."
4891,42.5,42.5,57.5,"Berg TG","In Berg TG findet die Initiative ""Keine 10-Millionen-Schweiz"" mit 57,5 Prozent keine Mehrheit. Die Ablehnung der Initiative ""Keine 10-Millionen-Schweiz!» ist stärker als jene zur Zuwanderungsinitiative im Jahr 2020. Der Nein-Anteil in #gemeinde_d lag damals bei 52,1 Prozent."
4901,54,54,46,"Birwinken TG","Die Initiative ""Keine 10-Millionen-Schweiz"" erreicht in Birwinken 54 Prozent Ja-Stimmen. Die Meinungen zur Zuwanderungsfrage bleiben in #gemeinde_d somit stabil. Im Jahr 2020 hatte die Gemeinde bereits mit 54 Prozent Ja der Zuwanderungsinitiative zugestimmt."
4911,76.8,76.8,23.2,"Bürglen TG","Mit 76,8 Prozent Ja-Stimmen hat eine Mehrheit der Stimmberechtigten in Bürglen TG der Initiative ""Keine 10-Millionen-Schweiz"" zugestimmt. Die Unterstützung für die Initiative ""Keine 10-Millionen-Schweiz!» hat in #gemeinde_d gegenüber der Zuwanderungsinitiative im Jahr 2020 zugenommen. Bei jener Abstimmung hatten 52,6 Prozent der Abstimmenden der Gemeinde die Vorlage angenommen."
4921,99.6,99.6,0.4,"Bussnang TG","Mit 99,6 Prozent befürworten die Stimmberechtigten von Bussnang die Initiative ""Keine 10-Millionen-Schweiz"". Die Unterstützung für die Initiative ""Keine 10-Millionen-Schweiz!» hat in #gemeinde_d gegenüber der Zuwanderungsinitiative im Jahr 2020 zugenommen. Bei jener Abstimmung hatten 58,8 Prozent der Abstimmenden der Gemeinde die Vorlage angenommen."
4941,45.9,45.9,54.1,"Märstetten TG","In Märstetten findet die Initiative ""Keine 10-Millionen-Schweiz"" mit 54,1 Prozent keine Mehrheit. Das Ergebnis hat sich im Vergleich zur Abstimmung über die Zuwanderungsinitiative im Jahr 2020 kaum verändert. #gemeinde_d hatte damals mit 54,8 Prozent Nein gestimmt."
4946,41.2,41.2,58.8,"Weinfelden TG","Die Initiative ""Keine 10-Millionen-Schweiz"" erreicht in Weinfelden 58,8 Prozent Nein-Stimmen. Die Ablehnung der Initiative fällt jedoch geringer aus als zur Zuwanderungsinitiative im Jahr 2020. Die Abstimmenden von #gemeinde_d hatten damals mit 63 Prozent Nein gestimmt."
4951,3.8,3.8,96.2,"Wigoltingen TG","96,2 Prozent der Stimmbürgerinnen und Stimmbürger von Wigoltingen sprechen sich gegen die Initiative ""Keine 10-Millionen-Schweiz"" aus. Die Ablehnung der Initiative ""Keine 10-Millionen-Schweiz!» ist stärker als jene zur Zuwanderungsinitiative im Jahr 2020. Der Nein-Anteil in #gemeinde_d lag damals bei 50,6 Prozent."
5001,93.2,93.2,6.8,"Arbedo-Castione TI","In Arbedo-Castione erhält die Initiative ""Keine 10-Millionen-Schweiz"" 93,2 Prozent Zustimmung. Die Unterstützung für die Initiative ""Keine 10-Millionen-Schweiz!» hat in #gemeinde_d gegenüber der Zuwanderungsinitiative im Jahr 2020 zugenommen. Bei jener Abstimmung hatten 53,6 Prozent der Abstimmenden der Gemeinde die Vorlage angenommen."
5002,56.2,56.2,43.8,"Bellinzona TI","Mit 56,2 Prozent Ja-Stimmen hat eine Mehrheit der Stimmberechtigten in Bellinzona der Initiative ""Keine 10-Millionen-Schweiz"" zugestimmt. Die Unterstützung für die Initiative ""Keine 10-Millionen-Schweiz!» hat in #gemeinde_d gegenüber der Zuwanderungsinitiative im Jahr 2020 zugenommen. Bei jener Abstimmung hatten 51,1 Prozent der Abstimmenden der Gemeinde die Vorlage angenommen."
5003,51.2,51.2,48.8,"Cadenazzo TI","Mit 51,2 Prozent Ja-Stimmen hat eine Mehrheit der Stimmberechtigten in Cadenazzo der Initiative ""Keine 10-Millionen-Schweiz"" zugestimmt. Die Unterstützung für die Initiative ""Keine 10-Millionen-Schweiz!» fällt geringer aus als jene für die Zuwanderungsinitiative im Jahr 2020. Die Abstimmenden von #gemeinde_d hatten damals mit 64,1 Prozent Ja gestimmt."
5009,25.4,25.4,74.6,"Isone TI","In Isone wird die Initiative ""Keine 10-Millionen-Schweiz"" mit 74,6 Prozent abgelehnt. In den vergangenen fünf Jahren hat die Gemeinde somit bei der Frage der Zuwanderung das Lager gewechselt. #gemeinde_d hatte die Zuwanderungsinitiative im Jahr 2020 mit 26,4 Prozent abgelehnt."
5010,53,53,47,"Lumino TI","Die Initiative ""Keine 10-Millionen-Schweiz"" erreicht in Lumino 53 Prozent Ja-Stimmen. Die Unterstützung für die Initiative ""Keine 10-Millionen-Schweiz!» fällt geringer aus als jene für die Zuwanderungsinitiative im Jahr 2020. Die Abstimmenden von #gemeinde_d hatten damals mit 55,5 Prozent Ja gestimmt."
5017,86.3,86.3,13.7,"Sant'Antonino TI","Die Initiative ""Keine 10-Millionen-Schweiz"" erreicht in Sant'Antonino 86,3 Prozent Ja-Stimmen. Die Unterstützung für die Initiative ""Keine 10-Millionen-Schweiz!» hat in #gemeinde_d gegenüber der Zuwanderungsinitiative im Jahr 2020 zugenommen. Bei jener Abstimmung hatten 62,7 Prozent der Abstimmenden der Gemeinde die Vorlage angenommen."
5048,50,50,50,"Acquarossa TI","50 Prozent der Stimmbürgerinnen und Stimmbürger von Acquarossa sprechen sich gegen die Initiative ""Keine 10-Millionen-Schweiz"" aus. In den vergangenen fünf Jahren hat die Gemeinde somit bei der Frage der Zuwanderung das Lager gewechselt. #gemeinde_d hatte die Zuwanderungsinitiative im Jahr 2020 mit 45,7 Prozent abgelehnt."
5049,59.5,59.5,40.5,"Blenio TI","In Blenio erhält die Initiative ""Keine 10-Millionen-Schweiz"" 59,5 Prozent Zustimmung. Die Unterstützung für die Initiative ""Keine 10-Millionen-Schweiz!» fällt geringer aus als jene für die Zuwanderungsinitiative im Jahr 2020. Die Abstimmenden von #gemeinde_d hatten damals mit 62,8 Prozent Ja gestimmt."
5050,50.2,50.2,49.8,"Serravalle TI","Die Initiative ""Keine 10-Millionen-Schweiz"" erreicht in Serravalle 50,2 Prozent Ja-Stimmen. Die Unterstützung für die Initiative ""Keine 10-Millionen-Schweiz!» fällt geringer aus als jene für die Zuwanderungsinitiative im Jahr 2020. Die Abstimmenden von #gemeinde_d hatten damals mit 59,2 Prozent Ja gestimmt."
5061,92.4,92.4,7.6,"Airolo TI","Mit 92,4 Prozent Ja-Stimmen hat eine Mehrheit der Stimmberechtigten in Airolo der Initiative ""Keine 10-Millionen-Schweiz"" zugestimmt. Die Unterstützung für die Initiative ""Keine 10-Millionen-Schweiz!» hat in #gemeinde_d gegenüber der Zuwanderungsinitiative im Jahr 2020 zugenommen. Bei jener Abstimmung hatten 61 Prozent der Abstimmenden der Gemeinde die Vorlage angenommen."
5063,79.2,79.2,20.8,"Bedretto TI","In Bedretto erhält die Initiative ""Keine 10-Millionen-Schweiz"" 79,2 Prozent Zustimmung. Die Unterstützung für die Initiative ""Keine 10-Millionen-Schweiz!» hat in #gemeinde_d gegenüber der Zuwanderungsinitiative im Jahr 2020 zugenommen. Bei jener Abstimmung hatten 73,2 Prozent der Abstimmenden der Gemeinde die Vorlage angenommen."
5071,5.2,5.2,94.8,"Dalpe TI","In Dalpe ist die Initiative ""Keine 10-Millionen-Schweiz"" mit 94,8 Prozent der Stimmen gescheitert. In den vergangenen fünf Jahren hat die Gemeinde somit bei der Frage der Zuwanderung das Lager gewechselt. #gemeinde_d hatte die Zuwanderungsinitiative im Jahr 2020 mit 46,7 Prozent abgelehnt."
5072,51.2,51.2,48.8,"Faido TI","Die Initiative ""Keine 10-Millionen-Schweiz"" erreicht in Faido 51,2 Prozent Ja-Stimmen. Die Unterstützung für die Initiative ""Keine 10-Millionen-Schweiz!» fällt geringer aus als jene für die Zuwanderungsinitiative im Jahr 2020. Die Abstimmenden von #gemeinde_d hatten damals mit 54,8 Prozent Ja gestimmt."
5073,65.2,65.2,34.8,"Giornico TI","Mit 65,2 Prozent Ja-Stimmen hat eine Mehrheit der Stimmberechtigten in Giornico der Initiative ""Keine 10-Millionen-Schweiz"" zugestimmt. Die Unterstützung für die Initiative ""Keine 10-Millionen-Schweiz!» hat in #gemeinde_d gegenüber der Zuwanderungsinitiative im Jahr 2020 zugenommen. Bei jener Abstimmung hatten 60,6 Prozent der Abstimmenden der Gemeinde die Vorlage angenommen."
5076,80.6,80.6,19.4,"Personico TI","80,6 Prozent der Stimmbürgerinnen und Stimmbürger von Personico haben sich für die Initiative ""Keine 10-Millionen-Schweiz"" ausgesprochen. Die Unterstützung für die Initiative ""Keine 10-Millionen-Schweiz!» hat in #gemeinde_d gegenüber der Zuwanderungsinitiative im Jahr 2020 zugenommen. Bei jener Abstimmung hatten 56,2 Prozent der Abstimmenden der Gemeinde die Vorlage angenommen."
5077,35.3,35.3,64.7,"Pollegio TI","Die Initiative ""Keine 10-Millionen-Schweiz"" erreicht in Pollegio 64,7 Prozent Nein-Stimmen. In den vergangenen fünf Jahren hat die Gemeinde somit bei der Frage der Zuwanderung das Lager gewechselt. #gemeinde_d hatte die Zuwanderungsinitiative im Jahr 2020 mit 47,5 Prozent abgelehnt."
5079,48.3,48.3,51.7,"Quinto TI","51,7 Prozent der Stimmbürgerinnen und Stimmbürger von Quinto sprechen sich gegen die Initiative ""Keine 10-Millionen-Schweiz"" aus. In den vergangenen fünf Jahren hat die Gemeinde somit bei der Frage der Zuwanderung das Lager gewechselt. #gemeinde_d hatte die Zuwanderungsinitiative im Jahr 2020 mit 43,3 Prozent abgelehnt."
5091,64.9,64.9,35.1,"Ascona TI","Mit 64,9 Prozent Ja-Stimmen hat eine Mehrheit der Stimmberechtigten in Ascona der Initiative ""Keine 10-Millionen-Schweiz"" zugestimmt. Mit diesem Ergebnis wechselt #gemeinde_d ins Ja-Lager. Im Jahr 2020 hatte die Gemeinde die Zuwanderungsinitiative noch mit 51,9 Prozent der Stimmen abgelehnt."
5096,62.5,62.5,37.5,"Brione sopra Minusio TI","Brione sopra Minusio hat die Initiative ""Keine 10-Millionen-Schweiz"" angenommen; der Ja-Stimmen-Anteil liegt bei 62,5 Prozent. Mit diesem Ergebnis wechselt #gemeinde_d ins Ja-Lager. Im Jahr 2020 hatte die Gemeinde die Zuwanderungsinitiative noch mit 50,2 Prozent der Stimmen abgelehnt."
5097,62.7,62.7,37.3,"Brissago TI","In Brissago erhält die Initiative ""Keine 10-Millionen-Schweiz"" 62,7 Prozent Zustimmung. Die Unterstützung für die Initiative ""Keine 10-Millionen-Schweiz!» hat in #gemeinde_d gegenüber der Zuwanderungsinitiative im Jahr 2020 zugenommen. Bei jener Abstimmung hatten 57,5 Prozent der Abstimmenden der Gemeinde die Vorlage angenommen."
5108,64.5,64.5,35.5,"Gordola TI","Die Initiative ""Keine 10-Millionen-Schweiz"" erreicht in Gordola 64,5 Prozent Ja-Stimmen. Die Unterstützung für die Initiative ""Keine 10-Millionen-Schweiz!» hat in #gemeinde_d gegenüber der Zuwanderungsinitiative im Jahr 2020 zugenommen. Bei jener Abstimmung hatten 53,7 Prozent der Abstimmenden der Gemeinde die Vorlage angenommen."
5112,49.8,49.8,50.2,"Lavertezzo TI","In Lavertezzo wird die Initiative ""Keine 10-Millionen-Schweiz"" mit 50,2 Prozent abgelehnt. In den vergangenen fünf Jahren hat die Gemeinde somit bei der Frage der Zuwanderung das Lager gewechselt. #gemeinde_d hatte die Zuwanderungsinitiative im Jahr 2020 mit 40,9 Prozent abgelehnt."
5113,26.9,26.9,73.1,"Locarno TI","In Locarno wird die Initiative ""Keine 10-Millionen-Schweiz"" mit 73,1 Prozent abgelehnt. Die Ablehnung der Initiative ""Keine 10-Millionen-Schweiz!» ist stärker als jene zur Zuwanderungsinitiative im Jahr 2020. Der Nein-Anteil in #gemeinde_d lag damals bei 52,3 Prozent."
5115,64.1,64.1,35.9,"Losone TI","Mit 64,1 Prozent Ja-Stimmen hat eine Mehrheit der Stimmberechtigten in Losone der Initiative ""Keine 10-Millionen-Schweiz"" zugestimmt. Die Unterstützung für die Initiative ""Keine 10-Millionen-Schweiz!» hat in #gemeinde_d gegenüber der Zuwanderungsinitiative im Jahr 2020 zugenommen. Bei jener Abstimmung hatten 53,4 Prozent der Abstimmenden der Gemeinde die Vorlage angenommen."
5117,70.5,70.5,29.5,"Mergoscia TI","Die Initiative ""Keine 10-Millionen-Schweiz"" erreicht in Mergoscia 70,5 Prozent Ja-Stimmen. Die Unterstützung für die Initiative ""Keine 10-Millionen-Schweiz!» hat in #gemeinde_d gegenüber der Zuwanderungsinitiative im Jahr 2020 zugenommen. Bei jener Abstimmung hatten 52 Prozent der Abstimmenden der Gemeinde die Vorlage angenommen."
5118,66.4,66.4,33.6,"Minusio TI","Mit 66,4 Prozent Ja-Stimmen hat eine Mehrheit der Stimmberechtigten in Minusio der Initiative ""Keine 10-Millionen-Schweiz"" zugestimmt. Mit diesem Ergebnis wechselt #gemeinde_d ins Ja-Lager. Im Jahr 2020 hatte die Gemeinde die Zuwanderungsinitiative noch mit 53,1 Prozent der Stimmen abgelehnt."
5120,65.9,65.9,34.1,"Muralto TI","Mit 65,9 Prozent befürworten die Stimmberechtigten von Muralto die Initiative ""Keine 10-Millionen-Schweiz"". Mit diesem Ergebnis wechselt #gemeinde_d ins Ja-Lager. Im Jahr 2020 hatte die Gemeinde die Zuwanderungsinitiative noch mit 52,3 Prozent der Stimmen abgelehnt."
5121,74.2,74.2,25.8,"Orselina TI","Mit 74,2 Prozent Ja-Stimmen hat eine Mehrheit der Stimmberechtigten in Orselina der Initiative ""Keine 10-Millionen-Schweiz"" zugestimmt. Mit diesem Ergebnis wechselt #gemeinde_d ins Ja-Lager. Im Jahr 2020 hatte die Gemeinde die Zuwanderungsinitiative noch mit 56,6 Prozent der Stimmen abgelehnt."
5125,87.7,87.7,12.3,"Ronco sopra Ascona TI","Mit 87,7 Prozent Ja-Stimmen hat eine Mehrheit der Stimmberechtigten in Ronco sopra Ascona der Initiative ""Keine 10-Millionen-Schweiz"" zugestimmt. Die Unterstützung für die Initiative ""Keine 10-Millionen-Schweiz!» hat in #gemeinde_d gegenüber der Zuwanderungsinitiative im Jahr 2020 zugenommen. Bei jener Abstimmung hatten 54,4 Prozent der Abstimmenden der Gemeinde die Vorlage angenommen."
5131,37.8,37.8,62.2,"Tenero-Contra TI","62,2 Prozent der Stimmbürgerinnen und Stimmbürger von Tenero-Contra sprechen sich gegen die Initiative ""Keine 10-Millionen-Schweiz"" aus. In den vergangenen fünf Jahren hat die Gemeinde somit bei der Frage der Zuwanderung das Lager gewechselt. #gemeinde_d hatte die Zuwanderungsinitiative im Jahr 2020 mit 47,1 Prozent abgelehnt."
5136,51.3,51.3,48.7,"Onsernone TI","Onsernone hat die Initiative ""Keine 10-Millionen-Schweiz"" angenommen; der Ja-Stimmen-Anteil liegt bei 51,3 Prozent. Mit diesem Ergebnis wechselt #gemeinde_d ins Ja-Lager. Im Jahr 2020 hatte die Gemeinde die Zuwanderungsinitiative noch mit 55,3 Prozent der Stimmen abgelehnt."
5138,64.4,64.4,35.6,"Cugnasco-Gerra TI","Cugnasco-Gerra hat die Initiative ""Keine 10-Millionen-Schweiz"" angenommen; der Ja-Stimmen-Anteil liegt bei 64,4 Prozent. Die Unterstützung für die Initiative ""Keine 10-Millionen-Schweiz!» hat in #gemeinde_d gegenüber der Zuwanderungsinitiative im Jahr 2020 zugenommen. Bei jener Abstimmung hatten 53,3 Prozent der Abstimmenden der Gemeinde die Vorlage angenommen."
5141,30.3,30.3,69.7,"Agno TI","69,7 Prozent der Stimmbürgerinnen und Stimmbürger von Agno sprechen sich gegen die Initiative ""Keine 10-Millionen-Schweiz"" aus. In den vergangenen fünf Jahren hat die Gemeinde somit bei der Frage der Zuwanderung das Lager gewechselt. #gemeinde_d hatte die Zuwanderungsinitiative im Jahr 2020 mit 43 Prozent abgelehnt."
5143,16.4,16.4,83.6,"Aranno TI","83,6 Prozent der Stimmbürgerinnen und Stimmbürger von Aranno sprechen sich gegen die Initiative ""Keine 10-Millionen-Schweiz"" aus. Die Ablehnung der Initiative ""Keine 10-Millionen-Schweiz!» ist stärker als jene zur Zuwanderungsinitiative im Jahr 2020. Der Nein-Anteil in #gemeinde_d lag damals bei 54,7 Prozent."
5144,43.5,43.5,56.5,"Arogno TI","Die Initiative ""Keine 10-Millionen-Schweiz"" erreicht in Arogno 56,5 Prozent Nein-Stimmen. Die Ablehnung der Initiative ""Keine 10-Millionen-Schweiz!» ist stärker als jene zur Zuwanderungsinitiative im Jahr 2020. Der Nein-Anteil in #gemeinde_d lag damals bei 52,4 Prozent."
5148,69.8,69.8,30.2,"Bedano TI","Mit 69,8 Prozent Ja-Stimmen hat eine Mehrheit der Stimmberechtigten in Bedano der Initiative ""Keine 10-Millionen-Schweiz"" zugestimmt. Die Unterstützung für die Initiative ""Keine 10-Millionen-Schweiz!» hat in #gemeinde_d gegenüber der Zuwanderungsinitiative im Jahr 2020 zugenommen. Bei jener Abstimmung hatten 60,7 Prozent der Abstimmenden der Gemeinde die Vorlage angenommen."
5151,40.1,40.1,59.9,"Bioggio TI","In Bioggio ist die Initiative ""Keine 10-Millionen-Schweiz"" mit 59,9 Prozent der Stimmen gescheitert. In den vergangenen fünf Jahren hat die Gemeinde somit bei der Frage der Zuwanderung das Lager gewechselt. #gemeinde_d hatte die Zuwanderungsinitiative im Jahr 2020 mit 41 Prozent abgelehnt."
5154,54,54,46,"Bissone TI","54 Prozent der Stimmbürgerinnen und Stimmbürger von Bissone haben sich für die Initiative ""Keine 10-Millionen-Schweiz"" ausgesprochen. Die Unterstützung für die Initiative ""Keine 10-Millionen-Schweiz!» fällt geringer aus als jene für die Zuwanderungsinitiative im Jahr 2020. Die Abstimmenden von #gemeinde_d hatten damals mit 58,8 Prozent Ja gestimmt."
5160,82,82,18,"Brusino Arsizio TI","Brusino Arsizio hat die Initiative ""Keine 10-Millionen-Schweiz"" angenommen; der Ja-Stimmen-Anteil liegt bei 82 Prozent. Mit diesem Ergebnis wechselt #gemeinde_d ins Ja-Lager. Im Jahr 2020 hatte die Gemeinde die Zuwanderungsinitiative noch mit 50,9 Prozent der Stimmen abgelehnt."
5161,60.2,60.2,39.8,"Cademario TI","In Cademario erhält die Initiative ""Keine 10-Millionen-Schweiz"" 60,2 Prozent Zustimmung. Die Unterstützung für die Initiative ""Keine 10-Millionen-Schweiz!» hat in #gemeinde_d gegenüber der Zuwanderungsinitiative im Jahr 2020 zugenommen. Bei jener Abstimmung hatten 56,3 Prozent der Abstimmenden der Gemeinde die Vorlage angenommen."
5162,55.8,55.8,44.2,"Cadempino TI","Mit 55,8 Prozent Ja-Stimmen hat eine Mehrheit der Stimmberechtigten in Cadempino der Initiative ""Keine 10-Millionen-Schweiz"" zugestimmt. Die Unterstützung für die Initiative ""Keine 10-Millionen-Schweiz!» fällt geringer aus als jene für die Zuwanderungsinitiative im Jahr 2020. Die Abstimmenden von #gemeinde_d hatten damals mit 60,7 Prozent Ja gestimmt."
5167,59.1,59.1,40.9,"Canobbio TI","59,1 Prozent der Stimmbürgerinnen und Stimmbürger von Canobbio haben sich für die Initiative ""Keine 10-Millionen-Schweiz"" ausgesprochen. Die Unterstützung für die Initiative ""Keine 10-Millionen-Schweiz!» hat in #gemeinde_d gegenüber der Zuwanderungsinitiative im Jahr 2020 zugenommen. Bei jener Abstimmung hatten 55,1 Prozent der Abstimmenden der Gemeinde die Vorlage angenommen."
5171,67.4,67.4,32.6,"Caslano TI","In Caslano erhält die Initiative ""Keine 10-Millionen-Schweiz"" 67,4 Prozent Zustimmung. Die Unterstützung für die Initiative ""Keine 10-Millionen-Schweiz!» hat in #gemeinde_d gegenüber der Zuwanderungsinitiative im Jahr 2020 zugenommen. Bei jener Abstimmung hatten 54,1 Prozent der Abstimmenden der Gemeinde die Vorlage angenommen."
5176,17.3,17.3,82.7,"Comano TI","82,7 Prozent der Stimmbürgerinnen und Stimmbürger von Comano sprechen sich gegen die Initiative ""Keine 10-Millionen-Schweiz"" aus. Die Ablehnung der Initiative ""Keine 10-Millionen-Schweiz!» ist stärker als jene zur Zuwanderungsinitiative im Jahr 2020. Der Nein-Anteil in #gemeinde_d lag damals bei 54,9 Prozent."
5180,2,2,98,"Cureglia TI","In Cureglia findet die Initiative ""Keine 10-Millionen-Schweiz"" mit 98 Prozent keine Mehrheit. In den vergangenen fünf Jahren hat die Gemeinde somit bei der Frage der Zuwanderung das Lager gewechselt. #gemeinde_d hatte die Zuwanderungsinitiative im Jahr 2020 mit 47,9 Prozent abgelehnt."
5186,29.6,29.6,70.4,"Grancia TI","In Grancia ist die Initiative ""Keine 10-Millionen-Schweiz"" mit 70,4 Prozent der Stimmen gescheitert. In den vergangenen fünf Jahren hat die Gemeinde somit bei der Frage der Zuwanderung das Lager gewechselt. #gemeinde_d hatte die Zuwanderungsinitiative im Jahr 2020 mit 38,2 Prozent abgelehnt."
5187,50.4,50.4,49.6,"Gravesano TI","Mit 50,4 Prozent Ja-Stimmen hat eine Mehrheit der Stimmberechtigten in Gravesano der Initiative ""Keine 10-Millionen-Schweiz"" zugestimmt. Die Unterstützung für die Initiative ""Keine 10-Millionen-Schweiz!» fällt geringer aus als jene für die Zuwanderungsinitiative im Jahr 2020. Die Abstimmenden von #gemeinde_d hatten damals mit 64,4 Prozent Ja gestimmt."
5189,55.7,55.7,44.3,"Lamone TI","Mit 55,7 Prozent Ja-Stimmen hat eine Mehrheit der Stimmberechtigten in Lamone der Initiative ""Keine 10-Millionen-Schweiz"" zugestimmt. Die Unterstützung für die Initiative ""Keine 10-Millionen-Schweiz!» fällt geringer aus als jene für die Zuwanderungsinitiative im Jahr 2020. Die Abstimmenden von #gemeinde_d hatten damals mit 57 Prozent Ja gestimmt."
5192,46.3,46.3,53.7,"Lugano TI","53,7 Prozent der Stimmbürgerinnen und Stimmbürger von Lugano sprechen sich gegen die Initiative ""Keine 10-Millionen-Schweiz"" aus. In den vergangenen fünf Jahren hat die Gemeinde somit bei der Frage der Zuwanderung das Lager gewechselt. #gemeinde_d hatte die Zuwanderungsinitiative im Jahr 2020 mit 47,4 Prozent abgelehnt."
5193,51.8,51.8,48.2,"Magliaso TI","Mit 51,8 Prozent Ja-Stimmen hat eine Mehrheit der Stimmberechtigten in Magliaso der Initiative ""Keine 10-Millionen-Schweiz"" zugestimmt. Die Unterstützung für die Initiative ""Keine 10-Millionen-Schweiz!» fällt geringer aus als jene für die Zuwanderungsinitiative im Jahr 2020. Die Abstimmenden von #gemeinde_d hatten damals mit 56,5 Prozent Ja gestimmt."
5194,7.3,7.3,92.7,"Manno TI","Die Initiative ""Keine 10-Millionen-Schweiz"" erreicht in Manno 92,7 Prozent Nein-Stimmen. In den vergangenen fünf Jahren hat die Gemeinde somit bei der Frage der Zuwanderung das Lager gewechselt. #gemeinde_d hatte die Zuwanderungsinitiative im Jahr 2020 mit 42,4 Prozent abgelehnt."
5196,3.9,3.9,96.1,"Massagno TI","In Massagno ist die Initiative ""Keine 10-Millionen-Schweiz"" mit 96,1 Prozent der Stimmen gescheitert. Die Ablehnung der Initiative ""Keine 10-Millionen-Schweiz!» ist stärker als jene zur Zuwanderungsinitiative im Jahr 2020. Der Nein-Anteil in #gemeinde_d lag damals bei 56,9 Prozent."
5198,88,88,12,"Melide TI","In Melide erhält die Initiative ""Keine 10-Millionen-Schweiz"" 88 Prozent Zustimmung. Die Unterstützung für die Initiative ""Keine 10-Millionen-Schweiz!» hat in #gemeinde_d gegenüber der Zuwanderungsinitiative im Jahr 2020 zugenommen. Bei jener Abstimmung hatten 50,6 Prozent der Abstimmenden der Gemeinde die Vorlage angenommen."
5199,96.3,96.3,3.7,"Mezzovico-Vira TI","Mit 96,3 Prozent befürworten die Stimmberechtigten von Mezzovico-Vira die Initiative ""Keine 10-Millionen-Schweiz"". Die Unterstützung für die Initiative ""Keine 10-Millionen-Schweiz!» hat in #gemeinde_d gegenüber der Zuwanderungsinitiative im Jahr 2020 zugenommen. Bei jener Abstimmung hatten 63,1 Prozent der Abstimmenden der Gemeinde die Vorlage angenommen."
5203,38.3,38.3,61.7,"Morcote TI","In Morcote findet die Initiative ""Keine 10-Millionen-Schweiz"" mit 61,7 Prozent keine Mehrheit. Die Ablehnung der Initiative ""Keine 10-Millionen-Schweiz!» ist stärker als jene zur Zuwanderungsinitiative im Jahr 2020. Der Nein-Anteil in #gemeinde_d lag damals bei 50,2 Prozent."
5205,73.9,73.9,26.1,"Muzzano TI","Mit 73,9 Prozent Ja-Stimmen hat eine Mehrheit der Stimmberechtigten in Muzzano der Initiative ""Keine 10-Millionen-Schweiz"" zugestimmt. Die Unterstützung für die Initiative ""Keine 10-Millionen-Schweiz!» hat in #gemeinde_d gegenüber der Zuwanderungsinitiative im Jahr 2020 zugenommen. Bei jener Abstimmung hatten 53,1 Prozent der Abstimmenden der Gemeinde die Vorlage angenommen."
5206,56,56,44,"Neggio TI","Neggio hat die Initiative ""Keine 10-Millionen-Schweiz"" angenommen; der Ja-Stimmen-Anteil liegt bei 56 Prozent. Die Unterstützung für die Initiative ""Keine 10-Millionen-Schweiz!» hat in #gemeinde_d gegenüber der Zuwanderungsinitiative im Jahr 2020 zugenommen. Bei jener Abstimmung hatten 52,8 Prozent der Abstimmenden der Gemeinde die Vorlage angenommen."
5208,15.3,15.3,84.7,"Origlio TI","Die Initiative ""Keine 10-Millionen-Schweiz"" erreicht in Origlio 84,7 Prozent Nein-Stimmen. In den vergangenen fünf Jahren hat die Gemeinde somit bei der Frage der Zuwanderung das Lager gewechselt. #gemeinde_d hatte die Zuwanderungsinitiative im Jahr 2020 mit 49,3 Prozent abgelehnt."
5210,97.7,97.7,2.3,"Paradiso TI","Mit 97,7 Prozent Ja-Stimmen hat eine Mehrheit der Stimmberechtigten in Paradiso der Initiative ""Keine 10-Millionen-Schweiz"" zugestimmt. Die Unterstützung für die Initiative ""Keine 10-Millionen-Schweiz!» hat in #gemeinde_d gegenüber der Zuwanderungsinitiative im Jahr 2020 zugenommen. Bei jener Abstimmung hatten 51,7 Prozent der Abstimmenden der Gemeinde die Vorlage angenommen."
5212,72.8,72.8,27.2,"Ponte Capriasca TI","Mit 72,8 Prozent befürworten die Stimmberechtigten von Ponte Capriasca die Initiative ""Keine 10-Millionen-Schweiz"". Die Unterstützung für die Initiative ""Keine 10-Millionen-Schweiz!» hat in #gemeinde_d gegenüber der Zuwanderungsinitiative im Jahr 2020 zugenommen. Bei jener Abstimmung hatten 52,8 Prozent der Abstimmenden der Gemeinde die Vorlage angenommen."
5214,25.8,25.8,74.2,"Porza TI","Die Initiative ""Keine 10-Millionen-Schweiz"" erreicht in Porza 74,2 Prozent Nein-Stimmen. Die Ablehnung der Initiative ""Keine 10-Millionen-Schweiz!» ist stärker als jene zur Zuwanderungsinitiative im Jahr 2020. Der Nein-Anteil in #gemeinde_d lag damals bei 51,6 Prozent."
5216,28.5,28.5,71.5,"Pura TI","71,5 Prozent der Stimmbürgerinnen und Stimmbürger von Pura sprechen sich gegen die Initiative ""Keine 10-Millionen-Schweiz"" aus. In den vergangenen fünf Jahren hat die Gemeinde somit bei der Frage der Zuwanderung das Lager gewechselt. #gemeinde_d hatte die Zuwanderungsinitiative im Jahr 2020 mit 48,5 Prozent abgelehnt."
5221,45.2,45.2,54.8,"Savosa TI","In Savosa ist die Initiative ""Keine 10-Millionen-Schweiz"" mit 54,8 Prozent der Stimmen gescheitert. In den vergangenen fünf Jahren hat die Gemeinde somit bei der Frage der Zuwanderung das Lager gewechselt. #gemeinde_d hatte die Zuwanderungsinitiative im Jahr 2020 mit 47,2 Prozent abgelehnt."
5225,1.4,1.4,98.6,"Sorengo TI","In Sorengo wird die Initiative ""Keine 10-Millionen-Schweiz"" mit 98,6 Prozent abgelehnt. Die Ablehnung der Initiative ""Keine 10-Millionen-Schweiz!» ist stärker als jene zur Zuwanderungsinitiative im Jahr 2020. Der Nein-Anteil in #gemeinde_d lag damals bei 54,2 Prozent."
5226,8.7,8.7,91.3,"Capriasca TI","Die Initiative ""Keine 10-Millionen-Schweiz"" erreicht in Capriasca 91,3 Prozent Nein-Stimmen. In den vergangenen fünf Jahren hat die Gemeinde somit bei der Frage der Zuwanderung das Lager gewechselt. #gemeinde_d hatte die Zuwanderungsinitiative im Jahr 2020 mit 49,1 Prozent abgelehnt."
5227,81.6,81.6,18.4,"Torricella-Taverne TI","Torricella-Taverne hat die Initiative ""Keine 10-Millionen-Schweiz"" angenommen; der Ja-Stimmen-Anteil liegt bei 81,6 Prozent. Die Unterstützung für die Initiative ""Keine 10-Millionen-Schweiz!» hat in #gemeinde_d gegenüber der Zuwanderungsinitiative im Jahr 2020 zugenommen. Bei jener Abstimmung hatten 55,3 Prozent der Abstimmenden der Gemeinde die Vorlage angenommen."
5230,52.6,52.6,47.4,"Vernate TI","Mit 52,6 Prozent befürworten die Stimmberechtigten von Vernate die Initiative ""Keine 10-Millionen-Schweiz"". Die Meinungen zur Zuwanderungsfrage bleiben in #gemeinde_d somit stabil. Im Jahr 2020 hatte die Gemeinde bereits mit 51,9 Prozent Ja der Zuwanderungsinitiative zugestimmt."
5231,11.5,11.5,88.5,"Vezia TI","88,5 Prozent der Stimmbürgerinnen und Stimmbürger von Vezia sprechen sich gegen die Initiative ""Keine 10-Millionen-Schweiz"" aus. In den vergangenen fünf Jahren hat die Gemeinde somit bei der Frage der Zuwanderung das Lager gewechselt. #gemeinde_d hatte die Zuwanderungsinitiative im Jahr 2020 mit 47,7 Prozent abgelehnt."
5233,59.3,59.3,40.7,"Vico Morcote TI","59,3 Prozent der Stimmbürgerinnen und Stimmbürger von Vico Morcote haben sich für die Initiative ""Keine 10-Millionen-Schweiz"" ausgesprochen. Mit diesem Ergebnis wechselt #gemeinde_d ins Ja-Lager. Im Jahr 2020 hatte die Gemeinde die Zuwanderungsinitiative noch mit 55,3 Prozent der Stimmen abgelehnt."
5236,73.7,73.7,26.3,"Collina d'Oro TI","Mit 73,7 Prozent Ja-Stimmen hat eine Mehrheit der Stimmberechtigten in Collina d'Oro der Initiative ""Keine 10-Millionen-Schweiz"" zugestimmt. Mit diesem Ergebnis wechselt #gemeinde_d ins Ja-Lager. Im Jahr 2020 hatte die Gemeinde die Zuwanderungsinitiative noch mit 51,1 Prozent der Stimmen abgelehnt."
5237,17.1,17.1,82.9,"Alto Malcantone TI","Die Initiative ""Keine 10-Millionen-Schweiz"" erreicht in Alto Malcantone 82,9 Prozent Nein-Stimmen. In den vergangenen fünf Jahren hat die Gemeinde somit bei der Frage der Zuwanderung das Lager gewechselt. #gemeinde_d hatte die Zuwanderungsinitiative im Jahr 2020 mit 49,2 Prozent abgelehnt."
5238,71.4,71.4,28.6,"Monteceneri TI","Mit 71,4 Prozent Ja-Stimmen hat eine Mehrheit der Stimmberechtigten in Monteceneri der Initiative ""Keine 10-Millionen-Schweiz"" zugestimmt. Die Unterstützung für die Initiative ""Keine 10-Millionen-Schweiz!» hat in #gemeinde_d gegenüber der Zuwanderungsinitiative im Jahr 2020 zugenommen. Bei jener Abstimmung hatten 61,4 Prozent der Abstimmenden der Gemeinde die Vorlage angenommen."
5239,77.1,77.1,22.9,"Tresa TI","77,1 Prozent der Stimmbürgerinnen und Stimmbürger von Tresa haben sich für die Initiative ""Keine 10-Millionen-Schweiz"" ausgesprochen. Die Unterstützung für die Initiative ""Keine 10-Millionen-Schweiz!» hat in #gemeinde_d gegenüber der Zuwanderungsinitiative im Jahr 2020 zugenommen. Bei jener Abstimmung hatten 57,3 Prozent der Abstimmenden der Gemeinde die Vorlage angenommen."
5240,48.8,48.8,51.2,"Val Mara TI","51,2 Prozent der Stimmbürgerinnen und Stimmbürger von Val Mara sprechen sich gegen die Initiative ""Keine 10-Millionen-Schweiz"" aus. In den vergangenen fünf Jahren hat die Gemeinde somit bei der Frage der Zuwanderung das Lager gewechselt. #gemeinde_d hatte die Zuwanderungsinitiative im Jahr 2020 mit 41,3 Prozent abgelehnt."
5242,72.1,72.1,27.9,"Balerna TI","72,1 Prozent der Stimmbürgerinnen und Stimmbürger von Balerna haben sich für die Initiative ""Keine 10-Millionen-Schweiz"" ausgesprochen. Die Unterstützung für die Initiative ""Keine 10-Millionen-Schweiz!» hat in #gemeinde_d gegenüber der Zuwanderungsinitiative im Jahr 2020 zugenommen. Bei jener Abstimmung hatten 51,9 Prozent der Abstimmenden der Gemeinde die Vorlage angenommen."
5249,30.8,30.8,69.2,"Castel San Pietro TI","69,2 Prozent der Stimmbürgerinnen und Stimmbürger von Castel San Pietro sprechen sich gegen die Initiative ""Keine 10-Millionen-Schweiz"" aus. In den vergangenen fünf Jahren hat die Gemeinde somit bei der Frage der Zuwanderung das Lager gewechselt. #gemeinde_d hatte die Zuwanderungsinitiative im Jahr 2020 mit 43,6 Prozent abgelehnt."
5250,88,88,12,"Chiasso TI","Chiasso hat die Initiative ""Keine 10-Millionen-Schweiz"" angenommen; der Ja-Stimmen-Anteil liegt bei 88 Prozent. Die Unterstützung für die Initiative ""Keine 10-Millionen-Schweiz!» hat in #gemeinde_d gegenüber der Zuwanderungsinitiative im Jahr 2020 zugenommen. Bei jener Abstimmung hatten 55,5 Prozent der Abstimmenden der Gemeinde die Vorlage angenommen."
5251,47.1,47.1,52.9,"Coldrerio TI","52,9 Prozent der Stimmbürgerinnen und Stimmbürger von Coldrerio sprechen sich gegen die Initiative ""Keine 10-Millionen-Schweiz"" aus. In den vergangenen fünf Jahren hat die Gemeinde somit bei der Frage der Zuwanderung das Lager gewechselt. #gemeinde_d hatte die Zuwanderungsinitiative im Jahr 2020 mit 41,7 Prozent abgelehnt."
5254,47,47,53,"Mendrisio TI","In Mendrisio wird die Initiative ""Keine 10-Millionen-Schweiz"" mit 53 Prozent abgelehnt. In den vergangenen fünf Jahren hat die Gemeinde somit bei der Frage der Zuwanderung das Lager gewechselt. #gemeinde_d hatte die Zuwanderungsinitiative im Jahr 2020 mit 47,3 Prozent abgelehnt."
5257,69.2,69.2,30.8,"Morbio Inferiore TI","69,2 Prozent der Stimmbürgerinnen und Stimmbürger von Morbio Inferiore haben sich für die Initiative ""Keine 10-Millionen-Schweiz"" ausgesprochen. Die Unterstützung für die Initiative ""Keine 10-Millionen-Schweiz!» hat in #gemeinde_d gegenüber der Zuwanderungsinitiative im Jahr 2020 zugenommen. Bei jener Abstimmung hatten 55,5 Prozent der Abstimmenden der Gemeinde die Vorlage angenommen."
5260,30.1,30.1,69.9,"Novazzano TI","69,9 Prozent der Stimmbürgerinnen und Stimmbürger von Novazzano sprechen sich gegen die Initiative ""Keine 10-Millionen-Schweiz"" aus. In den vergangenen fünf Jahren hat die Gemeinde somit bei der Frage der Zuwanderung das Lager gewechselt. #gemeinde_d hatte die Zuwanderungsinitiative im Jahr 2020 mit 41,3 Prozent abgelehnt."
5263,52.9,52.9,47.1,"Riva San Vitale TI","Mit 52,9 Prozent Ja-Stimmen hat eine Mehrheit der Stimmberechtigten in Riva San Vitale der Initiative ""Keine 10-Millionen-Schweiz"" zugestimmt. Die Unterstützung für die Initiative ""Keine 10-Millionen-Schweiz!» fällt geringer aus als jene für die Zuwanderungsinitiative im Jahr 2020. Die Abstimmenden von #gemeinde_d hatten damals mit 55,2 Prozent Ja gestimmt."
5266,57.8,57.8,42.2,"Stabio TI","In Stabio erhält die Initiative ""Keine 10-Millionen-Schweiz"" 57,8 Prozent Zustimmung. Die Unterstützung für die Initiative ""Keine 10-Millionen-Schweiz!» hat in #gemeinde_d gegenüber der Zuwanderungsinitiative im Jahr 2020 zugenommen. Bei jener Abstimmung hatten 55,5 Prozent der Abstimmenden der Gemeinde die Vorlage angenommen."
5268,83.1,83.1,16.9,"Vacallo TI","In Vacallo erhält die Initiative ""Keine 10-Millionen-Schweiz"" 83,1 Prozent Zustimmung. Die Unterstützung für die Initiative ""Keine 10-Millionen-Schweiz!» hat in #gemeinde_d gegenüber der Zuwanderungsinitiative im Jahr 2020 zugenommen. Bei jener Abstimmung hatten 50,7 Prozent der Abstimmenden der Gemeinde die Vorlage angenommen."
5269,62.4,62.4,37.6,"Breggia TI","Breggia hat die Initiative ""Keine 10-Millionen-Schweiz"" angenommen; der Ja-Stimmen-Anteil liegt bei 62,4 Prozent. Die Unterstützung für die Initiative ""Keine 10-Millionen-Schweiz!» hat in #gemeinde_d gegenüber der Zuwanderungsinitiative im Jahr 2020 zugenommen. Bei jener Abstimmung hatten 53,2 Prozent der Abstimmenden der Gemeinde die Vorlage angenommen."
5281,64.9,64.9,35.1,"Biasca TI","In Biasca erhält die Initiative ""Keine 10-Millionen-Schweiz"" 64,9 Prozent Zustimmung. Die Unterstützung für die Initiative ""Keine 10-Millionen-Schweiz!» hat in #gemeinde_d gegenüber der Zuwanderungsinitiative im Jahr 2020 zugenommen. Bei jener Abstimmung hatten 59,2 Prozent der Abstimmenden der Gemeinde die Vorlage angenommen."
5287,30.6,30.6,69.4,"Riviera TI","In Riviera ist die Initiative ""Keine 10-Millionen-Schweiz"" mit 69,4 Prozent der Stimmen gescheitert. In den vergangenen fünf Jahren hat die Gemeinde somit bei der Frage der Zuwanderung das Lager gewechselt. #gemeinde_d hatte die Zuwanderungsinitiative im Jahr 2020 mit 40,3 Prozent abgelehnt."
5304,43.3,43.3,56.7,"Bosco/Gurin TI","In Bosco/Gurin ist die Initiative ""Keine 10-Millionen-Schweiz"" mit 56,7 Prozent der Stimmen gescheitert. Die Ablehnung der Initiative fällt jedoch geringer aus als zur Zuwanderungsinitiative im Jahr 2020. Die Abstimmenden von #gemeinde_d hatten damals mit 59,3 Prozent Nein gestimmt."
5307,16.7,16.7,83.3,"Campo (Vallemaggia) TI","In Campo (Vallemaggia) findet die Initiative ""Keine 10-Millionen-Schweiz"" mit 83,3 Prozent keine Mehrheit. In den vergangenen fünf Jahren hat die Gemeinde somit bei der Frage der Zuwanderung das Lager gewechselt. #gemeinde_d hatte die Zuwanderungsinitiative im Jahr 2020 mit 38,2 Prozent abgelehnt."
5309,50.5,50.5,49.5,"Cerentino TI","Mit 50,5 Prozent Ja-Stimmen hat eine Mehrheit der Stimmberechtigten in Cerentino der Initiative ""Keine 10-Millionen-Schweiz"" zugestimmt. Die Unterstützung für die Initiative ""Keine 10-Millionen-Schweiz!» fällt geringer aus als jene für die Zuwanderungsinitiative im Jahr 2020. Die Abstimmenden von #gemeinde_d hatten damals mit 51,9 Prozent Ja gestimmt."
5310,14.7,14.7,85.3,"Cevio TI","85,3 Prozent der Stimmbürgerinnen und Stimmbürger von Cevio sprechen sich gegen die Initiative ""Keine 10-Millionen-Schweiz"" aus. In den vergangenen fünf Jahren hat die Gemeinde somit bei der Frage der Zuwanderung das Lager gewechselt. #gemeinde_d hatte die Zuwanderungsinitiative im Jahr 2020 mit 49,7 Prozent abgelehnt."
5315,74.7,74.7,25.3,"Linescio TI","Mit 74,7 Prozent Ja-Stimmen hat eine Mehrheit der Stimmberechtigten in Linescio der Initiative ""Keine 10-Millionen-Schweiz"" zugestimmt. Mit diesem Ergebnis wechselt #gemeinde_d ins Ja-Lager. Im Jahr 2020 hatte die Gemeinde die Zuwanderungsinitiative noch mit 63,6 Prozent der Stimmen abgelehnt."
5317,47.7,47.7,52.3,"Maggia TI","52,3 Prozent der Stimmbürgerinnen und Stimmbürger von Maggia sprechen sich gegen die Initiative ""Keine 10-Millionen-Schweiz"" aus. In den vergangenen fünf Jahren hat die Gemeinde somit bei der Frage der Zuwanderung das Lager gewechselt. #gemeinde_d hatte die Zuwanderungsinitiative im Jahr 2020 mit 44,5 Prozent abgelehnt."
5323,40.5,40.5,59.5,"Lavizzara TI","Die Initiative ""Keine 10-Millionen-Schweiz"" erreicht in Lavizzara 59,5 Prozent Nein-Stimmen. In den vergangenen fünf Jahren hat die Gemeinde somit bei der Frage der Zuwanderung das Lager gewechselt. #gemeinde_d hatte die Zuwanderungsinitiative im Jahr 2020 mit 40,1 Prozent abgelehnt."
5324,47.7,47.7,52.3,"Avegno Gordevio TI","In Avegno Gordevio wird die Initiative ""Keine 10-Millionen-Schweiz"" mit 52,3 Prozent abgelehnt. Das Ergebnis hat sich im Vergleich zur Abstimmung über die Zuwanderungsinitiative im Jahr 2020 kaum verändert. #gemeinde_d hatte damals mit 52,7 Prozent Nein gestimmt."
5395,30.1,30.1,69.9,"Lema TI","Die Initiative ""Keine 10-Millionen-Schweiz"" erreicht in Lema 69,9 Prozent Nein-Stimmen. In den vergangenen fünf Jahren hat die Gemeinde somit bei der Frage der Zuwanderung das Lager gewechselt. #gemeinde_d hatte die Zuwanderungsinitiative im Jahr 2020 mit 46,4 Prozent abgelehnt."
5396,94,94,6,"Terre di Pedemonte TI","Terre di Pedemonte hat die Initiative ""Keine 10-Millionen-Schweiz"" angenommen; der Ja-Stimmen-Anteil liegt bei 94 Prozent. Mit diesem Ergebnis wechselt #gemeinde_d ins Ja-Lager. Im Jahr 2020 hatte die Gemeinde die Zuwanderungsinitiative noch mit 55,2 Prozent der Stimmen abgelehnt."
5397,93.5,93.5,6.5,"Centovalli TI","Mit 93,5 Prozent befürworten die Stimmberechtigten von Centovalli die Initiative ""Keine 10-Millionen-Schweiz"". Die Unterstützung für die Initiative ""Keine 10-Millionen-Schweiz!» hat in #gemeinde_d gegenüber der Zuwanderungsinitiative im Jahr 2020 zugenommen. Bei jener Abstimmung hatten 52,5 Prozent der Abstimmenden der Gemeinde die Vorlage angenommen."
5398,0.8,0.8,99.2,"Gambarogno TI","In Gambarogno wird die Initiative ""Keine 10-Millionen-Schweiz"" mit 99,2 Prozent abgelehnt. In den vergangenen fünf Jahren hat die Gemeinde somit bei der Frage der Zuwanderung das Lager gewechselt. #gemeinde_d hatte die Zuwanderungsinitiative im Jahr 2020 mit 49,2 Prozent abgelehnt."
5399,46,46,54,"Verzasca TI","54 Prozent der Stimmbürgerinnen und Stimmbürger von Verzasca sprechen sich gegen die Initiative ""Keine 10-Millionen-Schweiz"" aus. In den vergangenen fünf Jahren hat die Gemeinde somit bei der Frage der Zuwanderung das Lager gewechselt. #gemeinde_d hatte die Zuwanderungsinitiative im Jahr 2020 mit 44,8 Prozent abgelehnt."
5401,31.7,31.7,68.3,"Aigle VD","Die Initiative ""Keine 10-Millionen-Schweiz"" erreicht in Aigle 68,3 Prozent Nein-Stimmen. Die Ablehnung der Initiative ""Keine 10-Millionen-Schweiz!» ist stärker als jene zur Zuwanderungsinitiative im Jahr 2020. Der Nein-Anteil in #gemeinde_d lag damals bei 64,2 Prozent."
5402,52.6,52.6,47.4,"Bex VD","Die Initiative ""Keine 10-Millionen-Schweiz"" erreicht in Bex 52,6 Prozent Ja-Stimmen. Mit diesem Ergebnis wechselt #gemeinde_d ins Ja-Lager. Im Jahr 2020 hatte die Gemeinde die Zuwanderungsinitiative noch mit 63,1 Prozent der Stimmen abgelehnt."
5403,51.9,51.9,48.1,"Chessel VD","Chessel hat die Initiative ""Keine 10-Millionen-Schweiz"" angenommen; der Ja-Stimmen-Anteil liegt bei 51,9 Prozent. Mit diesem Ergebnis wechselt #gemeinde_d ins Ja-Lager. Im Jahr 2020 hatte die Gemeinde die Zuwanderungsinitiative noch mit 51,4 Prozent der Stimmen abgelehnt."
5404,41.3,41.3,58.7,"Corbeyrier VD","58,7 Prozent der Stimmbürgerinnen und Stimmbürger von Corbeyrier sprechen sich gegen die Initiative ""Keine 10-Millionen-Schweiz"" aus. Die Ablehnung der Initiative ""Keine 10-Millionen-Schweiz!» ist stärker als jene zur Zuwanderungsinitiative im Jahr 2020. Der Nein-Anteil in #gemeinde_d lag damals bei 54,1 Prozent."
5405,39.7,39.7,60.3,"Gryon VD","In Gryon findet die Initiative ""Keine 10-Millionen-Schweiz"" mit 60,3 Prozent keine Mehrheit. Die Ablehnung der Initiative fällt jedoch geringer aus als zur Zuwanderungsinitiative im Jahr 2020. Die Abstimmenden von #gemeinde_d hatten damals mit 65,8 Prozent Nein gestimmt."
5406,59.6,59.6,40.4,"Lavey-Morcles VD","Mit 59,6 Prozent Ja-Stimmen hat eine Mehrheit der Stimmberechtigten in Lavey-Morcles der Initiative ""Keine 10-Millionen-Schweiz"" zugestimmt. Mit diesem Ergebnis wechselt #gemeinde_d ins Ja-Lager. Im Jahr 2020 hatte die Gemeinde die Zuwanderungsinitiative noch mit 60,4 Prozent der Stimmen abgelehnt."
5407,76.9,76.9,23.1,"Leysin VD","In Leysin erhält die Initiative ""Keine 10-Millionen-Schweiz"" 76,9 Prozent Zustimmung. Mit diesem Ergebnis wechselt #gemeinde_d ins Ja-Lager. Im Jahr 2020 hatte die Gemeinde die Zuwanderungsinitiative noch mit 71,5 Prozent der Stimmen abgelehnt."
5408,58.1,58.1,41.9,"Noville VD","Mit 58,1 Prozent Ja-Stimmen hat eine Mehrheit der Stimmberechtigten in Noville der Initiative ""Keine 10-Millionen-Schweiz"" zugestimmt. Mit diesem Ergebnis wechselt #gemeinde_d ins Ja-Lager. Im Jahr 2020 hatte die Gemeinde die Zuwanderungsinitiative noch mit 60 Prozent der Stimmen abgelehnt."
5409,43.2,43.2,56.8,"Ollon VD","56,8 Prozent der Stimmbürgerinnen und Stimmbürger von Ollon sprechen sich gegen die Initiative ""Keine 10-Millionen-Schweiz"" aus. Die Ablehnung der Initiative fällt jedoch geringer aus als zur Zuwanderungsinitiative im Jahr 2020. Die Abstimmenden von #gemeinde_d hatten damals mit 65,8 Prozent Nein gestimmt."
5410,19.9,19.9,80.1,"Ormont-Dessous VD","In Ormont-Dessous ist die Initiative ""Keine 10-Millionen-Schweiz"" mit 80,1 Prozent der Stimmen gescheitert. Die Ablehnung der Initiative ""Keine 10-Millionen-Schweiz!» ist stärker als jene zur Zuwanderungsinitiative im Jahr 2020. Der Nein-Anteil in #gemeinde_d lag damals bei 51,3 Prozent."
5411,58.4,58.4,41.6,"Ormont-Dessus VD","In Ormont-Dessus erhält die Initiative ""Keine 10-Millionen-Schweiz"" 58,4 Prozent Zustimmung. Mit diesem Ergebnis wechselt #gemeinde_d ins Ja-Lager. Im Jahr 2020 hatte die Gemeinde die Zuwanderungsinitiative noch mit 63,2 Prozent der Stimmen abgelehnt."
5412,37.1,37.1,62.9,"Rennaz VD","In Rennaz findet die Initiative ""Keine 10-Millionen-Schweiz"" mit 62,9 Prozent keine Mehrheit. Die Ablehnung der Initiative ""Keine 10-Millionen-Schweiz!» ist stärker als jene zur Zuwanderungsinitiative im Jahr 2020. Der Nein-Anteil in #gemeinde_d lag damals bei 56,9 Prozent."
5413,63.7,63.7,36.3,"Roche VD","Mit 63,7 Prozent Ja-Stimmen hat eine Mehrheit der Stimmberechtigten in Roche VD der Initiative ""Keine 10-Millionen-Schweiz"" zugestimmt. Mit diesem Ergebnis wechselt #gemeinde_d ins Ja-Lager. Im Jahr 2020 hatte die Gemeinde die Zuwanderungsinitiative noch mit 60 Prozent der Stimmen abgelehnt."
5414,52.7,52.7,47.3,"Villeneuve VD","Mit 52,7 Prozent Ja-Stimmen hat eine Mehrheit der Stimmberechtigten in Villeneuve VD der Initiative ""Keine 10-Millionen-Schweiz"" zugestimmt. Mit diesem Ergebnis wechselt #gemeinde_d ins Ja-Lager. Im Jahr 2020 hatte die Gemeinde die Zuwanderungsinitiative noch mit 62,4 Prozent der Stimmen abgelehnt."
5415,53.7,53.7,46.3,"Yvorne VD","Mit 53,7 Prozent Ja-Stimmen hat eine Mehrheit der Stimmberechtigten in Yvorne der Initiative ""Keine 10-Millionen-Schweiz"" zugestimmt. Mit diesem Ergebnis wechselt #gemeinde_d ins Ja-Lager. Im Jahr 2020 hatte die Gemeinde die Zuwanderungsinitiative noch mit 65,4 Prozent der Stimmen abgelehnt."
5422,72.8,72.8,27.2,"Aubonne VD","Mit 72,8 Prozent Ja-Stimmen hat eine Mehrheit der Stimmberechtigten in Aubonne der Initiative ""Keine 10-Millionen-Schweiz"" zugestimmt. Mit diesem Ergebnis wechselt #gemeinde_d ins Ja-Lager. Im Jahr 2020 hatte die Gemeinde die Zuwanderungsinitiative noch mit 73,6 Prozent der Stimmen abgelehnt."
5423,43.8,43.8,56.2,"Ballens VD","Die Initiative ""Keine 10-Millionen-Schweiz"" erreicht in Ballens 56,2 Prozent Nein-Stimmen. Die Ablehnung der Initiative fällt jedoch geringer aus als zur Zuwanderungsinitiative im Jahr 2020. Die Abstimmenden von #gemeinde_d hatten damals mit 61,8 Prozent Nein gestimmt."
5424,31.3,31.3,68.7,"Berolle VD","In Berolle ist die Initiative ""Keine 10-Millionen-Schweiz"" mit 68,7 Prozent der Stimmen gescheitert. Das Ergebnis hat sich im Vergleich zur Abstimmung über die Zuwanderungsinitiative im Jahr 2020 kaum verändert. #gemeinde_d hatte damals mit 69 Prozent Nein gestimmt."
5425,53.2,53.2,46.8,"Bière VD","Bière hat die Initiative ""Keine 10-Millionen-Schweiz"" angenommen; der Ja-Stimmen-Anteil liegt bei 53,2 Prozent. Mit diesem Ergebnis wechselt #gemeinde_d ins Ja-Lager. Im Jahr 2020 hatte die Gemeinde die Zuwanderungsinitiative noch mit 54 Prozent der Stimmen abgelehnt."
5426,99.8,99.8,0.2,"Bougy-Villars VD","Beim Ja-Anteil der Initiative ""Keine 10-Millionen-Schweiz"" steht Bougy-Villars auf Platz zwei in der Schweiz, er beträgt 99,8 Prozent. Mit diesem Ergebnis wechselt #gemeinde_d ins Ja-Lager. Im Jahr 2020 hatte die Gemeinde die Zuwanderungsinitiative noch mit 60,8 Prozent der Stimmen abgelehnt."
5427,25.9,25.9,74.1,"Féchy VD","Die Initiative ""Keine 10-Millionen-Schweiz"" erreicht in Féchy 74,1 Prozent Nein-Stimmen. Die Ablehnung der Initiative ""Keine 10-Millionen-Schweiz!» ist stärker als jene zur Zuwanderungsinitiative im Jahr 2020. Der Nein-Anteil in #gemeinde_d lag damals bei 68,7 Prozent."
5428,50.1,50.1,49.9,"Gimel VD","Mit 50,1 Prozent befürworten die Stimmberechtigten von Gimel die Initiative ""Keine 10-Millionen-Schweiz"". Mit diesem Ergebnis wechselt #gemeinde_d ins Ja-Lager. Im Jahr 2020 hatte die Gemeinde die Zuwanderungsinitiative noch mit 65,2 Prozent der Stimmen abgelehnt."
5429,46.4,46.4,53.6,"Longirod VD","In Longirod ist die Initiative ""Keine 10-Millionen-Schweiz"" mit 53,6 Prozent der Stimmen gescheitert. Die Ablehnung der Initiative fällt jedoch geringer aus als zur Zuwanderungsinitiative im Jahr 2020. Die Abstimmenden von #gemeinde_d hatten damals mit 68,6 Prozent Nein gestimmt."
5430,97.6,97.6,2.4,"Marchissy VD","Mit 97,6 Prozent Ja-Stimmen hat eine Mehrheit der Stimmberechtigten in Marchissy der Initiative ""Keine 10-Millionen-Schweiz"" zugestimmt. Mit diesem Ergebnis wechselt #gemeinde_d ins Ja-Lager. Im Jahr 2020 hatte die Gemeinde die Zuwanderungsinitiative noch mit 68,4 Prozent der Stimmen abgelehnt."
5431,67.4,67.4,32.6,"Mollens VD","In Mollens VD erhält die Initiative ""Keine 10-Millionen-Schweiz"" 67,4 Prozent Zustimmung. Mit diesem Ergebnis wechselt #gemeinde_d ins Ja-Lager. Im Jahr 2020 hatte die Gemeinde die Zuwanderungsinitiative noch mit 55,6 Prozent der Stimmen abgelehnt."
5434,21.6,21.6,78.4,"Saint-George VD","78,4 Prozent der Stimmbürgerinnen und Stimmbürger von Saint-George sprechen sich gegen die Initiative ""Keine 10-Millionen-Schweiz"" aus. Die Ablehnung der Initiative ""Keine 10-Millionen-Schweiz!» ist stärker als jene zur Zuwanderungsinitiative im Jahr 2020. Der Nein-Anteil in #gemeinde_d lag damals bei 66,4 Prozent."
5435,65.5,65.5,34.5,"Saint-Livres VD","Mit 65,5 Prozent befürworten die Stimmberechtigten von Saint-Livres die Initiative ""Keine 10-Millionen-Schweiz"". Mit diesem Ergebnis wechselt #gemeinde_d ins Ja-Lager. Im Jahr 2020 hatte die Gemeinde die Zuwanderungsinitiative noch mit 64,5 Prozent der Stimmen abgelehnt."
5436,30.1,30.1,69.9,"Saint-Oyens VD","In Saint-Oyens wird die Initiative ""Keine 10-Millionen-Schweiz"" mit 69,9 Prozent abgelehnt. Die Ablehnung der Initiative ""Keine 10-Millionen-Schweiz!» ist stärker als jene zur Zuwanderungsinitiative im Jahr 2020. Der Nein-Anteil in #gemeinde_d lag damals bei 65,6 Prozent."
5437,93.4,93.4,6.6,"Saubraz VD","Mit 93,4 Prozent Ja-Stimmen hat eine Mehrheit der Stimmberechtigten in Saubraz der Initiative ""Keine 10-Millionen-Schweiz"" zugestimmt. Mit diesem Ergebnis wechselt #gemeinde_d ins Ja-Lager. Im Jahr 2020 hatte die Gemeinde die Zuwanderungsinitiative noch mit 60,8 Prozent der Stimmen abgelehnt."
5451,35.9,35.9,64.1,"Avenches VD","64,1 Prozent der Stimmbürgerinnen und Stimmbürger von Avenches sprechen sich gegen die Initiative ""Keine 10-Millionen-Schweiz"" aus. Die Ablehnung der Initiative ""Keine 10-Millionen-Schweiz!» ist stärker als jene zur Zuwanderungsinitiative im Jahr 2020. Der Nein-Anteil in #gemeinde_d lag damals bei 58,1 Prozent."
5456,47.1,47.1,52.9,"Cudrefin VD","Die Initiative ""Keine 10-Millionen-Schweiz"" erreicht in Cudrefin 52,9 Prozent Nein-Stimmen. Die Ablehnung der Initiative fällt jedoch geringer aus als zur Zuwanderungsinitiative im Jahr 2020. Die Abstimmenden von #gemeinde_d hatten damals mit 63,1 Prozent Nein gestimmt."
5458,71.8,71.8,28.2,"Faoug VD","Mit 71,8 Prozent Ja-Stimmen hat eine Mehrheit der Stimmberechtigten in Faoug der Initiative ""Keine 10-Millionen-Schweiz"" zugestimmt. Mit diesem Ergebnis wechselt #gemeinde_d ins Ja-Lager. Im Jahr 2020 hatte die Gemeinde die Zuwanderungsinitiative noch mit 70,8 Prozent der Stimmen abgelehnt."
5464,52.6,52.6,47.4,"Vully-les-Lacs VD","Mit 52,6 Prozent Ja-Stimmen hat eine Mehrheit der Stimmberechtigten in Vully-les-Lacs der Initiative ""Keine 10-Millionen-Schweiz"" zugestimmt. Mit diesem Ergebnis wechselt #gemeinde_d ins Ja-Lager. Im Jahr 2020 hatte die Gemeinde die Zuwanderungsinitiative noch mit 60,7 Prozent der Stimmen abgelehnt."
5471,54.4,54.4,45.6,"Bettens VD","In Bettens erhält die Initiative ""Keine 10-Millionen-Schweiz"" 54,4 Prozent Zustimmung. Mit diesem Ergebnis wechselt #gemeinde_d ins Ja-Lager. Im Jahr 2020 hatte die Gemeinde die Zuwanderungsinitiative noch mit 68,4 Prozent der Stimmen abgelehnt."
5472,35.8,35.8,64.2,"Bournens VD","In Bournens wird die Initiative ""Keine 10-Millionen-Schweiz"" mit 64,2 Prozent abgelehnt. Die Ablehnung der Initiative ""Keine 10-Millionen-Schweiz!» ist stärker als jene zur Zuwanderungsinitiative im Jahr 2020. Der Nein-Anteil in #gemeinde_d lag damals bei 63 Prozent."
5473,11.2,11.2,88.8,"Boussens VD","In Boussens ist die Initiative ""Keine 10-Millionen-Schweiz"" mit 88,8 Prozent der Stimmen gescheitert. Die Ablehnung der Initiative ""Keine 10-Millionen-Schweiz!» ist stärker als jene zur Zuwanderungsinitiative im Jahr 2020. Der Nein-Anteil in #gemeinde_d lag damals bei 63,9 Prozent."
5474,85.1,85.1,14.9,"La Chaux (Cossonay) VD","Mit 85,1 Prozent befürworten die Stimmberechtigten von La Chaux (Cossonay) die Initiative ""Keine 10-Millionen-Schweiz"". Mit diesem Ergebnis wechselt #gemeinde_d ins Ja-Lager. Im Jahr 2020 hatte die Gemeinde die Zuwanderungsinitiative noch mit 68,1 Prozent der Stimmen abgelehnt."
5475,72,72,28,"Chavannes-le-Veyron VD","Die Initiative ""Keine 10-Millionen-Schweiz"" erreicht in Chavannes-le-Veyron 72 Prozent Ja-Stimmen. Mit diesem Ergebnis wechselt #gemeinde_d ins Ja-Lager. Im Jahr 2020 hatte die Gemeinde die Zuwanderungsinitiative noch mit 70,7 Prozent der Stimmen abgelehnt."
5476,87.8,87.8,12.2,"Chevilly VD","Mit 87,8 Prozent Ja-Stimmen hat eine Mehrheit der Stimmberechtigten in Chevilly der Initiative ""Keine 10-Millionen-Schweiz"" zugestimmt. Mit diesem Ergebnis wechselt #gemeinde_d ins Ja-Lager. Im Jahr 2020 hatte die Gemeinde die Zuwanderungsinitiative noch mit 73,2 Prozent der Stimmen abgelehnt."
5477,34.8,34.8,65.2,"Cossonay VD","In Cossonay ist die Initiative ""Keine 10-Millionen-Schweiz"" mit 65,2 Prozent der Stimmen gescheitert. Die Ablehnung der Initiative fällt jedoch geringer aus als zur Zuwanderungsinitiative im Jahr 2020. Die Abstimmenden von #gemeinde_d hatten damals mit 74,2 Prozent Nein gestimmt."
5479,61,61,39,"Cuarnens VD","Mit 61 Prozent Ja-Stimmen hat eine Mehrheit der Stimmberechtigten in Cuarnens der Initiative ""Keine 10-Millionen-Schweiz"" zugestimmt. Mit diesem Ergebnis wechselt #gemeinde_d ins Ja-Lager. Im Jahr 2020 hatte die Gemeinde die Zuwanderungsinitiative noch mit 63,7 Prozent der Stimmen abgelehnt."
5480,87.9,87.9,12.1,"Daillens VD","Daillens hat die Initiative ""Keine 10-Millionen-Schweiz"" angenommen; der Ja-Stimmen-Anteil liegt bei 87,9 Prozent. Mit diesem Ergebnis wechselt #gemeinde_d ins Ja-Lager. Im Jahr 2020 hatte die Gemeinde die Zuwanderungsinitiative noch mit 66,3 Prozent der Stimmen abgelehnt."
5481,60.5,60.5,39.5,"Dizy VD","60,5 Prozent der Stimmbürgerinnen und Stimmbürger von Dizy haben sich für die Initiative ""Keine 10-Millionen-Schweiz"" ausgesprochen. Mit diesem Ergebnis wechselt #gemeinde_d ins Ja-Lager. Im Jahr 2020 hatte die Gemeinde die Zuwanderungsinitiative noch mit 60,9 Prozent der Stimmen abgelehnt."
5482,75.1,75.1,24.9,"Eclépens VD","Die Initiative ""Keine 10-Millionen-Schweiz"" erreicht in Eclépens 75,1 Prozent Ja-Stimmen. Mit diesem Ergebnis wechselt #gemeinde_d ins Ja-Lager. Im Jahr 2020 hatte die Gemeinde die Zuwanderungsinitiative noch mit 64,3 Prozent der Stimmen abgelehnt."
5483,61,61,39,"Ferreyres VD","Mit 61 Prozent Ja-Stimmen hat eine Mehrheit der Stimmberechtigten in Ferreyres der Initiative ""Keine 10-Millionen-Schweiz"" zugestimmt. Mit diesem Ergebnis wechselt #gemeinde_d ins Ja-Lager. Im Jahr 2020 hatte die Gemeinde die Zuwanderungsinitiative noch mit 68,5 Prozent der Stimmen abgelehnt."
5484,75.3,75.3,24.7,"Gollion VD","Mit 75,3 Prozent befürworten die Stimmberechtigten von Gollion die Initiative ""Keine 10-Millionen-Schweiz"". Mit diesem Ergebnis wechselt #gemeinde_d ins Ja-Lager. Im Jahr 2020 hatte die Gemeinde die Zuwanderungsinitiative noch mit 66 Prozent der Stimmen abgelehnt."
5485,73.2,73.2,26.8,"Grancy VD","73,2 Prozent der Stimmbürgerinnen und Stimmbürger von Grancy haben sich für die Initiative ""Keine 10-Millionen-Schweiz"" ausgesprochen. Mit diesem Ergebnis wechselt #gemeinde_d ins Ja-Lager. Im Jahr 2020 hatte die Gemeinde die Zuwanderungsinitiative noch mit 71,7 Prozent der Stimmen abgelehnt."
5486,19,19,81,"L'Isle VD","In L'Isle findet die Initiative ""Keine 10-Millionen-Schweiz"" mit 81 Prozent keine Mehrheit. Die Ablehnung der Initiative ""Keine 10-Millionen-Schweiz!» ist stärker als jene zur Zuwanderungsinitiative im Jahr 2020. Der Nein-Anteil in #gemeinde_d lag damals bei 64,8 Prozent."
5487,80.7,80.7,19.3,"Lussery-Villars VD","Die Initiative ""Keine 10-Millionen-Schweiz"" erreicht in Lussery-Villars 80,7 Prozent Ja-Stimmen. Mit diesem Ergebnis wechselt #gemeinde_d ins Ja-Lager. Im Jahr 2020 hatte die Gemeinde die Zuwanderungsinitiative noch mit 69,1 Prozent der Stimmen abgelehnt."
5488,51,51,49,"Mauraz VD","51 Prozent der Stimmbürgerinnen und Stimmbürger von Mauraz haben sich für die Initiative ""Keine 10-Millionen-Schweiz"" ausgesprochen. Mit diesem Ergebnis wechselt #gemeinde_d ins Ja-Lager. Im Jahr 2020 hatte die Gemeinde die Zuwanderungsinitiative noch mit 60,7 Prozent der Stimmen abgelehnt."
5489,49.7,49.7,50.3,"Mex VD","Die Initiative ""Keine 10-Millionen-Schweiz"" erreicht in Mex VD 50,3 Prozent Nein-Stimmen. Die Ablehnung der Initiative fällt jedoch geringer aus als zur Zuwanderungsinitiative im Jahr 2020. Die Abstimmenden von #gemeinde_d hatten damals mit 62,5 Prozent Nein gestimmt."
5490,52.6,52.6,47.4,"Moiry VD","52,6 Prozent der Stimmbürgerinnen und Stimmbürger von Moiry haben sich für die Initiative ""Keine 10-Millionen-Schweiz"" ausgesprochen. Mit diesem Ergebnis wechselt #gemeinde_d ins Ja-Lager. Im Jahr 2020 hatte die Gemeinde die Zuwanderungsinitiative noch mit 64,1 Prozent der Stimmen abgelehnt."
5491,39.7,39.7,60.3,"Mont-la-Ville VD","60,3 Prozent der Stimmbürgerinnen und Stimmbürger von Mont-la-Ville sprechen sich gegen die Initiative ""Keine 10-Millionen-Schweiz"" aus. Das Ergebnis hat sich im Vergleich zur Abstimmung über die Zuwanderungsinitiative im Jahr 2020 kaum verändert. #gemeinde_d hatte damals mit 59,9 Prozent Nein gestimmt."
5492,39.9,39.9,60.1,"Montricher VD","In Montricher findet die Initiative ""Keine 10-Millionen-Schweiz"" mit 60,1 Prozent keine Mehrheit. Die Ablehnung der Initiative fällt jedoch geringer aus als zur Zuwanderungsinitiative im Jahr 2020. Die Abstimmenden von #gemeinde_d hatten damals mit 65,8 Prozent Nein gestimmt."
5493,15.5,15.5,84.5,"Orny VD","In Orny wird die Initiative ""Keine 10-Millionen-Schweiz"" mit 84,5 Prozent abgelehnt. Die Ablehnung der Initiative ""Keine 10-Millionen-Schweiz!» ist stärker als jene zur Zuwanderungsinitiative im Jahr 2020. Der Nein-Anteil in #gemeinde_d lag damals bei 69,5 Prozent."
5495,7.5,7.5,92.5,"Penthalaz VD","Die Initiative ""Keine 10-Millionen-Schweiz"" erreicht in Penthalaz 92,5 Prozent Nein-Stimmen. Die Ablehnung der Initiative ""Keine 10-Millionen-Schweiz!» ist stärker als jene zur Zuwanderungsinitiative im Jahr 2020. Der Nein-Anteil in #gemeinde_d lag damals bei 66,9 Prozent."
5496,42.3,42.3,57.7,"Penthaz VD","Die Initiative ""Keine 10-Millionen-Schweiz"" erreicht in Penthaz 57,7 Prozent Nein-Stimmen. Die Ablehnung der Initiative fällt jedoch geringer aus als zur Zuwanderungsinitiative im Jahr 2020. Die Abstimmenden von #gemeinde_d hatten damals mit 66,3 Prozent Nein gestimmt."
5497,27.8,27.8,72.2,"Pompaples VD","72,2 Prozent der Stimmbürgerinnen und Stimmbürger von Pompaples sprechen sich gegen die Initiative ""Keine 10-Millionen-Schweiz"" aus. Die Ablehnung der Initiative ""Keine 10-Millionen-Schweiz!» ist stärker als jene zur Zuwanderungsinitiative im Jahr 2020. Der Nein-Anteil in #gemeinde_d lag damals bei 64,9 Prozent."
5498,63.6,63.6,36.4,"La Sarraz VD","In La Sarraz erhält die Initiative ""Keine 10-Millionen-Schweiz"" 63,6 Prozent Zustimmung. Mit diesem Ergebnis wechselt #gemeinde_d ins Ja-Lager. Im Jahr 2020 hatte die Gemeinde die Zuwanderungsinitiative noch mit 71,2 Prozent der Stimmen abgelehnt."
5499,44.7,44.7,55.3,"Senarclens VD","In Senarclens ist die Initiative ""Keine 10-Millionen-Schweiz"" mit 55,3 Prozent der Stimmen gescheitert. Die Ablehnung der Initiative fällt jedoch geringer aus als zur Zuwanderungsinitiative im Jahr 2020. Die Abstimmenden von #gemeinde_d hatten damals mit 65,5 Prozent Nein gestimmt."
5501,61.9,61.9,38.1,"Sullens VD","In Sullens erhält die Initiative ""Keine 10-Millionen-Schweiz"" 61,9 Prozent Zustimmung. Mit diesem Ergebnis wechselt #gemeinde_d ins Ja-Lager. Im Jahr 2020 hatte die Gemeinde die Zuwanderungsinitiative noch mit 66,4 Prozent der Stimmen abgelehnt."
5503,51.5,51.5,48.5,"Vufflens-la-Ville VD","Mit 51,5 Prozent Ja-Stimmen hat eine Mehrheit der Stimmberechtigten in Vufflens-la-Ville der Initiative ""Keine 10-Millionen-Schweiz"" zugestimmt. Mit diesem Ergebnis wechselt #gemeinde_d ins Ja-Lager. Im Jahr 2020 hatte die Gemeinde die Zuwanderungsinitiative noch mit 69,4 Prozent der Stimmen abgelehnt."
5511,43,43,57,"Assens VD","In Assens findet die Initiative ""Keine 10-Millionen-Schweiz"" mit 57 Prozent keine Mehrheit. Die Ablehnung der Initiative fällt jedoch geringer aus als zur Zuwanderungsinitiative im Jahr 2020. Die Abstimmenden von #gemeinde_d hatten damals mit 64,1 Prozent Nein gestimmt."
5512,49.7,49.7,50.3,"Bercher VD","In Bercher findet die Initiative ""Keine 10-Millionen-Schweiz"" mit 50,3 Prozent keine Mehrheit. Die Ablehnung der Initiative fällt jedoch geringer aus als zur Zuwanderungsinitiative im Jahr 2020. Die Abstimmenden von #gemeinde_d hatten damals mit 71 Prozent Nein gestimmt."
5514,55.6,55.6,44.4,"Bottens VD","Mit 55,6 Prozent befürworten die Stimmberechtigten von Bottens die Initiative ""Keine 10-Millionen-Schweiz"". Mit diesem Ergebnis wechselt #gemeinde_d ins Ja-Lager. Im Jahr 2020 hatte die Gemeinde die Zuwanderungsinitiative noch mit 62,6 Prozent der Stimmen abgelehnt."
5515,50.4,50.4,49.6,"Bretigny-sur-Morrens VD","Mit 50,4 Prozent befürworten die Stimmberechtigten von Bretigny-sur-Morrens die Initiative ""Keine 10-Millionen-Schweiz"". Mit diesem Ergebnis wechselt #gemeinde_d ins Ja-Lager. Im Jahr 2020 hatte die Gemeinde die Zuwanderungsinitiative noch mit 70,7 Prozent der Stimmen abgelehnt."
5516,34.9,34.9,65.1,"Cugy VD","Die Initiative ""Keine 10-Millionen-Schweiz"" erreicht in Cugy VD 65,1 Prozent Nein-Stimmen. Die Ablehnung der Initiative fällt jedoch geringer aus als zur Zuwanderungsinitiative im Jahr 2020. Die Abstimmenden von #gemeinde_d hatten damals mit 71,2 Prozent Nein gestimmt."
5518,51.3,51.3,48.7,"Echallens VD","In Echallens erhält die Initiative ""Keine 10-Millionen-Schweiz"" 51,3 Prozent Zustimmung. Mit diesem Ergebnis wechselt #gemeinde_d ins Ja-Lager. Im Jahr 2020 hatte die Gemeinde die Zuwanderungsinitiative noch mit 70,9 Prozent der Stimmen abgelehnt."
5520,27.1,27.1,72.9,"Essertines-sur-Yverdon VD","72,9 Prozent der Stimmbürgerinnen und Stimmbürger von Essertines-sur-Yverdon sprechen sich gegen die Initiative ""Keine 10-Millionen-Schweiz"" aus. Die Ablehnung der Initiative ""Keine 10-Millionen-Schweiz!» ist stärker als jene zur Zuwanderungsinitiative im Jahr 2020. Der Nein-Anteil in #gemeinde_d lag damals bei 63,7 Prozent."
5521,85.5,85.5,14.5,"Etagnières VD","Mit 85,5 Prozent Ja-Stimmen hat eine Mehrheit der Stimmberechtigten in Etagnières der Initiative ""Keine 10-Millionen-Schweiz"" zugestimmt. Mit diesem Ergebnis wechselt #gemeinde_d ins Ja-Lager. Im Jahr 2020 hatte die Gemeinde die Zuwanderungsinitiative noch mit 69 Prozent der Stimmen abgelehnt."
5522,75.1,75.1,24.9,"Fey VD","75,1 Prozent der Stimmbürgerinnen und Stimmbürger von Fey haben sich für die Initiative ""Keine 10-Millionen-Schweiz"" ausgesprochen. Mit diesem Ergebnis wechselt #gemeinde_d ins Ja-Lager. Im Jahr 2020 hatte die Gemeinde die Zuwanderungsinitiative noch mit 70,4 Prozent der Stimmen abgelehnt."
5523,8.4,8.4,91.6,"Froideville VD","Die Initiative ""Keine 10-Millionen-Schweiz"" erreicht in Froideville 91,6 Prozent Nein-Stimmen. Die Ablehnung der Initiative ""Keine 10-Millionen-Schweiz!» ist stärker als jene zur Zuwanderungsinitiative im Jahr 2020. Der Nein-Anteil in #gemeinde_d lag damals bei 63,3 Prozent."
5527,15.3,15.3,84.7,"Morrens VD","84,7 Prozent der Stimmbürgerinnen und Stimmbürger von Morrens VD sprechen sich gegen die Initiative ""Keine 10-Millionen-Schweiz"" aus. Die Ablehnung der Initiative ""Keine 10-Millionen-Schweiz!» ist stärker als jene zur Zuwanderungsinitiative im Jahr 2020. Der Nein-Anteil in #gemeinde_d lag damals bei 66,1 Prozent."
5529,15.5,15.5,84.5,"Oulens-sous-Echallens VD","In Oulens-sous-Echallens findet die Initiative ""Keine 10-Millionen-Schweiz"" mit 84,5 Prozent keine Mehrheit. Die Ablehnung der Initiative ""Keine 10-Millionen-Schweiz!» ist stärker als jene zur Zuwanderungsinitiative im Jahr 2020. Der Nein-Anteil in #gemeinde_d lag damals bei 67,5 Prozent."
5530,89.6,89.6,10.4,"Pailly VD","Mit 89,6 Prozent Ja-Stimmen hat eine Mehrheit der Stimmberechtigten in Pailly der Initiative ""Keine 10-Millionen-Schweiz"" zugestimmt. Mit diesem Ergebnis wechselt #gemeinde_d ins Ja-Lager. Im Jahr 2020 hatte die Gemeinde die Zuwanderungsinitiative noch mit 60,2 Prozent der Stimmen abgelehnt."
5531,86.2,86.2,13.8,"Penthéréaz VD","86,2 Prozent der Stimmbürgerinnen und Stimmbürger von Penthéréaz haben sich für die Initiative ""Keine 10-Millionen-Schweiz"" ausgesprochen. Mit diesem Ergebnis wechselt #gemeinde_d ins Ja-Lager. Im Jahr 2020 hatte die Gemeinde die Zuwanderungsinitiative noch mit 71,8 Prozent der Stimmen abgelehnt."
5533,48.6,48.6,51.4,"Poliez-Pittet VD","Die Initiative ""Keine 10-Millionen-Schweiz"" erreicht in Poliez-Pittet 51,4 Prozent Nein-Stimmen. Die Ablehnung der Initiative fällt jedoch geringer aus als zur Zuwanderungsinitiative im Jahr 2020. Die Abstimmenden von #gemeinde_d hatten damals mit 64 Prozent Nein gestimmt."
5534,61.6,61.6,38.4,"Rueyres VD","61,6 Prozent der Stimmbürgerinnen und Stimmbürger von Rueyres haben sich für die Initiative ""Keine 10-Millionen-Schweiz"" ausgesprochen. Mit diesem Ergebnis wechselt #gemeinde_d ins Ja-Lager. Im Jahr 2020 hatte die Gemeinde die Zuwanderungsinitiative noch mit 60,6 Prozent der Stimmen abgelehnt."
5535,89.6,89.6,10.4,"Saint-Barthélemy VD","Mit 89,6 Prozent Ja-Stimmen hat eine Mehrheit der Stimmberechtigten in Saint-Barthélemy VD der Initiative ""Keine 10-Millionen-Schweiz"" zugestimmt. Mit diesem Ergebnis wechselt #gemeinde_d ins Ja-Lager. Im Jahr 2020 hatte die Gemeinde die Zuwanderungsinitiative noch mit 67,3 Prozent der Stimmen abgelehnt."
5537,61.8,61.8,38.2,"Villars-le-Terroir VD","Villars-le-Terroir hat die Initiative ""Keine 10-Millionen-Schweiz"" angenommen; der Ja-Stimmen-Anteil liegt bei 61,8 Prozent. Mit diesem Ergebnis wechselt #gemeinde_d ins Ja-Lager. Im Jahr 2020 hatte die Gemeinde die Zuwanderungsinitiative noch mit 64,1 Prozent der Stimmen abgelehnt."
5539,57.1,57.1,42.9,"Vuarrens VD","Vuarrens hat die Initiative ""Keine 10-Millionen-Schweiz"" angenommen; der Ja-Stimmen-Anteil liegt bei 57,1 Prozent. Mit diesem Ergebnis wechselt #gemeinde_d ins Ja-Lager. Im Jahr 2020 hatte die Gemeinde die Zuwanderungsinitiative noch mit 53,7 Prozent der Stimmen abgelehnt."
5540,55.2,55.2,44.8,"Montilliez VD","55,2 Prozent der Stimmbürgerinnen und Stimmbürger von Montilliez haben sich für die Initiative ""Keine 10-Millionen-Schweiz"" ausgesprochen. Mit diesem Ergebnis wechselt #gemeinde_d ins Ja-Lager. Im Jahr 2020 hatte die Gemeinde die Zuwanderungsinitiative noch mit 60 Prozent der Stimmen abgelehnt."
5541,65.8,65.8,34.2,"Goumoëns VD","Mit 65,8 Prozent befürworten die Stimmberechtigten von Goumoëns die Initiative ""Keine 10-Millionen-Schweiz"". Mit diesem Ergebnis wechselt #gemeinde_d ins Ja-Lager. Im Jahr 2020 hatte die Gemeinde die Zuwanderungsinitiative noch mit 66,2 Prozent der Stimmen abgelehnt."
5551,91.3,91.3,8.7,"Bonvillars VD","91,3 Prozent der Stimmbürgerinnen und Stimmbürger von Bonvillars haben sich für die Initiative ""Keine 10-Millionen-Schweiz"" ausgesprochen. Mit diesem Ergebnis wechselt #gemeinde_d ins Ja-Lager. Im Jahr 2020 hatte die Gemeinde die Zuwanderungsinitiative noch mit 65,1 Prozent der Stimmen abgelehnt."
5552,35,35,65,"Bullet VD","65 Prozent der Stimmbürgerinnen und Stimmbürger von Bullet sprechen sich gegen die Initiative ""Keine 10-Millionen-Schweiz"" aus. Die Ablehnung der Initiative ""Keine 10-Millionen-Schweiz!» ist stärker als jene zur Zuwanderungsinitiative im Jahr 2020. Der Nein-Anteil in #gemeinde_d lag damals bei 59,6 Prozent."
5553,88.3,88.3,11.7,"Champagne VD","Mit 88,3 Prozent befürworten die Stimmberechtigten von Champagne die Initiative ""Keine 10-Millionen-Schweiz"". Mit diesem Ergebnis wechselt #gemeinde_d ins Ja-Lager. Im Jahr 2020 hatte die Gemeinde die Zuwanderungsinitiative noch mit 74,3 Prozent der Stimmen abgelehnt."
5554,46.2,46.2,53.8,"Concise VD","53,8 Prozent der Stimmbürgerinnen und Stimmbürger von Concise sprechen sich gegen die Initiative ""Keine 10-Millionen-Schweiz"" aus. Die Ablehnung der Initiative fällt jedoch geringer aus als zur Zuwanderungsinitiative im Jahr 2020. Die Abstimmenden von #gemeinde_d hatten damals mit 69,5 Prozent Nein gestimmt."
5555,36.2,36.2,63.8,"Corcelles-près-Concise VD","63,8 Prozent der Stimmbürgerinnen und Stimmbürger von Corcelles-près-Concise sprechen sich gegen die Initiative ""Keine 10-Millionen-Schweiz"" aus. Die Ablehnung der Initiative fällt jedoch geringer aus als zur Zuwanderungsinitiative im Jahr 2020. Die Abstimmenden von #gemeinde_d hatten damals mit 71,3 Prozent Nein gestimmt."
5556,25.9,25.9,74.1,"Fiez VD","74,1 Prozent der Stimmbürgerinnen und Stimmbürger von Fiez sprechen sich gegen die Initiative ""Keine 10-Millionen-Schweiz"" aus. Das Ergebnis hat sich im Vergleich zur Abstimmung über die Zuwanderungsinitiative im Jahr 2020 kaum verändert. #gemeinde_d hatte damals mit 75 Prozent Nein gestimmt."
5557,29.9,29.9,70.1,"Fontaines-sur-Grandson VD","In Fontaines-sur-Grandson wird die Initiative ""Keine 10-Millionen-Schweiz"" mit 70,1 Prozent abgelehnt. Die Ablehnung der Initiative fällt jedoch geringer aus als zur Zuwanderungsinitiative im Jahr 2020. Die Abstimmenden von #gemeinde_d hatten damals mit 72 Prozent Nein gestimmt."
5559,59,59,41,"Giez VD","59 Prozent der Stimmbürgerinnen und Stimmbürger von Giez haben sich für die Initiative ""Keine 10-Millionen-Schweiz"" ausgesprochen. Mit diesem Ergebnis wechselt #gemeinde_d ins Ja-Lager. Im Jahr 2020 hatte die Gemeinde die Zuwanderungsinitiative noch mit 68,6 Prozent der Stimmen abgelehnt."
5560,61.7,61.7,38.3,"Grandevent VD","Grandevent hat die Initiative ""Keine 10-Millionen-Schweiz"" angenommen; der Ja-Stimmen-Anteil liegt bei 61,7 Prozent. Mit diesem Ergebnis wechselt #gemeinde_d ins Ja-Lager. Im Jahr 2020 hatte die Gemeinde die Zuwanderungsinitiative noch mit 75,2 Prozent der Stimmen abgelehnt."
5561,46.3,46.3,53.7,"Grandson VD","In Grandson ist die Initiative ""Keine 10-Millionen-Schweiz"" mit 53,7 Prozent der Stimmen gescheitert. Die Ablehnung der Initiative fällt jedoch geringer aus als zur Zuwanderungsinitiative im Jahr 2020. Die Abstimmenden von #gemeinde_d hatten damals mit 74,1 Prozent Nein gestimmt."
5562,58.2,58.2,41.8,"Mauborget VD","Mauborget hat die Initiative ""Keine 10-Millionen-Schweiz"" angenommen; der Ja-Stimmen-Anteil liegt bei 58,2 Prozent. Die Unterstützung für die Initiative ""Keine 10-Millionen-Schweiz!» hat in #gemeinde_d gegenüber der Zuwanderungsinitiative im Jahr 2020 zugenommen. Bei jener Abstimmung hatten 52 Prozent der Abstimmenden der Gemeinde die Vorlage angenommen."
5563,65.9,65.9,34.1,"Mutrux VD","In Mutrux erhält die Initiative ""Keine 10-Millionen-Schweiz"" 65,9 Prozent Zustimmung. Mit diesem Ergebnis wechselt #gemeinde_d ins Ja-Lager. Im Jahr 2020 hatte die Gemeinde die Zuwanderungsinitiative noch mit 60 Prozent der Stimmen abgelehnt."
5564,36,36,64,"Novalles VD","Die Initiative ""Keine 10-Millionen-Schweiz"" erreicht in Novalles 64 Prozent Nein-Stimmen. Das Ergebnis hat sich im Vergleich zur Abstimmung über die Zuwanderungsinitiative im Jahr 2020 kaum verändert. #gemeinde_d hatte damals mit 64 Prozent Nein gestimmt."
5565,59.7,59.7,40.3,"Onnens VD","Mit 59,7 Prozent befürworten die Stimmberechtigten von Onnens VD die Initiative ""Keine 10-Millionen-Schweiz"". Mit diesem Ergebnis wechselt #gemeinde_d ins Ja-Lager. Im Jahr 2020 hatte die Gemeinde die Zuwanderungsinitiative noch mit 71,3 Prozent der Stimmen abgelehnt."
5566,11.9,11.9,88.1,"Provence VD","In Provence ist die Initiative ""Keine 10-Millionen-Schweiz"" mit 88,1 Prozent der Stimmen gescheitert. Die Ablehnung der Initiative ""Keine 10-Millionen-Schweiz!» ist stärker als jene zur Zuwanderungsinitiative im Jahr 2020. Der Nein-Anteil in #gemeinde_d lag damals bei 61,5 Prozent."
5568,30.3,30.3,69.7,"Sainte-Croix VD","In Sainte-Croix ist die Initiative ""Keine 10-Millionen-Schweiz"" mit 69,7 Prozent der Stimmen gescheitert. Die Ablehnung der Initiative ""Keine 10-Millionen-Schweiz!» ist stärker als jene zur Zuwanderungsinitiative im Jahr 2020. Der Nein-Anteil in #gemeinde_d lag damals bei 62,5 Prozent."
5571,18.4,18.4,81.6,"Tévenon VD","81,6 Prozent der Stimmbürgerinnen und Stimmbürger von Tévenon sprechen sich gegen die Initiative ""Keine 10-Millionen-Schweiz"" aus. Die Ablehnung der Initiative ""Keine 10-Millionen-Schweiz!» ist stärker als jene zur Zuwanderungsinitiative im Jahr 2020. Der Nein-Anteil in #gemeinde_d lag damals bei 65,9 Prozent."
5581,52,52,48,"Belmont-sur-Lausanne VD","In Belmont-sur-Lausanne erhält die Initiative ""Keine 10-Millionen-Schweiz"" 52 Prozent Zustimmung. Mit diesem Ergebnis wechselt #gemeinde_d ins Ja-Lager. Im Jahr 2020 hatte die Gemeinde die Zuwanderungsinitiative noch mit 77,3 Prozent der Stimmen abgelehnt."
5582,62.7,62.7,37.3,"Cheseaux-sur-Lausanne VD","62,7 Prozent der Stimmbürgerinnen und Stimmbürger von Cheseaux-sur-Lausanne haben sich für die Initiative ""Keine 10-Millionen-Schweiz"" ausgesprochen. Mit diesem Ergebnis wechselt #gemeinde_d ins Ja-Lager. Im Jahr 2020 hatte die Gemeinde die Zuwanderungsinitiative noch mit 71,9 Prozent der Stimmen abgelehnt."
5583,47.3,47.3,52.7,"Crissier VD","In Crissier findet die Initiative ""Keine 10-Millionen-Schweiz"" mit 52,7 Prozent keine Mehrheit. Die Ablehnung der Initiative fällt jedoch geringer aus als zur Zuwanderungsinitiative im Jahr 2020. Die Abstimmenden von #gemeinde_d hatten damals mit 69,8 Prozent Nein gestimmt."
5584,75.5,75.5,24.5,"Epalinges VD","In Epalinges erhält die Initiative ""Keine 10-Millionen-Schweiz"" 75,5 Prozent Zustimmung. Mit diesem Ergebnis wechselt #gemeinde_d ins Ja-Lager. Im Jahr 2020 hatte die Gemeinde die Zuwanderungsinitiative noch mit 76 Prozent der Stimmen abgelehnt."
5585,85.5,85.5,14.5,"Jouxtens-Mézery VD","Die Initiative ""Keine 10-Millionen-Schweiz"" erreicht in Jouxtens-Mézery 85,5 Prozent Ja-Stimmen. Mit diesem Ergebnis wechselt #gemeinde_d ins Ja-Lager. Im Jahr 2020 hatte die Gemeinde die Zuwanderungsinitiative noch mit 76,5 Prozent der Stimmen abgelehnt."
5586,39.9,39.9,60.1,"Lausanne VD","Die Initiative ""Keine 10-Millionen-Schweiz"" erreicht in Lausanne 60,1 Prozent Nein-Stimmen. Die Ablehnung der Initiative fällt jedoch geringer aus als zur Zuwanderungsinitiative im Jahr 2020. Die Abstimmenden von #gemeinde_d hatten damals mit 79,1 Prozent Nein gestimmt."
5587,18.5,18.5,81.5,"Le Mont-sur-Lausanne VD","Die Initiative ""Keine 10-Millionen-Schweiz"" erreicht in Le Mont-sur-Lausanne 81,5 Prozent Nein-Stimmen. Die Ablehnung der Initiative ""Keine 10-Millionen-Schweiz!» ist stärker als jene zur Zuwanderungsinitiative im Jahr 2020. Der Nein-Anteil in #gemeinde_d lag damals bei 73,5 Prozent."
5588,21.2,21.2,78.8,"Paudex VD","78,8 Prozent der Stimmbürgerinnen und Stimmbürger von Paudex sprechen sich gegen die Initiative ""Keine 10-Millionen-Schweiz"" aus. Die Ablehnung der Initiative ""Keine 10-Millionen-Schweiz!» ist stärker als jene zur Zuwanderungsinitiative im Jahr 2020. Der Nein-Anteil in #gemeinde_d lag damals bei 76,1 Prozent."
5589,29.7,29.7,70.3,"Prilly VD","Die Initiative ""Keine 10-Millionen-Schweiz"" erreicht in Prilly 70,3 Prozent Nein-Stimmen. Die Ablehnung der Initiative fällt jedoch geringer aus als zur Zuwanderungsinitiative im Jahr 2020. Die Abstimmenden von #gemeinde_d hatten damals mit 72,7 Prozent Nein gestimmt."
5590,84.3,84.3,15.7,"Pully VD","Mit 84,3 Prozent befürworten die Stimmberechtigten von Pully die Initiative ""Keine 10-Millionen-Schweiz"". Mit diesem Ergebnis wechselt #gemeinde_d ins Ja-Lager. Im Jahr 2020 hatte die Gemeinde die Zuwanderungsinitiative noch mit 76,9 Prozent der Stimmen abgelehnt."
5591,87,87,13,"Renens VD","Mit 87 Prozent Ja-Stimmen hat eine Mehrheit der Stimmberechtigten in Renens VD der Initiative ""Keine 10-Millionen-Schweiz"" zugestimmt. Mit diesem Ergebnis wechselt #gemeinde_d ins Ja-Lager. Im Jahr 2020 hatte die Gemeinde die Zuwanderungsinitiative noch mit 68,3 Prozent der Stimmen abgelehnt."
5592,5,5,95,"Romanel-sur-Lausanne VD","Die Initiative ""Keine 10-Millionen-Schweiz"" erreicht in Romanel-sur-Lausanne 95 Prozent Nein-Stimmen. Die Ablehnung der Initiative ""Keine 10-Millionen-Schweiz!» ist stärker als jene zur Zuwanderungsinitiative im Jahr 2020. Der Nein-Anteil in #gemeinde_d lag damals bei 63,5 Prozent."
5601,45.8,45.8,54.2,"Chexbres VD","In Chexbres ist die Initiative ""Keine 10-Millionen-Schweiz"" mit 54,2 Prozent der Stimmen gescheitert. Die Ablehnung der Initiative fällt jedoch geringer aus als zur Zuwanderungsinitiative im Jahr 2020. Die Abstimmenden von #gemeinde_d hatten damals mit 71,8 Prozent Nein gestimmt."
5604,74.9,74.9,25.1,"Forel (Lavaux) VD","In Forel (Lavaux) erhält die Initiative ""Keine 10-Millionen-Schweiz"" 74,9 Prozent Zustimmung. Mit diesem Ergebnis wechselt #gemeinde_d ins Ja-Lager. Im Jahr 2020 hatte die Gemeinde die Zuwanderungsinitiative noch mit 64,5 Prozent der Stimmen abgelehnt."
5606,40.6,40.6,59.4,"Lutry VD","In Lutry wird die Initiative ""Keine 10-Millionen-Schweiz"" mit 59,4 Prozent abgelehnt. Die Ablehnung der Initiative fällt jedoch geringer aus als zur Zuwanderungsinitiative im Jahr 2020. Die Abstimmenden von #gemeinde_d hatten damals mit 76,7 Prozent Nein gestimmt."
5607,71.4,71.4,28.6,"Puidoux VD","Mit 71,4 Prozent befürworten die Stimmberechtigten von Puidoux die Initiative ""Keine 10-Millionen-Schweiz"". Mit diesem Ergebnis wechselt #gemeinde_d ins Ja-Lager. Im Jahr 2020 hatte die Gemeinde die Zuwanderungsinitiative noch mit 67,4 Prozent der Stimmen abgelehnt."
5609,38.7,38.7,61.3,"Rivaz VD","61,3 Prozent der Stimmbürgerinnen und Stimmbürger von Rivaz sprechen sich gegen die Initiative ""Keine 10-Millionen-Schweiz"" aus. Die Ablehnung der Initiative fällt jedoch geringer aus als zur Zuwanderungsinitiative im Jahr 2020. Die Abstimmenden von #gemeinde_d hatten damals mit 78,4 Prozent Nein gestimmt."
5610,20.9,20.9,79.1,"Saint-Saphorin (Lavaux) VD","In Saint-Saphorin (Lavaux) wird die Initiative ""Keine 10-Millionen-Schweiz"" mit 79,1 Prozent abgelehnt. Das Ergebnis hat sich im Vergleich zur Abstimmung über die Zuwanderungsinitiative im Jahr 2020 kaum verändert. #gemeinde_d hatte damals mit 78,9 Prozent Nein gestimmt."
5611,47.7,47.7,52.3,"Savigny VD","52,3 Prozent der Stimmbürgerinnen und Stimmbürger von Savigny sprechen sich gegen die Initiative ""Keine 10-Millionen-Schweiz"" aus. Die Ablehnung der Initiative fällt jedoch geringer aus als zur Zuwanderungsinitiative im Jahr 2020. Die Abstimmenden von #gemeinde_d hatten damals mit 69,2 Prozent Nein gestimmt."
5613,78.9,78.9,21.1,"Bourg-en-Lavaux VD","Mit 78,9 Prozent Ja-Stimmen hat eine Mehrheit der Stimmberechtigten in Bourg-en-Lavaux der Initiative ""Keine 10-Millionen-Schweiz"" zugestimmt. Mit diesem Ergebnis wechselt #gemeinde_d ins Ja-Lager. Im Jahr 2020 hatte die Gemeinde die Zuwanderungsinitiative noch mit 78,2 Prozent der Stimmen abgelehnt."
5621,5,5,95,"Aclens VD","Die Initiative ""Keine 10-Millionen-Schweiz"" erreicht in Aclens 95 Prozent Nein-Stimmen. Die Ablehnung der Initiative ""Keine 10-Millionen-Schweiz!» ist stärker als jene zur Zuwanderungsinitiative im Jahr 2020. Der Nein-Anteil in #gemeinde_d lag damals bei 69,3 Prozent."
5622,65.6,65.6,34.4,"Bremblens VD","Bremblens hat die Initiative ""Keine 10-Millionen-Schweiz"" angenommen; der Ja-Stimmen-Anteil liegt bei 65,6 Prozent. Mit diesem Ergebnis wechselt #gemeinde_d ins Ja-Lager. Im Jahr 2020 hatte die Gemeinde die Zuwanderungsinitiative noch mit 76,4 Prozent der Stimmen abgelehnt."
5623,48.3,48.3,51.7,"Buchillon VD","Die Initiative ""Keine 10-Millionen-Schweiz"" erreicht in Buchillon 51,7 Prozent Nein-Stimmen. Die Ablehnung der Initiative fällt jedoch geringer aus als zur Zuwanderungsinitiative im Jahr 2020. Die Abstimmenden von #gemeinde_d hatten damals mit 72,6 Prozent Nein gestimmt."
5624,42.1,42.1,57.9,"Bussigny VD","In Bussigny findet die Initiative ""Keine 10-Millionen-Schweiz"" mit 57,9 Prozent keine Mehrheit. Die Ablehnung der Initiative fällt jedoch geringer aus als zur Zuwanderungsinitiative im Jahr 2020. Die Abstimmenden von #gemeinde_d hatten damals mit 70,7 Prozent Nein gestimmt."
5627,31,31,69,"Chavannes-près-Renens VD","In Chavannes-près-Renens wird die Initiative ""Keine 10-Millionen-Schweiz"" mit 69 Prozent abgelehnt. Die Ablehnung der Initiative ""Keine 10-Millionen-Schweiz!» ist stärker als jene zur Zuwanderungsinitiative im Jahr 2020. Der Nein-Anteil in #gemeinde_d lag damals bei 67,3 Prozent."
5628,0.2,0.2,99.8,"Chigny VD","Chigny erreicht den dritthöchsten Nein-Anteil der Schweiz zur Initiative ""Keine 10-Millionen-Schweiz"" mit 99,8 Prozent. Die Ablehnung der Initiative ""Keine 10-Millionen-Schweiz!» ist stärker als jene zur Zuwanderungsinitiative im Jahr 2020. Der Nein-Anteil in #gemeinde_d lag damals bei 80 Prozent."
5629,60.4,60.4,39.6,"Clarmont VD","In Clarmont erhält die Initiative ""Keine 10-Millionen-Schweiz"" 60,4 Prozent Zustimmung. Mit diesem Ergebnis wechselt #gemeinde_d ins Ja-Lager. Im Jahr 2020 hatte die Gemeinde die Zuwanderungsinitiative noch mit 65 Prozent der Stimmen abgelehnt."
5631,19.9,19.9,80.1,"Denens VD","In Denens ist die Initiative ""Keine 10-Millionen-Schweiz"" mit 80,1 Prozent der Stimmen gescheitert. Das Ergebnis hat sich im Vergleich zur Abstimmung über die Zuwanderungsinitiative im Jahr 2020 kaum verändert. #gemeinde_d hatte damals mit 79,5 Prozent Nein gestimmt."
5632,46.1,46.1,53.9,"Denges VD","53,9 Prozent der Stimmbürgerinnen und Stimmbürger von Denges sprechen sich gegen die Initiative ""Keine 10-Millionen-Schweiz"" aus. Die Ablehnung der Initiative fällt jedoch geringer aus als zur Zuwanderungsinitiative im Jahr 2020. Die Abstimmenden von #gemeinde_d hatten damals mit 76,6 Prozent Nein gestimmt."
5633,73.6,73.6,26.4,"Echandens VD","In Echandens erhält die Initiative ""Keine 10-Millionen-Schweiz"" 73,6 Prozent Zustimmung. Mit diesem Ergebnis wechselt #gemeinde_d ins Ja-Lager. Im Jahr 2020 hatte die Gemeinde die Zuwanderungsinitiative noch mit 69,9 Prozent der Stimmen abgelehnt."
5634,53.8,53.8,46.2,"Echichens VD","Mit 53,8 Prozent Ja-Stimmen hat eine Mehrheit der Stimmberechtigten in Echichens der Initiative ""Keine 10-Millionen-Schweiz"" zugestimmt. Mit diesem Ergebnis wechselt #gemeinde_d ins Ja-Lager. Im Jahr 2020 hatte die Gemeinde die Zuwanderungsinitiative noch mit 72,4 Prozent der Stimmen abgelehnt."
5635,54.1,54.1,45.9,"Ecublens VD","Mit 54,1 Prozent Ja-Stimmen hat eine Mehrheit der Stimmberechtigten in Ecublens VD der Initiative ""Keine 10-Millionen-Schweiz"" zugestimmt. Mit diesem Ergebnis wechselt #gemeinde_d ins Ja-Lager. Im Jahr 2020 hatte die Gemeinde die Zuwanderungsinitiative noch mit 69,4 Prozent der Stimmen abgelehnt."
5636,73.7,73.7,26.3,"Etoy VD","Etoy hat die Initiative ""Keine 10-Millionen-Schweiz"" angenommen; der Ja-Stimmen-Anteil liegt bei 73,7 Prozent. Mit diesem Ergebnis wechselt #gemeinde_d ins Ja-Lager. Im Jahr 2020 hatte die Gemeinde die Zuwanderungsinitiative noch mit 73 Prozent der Stimmen abgelehnt."
5637,21.3,21.3,78.7,"Lavigny VD","Die Initiative ""Keine 10-Millionen-Schweiz"" erreicht in Lavigny 78,7 Prozent Nein-Stimmen. Die Ablehnung der Initiative ""Keine 10-Millionen-Schweiz!» ist stärker als jene zur Zuwanderungsinitiative im Jahr 2020. Der Nein-Anteil in #gemeinde_d lag damals bei 74,9 Prozent."
5638,44.4,44.4,55.6,"Lonay VD","Die Initiative ""Keine 10-Millionen-Schweiz"" erreicht in Lonay 55,6 Prozent Nein-Stimmen. Die Ablehnung der Initiative fällt jedoch geringer aus als zur Zuwanderungsinitiative im Jahr 2020. Die Abstimmenden von #gemeinde_d hatten damals mit 72 Prozent Nein gestimmt."
5639,18.1,18.1,81.9,"Lully VD","81,9 Prozent der Stimmbürgerinnen und Stimmbürger von Lully VD sprechen sich gegen die Initiative ""Keine 10-Millionen-Schweiz"" aus. Das Ergebnis hat sich im Vergleich zur Abstimmung über die Zuwanderungsinitiative im Jahr 2020 kaum verändert. #gemeinde_d hatte damals mit 81,1 Prozent Nein gestimmt."
5640,62.7,62.7,37.3,"Lussy-sur-Morges VD","Mit 62,7 Prozent befürworten die Stimmberechtigten von Lussy-sur-Morges die Initiative ""Keine 10-Millionen-Schweiz"". Mit diesem Ergebnis wechselt #gemeinde_d ins Ja-Lager. Im Jahr 2020 hatte die Gemeinde die Zuwanderungsinitiative noch mit 82,7 Prozent der Stimmen abgelehnt."
5642,86.4,86.4,13.6,"Morges VD","Mit 86,4 Prozent Ja-Stimmen hat eine Mehrheit der Stimmberechtigten in Morges der Initiative ""Keine 10-Millionen-Schweiz"" zugestimmt. Mit diesem Ergebnis wechselt #gemeinde_d ins Ja-Lager. Im Jahr 2020 hatte die Gemeinde die Zuwanderungsinitiative noch mit 73,1 Prozent der Stimmen abgelehnt."
5643,25.4,25.4,74.6,"Préverenges VD","In Préverenges findet die Initiative ""Keine 10-Millionen-Schweiz"" mit 74,6 Prozent keine Mehrheit. Die Ablehnung der Initiative ""Keine 10-Millionen-Schweiz!» ist stärker als jene zur Zuwanderungsinitiative im Jahr 2020. Der Nein-Anteil in #gemeinde_d lag damals bei 73,3 Prozent."
5645,44.1,44.1,55.9,"Romanel-sur-Morges VD","55,9 Prozent der Stimmbürgerinnen und Stimmbürger von Romanel-sur-Morges sprechen sich gegen die Initiative ""Keine 10-Millionen-Schweiz"" aus. Die Ablehnung der Initiative fällt jedoch geringer aus als zur Zuwanderungsinitiative im Jahr 2020. Die Abstimmenden von #gemeinde_d hatten damals mit 72,2 Prozent Nein gestimmt."
5646,52.6,52.6,47.4,"Saint-Prex VD","52,6 Prozent der Stimmbürgerinnen und Stimmbürger von Saint-Prex haben sich für die Initiative ""Keine 10-Millionen-Schweiz"" ausgesprochen. Mit diesem Ergebnis wechselt #gemeinde_d ins Ja-Lager. Im Jahr 2020 hatte die Gemeinde die Zuwanderungsinitiative noch mit 72,9 Prozent der Stimmen abgelehnt."
5648,50.6,50.6,49.4,"Saint-Sulpice VD","In Saint-Sulpice VD erhält die Initiative ""Keine 10-Millionen-Schweiz"" 50,6 Prozent Zustimmung. Mit diesem Ergebnis wechselt #gemeinde_d ins Ja-Lager. Im Jahr 2020 hatte die Gemeinde die Zuwanderungsinitiative noch mit 62 Prozent der Stimmen abgelehnt."
5649,71.4,71.4,28.6,"Tolochenaz VD","Mit 71,4 Prozent Ja-Stimmen hat eine Mehrheit der Stimmberechtigten in Tolochenaz der Initiative ""Keine 10-Millionen-Schweiz"" zugestimmt. Mit diesem Ergebnis wechselt #gemeinde_d ins Ja-Lager. Im Jahr 2020 hatte die Gemeinde die Zuwanderungsinitiative noch mit 70,4 Prozent der Stimmen abgelehnt."
5650,51.7,51.7,48.3,"Vaux-sur-Morges VD","Vaux-sur-Morges hat die Initiative ""Keine 10-Millionen-Schweiz"" angenommen; der Ja-Stimmen-Anteil liegt bei 51,7 Prozent. Mit diesem Ergebnis wechselt #gemeinde_d ins Ja-Lager. Im Jahr 2020 hatte die Gemeinde die Zuwanderungsinitiative noch mit 77,8 Prozent der Stimmen abgelehnt."
5651,73.6,73.6,26.4,"Villars-Sainte-Croix VD","Mit 73,6 Prozent Ja-Stimmen hat eine Mehrheit der Stimmberechtigten in Villars-Sainte-Croix der Initiative ""Keine 10-Millionen-Schweiz"" zugestimmt. Mit diesem Ergebnis wechselt #gemeinde_d ins Ja-Lager. Im Jahr 2020 hatte die Gemeinde die Zuwanderungsinitiative noch mit 62,4 Prozent der Stimmen abgelehnt."
5652,61.2,61.2,38.8,"Villars-sous-Yens VD","Villars-sous-Yens hat die Initiative ""Keine 10-Millionen-Schweiz"" angenommen; der Ja-Stimmen-Anteil liegt bei 61,2 Prozent. Mit diesem Ergebnis wechselt #gemeinde_d ins Ja-Lager. Im Jahr 2020 hatte die Gemeinde die Zuwanderungsinitiative noch mit 71 Prozent der Stimmen abgelehnt."
5653,49.9,49.9,50.1,"Vufflens-le-Château VD","50,1 Prozent der Stimmbürgerinnen und Stimmbürger von Vufflens-le-Château sprechen sich gegen die Initiative ""Keine 10-Millionen-Schweiz"" aus. Die Ablehnung der Initiative fällt jedoch geringer aus als zur Zuwanderungsinitiative im Jahr 2020. Die Abstimmenden von #gemeinde_d hatten damals mit 76,3 Prozent Nein gestimmt."
5654,76.4,76.4,23.6,"Vullierens VD","Vullierens hat die Initiative ""Keine 10-Millionen-Schweiz"" angenommen; der Ja-Stimmen-Anteil liegt bei 76,4 Prozent. Mit diesem Ergebnis wechselt #gemeinde_d ins Ja-Lager. Im Jahr 2020 hatte die Gemeinde die Zuwanderungsinitiative noch mit 67,7 Prozent der Stimmen abgelehnt."
5655,83.2,83.2,16.8,"Yens VD","Mit 83,2 Prozent Ja-Stimmen hat eine Mehrheit der Stimmberechtigten in Yens der Initiative ""Keine 10-Millionen-Schweiz"" zugestimmt. Mit diesem Ergebnis wechselt #gemeinde_d ins Ja-Lager. Im Jahr 2020 hatte die Gemeinde die Zuwanderungsinitiative noch mit 70,2 Prozent der Stimmen abgelehnt."
5656,62.2,62.2,37.8,"Hautemorges VD","Mit 62,2 Prozent befürworten die Stimmberechtigten von Hautemorges die Initiative ""Keine 10-Millionen-Schweiz"". Mit diesem Ergebnis wechselt #gemeinde_d ins Ja-Lager. Im Jahr 2020 hatte die Gemeinde die Zuwanderungsinitiative noch mit 72,2 Prozent der Stimmen abgelehnt."
5661,94,94,6,"Boulens VD","In Boulens erhält die Initiative ""Keine 10-Millionen-Schweiz"" 94 Prozent Zustimmung. Mit diesem Ergebnis wechselt #gemeinde_d ins Ja-Lager. Im Jahr 2020 hatte die Gemeinde die Zuwanderungsinitiative noch mit 69,1 Prozent der Stimmen abgelehnt."
5663,51,51,49,"Bussy-sur-Moudon VD","Bussy-sur-Moudon hat die Initiative ""Keine 10-Millionen-Schweiz"" angenommen; der Ja-Stimmen-Anteil liegt bei 51 Prozent. Mit diesem Ergebnis wechselt #gemeinde_d ins Ja-Lager. Im Jahr 2020 hatte die Gemeinde die Zuwanderungsinitiative noch mit 53,2 Prozent der Stimmen abgelehnt."
5665,24.9,24.9,75.1,"Chavannes-sur-Moudon VD","75,1 Prozent der Stimmbürgerinnen und Stimmbürger von Chavannes-sur-Moudon sprechen sich gegen die Initiative ""Keine 10-Millionen-Schweiz"" aus. In den vergangenen fünf Jahren hat die Gemeinde somit bei der Frage der Zuwanderung das Lager gewechselt. #gemeinde_d hatte die Zuwanderungsinitiative im Jahr 2020 mit 48,2 Prozent abgelehnt."
5669,36.1,36.1,63.9,"Curtilles VD","63,9 Prozent der Stimmbürgerinnen und Stimmbürger von Curtilles sprechen sich gegen die Initiative ""Keine 10-Millionen-Schweiz"" aus. Die Ablehnung der Initiative ""Keine 10-Millionen-Schweiz!» ist stärker als jene zur Zuwanderungsinitiative im Jahr 2020. Der Nein-Anteil in #gemeinde_d lag damals bei 57,2 Prozent."
5671,59.9,59.9,40.1,"Dompierre VD","Mit 59,9 Prozent befürworten die Stimmberechtigten von Dompierre VD die Initiative ""Keine 10-Millionen-Schweiz"". Mit diesem Ergebnis wechselt #gemeinde_d ins Ja-Lager. Im Jahr 2020 hatte die Gemeinde die Zuwanderungsinitiative noch mit 52,2 Prozent der Stimmen abgelehnt."
5673,86.1,86.1,13.9,"Hermenches VD","Mit 86,1 Prozent Ja-Stimmen hat eine Mehrheit der Stimmberechtigten in Hermenches der Initiative ""Keine 10-Millionen-Schweiz"" zugestimmt. Mit diesem Ergebnis wechselt #gemeinde_d ins Ja-Lager. Im Jahr 2020 hatte die Gemeinde die Zuwanderungsinitiative noch mit 52,4 Prozent der Stimmen abgelehnt."
5674,39.8,39.8,60.2,"Lovatens VD","In Lovatens findet die Initiative ""Keine 10-Millionen-Schweiz"" mit 60,2 Prozent keine Mehrheit. Die Ablehnung der Initiative fällt jedoch geringer aus als zur Zuwanderungsinitiative im Jahr 2020. Die Abstimmenden von #gemeinde_d hatten damals mit 66,2 Prozent Nein gestimmt."
5675,27.5,27.5,72.5,"Lucens VD","In Lucens ist die Initiative ""Keine 10-Millionen-Schweiz"" mit 72,5 Prozent der Stimmen gescheitert. Die Ablehnung der Initiative ""Keine 10-Millionen-Schweiz!» ist stärker als jene zur Zuwanderungsinitiative im Jahr 2020. Der Nein-Anteil in #gemeinde_d lag damals bei 59,2 Prozent."
5678,91.4,91.4,8.6,"Moudon VD","Mit 91,4 Prozent befürworten die Stimmberechtigten von Moudon die Initiative ""Keine 10-Millionen-Schweiz"". Mit diesem Ergebnis wechselt #gemeinde_d ins Ja-Lager. Im Jahr 2020 hatte die Gemeinde die Zuwanderungsinitiative noch mit 63,4 Prozent der Stimmen abgelehnt."
5680,1.4,1.4,98.6,"Ogens VD","In Ogens ist die Initiative ""Keine 10-Millionen-Schweiz"" mit 98,6 Prozent der Stimmen gescheitert. Die Ablehnung der Initiative ""Keine 10-Millionen-Schweiz!» ist stärker als jene zur Zuwanderungsinitiative im Jahr 2020. Der Nein-Anteil in #gemeinde_d lag damals bei 60,3 Prozent."
5683,17,17,83,"Prévonloup VD","In Prévonloup wird die Initiative ""Keine 10-Millionen-Schweiz"" mit 83 Prozent abgelehnt. Die Ablehnung der Initiative ""Keine 10-Millionen-Schweiz!» ist stärker als jene zur Zuwanderungsinitiative im Jahr 2020. Der Nein-Anteil in #gemeinde_d lag damals bei 61,8 Prozent."
5684,47.2,47.2,52.8,"Rossenges VD","In Rossenges ist die Initiative ""Keine 10-Millionen-Schweiz"" mit 52,8 Prozent der Stimmen gescheitert. Die Ablehnung der Initiative fällt jedoch geringer aus als zur Zuwanderungsinitiative im Jahr 2020. Die Abstimmenden von #gemeinde_d hatten damals mit 57,6 Prozent Nein gestimmt."
5688,38.5,38.5,61.5,"Syens VD","61,5 Prozent der Stimmbürgerinnen und Stimmbürger von Syens sprechen sich gegen die Initiative ""Keine 10-Millionen-Schweiz"" aus. In den vergangenen fünf Jahren hat die Gemeinde somit bei der Frage der Zuwanderung das Lager gewechselt. #gemeinde_d hatte die Zuwanderungsinitiative im Jahr 2020 mit 47,2 Prozent abgelehnt."
5690,2.4,2.4,97.6,"Villars-le-Comte VD","97,6 Prozent der Stimmbürgerinnen und Stimmbürger von Villars-le-Comte sprechen sich gegen die Initiative ""Keine 10-Millionen-Schweiz"" aus. Die Ablehnung der Initiative ""Keine 10-Millionen-Schweiz!» ist stärker als jene zur Zuwanderungsinitiative im Jahr 2020. Der Nein-Anteil in #gemeinde_d lag damals bei 58,3 Prozent."
5692,7,7,93,"Vucherens VD","Die Initiative ""Keine 10-Millionen-Schweiz"" erreicht in Vucherens 93 Prozent Nein-Stimmen. Die Ablehnung der Initiative ""Keine 10-Millionen-Schweiz!» ist stärker als jene zur Zuwanderungsinitiative im Jahr 2020. Der Nein-Anteil in #gemeinde_d lag damals bei 62,8 Prozent."
5693,54,54,46,"Montanaire VD","Die Initiative ""Keine 10-Millionen-Schweiz"" erreicht in Montanaire 54 Prozent Ja-Stimmen. Mit diesem Ergebnis wechselt #gemeinde_d ins Ja-Lager. Im Jahr 2020 hatte die Gemeinde die Zuwanderungsinitiative noch mit 61,2 Prozent der Stimmen abgelehnt."
5701,47.5,47.5,52.5,"Arnex-sur-Nyon VD","In Arnex-sur-Nyon ist die Initiative ""Keine 10-Millionen-Schweiz"" mit 52,5 Prozent der Stimmen gescheitert. Die Ablehnung der Initiative fällt jedoch geringer aus als zur Zuwanderungsinitiative im Jahr 2020. Die Abstimmenden von #gemeinde_d hatten damals mit 79,6 Prozent Nein gestimmt."
5702,38.9,38.9,61.1,"Arzier-Le Muids VD","In Arzier-Le Muids ist die Initiative ""Keine 10-Millionen-Schweiz"" mit 61,1 Prozent der Stimmen gescheitert. Die Ablehnung der Initiative fällt jedoch geringer aus als zur Zuwanderungsinitiative im Jahr 2020. Die Abstimmenden von #gemeinde_d hatten damals mit 69,6 Prozent Nein gestimmt."
5703,37.4,37.4,62.6,"Bassins VD","Die Initiative ""Keine 10-Millionen-Schweiz"" erreicht in Bassins 62,6 Prozent Nein-Stimmen. Die Ablehnung der Initiative fällt jedoch geringer aus als zur Zuwanderungsinitiative im Jahr 2020. Die Abstimmenden von #gemeinde_d hatten damals mit 71,3 Prozent Nein gestimmt."
5704,17.9,17.9,82.1,"Begnins VD","Die Initiative ""Keine 10-Millionen-Schweiz"" erreicht in Begnins 82,1 Prozent Nein-Stimmen. Die Ablehnung der Initiative ""Keine 10-Millionen-Schweiz!» ist stärker als jene zur Zuwanderungsinitiative im Jahr 2020. Der Nein-Anteil in #gemeinde_d lag damals bei 71 Prozent."
5705,27.2,27.2,72.8,"Bogis-Bossey VD","72,8 Prozent der Stimmbürgerinnen und Stimmbürger von Bogis-Bossey sprechen sich gegen die Initiative ""Keine 10-Millionen-Schweiz"" aus. Die Ablehnung der Initiative fällt jedoch geringer aus als zur Zuwanderungsinitiative im Jahr 2020. Die Abstimmenden von #gemeinde_d hatten damals mit 76,4 Prozent Nein gestimmt."
5706,71.1,71.1,28.9,"Borex VD","Mit 71,1 Prozent Ja-Stimmen hat eine Mehrheit der Stimmberechtigten in Borex der Initiative ""Keine 10-Millionen-Schweiz"" zugestimmt. Mit diesem Ergebnis wechselt #gemeinde_d ins Ja-Lager. Im Jahr 2020 hatte die Gemeinde die Zuwanderungsinitiative noch mit 73,7 Prozent der Stimmen abgelehnt."
5707,13.6,13.6,86.4,"Chavannes-de-Bogis VD","In Chavannes-de-Bogis wird die Initiative ""Keine 10-Millionen-Schweiz"" mit 86,4 Prozent abgelehnt. Die Ablehnung der Initiative ""Keine 10-Millionen-Schweiz!» ist stärker als jene zur Zuwanderungsinitiative im Jahr 2020. Der Nein-Anteil in #gemeinde_d lag damals bei 68,6 Prozent."
5708,72.2,72.2,27.8,"Chavannes-des-Bois VD","Mit 72,2 Prozent Ja-Stimmen hat eine Mehrheit der Stimmberechtigten in Chavannes-des-Bois der Initiative ""Keine 10-Millionen-Schweiz"" zugestimmt. Mit diesem Ergebnis wechselt #gemeinde_d ins Ja-Lager. Im Jahr 2020 hatte die Gemeinde die Zuwanderungsinitiative noch mit 79,5 Prozent der Stimmen abgelehnt."
5709,60.6,60.6,39.4,"Chéserex VD","Mit 60,6 Prozent Ja-Stimmen hat eine Mehrheit der Stimmberechtigten in Chéserex der Initiative ""Keine 10-Millionen-Schweiz"" zugestimmt. Mit diesem Ergebnis wechselt #gemeinde_d ins Ja-Lager. Im Jahr 2020 hatte die Gemeinde die Zuwanderungsinitiative noch mit 71,3 Prozent der Stimmen abgelehnt."
5710,43,43,57,"Coinsins VD","In Coinsins ist die Initiative ""Keine 10-Millionen-Schweiz"" mit 57 Prozent der Stimmen gescheitert. Die Ablehnung der Initiative fällt jedoch geringer aus als zur Zuwanderungsinitiative im Jahr 2020. Die Abstimmenden von #gemeinde_d hatten damals mit 68,3 Prozent Nein gestimmt."
5711,56.3,56.3,43.7,"Commugny VD","56,3 Prozent der Stimmbürgerinnen und Stimmbürger von Commugny haben sich für die Initiative ""Keine 10-Millionen-Schweiz"" ausgesprochen. Mit diesem Ergebnis wechselt #gemeinde_d ins Ja-Lager. Im Jahr 2020 hatte die Gemeinde die Zuwanderungsinitiative noch mit 74,4 Prozent der Stimmen abgelehnt."
5712,53.5,53.5,46.5,"Coppet VD","Die Initiative ""Keine 10-Millionen-Schweiz"" erreicht in Coppet 53,5 Prozent Ja-Stimmen. Mit diesem Ergebnis wechselt #gemeinde_d ins Ja-Lager. Im Jahr 2020 hatte die Gemeinde die Zuwanderungsinitiative noch mit 75,5 Prozent der Stimmen abgelehnt."
5713,37.7,37.7,62.3,"Crans-près-Céligny VD","62,3 Prozent der Stimmbürgerinnen und Stimmbürger von Crans-près-Céligny sprechen sich gegen die Initiative ""Keine 10-Millionen-Schweiz"" aus. Die Ablehnung der Initiative fällt jedoch geringer aus als zur Zuwanderungsinitiative im Jahr 2020. Die Abstimmenden von #gemeinde_d hatten damals mit 72,8 Prozent Nein gestimmt."
5714,64,64,36,"Crassier VD","Mit 64 Prozent Ja-Stimmen hat eine Mehrheit der Stimmberechtigten in Crassier der Initiative ""Keine 10-Millionen-Schweiz"" zugestimmt. Mit diesem Ergebnis wechselt #gemeinde_d ins Ja-Lager. Im Jahr 2020 hatte die Gemeinde die Zuwanderungsinitiative noch mit 73,9 Prozent der Stimmen abgelehnt."
5715,44.6,44.6,55.4,"Duillier VD","55,4 Prozent der Stimmbürgerinnen und Stimmbürger von Duillier sprechen sich gegen die Initiative ""Keine 10-Millionen-Schweiz"" aus. Die Ablehnung der Initiative fällt jedoch geringer aus als zur Zuwanderungsinitiative im Jahr 2020. Die Abstimmenden von #gemeinde_d hatten damals mit 73,1 Prozent Nein gestimmt."
5716,27.7,27.7,72.3,"Eysins VD","72,3 Prozent der Stimmbürgerinnen und Stimmbürger von Eysins sprechen sich gegen die Initiative ""Keine 10-Millionen-Schweiz"" aus. Die Ablehnung der Initiative ""Keine 10-Millionen-Schweiz!» ist stärker als jene zur Zuwanderungsinitiative im Jahr 2020. Der Nein-Anteil in #gemeinde_d lag damals bei 69,3 Prozent."
5717,12.4,12.4,87.6,"Founex VD","Die Initiative ""Keine 10-Millionen-Schweiz"" erreicht in Founex 87,6 Prozent Nein-Stimmen. Die Ablehnung der Initiative ""Keine 10-Millionen-Schweiz!» ist stärker als jene zur Zuwanderungsinitiative im Jahr 2020. Der Nein-Anteil in #gemeinde_d lag damals bei 75,2 Prozent."
5718,34.6,34.6,65.4,"Genolier VD","65,4 Prozent der Stimmbürgerinnen und Stimmbürger von Genolier sprechen sich gegen die Initiative ""Keine 10-Millionen-Schweiz"" aus. Die Ablehnung der Initiative fällt jedoch geringer aus als zur Zuwanderungsinitiative im Jahr 2020. Die Abstimmenden von #gemeinde_d hatten damals mit 73,6 Prozent Nein gestimmt."
5719,55.1,55.1,44.9,"Gingins VD","Mit 55,1 Prozent Ja-Stimmen hat eine Mehrheit der Stimmberechtigten in Gingins der Initiative ""Keine 10-Millionen-Schweiz"" zugestimmt. Mit diesem Ergebnis wechselt #gemeinde_d ins Ja-Lager. Im Jahr 2020 hatte die Gemeinde die Zuwanderungsinitiative noch mit 69 Prozent der Stimmen abgelehnt."
5720,26.8,26.8,73.2,"Givrins VD","Die Initiative ""Keine 10-Millionen-Schweiz"" erreicht in Givrins 73,2 Prozent Nein-Stimmen. Das Ergebnis hat sich im Vergleich zur Abstimmung über die Zuwanderungsinitiative im Jahr 2020 kaum verändert. #gemeinde_d hatte damals mit 72,7 Prozent Nein gestimmt."
5721,38.2,38.2,61.8,"Gland VD","Die Initiative ""Keine 10-Millionen-Schweiz"" erreicht in Gland 61,8 Prozent Nein-Stimmen. Die Ablehnung der Initiative fällt jedoch geringer aus als zur Zuwanderungsinitiative im Jahr 2020. Die Abstimmenden von #gemeinde_d hatten damals mit 69,9 Prozent Nein gestimmt."
5722,59.3,59.3,40.7,"Grens VD","Mit 59,3 Prozent Ja-Stimmen hat eine Mehrheit der Stimmberechtigten in Grens der Initiative ""Keine 10-Millionen-Schweiz"" zugestimmt. Mit diesem Ergebnis wechselt #gemeinde_d ins Ja-Lager. Im Jahr 2020 hatte die Gemeinde die Zuwanderungsinitiative noch mit 79,2 Prozent der Stimmen abgelehnt."
5723,32.1,32.1,67.9,"Mies VD","Die Initiative ""Keine 10-Millionen-Schweiz"" erreicht in Mies 67,9 Prozent Nein-Stimmen. Die Ablehnung der Initiative fällt jedoch geringer aus als zur Zuwanderungsinitiative im Jahr 2020. Die Abstimmenden von #gemeinde_d hatten damals mit 73,8 Prozent Nein gestimmt."
5724,27.1,27.1,72.9,"Nyon VD","72,9 Prozent der Stimmbürgerinnen und Stimmbürger von Nyon sprechen sich gegen die Initiative ""Keine 10-Millionen-Schweiz"" aus. Das Ergebnis hat sich im Vergleich zur Abstimmung über die Zuwanderungsinitiative im Jahr 2020 kaum verändert. #gemeinde_d hatte damals mit 73,8 Prozent Nein gestimmt."
5725,64.8,64.8,35.2,"Prangins VD","64,8 Prozent der Stimmbürgerinnen und Stimmbürger von Prangins haben sich für die Initiative ""Keine 10-Millionen-Schweiz"" ausgesprochen. Mit diesem Ergebnis wechselt #gemeinde_d ins Ja-Lager. Im Jahr 2020 hatte die Gemeinde die Zuwanderungsinitiative noch mit 76,4 Prozent der Stimmen abgelehnt."
5726,2.1,2.1,97.9,"La Rippe VD","In La Rippe ist die Initiative ""Keine 10-Millionen-Schweiz"" mit 97,9 Prozent der Stimmen gescheitert. Die Ablehnung der Initiative ""Keine 10-Millionen-Schweiz!» ist stärker als jene zur Zuwanderungsinitiative im Jahr 2020. Der Nein-Anteil in #gemeinde_d lag damals bei 76,7 Prozent."
5727,46.8,46.8,53.2,"Saint-Cergue VD","In Saint-Cergue ist die Initiative ""Keine 10-Millionen-Schweiz"" mit 53,2 Prozent der Stimmen gescheitert. Die Ablehnung der Initiative fällt jedoch geringer aus als zur Zuwanderungsinitiative im Jahr 2020. Die Abstimmenden von #gemeinde_d hatten damals mit 62,7 Prozent Nein gestimmt."
5728,14.6,14.6,85.4,"Signy-Avenex VD","In Signy-Avenex findet die Initiative ""Keine 10-Millionen-Schweiz"" mit 85,4 Prozent keine Mehrheit. Die Ablehnung der Initiative ""Keine 10-Millionen-Schweiz!» ist stärker als jene zur Zuwanderungsinitiative im Jahr 2020. Der Nein-Anteil in #gemeinde_d lag damals bei 66,7 Prozent."
5729,23.1,23.1,76.9,"Tannay VD","76,9 Prozent der Stimmbürgerinnen und Stimmbürger von Tannay sprechen sich gegen die Initiative ""Keine 10-Millionen-Schweiz"" aus. Die Ablehnung der Initiative ""Keine 10-Millionen-Schweiz!» ist stärker als jene zur Zuwanderungsinitiative im Jahr 2020. Der Nein-Anteil in #gemeinde_d lag damals bei 75 Prozent."
5730,10.6,10.6,89.4,"Trélex VD","89,4 Prozent der Stimmbürgerinnen und Stimmbürger von Trélex sprechen sich gegen die Initiative ""Keine 10-Millionen-Schweiz"" aus. Die Ablehnung der Initiative ""Keine 10-Millionen-Schweiz!» ist stärker als jene zur Zuwanderungsinitiative im Jahr 2020. Der Nein-Anteil in #gemeinde_d lag damals bei 72 Prozent."
5731,48.8,48.8,51.2,"Le Vaud VD","In Le Vaud wird die Initiative ""Keine 10-Millionen-Schweiz"" mit 51,2 Prozent abgelehnt. Die Ablehnung der Initiative fällt jedoch geringer aus als zur Zuwanderungsinitiative im Jahr 2020. Die Abstimmenden von #gemeinde_d hatten damals mit 72 Prozent Nein gestimmt."
5732,47.1,47.1,52.9,"Vich VD","In Vich ist die Initiative ""Keine 10-Millionen-Schweiz"" mit 52,9 Prozent der Stimmen gescheitert. Die Ablehnung der Initiative fällt jedoch geringer aus als zur Zuwanderungsinitiative im Jahr 2020. Die Abstimmenden von #gemeinde_d hatten damals mit 74,5 Prozent Nein gestimmt."
5741,55.7,55.7,44.3,"L'Abergement VD","55,7 Prozent der Stimmbürgerinnen und Stimmbürger von L'Abergement haben sich für die Initiative ""Keine 10-Millionen-Schweiz"" ausgesprochen. Mit diesem Ergebnis wechselt #gemeinde_d ins Ja-Lager. Im Jahr 2020 hatte die Gemeinde die Zuwanderungsinitiative noch mit 61,4 Prozent der Stimmen abgelehnt."
5742,92.8,92.8,7.2,"Agiez VD","Mit 92,8 Prozent befürworten die Stimmberechtigten von Agiez die Initiative ""Keine 10-Millionen-Schweiz"". Mit diesem Ergebnis wechselt #gemeinde_d ins Ja-Lager. Im Jahr 2020 hatte die Gemeinde die Zuwanderungsinitiative noch mit 67,6 Prozent der Stimmen abgelehnt."
5743,12.2,12.2,87.8,"Arnex-sur-Orbe VD","Die Initiative ""Keine 10-Millionen-Schweiz"" erreicht in Arnex-sur-Orbe 87,8 Prozent Nein-Stimmen. Die Ablehnung der Initiative ""Keine 10-Millionen-Schweiz!» ist stärker als jene zur Zuwanderungsinitiative im Jahr 2020. Der Nein-Anteil in #gemeinde_d lag damals bei 66 Prozent."
5744,50,50,50,"Ballaigues VD","Unentschieden in Ballaigues: Genau 7'538 Stimmberechtigte stimmen für und gegen die Initiative ""Keine 10-Millionen-Schweiz""."
5745,69.4,69.4,30.6,"Baulmes VD","In Baulmes erhält die Initiative ""Keine 10-Millionen-Schweiz"" 69,4 Prozent Zustimmung. Mit diesem Ergebnis wechselt #gemeinde_d ins Ja-Lager. Im Jahr 2020 hatte die Gemeinde die Zuwanderungsinitiative noch mit 64,5 Prozent der Stimmen abgelehnt."
5746,48.4,48.4,51.6,"Bavois VD","In Bavois wird die Initiative ""Keine 10-Millionen-Schweiz"" mit 51,6 Prozent abgelehnt. Die Ablehnung der Initiative fällt jedoch geringer aus als zur Zuwanderungsinitiative im Jahr 2020. Die Abstimmenden von #gemeinde_d hatten damals mit 64,1 Prozent Nein gestimmt."
5747,47.8,47.8,52.2,"Bofflens VD","52,2 Prozent der Stimmbürgerinnen und Stimmbürger von Bofflens sprechen sich gegen die Initiative ""Keine 10-Millionen-Schweiz"" aus. Die Ablehnung der Initiative fällt jedoch geringer aus als zur Zuwanderungsinitiative im Jahr 2020. Die Abstimmenden von #gemeinde_d hatten damals mit 61,2 Prozent Nein gestimmt."
5748,47.6,47.6,52.4,"Bretonnières VD","Die Initiative ""Keine 10-Millionen-Schweiz"" erreicht in Bretonnières 52,4 Prozent Nein-Stimmen. Die Ablehnung der Initiative fällt jedoch geringer aus als zur Zuwanderungsinitiative im Jahr 2020. Die Abstimmenden von #gemeinde_d hatten damals mit 65,4 Prozent Nein gestimmt."
5749,41.6,41.6,58.4,"Chavornay VD","58,4 Prozent der Stimmbürgerinnen und Stimmbürger von Chavornay sprechen sich gegen die Initiative ""Keine 10-Millionen-Schweiz"" aus. Die Ablehnung der Initiative fällt jedoch geringer aus als zur Zuwanderungsinitiative im Jahr 2020. Die Abstimmenden von #gemeinde_d hatten damals mit 68 Prozent Nein gestimmt."
5750,52.1,52.1,47.9,"Les Clées VD","Die Initiative ""Keine 10-Millionen-Schweiz"" erreicht in Les Clées 52,1 Prozent Ja-Stimmen. Mit diesem Ergebnis wechselt #gemeinde_d ins Ja-Lager. Im Jahr 2020 hatte die Gemeinde die Zuwanderungsinitiative noch mit 77,4 Prozent der Stimmen abgelehnt."
5752,84,84,16,"Croy VD","Mit 84 Prozent Ja-Stimmen hat eine Mehrheit der Stimmberechtigten in Croy der Initiative ""Keine 10-Millionen-Schweiz"" zugestimmt. Mit diesem Ergebnis wechselt #gemeinde_d ins Ja-Lager. Im Jahr 2020 hatte die Gemeinde die Zuwanderungsinitiative noch mit 68,8 Prozent der Stimmen abgelehnt."
5754,97.2,97.2,2.8,"Juriens VD","Mit 97,2 Prozent Ja-Stimmen hat eine Mehrheit der Stimmberechtigten in Juriens der Initiative ""Keine 10-Millionen-Schweiz"" zugestimmt. Mit diesem Ergebnis wechselt #gemeinde_d ins Ja-Lager. Im Jahr 2020 hatte die Gemeinde die Zuwanderungsinitiative noch mit 67,7 Prozent der Stimmen abgelehnt."
5755,19.7,19.7,80.3,"Lignerolle VD","Die Initiative ""Keine 10-Millionen-Schweiz"" erreicht in Lignerolle 80,3 Prozent Nein-Stimmen. Die Ablehnung der Initiative ""Keine 10-Millionen-Schweiz!» ist stärker als jene zur Zuwanderungsinitiative im Jahr 2020. Der Nein-Anteil in #gemeinde_d lag damals bei 63,8 Prozent."
5756,92,92,8,"Montcherand VD","Mit 92 Prozent Ja-Stimmen hat eine Mehrheit der Stimmberechtigten in Montcherand der Initiative ""Keine 10-Millionen-Schweiz"" zugestimmt. Mit diesem Ergebnis wechselt #gemeinde_d ins Ja-Lager. Im Jahr 2020 hatte die Gemeinde die Zuwanderungsinitiative noch mit 61,1 Prozent der Stimmen abgelehnt."
5757,47.9,47.9,52.1,"Orbe VD","52,1 Prozent der Stimmbürgerinnen und Stimmbürger von Orbe sprechen sich gegen die Initiative ""Keine 10-Millionen-Schweiz"" aus. Die Ablehnung der Initiative fällt jedoch geringer aus als zur Zuwanderungsinitiative im Jahr 2020. Die Abstimmenden von #gemeinde_d hatten damals mit 66,9 Prozent Nein gestimmt."
5758,40.3,40.3,59.7,"La Praz VD","In La Praz wird die Initiative ""Keine 10-Millionen-Schweiz"" mit 59,7 Prozent abgelehnt. Die Ablehnung der Initiative ""Keine 10-Millionen-Schweiz!» ist stärker als jene zur Zuwanderungsinitiative im Jahr 2020. Der Nein-Anteil in #gemeinde_d lag damals bei 50,7 Prozent."
5759,11.7,11.7,88.3,"Premier VD","In Premier wird die Initiative ""Keine 10-Millionen-Schweiz"" mit 88,3 Prozent abgelehnt. Die Ablehnung der Initiative ""Keine 10-Millionen-Schweiz!» ist stärker als jene zur Zuwanderungsinitiative im Jahr 2020. Der Nein-Anteil in #gemeinde_d lag damals bei 65,8 Prozent."
5760,66.4,66.4,33.6,"Rances VD","Rances hat die Initiative ""Keine 10-Millionen-Schweiz"" angenommen; der Ja-Stimmen-Anteil liegt bei 66,4 Prozent. Mit diesem Ergebnis wechselt #gemeinde_d ins Ja-Lager. Im Jahr 2020 hatte die Gemeinde die Zuwanderungsinitiative noch mit 58,8 Prozent der Stimmen abgelehnt."
5761,97.5,97.5,2.5,"Romainmôtier-Envy VD","Mit 97,5 Prozent Ja-Stimmen hat eine Mehrheit der Stimmberechtigten in Romainmôtier-Envy der Initiative ""Keine 10-Millionen-Schweiz"" zugestimmt. Mit diesem Ergebnis wechselt #gemeinde_d ins Ja-Lager. Im Jahr 2020 hatte die Gemeinde die Zuwanderungsinitiative noch mit 69,5 Prozent der Stimmen abgelehnt."
5762,37.2,37.2,62.8,"Sergey VD","62,8 Prozent der Stimmbürgerinnen und Stimmbürger von Sergey sprechen sich gegen die Initiative ""Keine 10-Millionen-Schweiz"" aus. Das Ergebnis hat sich im Vergleich zur Abstimmung über die Zuwanderungsinitiative im Jahr 2020 kaum verändert. #gemeinde_d hatte damals mit 62,9 Prozent Nein gestimmt."
5763,28.5,28.5,71.5,"Valeyres-sous-Rances VD","71,5 Prozent der Stimmbürgerinnen und Stimmbürger von Valeyres-sous-Rances sprechen sich gegen die Initiative ""Keine 10-Millionen-Schweiz"" aus. Die Ablehnung der Initiative ""Keine 10-Millionen-Schweiz!» ist stärker als jene zur Zuwanderungsinitiative im Jahr 2020. Der Nein-Anteil in #gemeinde_d lag damals bei 65,7 Prozent."
5764,26,26,74,"Vallorbe VD","In Vallorbe findet die Initiative ""Keine 10-Millionen-Schweiz"" mit 74 Prozent keine Mehrheit. Die Ablehnung der Initiative ""Keine 10-Millionen-Schweiz!» ist stärker als jene zur Zuwanderungsinitiative im Jahr 2020. Der Nein-Anteil in #gemeinde_d lag damals bei 62,8 Prozent."
5765,40.2,40.2,59.8,"Vaulion VD","In Vaulion findet die Initiative ""Keine 10-Millionen-Schweiz"" mit 59,8 Prozent keine Mehrheit. Das Ergebnis hat sich im Vergleich zur Abstimmung über die Zuwanderungsinitiative im Jahr 2020 kaum verändert. #gemeinde_d hatte damals mit 59,3 Prozent Nein gestimmt."
5766,47.7,47.7,52.3,"Vuiteboeuf VD","52,3 Prozent der Stimmbürgerinnen und Stimmbürger von Vuiteboeuf sprechen sich gegen die Initiative ""Keine 10-Millionen-Schweiz"" aus. Die Ablehnung der Initiative fällt jedoch geringer aus als zur Zuwanderungsinitiative im Jahr 2020. Die Abstimmenden von #gemeinde_d hatten damals mit 70,7 Prozent Nein gestimmt."
5785,51.6,51.6,48.4,"Corcelles-le-Jorat VD","Corcelles-le-Jorat hat die Initiative ""Keine 10-Millionen-Schweiz"" angenommen; der Ja-Stimmen-Anteil liegt bei 51,6 Prozent. Mit diesem Ergebnis wechselt #gemeinde_d ins Ja-Lager. Im Jahr 2020 hatte die Gemeinde die Zuwanderungsinitiative noch mit 64,4 Prozent der Stimmen abgelehnt."
5790,24.4,24.4,75.6,"Maracon VD","75,6 Prozent der Stimmbürgerinnen und Stimmbürger von Maracon sprechen sich gegen die Initiative ""Keine 10-Millionen-Schweiz"" aus. Die Ablehnung der Initiative ""Keine 10-Millionen-Schweiz!» ist stärker als jene zur Zuwanderungsinitiative im Jahr 2020. Der Nein-Anteil in #gemeinde_d lag damals bei 64,5 Prozent."
5792,76.2,76.2,23.8,"Montpreveyres VD","Die Initiative ""Keine 10-Millionen-Schweiz"" erreicht in Montpreveyres 76,2 Prozent Ja-Stimmen. Mit diesem Ergebnis wechselt #gemeinde_d ins Ja-Lager. Im Jahr 2020 hatte die Gemeinde die Zuwanderungsinitiative noch mit 71 Prozent der Stimmen abgelehnt."
5798,72.7,72.7,27.3,"Ropraz VD","Die Initiative ""Keine 10-Millionen-Schweiz"" erreicht in Ropraz 72,7 Prozent Ja-Stimmen. Mit diesem Ergebnis wechselt #gemeinde_d ins Ja-Lager. Im Jahr 2020 hatte die Gemeinde die Zuwanderungsinitiative noch mit 64,6 Prozent der Stimmen abgelehnt."
5799,71.4,71.4,28.6,"Servion VD","Servion hat die Initiative ""Keine 10-Millionen-Schweiz"" angenommen; der Ja-Stimmen-Anteil liegt bei 71,4 Prozent. Mit diesem Ergebnis wechselt #gemeinde_d ins Ja-Lager. Im Jahr 2020 hatte die Gemeinde die Zuwanderungsinitiative noch mit 73,5 Prozent der Stimmen abgelehnt."
5803,84,84,16,"Vulliens VD","Mit 84 Prozent befürworten die Stimmberechtigten von Vulliens die Initiative ""Keine 10-Millionen-Schweiz"". Mit diesem Ergebnis wechselt #gemeinde_d ins Ja-Lager. Im Jahr 2020 hatte die Gemeinde die Zuwanderungsinitiative noch mit 59,2 Prozent der Stimmen abgelehnt."
5804,52,52,48,"Jorat-Menthue VD","In Jorat-Menthue erhält die Initiative ""Keine 10-Millionen-Schweiz"" 52 Prozent Zustimmung. Mit diesem Ergebnis wechselt #gemeinde_d ins Ja-Lager. Im Jahr 2020 hatte die Gemeinde die Zuwanderungsinitiative noch mit 63,9 Prozent der Stimmen abgelehnt."
5805,48.1,48.1,51.9,"Oron VD","In Oron wird die Initiative ""Keine 10-Millionen-Schweiz"" mit 51,9 Prozent abgelehnt. Die Ablehnung der Initiative fällt jedoch geringer aus als zur Zuwanderungsinitiative im Jahr 2020. Die Abstimmenden von #gemeinde_d hatten damals mit 64,5 Prozent Nein gestimmt."
5806,82.8,82.8,17.2,"Jorat-Mézières VD","82,8 Prozent der Stimmbürgerinnen und Stimmbürger von Jorat-Mézières haben sich für die Initiative ""Keine 10-Millionen-Schweiz"" ausgesprochen. Mit diesem Ergebnis wechselt #gemeinde_d ins Ja-Lager. Im Jahr 2020 hatte die Gemeinde die Zuwanderungsinitiative noch mit 68,1 Prozent der Stimmen abgelehnt."
5812,41.8,41.8,58.2,"Champtauroz VD","Die Initiative ""Keine 10-Millionen-Schweiz"" erreicht in Champtauroz 58,2 Prozent Nein-Stimmen. Die Ablehnung der Initiative fällt jedoch geringer aus als zur Zuwanderungsinitiative im Jahr 2020. Die Abstimmenden von #gemeinde_d hatten damals mit 61,9 Prozent Nein gestimmt."
5813,43.1,43.1,56.9,"Chevroux VD","56,9 Prozent der Stimmbürgerinnen und Stimmbürger von Chevroux sprechen sich gegen die Initiative ""Keine 10-Millionen-Schweiz"" aus. Die Ablehnung der Initiative fällt jedoch geringer aus als zur Zuwanderungsinitiative im Jahr 2020. Die Abstimmenden von #gemeinde_d hatten damals mit 58,1 Prozent Nein gestimmt."
5816,52.6,52.6,47.4,"Corcelles-près-Payerne VD","52,6 Prozent der Stimmbürgerinnen und Stimmbürger von Corcelles-près-Payerne haben sich für die Initiative ""Keine 10-Millionen-Schweiz"" ausgesprochen. Mit diesem Ergebnis wechselt #gemeinde_d ins Ja-Lager. Im Jahr 2020 hatte die Gemeinde die Zuwanderungsinitiative noch mit 59 Prozent der Stimmen abgelehnt."
5817,65.4,65.4,34.6,"Grandcour VD","Mit 65,4 Prozent Ja-Stimmen hat eine Mehrheit der Stimmberechtigten in Grandcour der Initiative ""Keine 10-Millionen-Schweiz"" zugestimmt. Mit diesem Ergebnis wechselt #gemeinde_d ins Ja-Lager. Im Jahr 2020 hatte die Gemeinde die Zuwanderungsinitiative noch mit 60,4 Prozent der Stimmen abgelehnt."
5819,99,99,1,"Henniez VD","Mit 99 Prozent befürworten die Stimmberechtigten von Henniez die Initiative ""Keine 10-Millionen-Schweiz"". Mit diesem Ergebnis wechselt #gemeinde_d ins Ja-Lager. Im Jahr 2020 hatte die Gemeinde die Zuwanderungsinitiative noch mit 57 Prozent der Stimmen abgelehnt."
5821,43,43,57,"Missy VD","57 Prozent der Stimmbürgerinnen und Stimmbürger von Missy sprechen sich gegen die Initiative ""Keine 10-Millionen-Schweiz"" aus. Die Ablehnung der Initiative fällt jedoch geringer aus als zur Zuwanderungsinitiative im Jahr 2020. Die Abstimmenden von #gemeinde_d hatten damals mit 61,1 Prozent Nein gestimmt."
5822,84.8,84.8,15.2,"Payerne VD","Die Initiative ""Keine 10-Millionen-Schweiz"" erreicht in Payerne 84,8 Prozent Ja-Stimmen. Mit diesem Ergebnis wechselt #gemeinde_d ins Ja-Lager. Im Jahr 2020 hatte die Gemeinde die Zuwanderungsinitiative noch mit 63,2 Prozent der Stimmen abgelehnt."
5827,48.4,48.4,51.6,"Trey VD","Die Initiative ""Keine 10-Millionen-Schweiz"" erreicht in Trey 51,6 Prozent Nein-Stimmen. Die Ablehnung der Initiative fällt jedoch geringer aus als zur Zuwanderungsinitiative im Jahr 2020. Die Abstimmenden von #gemeinde_d hatten damals mit 55,5 Prozent Nein gestimmt."
5828,66.2,66.2,33.8,"Treytorrens (Payerne) VD","Die Initiative ""Keine 10-Millionen-Schweiz"" erreicht in Treytorrens (Payerne) 66,2 Prozent Ja-Stimmen. Mit diesem Ergebnis wechselt #gemeinde_d ins Ja-Lager. Im Jahr 2020 hatte die Gemeinde die Zuwanderungsinitiative noch mit 52,6 Prozent der Stimmen abgelehnt."
5830,73.2,73.2,26.8,"Villarzel VD","Die Initiative ""Keine 10-Millionen-Schweiz"" erreicht in Villarzel 73,2 Prozent Ja-Stimmen. Mit diesem Ergebnis wechselt #gemeinde_d ins Ja-Lager. Im Jahr 2020 hatte die Gemeinde die Zuwanderungsinitiative noch mit 58,2 Prozent der Stimmen abgelehnt."
5831,45.1,45.1,54.9,"Valbroye VD","In Valbroye wird die Initiative ""Keine 10-Millionen-Schweiz"" mit 54,9 Prozent abgelehnt. Das Ergebnis hat sich im Vergleich zur Abstimmung über die Zuwanderungsinitiative im Jahr 2020 kaum verändert. #gemeinde_d hatte damals mit 54,5 Prozent Nein gestimmt."
5841,95.4,95.4,4.6,"Château-d'Oex VD","Die Initiative ""Keine 10-Millionen-Schweiz"" erreicht in Château-d'Oex 95,4 Prozent Ja-Stimmen. Mit diesem Ergebnis wechselt #gemeinde_d ins Ja-Lager. Im Jahr 2020 hatte die Gemeinde die Zuwanderungsinitiative noch mit 57,8 Prozent der Stimmen abgelehnt."
5842,17.2,17.2,82.8,"Rossinière VD","In Rossinière wird die Initiative ""Keine 10-Millionen-Schweiz"" mit 82,8 Prozent abgelehnt. Die Ablehnung der Initiative ""Keine 10-Millionen-Schweiz!» ist stärker als jene zur Zuwanderungsinitiative im Jahr 2020. Der Nein-Anteil in #gemeinde_d lag damals bei 56,7 Prozent."
5843,28.7,28.7,71.3,"Rougemont VD","Die Initiative ""Keine 10-Millionen-Schweiz"" erreicht in Rougemont 71,3 Prozent Nein-Stimmen. Die Ablehnung der Initiative ""Keine 10-Millionen-Schweiz!» ist stärker als jene zur Zuwanderungsinitiative im Jahr 2020. Der Nein-Anteil in #gemeinde_d lag damals bei 55,1 Prozent."
5851,84.2,84.2,15.8,"Allaman VD","84,2 Prozent der Stimmbürgerinnen und Stimmbürger von Allaman haben sich für die Initiative ""Keine 10-Millionen-Schweiz"" ausgesprochen. Mit diesem Ergebnis wechselt #gemeinde_d ins Ja-Lager. Im Jahr 2020 hatte die Gemeinde die Zuwanderungsinitiative noch mit 69,1 Prozent der Stimmen abgelehnt."
5852,57.1,57.1,42.9,"Bursinel VD","Mit 57,1 Prozent befürworten die Stimmberechtigten von Bursinel die Initiative ""Keine 10-Millionen-Schweiz"". Mit diesem Ergebnis wechselt #gemeinde_d ins Ja-Lager. Im Jahr 2020 hatte die Gemeinde die Zuwanderungsinitiative noch mit 74,7 Prozent der Stimmen abgelehnt."
5853,57.3,57.3,42.7,"Bursins VD","57,3 Prozent der Stimmbürgerinnen und Stimmbürger von Bursins haben sich für die Initiative ""Keine 10-Millionen-Schweiz"" ausgesprochen. Mit diesem Ergebnis wechselt #gemeinde_d ins Ja-Lager. Im Jahr 2020 hatte die Gemeinde die Zuwanderungsinitiative noch mit 74,8 Prozent der Stimmen abgelehnt."
5854,51.9,51.9,48.1,"Burtigny VD","In Burtigny erhält die Initiative ""Keine 10-Millionen-Schweiz"" 51,9 Prozent Zustimmung. Mit diesem Ergebnis wechselt #gemeinde_d ins Ja-Lager. Im Jahr 2020 hatte die Gemeinde die Zuwanderungsinitiative noch mit 62,1 Prozent der Stimmen abgelehnt."
5855,49.1,49.1,50.9,"Dully VD","Die Initiative ""Keine 10-Millionen-Schweiz"" erreicht in Dully 50,9 Prozent Nein-Stimmen. Die Ablehnung der Initiative fällt jedoch geringer aus als zur Zuwanderungsinitiative im Jahr 2020. Die Abstimmenden von #gemeinde_d hatten damals mit 73,7 Prozent Nein gestimmt."
5856,42.5,42.5,57.5,"Essertines-sur-Rolle VD","In Essertines-sur-Rolle findet die Initiative ""Keine 10-Millionen-Schweiz"" mit 57,5 Prozent keine Mehrheit. Die Ablehnung der Initiative fällt jedoch geringer aus als zur Zuwanderungsinitiative im Jahr 2020. Die Abstimmenden von #gemeinde_d hatten damals mit 76,9 Prozent Nein gestimmt."
5857,78.1,78.1,21.9,"Gilly VD","Gilly hat die Initiative ""Keine 10-Millionen-Schweiz"" angenommen; der Ja-Stimmen-Anteil liegt bei 78,1 Prozent. Mit diesem Ergebnis wechselt #gemeinde_d ins Ja-Lager. Im Jahr 2020 hatte die Gemeinde die Zuwanderungsinitiative noch mit 68,5 Prozent der Stimmen abgelehnt."
5858,39.3,39.3,60.7,"Luins VD","Die Initiative ""Keine 10-Millionen-Schweiz"" erreicht in Luins 60,7 Prozent Nein-Stimmen. Die Ablehnung der Initiative fällt jedoch geringer aus als zur Zuwanderungsinitiative im Jahr 2020. Die Abstimmenden von #gemeinde_d hatten damals mit 62,8 Prozent Nein gestimmt."
5859,96,96,4,"Mont-sur-Rolle VD","Die Initiative ""Keine 10-Millionen-Schweiz"" erreicht in Mont-sur-Rolle 96 Prozent Ja-Stimmen. Mit diesem Ergebnis wechselt #gemeinde_d ins Ja-Lager. Im Jahr 2020 hatte die Gemeinde die Zuwanderungsinitiative noch mit 70,2 Prozent der Stimmen abgelehnt."
5860,76.5,76.5,23.5,"Perroy VD","76,5 Prozent der Stimmbürgerinnen und Stimmbürger von Perroy haben sich für die Initiative ""Keine 10-Millionen-Schweiz"" ausgesprochen. Mit diesem Ergebnis wechselt #gemeinde_d ins Ja-Lager. Im Jahr 2020 hatte die Gemeinde die Zuwanderungsinitiative noch mit 67,7 Prozent der Stimmen abgelehnt."
5861,73,73,27,"Rolle VD","In Rolle erhält die Initiative ""Keine 10-Millionen-Schweiz"" 73 Prozent Zustimmung. Mit diesem Ergebnis wechselt #gemeinde_d ins Ja-Lager. Im Jahr 2020 hatte die Gemeinde die Zuwanderungsinitiative noch mit 75,5 Prozent der Stimmen abgelehnt."
5862,79.2,79.2,20.8,"Tartegnin VD","Mit 79,2 Prozent Ja-Stimmen hat eine Mehrheit der Stimmberechtigten in Tartegnin der Initiative ""Keine 10-Millionen-Schweiz"" zugestimmt. Mit diesem Ergebnis wechselt #gemeinde_d ins Ja-Lager. Im Jahr 2020 hatte die Gemeinde die Zuwanderungsinitiative noch mit 67 Prozent der Stimmen abgelehnt."
5863,73.4,73.4,26.6,"Vinzel VD","Die Initiative ""Keine 10-Millionen-Schweiz"" erreicht in Vinzel 73,4 Prozent Ja-Stimmen. Mit diesem Ergebnis wechselt #gemeinde_d ins Ja-Lager. Im Jahr 2020 hatte die Gemeinde die Zuwanderungsinitiative noch mit 77,4 Prozent der Stimmen abgelehnt."
5871,61.5,61.5,38.5,"L'Abbaye VD","Die Initiative ""Keine 10-Millionen-Schweiz"" erreicht in L'Abbaye 61,5 Prozent Ja-Stimmen. Mit diesem Ergebnis wechselt #gemeinde_d ins Ja-Lager. Im Jahr 2020 hatte die Gemeinde die Zuwanderungsinitiative noch mit 64,8 Prozent der Stimmen abgelehnt."
5872,13,13,87,"Le Chenit VD","In Le Chenit findet die Initiative ""Keine 10-Millionen-Schweiz"" mit 87 Prozent keine Mehrheit. Die Ablehnung der Initiative ""Keine 10-Millionen-Schweiz!» ist stärker als jene zur Zuwanderungsinitiative im Jahr 2020. Der Nein-Anteil in #gemeinde_d lag damals bei 62,1 Prozent."
5873,20.7,20.7,79.3,"Le Lieu VD","In Le Lieu findet die Initiative ""Keine 10-Millionen-Schweiz"" mit 79,3 Prozent keine Mehrheit. Die Ablehnung der Initiative ""Keine 10-Millionen-Schweiz!» ist stärker als jene zur Zuwanderungsinitiative im Jahr 2020. Der Nein-Anteil in #gemeinde_d lag damals bei 68,5 Prozent."
5882,6.2,6.2,93.8,"Chardonne VD","In Chardonne ist die Initiative ""Keine 10-Millionen-Schweiz"" mit 93,8 Prozent der Stimmen gescheitert. Die Ablehnung der Initiative ""Keine 10-Millionen-Schweiz!» ist stärker als jene zur Zuwanderungsinitiative im Jahr 2020. Der Nein-Anteil in #gemeinde_d lag damals bei 75,4 Prozent."
5883,96.6,96.6,3.4,"Corseaux VD","Corseaux hat die Initiative ""Keine 10-Millionen-Schweiz"" angenommen; der Ja-Stimmen-Anteil liegt bei 96,6 Prozent. Mit diesem Ergebnis wechselt #gemeinde_d ins Ja-Lager. Im Jahr 2020 hatte die Gemeinde die Zuwanderungsinitiative noch mit 71,2 Prozent der Stimmen abgelehnt."
5884,39.7,39.7,60.3,"Corsier-sur-Vevey VD","In Corsier-sur-Vevey wird die Initiative ""Keine 10-Millionen-Schweiz"" mit 60,3 Prozent abgelehnt. Die Ablehnung der Initiative fällt jedoch geringer aus als zur Zuwanderungsinitiative im Jahr 2020. Die Abstimmenden von #gemeinde_d hatten damals mit 70,2 Prozent Nein gestimmt."
5885,35,35,65,"Jongny VD","Die Initiative ""Keine 10-Millionen-Schweiz"" erreicht in Jongny 65 Prozent Nein-Stimmen. Die Ablehnung der Initiative fällt jedoch geringer aus als zur Zuwanderungsinitiative im Jahr 2020. Die Abstimmenden von #gemeinde_d hatten damals mit 74,1 Prozent Nein gestimmt."
5886,63.3,63.3,36.7,"Montreux VD","Mit 63,3 Prozent Ja-Stimmen hat eine Mehrheit der Stimmberechtigten in Montreux der Initiative ""Keine 10-Millionen-Schweiz"" zugestimmt. Mit diesem Ergebnis wechselt #gemeinde_d ins Ja-Lager. Im Jahr 2020 hatte die Gemeinde die Zuwanderungsinitiative noch mit 67 Prozent der Stimmen abgelehnt."
5889,37.4,37.4,62.6,"La Tour-de-Peilz VD","In La Tour-de-Peilz ist die Initiative ""Keine 10-Millionen-Schweiz"" mit 62,6 Prozent der Stimmen gescheitert. Die Ablehnung der Initiative fällt jedoch geringer aus als zur Zuwanderungsinitiative im Jahr 2020. Die Abstimmenden von #gemeinde_d hatten damals mit 74,8 Prozent Nein gestimmt."
5890,35.6,35.6,64.4,"Vevey VD","In Vevey wird die Initiative ""Keine 10-Millionen-Schweiz"" mit 64,4 Prozent abgelehnt. Die Ablehnung der Initiative fällt jedoch geringer aus als zur Zuwanderungsinitiative im Jahr 2020. Die Abstimmenden von #gemeinde_d hatten damals mit 76,6 Prozent Nein gestimmt."
5891,32.1,32.1,67.9,"Veytaux VD","Die Initiative ""Keine 10-Millionen-Schweiz"" erreicht in Veytaux 67,9 Prozent Nein-Stimmen. Die Ablehnung der Initiative fällt jedoch geringer aus als zur Zuwanderungsinitiative im Jahr 2020. Die Abstimmenden von #gemeinde_d hatten damals mit 69 Prozent Nein gestimmt."
5892,65,65,35,"Blonay-Saint-Légier VD","Blonay-Saint-Légier hat die Initiative ""Keine 10-Millionen-Schweiz"" angenommen; der Ja-Stimmen-Anteil liegt bei 65 Prozent. Mit diesem Ergebnis wechselt #gemeinde_d ins Ja-Lager. Im Jahr 2020 hatte die Gemeinde die Zuwanderungsinitiative noch mit 73,9 Prozent der Stimmen abgelehnt."
5902,77.5,77.5,22.5,"Belmont-sur-Yverdon VD","Belmont-sur-Yverdon hat die Initiative ""Keine 10-Millionen-Schweiz"" angenommen; der Ja-Stimmen-Anteil liegt bei 77,5 Prozent. Mit diesem Ergebnis wechselt #gemeinde_d ins Ja-Lager. Im Jahr 2020 hatte die Gemeinde die Zuwanderungsinitiative noch mit 62 Prozent der Stimmen abgelehnt."
5903,18.3,18.3,81.7,"Bioley-Magnoux VD","Die Initiative ""Keine 10-Millionen-Schweiz"" erreicht in Bioley-Magnoux 81,7 Prozent Nein-Stimmen. Die Ablehnung der Initiative ""Keine 10-Millionen-Schweiz!» ist stärker als jene zur Zuwanderungsinitiative im Jahr 2020. Der Nein-Anteil in #gemeinde_d lag damals bei 55,5 Prozent."
5904,29.9,29.9,70.1,"Chamblon VD","Die Initiative ""Keine 10-Millionen-Schweiz"" erreicht in Chamblon 70,1 Prozent Nein-Stimmen. Die Ablehnung der Initiative fällt jedoch geringer aus als zur Zuwanderungsinitiative im Jahr 2020. Die Abstimmenden von #gemeinde_d hatten damals mit 72,9 Prozent Nein gestimmt."
5905,72.9,72.9,27.1,"Champvent VD","In Champvent erhält die Initiative ""Keine 10-Millionen-Schweiz"" 72,9 Prozent Zustimmung. Mit diesem Ergebnis wechselt #gemeinde_d ins Ja-Lager. Im Jahr 2020 hatte die Gemeinde die Zuwanderungsinitiative noch mit 66 Prozent der Stimmen abgelehnt."
5907,66.8,66.8,33.2,"Chavannes-le-Chêne VD","Die Initiative ""Keine 10-Millionen-Schweiz"" erreicht in Chavannes-le-Chêne 66,8 Prozent Ja-Stimmen. Mit diesem Ergebnis wechselt #gemeinde_d ins Ja-Lager. Im Jahr 2020 hatte die Gemeinde die Zuwanderungsinitiative noch mit 58,3 Prozent der Stimmen abgelehnt."
5908,44.5,44.5,55.5,"Chêne-Pâquier VD","55,5 Prozent der Stimmbürgerinnen und Stimmbürger von Chêne-Pâquier sprechen sich gegen die Initiative ""Keine 10-Millionen-Schweiz"" aus. Die Ablehnung der Initiative fällt jedoch geringer aus als zur Zuwanderungsinitiative im Jahr 2020. Die Abstimmenden von #gemeinde_d hatten damals mit 64,7 Prozent Nein gestimmt."
5909,30,30,70,"Cheseaux-Noréaz VD","In Cheseaux-Noréaz wird die Initiative ""Keine 10-Millionen-Schweiz"" mit 70 Prozent abgelehnt. Die Ablehnung der Initiative fällt jedoch geringer aus als zur Zuwanderungsinitiative im Jahr 2020. Die Abstimmenden von #gemeinde_d hatten damals mit 73,5 Prozent Nein gestimmt."
5910,73.7,73.7,26.3,"Cronay VD","Mit 73,7 Prozent Ja-Stimmen hat eine Mehrheit der Stimmberechtigten in Cronay der Initiative ""Keine 10-Millionen-Schweiz"" zugestimmt. Mit diesem Ergebnis wechselt #gemeinde_d ins Ja-Lager. Im Jahr 2020 hatte die Gemeinde die Zuwanderungsinitiative noch mit 70,2 Prozent der Stimmen abgelehnt."
5911,51.7,51.7,48.3,"Cuarny VD","Cuarny hat die Initiative ""Keine 10-Millionen-Schweiz"" angenommen; der Ja-Stimmen-Anteil liegt bei 51,7 Prozent. Die Meinungen zur Zuwanderungsfrage bleiben in #gemeinde_d somit stabil. Im Jahr 2020 hatte die Gemeinde bereits mit 52,2 Prozent Ja der Zuwanderungsinitiative zugestimmt."
5912,47.4,47.4,52.6,"Démoret VD","52,6 Prozent der Stimmbürgerinnen und Stimmbürger von Démoret sprechen sich gegen die Initiative ""Keine 10-Millionen-Schweiz"" aus. Die Ablehnung der Initiative fällt jedoch geringer aus als zur Zuwanderungsinitiative im Jahr 2020. Die Abstimmenden von #gemeinde_d hatten damals mit 59,3 Prozent Nein gestimmt."
5913,38.1,38.1,61.9,"Donneloye VD","In Donneloye findet die Initiative ""Keine 10-Millionen-Schweiz"" mit 61,9 Prozent keine Mehrheit. Die Ablehnung der Initiative fällt jedoch geringer aus als zur Zuwanderungsinitiative im Jahr 2020. Die Abstimmenden von #gemeinde_d hatten damals mit 63,2 Prozent Nein gestimmt."
5914,41.5,41.5,58.5,"Ependes VD","In Ependes VD findet die Initiative ""Keine 10-Millionen-Schweiz"" mit 58,5 Prozent keine Mehrheit. Die Ablehnung der Initiative ""Keine 10-Millionen-Schweiz!» ist stärker als jene zur Zuwanderungsinitiative im Jahr 2020. Der Nein-Anteil in #gemeinde_d lag damals bei 56,8 Prozent."
5919,36.9,36.9,63.1,"Mathod VD","In Mathod findet die Initiative ""Keine 10-Millionen-Schweiz"" mit 63,1 Prozent keine Mehrheit. Die Ablehnung der Initiative fällt jedoch geringer aus als zur Zuwanderungsinitiative im Jahr 2020. Die Abstimmenden von #gemeinde_d hatten damals mit 64,8 Prozent Nein gestimmt."
5921,82.2,82.2,17.8,"Molondin VD","Mit 82,2 Prozent Ja-Stimmen hat eine Mehrheit der Stimmberechtigten in Molondin der Initiative ""Keine 10-Millionen-Schweiz"" zugestimmt. Mit diesem Ergebnis wechselt #gemeinde_d ins Ja-Lager. Im Jahr 2020 hatte die Gemeinde die Zuwanderungsinitiative noch mit 62,7 Prozent der Stimmen abgelehnt."
5922,44.4,44.4,55.6,"Montagny-près-Yverdon VD","In Montagny-près-Yverdon wird die Initiative ""Keine 10-Millionen-Schweiz"" mit 55,6 Prozent abgelehnt. Die Ablehnung der Initiative fällt jedoch geringer aus als zur Zuwanderungsinitiative im Jahr 2020. Die Abstimmenden von #gemeinde_d hatten damals mit 68,1 Prozent Nein gestimmt."
5923,31.5,31.5,68.5,"Oppens VD","In Oppens wird die Initiative ""Keine 10-Millionen-Schweiz"" mit 68,5 Prozent abgelehnt. Die Ablehnung der Initiative ""Keine 10-Millionen-Schweiz!» ist stärker als jene zur Zuwanderungsinitiative im Jahr 2020. Der Nein-Anteil in #gemeinde_d lag damals bei 57,5 Prozent."
5924,52.9,52.9,47.1,"Orges VD","Mit 52,9 Prozent Ja-Stimmen hat eine Mehrheit der Stimmberechtigten in Orges der Initiative ""Keine 10-Millionen-Schweiz"" zugestimmt. Mit diesem Ergebnis wechselt #gemeinde_d ins Ja-Lager. Im Jahr 2020 hatte die Gemeinde die Zuwanderungsinitiative noch mit 61,1 Prozent der Stimmen abgelehnt."
5925,61.9,61.9,38.1,"Orzens VD","Mit 61,9 Prozent Ja-Stimmen hat eine Mehrheit der Stimmberechtigten in Orzens der Initiative ""Keine 10-Millionen-Schweiz"" zugestimmt. Mit diesem Ergebnis wechselt #gemeinde_d ins Ja-Lager. Im Jahr 2020 hatte die Gemeinde die Zuwanderungsinitiative noch mit 56,3 Prozent der Stimmen abgelehnt."
5926,68.4,68.4,31.6,"Pomy VD","Mit 68,4 Prozent Ja-Stimmen hat eine Mehrheit der Stimmberechtigten in Pomy der Initiative ""Keine 10-Millionen-Schweiz"" zugestimmt. Mit diesem Ergebnis wechselt #gemeinde_d ins Ja-Lager. Im Jahr 2020 hatte die Gemeinde die Zuwanderungsinitiative noch mit 64,9 Prozent der Stimmen abgelehnt."
5928,69.2,69.2,30.8,"Rovray VD","69,2 Prozent der Stimmbürgerinnen und Stimmbürger von Rovray haben sich für die Initiative ""Keine 10-Millionen-Schweiz"" ausgesprochen. Die Unterstützung für die Initiative ""Keine 10-Millionen-Schweiz!» hat in #gemeinde_d gegenüber der Zuwanderungsinitiative im Jahr 2020 zugenommen. Bei jener Abstimmung hatten 59,6 Prozent der Abstimmenden der Gemeinde die Vorlage angenommen."
5929,90.8,90.8,9.2,"Suchy VD","Mit 90,8 Prozent befürworten die Stimmberechtigten von Suchy die Initiative ""Keine 10-Millionen-Schweiz"". Mit diesem Ergebnis wechselt #gemeinde_d ins Ja-Lager. Im Jahr 2020 hatte die Gemeinde die Zuwanderungsinitiative noch mit 70,4 Prozent der Stimmen abgelehnt."
5930,22.8,22.8,77.2,"Suscévaz VD","In Suscévaz wird die Initiative ""Keine 10-Millionen-Schweiz"" mit 77,2 Prozent abgelehnt. Die Ablehnung der Initiative ""Keine 10-Millionen-Schweiz!» ist stärker als jene zur Zuwanderungsinitiative im Jahr 2020. Der Nein-Anteil in #gemeinde_d lag damals bei 66,7 Prozent."
5931,64.2,64.2,35.8,"Treycovagnes VD","Treycovagnes hat die Initiative ""Keine 10-Millionen-Schweiz"" angenommen; der Ja-Stimmen-Anteil liegt bei 64,2 Prozent. Mit diesem Ergebnis wechselt #gemeinde_d ins Ja-Lager. Im Jahr 2020 hatte die Gemeinde die Zuwanderungsinitiative noch mit 69,3 Prozent der Stimmen abgelehnt."
5932,54.2,54.2,45.8,"Ursins VD","In Ursins erhält die Initiative ""Keine 10-Millionen-Schweiz"" 54,2 Prozent Zustimmung. Mit diesem Ergebnis wechselt #gemeinde_d ins Ja-Lager. Im Jahr 2020 hatte die Gemeinde die Zuwanderungsinitiative noch mit 68,9 Prozent der Stimmen abgelehnt."
5933,19.2,19.2,80.8,"Valeyres-sous-Montagny VD","In Valeyres-sous-Montagny findet die Initiative ""Keine 10-Millionen-Schweiz"" mit 80,8 Prozent keine Mehrheit. Die Ablehnung der Initiative ""Keine 10-Millionen-Schweiz!» ist stärker als jene zur Zuwanderungsinitiative im Jahr 2020. Der Nein-Anteil in #gemeinde_d lag damals bei 69,4 Prozent."
5934,15.9,15.9,84.1,"Valeyres-sous-Ursins VD","Die Initiative ""Keine 10-Millionen-Schweiz"" erreicht in Valeyres-sous-Ursins 84,1 Prozent Nein-Stimmen. Die Ablehnung der Initiative ""Keine 10-Millionen-Schweiz!» ist stärker als jene zur Zuwanderungsinitiative im Jahr 2020. Der Nein-Anteil in #gemeinde_d lag damals bei 61,7 Prozent."
5935,66.7,66.7,33.3,"Villars-Epeney VD","Die Initiative ""Keine 10-Millionen-Schweiz"" erreicht in Villars-Epeney 66,7 Prozent Ja-Stimmen. Mit diesem Ergebnis wechselt #gemeinde_d ins Ja-Lager. Im Jahr 2020 hatte die Gemeinde die Zuwanderungsinitiative noch mit 58,6 Prozent der Stimmen abgelehnt."
5937,73.4,73.4,26.6,"Vugelles-La Mothe VD","Mit 73,4 Prozent Ja-Stimmen hat eine Mehrheit der Stimmberechtigten in Vugelles-La Mothe der Initiative ""Keine 10-Millionen-Schweiz"" zugestimmt. Mit diesem Ergebnis wechselt #gemeinde_d ins Ja-Lager. Im Jahr 2020 hatte die Gemeinde die Zuwanderungsinitiative noch mit 65,6 Prozent der Stimmen abgelehnt."
5938,22.3,22.3,77.7,"Yverdon-les-Bains VD","In Yverdon-les-Bains findet die Initiative ""Keine 10-Millionen-Schweiz"" mit 77,7 Prozent keine Mehrheit. Die Ablehnung der Initiative ""Keine 10-Millionen-Schweiz!» ist stärker als jene zur Zuwanderungsinitiative im Jahr 2020. Der Nein-Anteil in #gemeinde_d lag damals bei 69,6 Prozent."
5939,32.9,32.9,67.1,"Yvonand VD","67,1 Prozent der Stimmbürgerinnen und Stimmbürger von Yvonand sprechen sich gegen die Initiative ""Keine 10-Millionen-Schweiz"" aus. Die Ablehnung der Initiative fällt jedoch geringer aus als zur Zuwanderungsinitiative im Jahr 2020. Die Abstimmenden von #gemeinde_d hatten damals mit 69,3 Prozent Nein gestimmt."
6002,73,73,27,"Brig-Glis VS","73 Prozent der Stimmbürgerinnen und Stimmbürger von Brig-Glis haben sich für die Initiative ""Keine 10-Millionen-Schweiz"" ausgesprochen. Mit diesem Ergebnis wechselt #gemeinde_d ins Ja-Lager. Im Jahr 2020 hatte die Gemeinde die Zuwanderungsinitiative noch mit 58,6 Prozent der Stimmen abgelehnt."
6004,70.9,70.9,29.1,"Eggerberg VS","Eggerberg hat die Initiative ""Keine 10-Millionen-Schweiz"" angenommen; der Ja-Stimmen-Anteil liegt bei 70,9 Prozent. Die Unterstützung für die Initiative ""Keine 10-Millionen-Schweiz!» hat in #gemeinde_d gegenüber der Zuwanderungsinitiative im Jahr 2020 zugenommen. Bei jener Abstimmung hatten 56,4 Prozent der Abstimmenden der Gemeinde die Vorlage angenommen."
6007,34.5,34.5,65.5,"Naters VS","In Naters wird die Initiative ""Keine 10-Millionen-Schweiz"" mit 65,5 Prozent abgelehnt. Die Ablehnung der Initiative ""Keine 10-Millionen-Schweiz!» ist stärker als jene zur Zuwanderungsinitiative im Jahr 2020. Der Nein-Anteil in #gemeinde_d lag damals bei 54,5 Prozent."
6008,66.5,66.5,33.5,"Ried-Brig VS","Mit 66,5 Prozent Ja-Stimmen hat eine Mehrheit der Stimmberechtigten in Ried-Brig der Initiative ""Keine 10-Millionen-Schweiz"" zugestimmt. Mit diesem Ergebnis wechselt #gemeinde_d ins Ja-Lager. Im Jahr 2020 hatte die Gemeinde die Zuwanderungsinitiative noch mit 59,5 Prozent der Stimmen abgelehnt."
6009,27.8,27.8,72.2,"Simplon VS","Die Initiative ""Keine 10-Millionen-Schweiz"" erreicht in Simplon 72,2 Prozent Nein-Stimmen. Die Ablehnung der Initiative ""Keine 10-Millionen-Schweiz!» ist stärker als jene zur Zuwanderungsinitiative im Jahr 2020. Der Nein-Anteil in #gemeinde_d lag damals bei 57,1 Prozent."
6010,33.4,33.4,66.6,"Termen VS","In Termen ist die Initiative ""Keine 10-Millionen-Schweiz"" mit 66,6 Prozent der Stimmen gescheitert. Die Ablehnung der Initiative ""Keine 10-Millionen-Schweiz!» ist stärker als jene zur Zuwanderungsinitiative im Jahr 2020. Der Nein-Anteil in #gemeinde_d lag damals bei 57,1 Prozent."
6011,48.8,48.8,51.2,"Zwischbergen VS","Die Initiative ""Keine 10-Millionen-Schweiz"" erreicht in Zwischbergen 51,2 Prozent Nein-Stimmen. In den vergangenen fünf Jahren hat die Gemeinde somit bei der Frage der Zuwanderung das Lager gewechselt. #gemeinde_d hatte die Zuwanderungsinitiative im Jahr 2020 mit 18,4 Prozent abgelehnt."
6021,66.4,66.4,33.6,"Ardon VS","Die Initiative ""Keine 10-Millionen-Schweiz"" erreicht in Ardon 66,4 Prozent Ja-Stimmen. Mit diesem Ergebnis wechselt #gemeinde_d ins Ja-Lager. Im Jahr 2020 hatte die Gemeinde die Zuwanderungsinitiative noch mit 59,2 Prozent der Stimmen abgelehnt."
6022,43.6,43.6,56.4,"Chamoson VS","56,4 Prozent der Stimmbürgerinnen und Stimmbürger von Chamoson sprechen sich gegen die Initiative ""Keine 10-Millionen-Schweiz"" aus. Die Ablehnung der Initiative fällt jedoch geringer aus als zur Zuwanderungsinitiative im Jahr 2020. Die Abstimmenden von #gemeinde_d hatten damals mit 62 Prozent Nein gestimmt."
6023,90.7,90.7,9.3,"Conthey VS","Mit 90,7 Prozent Ja-Stimmen hat eine Mehrheit der Stimmberechtigten in Conthey der Initiative ""Keine 10-Millionen-Schweiz"" zugestimmt. Mit diesem Ergebnis wechselt #gemeinde_d ins Ja-Lager. Im Jahr 2020 hatte die Gemeinde die Zuwanderungsinitiative noch mit 62,8 Prozent der Stimmen abgelehnt."
6024,41.5,41.5,58.5,"Nendaz VS","Die Initiative ""Keine 10-Millionen-Schweiz"" erreicht in Nendaz 58,5 Prozent Nein-Stimmen. Die Ablehnung der Initiative fällt jedoch geringer aus als zur Zuwanderungsinitiative im Jahr 2020. Die Abstimmenden von #gemeinde_d hatten damals mit 63,4 Prozent Nein gestimmt."
6025,78.6,78.6,21.4,"Vétroz VS","78,6 Prozent der Stimmbürgerinnen und Stimmbürger von Vétroz haben sich für die Initiative ""Keine 10-Millionen-Schweiz"" ausgesprochen. Mit diesem Ergebnis wechselt #gemeinde_d ins Ja-Lager. Im Jahr 2020 hatte die Gemeinde die Zuwanderungsinitiative noch mit 63,6 Prozent der Stimmen abgelehnt."
6032,88,88,12,"Bourg-Saint-Pierre VS","Mit 88 Prozent befürworten die Stimmberechtigten von Bourg-Saint-Pierre die Initiative ""Keine 10-Millionen-Schweiz"". Mit diesem Ergebnis wechselt #gemeinde_d ins Ja-Lager. Im Jahr 2020 hatte die Gemeinde die Zuwanderungsinitiative noch mit 55,4 Prozent der Stimmen abgelehnt."
6033,27.5,27.5,72.5,"Liddes VS","In Liddes ist die Initiative ""Keine 10-Millionen-Schweiz"" mit 72,5 Prozent der Stimmen gescheitert. Die Ablehnung der Initiative ""Keine 10-Millionen-Schweiz!» ist stärker als jene zur Zuwanderungsinitiative im Jahr 2020. Der Nein-Anteil in #gemeinde_d lag damals bei 57,4 Prozent."
6034,38.8,38.8,61.2,"Orsières VS","61,2 Prozent der Stimmbürgerinnen und Stimmbürger von Orsières sprechen sich gegen die Initiative ""Keine 10-Millionen-Schweiz"" aus. Die Ablehnung der Initiative fällt jedoch geringer aus als zur Zuwanderungsinitiative im Jahr 2020. Die Abstimmenden von #gemeinde_d hatten damals mit 64,3 Prozent Nein gestimmt."
6035,57.2,57.2,42.8,"Sembrancher VS","Mit 57,2 Prozent Ja-Stimmen hat eine Mehrheit der Stimmberechtigten in Sembrancher der Initiative ""Keine 10-Millionen-Schweiz"" zugestimmt. Mit diesem Ergebnis wechselt #gemeinde_d ins Ja-Lager. Im Jahr 2020 hatte die Gemeinde die Zuwanderungsinitiative noch mit 56,3 Prozent der Stimmen abgelehnt."
6037,49.5,49.5,50.5,"Val de Bagnes VS","In Val de Bagnes findet die Initiative ""Keine 10-Millionen-Schweiz"" mit 50,5 Prozent keine Mehrheit. Die Ablehnung der Initiative fällt jedoch geringer aus als zur Zuwanderungsinitiative im Jahr 2020. Die Abstimmenden von #gemeinde_d hatten damals mit 71,5 Prozent Nein gestimmt."
6052,38.5,38.5,61.5,"Bellwald VS","In Bellwald findet die Initiative ""Keine 10-Millionen-Schweiz"" mit 61,5 Prozent keine Mehrheit. Die Ablehnung der Initiative fällt jedoch geringer aus als zur Zuwanderungsinitiative im Jahr 2020. Die Abstimmenden von #gemeinde_d hatten damals mit 64,7 Prozent Nein gestimmt."
6054,64.8,64.8,35.2,"Binn VS","Binn hat die Initiative ""Keine 10-Millionen-Schweiz"" angenommen; der Ja-Stimmen-Anteil liegt bei 64,8 Prozent. Mit diesem Ergebnis wechselt #gemeinde_d ins Ja-Lager. Im Jahr 2020 hatte die Gemeinde die Zuwanderungsinitiative noch mit 59,4 Prozent der Stimmen abgelehnt."
6056,40.9,40.9,59.1,"Ernen VS","Die Initiative ""Keine 10-Millionen-Schweiz"" erreicht in Ernen 59,1 Prozent Nein-Stimmen. Die Ablehnung der Initiative fällt jedoch geringer aus als zur Zuwanderungsinitiative im Jahr 2020. Die Abstimmenden von #gemeinde_d hatten damals mit 62,9 Prozent Nein gestimmt."
6057,75.2,75.2,24.8,"Fiesch VS","Mit 75,2 Prozent Ja-Stimmen hat eine Mehrheit der Stimmberechtigten in Fiesch der Initiative ""Keine 10-Millionen-Schweiz"" zugestimmt. Mit diesem Ergebnis wechselt #gemeinde_d ins Ja-Lager. Im Jahr 2020 hatte die Gemeinde die Zuwanderungsinitiative noch mit 65,6 Prozent der Stimmen abgelehnt."
6058,40.1,40.1,59.9,"Fieschertal VS","In Fieschertal findet die Initiative ""Keine 10-Millionen-Schweiz"" mit 59,9 Prozent keine Mehrheit. In den vergangenen fünf Jahren hat die Gemeinde somit bei der Frage der Zuwanderung das Lager gewechselt. #gemeinde_d hatte die Zuwanderungsinitiative im Jahr 2020 mit 46,2 Prozent abgelehnt."
6061,27.7,27.7,72.3,"Lax VS","In Lax wird die Initiative ""Keine 10-Millionen-Schweiz"" mit 72,3 Prozent abgelehnt. Die Ablehnung der Initiative ""Keine 10-Millionen-Schweiz!» ist stärker als jene zur Zuwanderungsinitiative im Jahr 2020. Der Nein-Anteil in #gemeinde_d lag damals bei 65,8 Prozent."
6076,37.3,37.3,62.7,"Obergoms VS","In Obergoms ist die Initiative ""Keine 10-Millionen-Schweiz"" mit 62,7 Prozent der Stimmen gescheitert. Die Ablehnung der Initiative ""Keine 10-Millionen-Schweiz!» ist stärker als jene zur Zuwanderungsinitiative im Jahr 2020. Der Nein-Anteil in #gemeinde_d lag damals bei 54,9 Prozent."
6077,37.5,37.5,62.5,"Goms VS","In Goms wird die Initiative ""Keine 10-Millionen-Schweiz"" mit 62,5 Prozent abgelehnt. Die Ablehnung der Initiative ""Keine 10-Millionen-Schweiz!» ist stärker als jene zur Zuwanderungsinitiative im Jahr 2020. Der Nein-Anteil in #gemeinde_d lag damals bei 61,2 Prozent."
6082,37.7,37.7,62.3,"Ayent VS","Die Initiative ""Keine 10-Millionen-Schweiz"" erreicht in Ayent 62,3 Prozent Nein-Stimmen. Die Ablehnung der Initiative fällt jedoch geringer aus als zur Zuwanderungsinitiative im Jahr 2020. Die Abstimmenden von #gemeinde_d hatten damals mit 67,2 Prozent Nein gestimmt."
6083,41.4,41.4,58.6,"Evolène VS","58,6 Prozent der Stimmbürgerinnen und Stimmbürger von Evolène sprechen sich gegen die Initiative ""Keine 10-Millionen-Schweiz"" aus. Das Ergebnis hat sich im Vergleich zur Abstimmung über die Zuwanderungsinitiative im Jahr 2020 kaum verändert. #gemeinde_d hatte damals mit 58,3 Prozent Nein gestimmt."
6084,87.4,87.4,12.6,"Hérémence VS","Hérémence hat die Initiative ""Keine 10-Millionen-Schweiz"" angenommen; der Ja-Stimmen-Anteil liegt bei 87,4 Prozent. Mit diesem Ergebnis wechselt #gemeinde_d ins Ja-Lager. Im Jahr 2020 hatte die Gemeinde die Zuwanderungsinitiative noch mit 55,9 Prozent der Stimmen abgelehnt."
6087,43.2,43.2,56.8,"Saint-Martin VS","In Saint-Martin VS wird die Initiative ""Keine 10-Millionen-Schweiz"" mit 56,8 Prozent abgelehnt. Die Ablehnung der Initiative fällt jedoch geringer aus als zur Zuwanderungsinitiative im Jahr 2020. Die Abstimmenden von #gemeinde_d hatten damals mit 66,7 Prozent Nein gestimmt."
6089,68,68,32,"Vex VS","Vex hat die Initiative ""Keine 10-Millionen-Schweiz"" angenommen; der Ja-Stimmen-Anteil liegt bei 68 Prozent. Mit diesem Ergebnis wechselt #gemeinde_d ins Ja-Lager. Im Jahr 2020 hatte die Gemeinde die Zuwanderungsinitiative noch mit 61 Prozent der Stimmen abgelehnt."
6090,62.1,62.1,37.9,"Mont-Noble VS","Die Initiative ""Keine 10-Millionen-Schweiz"" erreicht in Mont-Noble 62,1 Prozent Ja-Stimmen. Mit diesem Ergebnis wechselt #gemeinde_d ins Ja-Lager. Im Jahr 2020 hatte die Gemeinde die Zuwanderungsinitiative noch mit 70,3 Prozent der Stimmen abgelehnt."
6101,20.6,20.6,79.4,"Agarn VS","In Agarn findet die Initiative ""Keine 10-Millionen-Schweiz"" mit 79,4 Prozent keine Mehrheit. In den vergangenen fünf Jahren hat die Gemeinde somit bei der Frage der Zuwanderung das Lager gewechselt. #gemeinde_d hatte die Zuwanderungsinitiative im Jahr 2020 mit 48,1 Prozent abgelehnt."
6102,97.1,97.1,2.9,"Albinen VS","Albinen hat die Initiative ""Keine 10-Millionen-Schweiz"" angenommen; der Ja-Stimmen-Anteil liegt bei 97,1 Prozent. Mit diesem Ergebnis wechselt #gemeinde_d ins Ja-Lager. Im Jahr 2020 hatte die Gemeinde die Zuwanderungsinitiative noch mit 54,9 Prozent der Stimmen abgelehnt."
6104,51.5,51.5,48.5,"Ergisch VS","Mit 51,5 Prozent Ja-Stimmen hat eine Mehrheit der Stimmberechtigten in Ergisch der Initiative ""Keine 10-Millionen-Schweiz"" zugestimmt. Die Meinungen zur Zuwanderungsfrage bleiben in #gemeinde_d somit stabil. Im Jahr 2020 hatte die Gemeinde bereits mit 51,4 Prozent Ja der Zuwanderungsinitiative zugestimmt."
6109,44.3,44.3,55.7,"Inden VS","In Inden findet die Initiative ""Keine 10-Millionen-Schweiz"" mit 55,7 Prozent keine Mehrheit. Die Ablehnung der Initiative fällt jedoch geringer aus als zur Zuwanderungsinitiative im Jahr 2020. Die Abstimmenden von #gemeinde_d hatten damals mit 70,6 Prozent Nein gestimmt."
6110,24.5,24.5,75.5,"Leuk VS","75,5 Prozent der Stimmbürgerinnen und Stimmbürger von Leuk sprechen sich gegen die Initiative ""Keine 10-Millionen-Schweiz"" aus. Die Ablehnung der Initiative ""Keine 10-Millionen-Schweiz!» ist stärker als jene zur Zuwanderungsinitiative im Jahr 2020. Der Nein-Anteil in #gemeinde_d lag damals bei 57,5 Prozent."
6111,75,75,25,"Leukerbad VS","In Leukerbad erhält die Initiative ""Keine 10-Millionen-Schweiz"" 75 Prozent Zustimmung. Mit diesem Ergebnis wechselt #gemeinde_d ins Ja-Lager. Im Jahr 2020 hatte die Gemeinde die Zuwanderungsinitiative noch mit 55,1 Prozent der Stimmen abgelehnt."
6112,54.2,54.2,45.8,"Oberems VS","Mit 54,2 Prozent Ja-Stimmen hat eine Mehrheit der Stimmberechtigten in Oberems der Initiative ""Keine 10-Millionen-Schweiz"" zugestimmt. Mit diesem Ergebnis wechselt #gemeinde_d ins Ja-Lager. Im Jahr 2020 hatte die Gemeinde die Zuwanderungsinitiative noch mit 66,2 Prozent der Stimmen abgelehnt."
6113,67.1,67.1,32.9,"Salgesch VS","Salgesch hat die Initiative ""Keine 10-Millionen-Schweiz"" angenommen; der Ja-Stimmen-Anteil liegt bei 67,1 Prozent. Mit diesem Ergebnis wechselt #gemeinde_d ins Ja-Lager. Im Jahr 2020 hatte die Gemeinde die Zuwanderungsinitiative noch mit 54,1 Prozent der Stimmen abgelehnt."
6116,91.1,91.1,8.9,"Varen VS","Varen hat die Initiative ""Keine 10-Millionen-Schweiz"" angenommen; der Ja-Stimmen-Anteil liegt bei 91,1 Prozent. Mit diesem Ergebnis wechselt #gemeinde_d ins Ja-Lager. Im Jahr 2020 hatte die Gemeinde die Zuwanderungsinitiative noch mit 57,6 Prozent der Stimmen abgelehnt."
6117,37.3,37.3,62.7,"Guttet-Feschel VS","In Guttet-Feschel ist die Initiative ""Keine 10-Millionen-Schweiz"" mit 62,7 Prozent der Stimmen gescheitert. Die Ablehnung der Initiative ""Keine 10-Millionen-Schweiz!» ist stärker als jene zur Zuwanderungsinitiative im Jahr 2020. Der Nein-Anteil in #gemeinde_d lag damals bei 51,3 Prozent."
6118,26.6,26.6,73.4,"Gampel-Bratsch VS","In Gampel-Bratsch findet die Initiative ""Keine 10-Millionen-Schweiz"" mit 73,4 Prozent keine Mehrheit. Die Ablehnung der Initiative ""Keine 10-Millionen-Schweiz!» ist stärker als jene zur Zuwanderungsinitiative im Jahr 2020. Der Nein-Anteil in #gemeinde_d lag damals bei 56,6 Prozent."
6119,58.9,58.9,41.1,"Turtmann-Unterems VS","Mit 58,9 Prozent Ja-Stimmen hat eine Mehrheit der Stimmberechtigten in Turtmann-Unterems der Initiative ""Keine 10-Millionen-Schweiz"" zugestimmt. Die Unterstützung für die Initiative ""Keine 10-Millionen-Schweiz!» hat in #gemeinde_d gegenüber der Zuwanderungsinitiative im Jahr 2020 zugenommen. Bei jener Abstimmung hatten 51,7 Prozent der Abstimmenden der Gemeinde die Vorlage angenommen."
6131,79.1,79.1,20.9,"Bovernier VS","79,1 Prozent der Stimmbürgerinnen und Stimmbürger von Bovernier haben sich für die Initiative ""Keine 10-Millionen-Schweiz"" ausgesprochen. Mit diesem Ergebnis wechselt #gemeinde_d ins Ja-Lager. Im Jahr 2020 hatte die Gemeinde die Zuwanderungsinitiative noch mit 58 Prozent der Stimmen abgelehnt."
6133,21.6,21.6,78.4,"Fully VS","In Fully wird die Initiative ""Keine 10-Millionen-Schweiz"" mit 78,4 Prozent abgelehnt. Die Ablehnung der Initiative ""Keine 10-Millionen-Schweiz!» ist stärker als jene zur Zuwanderungsinitiative im Jahr 2020. Der Nein-Anteil in #gemeinde_d lag damals bei 64,9 Prozent."
6134,44.4,44.4,55.6,"Isérables VS","55,6 Prozent der Stimmbürgerinnen und Stimmbürger von Isérables sprechen sich gegen die Initiative ""Keine 10-Millionen-Schweiz"" aus. In den vergangenen fünf Jahren hat die Gemeinde somit bei der Frage der Zuwanderung das Lager gewechselt. #gemeinde_d hatte die Zuwanderungsinitiative im Jahr 2020 mit 44,7 Prozent abgelehnt."
6135,86.7,86.7,13.3,"Leytron VS","In Leytron erhält die Initiative ""Keine 10-Millionen-Schweiz"" 86,7 Prozent Zustimmung. Mit diesem Ergebnis wechselt #gemeinde_d ins Ja-Lager. Im Jahr 2020 hatte die Gemeinde die Zuwanderungsinitiative noch mit 57,3 Prozent der Stimmen abgelehnt."
6136,25.8,25.8,74.2,"Martigny VS","74,2 Prozent der Stimmbürgerinnen und Stimmbürger von Martigny sprechen sich gegen die Initiative ""Keine 10-Millionen-Schweiz"" aus. Die Ablehnung der Initiative ""Keine 10-Millionen-Schweiz!» ist stärker als jene zur Zuwanderungsinitiative im Jahr 2020. Der Nein-Anteil in #gemeinde_d lag damals bei 68 Prozent."
6137,72.2,72.2,27.8,"Martigny-Combe VS","Mit 72,2 Prozent befürworten die Stimmberechtigten von Martigny-Combe die Initiative ""Keine 10-Millionen-Schweiz"". Mit diesem Ergebnis wechselt #gemeinde_d ins Ja-Lager. Im Jahr 2020 hatte die Gemeinde die Zuwanderungsinitiative noch mit 65,3 Prozent der Stimmen abgelehnt."
6139,70.8,70.8,29.2,"Riddes VS","Mit 70,8 Prozent Ja-Stimmen hat eine Mehrheit der Stimmberechtigten in Riddes der Initiative ""Keine 10-Millionen-Schweiz"" zugestimmt. Mit diesem Ergebnis wechselt #gemeinde_d ins Ja-Lager. Im Jahr 2020 hatte die Gemeinde die Zuwanderungsinitiative noch mit 56,9 Prozent der Stimmen abgelehnt."
6140,58.7,58.7,41.3,"Saillon VS","In Saillon erhält die Initiative ""Keine 10-Millionen-Schweiz"" 58,7 Prozent Zustimmung. Mit diesem Ergebnis wechselt #gemeinde_d ins Ja-Lager. Im Jahr 2020 hatte die Gemeinde die Zuwanderungsinitiative noch mit 64,4 Prozent der Stimmen abgelehnt."
6141,61.5,61.5,38.5,"Saxon VS","Mit 61,5 Prozent befürworten die Stimmberechtigten von Saxon die Initiative ""Keine 10-Millionen-Schweiz"". Mit diesem Ergebnis wechselt #gemeinde_d ins Ja-Lager. Im Jahr 2020 hatte die Gemeinde die Zuwanderungsinitiative noch mit 53,8 Prozent der Stimmen abgelehnt."
6142,47.4,47.4,52.6,"Trient VS","In Trient ist die Initiative ""Keine 10-Millionen-Schweiz"" mit 52,6 Prozent der Stimmen gescheitert. Die Ablehnung der Initiative fällt jedoch geringer aus als zur Zuwanderungsinitiative im Jahr 2020. Die Abstimmenden von #gemeinde_d hatten damals mit 71,2 Prozent Nein gestimmt."
6151,52,52,48,"Champéry VS","Mit 52 Prozent befürworten die Stimmberechtigten von Champéry die Initiative ""Keine 10-Millionen-Schweiz"". Mit diesem Ergebnis wechselt #gemeinde_d ins Ja-Lager. Im Jahr 2020 hatte die Gemeinde die Zuwanderungsinitiative noch mit 60,5 Prozent der Stimmen abgelehnt."
6152,42.5,42.5,57.5,"Collombey-Muraz VS","57,5 Prozent der Stimmbürgerinnen und Stimmbürger von Collombey-Muraz sprechen sich gegen die Initiative ""Keine 10-Millionen-Schweiz"" aus. Das Ergebnis hat sich im Vergleich zur Abstimmung über die Zuwanderungsinitiative im Jahr 2020 kaum verändert. #gemeinde_d hatte damals mit 57,4 Prozent Nein gestimmt."
6153,69.2,69.2,30.8,"Monthey VS","Mit 69,2 Prozent Ja-Stimmen hat eine Mehrheit der Stimmberechtigten in Monthey der Initiative ""Keine 10-Millionen-Schweiz"" zugestimmt. Mit diesem Ergebnis wechselt #gemeinde_d ins Ja-Lager. Im Jahr 2020 hatte die Gemeinde die Zuwanderungsinitiative noch mit 63,1 Prozent der Stimmen abgelehnt."
6154,18.3,18.3,81.7,"Port-Valais VS","Die Initiative ""Keine 10-Millionen-Schweiz"" erreicht in Port-Valais 81,7 Prozent Nein-Stimmen. Die Ablehnung der Initiative ""Keine 10-Millionen-Schweiz!» ist stärker als jene zur Zuwanderungsinitiative im Jahr 2020. Der Nein-Anteil in #gemeinde_d lag damals bei 53,9 Prozent."
6155,91.5,91.5,8.5,"Saint-Gingolph VS","Mit 91,5 Prozent Ja-Stimmen hat eine Mehrheit der Stimmberechtigten in Saint-Gingolph der Initiative ""Keine 10-Millionen-Schweiz"" zugestimmt. Mit diesem Ergebnis wechselt #gemeinde_d ins Ja-Lager. Im Jahr 2020 hatte die Gemeinde die Zuwanderungsinitiative noch mit 50,9 Prozent der Stimmen abgelehnt."
6156,53.6,53.6,46.4,"Troistorrents VS","Die Initiative ""Keine 10-Millionen-Schweiz"" erreicht in Troistorrents 53,6 Prozent Ja-Stimmen. Mit diesem Ergebnis wechselt #gemeinde_d ins Ja-Lager. Im Jahr 2020 hatte die Gemeinde die Zuwanderungsinitiative noch mit 54,7 Prozent der Stimmen abgelehnt."
6157,12,12,88,"Val-d'Illiez VS","Die Initiative ""Keine 10-Millionen-Schweiz"" erreicht in Val-d'Illiez 88 Prozent Nein-Stimmen. In den vergangenen fünf Jahren hat die Gemeinde somit bei der Frage der Zuwanderung das Lager gewechselt. #gemeinde_d hatte die Zuwanderungsinitiative im Jahr 2020 mit 47,5 Prozent abgelehnt."
6158,20.1,20.1,79.9,"Vionnaz VS","Die Initiative ""Keine 10-Millionen-Schweiz"" erreicht in Vionnaz 79,9 Prozent Nein-Stimmen. Die Ablehnung der Initiative ""Keine 10-Millionen-Schweiz!» ist stärker als jene zur Zuwanderungsinitiative im Jahr 2020. Der Nein-Anteil in #gemeinde_d lag damals bei 57,9 Prozent."
6159,47.4,47.4,52.6,"Vouvry VS","Die Initiative ""Keine 10-Millionen-Schweiz"" erreicht in Vouvry 52,6 Prozent Nein-Stimmen. Die Ablehnung der Initiative fällt jedoch geringer aus als zur Zuwanderungsinitiative im Jahr 2020. Die Abstimmenden von #gemeinde_d hatten damals mit 60,1 Prozent Nein gestimmt."
6172,21.8,21.8,78.2,"Bister VS","In Bister wird die Initiative ""Keine 10-Millionen-Schweiz"" mit 78,2 Prozent abgelehnt. In den vergangenen fünf Jahren hat die Gemeinde somit bei der Frage der Zuwanderung das Lager gewechselt. #gemeinde_d hatte die Zuwanderungsinitiative im Jahr 2020 mit 31,6 Prozent abgelehnt."
6173,6.2,6.2,93.8,"Bitsch VS","Die Initiative ""Keine 10-Millionen-Schweiz"" erreicht in Bitsch 93,8 Prozent Nein-Stimmen. Die Ablehnung der Initiative ""Keine 10-Millionen-Schweiz!» ist stärker als jene zur Zuwanderungsinitiative im Jahr 2020. Der Nein-Anteil in #gemeinde_d lag damals bei 51,6 Prozent."
6177,91.2,91.2,8.8,"Grengiols VS","Mit 91,2 Prozent befürworten die Stimmberechtigten von Grengiols die Initiative ""Keine 10-Millionen-Schweiz"". Mit diesem Ergebnis wechselt #gemeinde_d ins Ja-Lager. Im Jahr 2020 hatte die Gemeinde die Zuwanderungsinitiative noch mit 57,4 Prozent der Stimmen abgelehnt."
6181,53.7,53.7,46.3,"Riederalp VS","Mit 53,7 Prozent Ja-Stimmen hat eine Mehrheit der Stimmberechtigten in Riederalp der Initiative ""Keine 10-Millionen-Schweiz"" zugestimmt. Mit diesem Ergebnis wechselt #gemeinde_d ins Ja-Lager. Im Jahr 2020 hatte die Gemeinde die Zuwanderungsinitiative noch mit 65,1 Prozent der Stimmen abgelehnt."
6191,63.3,63.3,36.7,"Ausserberg VS","Mit 63,3 Prozent Ja-Stimmen hat eine Mehrheit der Stimmberechtigten in Ausserberg der Initiative ""Keine 10-Millionen-Schweiz"" zugestimmt. Mit diesem Ergebnis wechselt #gemeinde_d ins Ja-Lager. Im Jahr 2020 hatte die Gemeinde die Zuwanderungsinitiative noch mit 56,5 Prozent der Stimmen abgelehnt."
6192,29.5,29.5,70.5,"Blatten VS","In Blatten findet die Initiative ""Keine 10-Millionen-Schweiz"" mit 70,5 Prozent keine Mehrheit. In den vergangenen fünf Jahren hat die Gemeinde somit bei der Frage der Zuwanderung das Lager gewechselt. #gemeinde_d hatte die Zuwanderungsinitiative im Jahr 2020 mit 48 Prozent abgelehnt."
6193,79.4,79.4,20.6,"Bürchen VS","Mit 79,4 Prozent Ja-Stimmen hat eine Mehrheit der Stimmberechtigten in Bürchen der Initiative ""Keine 10-Millionen-Schweiz"" zugestimmt. Mit diesem Ergebnis wechselt #gemeinde_d ins Ja-Lager. Im Jahr 2020 hatte die Gemeinde die Zuwanderungsinitiative noch mit 61,2 Prozent der Stimmen abgelehnt."
6194,84.5,84.5,15.5,"Eischoll VS","Mit 84,5 Prozent Ja-Stimmen hat eine Mehrheit der Stimmberechtigten in Eischoll der Initiative ""Keine 10-Millionen-Schweiz"" zugestimmt. Mit diesem Ergebnis wechselt #gemeinde_d ins Ja-Lager. Im Jahr 2020 hatte die Gemeinde die Zuwanderungsinitiative noch mit 50,2 Prozent der Stimmen abgelehnt."
6195,32,32,68,"Ferden VS","Die Initiative ""Keine 10-Millionen-Schweiz"" erreicht in Ferden 68 Prozent Nein-Stimmen. Die Ablehnung der Initiative ""Keine 10-Millionen-Schweiz!» ist stärker als jene zur Zuwanderungsinitiative im Jahr 2020. Der Nein-Anteil in #gemeinde_d lag damals bei 59,2 Prozent."
6197,70,70,30,"Kippel VS","Mit 70 Prozent Ja-Stimmen hat eine Mehrheit der Stimmberechtigten in Kippel der Initiative ""Keine 10-Millionen-Schweiz"" zugestimmt. Mit diesem Ergebnis wechselt #gemeinde_d ins Ja-Lager. Im Jahr 2020 hatte die Gemeinde die Zuwanderungsinitiative noch mit 70,6 Prozent der Stimmen abgelehnt."
6198,91.9,91.9,8.1,"Niedergesteln VS","Niedergesteln hat die Initiative ""Keine 10-Millionen-Schweiz"" angenommen; der Ja-Stimmen-Anteil liegt bei 91,9 Prozent. Mit diesem Ergebnis wechselt #gemeinde_d ins Ja-Lager. Im Jahr 2020 hatte die Gemeinde die Zuwanderungsinitiative noch mit 55,9 Prozent der Stimmen abgelehnt."
6199,67.4,67.4,32.6,"Raron VS","Die Initiative ""Keine 10-Millionen-Schweiz"" erreicht in Raron 67,4 Prozent Ja-Stimmen. Mit diesem Ergebnis wechselt #gemeinde_d ins Ja-Lager. Im Jahr 2020 hatte die Gemeinde die Zuwanderungsinitiative noch mit 58,4 Prozent der Stimmen abgelehnt."
6201,25.4,25.4,74.6,"Unterbäch VS","In Unterbäch wird die Initiative ""Keine 10-Millionen-Schweiz"" mit 74,6 Prozent abgelehnt. Die Ablehnung der Initiative ""Keine 10-Millionen-Schweiz!» ist stärker als jene zur Zuwanderungsinitiative im Jahr 2020. Der Nein-Anteil in #gemeinde_d lag damals bei 61,1 Prozent."
6202,97.9,97.9,2.1,"Wiler (Lötschen) VS","Mit 97,9 Prozent befürworten die Stimmberechtigten von Wiler (Lötschen) die Initiative ""Keine 10-Millionen-Schweiz"". Mit diesem Ergebnis wechselt #gemeinde_d ins Ja-Lager. Im Jahr 2020 hatte die Gemeinde die Zuwanderungsinitiative noch mit 64,1 Prozent der Stimmen abgelehnt."
6203,50.1,50.1,49.9,"Mörel-Filet VS","Mörel-Filet hat die Initiative ""Keine 10-Millionen-Schweiz"" angenommen; der Ja-Stimmen-Anteil liegt bei 50,1 Prozent. Mit diesem Ergebnis wechselt #gemeinde_d ins Ja-Lager. Im Jahr 2020 hatte die Gemeinde die Zuwanderungsinitiative noch mit 65,7 Prozent der Stimmen abgelehnt."
6204,12.8,12.8,87.2,"Steg-Hohtenn VS","87,2 Prozent der Stimmbürgerinnen und Stimmbürger von Steg-Hohtenn sprechen sich gegen die Initiative ""Keine 10-Millionen-Schweiz"" aus. Die Ablehnung der Initiative ""Keine 10-Millionen-Schweiz!» ist stärker als jene zur Zuwanderungsinitiative im Jahr 2020. Der Nein-Anteil in #gemeinde_d lag damals bei 53,1 Prozent."
6205,21.6,21.6,78.4,"Bettmeralp VS","In Bettmeralp findet die Initiative ""Keine 10-Millionen-Schweiz"" mit 78,4 Prozent keine Mehrheit. Die Ablehnung der Initiative ""Keine 10-Millionen-Schweiz!» ist stärker als jene zur Zuwanderungsinitiative im Jahr 2020. Der Nein-Anteil in #gemeinde_d lag damals bei 60,9 Prozent."
6211,64.8,64.8,35.2,"Collonges VS","Mit 64,8 Prozent Ja-Stimmen hat eine Mehrheit der Stimmberechtigten in Collonges der Initiative ""Keine 10-Millionen-Schweiz"" zugestimmt. Mit diesem Ergebnis wechselt #gemeinde_d ins Ja-Lager. Im Jahr 2020 hatte die Gemeinde die Zuwanderungsinitiative noch mit 63,5 Prozent der Stimmen abgelehnt."
6212,42,42,58,"Dorénaz VS","58 Prozent der Stimmbürgerinnen und Stimmbürger von Dorénaz sprechen sich gegen die Initiative ""Keine 10-Millionen-Schweiz"" aus. Die Ablehnung der Initiative ""Keine 10-Millionen-Schweiz!» ist stärker als jene zur Zuwanderungsinitiative im Jahr 2020. Der Nein-Anteil in #gemeinde_d lag damals bei 56 Prozent."
6213,76.8,76.8,23.2,"Evionnaz VS","Mit 76,8 Prozent Ja-Stimmen hat eine Mehrheit der Stimmberechtigten in Evionnaz der Initiative ""Keine 10-Millionen-Schweiz"" zugestimmt. Mit diesem Ergebnis wechselt #gemeinde_d ins Ja-Lager. Im Jahr 2020 hatte die Gemeinde die Zuwanderungsinitiative noch mit 59,2 Prozent der Stimmen abgelehnt."
6214,10,10,90,"Finhaut VS","In Finhaut findet die Initiative ""Keine 10-Millionen-Schweiz"" mit 90 Prozent keine Mehrheit. Die Ablehnung der Initiative ""Keine 10-Millionen-Schweiz!» ist stärker als jene zur Zuwanderungsinitiative im Jahr 2020. Der Nein-Anteil in #gemeinde_d lag damals bei 69,3 Prozent."
6215,14.6,14.6,85.4,"Massongex VS","In Massongex ist die Initiative ""Keine 10-Millionen-Schweiz"" mit 85,4 Prozent der Stimmen gescheitert. Die Ablehnung der Initiative ""Keine 10-Millionen-Schweiz!» ist stärker als jene zur Zuwanderungsinitiative im Jahr 2020. Der Nein-Anteil in #gemeinde_d lag damals bei 58,5 Prozent."
6217,53.6,53.6,46.4,"Saint-Maurice VS","Mit 53,6 Prozent Ja-Stimmen hat eine Mehrheit der Stimmberechtigten in Saint-Maurice der Initiative ""Keine 10-Millionen-Schweiz"" zugestimmt. Mit diesem Ergebnis wechselt #gemeinde_d ins Ja-Lager. Im Jahr 2020 hatte die Gemeinde die Zuwanderungsinitiative noch mit 67,7 Prozent der Stimmen abgelehnt."
6218,26,26,74,"Salvan VS","In Salvan findet die Initiative ""Keine 10-Millionen-Schweiz"" mit 74 Prozent keine Mehrheit. Die Ablehnung der Initiative ""Keine 10-Millionen-Schweiz!» ist stärker als jene zur Zuwanderungsinitiative im Jahr 2020. Der Nein-Anteil in #gemeinde_d lag damals bei 69,5 Prozent."
6219,21,21,79,"Vernayaz VS","Die Initiative ""Keine 10-Millionen-Schweiz"" erreicht in Vernayaz 79 Prozent Nein-Stimmen. Die Ablehnung der Initiative ""Keine 10-Millionen-Schweiz!» ist stärker als jene zur Zuwanderungsinitiative im Jahr 2020. Der Nein-Anteil in #gemeinde_d lag damals bei 60,8 Prozent."
6220,40.1,40.1,59.9,"Vérossaz VS","59,9 Prozent der Stimmbürgerinnen und Stimmbürger von Vérossaz sprechen sich gegen die Initiative ""Keine 10-Millionen-Schweiz"" aus. Die Ablehnung der Initiative fällt jedoch geringer aus als zur Zuwanderungsinitiative im Jahr 2020. Die Abstimmenden von #gemeinde_d hatten damals mit 62,2 Prozent Nein gestimmt."
6232,49.9,49.9,50.1,"Chalais VS","In Chalais wird die Initiative ""Keine 10-Millionen-Schweiz"" mit 50,1 Prozent abgelehnt. Die Ablehnung der Initiative fällt jedoch geringer aus als zur Zuwanderungsinitiative im Jahr 2020. Die Abstimmenden von #gemeinde_d hatten damals mit 65,3 Prozent Nein gestimmt."
6235,52,52,48,"Chippis VS","Die Initiative ""Keine 10-Millionen-Schweiz"" erreicht in Chippis 52 Prozent Ja-Stimmen. Mit diesem Ergebnis wechselt #gemeinde_d ins Ja-Lager. Im Jahr 2020 hatte die Gemeinde die Zuwanderungsinitiative noch mit 63,7 Prozent der Stimmen abgelehnt."
6238,59.5,59.5,40.5,"Grône VS","Mit 59,5 Prozent befürworten die Stimmberechtigten von Grône die Initiative ""Keine 10-Millionen-Schweiz"". Mit diesem Ergebnis wechselt #gemeinde_d ins Ja-Lager. Im Jahr 2020 hatte die Gemeinde die Zuwanderungsinitiative noch mit 60,7 Prozent der Stimmen abgelehnt."
6239,41.7,41.7,58.3,"Icogne VS","58,3 Prozent der Stimmbürgerinnen und Stimmbürger von Icogne sprechen sich gegen die Initiative ""Keine 10-Millionen-Schweiz"" aus. Die Ablehnung der Initiative fällt jedoch geringer aus als zur Zuwanderungsinitiative im Jahr 2020. Die Abstimmenden von #gemeinde_d hatten damals mit 67 Prozent Nein gestimmt."
6240,70.2,70.2,29.8,"Lens VS","In Lens erhält die Initiative ""Keine 10-Millionen-Schweiz"" 70,2 Prozent Zustimmung. Mit diesem Ergebnis wechselt #gemeinde_d ins Ja-Lager. Im Jahr 2020 hatte die Gemeinde die Zuwanderungsinitiative noch mit 63,2 Prozent der Stimmen abgelehnt."
6246,50.2,50.2,49.8,"Saint-Léonard VS","Saint-Léonard hat die Initiative ""Keine 10-Millionen-Schweiz"" angenommen; der Ja-Stimmen-Anteil liegt bei 50,2 Prozent. Mit diesem Ergebnis wechselt #gemeinde_d ins Ja-Lager. Im Jahr 2020 hatte die Gemeinde die Zuwanderungsinitiative noch mit 61,6 Prozent der Stimmen abgelehnt."
6248,65.2,65.2,34.8,"Siders VS","65,2 Prozent der Stimmbürgerinnen und Stimmbürger von Siders haben sich für die Initiative ""Keine 10-Millionen-Schweiz"" ausgesprochen. Mit diesem Ergebnis wechselt #gemeinde_d ins Ja-Lager. Im Jahr 2020 hatte die Gemeinde die Zuwanderungsinitiative noch mit 64 Prozent der Stimmen abgelehnt."
6252,59.4,59.4,40.6,"Anniviers VS","Mit 59,4 Prozent Ja-Stimmen hat eine Mehrheit der Stimmberechtigten in Anniviers der Initiative ""Keine 10-Millionen-Schweiz"" zugestimmt. Mit diesem Ergebnis wechselt #gemeinde_d ins Ja-Lager. Im Jahr 2020 hatte die Gemeinde die Zuwanderungsinitiative noch mit 69,1 Prozent der Stimmen abgelehnt."
6253,82.1,82.1,17.9,"Crans-Montana VS","82,1 Prozent der Stimmbürgerinnen und Stimmbürger von Crans-Montana haben sich für die Initiative ""Keine 10-Millionen-Schweiz"" ausgesprochen. Mit diesem Ergebnis wechselt #gemeinde_d ins Ja-Lager. Im Jahr 2020 hatte die Gemeinde die Zuwanderungsinitiative noch mit 63,1 Prozent der Stimmen abgelehnt."
6254,69.4,69.4,30.6,"Noble-Contrée VS","Noble-Contrée hat die Initiative ""Keine 10-Millionen-Schweiz"" angenommen; der Ja-Stimmen-Anteil liegt bei 69,4 Prozent. Mit diesem Ergebnis wechselt #gemeinde_d ins Ja-Lager. Im Jahr 2020 hatte die Gemeinde die Zuwanderungsinitiative noch mit 68,5 Prozent der Stimmen abgelehnt."
6261,17.4,17.4,82.6,"Arbaz VS","82,6 Prozent der Stimmbürgerinnen und Stimmbürger von Arbaz sprechen sich gegen die Initiative ""Keine 10-Millionen-Schweiz"" aus. Die Ablehnung der Initiative ""Keine 10-Millionen-Schweiz!» ist stärker als jene zur Zuwanderungsinitiative im Jahr 2020. Der Nein-Anteil in #gemeinde_d lag damals bei 69,6 Prozent."
6263,64.8,64.8,35.2,"Grimisuat VS","Mit 64,8 Prozent Ja-Stimmen hat eine Mehrheit der Stimmberechtigten in Grimisuat der Initiative ""Keine 10-Millionen-Schweiz"" zugestimmt. Mit diesem Ergebnis wechselt #gemeinde_d ins Ja-Lager. Im Jahr 2020 hatte die Gemeinde die Zuwanderungsinitiative noch mit 71 Prozent der Stimmen abgelehnt."
6265,34.2,34.2,65.8,"Savièse VS","In Savièse ist die Initiative ""Keine 10-Millionen-Schweiz"" mit 65,8 Prozent der Stimmen gescheitert. Das Ergebnis hat sich im Vergleich zur Abstimmung über die Zuwanderungsinitiative im Jahr 2020 kaum verändert. #gemeinde_d hatte damals mit 65 Prozent Nein gestimmt."
6266,46,46,54,"Sitten VS","In Sitten findet die Initiative ""Keine 10-Millionen-Schweiz"" mit 54 Prozent keine Mehrheit. Die Ablehnung der Initiative fällt jedoch geringer aus als zur Zuwanderungsinitiative im Jahr 2020. Die Abstimmenden von #gemeinde_d hatten damals mit 69,4 Prozent Nein gestimmt."
6267,19,19,81,"Veysonnaz VS","81 Prozent der Stimmbürgerinnen und Stimmbürger von Veysonnaz sprechen sich gegen die Initiative ""Keine 10-Millionen-Schweiz"" aus. Die Ablehnung der Initiative ""Keine 10-Millionen-Schweiz!» ist stärker als jene zur Zuwanderungsinitiative im Jahr 2020. Der Nein-Anteil in #gemeinde_d lag damals bei 64,3 Prozent."
6281,62.8,62.8,37.2,"Baltschieder VS","In Baltschieder erhält die Initiative ""Keine 10-Millionen-Schweiz"" 62,8 Prozent Zustimmung. Mit diesem Ergebnis wechselt #gemeinde_d ins Ja-Lager. Im Jahr 2020 hatte die Gemeinde die Zuwanderungsinitiative noch mit 52,3 Prozent der Stimmen abgelehnt."
6282,32.3,32.3,67.7,"Eisten VS","Die Initiative ""Keine 10-Millionen-Schweiz"" erreicht in Eisten 67,7 Prozent Nein-Stimmen. In den vergangenen fünf Jahren hat die Gemeinde somit bei der Frage der Zuwanderung das Lager gewechselt. #gemeinde_d hatte die Zuwanderungsinitiative im Jahr 2020 mit 40,5 Prozent abgelehnt."
6283,73,73,27,"Embd VS","Die Initiative ""Keine 10-Millionen-Schweiz"" erreicht in Embd 73 Prozent Ja-Stimmen. Die Unterstützung für die Initiative ""Keine 10-Millionen-Schweiz!» hat in #gemeinde_d gegenüber der Zuwanderungsinitiative im Jahr 2020 zugenommen. Bei jener Abstimmung hatten 53,5 Prozent der Abstimmenden der Gemeinde die Vorlage angenommen."
6285,52.4,52.4,47.6,"Grächen VS","Mit 52,4 Prozent Ja-Stimmen hat eine Mehrheit der Stimmberechtigten in Grächen der Initiative ""Keine 10-Millionen-Schweiz"" zugestimmt. Die Unterstützung für die Initiative ""Keine 10-Millionen-Schweiz!» hat in #gemeinde_d gegenüber der Zuwanderungsinitiative im Jahr 2020 zugenommen. Bei jener Abstimmung hatten 50,3 Prozent der Abstimmenden der Gemeinde die Vorlage angenommen."
6286,77.8,77.8,22.2,"Lalden VS","Mit 77,8 Prozent Ja-Stimmen hat eine Mehrheit der Stimmberechtigten in Lalden der Initiative ""Keine 10-Millionen-Schweiz"" zugestimmt. Mit diesem Ergebnis wechselt #gemeinde_d ins Ja-Lager. Im Jahr 2020 hatte die Gemeinde die Zuwanderungsinitiative noch mit 51,5 Prozent der Stimmen abgelehnt."
6287,60.3,60.3,39.7,"Randa VS","Randa hat die Initiative ""Keine 10-Millionen-Schweiz"" angenommen; der Ja-Stimmen-Anteil liegt bei 60,3 Prozent. Mit diesem Ergebnis wechselt #gemeinde_d ins Ja-Lager. Im Jahr 2020 hatte die Gemeinde die Zuwanderungsinitiative noch mit 51,2 Prozent der Stimmen abgelehnt."
6288,60.6,60.6,39.4,"Saas-Almagell VS","60,6 Prozent der Stimmbürgerinnen und Stimmbürger von Saas-Almagell haben sich für die Initiative ""Keine 10-Millionen-Schweiz"" ausgesprochen. Mit diesem Ergebnis wechselt #gemeinde_d ins Ja-Lager. Im Jahr 2020 hatte die Gemeinde die Zuwanderungsinitiative noch mit 59,1 Prozent der Stimmen abgelehnt."
6289,37,37,63,"Saas-Balen VS","In Saas-Balen wird die Initiative ""Keine 10-Millionen-Schweiz"" mit 63 Prozent abgelehnt. In den vergangenen fünf Jahren hat die Gemeinde somit bei der Frage der Zuwanderung das Lager gewechselt. #gemeinde_d hatte die Zuwanderungsinitiative im Jahr 2020 mit 40,2 Prozent abgelehnt."
6290,48.3,48.3,51.7,"Saas-Fee VS","Die Initiative ""Keine 10-Millionen-Schweiz"" erreicht in Saas-Fee 51,7 Prozent Nein-Stimmen. Die Ablehnung der Initiative fällt jedoch geringer aus als zur Zuwanderungsinitiative im Jahr 2020. Die Abstimmenden von #gemeinde_d hatten damals mit 73 Prozent Nein gestimmt."
6291,47.9,47.9,52.1,"Saas-Grund VS","Die Initiative ""Keine 10-Millionen-Schweiz"" erreicht in Saas-Grund 52,1 Prozent Nein-Stimmen. Die Ablehnung der Initiative fällt jedoch geringer aus als zur Zuwanderungsinitiative im Jahr 2020. Die Abstimmenden von #gemeinde_d hatten damals mit 57,5 Prozent Nein gestimmt."
6292,83.5,83.5,16.5,"St. Niklaus VS","Mit 83,5 Prozent Ja-Stimmen hat eine Mehrheit der Stimmberechtigten in St. Niklaus der Initiative ""Keine 10-Millionen-Schweiz"" zugestimmt. Die Unterstützung für die Initiative ""Keine 10-Millionen-Schweiz!» hat in #gemeinde_d gegenüber der Zuwanderungsinitiative im Jahr 2020 zugenommen. Bei jener Abstimmung hatten 56,7 Prozent der Abstimmenden der Gemeinde die Vorlage angenommen."
6293,24.1,24.1,75.9,"Stalden VS","Die Initiative ""Keine 10-Millionen-Schweiz"" erreicht in Stalden VS 75,9 Prozent Nein-Stimmen. Die Ablehnung der Initiative ""Keine 10-Millionen-Schweiz!» ist stärker als jene zur Zuwanderungsinitiative im Jahr 2020. Der Nein-Anteil in #gemeinde_d lag damals bei 50,3 Prozent."
6294,52.6,52.6,47.4,"Staldenried VS","Die Initiative ""Keine 10-Millionen-Schweiz"" erreicht in Staldenried 52,6 Prozent Ja-Stimmen. Mit diesem Ergebnis wechselt #gemeinde_d ins Ja-Lager. Im Jahr 2020 hatte die Gemeinde die Zuwanderungsinitiative noch mit 59,6 Prozent der Stimmen abgelehnt."
6295,21.6,21.6,78.4,"Täsch VS","78,4 Prozent der Stimmbürgerinnen und Stimmbürger von Täsch sprechen sich gegen die Initiative ""Keine 10-Millionen-Schweiz"" aus. Die Ablehnung der Initiative ""Keine 10-Millionen-Schweiz!» ist stärker als jene zur Zuwanderungsinitiative im Jahr 2020. Der Nein-Anteil in #gemeinde_d lag damals bei 51,4 Prozent."
6296,55.9,55.9,44.1,"Törbel VS","55,9 Prozent der Stimmbürgerinnen und Stimmbürger von Törbel haben sich für die Initiative ""Keine 10-Millionen-Schweiz"" ausgesprochen. Die Unterstützung für die Initiative ""Keine 10-Millionen-Schweiz!» fällt geringer aus als jene für die Zuwanderungsinitiative im Jahr 2020. Die Abstimmenden von #gemeinde_d hatten damals mit 59,6 Prozent Ja gestimmt."
6297,74.8,74.8,25.2,"Visp VS","Mit 74,8 Prozent Ja-Stimmen hat eine Mehrheit der Stimmberechtigten in Visp der Initiative ""Keine 10-Millionen-Schweiz"" zugestimmt. Mit diesem Ergebnis wechselt #gemeinde_d ins Ja-Lager. Im Jahr 2020 hatte die Gemeinde die Zuwanderungsinitiative noch mit 59,7 Prozent der Stimmen abgelehnt."
6298,96.9,96.9,3.1,"Visperterminen VS","96,9 Prozent der Stimmbürgerinnen und Stimmbürger von Visperterminen haben sich für die Initiative ""Keine 10-Millionen-Schweiz"" ausgesprochen. Mit diesem Ergebnis wechselt #gemeinde_d ins Ja-Lager. Im Jahr 2020 hatte die Gemeinde die Zuwanderungsinitiative noch mit 71,7 Prozent der Stimmen abgelehnt."
6299,40,40,60,"Zeneggen VS","In Zeneggen findet die Initiative ""Keine 10-Millionen-Schweiz"" mit 60 Prozent keine Mehrheit. Die Ablehnung der Initiative fällt jedoch geringer aus als zur Zuwanderungsinitiative im Jahr 2020. Die Abstimmenden von #gemeinde_d hatten damals mit 69 Prozent Nein gestimmt."
6300,1.3,1.3,98.7,"Zermatt VS","Die Initiative ""Keine 10-Millionen-Schweiz"" erreicht in Zermatt 98,7 Prozent Nein-Stimmen. Die Ablehnung der Initiative ""Keine 10-Millionen-Schweiz!» ist stärker als jene zur Zuwanderungsinitiative im Jahr 2020. Der Nein-Anteil in #gemeinde_d lag damals bei 60,5 Prozent."
6404,33.3,33.3,66.7,"Boudry NE","In Boudry wird die Initiative ""Keine 10-Millionen-Schweiz"" mit 66,7 Prozent abgelehnt. Die Ablehnung der Initiative fällt jedoch geringer aus als zur Zuwanderungsinitiative im Jahr 2020. Die Abstimmenden von #gemeinde_d hatten damals mit 71 Prozent Nein gestimmt."
6408,63.3,63.3,36.7,"Cortaillod NE","Mit 63,3 Prozent Ja-Stimmen hat eine Mehrheit der Stimmberechtigten in Cortaillod der Initiative ""Keine 10-Millionen-Schweiz"" zugestimmt. Mit diesem Ergebnis wechselt #gemeinde_d ins Ja-Lager. Im Jahr 2020 hatte die Gemeinde die Zuwanderungsinitiative noch mit 71,1 Prozent der Stimmen abgelehnt."
6413,88.2,88.2,11.8,"Rochefort NE","In Rochefort erhält die Initiative ""Keine 10-Millionen-Schweiz"" 88,2 Prozent Zustimmung. Mit diesem Ergebnis wechselt #gemeinde_d ins Ja-Lager. Im Jahr 2020 hatte die Gemeinde die Zuwanderungsinitiative noch mit 72,2 Prozent der Stimmen abgelehnt."
6416,13.6,13.6,86.4,"Milvignes NE","In Milvignes findet die Initiative ""Keine 10-Millionen-Schweiz"" mit 86,4 Prozent keine Mehrheit. Die Ablehnung der Initiative ""Keine 10-Millionen-Schweiz!» ist stärker als jene zur Zuwanderungsinitiative im Jahr 2020. Der Nein-Anteil in #gemeinde_d lag damals bei 75,5 Prozent."
6417,51.3,51.3,48.7,"La Grande Béroche NE","Mit 51,3 Prozent Ja-Stimmen hat eine Mehrheit der Stimmberechtigten in La Grande Béroche der Initiative ""Keine 10-Millionen-Schweiz"" zugestimmt. Mit diesem Ergebnis wechselt #gemeinde_d ins Ja-Lager. Im Jahr 2020 hatte die Gemeinde die Zuwanderungsinitiative noch mit 72,3 Prozent der Stimmen abgelehnt."
6421,39.9,39.9,60.1,"La Chaux-de-Fonds NE","In La Chaux-de-Fonds findet die Initiative ""Keine 10-Millionen-Schweiz"" mit 60,1 Prozent keine Mehrheit. Die Ablehnung der Initiative fällt jedoch geringer aus als zur Zuwanderungsinitiative im Jahr 2020. Die Abstimmenden von #gemeinde_d hatten damals mit 71,4 Prozent Nein gestimmt."
6422,55.9,55.9,44.1,"Les Planchettes NE","Mit 55,9 Prozent Ja-Stimmen hat eine Mehrheit der Stimmberechtigten in Les Planchettes der Initiative ""Keine 10-Millionen-Schweiz"" zugestimmt. Mit diesem Ergebnis wechselt #gemeinde_d ins Ja-Lager. Im Jahr 2020 hatte die Gemeinde die Zuwanderungsinitiative noch mit 58,6 Prozent der Stimmen abgelehnt."
6423,78.1,78.1,21.9,"La Sagne NE","La Sagne hat die Initiative ""Keine 10-Millionen-Schweiz"" angenommen; der Ja-Stimmen-Anteil liegt bei 78,1 Prozent. Mit diesem Ergebnis wechselt #gemeinde_d ins Ja-Lager. Im Jahr 2020 hatte die Gemeinde die Zuwanderungsinitiative noch mit 57,9 Prozent der Stimmen abgelehnt."
6432,50.3,50.3,49.7,"La BréviNE","La Brévine hat die Initiative ""Keine 10-Millionen-Schweiz"" angenommen; der Ja-Stimmen-Anteil liegt bei 50,3 Prozent. Die Meinungen zur Zuwanderungsfrage bleiben in #gemeinde_d somit stabil. Im Jahr 2020 hatte die Gemeinde bereits mit 50,6 Prozent Ja der Zuwanderungsinitiative zugestimmt."
6433,39.1,39.1,60.9,"Brot-Plamboz NE","Die Initiative ""Keine 10-Millionen-Schweiz"" erreicht in Brot-Plamboz 60,9 Prozent Nein-Stimmen. In den vergangenen fünf Jahren hat die Gemeinde somit bei der Frage der Zuwanderung das Lager gewechselt. #gemeinde_d hatte die Zuwanderungsinitiative im Jahr 2020 mit 46,2 Prozent abgelehnt."
6434,19.8,19.8,80.2,"Le Cerneux-Péquignot NE","In Le Cerneux-Péquignot findet die Initiative ""Keine 10-Millionen-Schweiz"" mit 80,2 Prozent keine Mehrheit. Die Ablehnung der Initiative ""Keine 10-Millionen-Schweiz!» ist stärker als jene zur Zuwanderungsinitiative im Jahr 2020. Der Nein-Anteil in #gemeinde_d lag damals bei 56,7 Prozent."
6435,59.8,59.8,40.2,"La Chaux-du-Milieu NE","La Chaux-du-Milieu hat die Initiative ""Keine 10-Millionen-Schweiz"" angenommen; der Ja-Stimmen-Anteil liegt bei 59,8 Prozent. Mit diesem Ergebnis wechselt #gemeinde_d ins Ja-Lager. Im Jahr 2020 hatte die Gemeinde die Zuwanderungsinitiative noch mit 65,5 Prozent der Stimmen abgelehnt."
6436,33.9,33.9,66.1,"Le Locle NE","Die Initiative ""Keine 10-Millionen-Schweiz"" erreicht in Le Locle 66,1 Prozent Nein-Stimmen. Die Ablehnung der Initiative ""Keine 10-Millionen-Schweiz!» ist stärker als jene zur Zuwanderungsinitiative im Jahr 2020. Der Nein-Anteil in #gemeinde_d lag damals bei 64,5 Prozent."
6437,93.1,93.1,6.9,"Les Ponts-de-Martel NE","In Les Ponts-de-Martel erhält die Initiative ""Keine 10-Millionen-Schweiz"" 93,1 Prozent Zustimmung. Mit diesem Ergebnis wechselt #gemeinde_d ins Ja-Lager. Im Jahr 2020 hatte die Gemeinde die Zuwanderungsinitiative noch mit 52,7 Prozent der Stimmen abgelehnt."
6451,48.9,48.9,51.1,"Cornaux NE","In Cornaux ist die Initiative ""Keine 10-Millionen-Schweiz"" mit 51,1 Prozent der Stimmen gescheitert. Die Ablehnung der Initiative fällt jedoch geringer aus als zur Zuwanderungsinitiative im Jahr 2020. Die Abstimmenden von #gemeinde_d hatten damals mit 60,9 Prozent Nein gestimmt."
6452,87.6,87.6,12.4,"Cressier NE","87,6 Prozent der Stimmbürgerinnen und Stimmbürger von Cressier NE haben sich für die Initiative ""Keine 10-Millionen-Schweiz"" ausgesprochen. Mit diesem Ergebnis wechselt #gemeinde_d ins Ja-Lager. Im Jahr 2020 hatte die Gemeinde die Zuwanderungsinitiative noch mit 70 Prozent der Stimmen abgelehnt."
6455,15.9,15.9,84.1,"Le Landeron NE","Die Initiative ""Keine 10-Millionen-Schweiz"" erreicht in Le Landeron 84,1 Prozent Nein-Stimmen. Die Ablehnung der Initiative ""Keine 10-Millionen-Schweiz!» ist stärker als jene zur Zuwanderungsinitiative im Jahr 2020. Der Nein-Anteil in #gemeinde_d lag damals bei 68,2 Prozent."
6456,13.4,13.4,86.6,"Lignières NE","Die Initiative ""Keine 10-Millionen-Schweiz"" erreicht in Lignières 86,6 Prozent Nein-Stimmen. Die Ablehnung der Initiative ""Keine 10-Millionen-Schweiz!» ist stärker als jene zur Zuwanderungsinitiative im Jahr 2020. Der Nein-Anteil in #gemeinde_d lag damals bei 70,8 Prozent."
6458,4.2,4.2,95.8,"Neuenburg NE","95,8 Prozent der Stimmbürgerinnen und Stimmbürger von Neuenburg sprechen sich gegen die Initiative ""Keine 10-Millionen-Schweiz"" aus. Die Ablehnung der Initiative ""Keine 10-Millionen-Schweiz!» ist stärker als jene zur Zuwanderungsinitiative im Jahr 2020. Der Nein-Anteil in #gemeinde_d lag damals bei 77,2 Prozent."
6487,86,86,14,"Val-de-Ruz NE","86 Prozent der Stimmbürgerinnen und Stimmbürger von Val-de-Ruz haben sich für die Initiative ""Keine 10-Millionen-Schweiz"" ausgesprochen. Mit diesem Ergebnis wechselt #gemeinde_d ins Ja-Lager. Im Jahr 2020 hatte die Gemeinde die Zuwanderungsinitiative noch mit 67,8 Prozent der Stimmen abgelehnt."
6504,83.1,83.1,16.9,"La Côte-aux-Fées NE","La Côte-aux-Fées hat die Initiative ""Keine 10-Millionen-Schweiz"" angenommen; der Ja-Stimmen-Anteil liegt bei 83,1 Prozent. Mit diesem Ergebnis wechselt #gemeinde_d ins Ja-Lager. Im Jahr 2020 hatte die Gemeinde die Zuwanderungsinitiative noch mit 54,6 Prozent der Stimmen abgelehnt."
6511,98.7,98.7,1.3,"Les Verrières NE","In Les Verrières erhält die Initiative ""Keine 10-Millionen-Schweiz"" 98,7 Prozent Zustimmung. Mit diesem Ergebnis wechselt #gemeinde_d ins Ja-Lager. Im Jahr 2020 hatte die Gemeinde die Zuwanderungsinitiative noch mit 56,2 Prozent der Stimmen abgelehnt."
6512,55.2,55.2,44.8,"Val-de-Travers NE","Die Initiative ""Keine 10-Millionen-Schweiz"" erreicht in Val-de-Travers 55,2 Prozent Ja-Stimmen. Mit diesem Ergebnis wechselt #gemeinde_d ins Ja-Lager. Im Jahr 2020 hatte die Gemeinde die Zuwanderungsinitiative noch mit 61,6 Prozent der Stimmen abgelehnt."
6513,60.4,60.4,39.6,"Laténa NE","Mit 60,4 Prozent Ja-Stimmen hat eine Mehrheit der Stimmberechtigten in Laténa der Initiative ""Keine 10-Millionen-Schweiz"" zugestimmt. Mit diesem Ergebnis wechselt #gemeinde_d ins Ja-Lager. Im Jahr 2020 hatte die Gemeinde die Zuwanderungsinitiative noch mit 75,3 Prozent der Stimmen abgelehnt."
6601,33.9,33.9,66.1,"Aire-la-Ville GE","In Aire-la-Ville ist die Initiative ""Keine 10-Millionen-Schweiz"" mit 66,1 Prozent der Stimmen gescheitert. Die Ablehnung der Initiative ""Keine 10-Millionen-Schweiz!» ist stärker als jene zur Zuwanderungsinitiative im Jahr 2020. Der Nein-Anteil in #gemeinde_d lag damals bei 63 Prozent."
6602,39,39,61,"Anières GE","Die Initiative ""Keine 10-Millionen-Schweiz"" erreicht in Anières 61 Prozent Nein-Stimmen. Die Ablehnung der Initiative fällt jedoch geringer aus als zur Zuwanderungsinitiative im Jahr 2020. Die Abstimmenden von #gemeinde_d hatten damals mit 68 Prozent Nein gestimmt."
6603,64.7,64.7,35.3,"Avully GE","Avully hat die Initiative ""Keine 10-Millionen-Schweiz"" angenommen; der Ja-Stimmen-Anteil liegt bei 64,7 Prozent. Mit diesem Ergebnis wechselt #gemeinde_d ins Ja-Lager. Im Jahr 2020 hatte die Gemeinde die Zuwanderungsinitiative noch mit 64,6 Prozent der Stimmen abgelehnt."
6604,43.8,43.8,56.2,"Avusy GE","Die Initiative ""Keine 10-Millionen-Schweiz"" erreicht in Avusy 56,2 Prozent Nein-Stimmen. Die Ablehnung der Initiative fällt jedoch geringer aus als zur Zuwanderungsinitiative im Jahr 2020. Die Abstimmenden von #gemeinde_d hatten damals mit 72,7 Prozent Nein gestimmt."
6605,20.9,20.9,79.1,"Bardonnex GE","In Bardonnex findet die Initiative ""Keine 10-Millionen-Schweiz"" mit 79,1 Prozent keine Mehrheit. Die Ablehnung der Initiative ""Keine 10-Millionen-Schweiz!» ist stärker als jene zur Zuwanderungsinitiative im Jahr 2020. Der Nein-Anteil in #gemeinde_d lag damals bei 66,5 Prozent."
6606,49.9,49.9,50.1,"Bellevue GE","In Bellevue wird die Initiative ""Keine 10-Millionen-Schweiz"" mit 50,1 Prozent abgelehnt. Die Ablehnung der Initiative fällt jedoch geringer aus als zur Zuwanderungsinitiative im Jahr 2020. Die Abstimmenden von #gemeinde_d hatten damals mit 69,4 Prozent Nein gestimmt."
6607,41.6,41.6,58.4,"Bernex GE","In Bernex wird die Initiative ""Keine 10-Millionen-Schweiz"" mit 58,4 Prozent abgelehnt. Die Ablehnung der Initiative fällt jedoch geringer aus als zur Zuwanderungsinitiative im Jahr 2020. Die Abstimmenden von #gemeinde_d hatten damals mit 70,8 Prozent Nein gestimmt."
6608,51.5,51.5,48.5,"Carouge GE","51,5 Prozent der Stimmbürgerinnen und Stimmbürger von Carouge haben sich für die Initiative ""Keine 10-Millionen-Schweiz"" ausgesprochen. Mit diesem Ergebnis wechselt #gemeinde_d ins Ja-Lager. Im Jahr 2020 hatte die Gemeinde die Zuwanderungsinitiative noch mit 72 Prozent der Stimmen abgelehnt."
6609,8.2,8.2,91.8,"Cartigny GE","91,8 Prozent der Stimmbürgerinnen und Stimmbürger von Cartigny sprechen sich gegen die Initiative ""Keine 10-Millionen-Schweiz"" aus. Die Ablehnung der Initiative ""Keine 10-Millionen-Schweiz!» ist stärker als jene zur Zuwanderungsinitiative im Jahr 2020. Der Nein-Anteil in #gemeinde_d lag damals bei 69,5 Prozent."
6610,49.4,49.4,50.6,"Céligny GE","Die Initiative ""Keine 10-Millionen-Schweiz"" erreicht in Céligny 50,6 Prozent Nein-Stimmen. Die Ablehnung der Initiative fällt jedoch geringer aus als zur Zuwanderungsinitiative im Jahr 2020. Die Abstimmenden von #gemeinde_d hatten damals mit 73,9 Prozent Nein gestimmt."
6611,72.1,72.1,27.9,"Chancy GE","72,1 Prozent der Stimmbürgerinnen und Stimmbürger von Chancy haben sich für die Initiative ""Keine 10-Millionen-Schweiz"" ausgesprochen. Mit diesem Ergebnis wechselt #gemeinde_d ins Ja-Lager. Im Jahr 2020 hatte die Gemeinde die Zuwanderungsinitiative noch mit 52,8 Prozent der Stimmen abgelehnt."
6612,63.2,63.2,36.8,"Chêne-Bougeries GE","Die Initiative ""Keine 10-Millionen-Schweiz"" erreicht in Chêne-Bougeries 63,2 Prozent Ja-Stimmen. Mit diesem Ergebnis wechselt #gemeinde_d ins Ja-Lager. Im Jahr 2020 hatte die Gemeinde die Zuwanderungsinitiative noch mit 73,6 Prozent der Stimmen abgelehnt."
6613,59.3,59.3,40.7,"Chêne-Bourg GE","Die Initiative ""Keine 10-Millionen-Schweiz"" erreicht in Chêne-Bourg 59,3 Prozent Ja-Stimmen. Mit diesem Ergebnis wechselt #gemeinde_d ins Ja-Lager. Im Jahr 2020 hatte die Gemeinde die Zuwanderungsinitiative noch mit 66,6 Prozent der Stimmen abgelehnt."
6614,68.1,68.1,31.9,"Choulex GE","Mit 68,1 Prozent befürworten die Stimmberechtigten von Choulex die Initiative ""Keine 10-Millionen-Schweiz"". Mit diesem Ergebnis wechselt #gemeinde_d ins Ja-Lager. Im Jahr 2020 hatte die Gemeinde die Zuwanderungsinitiative noch mit 70,2 Prozent der Stimmen abgelehnt."
6615,42.7,42.7,57.3,"Collex-Bossy GE","Die Initiative ""Keine 10-Millionen-Schweiz"" erreicht in Collex-Bossy 57,3 Prozent Nein-Stimmen. Die Ablehnung der Initiative fällt jedoch geringer aus als zur Zuwanderungsinitiative im Jahr 2020. Die Abstimmenden von #gemeinde_d hatten damals mit 72,9 Prozent Nein gestimmt."
6616,43.9,43.9,56.1,"Collonge-Bellerive GE","Die Initiative ""Keine 10-Millionen-Schweiz"" erreicht in Collonge-Bellerive 56,1 Prozent Nein-Stimmen. Die Ablehnung der Initiative fällt jedoch geringer aus als zur Zuwanderungsinitiative im Jahr 2020. Die Abstimmenden von #gemeinde_d hatten damals mit 70,5 Prozent Nein gestimmt."
6617,4.9,4.9,95.1,"Cologny GE","Die Initiative ""Keine 10-Millionen-Schweiz"" erreicht in Cologny 95,1 Prozent Nein-Stimmen. Die Ablehnung der Initiative ""Keine 10-Millionen-Schweiz!» ist stärker als jene zur Zuwanderungsinitiative im Jahr 2020. Der Nein-Anteil in #gemeinde_d lag damals bei 71,9 Prozent."
6618,88.9,88.9,11.1,"Confignon GE","Mit 88,9 Prozent befürworten die Stimmberechtigten von Confignon die Initiative ""Keine 10-Millionen-Schweiz"". Mit diesem Ergebnis wechselt #gemeinde_d ins Ja-Lager. Im Jahr 2020 hatte die Gemeinde die Zuwanderungsinitiative noch mit 71,1 Prozent der Stimmen abgelehnt."
6619,51.5,51.5,48.5,"Corsier GE","Corsier GE hat die Initiative ""Keine 10-Millionen-Schweiz"" angenommen; der Ja-Stimmen-Anteil liegt bei 51,5 Prozent. Mit diesem Ergebnis wechselt #gemeinde_d ins Ja-Lager. Im Jahr 2020 hatte die Gemeinde die Zuwanderungsinitiative noch mit 69,3 Prozent der Stimmen abgelehnt."
6620,96,96,4,"Dardagny GE","Dardagny hat die Initiative ""Keine 10-Millionen-Schweiz"" angenommen; der Ja-Stimmen-Anteil liegt bei 96 Prozent. Mit diesem Ergebnis wechselt #gemeinde_d ins Ja-Lager. Im Jahr 2020 hatte die Gemeinde die Zuwanderungsinitiative noch mit 66,9 Prozent der Stimmen abgelehnt."
6621,46,46,54,"Genf GE","54 Prozent der Stimmbürgerinnen und Stimmbürger von Genf sprechen sich gegen die Initiative ""Keine 10-Millionen-Schweiz"" aus. Die Ablehnung der Initiative fällt jedoch geringer aus als zur Zuwanderungsinitiative im Jahr 2020. Die Abstimmenden von #gemeinde_d hatten damals mit 69,7 Prozent Nein gestimmt."
6622,63.9,63.9,36.1,"Genthod GE","Mit 63,9 Prozent Ja-Stimmen hat eine Mehrheit der Stimmberechtigten in Genthod der Initiative ""Keine 10-Millionen-Schweiz"" zugestimmt. Mit diesem Ergebnis wechselt #gemeinde_d ins Ja-Lager. Im Jahr 2020 hatte die Gemeinde die Zuwanderungsinitiative noch mit 65,2 Prozent der Stimmen abgelehnt."
6623,60.2,60.2,39.8,"Le Grand-Saconnex GE","Mit 60,2 Prozent befürworten die Stimmberechtigten von Le Grand-Saconnex die Initiative ""Keine 10-Millionen-Schweiz"". Mit diesem Ergebnis wechselt #gemeinde_d ins Ja-Lager. Im Jahr 2020 hatte die Gemeinde die Zuwanderungsinitiative noch mit 66,6 Prozent der Stimmen abgelehnt."
6624,42.2,42.2,57.8,"Gy GE","In Gy ist die Initiative ""Keine 10-Millionen-Schweiz"" mit 57,8 Prozent der Stimmen gescheitert. Die Ablehnung der Initiative fällt jedoch geringer aus als zur Zuwanderungsinitiative im Jahr 2020. Die Abstimmenden von #gemeinde_d hatten damals mit 67,3 Prozent Nein gestimmt."
6625,70.8,70.8,29.2,"Hermance GE","In Hermance erhält die Initiative ""Keine 10-Millionen-Schweiz"" 70,8 Prozent Zustimmung. Mit diesem Ergebnis wechselt #gemeinde_d ins Ja-Lager. Im Jahr 2020 hatte die Gemeinde die Zuwanderungsinitiative noch mit 73,7 Prozent der Stimmen abgelehnt."
6626,97.4,97.4,2.6,"Jussy GE","In Jussy erhält die Initiative ""Keine 10-Millionen-Schweiz"" 97,4 Prozent Zustimmung. Mit diesem Ergebnis wechselt #gemeinde_d ins Ja-Lager. Im Jahr 2020 hatte die Gemeinde die Zuwanderungsinitiative noch mit 64,3 Prozent der Stimmen abgelehnt."
6627,70.8,70.8,29.2,"Laconnex GE","Mit 70,8 Prozent befürworten die Stimmberechtigten von Laconnex die Initiative ""Keine 10-Millionen-Schweiz"". Mit diesem Ergebnis wechselt #gemeinde_d ins Ja-Lager. Im Jahr 2020 hatte die Gemeinde die Zuwanderungsinitiative noch mit 72,8 Prozent der Stimmen abgelehnt."
6628,48.2,48.2,51.8,"Lancy GE","In Lancy ist die Initiative ""Keine 10-Millionen-Schweiz"" mit 51,8 Prozent der Stimmen gescheitert. Die Ablehnung der Initiative fällt jedoch geringer aus als zur Zuwanderungsinitiative im Jahr 2020. Die Abstimmenden von #gemeinde_d hatten damals mit 66,8 Prozent Nein gestimmt."
6629,29.6,29.6,70.4,"Meinier GE","In Meinier ist die Initiative ""Keine 10-Millionen-Schweiz"" mit 70,4 Prozent der Stimmen gescheitert. Das Ergebnis hat sich im Vergleich zur Abstimmung über die Zuwanderungsinitiative im Jahr 2020 kaum verändert. #gemeinde_d hatte damals mit 71,3 Prozent Nein gestimmt."
6630,50.2,50.2,49.8,"Meyrin GE","Mit 50,2 Prozent Ja-Stimmen hat eine Mehrheit der Stimmberechtigten in Meyrin der Initiative ""Keine 10-Millionen-Schweiz"" zugestimmt. Mit diesem Ergebnis wechselt #gemeinde_d ins Ja-Lager. Im Jahr 2020 hatte die Gemeinde die Zuwanderungsinitiative noch mit 61,2 Prozent der Stimmen abgelehnt."
6631,58.8,58.8,41.2,"Onex GE","Die Initiative ""Keine 10-Millionen-Schweiz"" erreicht in Onex 58,8 Prozent Ja-Stimmen. Mit diesem Ergebnis wechselt #gemeinde_d ins Ja-Lager. Im Jahr 2020 hatte die Gemeinde die Zuwanderungsinitiative noch mit 61,1 Prozent der Stimmen abgelehnt."
6632,58.8,58.8,41.2,"Perly-Certoux GE","58,8 Prozent der Stimmbürgerinnen und Stimmbürger von Perly-Certoux haben sich für die Initiative ""Keine 10-Millionen-Schweiz"" ausgesprochen. Mit diesem Ergebnis wechselt #gemeinde_d ins Ja-Lager. Im Jahr 2020 hatte die Gemeinde die Zuwanderungsinitiative noch mit 62,3 Prozent der Stimmen abgelehnt."
6633,97.1,97.1,2.9,"Plan-les-Ouates GE","Die Initiative ""Keine 10-Millionen-Schweiz"" erreicht in Plan-les-Ouates 97,1 Prozent Ja-Stimmen. Mit diesem Ergebnis wechselt #gemeinde_d ins Ja-Lager. Im Jahr 2020 hatte die Gemeinde die Zuwanderungsinitiative noch mit 69,9 Prozent der Stimmen abgelehnt."
6634,25.5,25.5,74.5,"Pregny-Chambésy GE","In Pregny-Chambésy ist die Initiative ""Keine 10-Millionen-Schweiz"" mit 74,5 Prozent der Stimmen gescheitert. Die Ablehnung der Initiative ""Keine 10-Millionen-Schweiz!» ist stärker als jene zur Zuwanderungsinitiative im Jahr 2020. Der Nein-Anteil in #gemeinde_d lag damals bei 66,2 Prozent."
6635,90.9,90.9,9.1,"Presinge GE","Mit 90,9 Prozent Ja-Stimmen hat eine Mehrheit der Stimmberechtigten in Presinge der Initiative ""Keine 10-Millionen-Schweiz"" zugestimmt. Mit diesem Ergebnis wechselt #gemeinde_d ins Ja-Lager. Im Jahr 2020 hatte die Gemeinde die Zuwanderungsinitiative noch mit 65 Prozent der Stimmen abgelehnt."
6636,43.6,43.6,56.4,"Puplinge GE","Die Initiative ""Keine 10-Millionen-Schweiz"" erreicht in Puplinge 56,4 Prozent Nein-Stimmen. Die Ablehnung der Initiative fällt jedoch geringer aus als zur Zuwanderungsinitiative im Jahr 2020. Die Abstimmenden von #gemeinde_d hatten damals mit 69,2 Prozent Nein gestimmt."
6637,47.7,47.7,52.3,"Russin GE","52,3 Prozent der Stimmbürgerinnen und Stimmbürger von Russin sprechen sich gegen die Initiative ""Keine 10-Millionen-Schweiz"" aus. Die Ablehnung der Initiative fällt jedoch geringer aus als zur Zuwanderungsinitiative im Jahr 2020. Die Abstimmenden von #gemeinde_d hatten damals mit 61,7 Prozent Nein gestimmt."
6638,42.2,42.2,57.8,"Satigny GE","In Satigny wird die Initiative ""Keine 10-Millionen-Schweiz"" mit 57,8 Prozent abgelehnt. Die Ablehnung der Initiative fällt jedoch geringer aus als zur Zuwanderungsinitiative im Jahr 2020. Die Abstimmenden von #gemeinde_d hatten damals mit 66,2 Prozent Nein gestimmt."
6639,0.7,0.7,99.3,"Soral GE","In Soral findet die Initiative ""Keine 10-Millionen-Schweiz"" mit 99,3 Prozent keine Mehrheit. Die Ablehnung der Initiative ""Keine 10-Millionen-Schweiz!» ist stärker als jene zur Zuwanderungsinitiative im Jahr 2020. Der Nein-Anteil in #gemeinde_d lag damals bei 66,8 Prozent."
6640,26.4,26.4,73.6,"Thônex GE","In Thônex wird die Initiative ""Keine 10-Millionen-Schweiz"" mit 73,6 Prozent abgelehnt. Die Ablehnung der Initiative ""Keine 10-Millionen-Schweiz!» ist stärker als jene zur Zuwanderungsinitiative im Jahr 2020. Der Nein-Anteil in #gemeinde_d lag damals bei 62,7 Prozent."
6641,17.1,17.1,82.9,"Troinex GE","82,9 Prozent der Stimmbürgerinnen und Stimmbürger von Troinex sprechen sich gegen die Initiative ""Keine 10-Millionen-Schweiz"" aus. Die Ablehnung der Initiative ""Keine 10-Millionen-Schweiz!» ist stärker als jene zur Zuwanderungsinitiative im Jahr 2020. Der Nein-Anteil in #gemeinde_d lag damals bei 72,9 Prozent."
6642,8.8,8.8,91.2,"Vandoeuvres GE","In Vandoeuvres wird die Initiative ""Keine 10-Millionen-Schweiz"" mit 91,2 Prozent abgelehnt. Die Ablehnung der Initiative ""Keine 10-Millionen-Schweiz!» ist stärker als jene zur Zuwanderungsinitiative im Jahr 2020. Der Nein-Anteil in #gemeinde_d lag damals bei 67,9 Prozent."
6643,53,53,47,"Vernier GE","Vernier hat die Initiative ""Keine 10-Millionen-Schweiz"" angenommen; der Ja-Stimmen-Anteil liegt bei 53 Prozent. Mit diesem Ergebnis wechselt #gemeinde_d ins Ja-Lager. Im Jahr 2020 hatte die Gemeinde die Zuwanderungsinitiative noch mit 60,4 Prozent der Stimmen abgelehnt."
6644,90.2,90.2,9.8,"Versoix GE","Mit 90,2 Prozent Ja-Stimmen hat eine Mehrheit der Stimmberechtigten in Versoix der Initiative ""Keine 10-Millionen-Schweiz"" zugestimmt. Mit diesem Ergebnis wechselt #gemeinde_d ins Ja-Lager. Im Jahr 2020 hatte die Gemeinde die Zuwanderungsinitiative noch mit 66,8 Prozent der Stimmen abgelehnt."
6645,36.5,36.5,63.5,"Veyrier GE","In Veyrier wird die Initiative ""Keine 10-Millionen-Schweiz"" mit 63,5 Prozent abgelehnt. Die Ablehnung der Initiative fällt jedoch geringer aus als zur Zuwanderungsinitiative im Jahr 2020. Die Abstimmenden von #gemeinde_d hatten damals mit 75,2 Prozent Nein gestimmt."
6702,32.1,32.1,67.9,"Boécourt JU","Die Initiative ""Keine 10-Millionen-Schweiz"" erreicht in Boécourt 67,9 Prozent Nein-Stimmen. Die Ablehnung der Initiative ""Keine 10-Millionen-Schweiz!» ist stärker als jene zur Zuwanderungsinitiative im Jahr 2020. Der Nein-Anteil in #gemeinde_d lag damals bei 64,2 Prozent."
6703,93.3,93.3,6.7,"Bourrignon JU","Bourrignon hat die Initiative ""Keine 10-Millionen-Schweiz"" angenommen; der Ja-Stimmen-Anteil liegt bei 93,3 Prozent. Mit diesem Ergebnis wechselt #gemeinde_d ins Ja-Lager. Im Jahr 2020 hatte die Gemeinde die Zuwanderungsinitiative noch mit 59,2 Prozent der Stimmen abgelehnt."
6704,53.7,53.7,46.3,"Châtillon JU","Die Initiative ""Keine 10-Millionen-Schweiz"" erreicht in Châtillon JU 53,7 Prozent Ja-Stimmen. Mit diesem Ergebnis wechselt #gemeinde_d ins Ja-Lager. Im Jahr 2020 hatte die Gemeinde die Zuwanderungsinitiative noch mit 56,9 Prozent der Stimmen abgelehnt."
6706,43.5,43.5,56.5,"Courchapoix JU","Die Initiative ""Keine 10-Millionen-Schweiz"" erreicht in Courchapoix 56,5 Prozent Nein-Stimmen. Die Ablehnung der Initiative fällt jedoch geringer aus als zur Zuwanderungsinitiative im Jahr 2020. Die Abstimmenden von #gemeinde_d hatten damals mit 68,9 Prozent Nein gestimmt."
6708,43.1,43.1,56.9,"Courrendlin JU","In Courrendlin ist die Initiative ""Keine 10-Millionen-Schweiz"" mit 56,9 Prozent der Stimmen gescheitert. Die Ablehnung der Initiative fällt jedoch geringer aus als zur Zuwanderungsinitiative im Jahr 2020. Die Abstimmenden von #gemeinde_d hatten damals mit 64,7 Prozent Nein gestimmt."
6709,20.3,20.3,79.7,"Courroux JU","Die Initiative ""Keine 10-Millionen-Schweiz"" erreicht in Courroux 79,7 Prozent Nein-Stimmen. Die Ablehnung der Initiative ""Keine 10-Millionen-Schweiz!» ist stärker als jene zur Zuwanderungsinitiative im Jahr 2020. Der Nein-Anteil in #gemeinde_d lag damals bei 66,1 Prozent."
6710,60.8,60.8,39.2,"Courtételle JU","Mit 60,8 Prozent befürworten die Stimmberechtigten von Courtételle die Initiative ""Keine 10-Millionen-Schweiz"". Mit diesem Ergebnis wechselt #gemeinde_d ins Ja-Lager. Im Jahr 2020 hatte die Gemeinde die Zuwanderungsinitiative noch mit 70,3 Prozent der Stimmen abgelehnt."
6711,78.2,78.2,21.8,"Delsberg JU","Die Initiative ""Keine 10-Millionen-Schweiz"" erreicht in Delsberg 78,2 Prozent Ja-Stimmen. Mit diesem Ergebnis wechselt #gemeinde_d ins Ja-Lager. Im Jahr 2020 hatte die Gemeinde die Zuwanderungsinitiative noch mit 78 Prozent der Stimmen abgelehnt."
6712,3.2,3.2,96.8,"Develier JU","In Develier findet die Initiative ""Keine 10-Millionen-Schweiz"" mit 96,8 Prozent keine Mehrheit. Die Ablehnung der Initiative ""Keine 10-Millionen-Schweiz!» ist stärker als jene zur Zuwanderungsinitiative im Jahr 2020. Der Nein-Anteil in #gemeinde_d lag damals bei 66,7 Prozent."
6713,47.6,47.6,52.4,"Ederswiler JU","In Ederswiler wird die Initiative ""Keine 10-Millionen-Schweiz"" mit 52,4 Prozent abgelehnt. In den vergangenen fünf Jahren hat die Gemeinde somit bei der Frage der Zuwanderung das Lager gewechselt. #gemeinde_d hatte die Zuwanderungsinitiative im Jahr 2020 mit 20,7 Prozent abgelehnt."
6715,65.6,65.6,34.4,"Mervelier JU","65,6 Prozent der Stimmbürgerinnen und Stimmbürger von Mervelier haben sich für die Initiative ""Keine 10-Millionen-Schweiz"" ausgesprochen. Mit diesem Ergebnis wechselt #gemeinde_d ins Ja-Lager. Im Jahr 2020 hatte die Gemeinde die Zuwanderungsinitiative noch mit 65,7 Prozent der Stimmen abgelehnt."
6716,42.8,42.8,57.2,"Mettembert JU","In Mettembert wird die Initiative ""Keine 10-Millionen-Schweiz"" mit 57,2 Prozent abgelehnt. Die Ablehnung der Initiative fällt jedoch geringer aus als zur Zuwanderungsinitiative im Jahr 2020. Die Abstimmenden von #gemeinde_d hatten damals mit 69,4 Prozent Nein gestimmt."
6718,55.9,55.9,44.1,"Movelier JU","In Movelier erhält die Initiative ""Keine 10-Millionen-Schweiz"" 55,9 Prozent Zustimmung. Mit diesem Ergebnis wechselt #gemeinde_d ins Ja-Lager. Im Jahr 2020 hatte die Gemeinde die Zuwanderungsinitiative noch mit 54,8 Prozent der Stimmen abgelehnt."
6719,99.9,99.9,0.1,"Pleigne JU","Bei der Initiative ""Keine 10-Millionen-Schweiz"" erzielt Pleigne den höchsten Ja-Anteil der Schweiz, der Wert liegt bei 99,9 Prozent. Mit diesem Ergebnis wechselt #gemeinde_d ins Ja-Lager. Im Jahr 2020 hatte die Gemeinde die Zuwanderungsinitiative noch mit 62,4 Prozent der Stimmen abgelehnt."
6721,39.4,39.4,60.6,"Rossemaison JU","In Rossemaison wird die Initiative ""Keine 10-Millionen-Schweiz"" mit 60,6 Prozent abgelehnt. Die Ablehnung der Initiative fällt jedoch geringer aus als zur Zuwanderungsinitiative im Jahr 2020. Die Abstimmenden von #gemeinde_d hatten damals mit 72,3 Prozent Nein gestimmt."
6722,66.7,66.7,33.3,"Saulcy JU","Mit 66,7 Prozent Ja-Stimmen hat eine Mehrheit der Stimmberechtigten in Saulcy der Initiative ""Keine 10-Millionen-Schweiz"" zugestimmt. Mit diesem Ergebnis wechselt #gemeinde_d ins Ja-Lager. Im Jahr 2020 hatte die Gemeinde die Zuwanderungsinitiative noch mit 56,6 Prozent der Stimmen abgelehnt."
6724,43.5,43.5,56.5,"Soyhières JU","In Soyhières findet die Initiative ""Keine 10-Millionen-Schweiz"" mit 56,5 Prozent keine Mehrheit. Die Ablehnung der Initiative fällt jedoch geringer aus als zur Zuwanderungsinitiative im Jahr 2020. Die Abstimmenden von #gemeinde_d hatten damals mit 57,5 Prozent Nein gestimmt."
6729,94.9,94.9,5.1,"Haute-Sorne JU","In Haute-Sorne erhält die Initiative ""Keine 10-Millionen-Schweiz"" 94,9 Prozent Zustimmung. Mit diesem Ergebnis wechselt #gemeinde_d ins Ja-Lager. Im Jahr 2020 hatte die Gemeinde die Zuwanderungsinitiative noch mit 66,7 Prozent der Stimmen abgelehnt."
6730,56.7,56.7,43.3,"Val Terbi JU","56,7 Prozent der Stimmbürgerinnen und Stimmbürger von Val Terbi haben sich für die Initiative ""Keine 10-Millionen-Schweiz"" ausgesprochen. Mit diesem Ergebnis wechselt #gemeinde_d ins Ja-Lager. Im Jahr 2020 hatte die Gemeinde die Zuwanderungsinitiative noch mit 67,5 Prozent der Stimmen abgelehnt."
6741,54.5,54.5,45.5,"Le Bémont JU","Le Bémont JU hat die Initiative ""Keine 10-Millionen-Schweiz"" angenommen; der Ja-Stimmen-Anteil liegt bei 54,5 Prozent. Mit diesem Ergebnis wechselt #gemeinde_d ins Ja-Lager. Im Jahr 2020 hatte die Gemeinde die Zuwanderungsinitiative noch mit 57,5 Prozent der Stimmen abgelehnt."
6742,50.2,50.2,49.8,"Les Bois JU","In Les Bois erhält die Initiative ""Keine 10-Millionen-Schweiz"" 50,2 Prozent Zustimmung. Mit diesem Ergebnis wechselt #gemeinde_d ins Ja-Lager. Im Jahr 2020 hatte die Gemeinde die Zuwanderungsinitiative noch mit 68,7 Prozent der Stimmen abgelehnt."
6743,52.2,52.2,47.8,"Les Breuleux JU","Mit 52,2 Prozent Ja-Stimmen hat eine Mehrheit der Stimmberechtigten in Les Breuleux der Initiative ""Keine 10-Millionen-Schweiz"" zugestimmt. Mit diesem Ergebnis wechselt #gemeinde_d ins Ja-Lager. Im Jahr 2020 hatte die Gemeinde die Zuwanderungsinitiative noch mit 72,2 Prozent der Stimmen abgelehnt."
6745,1,1,99,"Les Enfers JU","Die Initiative ""Keine 10-Millionen-Schweiz"" erreicht in Les Enfers 99 Prozent Nein-Stimmen. Die Ablehnung der Initiative ""Keine 10-Millionen-Schweiz!» ist stärker als jene zur Zuwanderungsinitiative im Jahr 2020. Der Nein-Anteil in #gemeinde_d lag damals bei 69,3 Prozent."
6748,46,46,54,"Les Genevez JU","54 Prozent der Stimmbürgerinnen und Stimmbürger von Les Genevez JU sprechen sich gegen die Initiative ""Keine 10-Millionen-Schweiz"" aus. Die Ablehnung der Initiative fällt jedoch geringer aus als zur Zuwanderungsinitiative im Jahr 2020. Die Abstimmenden von #gemeinde_d hatten damals mit 68,8 Prozent Nein gestimmt."
6750,82.2,82.2,17.8,"Lajoux JU","In Lajoux JU erhält die Initiative ""Keine 10-Millionen-Schweiz"" 82,2 Prozent Zustimmung. Mit diesem Ergebnis wechselt #gemeinde_d ins Ja-Lager. Im Jahr 2020 hatte die Gemeinde die Zuwanderungsinitiative noch mit 78,7 Prozent der Stimmen abgelehnt."
6751,36.4,36.4,63.6,"Montfaucon JU","In Montfaucon wird die Initiative ""Keine 10-Millionen-Schweiz"" mit 63,6 Prozent abgelehnt. Die Ablehnung der Initiative fällt jedoch geringer aus als zur Zuwanderungsinitiative im Jahr 2020. Die Abstimmenden von #gemeinde_d hatten damals mit 66,9 Prozent Nein gestimmt."
6753,87.9,87.9,12.1,"Muriaux JU","Die Initiative ""Keine 10-Millionen-Schweiz"" erreicht in Muriaux 87,9 Prozent Ja-Stimmen. Mit diesem Ergebnis wechselt #gemeinde_d ins Ja-Lager. Im Jahr 2020 hatte die Gemeinde die Zuwanderungsinitiative noch mit 66,4 Prozent der Stimmen abgelehnt."
6754,72.7,72.7,27.3,"Le Noirmont JU","Die Initiative ""Keine 10-Millionen-Schweiz"" erreicht in Le Noirmont 72,7 Prozent Ja-Stimmen. Mit diesem Ergebnis wechselt #gemeinde_d ins Ja-Lager. Im Jahr 2020 hatte die Gemeinde die Zuwanderungsinitiative noch mit 71,5 Prozent der Stimmen abgelehnt."
6757,12.6,12.6,87.4,"Saignelégier JU","Die Initiative ""Keine 10-Millionen-Schweiz"" erreicht in Saignelégier 87,4 Prozent Nein-Stimmen. Die Ablehnung der Initiative ""Keine 10-Millionen-Schweiz!» ist stärker als jene zur Zuwanderungsinitiative im Jahr 2020. Der Nein-Anteil in #gemeinde_d lag damals bei 78,3 Prozent."
6758,77.5,77.5,22.5,"Saint-Brais JU","In Saint-Brais erhält die Initiative ""Keine 10-Millionen-Schweiz"" 77,5 Prozent Zustimmung. Mit diesem Ergebnis wechselt #gemeinde_d ins Ja-Lager. Im Jahr 2020 hatte die Gemeinde die Zuwanderungsinitiative noch mit 63,3 Prozent der Stimmen abgelehnt."
6759,20.9,20.9,79.1,"Soubey JU","In Soubey ist die Initiative ""Keine 10-Millionen-Schweiz"" mit 79,1 Prozent der Stimmen gescheitert. Die Ablehnung der Initiative ""Keine 10-Millionen-Schweiz!» ist stärker als jene zur Zuwanderungsinitiative im Jahr 2020. Der Nein-Anteil in #gemeinde_d lag damals bei 59,7 Prozent."
6771,40.9,40.9,59.1,"Alle JU","In Alle ist die Initiative ""Keine 10-Millionen-Schweiz"" mit 59,1 Prozent der Stimmen gescheitert. Die Ablehnung der Initiative fällt jedoch geringer aus als zur Zuwanderungsinitiative im Jahr 2020. Die Abstimmenden von #gemeinde_d hatten damals mit 70,8 Prozent Nein gestimmt."
6774,25.1,25.1,74.9,"Boncourt JU","In Boncourt wird die Initiative ""Keine 10-Millionen-Schweiz"" mit 74,9 Prozent abgelehnt. Die Ablehnung der Initiative ""Keine 10-Millionen-Schweiz!» ist stärker als jene zur Zuwanderungsinitiative im Jahr 2020. Der Nein-Anteil in #gemeinde_d lag damals bei 60,9 Prozent."
6778,8.3,8.3,91.7,"Bure JU","In Bure findet die Initiative ""Keine 10-Millionen-Schweiz"" mit 91,7 Prozent keine Mehrheit. Die Ablehnung der Initiative ""Keine 10-Millionen-Schweiz!» ist stärker als jene zur Zuwanderungsinitiative im Jahr 2020. Der Nein-Anteil in #gemeinde_d lag damals bei 55,4 Prozent."
6781,99,99,1,"Coeuve JU","Coeuve hat die Initiative ""Keine 10-Millionen-Schweiz"" angenommen; der Ja-Stimmen-Anteil liegt bei 99 Prozent. Mit diesem Ergebnis wechselt #gemeinde_d ins Ja-Lager. Im Jahr 2020 hatte die Gemeinde die Zuwanderungsinitiative noch mit 60,8 Prozent der Stimmen abgelehnt."
6782,12.8,12.8,87.2,"Cornol JU","In Cornol ist die Initiative ""Keine 10-Millionen-Schweiz"" mit 87,2 Prozent der Stimmen gescheitert. Die Ablehnung der Initiative ""Keine 10-Millionen-Schweiz!» ist stärker als jene zur Zuwanderungsinitiative im Jahr 2020. Der Nein-Anteil in #gemeinde_d lag damals bei 61 Prozent."
6783,32.1,32.1,67.9,"Courchavon JU","In Courchavon wird die Initiative ""Keine 10-Millionen-Schweiz"" mit 67,9 Prozent abgelehnt. Das Ergebnis hat sich im Vergleich zur Abstimmung über die Zuwanderungsinitiative im Jahr 2020 kaum verändert. #gemeinde_d hatte damals mit 67,9 Prozent Nein gestimmt."
6784,14.8,14.8,85.2,"Courgenay JU","In Courgenay ist die Initiative ""Keine 10-Millionen-Schweiz"" mit 85,2 Prozent der Stimmen gescheitert. Die Ablehnung der Initiative ""Keine 10-Millionen-Schweiz!» ist stärker als jene zur Zuwanderungsinitiative im Jahr 2020. Der Nein-Anteil in #gemeinde_d lag damals bei 62,6 Prozent."
6785,40.1,40.1,59.9,"Courtedoux JU","Die Initiative ""Keine 10-Millionen-Schweiz"" erreicht in Courtedoux 59,9 Prozent Nein-Stimmen. Die Ablehnung der Initiative fällt jedoch geringer aus als zur Zuwanderungsinitiative im Jahr 2020. Die Abstimmenden von #gemeinde_d hatten damals mit 66,3 Prozent Nein gestimmt."
6789,21.9,21.9,78.1,"Fahy JU","78,1 Prozent der Stimmbürgerinnen und Stimmbürger von Fahy sprechen sich gegen die Initiative ""Keine 10-Millionen-Schweiz"" aus. In den vergangenen fünf Jahren hat die Gemeinde somit bei der Frage der Zuwanderung das Lager gewechselt. #gemeinde_d hatte die Zuwanderungsinitiative im Jahr 2020 mit 44 Prozent abgelehnt."
6790,37.5,37.5,62.5,"Fontenais JU","In Fontenais ist die Initiative ""Keine 10-Millionen-Schweiz"" mit 62,5 Prozent der Stimmen gescheitert. Die Ablehnung der Initiative fällt jedoch geringer aus als zur Zuwanderungsinitiative im Jahr 2020. Die Abstimmenden von #gemeinde_d hatten damals mit 71,9 Prozent Nein gestimmt."
6792,27.5,27.5,72.5,"Grandfontaine JU","72,5 Prozent der Stimmbürgerinnen und Stimmbürger von Grandfontaine sprechen sich gegen die Initiative ""Keine 10-Millionen-Schweiz"" aus. Die Ablehnung der Initiative ""Keine 10-Millionen-Schweiz!» ist stärker als jene zur Zuwanderungsinitiative im Jahr 2020. Der Nein-Anteil in #gemeinde_d lag damals bei 54,8 Prozent."
6800,70,70,30,"Pruntrut JU","Mit 70 Prozent befürworten die Stimmberechtigten von Pruntrut die Initiative ""Keine 10-Millionen-Schweiz"". Mit diesem Ergebnis wechselt #gemeinde_d ins Ja-Lager. Im Jahr 2020 hatte die Gemeinde die Zuwanderungsinitiative noch mit 74,2 Prozent der Stimmen abgelehnt."
6806,44.8,44.8,55.2,"Vendlincourt JU","55,2 Prozent der Stimmbürgerinnen und Stimmbürger von Vendlincourt sprechen sich gegen die Initiative ""Keine 10-Millionen-Schweiz"" aus. Das Ergebnis hat sich im Vergleich zur Abstimmung über die Zuwanderungsinitiative im Jahr 2020 kaum verändert. #gemeinde_d hatte damals mit 54,8 Prozent Nein gestimmt."
6807,54.9,54.9,45.1,"Basse-Allaine JU","Die Initiative ""Keine 10-Millionen-Schweiz"" erreicht in Basse-Allaine 54,9 Prozent Ja-Stimmen. Mit diesem Ergebnis wechselt #gemeinde_d ins Ja-Lager. Im Jahr 2020 hatte die Gemeinde die Zuwanderungsinitiative noch mit 63,2 Prozent der Stimmen abgelehnt."
6808,63.9,63.9,36.1,"Clos du Doubs JU","Mit 63,9 Prozent Ja-Stimmen hat eine Mehrheit der Stimmberechtigten in Clos du Doubs der Initiative ""Keine 10-Millionen-Schweiz"" zugestimmt. Mit diesem Ergebnis wechselt #gemeinde_d ins Ja-Lager. Im Jahr 2020 hatte die Gemeinde die Zuwanderungsinitiative noch mit 64,6 Prozent der Stimmen abgelehnt."
6809,42.9,42.9,57.1,"Haute-Ajoie JU","57,1 Prozent der Stimmbürgerinnen und Stimmbürger von Haute-Ajoie sprechen sich gegen die Initiative ""Keine 10-Millionen-Schweiz"" aus. Die Ablehnung der Initiative fällt jedoch geringer aus als zur Zuwanderungsinitiative im Jahr 2020. Die Abstimmenden von #gemeinde_d hatten damals mit 58,5 Prozent Nein gestimmt."
6810,40.7,40.7,59.3,"La Baroche JU","In La Baroche ist die Initiative ""Keine 10-Millionen-Schweiz"" mit 59,3 Prozent der Stimmen gescheitert. Die Ablehnung der Initiative ""Keine 10-Millionen-Schweiz!» ist stärker als jene zur Zuwanderungsinitiative im Jahr 2020. Der Nein-Anteil in #gemeinde_d lag damals bei 57 Prozent."
6811,53.3,53.3,46.7,"Damphreux-Lugnez JU","Die Initiative ""Keine 10-Millionen-Schweiz"" erreicht in Damphreux-Lugnez 53,3 Prozent Ja-Stimmen. Mit diesem Ergebnis wechselt #gemeinde_d ins Ja-Lager. Im Jahr 2020 hatte die Gemeinde die Zuwanderungsinitiative noch mit 57,8 Prozent der Stimmen abgelehnt."
6812,32.9,32.9,67.1,"Basse-Vendline JU","In Basse-Vendline findet die Initiative ""Keine 10-Millionen-Schweiz"" mit 67,1 Prozent keine Mehrheit. Die Ablehnung der Initiative ""Keine 10-Millionen-Schweiz!» ist stärker als jene zur Zuwanderungsinitiative im Jahr 2020. Der Nein-Anteil in #gemeinde_d lag damals bei 52,2 Prozent."
6831,93.3,93.3,6.7,"Moutier JU","Moutier hat die Initiative ""Keine 10-Millionen-Schweiz"" angenommen; der Ja-Stimmen-Anteil liegt bei 93,3 Prozent. Mit diesem Ergebnis wechselt #gemeinde_d ins Ja-Lager. Im Jahr 2020 hatte die Gemeinde die Zuwanderungsinitiative noch mit 65,8 Prozent der Stimmen abgelehnt."
