"ID","Gemeinde_color","Ja_Stimmen_In_Prozent","Nein_Stimmen_In_Prozent","Gemeinde_it","Text_it"
1,35.7,35.7,64.3,"Aeugst am Albis (ZH)","A Aeugst am Albis, l'Iniziativa ""No a una Svizzera da 10 milioni!"" è stata respinta con il 64,3 per cento. NA"
2,94.3,94.3,5.7,"Affoltern am Albis (ZH)","La popolazione di Affoltern am Albis approva l'Iniziativa ""No a una Svizzera da 10 milioni!"" con il 94,3 per cento. NA"
3,14.4,14.4,85.6,"Bonstetten (ZH)","A Bonstetten l'Iniziativa ""No a una Svizzera da 10 milioni!"" è stata respinta con il 85,6 per cento. NA"
4,72.3,72.3,27.7,"Hausen am Albis (ZH)","Sì all'Iniziativa ""No a una Svizzera da 10 milioni!"" a Hausen am Albis con il 72,3 per cento. NA"
5,70.8,70.8,29.2,"Hedingen (ZH)","Sì all'Iniziativa ""No a una Svizzera da 10 milioni!"" a Hedingen, con il 70,8 per cento di voti favorevoli. NA"
6,89.4,89.4,10.6,"Kappel am Albis (ZH)","La popolazione di Kappel am Albis approva l'Iniziativa ""No a una Svizzera da 10 milioni!"" con il 89,4 per cento. NA"
7,99.5,99.5,0.5,"Knonau (ZH)","Knonau ottiene il secondo tasso più alto di sì in Svizzera per l'Iniziativa ""No a una Svizzera da 10 milioni!"" con il 99,5 per cento. NA"
8,77.5,77.5,22.5,"Maschwanden (ZH)","A Maschwanden, l'Iniziativa ""No a una Svizzera da 10 milioni!"" è stata approvata con il 77,5 per cento. NA"
9,54.8,54.8,45.2,"Mettmenstetten (ZH)","Sì all'Iniziativa ""No a una Svizzera da 10 milioni!"" a Mettmenstetten con il 54,8 per cento. NA"
10,59,59,41,"Obfelden (ZH)","Sì all'Iniziativa ""No a una Svizzera da 10 milioni!"" a Obfelden con il 59 per cento. NA"
11,48.2,48.2,51.8,"Ottenbach (ZH)","La popolazione di Ottenbach respinge l'Iniziativa ""No a una Svizzera da 10 milioni!"" con il 51,8 per cento. NA"
12,12.4,12.4,87.6,"Rifferswil (ZH)","La popolazione di Rifferswil respinge l'Iniziativa ""No a una Svizzera da 10 milioni!"" con il 87,6 per cento. NA"
13,17.6,17.6,82.4,"Stallikon (ZH)","A Stallikon l'Iniziativa ""No a una Svizzera da 10 milioni!"" non ottiene la maggioranza: 82,4 per cento di no. NA"
14,56.3,56.3,43.7,"Wettswil am Albis (ZH)","A Wettswil am Albis, l'Iniziativa ""No a una Svizzera da 10 milioni!"" è approvata con il 56,3 per cento. NA"
22,63.4,63.4,36.6,"Benken (ZH)","Sì all'Iniziativa ""No a una Svizzera da 10 milioni!"" a Benken ZH: 63,4 per cento. NA"
23,37.1,37.1,62.9,"Berg am Irchel (ZH)","A Berg am Irchel l'Iniziativa ""No a una Svizzera da 10 milioni!"" è stata respinta con il 62,9 per cento. NA"
24,49.7,49.7,50.3,"Buch am Irchel (ZH)","Con il 50,3 per cento dei voti, Buch am Irchel ha respinto l'Iniziativa ""No a una Svizzera da 10 milioni!"". NA"
25,98.7,98.7,1.3,"Dachsen (ZH)","A Dachsen l'Iniziativa ""No a una Svizzera da 10 milioni!"" è stata approvata con il 98,7 per cento. NA"
26,45.6,45.6,54.4,"Dorf (ZH)","La popolazione di Dorf respinge l'Iniziativa ""No a una Svizzera da 10 milioni!"" con il 54,4 per cento. NA"
27,13.4,13.4,86.6,"Feuerthalen (ZH)","A Feuerthalen l'Iniziativa ""No a una Svizzera da 10 milioni!"" è stata respinta con il 86,6 per cento. NA"
28,45.1,45.1,54.9,"Flaach (ZH)","A Flaach, l'Iniziativa ""No a una Svizzera da 10 milioni!"" è stata respinta con il 54,9 per cento. NA"
29,61.7,61.7,38.3,"Flurlingen (ZH)","La popolazione di Flurlingen approva l'Iniziativa ""No a una Svizzera da 10 milioni!"" con il 61,7 per cento. NA"
31,45.3,45.3,54.7,"Henggart (ZH)","A Henggart l'Iniziativa ""No a una Svizzera da 10 milioni!"" è stata respinta con il 54,7 per cento. NA"
33,18.6,18.6,81.4,"Kleinandelfingen (ZH)","La popolazione di Kleinandelfingen respinge l'Iniziativa ""No a una Svizzera da 10 milioni!"" con il 81,4 per cento. NA"
34,53.2,53.2,46.8,"Laufen-Uhwiesen (ZH)","La popolazione di Laufen-Uhwiesen approva l'Iniziativa ""No a una Svizzera da 10 milioni!"" con il 53,2 per cento. NA"
35,64.5,64.5,35.5,"Marthalen (ZH)","Sì all'Iniziativa ""No a una Svizzera da 10 milioni!"" a Marthalen, con il 64,5 per cento di voti favorevoli. NA"
37,50.5,50.5,49.5,"Ossingen (ZH)","Sì all'Iniziativa ""No a una Svizzera da 10 milioni!"" a Ossingen: 50,5 per cento. NA"
38,29.3,29.3,70.7,"Rheinau (ZH)","A Rheinau, l'Iniziativa ""No a una Svizzera da 10 milioni!"" è stata respinta con il 70,7 per cento. NA"
39,65.2,65.2,34.8,"Thalheim an der Thur (ZH)","A Thalheim an der Thur, l'Iniziativa ""No a una Svizzera da 10 milioni!"" è approvata con il 65,2 per cento. NA"
40,61.3,61.3,38.7,"Trüllikon (ZH)","A Trüllikon l'Iniziativa ""No a una Svizzera da 10 milioni!"" è stata approvata con il 61,3 per cento. NA"
41,70.5,70.5,29.5,"Truttikon (ZH)","Sì all'Iniziativa ""No a una Svizzera da 10 milioni!"" a Truttikon con il 70,5 per cento. NA"
43,29.6,29.6,70.4,"Volken (ZH)","La popolazione di Volken respinge l'Iniziativa ""No a una Svizzera da 10 milioni!"" con il 70,4 per cento. NA"
51,50.1,50.1,49.9,"Bachenbülach (ZH)","A Bachenbülach l'Iniziativa ""No a una Svizzera da 10 milioni!"" è stata approvata con il 50,1 per cento. NA"
52,63,63,37,"Bassersdorf (ZH)","Sì all'Iniziativa ""No a una Svizzera da 10 milioni!"" a Bassersdorf con il 63 per cento. NA"
53,69.8,69.8,30.2,"Bülach (ZH)","Sì all'Iniziativa ""No a una Svizzera da 10 milioni!"" a Bülach: 69,8 per cento. NA"
54,55.6,55.6,44.4,"Dietlikon (ZH)","A Dietlikon l'Iniziativa ""No a una Svizzera da 10 milioni!"" è stata approvata con il 55,6 per cento. NA"
55,34.4,34.4,65.6,"Eglisau (ZH)","Con il 65,6 per cento dei voti, l'Iniziativa ""No a una Svizzera da 10 milioni!"" viene respinta a Eglisau. NA"
56,96.5,96.5,3.5,"Embrach (ZH)","A Embrach, l'Iniziativa ""No a una Svizzera da 10 milioni!"" è approvata con il 96,5 per cento. NA"
57,27.4,27.4,72.6,"Freienstein-Teufen (ZH)","La popolazione di Freienstein-Teufen respinge l'Iniziativa ""No a una Svizzera da 10 milioni!"" con il 72,6 per cento. NA"
58,35.2,35.2,64.8,"Glattfelden (ZH)","A Glattfelden l'Iniziativa ""No a una Svizzera da 10 milioni!"" non ottiene la maggioranza: 64,8 per cento di no. NA"
59,33.8,33.8,66.2,"Hochfelden (ZH)","A Hochfelden l'Iniziativa ""No a una Svizzera da 10 milioni!"" non ottiene la maggioranza: 66,2 per cento di no. NA"
60,48.4,48.4,51.6,"Höri (ZH)","A Höri l'Iniziativa ""No a una Svizzera da 10 milioni!"" non ottiene la maggioranza: 51,6 per cento di no. NA"
61,77.6,77.6,22.4,"Hüntwangen (ZH)","A Hüntwangen, l'Iniziativa ""No a una Svizzera da 10 milioni!"" è stata approvata con il 77,6 per cento. NA"
62,18.4,18.4,81.6,"Kloten (ZH)","La popolazione di Kloten respinge l'Iniziativa ""No a una Svizzera da 10 milioni!"" con il 81,6 per cento. NA"
63,57.9,57.9,42.1,"Lufingen (ZH)","Sì all'Iniziativa ""No a una Svizzera da 10 milioni!"" a Lufingen con il 57,9 per cento. NA"
64,35.9,35.9,64.1,"Nürensdorf (ZH)","La popolazione di Nürensdorf respinge l'Iniziativa ""No a una Svizzera da 10 milioni!"" con il 64,1 per cento. NA"
65,46.2,46.2,53.8,"Oberembrach (ZH)","Con il 53,8 per cento dei voti, l'Iniziativa ""No a una Svizzera da 10 milioni!"" viene respinta a Oberembrach. NA"
66,81.6,81.6,18.4,"Opfikon (ZH)","La popolazione di Opfikon approva l'Iniziativa ""No a una Svizzera da 10 milioni!"" con il 81,6 per cento. NA"
67,48,48,52,"Rafz (ZH)","Con il 52 per cento dei voti, Rafz ha respinto l'Iniziativa ""No a una Svizzera da 10 milioni!"". NA"
68,68,68,32,"Rorbas (ZH)","A Rorbas, l'Iniziativa ""No a una Svizzera da 10 milioni!"" è stata approvata con il 68 per cento. NA"
69,45.1,45.1,54.9,"Wallisellen (ZH)","A Wallisellen, l'Iniziativa ""No a una Svizzera da 10 milioni!"" è stata respinta con il 54,9 per cento. NA"
70,93.2,93.2,6.8,"Wasterkingen (ZH)","Sì all'Iniziativa ""No a una Svizzera da 10 milioni!"" a Wasterkingen con il 93,2 per cento. NA"
71,74.4,74.4,25.6,"Wil (ZH)","Sì all'Iniziativa ""No a una Svizzera da 10 milioni!"" a Wil ZH con il 74,4 per cento. NA"
72,55.3,55.3,44.7,"Winkel (ZH)","La popolazione di Winkel approva l'Iniziativa ""No a una Svizzera da 10 milioni!"" con il 55,3 per cento. NA"
81,49.6,49.6,50.4,"Bachs (ZH)","La popolazione di Bachs respinge l'Iniziativa ""No a una Svizzera da 10 milioni!"" con il 50,4 per cento. NA"
82,26.3,26.3,73.7,"Boppelsen (ZH)","A Boppelsen, l'Iniziativa ""No a una Svizzera da 10 milioni!"" è stata respinta con il 73,7 per cento. NA"
83,29.6,29.6,70.4,"Buchs (ZH)","A Buchs ZH, l'Iniziativa ""No a una Svizzera da 10 milioni!"" è stata respinta con il 70,4 per cento. NA"
84,47.1,47.1,52.9,"Dällikon (ZH)","Con il 52,9 per cento dei voti, l'Iniziativa ""No a una Svizzera da 10 milioni!"" viene respinta a Dällikon. NA"
85,61.4,61.4,38.6,"Dänikon (ZH)","A Dänikon, l'Iniziativa ""No a una Svizzera da 10 milioni!"" è approvata con il 61,4 per cento. NA"
86,73.5,73.5,26.5,"Dielsdorf (ZH)","Sì all'Iniziativa ""No a una Svizzera da 10 milioni!"" a Dielsdorf con il 73,5 per cento. NA"
87,51.2,51.2,48.8,"Hüttikon (ZH)","Sì all'Iniziativa ""No a una Svizzera da 10 milioni!"" a Hüttikon: 51,2 per cento. NA"
88,55.6,55.6,44.4,"Neerach (ZH)","A Neerach l'Iniziativa ""No a una Svizzera da 10 milioni!"" è stata approvata con il 55,6 per cento. NA"
89,37.9,37.9,62.1,"Niederglatt (ZH)","A Niederglatt l'Iniziativa ""No a una Svizzera da 10 milioni!"" è stata respinta con il 62,1 per cento. NA"
90,63.3,63.3,36.7,"Niederhasli (ZH)","A Niederhasli, l'Iniziativa ""No a una Svizzera da 10 milioni!"" è stata approvata con il 63,3 per cento. NA"
91,32.2,32.2,67.8,"Niederweningen (ZH)","A Niederweningen l'Iniziativa ""No a una Svizzera da 10 milioni!"" è stata respinta con il 67,8 per cento. NA"
92,62,62,38,"Oberglatt (ZH)","Sì all'Iniziativa ""No a una Svizzera da 10 milioni!"" a Oberglatt, con il 62 per cento di voti favorevoli. NA"
93,31,31,69,"Oberweningen (ZH)","A Oberweningen, l'Iniziativa ""No a una Svizzera da 10 milioni!"" è stata respinta con il 69 per cento. NA"
94,53.6,53.6,46.4,"Otelfingen (ZH)","Sì all'Iniziativa ""No a una Svizzera da 10 milioni!"" a Otelfingen, con il 53,6 per cento di voti favorevoli. NA"
95,67.1,67.1,32.9,"Regensberg (ZH)","A Regensberg l'Iniziativa ""No a una Svizzera da 10 milioni!"" è stata approvata con il 67,1 per cento. NA"
96,48,48,52,"Regensdorf (ZH)","Con il 52 per cento dei voti, Regensdorf ha respinto l'Iniziativa ""No a una Svizzera da 10 milioni!"". NA"
97,38.4,38.4,61.6,"Rümlang (ZH)","A Rümlang, l'Iniziativa ""No a una Svizzera da 10 milioni!"" è stata respinta con il 61,6 per cento. NA"
98,51,51,49,"Schleinikon (ZH)","Sì all'Iniziativa ""No a una Svizzera da 10 milioni!"" a Schleinikon: 51 per cento. NA"
99,96.3,96.3,3.7,"Schöfflisdorf (ZH)","A Schöfflisdorf, l'Iniziativa ""No a una Svizzera da 10 milioni!"" è approvata con il 96,3 per cento. NA"
100,35.1,35.1,64.9,"Stadel (ZH)","La popolazione di Stadel respinge l'Iniziativa ""No a una Svizzera da 10 milioni!"" con il 64,9 per cento. NA"
101,21.4,21.4,78.6,"Steinmaur (ZH)","A Steinmaur, l'Iniziativa ""No a una Svizzera da 10 milioni!"" è stata respinta con il 78,6 per cento. NA"
102,68.5,68.5,31.5,"Weiach (ZH)","A Weiach l'Iniziativa ""No a una Svizzera da 10 milioni!"" è stata approvata con il 68,5 per cento. NA"
111,56,56,44,"Bäretswil (ZH)","Sì all'Iniziativa ""No a una Svizzera da 10 milioni!"" a Bäretswil: 56 per cento. NA"
112,38.6,38.6,61.4,"Bubikon (ZH)","Con il 61,4 per cento dei voti, l'Iniziativa ""No a una Svizzera da 10 milioni!"" viene respinta a Bubikon. NA"
113,67.5,67.5,32.5,"Dürnten (ZH)","La popolazione di Dürnten approva l'Iniziativa ""No a una Svizzera da 10 milioni!"" con il 67,5 per cento. NA"
114,46.8,46.8,53.2,"Fischenthal (ZH)","La popolazione di Fischenthal respinge l'Iniziativa ""No a una Svizzera da 10 milioni!"" con il 53,2 per cento. NA"
115,97.3,97.3,2.7,"Gossau (ZH)","A Gossau ZH l'Iniziativa ""No a una Svizzera da 10 milioni!"" è stata approvata con il 97,3 per cento. NA"
116,55.9,55.9,44.1,"Grüningen (ZH)","A Grüningen l'Iniziativa ""No a una Svizzera da 10 milioni!"" è stata approvata con il 55,9 per cento. NA"
117,87.4,87.4,12.6,"Hinwil (ZH)","Sì all'Iniziativa ""No a una Svizzera da 10 milioni!"" a Hinwil con il 87,4 per cento. NA"
118,52.7,52.7,47.3,"Rüti (ZH)","A Rüti ZH, l'Iniziativa ""No a una Svizzera da 10 milioni!"" è stata approvata con il 52,7 per cento. NA"
119,28.8,28.8,71.2,"Seegräben (ZH)","Con il 71,2 per cento dei voti, Seegräben ha respinto l'Iniziativa ""No a una Svizzera da 10 milioni!"". NA"
120,62.2,62.2,37.8,"Wald (ZH)","La popolazione di Wald ZH approva l'Iniziativa ""No a una Svizzera da 10 milioni!"" con il 62,2 per cento. NA"
121,34.1,34.1,65.9,"Wetzikon (ZH)","La popolazione di Wetzikon ZH respinge l'Iniziativa ""No a una Svizzera da 10 milioni!"" con il 65,9 per cento. NA"
131,39.9,39.9,60.1,"Adliswil (ZH)","La popolazione di Adliswil respinge l'Iniziativa ""No a una Svizzera da 10 milioni!"" con il 60,1 per cento. NA"
135,44.4,44.4,55.6,"Kilchberg (ZH)","A Kilchberg ZH, l'Iniziativa ""No a una Svizzera da 10 milioni!"" è stata respinta con il 55,6 per cento. NA"
136,61.5,61.5,38.5,"Langnau am Albis (ZH)","A Langnau am Albis, l'Iniziativa ""No a una Svizzera da 10 milioni!"" è stata approvata con il 61,5 per cento. NA"
137,92.5,92.5,7.5,"Oberrieden (ZH)","Sì all'Iniziativa ""No a una Svizzera da 10 milioni!"" a Oberrieden con il 92,5 per cento. NA"
138,39.4,39.4,60.6,"Richterswil (ZH)","La popolazione di Richterswil respinge l'Iniziativa ""No a una Svizzera da 10 milioni!"" con il 60,6 per cento. NA"
139,45.8,45.8,54.2,"Rüschlikon (ZH)","Con il 54,2 per cento dei voti, l'Iniziativa ""No a una Svizzera da 10 milioni!"" viene respinta a Rüschlikon. NA"
141,44.1,44.1,55.9,"Thalwil (ZH)","Con il 55,9 per cento dei voti, l'Iniziativa ""No a una Svizzera da 10 milioni!"" viene respinta a Thalwil. NA"
151,65.9,65.9,34.1,"Erlenbach (ZH)","Sì all'Iniziativa ""No a una Svizzera da 10 milioni!"" a Erlenbach ZH: 65,9 per cento. NA"
152,30.1,30.1,69.9,"Herrliberg (ZH)","A Herrliberg, l'Iniziativa ""No a una Svizzera da 10 milioni!"" è stata respinta con il 69,9 per cento. NA"
153,49.8,49.8,50.2,"Hombrechtikon (ZH)","A Hombrechtikon l'Iniziativa ""No a una Svizzera da 10 milioni!"" non ottiene la maggioranza: 50,2 per cento di no. NA"
154,7.9,7.9,92.1,"Küsnacht (ZH)","La popolazione di Küsnacht ZH respinge l'Iniziativa ""No a una Svizzera da 10 milioni!"" con il 92,1 per cento. NA"
155,37.1,37.1,62.9,"Männedorf (ZH)","Con il 62,9 per cento dei voti, l'Iniziativa ""No a una Svizzera da 10 milioni!"" viene respinta a Männedorf. NA"
156,11.4,11.4,88.6,"Meilen (ZH)","Con il 88,6 per cento dei voti, Meilen ha respinto l'Iniziativa ""No a una Svizzera da 10 milioni!"". NA"
157,1.1,1.1,98.9,"Oetwil am See (ZH)","A Oetwil am See l'Iniziativa ""No a una Svizzera da 10 milioni!"" è stata respinta con il 98,9 per cento. NA"
158,30.5,30.5,69.5,"Stäfa (ZH)","A Stäfa l'Iniziativa ""No a una Svizzera da 10 milioni!"" è stata respinta con il 69,5 per cento. NA"
159,9.3,9.3,90.7,"Uetikon am See (ZH)","Con il 90,7 per cento dei voti, Uetikon am See ha respinto l'Iniziativa ""No a una Svizzera da 10 milioni!"". NA"
160,31.6,31.6,68.4,"Zumikon (ZH)","Con il 68,4 per cento dei voti, l'Iniziativa ""No a una Svizzera da 10 milioni!"" viene respinta a Zumikon. NA"
161,66.4,66.4,33.6,"Zollikon (ZH)","La popolazione di Zollikon approva l'Iniziativa ""No a una Svizzera da 10 milioni!"" con il 66,4 per cento. NA"
172,39.3,39.3,60.7,"Fehraltorf (ZH)","A Fehraltorf l'Iniziativa ""No a una Svizzera da 10 milioni!"" è stata respinta con il 60,7 per cento. NA"
173,47,47,53,"Hittnau (ZH)","A Hittnau l'Iniziativa ""No a una Svizzera da 10 milioni!"" non ottiene la maggioranza: 53 per cento di no. NA"
176,35.9,35.9,64.1,"Lindau (ZH)","La popolazione di Lindau respinge l'Iniziativa ""No a una Svizzera da 10 milioni!"" con il 64,1 per cento. NA"
177,49.5,49.5,50.5,"Pfäffikon (ZH)","A Pfäffikon l'Iniziativa ""No a una Svizzera da 10 milioni!"" è stata respinta con il 50,5 per cento. NA"
178,47.6,47.6,52.4,"Russikon (ZH)","La popolazione di Russikon respinge l'Iniziativa ""No a una Svizzera da 10 milioni!"" con il 52,4 per cento. NA"
180,24,24,76,"Weisslingen (ZH)","A Weisslingen l'Iniziativa ""No a una Svizzera da 10 milioni!"" è stata respinta con il 76 per cento. NA"
181,56.3,56.3,43.7,"Wila (ZH)","La popolazione di Wila approva l'Iniziativa ""No a una Svizzera da 10 milioni!"" con il 56,3 per cento. NA"
182,53.9,53.9,46.1,"Wildberg (ZH)","Sì all'Iniziativa ""No a una Svizzera da 10 milioni!"" a Wildberg, con il 53,9 per cento di voti favorevoli. NA"
191,33.2,33.2,66.8,"Dübendorf (ZH)","La popolazione di Dübendorf respinge l'Iniziativa ""No a una Svizzera da 10 milioni!"" con il 66,8 per cento. NA"
192,51.6,51.6,48.4,"Egg (ZH)","Sì all'Iniziativa ""No a una Svizzera da 10 milioni!"" a Egg con il 51,6 per cento. NA"
193,69,69,31,"Fällanden (ZH)","A Fällanden, l'Iniziativa ""No a una Svizzera da 10 milioni!"" è stata approvata con il 69 per cento. NA"
194,16.8,16.8,83.2,"Greifensee (ZH)","A Greifensee l'Iniziativa ""No a una Svizzera da 10 milioni!"" non ottiene la maggioranza: 83,2 per cento di no. NA"
195,34.9,34.9,65.1,"Maur (ZH)","La popolazione di Maur respinge l'Iniziativa ""No a una Svizzera da 10 milioni!"" con il 65,1 per cento. NA"
196,33,33,67,"Mönchaltorf (ZH)","La popolazione di Mönchaltorf respinge l'Iniziativa ""No a una Svizzera da 10 milioni!"" con il 67 per cento. NA"
197,35.5,35.5,64.5,"Schwerzenbach (ZH)","A Schwerzenbach l'Iniziativa ""No a una Svizzera da 10 milioni!"" non ottiene la maggioranza: 64,5 per cento di no. NA"
198,40.7,40.7,59.3,"Uster (ZH)","La popolazione di Uster respinge l'Iniziativa ""No a una Svizzera da 10 milioni!"" con il 59,3 per cento. NA"
199,42.1,42.1,57.9,"Volketswil (ZH)","A Volketswil l'Iniziativa ""No a una Svizzera da 10 milioni!"" non ottiene la maggioranza: 57,9 per cento di no. NA"
200,40.7,40.7,59.3,"Wangen-Brüttisellen (ZH)","Con il 59,3 per cento dei voti, l'Iniziativa ""No a una Svizzera da 10 milioni!"" viene respinta a Wangen-Brüttisellen. NA"
211,64.3,64.3,35.7,"Altikon (ZH)","A Altikon, l'Iniziativa ""No a una Svizzera da 10 milioni!"" è stata approvata con il 64,3 per cento. NA"
213,38.4,38.4,61.6,"Brütten (ZH)","La popolazione di Brütten respinge l'Iniziativa ""No a una Svizzera da 10 milioni!"" con il 61,6 per cento. NA"
214,38,38,62,"Dägerlen (ZH)","A Dägerlen l'Iniziativa ""No a una Svizzera da 10 milioni!"" non ottiene la maggioranza: 62 per cento di no. NA"
215,62.4,62.4,37.6,"Dättlikon (ZH)","A Dättlikon l'Iniziativa ""No a una Svizzera da 10 milioni!"" è stata approvata con il 62,4 per cento. NA"
216,0.9,0.9,99.1,"Dinhard (ZH)","A Dinhard l'Iniziativa ""No a una Svizzera da 10 milioni!"" non ottiene la maggioranza: 99,1 per cento di no. NA"
218,39,39,61,"Ellikon an der Thur (ZH)","A Ellikon an der Thur l'Iniziativa ""No a una Svizzera da 10 milioni!"" non ottiene la maggioranza: 61 per cento di no. NA"
219,52.1,52.1,47.9,"Elsau (ZH)","A Elsau, l'Iniziativa ""No a una Svizzera da 10 milioni!"" è approvata con il 52,1 per cento. NA"
220,36.2,36.2,63.8,"Hagenbuch (ZH)","A Hagenbuch, l'Iniziativa ""No a una Svizzera da 10 milioni!"" è stata respinta con il 63,8 per cento. NA"
221,72.8,72.8,27.2,"Hettlingen (ZH)","Sì all'Iniziativa ""No a una Svizzera da 10 milioni!"" a Hettlingen, con il 72,8 per cento di voti favorevoli. NA"
223,56,56,44,"Neftenbach (ZH)","A Neftenbach, l'Iniziativa ""No a una Svizzera da 10 milioni!"" è approvata con il 56 per cento. NA"
224,62.8,62.8,37.2,"Pfungen (ZH)","Sì all'Iniziativa ""No a una Svizzera da 10 milioni!"" a Pfungen, con il 62,8 per cento di voti favorevoli. NA"
225,29.1,29.1,70.9,"Rickenbach (ZH)","A Rickenbach ZH l'Iniziativa ""No a una Svizzera da 10 milioni!"" è stata respinta con il 70,9 per cento. NA"
226,31.3,31.3,68.7,"Schlatt (ZH)","Con il 68,7 per cento dei voti, Schlatt ZH ha respinto l'Iniziativa ""No a una Svizzera da 10 milioni!"". NA"
227,43.5,43.5,56.5,"Seuzach (ZH)","A Seuzach l'Iniziativa ""No a una Svizzera da 10 milioni!"" non ottiene la maggioranza: 56,5 per cento di no. NA"
228,1.7,1.7,98.3,"Turbenthal (ZH)","La popolazione di Turbenthal respinge l'Iniziativa ""No a una Svizzera da 10 milioni!"" con il 98,3 per cento. NA"
230,10.9,10.9,89.1,"Winterthour (ZH)","A Winterthour l'Iniziativa ""No a una Svizzera da 10 milioni!"" è stata respinta con il 89,1 per cento. NA"
231,77.8,77.8,22.2,"Zell (ZH)","A Zell ZH l'Iniziativa ""No a una Svizzera da 10 milioni!"" è stata approvata con il 77,8 per cento. NA"
241,91.7,91.7,8.3,"Aesch (ZH)","A Aesch ZH l'Iniziativa ""No a una Svizzera da 10 milioni!"" è stata approvata con il 91,7 per cento. NA"
242,63.1,63.1,36.9,"Birmensdorf (ZH)","La popolazione di Birmensdorf ZH approva l'Iniziativa ""No a una Svizzera da 10 milioni!"" con il 63,1 per cento. NA"
243,19.8,19.8,80.2,"Dietikon (ZH)","La popolazione di Dietikon respinge l'Iniziativa ""No a una Svizzera da 10 milioni!"" con il 80,2 per cento. NA"
244,35,35,65,"Geroldswil (ZH)","La popolazione di Geroldswil respinge l'Iniziativa ""No a una Svizzera da 10 milioni!"" con il 65 per cento. NA"
245,17,17,83,"Oberengstringen (ZH)","La popolazione di Oberengstringen respinge l'Iniziativa ""No a una Svizzera da 10 milioni!"" con il 83 per cento. NA"
246,44.7,44.7,55.3,"Oetwil an der Limmat (ZH)","Con il 55,3 per cento dei voti, Oetwil an der Limmat ha respinto l'Iniziativa ""No a una Svizzera da 10 milioni!"". NA"
247,15.5,15.5,84.5,"Schlieren (ZH)","A Schlieren l'Iniziativa ""No a una Svizzera da 10 milioni!"" non ottiene la maggioranza: 84,5 per cento di no. NA"
248,68.5,68.5,31.5,"Uitikon (ZH)","A Uitikon, l'Iniziativa ""No a una Svizzera da 10 milioni!"" è stata approvata con il 68,5 per cento. NA"
249,54.2,54.2,45.8,"Unterengstringen (ZH)","A Unterengstringen, l'Iniziativa ""No a una Svizzera da 10 milioni!"" è approvata con il 54,2 per cento. NA"
250,72.2,72.2,27.8,"Urdorf (ZH)","Sì all'Iniziativa ""No a una Svizzera da 10 milioni!"" a Urdorf, con il 72,2 per cento di voti favorevoli. NA"
251,55.2,55.2,44.8,"Weiningen (ZH)","A Weiningen ZH l'Iniziativa ""No a una Svizzera da 10 milioni!"" è stata approvata con il 55,2 per cento. NA"
261,71.1,71.1,28.9,"Zurigo (ZH)","Sì all'Iniziativa ""No a una Svizzera da 10 milioni!"" a Zurigo con il 71,1 per cento. NA"
291,50.4,50.4,49.6,"Andelfingen (ZH)","A Andelfingen, l'Iniziativa ""No a una Svizzera da 10 milioni!"" è approvata con il 50,4 per cento. NA"
292,65.8,65.8,34.2,"Stammheim (ZH)","Sì all'Iniziativa ""No a una Svizzera da 10 milioni!"" a Stammheim, con il 65,8 per cento di voti favorevoli. NA"
293,44.2,44.2,55.8,"Wädenswil (ZH)","A Wädenswil l'Iniziativa ""No a una Svizzera da 10 milioni!"" è stata respinta con il 55,8 per cento. NA"
294,44.2,44.2,55.8,"Elgg (ZH)","Con il 55,8 per cento dei voti, l'Iniziativa ""No a una Svizzera da 10 milioni!"" viene respinta a Elgg. NA"
295,55.8,55.8,44.2,"Horgen (ZH)","Sì all'Iniziativa ""No a una Svizzera da 10 milioni!"" a Horgen con il 55,8 per cento. NA"
296,62,62,38,"Illnau-Effretikon (ZH)","La popolazione di Illnau-Effretikon approva l'Iniziativa ""No a una Svizzera da 10 milioni!"" con il 62 per cento. NA"
297,78.6,78.6,21.4,"Bauma (ZH)","Sì all'Iniziativa ""No a una Svizzera da 10 milioni!"" a Bauma, con il 78,6 per cento di voti favorevoli. NA"
298,40.2,40.2,59.8,"Wiesendangen (ZH)","A Wiesendangen l'Iniziativa ""No a una Svizzera da 10 milioni!"" è stata respinta con il 59,8 per cento. NA"
301,86.2,86.2,13.8,"Aarberg (BE)","A Aarberg, l'Iniziativa ""No a una Svizzera da 10 milioni!"" è stata approvata con il 86,2 per cento. NA"
302,23.1,23.1,76.9,"Bargen (BE)","Con il 76,9 per cento dei voti, Bargen BE ha respinto l'Iniziativa ""No a una Svizzera da 10 milioni!"". NA"
303,48,48,52,"Grossaffoltern (BE)","A Grossaffoltern l'Iniziativa ""No a una Svizzera da 10 milioni!"" non ottiene la maggioranza: 52 per cento di no. NA"
304,46.1,46.1,53.9,"Kallnach (BE)","A Kallnach l'Iniziativa ""No a una Svizzera da 10 milioni!"" è stata respinta con il 53,9 per cento. NA"
305,66.5,66.5,33.5,"Kappelen (BE)","A Kappelen l'Iniziativa ""No a una Svizzera da 10 milioni!"" è stata approvata con il 66,5 per cento. NA"
306,33.5,33.5,66.5,"Lyss (BE)","A Lyss, l'Iniziativa ""No a una Svizzera da 10 milioni!"" è stata respinta con il 66,5 per cento. NA"
307,44.6,44.6,55.4,"Meikirch (BE)","La popolazione di Meikirch respinge l'Iniziativa ""No a una Svizzera da 10 milioni!"" con il 55,4 per cento. NA"
309,74.3,74.3,25.7,"Radelfingen (BE)","A Radelfingen, l'Iniziativa ""No a una Svizzera da 10 milioni!"" è stata approvata con il 74,3 per cento. NA"
310,80,80,20,"Rapperswil (BE)","A Rapperswil BE, l'Iniziativa ""No a una Svizzera da 10 milioni!"" è approvata con il 80 per cento. NA"
311,58.3,58.3,41.7,"Schüpfen (BE)","Sì all'Iniziativa ""No a una Svizzera da 10 milioni!"" a Schüpfen con il 58,3 per cento. NA"
312,35.8,35.8,64.2,"Seedorf (BE)","La popolazione di Seedorf BE respinge l'Iniziativa ""No a una Svizzera da 10 milioni!"" con il 64,2 per cento. NA"
321,30.8,30.8,69.2,"Aarwangen (BE)","Con il 69,2 per cento dei voti, l'Iniziativa ""No a una Svizzera da 10 milioni!"" viene respinta a Aarwangen. NA"
322,2.9,2.9,97.1,"Auswil (BE)","A Auswil l'Iniziativa ""No a una Svizzera da 10 milioni!"" è stata respinta con il 97,1 per cento. NA"
323,47,47,53,"Bannwil (BE)","La popolazione di Bannwil respinge l'Iniziativa ""No a una Svizzera da 10 milioni!"" con il 53 per cento. NA"
324,58.1,58.1,41.9,"Bleienbach (BE)","Sì all'Iniziativa ""No a una Svizzera da 10 milioni!"" a Bleienbach, con il 58,1 per cento di voti favorevoli. NA"
325,64.9,64.9,35.1,"Busswil bei Melchnau (BE)","A Busswil bei Melchnau l'Iniziativa ""No a una Svizzera da 10 milioni!"" è stata approvata con il 64,9 per cento. NA"
326,19.5,19.5,80.5,"Gondiswil (BE)","A Gondiswil l'Iniziativa ""No a una Svizzera da 10 milioni!"" è stata respinta con il 80,5 per cento. NA"
329,72.2,72.2,27.8,"Langenthal (BE)","A Langenthal l'Iniziativa ""No a una Svizzera da 10 milioni!"" è stata approvata con il 72,2 per cento. NA"
331,71.4,71.4,28.6,"Lotzwil (BE)","Sì all'Iniziativa ""No a una Svizzera da 10 milioni!"" a Lotzwil, con il 71,4 per cento di voti favorevoli. NA"
332,75.4,75.4,24.6,"Madiswil (BE)","Sì all'Iniziativa ""No a una Svizzera da 10 milioni!"" a Madiswil con il 75,4 per cento. NA"
333,45.2,45.2,54.8,"Melchnau (BE)","Con il 54,8 per cento dei voti, l'Iniziativa ""No a una Svizzera da 10 milioni!"" viene respinta a Melchnau. NA"
335,88.1,88.1,11.9,"Oeschenbach (BE)","Sì all'Iniziativa ""No a una Svizzera da 10 milioni!"" a Oeschenbach, con il 88,1 per cento di voti favorevoli. NA"
336,49.4,49.4,50.6,"Reisiswil (BE)","A Reisiswil l'Iniziativa ""No a una Svizzera da 10 milioni!"" non ottiene la maggioranza: 50,6 per cento di no. NA"
337,52.6,52.6,47.4,"Roggwil (BE)","A Roggwil BE l'Iniziativa ""No a una Svizzera da 10 milioni!"" è stata approvata con il 52,6 per cento. NA"
338,82.8,82.8,17.2,"Rohrbach (BE)","Sì all'Iniziativa ""No a una Svizzera da 10 milioni!"" a Rohrbach, con il 82,8 per cento di voti favorevoli. NA"
339,34.4,34.4,65.6,"Rohrbachgraben (BE)","La popolazione di Rohrbachgraben respinge l'Iniziativa ""No a una Svizzera da 10 milioni!"" con il 65,6 per cento. NA"
340,59.8,59.8,40.2,"Rütschelen (BE)","A Rütschelen l'Iniziativa ""No a una Svizzera da 10 milioni!"" è stata approvata con il 59,8 per cento. NA"
341,73.2,73.2,26.8,"Schwarzhäusern (BE)","A Schwarzhäusern, l'Iniziativa ""No a una Svizzera da 10 milioni!"" è approvata con il 73,2 per cento. NA"
342,77.2,77.2,22.8,"Thunstetten (BE)","Sì all'Iniziativa ""No a una Svizzera da 10 milioni!"" a Thunstetten, con il 77,2 per cento di voti favorevoli. NA"
344,6.1,6.1,93.9,"Ursenbach (BE)","A Ursenbach l'Iniziativa ""No a una Svizzera da 10 milioni!"" non ottiene la maggioranza: 93,9 per cento di no. NA"
345,33.4,33.4,66.6,"Wynau (BE)","A Wynau l'Iniziativa ""No a una Svizzera da 10 milioni!"" è stata respinta con il 66,6 per cento. NA"
351,27.7,27.7,72.3,"Berna (BE)","A Berna l'Iniziativa ""No a una Svizzera da 10 milioni!"" non ottiene la maggioranza: 72,3 per cento di no. NA"
352,62.5,62.5,37.5,"Bolligen (BE)","A Bolligen, l'Iniziativa ""No a una Svizzera da 10 milioni!"" è approvata con il 62,5 per cento. NA"
353,90,90,10,"Bremgarten bei Bern (BE)","Sì all'Iniziativa ""No a una Svizzera da 10 milioni!"" a Bremgarten bei Bern, con il 90 per cento di voti favorevoli. NA"
354,71.7,71.7,28.3,"Kirchlindach (BE)","Sì all'Iniziativa ""No a una Svizzera da 10 milioni!"" a Kirchlindach: 71,7 per cento. NA"
355,63.8,63.8,36.2,"Köniz (BE)","La popolazione di Köniz approva l'Iniziativa ""No a una Svizzera da 10 milioni!"" con il 63,8 per cento. NA"
356,41.2,41.2,58.8,"Muri bei Bern (BE)","La popolazione di Muri bei Bern respinge l'Iniziativa ""No a una Svizzera da 10 milioni!"" con il 58,8 per cento. NA"
357,32.1,32.1,67.9,"Oberbalm (BE)","Con il 67,9 per cento dei voti, Oberbalm ha respinto l'Iniziativa ""No a una Svizzera da 10 milioni!"". NA"
358,16.4,16.4,83.6,"Stettlen (BE)","Con il 83,6 per cento dei voti, l'Iniziativa ""No a una Svizzera da 10 milioni!"" viene respinta a Stettlen. NA"
359,25.4,25.4,74.6,"Vechigen (BE)","A Vechigen, l'Iniziativa ""No a una Svizzera da 10 milioni!"" è stata respinta con il 74,6 per cento. NA"
360,64.3,64.3,35.7,"Wohlen bei Bern (BE)","Sì all'Iniziativa ""No a una Svizzera da 10 milioni!"" a Wohlen bei Bern, con il 64,3 per cento di voti favorevoli. NA"
361,42.2,42.2,57.8,"Zollikofen (BE)","La popolazione di Zollikofen respinge l'Iniziativa ""No a una Svizzera da 10 milioni!"" con il 57,8 per cento. NA"
362,16.7,16.7,83.3,"Ittigen (BE)","La popolazione di Ittigen respinge l'Iniziativa ""No a una Svizzera da 10 milioni!"" con il 83,3 per cento. NA"
363,46,46,54,"Ostermundigen (BE)","A Ostermundigen, l'Iniziativa ""No a una Svizzera da 10 milioni!"" è stata respinta con il 54 per cento. NA"
371,44,44,56,"Bienne (BE)","La popolazione di Bienne respinge l'Iniziativa ""No a una Svizzera da 10 milioni!"" con il 56 per cento. NA"
372,20.4,20.4,79.6,"Evilard (BE)","A Evilard l'Iniziativa ""No a una Svizzera da 10 milioni!"" è stata respinta con il 79,6 per cento. NA"
381,48.4,48.4,51.6,"Arch (BE)","Con il 51,6 per cento dei voti, l'Iniziativa ""No a una Svizzera da 10 milioni!"" viene respinta a Arch. NA"
382,64.4,64.4,35.6,"Büetigen (BE)","Sì all'Iniziativa ""No a una Svizzera da 10 milioni!"" a Büetigen con il 64,4 per cento. NA"
383,22.2,22.2,77.8,"Büren an der Aare (BE)","A Büren an der Aare l'Iniziativa ""No a una Svizzera da 10 milioni!"" è stata respinta con il 77,8 per cento. NA"
385,23.7,23.7,76.3,"Diessbach bei Büren (BE)","Con il 76,3 per cento dei voti, l'Iniziativa ""No a una Svizzera da 10 milioni!"" viene respinta a Diessbach bei Büren. NA"
386,40.7,40.7,59.3,"Dotzigen (BE)","Con il 59,3 per cento dei voti, Dotzigen ha respinto l'Iniziativa ""No a una Svizzera da 10 milioni!"". NA"
387,77.9,77.9,22.1,"Longeau (BE)","Sì all'Iniziativa ""No a una Svizzera da 10 milioni!"" a Longeau: 77,9 per cento. NA"
388,87.9,87.9,12.1,"Leuzigen (BE)","A Leuzigen, l'Iniziativa ""No a una Svizzera da 10 milioni!"" è stata approvata con il 87,9 per cento. NA"
390,9.1,9.1,90.9,"Meinisberg (BE)","A Meinisberg l'Iniziativa ""No a una Svizzera da 10 milioni!"" è stata respinta con il 90,9 per cento."
391,51.4,51.4,48.6,"Oberwil bei Büren (BE)","A Oberwil bei Büren, l'Iniziativa ""No a una Svizzera da 10 milioni!"" è stata approvata con il 51,4 per cento. NA"
392,89.6,89.6,10.4,"Perles (BE)","A Perles, l'Iniziativa ""No a una Svizzera da 10 milioni!"" è approvata con il 89,6 per cento. NA"
393,31.9,31.9,68.1,"Rüti bei Büren (BE)","Con il 68,1 per cento dei voti, l'Iniziativa ""No a una Svizzera da 10 milioni!"" viene respinta a Rüti bei Büren. NA"
394,88.5,88.5,11.5,"Wengi (BE)","A Wengi, l'Iniziativa ""No a una Svizzera da 10 milioni!"" è approvata con il 88,5 per cento. NA"
401,97.2,97.2,2.8,"Aefligen (BE)","A Aefligen l'Iniziativa ""No a una Svizzera da 10 milioni!"" è stata approvata con il 97,2 per cento. NA"
402,42.6,42.6,57.4,"Alchenstorf (BE)","A Alchenstorf, l'Iniziativa ""No a una Svizzera da 10 milioni!"" è stata respinta con il 57,4 per cento. NA"
403,71.4,71.4,28.6,"Bäriswil (BE)","Sì all'Iniziativa ""No a una Svizzera da 10 milioni!"" a Bäriswil: 71,4 per cento. NA"
404,96.1,96.1,3.9,"Berthoud (BE)","Sì all'Iniziativa ""No a una Svizzera da 10 milioni!"" a Berthoud con il 96,1 per cento. NA"
405,39.3,39.3,60.7,"Ersigen (BE)","A Ersigen, l'Iniziativa ""No a una Svizzera da 10 milioni!"" è stata respinta con il 60,7 per cento. NA"
406,58.3,58.3,41.7,"Hasle bei Burgdorf (BE)","A Hasle bei Burgdorf, l'Iniziativa ""No a una Svizzera da 10 milioni!"" è stata approvata con il 58,3 per cento. NA"
407,80.1,80.1,19.9,"Heimiswil (BE)","Sì all'Iniziativa ""No a una Svizzera da 10 milioni!"" a Heimiswil con il 80,1 per cento. NA"
409,27.1,27.1,72.9,"Hindelbank (BE)","Con il 72,9 per cento dei voti, Hindelbank ha respinto l'Iniziativa ""No a una Svizzera da 10 milioni!"". NA"
410,49.2,49.2,50.8,"Höchstetten (BE)","Con il 50,8 per cento dei voti, l'Iniziativa ""No a una Svizzera da 10 milioni!"" viene respinta a Höchstetten. NA"
411,31.3,31.3,68.7,"Kernenried (BE)","Con il 68,7 per cento dei voti, l'Iniziativa ""No a una Svizzera da 10 milioni!"" viene respinta a Kernenried. NA"
412,15.5,15.5,84.5,"Kirchberg (BE)","A Kirchberg BE l'Iniziativa ""No a una Svizzera da 10 milioni!"" è stata respinta con il 84,5 per cento. NA"
413,77.9,77.9,22.1,"Koppigen (BE)","A Koppigen, l'Iniziativa ""No a una Svizzera da 10 milioni!"" è stata approvata con il 77,9 per cento. NA"
414,94,94,6,"Krauchthal (BE)","Sì all'Iniziativa ""No a una Svizzera da 10 milioni!"" a Krauchthal con il 94 per cento. NA"
415,53.7,53.7,46.3,"Lyssach (BE)","Sì all'Iniziativa ""No a una Svizzera da 10 milioni!"" a Lyssach, con il 53,7 per cento di voti favorevoli. NA"
418,57,57,43,"Oberburg (BE)","Sì all'Iniziativa ""No a una Svizzera da 10 milioni!"" a Oberburg: 57 per cento. NA"
420,83,83,17,"Rüdtligen-Alchenflüh (BE)","La popolazione di Rüdtligen-Alchenflüh approva l'Iniziativa ""No a una Svizzera da 10 milioni!"" con il 83 per cento. NA"
421,47.5,47.5,52.5,"Rumendingen (BE)","A Rumendingen, l'Iniziativa ""No a una Svizzera da 10 milioni!"" è stata respinta con il 52,5 per cento. NA"
422,67.3,67.3,32.7,"Rüti bei Lyssach (BE)","Sì all'Iniziativa ""No a una Svizzera da 10 milioni!"" a Rüti bei Lyssach con il 67,3 per cento. NA"
423,55.3,55.3,44.7,"Willadingen (BE)","Sì all'Iniziativa ""No a una Svizzera da 10 milioni!"" a Willadingen: 55,3 per cento."
424,25.8,25.8,74.2,"Wynigen (BE)","A Wynigen l'Iniziativa ""No a una Svizzera da 10 milioni!"" non ottiene la maggioranza: 74,2 per cento di no. NA"
431,65.4,65.4,34.6,"Corgémont (BE)","Sì all'Iniziativa ""No a una Svizzera da 10 milioni!"" a Corgémont con il 65,4 per cento. NA"
432,19.6,19.6,80.4,"Cormoret (BE)","A Cormoret l'Iniziativa ""No a una Svizzera da 10 milioni!"" non ottiene la maggioranza: 80,4 per cento di no. NA"
433,51.1,51.1,48.9,"Cortébert (BE)","Sì all'Iniziativa ""No a una Svizzera da 10 milioni!"" a Cortébert: 51,1 per cento. NA"
434,17.2,17.2,82.8,"Courtelary (BE)","A Courtelary l'Iniziativa ""No a una Svizzera da 10 milioni!"" non ottiene la maggioranza: 82,8 per cento di no. NA"
435,79.8,79.8,20.2,"La Ferrière (BE)","A La Ferrière, l'Iniziativa ""No a una Svizzera da 10 milioni!"" è stata approvata con il 79,8 per cento. NA"
437,44.1,44.1,55.9,"Mont-Tramelan (BE)","La popolazione di Mont-Tramelan respinge l'Iniziativa ""No a una Svizzera da 10 milioni!"" con il 55,9 per cento. NA"
438,56.9,56.9,43.1,"Orvin (BE)","Sì all'Iniziativa ""No a una Svizzera da 10 milioni!"" a Orvin, con il 56,9 per cento di voti favorevoli. NA"
441,0.9,0.9,99.1,"Renan (BE)","Con il 99,1 per cento dei voti, Renan BE ha respinto l'Iniziativa ""No a una Svizzera da 10 milioni!"". NA"
442,56,56,44,"Romont (BE)","Sì all'Iniziativa ""No a una Svizzera da 10 milioni!"" a Romont BE: 56 per cento. NA"
443,19.5,19.5,80.5,"Saint-Imier (BE)","A Saint-Imier l'Iniziativa ""No a una Svizzera da 10 milioni!"" non ottiene la maggioranza: 80,5 per cento di no. NA"
444,78.5,78.5,21.5,"Sonceboz-Sombeval (BE)","Sì all'Iniziativa ""No a una Svizzera da 10 milioni!"" a Sonceboz-Sombeval: 78,5 per cento. NA"
445,52.5,52.5,47.5,"Sonvilier (BE)","Sì all'Iniziativa ""No a una Svizzera da 10 milioni!"" a Sonvilier: 52,5 per cento. NA"
446,99.4,99.4,0.6,"Tramelan (BE)","Sì all'Iniziativa ""No a una Svizzera da 10 milioni!"" a Tramelan: 99,4 per cento. NA"
448,53.5,53.5,46.5,"Villeret (BE)","A Villeret, l'Iniziativa ""No a una Svizzera da 10 milioni!"" è approvata con il 53,5 per cento. NA"
449,31.7,31.7,68.3,"Sauge (BE)","Con il 68,3 per cento dei voti, Sauge ha respinto l'Iniziativa ""No a una Svizzera da 10 milioni!"". NA"
450,90.6,90.6,9.4,"Péry-La Heutte (BE)","A Péry-La Heutte, l'Iniziativa ""No a una Svizzera da 10 milioni!"" è stata approvata con il 90,6 per cento. NA"
491,33.8,33.8,66.2,"Brüttelen (BE)","La popolazione di Brüttelen respinge l'Iniziativa ""No a una Svizzera da 10 milioni!"" con il 66,2 per cento. NA"
492,63.4,63.4,36.6,"Cerlier (BE)","Sì all'Iniziativa ""No a una Svizzera da 10 milioni!"" a Erlach: 63,4 per cento. NA"
493,35.3,35.3,64.7,"Finsterhennen (BE)","A Finsterhennen, l'Iniziativa ""No a una Svizzera da 10 milioni!"" è stata respinta con il 64,7 per cento. NA"
494,47.8,47.8,52.2,"Gals (BE)","Con il 52,2 per cento dei voti, l'Iniziativa ""No a una Svizzera da 10 milioni!"" viene respinta a Gals. NA"
495,42.2,42.2,57.8,"Gampelen (BE)","La popolazione di Gampelen respinge l'Iniziativa ""No a una Svizzera da 10 milioni!"" con il 57,8 per cento. NA"
496,81.1,81.1,18.9,"Anet (BE)","La popolazione di Anet approva l'Iniziativa ""No a una Svizzera da 10 milioni!"" con il 81,1 per cento. NA"
497,34.3,34.3,65.7,"Lüscherz (BE)","A Lüscherz l'Iniziativa ""No a una Svizzera da 10 milioni!"" non ottiene la maggioranza: 65,7 per cento di no. NA"
498,40.4,40.4,59.6,"Müntschemier (BE)","La popolazione di Müntschemier respinge l'Iniziativa ""No a una Svizzera da 10 milioni!"" con il 59,6 per cento. NA"
499,62.5,62.5,37.5,"Siselen (BE)","A Siselen l'Iniziativa ""No a una Svizzera da 10 milioni!"" è stata approvata con il 62,5 per cento. NA"
500,67.1,67.1,32.9,"Treiten (BE)","A Treiten l'Iniziativa ""No a una Svizzera da 10 milioni!"" è stata approvata con il 67,1 per cento. NA"
501,79.9,79.9,20.1,"Tschugg (BE)","Sì all'Iniziativa ""No a una Svizzera da 10 milioni!"" a Tschugg: 79,9 per cento. NA"
502,5.6,5.6,94.4,"Vinelz (BE)","Con il 94,4 per cento dei voti, l'Iniziativa ""No a una Svizzera da 10 milioni!"" viene respinta a Vinelz. NA"
533,45.4,45.4,54.6,"Bätterkinden (BE)","A Bätterkinden l'Iniziativa ""No a una Svizzera da 10 milioni!"" è stata respinta con il 54,6 per cento. NA"
538,55.7,55.7,44.3,"Fraubrunnen (BE)","La popolazione di Fraubrunnen approva l'Iniziativa ""No a una Svizzera da 10 milioni!"" con il 55,7 per cento. NA"
540,32.5,32.5,67.5,"Jegenstorf (BE)","Con il 67,5 per cento dei voti, Jegenstorf ha respinto l'Iniziativa ""No a una Svizzera da 10 milioni!"". NA"
541,67.6,67.6,32.4,"Iffwil (BE)","A Iffwil, l'Iniziativa ""No a una Svizzera da 10 milioni!"" è stata approvata con il 67,6 per cento. NA"
543,1.4,1.4,98.6,"Mattstetten (BE)","Con il 98,6 per cento dei voti, Mattstetten ha respinto l'Iniziativa ""No a una Svizzera da 10 milioni!"". NA"
544,38.2,38.2,61.8,"Moosseedorf (BE)","La popolazione di Moosseedorf respinge l'Iniziativa ""No a una Svizzera da 10 milioni!"" con il 61,8 per cento. NA"
546,50.4,50.4,49.6,"Münchenbuchsee (BE)","La popolazione di Münchenbuchsee approva l'Iniziativa ""No a una Svizzera da 10 milioni!"" con il 50,4 per cento. NA"
551,34.6,34.6,65.4,"Urtenen-Schönbühl (BE)","La popolazione di Urtenen-Schönbühl respinge l'Iniziativa ""No a una Svizzera da 10 milioni!"" con il 65,4 per cento. NA"
552,46.6,46.6,53.4,"Utzenstorf (BE)","La popolazione di Utzenstorf respinge l'Iniziativa ""No a una Svizzera da 10 milioni!"" con il 53,4 per cento. NA"
553,41.2,41.2,58.8,"Wiggiswil (BE)","Con il 58,8 per cento dei voti, Wiggiswil ha respinto l'Iniziativa ""No a una Svizzera da 10 milioni!"". NA"
554,72.3,72.3,27.7,"Wiler bei Utzenstorf (BE)","La popolazione di Wiler bei Utzenstorf approva l'Iniziativa ""No a una Svizzera da 10 milioni!"" con il 72,3 per cento. NA"
556,41.7,41.7,58.3,"Zielebach (BE)","La popolazione di Zielebach respinge l'Iniziativa ""No a una Svizzera da 10 milioni!"" con il 58,3 per cento. NA"
557,4,4,96,"Zuzwil (BE)","A Zuzwil BE l'Iniziativa ""No a una Svizzera da 10 milioni!"" è stata respinta con il 96 per cento. NA"
561,0.6,0.6,99.4,"Adelboden (BE)","A Adelboden, l'Iniziativa ""No a una Svizzera da 10 milioni!"" è stata respinta con il 99,4 per cento. NA"
562,40,40,60,"Aeschi bei Spiez (BE)","A Aeschi bei Spiez, l'Iniziativa ""No a una Svizzera da 10 milioni!"" è stata respinta con il 60 per cento. NA"
563,14.4,14.4,85.6,"Frutigen (BE)","La popolazione di Frutigen respinge l'Iniziativa ""No a una Svizzera da 10 milioni!"" con il 85,6 per cento. NA"
564,29.7,29.7,70.3,"Kandergrund (BE)","A Kandergrund l'Iniziativa ""No a una Svizzera da 10 milioni!"" è stata respinta con il 70,3 per cento. NA"
565,77.4,77.4,22.6,"Kandersteg (BE)","La popolazione di Kandersteg approva l'Iniziativa ""No a una Svizzera da 10 milioni!"" con il 77,4 per cento. NA"
566,85.8,85.8,14.2,"Krattigen (BE)","A Krattigen l'Iniziativa ""No a una Svizzera da 10 milioni!"" è stata approvata con il 85,8 per cento. NA"
567,16.2,16.2,83.8,"Reichenbach im Kandertal (BE)","A Reichenbach im Kandertal l'Iniziativa ""No a una Svizzera da 10 milioni!"" è stata respinta con il 83,8 per cento. NA"
571,44.4,44.4,55.6,"Beatenberg (BE)","Con il 55,6 per cento dei voti, l'Iniziativa ""No a una Svizzera da 10 milioni!"" viene respinta a Beatenberg. NA"
572,39.9,39.9,60.1,"Bönigen (BE)","La popolazione di Bönigen respinge l'Iniziativa ""No a una Svizzera da 10 milioni!"" con il 60,1 per cento. NA"
573,40.7,40.7,59.3,"Brienz (BE)","La popolazione di Brienz BE respinge l'Iniziativa ""No a una Svizzera da 10 milioni!"" con il 59,3 per cento. NA"
574,43,43,57,"Brienzwiler (BE)","A Brienzwiler, l'Iniziativa ""No a una Svizzera da 10 milioni!"" è stata respinta con il 57 per cento. NA"
575,59.5,59.5,40.5,"Därligen (BE)","Sì all'Iniziativa ""No a una Svizzera da 10 milioni!"" a Därligen: 59,5 per cento. NA"
576,74.3,74.3,25.7,"Grindelwald (BE)","Sì all'Iniziativa ""No a una Svizzera da 10 milioni!"" a Grindelwald, con il 74,3 per cento di voti favorevoli. NA"
577,47.9,47.9,52.1,"Gsteigwiler (BE)","A Gsteigwiler l'Iniziativa ""No a una Svizzera da 10 milioni!"" è stata respinta con il 52,1 per cento. NA"
578,60,60,40,"Gündlischwand (BE)","A Gündlischwand, l'Iniziativa ""No a una Svizzera da 10 milioni!"" è stata approvata con il 60 per cento. NA"
579,94.8,94.8,5.2,"Habkern (BE)","A Habkern, l'Iniziativa ""No a una Svizzera da 10 milioni!"" è approvata con il 94,8 per cento. NA"
580,57.8,57.8,42.2,"Hofstetten bei Brienz (BE)","Sì all'Iniziativa ""No a una Svizzera da 10 milioni!"" a Hofstetten bei Brienz: 57,8 per cento. NA"
581,42.5,42.5,57.5,"Interlaken (BE)","A Interlaken l'Iniziativa ""No a una Svizzera da 10 milioni!"" è stata respinta con il 57,5 per cento. NA"
582,81.6,81.6,18.4,"Iseltwald (BE)","Sì all'Iniziativa ""No a una Svizzera da 10 milioni!"" a Iseltwald con il 81,6 per cento. NA"
584,73.2,73.2,26.8,"Lauterbrunnen (BE)","A Lauterbrunnen l'Iniziativa ""No a una Svizzera da 10 milioni!"" è stata approvata con il 73,2 per cento."
585,46.2,46.2,53.8,"Leissigen (BE)","A Leissigen, l'Iniziativa ""No a una Svizzera da 10 milioni!"" è stata respinta con il 53,8 per cento. NA"
586,25.1,25.1,74.9,"Lütschental (BE)","La popolazione di Lütschental respinge l'Iniziativa ""No a una Svizzera da 10 milioni!"" con il 74,9 per cento. NA"
587,74.7,74.7,25.3,"Matten bei Interlaken (BE)","A Matten bei Interlaken, l'Iniziativa ""No a una Svizzera da 10 milioni!"" è approvata con il 74,7 per cento. NA"
588,64.3,64.3,35.7,"Niederried bei Interlaken (BE)","A Niederried bei Interlaken l'Iniziativa ""No a una Svizzera da 10 milioni!"" è stata approvata con il 64,3 per cento. NA"
589,83.4,83.4,16.6,"Oberried am Brienzersee (BE)","A Oberried am Brienzersee, l'Iniziativa ""No a una Svizzera da 10 milioni!"" è stata approvata con il 83,4 per cento. NA"
590,44.9,44.9,55.1,"Ringgenberg (BE)","Con il 55,1 per cento dei voti, Ringgenberg BE ha respinto l'Iniziativa ""No a una Svizzera da 10 milioni!"". NA"
591,19.8,19.8,80.2,"Saxeten (BE)","Con il 80,2 per cento dei voti, l'Iniziativa ""No a una Svizzera da 10 milioni!"" viene respinta a Saxeten. NA"
592,10,10,90,"Schwanden bei Brienz (BE)","La popolazione di Schwanden bei Brienz respinge l'Iniziativa ""No a una Svizzera da 10 milioni!"" con il 90 per cento. NA"
593,16.7,16.7,83.3,"Unterseen (BE)","La popolazione di Unterseen respinge l'Iniziativa ""No a una Svizzera da 10 milioni!"" con il 83,3 per cento. NA"
594,66.8,66.8,33.2,"Wilderswil (BE)","Sì all'Iniziativa ""No a una Svizzera da 10 milioni!"" a Wilderswil, con il 66,8 per cento di voti favorevoli. NA"
602,84.6,84.6,15.4,"Arni (BE)","La popolazione di Arni BE approva l'Iniziativa ""No a una Svizzera da 10 milioni!"" con il 84,6 per cento. NA"
603,54.3,54.3,45.7,"Biglen (BE)","La popolazione di Biglen approva l'Iniziativa ""No a una Svizzera da 10 milioni!"" con il 54,3 per cento. NA"
605,51.5,51.5,48.5,"Bowil (BE)","Sì all'Iniziativa ""No a una Svizzera da 10 milioni!"" a Bowil, con il 51,5 per cento di voti favorevoli. NA"
606,64.3,64.3,35.7,"Brenzikofen (BE)","Sì all'Iniziativa ""No a una Svizzera da 10 milioni!"" a Brenzikofen: 64,3 per cento. NA"
607,16.1,16.1,83.9,"Freimettigen (BE)","Con il 83,9 per cento dei voti, Freimettigen ha respinto l'Iniziativa ""No a una Svizzera da 10 milioni!"". NA"
608,29.8,29.8,70.2,"Grosshöchstetten (BE)","La popolazione di Grosshöchstetten respinge l'Iniziativa ""No a una Svizzera da 10 milioni!"" con il 70,2 per cento. NA"
609,82.9,82.9,17.1,"Häutligen (BE)","Sì all'Iniziativa ""No a una Svizzera da 10 milioni!"" a Häutligen, con il 82,9 per cento di voti favorevoli. NA"
610,14.5,14.5,85.5,"Herbligen (BE)","A Herbligen l'Iniziativa ""No a una Svizzera da 10 milioni!"" non ottiene la maggioranza: 85,5 per cento di no. NA"
611,55.5,55.5,44.5,"Kiesen (BE)","Sì all'Iniziativa ""No a una Svizzera da 10 milioni!"" a Kiesen con il 55,5 per cento. NA"
612,68.7,68.7,31.3,"Konolfingen (BE)","A Konolfingen, l'Iniziativa ""No a una Svizzera da 10 milioni!"" è stata approvata con il 68,7 per cento. NA"
613,30.4,30.4,69.6,"Landiswil (BE)","A Landiswil l'Iniziativa ""No a una Svizzera da 10 milioni!"" è stata respinta con il 69,6 per cento. NA"
614,73.1,73.1,26.9,"Linden (BE)","La popolazione di Linden approva l'Iniziativa ""No a una Svizzera da 10 milioni!"" con il 73,1 per cento. NA"
615,12.3,12.3,87.7,"Mirchel (BE)","Con il 87,7 per cento dei voti, l'Iniziativa ""No a una Svizzera da 10 milioni!"" viene respinta a Mirchel. NA"
616,61.2,61.2,38.8,"Münsingen (BE)","Sì all'Iniziativa ""No a una Svizzera da 10 milioni!"" a Münsingen, con il 61,2 per cento di voti favorevoli. NA"
617,44.7,44.7,55.3,"Niederhünigen (BE)","A Niederhünigen, l'Iniziativa ""No a una Svizzera da 10 milioni!"" è stata respinta con il 55,3 per cento. NA"
619,3.5,3.5,96.5,"Oberdiessbach (BE)","A Oberdiessbach l'Iniziativa ""No a una Svizzera da 10 milioni!"" è stata respinta con il 96,5 per cento. NA"
620,75.3,75.3,24.7,"Oberthal (BE)","A Oberthal, l'Iniziativa ""No a una Svizzera da 10 milioni!"" è approvata con il 75,3 per cento. NA"
622,91.9,91.9,8.1,"Oppligen (BE)","A Oppligen, l'Iniziativa ""No a una Svizzera da 10 milioni!"" è stata approvata con il 91,9 per cento. NA"
623,69.7,69.7,30.3,"Rubigen (BE)","A Rubigen l'Iniziativa ""No a una Svizzera da 10 milioni!"" è stata approvata con il 69,7 per cento. NA"
626,58.2,58.2,41.8,"Walkringen (BE)","Sì all'Iniziativa ""No a una Svizzera da 10 milioni!"" a Walkringen con il 58,2 per cento. NA"
627,41,41,59,"Worb (BE)","A Worb, l'Iniziativa ""No a una Svizzera da 10 milioni!"" è stata respinta con il 59 per cento. NA"
628,91.9,91.9,8.1,"Zäziwil (BE)","Sì all'Iniziativa ""No a una Svizzera da 10 milioni!"" a Zäziwil, con il 91,9 per cento di voti favorevoli. NA"
630,58.2,58.2,41.8,"Allmendingen (BE)","Sì all'Iniziativa ""No a una Svizzera da 10 milioni!"" a Allmendingen, con il 58,2 per cento di voti favorevoli. NA"
632,27.8,27.8,72.2,"Wichtrach (BE)","Con il 72,2 per cento dei voti, l'Iniziativa ""No a una Svizzera da 10 milioni!"" viene respinta a Wichtrach. NA"
662,15.3,15.3,84.7,"Ferenbalm (BE)","La popolazione di Ferenbalm respinge l'Iniziativa ""No a una Svizzera da 10 milioni!"" con il 84,7 per cento. NA"
663,82.9,82.9,17.1,"Frauenkappelen (BE)","Sì all'Iniziativa ""No a una Svizzera da 10 milioni!"" a Frauenkappelen, con il 82,9 per cento di voti favorevoli. NA"
665,66.7,66.7,33.3,"Gurbrü (BE)","A Gurbrü, l'Iniziativa ""No a una Svizzera da 10 milioni!"" è stata approvata con il 66,7 per cento. NA"
666,78.7,78.7,21.3,"Kriechenwil (BE)","Sì all'Iniziativa ""No a una Svizzera da 10 milioni!"" a Kriechenwil: 78,7 per cento. NA"
667,56.7,56.7,43.3,"Laupen (BE)","La popolazione di Laupen approva l'Iniziativa ""No a una Svizzera da 10 milioni!"" con il 56,7 per cento. NA"
668,35.7,35.7,64.3,"Mühleberg (BE)","A Mühleberg l'Iniziativa ""No a una Svizzera da 10 milioni!"" non ottiene la maggioranza: 64,3 per cento di no. NA"
669,32.5,32.5,67.5,"Villars-les-Moines (BE)","La popolazione di Villars-les-Moines respinge l'Iniziativa ""No a una Svizzera da 10 milioni!"" con il 67,5 per cento. NA"
670,58.3,58.3,41.7,"Neuenegg (BE)","A Neuenegg, l'Iniziativa ""No a una Svizzera da 10 milioni!"" è approvata con il 58,3 per cento. NA"
671,59.9,59.9,40.1,"Wileroltigen (BE)","A Wileroltigen, l'Iniziativa ""No a una Svizzera da 10 milioni!"" è approvata con il 59,9 per cento. NA"
681,16.3,16.3,83.7,"Belprahon (BE)","La popolazione di Belprahon respinge l'Iniziativa ""No a una Svizzera da 10 milioni!"" con il 83,7 per cento. NA"
683,37.2,37.2,62.8,"Champoz (BE)","Con il 62,8 per cento dei voti, Champoz ha respinto l'Iniziativa ""No a una Svizzera da 10 milioni!"". NA"
687,12.9,12.9,87.1,"Corcelles (BE)","La popolazione di Corcelles BE respinge l'Iniziativa ""No a una Svizzera da 10 milioni!"" con il 87,1 per cento. NA"
690,43.5,43.5,56.5,"Court (BE)","A Court, l'Iniziativa ""No a una Svizzera da 10 milioni!"" è stata respinta con il 56,5 per cento. NA"
691,30.4,30.4,69.6,"Crémines (BE)","A Crémines, l'Iniziativa ""No a una Svizzera da 10 milioni!"" è stata respinta con il 69,6 per cento. NA"
692,11.3,11.3,88.7,"Eschert (BE)","La popolazione di Eschert respinge l'Iniziativa ""No a una Svizzera da 10 milioni!"" con il 88,7 per cento. NA"
694,32,32,68,"Grandval (BE)","La popolazione di Grandval respinge l'Iniziativa ""No a una Svizzera da 10 milioni!"" con il 68 per cento. NA"
696,81.6,81.6,18.4,"Loveresse (BE)","Sì all'Iniziativa ""No a una Svizzera da 10 milioni!"" a Loveresse: 81,6 per cento. NA"
701,60.3,60.3,39.7,"Perrefitte (BE)","A Perrefitte, l'Iniziativa ""No a una Svizzera da 10 milioni!"" è stata approvata con il 60,3 per cento. NA"
703,23.4,23.4,76.6,"Reconvilier (BE)","A Reconvilier l'Iniziativa ""No a una Svizzera da 10 milioni!"" non ottiene la maggioranza: 76,6 per cento di no. NA"
704,51.5,51.5,48.5,"Roches (BE)","A Roches BE, l'Iniziativa ""No a una Svizzera da 10 milioni!"" è stata approvata con il 51,5 per cento. NA"
706,46.5,46.5,53.5,"Saicourt (BE)","A Saicourt l'Iniziativa ""No a una Svizzera da 10 milioni!"" non ottiene la maggioranza: 53,5 per cento di no. NA"
707,56.2,56.2,43.8,"Saules (BE)","A Saules BE l'Iniziativa ""No a una Svizzera da 10 milioni!"" è stata approvata con il 56,2 per cento. NA"
708,6.3,6.3,93.7,"La Scheulte (BE)","La popolazione di La Scheulte respinge l'Iniziativa ""No a una Svizzera da 10 milioni!"" con il 93,7 per cento. NA"
709,32.4,32.4,67.6,"Seehof (BE)","La popolazione di Seehof respinge l'Iniziativa ""No a una Svizzera da 10 milioni!"" con il 67,6 per cento. NA"
711,63.2,63.2,36.8,"Sorvilier (BE)","Sì all'Iniziativa ""No a una Svizzera da 10 milioni!"" a Sorvilier: 63,2 per cento. NA"
713,45.4,45.4,54.6,"Tavannes (BE)","Con il 54,6 per cento dei voti, l'Iniziativa ""No a una Svizzera da 10 milioni!"" viene respinta a Tavannes. NA"
715,35.4,35.4,64.6,"Rebévelier (BE)","La popolazione di Rebévelier respinge l'Iniziativa ""No a una Svizzera da 10 milioni!"" con il 64,6 per cento."
716,85.1,85.1,14.9,"Petit-Val (BE)","A Petit-Val l'Iniziativa ""No a una Svizzera da 10 milioni!"" è stata approvata con il 85,1 per cento."
717,29.5,29.5,70.5,"Valbirse (BE)","A Valbirse l'Iniziativa ""No a una Svizzera da 10 milioni!"" non ottiene la maggioranza: 70,5 per cento di no. NA"
723,68.9,68.9,31.1,"La Neuveville (BE)","Sì all'Iniziativa ""No a una Svizzera da 10 milioni!"" a La Neuveville: 68,9 per cento. NA"
724,57.5,57.5,42.5,"Nods (BE)","La popolazione di Nods approva l'Iniziativa ""No a una Svizzera da 10 milioni!"" con il 57,5 per cento. NA"
726,71.6,71.6,28.4,"Plateau de Diesse (BE)","Sì all'Iniziativa ""No a una Svizzera da 10 milioni!"" a Plateau de Diesse: 71,6 per cento. NA"
731,72.3,72.3,27.7,"Aegerten (BE)","Sì all'Iniziativa ""No a una Svizzera da 10 milioni!"" a Aegerten, con il 72,3 per cento di voti favorevoli. NA"
732,47.5,47.5,52.5,"Bellmund (BE)","A Bellmund, l'Iniziativa ""No a una Svizzera da 10 milioni!"" è stata respinta con il 52,5 per cento. NA"
733,41.9,41.9,58.1,"Brügg (BE)","A Brügg l'Iniziativa ""No a una Svizzera da 10 milioni!"" non ottiene la maggioranza: 58,1 per cento di no. NA"
734,24.3,24.3,75.7,"Bühl (BE)","Con il 75,7 per cento dei voti, l'Iniziativa ""No a una Svizzera da 10 milioni!"" viene respinta a Bühl. NA"
735,65.8,65.8,34.2,"Epsach (BE)","A Epsach, l'Iniziativa ""No a una Svizzera da 10 milioni!"" è approvata con il 65,8 per cento. NA"
736,53.8,53.8,46.2,"Hagneck (BE)","Sì all'Iniziativa ""No a una Svizzera da 10 milioni!"" a Hagneck: 53,8 per cento. NA"
737,66.4,66.4,33.6,"Hermrigen (BE)","Sì all'Iniziativa ""No a una Svizzera da 10 milioni!"" a Hermrigen: 66,4 per cento. NA"
738,48.9,48.9,51.1,"Jens (BE)","Con il 51,1 per cento dei voti, l'Iniziativa ""No a una Svizzera da 10 milioni!"" viene respinta a Jens. NA"
739,48.7,48.7,51.3,"Ipsach (BE)","A Ipsach, l'Iniziativa ""No a una Svizzera da 10 milioni!"" è stata respinta con il 51,3 per cento. NA"
740,11.7,11.7,88.3,"Gléresse (BE)","A Gléresse l'Iniziativa ""No a una Svizzera da 10 milioni!"" è stata respinta con il 88,3 per cento. NA"
741,74.9,74.9,25.1,"Merzligen (BE)","A Merzligen l'Iniziativa ""No a una Svizzera da 10 milioni!"" è stata approvata con il 74,9 per cento. NA"
742,86.1,86.1,13.9,"Mörigen (BE)","A Mörigen, l'Iniziativa ""No a una Svizzera da 10 milioni!"" è stata approvata con il 86,1 per cento. NA"
743,43.2,43.2,56.8,"Nidau (BE)","A Nidau l'Iniziativa ""No a una Svizzera da 10 milioni!"" è stata respinta con il 56,8 per cento. NA"
744,57.8,57.8,42.2,"Orpund (BE)","A Orpund, l'Iniziativa ""No a una Svizzera da 10 milioni!"" è approvata con il 57,8 per cento. NA"
745,65.6,65.6,34.4,"Port (BE)","Sì all'Iniziativa ""No a una Svizzera da 10 milioni!"" a Port con il 65,6 per cento. NA"
746,38,38,62,"Safnern (BE)","La popolazione di Safnern respinge l'Iniziativa ""No a una Svizzera da 10 milioni!"" con il 62 per cento. NA"
747,32,32,68,"Scheuren (BE)","La popolazione di Scheuren respinge l'Iniziativa ""No a una Svizzera da 10 milioni!"" con il 68 per cento. NA"
748,77.2,77.2,22.8,"Schwadernau (BE)","A Schwadernau, l'Iniziativa ""No a una Svizzera da 10 milioni!"" è approvata con il 77,2 per cento. NA"
749,18.2,18.2,81.8,"Studen (BE)","Con il 81,8 per cento dei voti, Studen BE ha respinto l'Iniziativa ""No a una Svizzera da 10 milioni!"". NA"
750,66.9,66.9,33.1,"Sutz-Lattrigen (BE)","La popolazione di Sutz-Lattrigen approva l'Iniziativa ""No a una Svizzera da 10 milioni!"" con il 66,9 per cento. NA"
751,64.7,64.7,35.3,"Täuffelen (BE)","Sì all'Iniziativa ""No a una Svizzera da 10 milioni!"" a Täuffelen: 64,7 per cento. NA"
754,9,9,91,"Walperswil (BE)","La popolazione di Walperswil respinge l'Iniziativa ""No a una Svizzera da 10 milioni!"" con il 91 per cento. NA"
755,74.6,74.6,25.4,"Worben (BE)","A Worben l'Iniziativa ""No a una Svizzera da 10 milioni!"" è stata approvata con il 74,6 per cento. NA"
756,47,47,53,"Douanne-Daucher (BE)","La popolazione di Douanne-Daucher respinge l'Iniziativa ""No a una Svizzera da 10 milioni!"" con il 53 per cento. NA"
761,29.1,29.1,70.9,"Därstetten (BE)","Con il 70,9 per cento dei voti, l'Iniziativa ""No a una Svizzera da 10 milioni!"" viene respinta a Därstetten. NA"
762,91.5,91.5,8.5,"Diemtigen (BE)","La popolazione di Diemtigen approva l'Iniziativa ""No a una Svizzera da 10 milioni!"" con il 91,5 per cento. NA"
763,95.6,95.6,4.4,"Erlenbach im Simmental (BE)","La popolazione di Erlenbach im Simmental approva l'Iniziativa ""No a una Svizzera da 10 milioni!"" con il 95,6 per cento. NA"
766,26.6,26.6,73.4,"Oberwil im Simmental (BE)","A Oberwil im Simmental, l'Iniziativa ""No a una Svizzera da 10 milioni!"" è stata respinta con il 73,4 per cento. NA"
767,86.4,86.4,13.6,"Reutigen (BE)","A Reutigen l'Iniziativa ""No a una Svizzera da 10 milioni!"" è stata approvata con il 86,4 per cento. NA"
768,25.4,25.4,74.6,"Spiez (BE)","La popolazione di Spiez respinge l'Iniziativa ""No a una Svizzera da 10 milioni!"" con il 74,6 per cento. NA"
769,50.9,50.9,49.1,"Wimmis (BE)","Sì all'Iniziativa ""No a una Svizzera da 10 milioni!"" a Wimmis con il 50,9 per cento. NA"
770,25.8,25.8,74.2,"Stocken-Höfen (BE)","Con il 74,2 per cento dei voti, l'Iniziativa ""No a una Svizzera da 10 milioni!"" viene respinta a Stocken-Höfen. NA"
782,55.6,55.6,44.4,"Guttannen (BE)","A Guttannen, l'Iniziativa ""No a una Svizzera da 10 milioni!"" è approvata con il 55,6 per cento. NA"
783,48.3,48.3,51.7,"Hasliberg (BE)","La popolazione di Hasliberg respinge l'Iniziativa ""No a una Svizzera da 10 milioni!"" con il 51,7 per cento. NA"
784,23.8,23.8,76.2,"Innertkirchen (BE)","La popolazione di Innertkirchen respinge l'Iniziativa ""No a una Svizzera da 10 milioni!"" con il 76,2 per cento. NA"
785,49,49,51,"Meiringen (BE)","A Meiringen l'Iniziativa ""No a una Svizzera da 10 milioni!"" non ottiene la maggioranza: 51 per cento di no. NA"
786,52.1,52.1,47.9,"Schattenhalb (BE)","A Schattenhalb, l'Iniziativa ""No a una Svizzera da 10 milioni!"" è stata approvata con il 52,1 per cento. NA"
791,37.4,37.4,62.6,"Boltigen (BE)","La popolazione di Boltigen respinge l'Iniziativa ""No a una Svizzera da 10 milioni!"" con il 62,6 per cento. NA"
792,75,75,25,"Lenk (BE)","La popolazione di Lenk approva l'Iniziativa ""No a una Svizzera da 10 milioni!"" con il 75 per cento. NA"
793,75.7,75.7,24.3,"Saint-Etienne (BE)","Sì all'Iniziativa ""No a una Svizzera da 10 milioni!"" a Saint-Etienne, con il 75,7 per cento di voti favorevoli. NA"
794,49,49,51,"Zweisimmen (BE)","A Zweisimmen l'Iniziativa ""No a una Svizzera da 10 milioni!"" non ottiene la maggioranza: 51 per cento di no. NA"
841,60.1,60.1,39.9,"Gsteig (BE)","A Gsteig l'Iniziativa ""No a una Svizzera da 10 milioni!"" è stata approvata con il 60,1 per cento. NA"
842,9.3,9.3,90.7,"Lauenen (BE)","A Lauenen l'Iniziativa ""No a una Svizzera da 10 milioni!"" è stata respinta con il 90,7 per cento. NA"
843,55,55,45,"Gessenay (BE)","Sì all'Iniziativa ""No a una Svizzera da 10 milioni!"" a Gessenay: 55 per cento. NA"
852,41,41,59,"Guggisberg (BE)","La popolazione di Guggisberg respinge l'Iniziativa ""No a una Svizzera da 10 milioni!"" con il 59 per cento. NA"
853,10.9,10.9,89.1,"Rüschegg (BE)","A Rüschegg, l'Iniziativa ""No a una Svizzera da 10 milioni!"" è stata respinta con il 89,1 per cento. NA"
855,64.3,64.3,35.7,"Schwarzenburg (BE)","Sì all'Iniziativa ""No a una Svizzera da 10 milioni!"" a Schwarzenburg, con il 64,3 per cento di voti favorevoli. NA"
861,33.3,33.3,66.7,"Belp (BE)","La popolazione di Belp respinge l'Iniziativa ""No a una Svizzera da 10 milioni!"" con il 66,7 per cento. NA"
863,75.4,75.4,24.6,"Burgistein (BE)","La popolazione di Burgistein approva l'Iniziativa ""No a una Svizzera da 10 milioni!"" con il 75,4 per cento. NA"
866,63.4,63.4,36.6,"Gerzensee (BE)","A Gerzensee, l'Iniziativa ""No a una Svizzera da 10 milioni!"" è approvata con il 63,4 per cento. NA"
867,48.1,48.1,51.9,"Gurzelen (BE)","La popolazione di Gurzelen respinge l'Iniziativa ""No a una Svizzera da 10 milioni!"" con il 51,9 per cento. NA"
868,93.7,93.7,6.3,"Jaberg (BE)","Sì all'Iniziativa ""No a una Svizzera da 10 milioni!"" a Jaberg: 93,7 per cento. NA"
869,43.1,43.1,56.9,"Kaufdorf (BE)","A Kaufdorf l'Iniziativa ""No a una Svizzera da 10 milioni!"" è stata respinta con il 56,9 per cento. NA"
870,55.3,55.3,44.7,"Kehrsatz (BE)","Sì all'Iniziativa ""No a una Svizzera da 10 milioni!"" a Kehrsatz con il 55,3 per cento. NA"
872,54.9,54.9,45.1,"Kirchdorf (BE)","Sì all'Iniziativa ""No a una Svizzera da 10 milioni!"" a Kirchdorf BE: 54,9 per cento. NA"
879,50,50,50,"Riggisberg (BE)","Sì all'Iniziativa ""No a una Svizzera da 10 milioni!"" a Riggisberg, con il 50 per cento di voti favorevoli. NA"
880,44.5,44.5,55.5,"Rüeggisberg (BE)","A Rüeggisberg l'Iniziativa ""No a una Svizzera da 10 milioni!"" è stata respinta con il 55,5 per cento. NA"
883,77.8,77.8,22.2,"Seftigen (BE)","Sì all'Iniziativa ""No a una Svizzera da 10 milioni!"" a Seftigen: 77,8 per cento. NA"
884,78.1,78.1,21.9,"Toffen (BE)","La popolazione di Toffen approva l'Iniziativa ""No a una Svizzera da 10 milioni!"" con il 78,1 per cento. NA"
885,55.7,55.7,44.3,"Uttigen (BE)","A Uttigen, l'Iniziativa ""No a una Svizzera da 10 milioni!"" è approvata con il 55,7 per cento. NA"
886,45.9,45.9,54.1,"Wattenwil (BE)","A Wattenwil l'Iniziativa ""No a una Svizzera da 10 milioni!"" è stata respinta con il 54,1 per cento. NA"
888,46.6,46.6,53.4,"Wald (BE)","A Wald BE, l'Iniziativa ""No a una Svizzera da 10 milioni!"" è stata respinta con il 53,4 per cento. NA"
889,27.5,27.5,72.5,"Thurnen (BE)","A Thurnen l'Iniziativa ""No a una Svizzera da 10 milioni!"" è stata respinta con il 72,5 per cento. NA"
901,41.2,41.2,58.8,"Eggiwil (BE)","La popolazione di Eggiwil respinge l'Iniziativa ""No a una Svizzera da 10 milioni!"" con il 58,8 per cento. NA"
902,83.4,83.4,16.6,"Langnau im Emmental (BE)","Sì all'Iniziativa ""No a una Svizzera da 10 milioni!"" a Langnau im Emmental: 83,4 per cento. NA"
903,52,52,48,"Lauperswil (BE)","La popolazione di Lauperswil approva l'Iniziativa ""No a una Svizzera da 10 milioni!"" con il 52 per cento. NA"
904,41.5,41.5,58.5,"Röthenbach im Emmental (BE)","A Röthenbach im Emmental, l'Iniziativa ""No a una Svizzera da 10 milioni!"" è stata respinta con il 58,5 per cento. NA"
905,38,38,62,"Rüderswil (BE)","Con il 62 per cento dei voti, l'Iniziativa ""No a una Svizzera da 10 milioni!"" viene respinta a Rüderswil. NA"
906,22.4,22.4,77.6,"Schangnau (BE)","A Schangnau l'Iniziativa ""No a una Svizzera da 10 milioni!"" non ottiene la maggioranza: 77,6 per cento di no. NA"
907,56.5,56.5,43.5,"Signau (BE)","A Signau, l'Iniziativa ""No a una Svizzera da 10 milioni!"" è stata approvata con il 56,5 per cento. NA"
908,12.4,12.4,87.6,"Trub (BE)","La popolazione di Trub respinge l'Iniziativa ""No a una Svizzera da 10 milioni!"" con il 87,6 per cento. NA"
909,18.6,18.6,81.4,"Trubschachen (BE)","Con il 81,4 per cento dei voti, l'Iniziativa ""No a una Svizzera da 10 milioni!"" viene respinta a Trubschachen. NA"
921,80.5,80.5,19.5,"Amsoldingen (BE)","A Amsoldingen, l'Iniziativa ""No a una Svizzera da 10 milioni!"" è stata approvata con il 80,5 per cento. NA"
922,28.6,28.6,71.4,"Blumenstein (BE)","La popolazione di Blumenstein respinge l'Iniziativa ""No a una Svizzera da 10 milioni!"" con il 71,4 per cento. NA"
923,84.8,84.8,15.2,"Buchholterberg (BE)","Sì all'Iniziativa ""No a una Svizzera da 10 milioni!"" a Buchholterberg con il 84,8 per cento. NA"
924,50.6,50.6,49.4,"Eriz (BE)","Sì all'Iniziativa ""No a una Svizzera da 10 milioni!"" a Eriz, con il 50,6 per cento di voti favorevoli. NA"
925,31.8,31.8,68.2,"Fahrni (BE)","La popolazione di Fahrni respinge l'Iniziativa ""No a una Svizzera da 10 milioni!"" con il 68,2 per cento. NA"
927,95.2,95.2,4.8,"Heiligenschwendi (BE)","A Heiligenschwendi l'Iniziativa ""No a una Svizzera da 10 milioni!"" è stata approvata con il 95,2 per cento. NA"
928,61.3,61.3,38.7,"Heimberg (BE)","Sì all'Iniziativa ""No a una Svizzera da 10 milioni!"" a Heimberg con il 61,3 per cento. NA"
929,62.5,62.5,37.5,"Hilterfingen (BE)","Sì all'Iniziativa ""No a una Svizzera da 10 milioni!"" a Hilterfingen: 62,5 per cento. NA"
931,63.8,63.8,36.2,"Homberg (BE)","Sì all'Iniziativa ""No a una Svizzera da 10 milioni!"" a Homberg, con il 63,8 per cento di voti favorevoli. NA"
932,36.4,36.4,63.6,"Horrenbach-Buchen (BE)","Con il 63,6 per cento dei voti, l'Iniziativa ""No a una Svizzera da 10 milioni!"" viene respinta a Horrenbach-Buchen. NA"
934,38.8,38.8,61.2,"Oberhofen am Thunersee (BE)","A Oberhofen am Thunersee, l'Iniziativa ""No a una Svizzera da 10 milioni!"" è stata respinta con il 61,2 per cento. NA"
935,17.4,17.4,82.6,"Oberlangenegg (BE)","Con il 82,6 per cento dei voti, Oberlangenegg ha respinto l'Iniziativa ""No a una Svizzera da 10 milioni!"". NA"
936,38.6,38.6,61.4,"Pohlern (BE)","La popolazione di Pohlern respinge l'Iniziativa ""No a una Svizzera da 10 milioni!"" con il 61,4 per cento. NA"
938,78.3,78.3,21.7,"Sigriswil (BE)","La popolazione di Sigriswil approva l'Iniziativa ""No a una Svizzera da 10 milioni!"" con il 78,3 per cento. NA"
939,30.5,30.5,69.5,"Steffisburg (BE)","La popolazione di Steffisburg respinge l'Iniziativa ""No a una Svizzera da 10 milioni!"" con il 69,5 per cento. NA"
940,53,53,47,"Teuffenthal (BE)","A Teuffenthal BE, l'Iniziativa ""No a una Svizzera da 10 milioni!"" è stata approvata con il 53 per cento. NA"
941,42.2,42.2,57.8,"Thierachern (BE)","A Thierachern l'Iniziativa ""No a una Svizzera da 10 milioni!"" è stata respinta con il 57,8 per cento. NA"
942,45.3,45.3,54.7,"Thoune (BE)","Con il 54,7 per cento dei voti, Thoune ha respinto l'Iniziativa ""No a una Svizzera da 10 milioni!"". NA"
943,42.6,42.6,57.4,"Uebeschi (BE)","A Uebeschi l'Iniziativa ""No a una Svizzera da 10 milioni!"" non ottiene la maggioranza: 57,4 per cento di no. NA"
944,6.4,6.4,93.6,"Uetendorf (BE)","Con il 93,6 per cento dei voti, l'Iniziativa ""No a una Svizzera da 10 milioni!"" viene respinta a Uetendorf. NA"
945,64.1,64.1,35.9,"Unterlangenegg (BE)","Sì all'Iniziativa ""No a una Svizzera da 10 milioni!"" a Unterlangenegg, con il 64,1 per cento di voti favorevoli. NA"
946,80.6,80.6,19.4,"Wachseldorn (BE)","A Wachseldorn l'Iniziativa ""No a una Svizzera da 10 milioni!"" è stata approvata con il 80,6 per cento. NA"
948,28.6,28.6,71.4,"Forst-Längenbühl (BE)","A Forst-Längenbühl, l'Iniziativa ""No a una Svizzera da 10 milioni!"" è stata respinta con il 71,4 per cento. NA"
951,59,59,41,"Affoltern im Emmental (BE)","La popolazione di Affoltern im Emmental approva l'Iniziativa ""No a una Svizzera da 10 milioni!"" con il 59 per cento. NA"
952,41.6,41.6,58.4,"Dürrenroth (BE)","La popolazione di Dürrenroth respinge l'Iniziativa ""No a una Svizzera da 10 milioni!"" con il 58,4 per cento. NA"
953,84.5,84.5,15.5,"Eriswil (BE)","A Eriswil, l'Iniziativa ""No a una Svizzera da 10 milioni!"" è approvata con il 84,5 per cento. NA"
954,13.6,13.6,86.4,"Huttwil (BE)","A Huttwil l'Iniziativa ""No a una Svizzera da 10 milioni!"" non ottiene la maggioranza: 86,4 per cento di no. NA"
955,11,11,89,"Lützelflüh (BE)","A Lützelflüh l'Iniziativa ""No a una Svizzera da 10 milioni!"" è stata respinta con il 89 per cento. NA"
956,84.3,84.3,15.7,"Rüegsau (BE)","Sì all'Iniziativa ""No a una Svizzera da 10 milioni!"" a Rüegsau: 84,3 per cento. NA"
957,18.6,18.6,81.4,"Sumiswald (BE)","Con il 81,4 per cento dei voti, Sumiswald ha respinto l'Iniziativa ""No a una Svizzera da 10 milioni!"". NA"
958,99,99,1,"Trachselwald (BE)","Sì all'Iniziativa ""No a una Svizzera da 10 milioni!"" a Trachselwald: 99 per cento. NA"
959,46.8,46.8,53.2,"Walterswil (BE)","Con il 53,2 per cento dei voti, l'Iniziativa ""No a una Svizzera da 10 milioni!"" viene respinta a Walterswil BE. NA"
960,9.8,9.8,90.2,"Wyssachen (BE)","A Wyssachen l'Iniziativa ""No a una Svizzera da 10 milioni!"" non ottiene la maggioranza: 90,2 per cento di no. NA"
971,53.2,53.2,46.8,"Attiswil (BE)","Sì all'Iniziativa ""No a una Svizzera da 10 milioni!"" a Attiswil: 53,2 per cento. NA"
972,51.3,51.3,48.7,"Berken (BE)","Sì all'Iniziativa ""No a una Svizzera da 10 milioni!"" a Berken, con il 51,3 per cento di voti favorevoli. NA"
973,52.2,52.2,47.8,"Bettenhausen (BE)","Sì all'Iniziativa ""No a una Svizzera da 10 milioni!"" a Bettenhausen con il 52,2 per cento. NA"
975,77.9,77.9,22.1,"Farnern (BE)","Sì all'Iniziativa ""No a una Svizzera da 10 milioni!"" a Farnern: 77,9 per cento. NA"
976,55.1,55.1,44.9,"Graben (BE)","La popolazione di Graben approva l'Iniziativa ""No a una Svizzera da 10 milioni!"" con il 55,1 per cento. NA"
977,0.5,0.5,99.5,"Heimenhausen (BE)","Nel confronto svizzero, Heimenhausen è terza per il no all'Iniziativa ""No a una Svizzera da 10 milioni!"" con il 99,5 per cento. NA"
979,14.1,14.1,85.9,"Herzogenbuchsee (BE)","Con il 85,9 per cento dei voti, l'Iniziativa ""No a una Svizzera da 10 milioni!"" viene respinta a Herzogenbuchsee. NA"
980,43.5,43.5,56.5,"Inkwil (BE)","A Inkwil, l'Iniziativa ""No a una Svizzera da 10 milioni!"" è stata respinta con il 56,5 per cento. NA"
981,87,87,13,"Niederbipp (BE)","A Niederbipp, l'Iniziativa ""No a una Svizzera da 10 milioni!"" è stata approvata con il 87 per cento. NA"
982,46.5,46.5,53.5,"Niederönz (BE)","La popolazione di Niederönz respinge l'Iniziativa ""No a una Svizzera da 10 milioni!"" con il 53,5 per cento. NA"
983,88.9,88.9,11.1,"Oberbipp (BE)","A Oberbipp, l'Iniziativa ""No a una Svizzera da 10 milioni!"" è approvata con il 88,9 per cento. NA"
985,26.6,26.6,73.4,"Ochlenberg (BE)","A Ochlenberg, l'Iniziativa ""No a una Svizzera da 10 milioni!"" è stata respinta con il 73,4 per cento. NA"
987,89.9,89.9,10.1,"Rumisberg (BE)","A Rumisberg l'Iniziativa ""No a una Svizzera da 10 milioni!"" è stata approvata con il 89,9 per cento. NA"
988,78.7,78.7,21.3,"Seeberg (BE)","A Seeberg, l'Iniziativa ""No a una Svizzera da 10 milioni!"" è stata approvata con il 78,7 per cento. NA"
989,72.2,72.2,27.8,"Thörigen (BE)","Sì all'Iniziativa ""No a una Svizzera da 10 milioni!"" a Thörigen: 72,2 per cento. NA"
990,3.2,3.2,96.8,"Walliswil bei Niederbipp (BE)","A Walliswil bei Niederbipp l'Iniziativa ""No a una Svizzera da 10 milioni!"" è stata respinta con il 96,8 per cento. NA"
991,88.9,88.9,11.1,"Walliswil bei Wangen (BE)","A Walliswil bei Wangen l'Iniziativa ""No a una Svizzera da 10 milioni!"" è stata approvata con il 88,9 per cento. NA"
992,84.7,84.7,15.3,"Wangen an der Aare (BE)","A Wangen an der Aare l'Iniziativa ""No a una Svizzera da 10 milioni!"" è stata approvata con il 84,7 per cento. NA"
995,65.4,65.4,34.6,"Wiedlisbach (BE)","A Wiedlisbach l'Iniziativa ""No a una Svizzera da 10 milioni!"" è stata approvata con il 65,4 per cento. NA"
1001,54,54,46,"Doppleschwand (LU)","A Doppleschwand l'Iniziativa ""No a una Svizzera da 10 milioni!"" è stata approvata con il 54 per cento. NA"
1002,45.4,45.4,54.6,"Entlebuch (LU)","La popolazione di Entlebuch respinge l'Iniziativa ""No a una Svizzera da 10 milioni!"" con il 54,6 per cento. NA"
1004,32.6,32.6,67.4,"Flühli (LU)","A Flühli l'Iniziativa ""No a una Svizzera da 10 milioni!"" non ottiene la maggioranza: 67,4 per cento di no. NA"
1005,54.9,54.9,45.1,"Hasle (LU)","Sì all'Iniziativa ""No a una Svizzera da 10 milioni!"" a Hasle LU, con il 54,9 per cento di voti favorevoli. NA"
1007,56.9,56.9,43.1,"Romoos (LU)","Sì all'Iniziativa ""No a una Svizzera da 10 milioni!"" a Romoos con il 56,9 per cento. NA"
1008,5.4,5.4,94.6,"Schüpfheim (LU)","Con il 94,6 per cento dei voti, l'Iniziativa ""No a una Svizzera da 10 milioni!"" viene respinta a Schüpfheim. NA"
1009,33.2,33.2,66.8,"Werthenstein (LU)","La popolazione di Werthenstein respinge l'Iniziativa ""No a una Svizzera da 10 milioni!"" con il 66,8 per cento. NA"
1010,49.2,49.2,50.8,"Escholzmatt-Marbach (LU)","Con il 50,8 per cento dei voti, l'Iniziativa ""No a una Svizzera da 10 milioni!"" viene respinta a Escholzmatt-Marbach. NA"
1021,34.8,34.8,65.2,"Aesch (LU)","Con il 65,2 per cento dei voti, l'Iniziativa ""No a una Svizzera da 10 milioni!"" viene respinta a Aesch LU. NA"
1023,83.6,83.6,16.4,"Ballwil (LU)","Sì all'Iniziativa ""No a una Svizzera da 10 milioni!"" a Ballwil: 83,6 per cento. NA"
1024,69,69,31,"Emmen (LU)","La popolazione di Emmen approva l'Iniziativa ""No a una Svizzera da 10 milioni!"" con il 69 per cento. NA"
1025,97.1,97.1,2.9,"Ermensee (LU)","A Ermensee, l'Iniziativa ""No a una Svizzera da 10 milioni!"" è stata approvata con il 97,1 per cento. NA"
1026,49.3,49.3,50.7,"Eschenbach (LU)","A Eschenbach LU l'Iniziativa ""No a una Svizzera da 10 milioni!"" non ottiene la maggioranza: 50,7 per cento di no. NA"
1030,62.1,62.1,37.9,"Hitzkirch (LU)","Sì all'Iniziativa ""No a una Svizzera da 10 milioni!"" a Hitzkirch, con il 62,1 per cento di voti favorevoli. NA"
1031,41.9,41.9,58.1,"Hochdorf (LU)","La popolazione di Hochdorf respinge l'Iniziativa ""No a una Svizzera da 10 milioni!"" con il 58,1 per cento. NA"
1032,66.5,66.5,33.5,"Hohenrain (LU)","Sì all'Iniziativa ""No a una Svizzera da 10 milioni!"" a Hohenrain: 66,5 per cento. NA"
1033,95.8,95.8,4.2,"Inwil (LU)","A Inwil, l'Iniziativa ""No a una Svizzera da 10 milioni!"" è approvata con il 95,8 per cento. NA"
1037,7.5,7.5,92.5,"Rain (LU)","A Rain, l'Iniziativa ""No a una Svizzera da 10 milioni!"" è stata respinta con il 92,5 per cento. NA"
1039,94.4,94.4,5.6,"Römerswil (LU)","A Römerswil, l'Iniziativa ""No a una Svizzera da 10 milioni!"" è stata approvata con il 94,4 per cento. NA"
1040,39.8,39.8,60.2,"Rothenburg (LU)","Con il 60,2 per cento dei voti, Rothenburg ha respinto l'Iniziativa ""No a una Svizzera da 10 milioni!"". NA"
1041,42.1,42.1,57.9,"Schongau (LU)","La popolazione di Schongau respinge l'Iniziativa ""No a una Svizzera da 10 milioni!"" con il 57,9 per cento. NA"
1051,50.3,50.3,49.7,"Adligenswil (LU)","La popolazione di Adligenswil approva l'Iniziativa ""No a una Svizzera da 10 milioni!"" con il 50,3 per cento. NA"
1052,7.4,7.4,92.6,"Buchrain (LU)","Con il 92,6 per cento dei voti, l'Iniziativa ""No a una Svizzera da 10 milioni!"" viene respinta a Buchrain. NA"
1053,10.8,10.8,89.2,"Dierikon (LU)","La popolazione di Dierikon respinge l'Iniziativa ""No a una Svizzera da 10 milioni!"" con il 89,2 per cento. NA"
1054,72.4,72.4,27.6,"Ebikon (LU)","Sì all'Iniziativa ""No a una Svizzera da 10 milioni!"" a Ebikon: 72,4 per cento. NA"
1055,44.9,44.9,55.1,"Gisikon (LU)","Con il 55,1 per cento dei voti, Gisikon ha respinto l'Iniziativa ""No a una Svizzera da 10 milioni!"". NA"
1056,52.8,52.8,47.2,"Greppen (LU)","La popolazione di Greppen approva l'Iniziativa ""No a una Svizzera da 10 milioni!"" con il 52,8 per cento. NA"
1058,65.2,65.2,34.8,"Horw (LU)","La popolazione di Horw approva l'Iniziativa ""No a una Svizzera da 10 milioni!"" con il 65,2 per cento. NA"
1059,64,64,36,"Kriens (LU)","A Kriens l'Iniziativa ""No a una Svizzera da 10 milioni!"" è stata approvata con il 64 per cento. NA"
1061,76.1,76.1,23.9,"Lucerna (LU)","Sì all'Iniziativa ""No a una Svizzera da 10 milioni!"" a Lucerna con il 76,1 per cento. NA"
1062,46.1,46.1,53.9,"Malters (LU)","La popolazione di Malters respinge l'Iniziativa ""No a una Svizzera da 10 milioni!"" con il 53,9 per cento. NA"
1063,20.4,20.4,79.6,"Meggen (LU)","La popolazione di Meggen respinge l'Iniziativa ""No a una Svizzera da 10 milioni!"" con il 79,6 per cento. NA"
1064,43.7,43.7,56.3,"Meierskappel (LU)","A Meierskappel l'Iniziativa ""No a una Svizzera da 10 milioni!"" è stata respinta con il 56,3 per cento. NA"
1065,44.1,44.1,55.9,"Root (LU)","La popolazione di Root respinge l'Iniziativa ""No a una Svizzera da 10 milioni!"" con il 55,9 per cento. NA"
1066,35.4,35.4,64.6,"Schwarzenberg (LU)","La popolazione di Schwarzenberg respinge l'Iniziativa ""No a una Svizzera da 10 milioni!"" con il 64,6 per cento. NA"
1067,75.9,75.9,24.1,"Udligenswil (LU)","Sì all'Iniziativa ""No a una Svizzera da 10 milioni!"" a Udligenswil, con il 75,9 per cento di voti favorevoli. NA"
1068,65.6,65.6,34.4,"Vitznau (LU)","A Vitznau, l'Iniziativa ""No a una Svizzera da 10 milioni!"" è approvata con il 65,6 per cento. NA"
1069,40.8,40.8,59.2,"Weggis (LU)","Con il 59,2 per cento dei voti, Weggis ha respinto l'Iniziativa ""No a una Svizzera da 10 milioni!"". NA"
1081,92.9,92.9,7.1,"Beromünster (LU)","Sì all'Iniziativa ""No a una Svizzera da 10 milioni!"" a Beromünster, con il 92,9 per cento di voti favorevoli. NA"
1082,40.5,40.5,59.5,"Büron (LU)","A Büron l'Iniziativa ""No a una Svizzera da 10 milioni!"" è stata respinta con il 59,5 per cento. NA"
1083,48.7,48.7,51.3,"Buttisholz (LU)","A Buttisholz, l'Iniziativa ""No a una Svizzera da 10 milioni!"" è stata respinta con il 51,3 per cento. NA"
1084,33.6,33.6,66.4,"Eich (LU)","A Eich, l'Iniziativa ""No a una Svizzera da 10 milioni!"" è stata respinta con il 66,4 per cento. NA"
1085,18.7,18.7,81.3,"Geuensee (LU)","A Geuensee l'Iniziativa ""No a una Svizzera da 10 milioni!"" è stata respinta con il 81,3 per cento. NA"
1086,39.4,39.4,60.6,"Grosswangen (LU)","Con il 60,6 per cento dei voti, Grosswangen ha respinto l'Iniziativa ""No a una Svizzera da 10 milioni!"". NA"
1088,67.4,67.4,32.6,"Hildisrieden (LU)","La popolazione di Hildisrieden approva l'Iniziativa ""No a una Svizzera da 10 milioni!"" con il 67,4 per cento. NA"
1089,45.8,45.8,54.2,"Knutwil (LU)","Con il 54,2 per cento dei voti, l'Iniziativa ""No a una Svizzera da 10 milioni!"" viene respinta a Knutwil. NA"
1091,88,88,12,"Mauensee (LU)","A Mauensee, l'Iniziativa ""No a una Svizzera da 10 milioni!"" è stata approvata con il 88 per cento. NA"
1093,50.9,50.9,49.1,"Neuenkirch (LU)","Sì all'Iniziativa ""No a una Svizzera da 10 milioni!"" a Neuenkirch, con il 50,9 per cento di voti favorevoli. NA"
1094,67.6,67.6,32.4,"Nottwil (LU)","A Nottwil l'Iniziativa ""No a una Svizzera da 10 milioni!"" è stata approvata con il 67,6 per cento. NA"
1095,90.6,90.6,9.4,"Oberkirch (LU)","Sì all'Iniziativa ""No a una Svizzera da 10 milioni!"" a Oberkirch: 90,6 per cento. NA"
1097,59.2,59.2,40.8,"Rickenbach (LU)","A Rickenbach LU l'Iniziativa ""No a una Svizzera da 10 milioni!"" è stata approvata con il 59,2 per cento. NA"
1098,23.4,23.4,76.6,"Ruswil (LU)","Con il 76,6 per cento dei voti, l'Iniziativa ""No a una Svizzera da 10 milioni!"" viene respinta a Ruswil. NA"
1099,25.2,25.2,74.8,"Schenkon (LU)","Con il 74,8 per cento dei voti, l'Iniziativa ""No a una Svizzera da 10 milioni!"" viene respinta a Schenkon. NA"
1100,66.2,66.2,33.8,"Schlierbach (LU)","A Schlierbach, l'Iniziativa ""No a una Svizzera da 10 milioni!"" è stata approvata con il 66,2 per cento. NA"
1102,34.9,34.9,65.1,"Sempach (LU)","La popolazione di Sempach respinge l'Iniziativa ""No a una Svizzera da 10 milioni!"" con il 65,1 per cento. NA"
1103,22.8,22.8,77.2,"Sursee (LU)","La popolazione di Sursee respinge l'Iniziativa ""No a una Svizzera da 10 milioni!"" con il 77,2 per cento. NA"
1104,40.6,40.6,59.4,"Triengen (LU)","Con il 59,4 per cento dei voti, Triengen ha respinto l'Iniziativa ""No a una Svizzera da 10 milioni!"". NA"
1107,23.6,23.6,76.4,"Wolhusen (LU)","Con il 76,4 per cento dei voti, l'Iniziativa ""No a una Svizzera da 10 milioni!"" viene respinta a Wolhusen. NA"
1121,84.2,84.2,15.8,"Alberswil (LU)","A Alberswil, l'Iniziativa ""No a una Svizzera da 10 milioni!"" è approvata con il 84,2 per cento. NA"
1122,51,51,49,"Altbüron (LU)","Sì all'Iniziativa ""No a una Svizzera da 10 milioni!"" a Altbüron, con il 51 per cento di voti favorevoli. NA"
1123,27.4,27.4,72.6,"Altishofen (LU)","Con il 72,6 per cento dei voti, l'Iniziativa ""No a una Svizzera da 10 milioni!"" viene respinta a Altishofen. NA"
1125,43.9,43.9,56.1,"Dagmersellen (LU)","Con il 56,1 per cento dei voti, Dagmersellen ha respinto l'Iniziativa ""No a una Svizzera da 10 milioni!"". NA"
1127,6.5,6.5,93.5,"Egolzwil (LU)","La popolazione di Egolzwil respinge l'Iniziativa ""No a una Svizzera da 10 milioni!"" con il 93,5 per cento. NA"
1128,53.5,53.5,46.5,"Ettiswil (LU)","La popolazione di Ettiswil approva l'Iniziativa ""No a una Svizzera da 10 milioni!"" con il 53,5 per cento. NA"
1129,55,55,45,"Fischbach (LU)","Sì all'Iniziativa ""No a una Svizzera da 10 milioni!"" a Fischbach: 55 per cento. NA"
1131,6.7,6.7,93.3,"Grossdietwil (LU)","La popolazione di Grossdietwil respinge l'Iniziativa ""No a una Svizzera da 10 milioni!"" con il 93,3 per cento. NA"
1132,63.4,63.4,36.6,"Hergiswil bei Willisau (LU)","La popolazione di Hergiswil bei Willisau approva l'Iniziativa ""No a una Svizzera da 10 milioni!"" con il 63,4 per cento. NA"
1135,57.5,57.5,42.5,"Luthern (LU)","La popolazione di Luthern approva l'Iniziativa ""No a una Svizzera da 10 milioni!"" con il 57,5 per cento. NA"
1136,21.7,21.7,78.3,"Menznau (LU)","A Menznau l'Iniziativa ""No a una Svizzera da 10 milioni!"" è stata respinta con il 78,3 per cento. NA"
1137,60.8,60.8,39.2,"Nebikon (LU)","A Nebikon, l'Iniziativa ""No a una Svizzera da 10 milioni!"" è approvata con il 60,8 per cento. NA"
1139,52,52,48,"Pfaffnau (LU)","A Pfaffnau, l'Iniziativa ""No a una Svizzera da 10 milioni!"" è approvata con il 52 per cento. NA"
1140,80.1,80.1,19.9,"Reiden (LU)","Sì all'Iniziativa ""No a una Svizzera da 10 milioni!"" a Reiden con il 80,1 per cento. NA"
1142,52.9,52.9,47.1,"Roggliswil (LU)","Sì all'Iniziativa ""No a una Svizzera da 10 milioni!"" a Roggliswil con il 52,9 per cento. NA"
1143,5.2,5.2,94.8,"Schötz (LU)","La popolazione di Schötz respinge l'Iniziativa ""No a una Svizzera da 10 milioni!"" con il 94,8 per cento. NA"
1145,44,44,56,"Ufhusen (LU)","La popolazione di Ufhusen respinge l'Iniziativa ""No a una Svizzera da 10 milioni!"" con il 56 per cento. NA"
1146,25.2,25.2,74.8,"Wauwil (LU)","Con il 74,8 per cento dei voti, Wauwil ha respinto l'Iniziativa ""No a una Svizzera da 10 milioni!"". NA"
1147,90.9,90.9,9.1,"Wikon (LU)","A Wikon l'Iniziativa ""No a una Svizzera da 10 milioni!"" è stata approvata con il 90,9 per cento. NA"
1150,86.7,86.7,13.3,"Zell (LU) (LU)","Sì all'Iniziativa ""No a una Svizzera da 10 milioni!"" a Zell LU: 86,7 per cento. NA"
1151,23.3,23.3,76.7,"Willisau (LU)","A Willisau l'Iniziativa ""No a una Svizzera da 10 milioni!"" è stata respinta con il 76,7 per cento. NA"
1201,73.4,73.4,26.6,"Altdorf (UR)","A Altdorf UR l'Iniziativa ""No a una Svizzera da 10 milioni!"" è stata approvata con il 73,4 per cento. NA"
1202,62.1,62.1,37.9,"Andermatt (UR)","A Andermatt, l'Iniziativa ""No a una Svizzera da 10 milioni!"" è stata approvata con il 62,1 per cento. NA"
1203,46.1,46.1,53.9,"Attinghausen (UR)","A Attinghausen l'Iniziativa ""No a una Svizzera da 10 milioni!"" non ottiene la maggioranza: 53,9 per cento di no. NA"
1205,61.3,61.3,38.7,"Bürglen (UR) (UR)","Sì all'Iniziativa ""No a una Svizzera da 10 milioni!"" a Bürglen UR con il 61,3 per cento. NA"
1206,59.2,59.2,40.8,"Erstfeld (UR)","A Erstfeld, l'Iniziativa ""No a una Svizzera da 10 milioni!"" è approvata con il 59,2 per cento. NA"
1207,18.7,18.7,81.3,"Flüelen (UR)","A Flüelen l'Iniziativa ""No a una Svizzera da 10 milioni!"" non ottiene la maggioranza: 81,3 per cento di no. NA"
1208,44.3,44.3,55.7,"Göschenen (UR)","Con il 55,7 per cento dei voti, Göschenen ha respinto l'Iniziativa ""No a una Svizzera da 10 milioni!"". NA"
1209,44.6,44.6,55.4,"Gurtnellen (UR)","Con il 55,4 per cento dei voti, l'Iniziativa ""No a una Svizzera da 10 milioni!"" viene respinta a Gurtnellen. NA"
1210,12.2,12.2,87.8,"Hospental (UR)","Con il 87,8 per cento dei voti, l'Iniziativa ""No a una Svizzera da 10 milioni!"" viene respinta a Hospental. NA"
1211,32.1,32.1,67.9,"Isenthal (UR)","Con il 67,9 per cento dei voti, Isenthal ha respinto l'Iniziativa ""No a una Svizzera da 10 milioni!"". NA"
1212,69.1,69.1,30.9,"Realp (UR)","Sì all'Iniziativa ""No a una Svizzera da 10 milioni!"" a Realp, con il 69,1 per cento di voti favorevoli. NA"
1213,69.5,69.5,30.5,"Schattdorf (UR)","Sì all'Iniziativa ""No a una Svizzera da 10 milioni!"" a Schattdorf, con il 69,5 per cento di voti favorevoli. NA"
1214,45.1,45.1,54.9,"Seedorf (UR)","La popolazione di Seedorf UR respinge l'Iniziativa ""No a una Svizzera da 10 milioni!"" con il 54,9 per cento. NA"
1215,49.2,49.2,50.8,"Seelisberg (UR)","A Seelisberg l'Iniziativa ""No a una Svizzera da 10 milioni!"" non ottiene la maggioranza: 50,8 per cento di no. NA"
1216,29,29,71,"Silenen (UR)","Con il 71 per cento dei voti, Silenen ha respinto l'Iniziativa ""No a una Svizzera da 10 milioni!"". NA"
1217,52,52,48,"Sisikon (UR)","A Sisikon l'Iniziativa ""No a una Svizzera da 10 milioni!"" è stata approvata con il 52 per cento. NA"
1218,21.6,21.6,78.4,"Spiringen (UR)","A Spiringen, l'Iniziativa ""No a una Svizzera da 10 milioni!"" è stata respinta con il 78,4 per cento. NA"
1219,50.8,50.8,49.2,"Unterschächen (UR)","A Unterschächen, l'Iniziativa ""No a una Svizzera da 10 milioni!"" è approvata con il 50,8 per cento. NA"
1220,76.6,76.6,23.4,"Wassen (UR)","Sì all'Iniziativa ""No a una Svizzera da 10 milioni!"" a Wassen con il 76,6 per cento. NA"
1301,59.1,59.1,40.9,"Einsiedeln (SZ)","A Einsiedeln l'Iniziativa ""No a una Svizzera da 10 milioni!"" è stata approvata con il 59,1 per cento. NA"
1311,29.4,29.4,70.6,"Gersau (SZ)","Con il 70,6 per cento dei voti, Gersau ha respinto l'Iniziativa ""No a una Svizzera da 10 milioni!"". NA"
1321,57.4,57.4,42.6,"Feusisberg (SZ)","Sì all'Iniziativa ""No a una Svizzera da 10 milioni!"" a Feusisberg con il 57,4 per cento. NA"
1322,59.5,59.5,40.5,"Freienbach (SZ)","Sì all'Iniziativa ""No a una Svizzera da 10 milioni!"" a Freienbach, con il 59,5 per cento di voti favorevoli. NA"
1323,55.2,55.2,44.8,"Wollerau (SZ)","La popolazione di Wollerau approva l'Iniziativa ""No a una Svizzera da 10 milioni!"" con il 55,2 per cento. NA"
1331,71.8,71.8,28.2,"Küssnacht (SZ)","Sì all'Iniziativa ""No a una Svizzera da 10 milioni!"" a Küssnacht SZ con il 71,8 per cento. NA"
1341,72.6,72.6,27.4,"Altendorf (SZ)","A Altendorf, l'Iniziativa ""No a una Svizzera da 10 milioni!"" è approvata con il 72,6 per cento. NA"
1342,78.3,78.3,21.7,"Galgenen (SZ)","Sì all'Iniziativa ""No a una Svizzera da 10 milioni!"" a Galgenen, con il 78,3 per cento di voti favorevoli. NA"
1343,77.3,77.3,22.7,"Innerthal (SZ)","Sì all'Iniziativa ""No a una Svizzera da 10 milioni!"" a Innerthal con il 77,3 per cento. NA"
1344,57.2,57.2,42.8,"Lachen (SZ)","Sì all'Iniziativa ""No a una Svizzera da 10 milioni!"" a Lachen, con il 57,2 per cento di voti favorevoli. NA"
1345,78.8,78.8,21.2,"Reichenburg (SZ)","A Reichenburg, l'Iniziativa ""No a una Svizzera da 10 milioni!"" è stata approvata con il 78,8 per cento. NA"
1346,12.8,12.8,87.2,"Schübelbach (SZ)","A Schübelbach l'Iniziativa ""No a una Svizzera da 10 milioni!"" è stata respinta con il 87,2 per cento. NA"
1347,49.9,49.9,50.1,"Tuggen (SZ)","A Tuggen l'Iniziativa ""No a una Svizzera da 10 milioni!"" è stata respinta con il 50,1 per cento. NA"
1348,84.6,84.6,15.4,"Vorderthal (SZ)","A Vorderthal l'Iniziativa ""No a una Svizzera da 10 milioni!"" è stata approvata con il 84,6 per cento. NA"
1349,22.4,22.4,77.6,"Wangen (SZ)","La popolazione di Wangen SZ respinge l'Iniziativa ""No a una Svizzera da 10 milioni!"" con il 77,6 per cento. NA"
1361,19.1,19.1,80.9,"Alpthal (SZ)","A Alpthal, l'Iniziativa ""No a una Svizzera da 10 milioni!"" è stata respinta con il 80,9 per cento. NA"
1362,45.5,45.5,54.5,"Arth (SZ)","Con il 54,5 per cento dei voti, l'Iniziativa ""No a una Svizzera da 10 milioni!"" viene respinta a Arth. NA"
1363,61.2,61.2,38.8,"Illgau (SZ)","A Illgau, l'Iniziativa ""No a una Svizzera da 10 milioni!"" è approvata con il 61,2 per cento. NA"
1364,48.6,48.6,51.4,"Ingenbohl (SZ)","La popolazione di Ingenbohl respinge l'Iniziativa ""No a una Svizzera da 10 milioni!"" con il 51,4 per cento. NA"
1365,45,45,55,"Lauerz (SZ)","A Lauerz, l'Iniziativa ""No a una Svizzera da 10 milioni!"" è stata respinta con il 55 per cento. NA"
1366,34.5,34.5,65.5,"Morschach (SZ)","La popolazione di Morschach respinge l'Iniziativa ""No a una Svizzera da 10 milioni!"" con il 65,5 per cento. NA"
1367,53.9,53.9,46.1,"Muotathal (SZ)","A Muotathal l'Iniziativa ""No a una Svizzera da 10 milioni!"" è stata approvata con il 53,9 per cento. NA"
1368,49.4,49.4,50.6,"Oberiberg (SZ)","A Oberiberg l'Iniziativa ""No a una Svizzera da 10 milioni!"" non ottiene la maggioranza: 50,6 per cento di no. NA"
1369,48.5,48.5,51.5,"Riemenstalden (SZ)","La popolazione di Riemenstalden respinge l'Iniziativa ""No a una Svizzera da 10 milioni!"" con il 51,5 per cento. NA"
1370,30.4,30.4,69.6,"Rothenthurm (SZ)","Con il 69,6 per cento dei voti, Rothenthurm ha respinto l'Iniziativa ""No a una Svizzera da 10 milioni!"". NA"
1371,80.1,80.1,19.9,"Sattel (SZ)","Sì all'Iniziativa ""No a una Svizzera da 10 milioni!"" a Sattel con il 80,1 per cento. NA"
1372,55.1,55.1,44.9,"Svitto (SZ)","A Svitto l'Iniziativa ""No a una Svizzera da 10 milioni!"" è stata approvata con il 55,1 per cento. NA"
1373,24.5,24.5,75.5,"Steinen (SZ)","Con il 75,5 per cento dei voti, l'Iniziativa ""No a una Svizzera da 10 milioni!"" viene respinta a Steinen. NA"
1374,97,97,3,"Steinerberg (SZ)","La popolazione di Steinerberg approva l'Iniziativa ""No a una Svizzera da 10 milioni!"" con il 97 per cento. NA"
1375,28.8,28.8,71.2,"Unteriberg (SZ)","A Unteriberg, l'Iniziativa ""No a una Svizzera da 10 milioni!"" è stata respinta con il 71,2 per cento. NA"
1401,27.1,27.1,72.9,"Alpnach (OW)","Con il 72,9 per cento dei voti, l'Iniziativa ""No a una Svizzera da 10 milioni!"" viene respinta a Alpnach. NA"
1402,61.9,61.9,38.1,"Engelberg (OW)","A Engelberg, l'Iniziativa ""No a una Svizzera da 10 milioni!"" è stata approvata con il 61,9 per cento. NA"
1403,31.2,31.2,68.8,"Giswil (OW)","La popolazione di Giswil respinge l'Iniziativa ""No a una Svizzera da 10 milioni!"" con il 68,8 per cento. NA"
1404,44.9,44.9,55.1,"Kerns (OW)","A Kerns l'Iniziativa ""No a una Svizzera da 10 milioni!"" è stata respinta con il 55,1 per cento. NA"
1405,57.6,57.6,42.4,"Lungern (OW)","La popolazione di Lungern approva l'Iniziativa ""No a una Svizzera da 10 milioni!"" con il 57,6 per cento. NA"
1406,63.2,63.2,36.8,"Sachseln (OW)","Sì all'Iniziativa ""No a una Svizzera da 10 milioni!"" a Sachseln: 63,2 per cento. NA"
1407,32,32,68,"Sarnen (OW)","A Sarnen, l'Iniziativa ""No a una Svizzera da 10 milioni!"" è stata respinta con il 68 per cento. NA"
1501,36.9,36.9,63.1,"Beckenried (NW)","A Beckenried, l'Iniziativa ""No a una Svizzera da 10 milioni!"" è stata respinta con il 63,1 per cento. NA"
1502,93.4,93.4,6.6,"Buochs (NW)","A Buochs l'Iniziativa ""No a una Svizzera da 10 milioni!"" è stata approvata con il 93,4 per cento. NA"
1503,98.7,98.7,1.3,"Dallenwil (NW)","Sì all'Iniziativa ""No a una Svizzera da 10 milioni!"" a Dallenwil, con il 98,7 per cento di voti favorevoli. NA"
1504,12.7,12.7,87.3,"Emmetten (NW)","A Emmetten, l'Iniziativa ""No a una Svizzera da 10 milioni!"" è stata respinta con il 87,3 per cento. NA"
1505,74,74,26,"Ennetbürgen (NW)","A Ennetbürgen, l'Iniziativa ""No a una Svizzera da 10 milioni!"" è approvata con il 74 per cento. NA"
1506,91,91,9,"Ennetmoos (NW)","A Ennetmoos, l'Iniziativa ""No a una Svizzera da 10 milioni!"" è approvata con il 91 per cento. NA"
1507,79.9,79.9,20.1,"Hergiswil (NW)","Sì all'Iniziativa ""No a una Svizzera da 10 milioni!"" a Hergiswil NW, con il 79,9 per cento di voti favorevoli. NA"
1508,58.4,58.4,41.6,"Oberdorf (NW)","La popolazione di Oberdorf NW approva l'Iniziativa ""No a una Svizzera da 10 milioni!"" con il 58,4 per cento. NA"
1509,79.1,79.1,20.9,"Stans (NW)","A Stans, l'Iniziativa ""No a una Svizzera da 10 milioni!"" è approvata con il 79,1 per cento. NA"
1510,69.7,69.7,30.3,"Stansstad (NW)","La popolazione di Stansstad approva l'Iniziativa ""No a una Svizzera da 10 milioni!"" con il 69,7 per cento. NA"
1511,73.7,73.7,26.3,"Wolfenschiessen (NW)","A Wolfenschiessen, l'Iniziativa ""No a una Svizzera da 10 milioni!"" è stata approvata con il 73,7 per cento. NA"
1630,83.3,83.3,16.7,"Glarus Nord (GL)","La popolazione di Glarus Nord approva l'Iniziativa ""No a una Svizzera da 10 milioni!"" con il 83,3 per cento. NA"
1631,44.5,44.5,55.5,"Glarus Süd (GL)","A Glarus Süd l'Iniziativa ""No a una Svizzera da 10 milioni!"" non ottiene la maggioranza: 55,5 per cento di no. NA"
1632,65.1,65.1,34.9,"Glarona (GL)","Sì all'Iniziativa ""No a una Svizzera da 10 milioni!"" a Glarona: 65,1 per cento. NA"
1701,43.6,43.6,56.4,"Baar (ZG)","A Baar l'Iniziativa ""No a una Svizzera da 10 milioni!"" è stata respinta con il 56,4 per cento. NA"
1702,83.1,83.1,16.9,"Cham (ZG)","A Cham, l'Iniziativa ""No a una Svizzera da 10 milioni!"" è stata approvata con il 83,1 per cento. NA"
1703,32.1,32.1,67.9,"Hünenberg (ZG)","A Hünenberg l'Iniziativa ""No a una Svizzera da 10 milioni!"" non ottiene la maggioranza: 67,9 per cento di no. NA"
1704,61.5,61.5,38.5,"Menzingen (ZG)","La popolazione di Menzingen approva l'Iniziativa ""No a una Svizzera da 10 milioni!"" con il 61,5 per cento. NA"
1705,9.8,9.8,90.2,"Neuheim (ZG)","Con il 90,2 per cento dei voti, l'Iniziativa ""No a una Svizzera da 10 milioni!"" viene respinta a Neuheim. NA"
1706,76.9,76.9,23.1,"Oberägeri (ZG)","A Oberägeri, l'Iniziativa ""No a una Svizzera da 10 milioni!"" è stata approvata con il 76,9 per cento. NA"
1707,38.3,38.3,61.7,"Risch (ZG)","Con il 61,7 per cento dei voti, Risch ha respinto l'Iniziativa ""No a una Svizzera da 10 milioni!"". NA"
1708,40.9,40.9,59.1,"Steinhausen (ZG)","La popolazione di Steinhausen respinge l'Iniziativa ""No a una Svizzera da 10 milioni!"" con il 59,1 per cento. NA"
1709,16.8,16.8,83.2,"Unterägeri (ZG)","A Unterägeri, l'Iniziativa ""No a una Svizzera da 10 milioni!"" è stata respinta con il 83,2 per cento. NA"
1710,77.2,77.2,22.8,"Walchwil (ZG)","A Walchwil, l'Iniziativa ""No a una Svizzera da 10 milioni!"" è stata approvata con il 77,2 per cento. NA"
1711,75.1,75.1,24.9,"Zugo (ZG)","Sì all'Iniziativa ""No a una Svizzera da 10 milioni!"" a Zugo: 75,1 per cento. NA"
2008,11.8,11.8,88.2,"Châtillon (FR)","Con il 88,2 per cento dei voti, l'Iniziativa ""No a una Svizzera da 10 milioni!"" viene respinta a Châtillon FR. NA"
2011,95,95,5,"Cugy (FR)","La popolazione di Cugy FR approva l'Iniziativa ""No a una Svizzera da 10 milioni!"" con il 95 per cento. NA"
2022,47.4,47.4,52.6,"Gletterens (FR)","La popolazione di Gletterens respinge l'Iniziativa ""No a una Svizzera da 10 milioni!"" con il 52,6 per cento. NA"
2025,61.6,61.6,38.4,"Lully (FR)","La popolazione di Lully FR approva l'Iniziativa ""No a una Svizzera da 10 milioni!"" con il 61,6 per cento. NA"
2029,18.1,18.1,81.9,"Montagny (FR)","A Montagny FR, l'Iniziativa ""No a una Svizzera da 10 milioni!"" è stata respinta con il 81,9 per cento. NA"
2035,76.7,76.7,23.3,"Nuvilly (FR)","A Nuvilly, l'Iniziativa ""No a una Svizzera da 10 milioni!"" è approvata con il 76,7 per cento. NA"
2038,23.5,23.5,76.5,"Prévondavaux (FR)","A Prévondavaux, l'Iniziativa ""No a una Svizzera da 10 milioni!"" è stata respinta con il 76,5 per cento."
2041,25.9,25.9,74.1,"Saint-Aubin (FR)","La popolazione di Saint-Aubin FR respinge l'Iniziativa ""No a una Svizzera da 10 milioni!"" con il 74,1 per cento. NA"
2043,20.6,20.6,79.4,"Sévaz (FR)","Con il 79,4 per cento dei voti, l'Iniziativa ""No a una Svizzera da 10 milioni!"" viene respinta a Sévaz. NA"
2044,70,70,30,"Surpierre (FR)","A Surpierre l'Iniziativa ""No a una Svizzera da 10 milioni!"" è stata approvata con il 70 per cento. NA"
2045,72.6,72.6,27.4,"Vallon (FR)","Sì all'Iniziativa ""No a una Svizzera da 10 milioni!"" a Vallon, con il 72,6 per cento di voti favorevoli. NA"
2050,61.1,61.1,38.9,"Les Montets (FR)","A Les Montets l'Iniziativa ""No a una Svizzera da 10 milioni!"" è stata approvata con il 61,1 per cento. NA"
2051,52.4,52.4,47.6,"Delley-Portalban (FR)","A Delley-Portalban, l'Iniziativa ""No a una Svizzera da 10 milioni!"" è stata approvata con il 52,4 per cento. NA"
2053,21.8,21.8,78.2,"Belmont-Broye (FR)","A Belmont-Broye l'Iniziativa ""No a una Svizzera da 10 milioni!"" è stata respinta con il 78,2 per cento. NA"
2054,46,46,54,"Estavayer (FR)","La popolazione di Estavayer respinge l'Iniziativa ""No a una Svizzera da 10 milioni!"" con il 54 per cento. NA"
2055,43.6,43.6,56.4,"Cheyres-Châbles (FR)","Con il 56,4 per cento dei voti, Cheyres-Châbles ha respinto l'Iniziativa ""No a una Svizzera da 10 milioni!"". NA"
2056,75.9,75.9,24.1,"Fétigny-Ménières (FR)","Sì all'Iniziativa ""No a una Svizzera da 10 milioni!"" a Fétigny-Ménières: 75,9 per cento. NA"
2063,52.2,52.2,47.8,"Billens-Hennens (FR)","A Billens-Hennens, l'Iniziativa ""No a una Svizzera da 10 milioni!"" è approvata con il 52,2 per cento. NA"
2067,46.9,46.9,53.1,"Le Châtelard (FR)","Con il 53,1 per cento dei voti, l'Iniziativa ""No a una Svizzera da 10 milioni!"" viene respinta a Le Châtelard. NA"
2068,63.9,63.9,36.1,"Châtonnaye (FR)","A Châtonnaye l'Iniziativa ""No a una Svizzera da 10 milioni!"" è stata approvata con il 63,9 per cento. NA"
2079,74.4,74.4,25.6,"Grangettes (FR)","La popolazione di Grangettes approva l'Iniziativa ""No a una Svizzera da 10 milioni!"" con il 74,4 per cento. NA"
2086,63.2,63.2,36.8,"Massonnens (FR)","La popolazione di Massonnens approva l'Iniziativa ""No a una Svizzera da 10 milioni!"" con il 63,2 per cento. NA"
2087,79,79,21,"Mézières (FR)","A Mézières FR l'Iniziativa ""No a una Svizzera da 10 milioni!"" è stata approvata con il 79 per cento. NA"
2096,54.9,54.9,45.1,"Romont (FR)","Sì all'Iniziativa ""No a una Svizzera da 10 milioni!"" a Romont FR con il 54,9 per cento. NA"
2097,69.6,69.6,30.4,"Rue (FR)","La popolazione di Rue approva l'Iniziativa ""No a una Svizzera da 10 milioni!"" con il 69,6 per cento. NA"
2099,15.2,15.2,84.8,"Siviriez (FR)","Con il 84,8 per cento dei voti, l'Iniziativa ""No a una Svizzera da 10 milioni!"" viene respinta a Siviriez. NA"
2102,27.3,27.3,72.7,"Ursy (FR)","La popolazione di Ursy respinge l'Iniziativa ""No a una Svizzera da 10 milioni!"" con il 72,7 per cento. NA"
2113,52,52,48,"Vuisternens-devant-Romont (FR)","La popolazione di Vuisternens-devant-Romont approva l'Iniziativa ""No a una Svizzera da 10 milioni!"" con il 52 per cento. NA"
2114,57.8,57.8,42.2,"Villorsonnens (FR)","La popolazione di Villorsonnens approva l'Iniziativa ""No a una Svizzera da 10 milioni!"" con il 57,8 per cento. NA"
2115,33.5,33.5,66.5,"Torny (FR)","La popolazione di Torny respinge l'Iniziativa ""No a una Svizzera da 10 milioni!"" con il 66,5 per cento. NA"
2117,33.1,33.1,66.9,"Villaz (FR)","A Villaz l'Iniziativa ""No a una Svizzera da 10 milioni!"" è stata respinta con il 66,9 per cento. NA"
2121,50.1,50.1,49.9,"Haut-Intyamon (FR)","A Haut-Intyamon, l'Iniziativa ""No a una Svizzera da 10 milioni!"" è approvata con il 50,1 per cento. NA"
2122,14.3,14.3,85.7,"Pont-en-Ogoz (FR)","La popolazione di Pont-en-Ogoz respinge l'Iniziativa ""No a una Svizzera da 10 milioni!"" con il 85,7 per cento. NA"
2123,50.4,50.4,49.6,"Botterens (FR)","A Botterens, l'Iniziativa ""No a una Svizzera da 10 milioni!"" è approvata con il 50,4 per cento. NA"
2124,33,33,67,"Broc (FR)","La popolazione di Broc respinge l'Iniziativa ""No a una Svizzera da 10 milioni!"" con il 67 per cento. NA"
2125,38,38,62,"Bulle (FR)","A Bulle l'Iniziativa ""No a una Svizzera da 10 milioni!"" è stata respinta con il 62 per cento. NA"
2128,86.2,86.2,13.8,"Châtel-sur-Montsalvens (FR)","A Châtel-sur-Montsalvens l'Iniziativa ""No a una Svizzera da 10 milioni!"" è stata approvata con il 86,2 per cento. NA"
2129,16.9,16.9,83.1,"Corbières (FR)","Con il 83,1 per cento dei voti, l'Iniziativa ""No a una Svizzera da 10 milioni!"" viene respinta a Corbières. NA"
2130,11.5,11.5,88.5,"Crésuz (FR)","La popolazione di Crésuz respinge l'Iniziativa ""No a una Svizzera da 10 milioni!"" con il 88,5 per cento. NA"
2131,40.7,40.7,59.3,"Echarlens (FR)","A Echarlens l'Iniziativa ""No a una Svizzera da 10 milioni!"" non ottiene la maggioranza: 59,3 per cento di no. NA"
2134,33.1,33.1,66.9,"Grandvillard (FR)","Con il 66,9 per cento dei voti, l'Iniziativa ""No a una Svizzera da 10 milioni!"" viene respinta a Grandvillard. NA"
2135,87.6,87.6,12.4,"Gruyères (FR)","A Gruyères l'Iniziativa ""No a una Svizzera da 10 milioni!"" è stata approvata con il 87,6 per cento. NA"
2137,45.8,45.8,54.2,"Hauteville (FR)","La popolazione di Hauteville respinge l'Iniziativa ""No a una Svizzera da 10 milioni!"" con il 54,2 per cento. NA"
2138,26.5,26.5,73.5,"Bellegarde (FR)","A Bellegarde l'Iniziativa ""No a una Svizzera da 10 milioni!"" non ottiene la maggioranza: 73,5 per cento di no. NA"
2140,49.3,49.3,50.7,"Marsens (FR)","Con il 50,7 per cento dei voti, l'Iniziativa ""No a una Svizzera da 10 milioni!"" viene respinta a Marsens. NA"
2143,62.8,62.8,37.2,"Morlon (FR)","A Morlon, l'Iniziativa ""No a una Svizzera da 10 milioni!"" è stata approvata con il 62,8 per cento. NA"
2145,22.6,22.6,77.4,"Le Pâquier (FR)","La popolazione di Le Pâquier FR respinge l'Iniziativa ""No a una Svizzera da 10 milioni!"" con il 77,4 per cento. NA"
2147,18.3,18.3,81.7,"Pont-la-Ville (FR)","A Pont-la-Ville, l'Iniziativa ""No a una Svizzera da 10 milioni!"" è stata respinta con il 81,7 per cento. NA"
2148,43.2,43.2,56.8,"Riaz (FR)","Con il 56,8 per cento dei voti, l'Iniziativa ""No a una Svizzera da 10 milioni!"" viene respinta a Riaz. NA"
2149,0.7,0.7,99.3,"La Roche (FR)","Con il 99,3 per cento dei voti, La Roche ha respinto l'Iniziativa ""No a una Svizzera da 10 milioni!"". NA"
2152,12.8,12.8,87.2,"Sâles (FR)","A Sâles l'Iniziativa ""No a una Svizzera da 10 milioni!"" non ottiene la maggioranza: 87,2 per cento di no. NA"
2153,39.8,39.8,60.2,"Sorens (FR)","A Sorens l'Iniziativa ""No a una Svizzera da 10 milioni!"" è stata respinta con il 60,2 per cento. NA"
2155,58.8,58.8,41.2,"Vaulruz (FR)","Sì all'Iniziativa ""No a una Svizzera da 10 milioni!"" a Vaulruz, con il 58,8 per cento di voti favorevoli. NA"
2160,20.4,20.4,79.6,"Vuadens (FR)","A Vuadens l'Iniziativa ""No a una Svizzera da 10 milioni!"" non ottiene la maggioranza: 79,6 per cento di no. NA"
2162,50.3,50.3,49.7,"Bas-Intyamon (FR)","A Bas-Intyamon l'Iniziativa ""No a una Svizzera da 10 milioni!"" è stata approvata con il 50,3 per cento. NA"
2163,24.9,24.9,75.1,"Val-de-Charmey (FR)","La popolazione di Val-de-Charmey respinge l'Iniziativa ""No a una Svizzera da 10 milioni!"" con il 75,1 per cento. NA"
2173,30.6,30.6,69.4,"Autigny (FR)","A Autigny l'Iniziativa ""No a una Svizzera da 10 milioni!"" non ottiene la maggioranza: 69,4 per cento di no. NA"
2174,29.2,29.2,70.8,"Avry (FR)","Con il 70,8 per cento dei voti, Avry ha respinto l'Iniziativa ""No a una Svizzera da 10 milioni!"". NA"
2175,60.9,60.9,39.1,"Belfaux (FR)","A Belfaux, l'Iniziativa ""No a una Svizzera da 10 milioni!"" è approvata con il 60,9 per cento. NA"
2177,53.4,53.4,46.6,"Chénens (FR)","Sì all'Iniziativa ""No a una Svizzera da 10 milioni!"" a Chénens: 53,4 per cento. NA"
2183,12.6,12.6,87.4,"Corminboeuf (FR)","La popolazione di Corminboeuf respinge l'Iniziativa ""No a una Svizzera da 10 milioni!"" con il 87,4 per cento. NA"
2186,85.7,85.7,14.3,"Cottens (FR)","Sì all'Iniziativa ""No a una Svizzera da 10 milioni!"" a Cottens FR, con il 85,7 per cento di voti favorevoli. NA"
2194,0.6,0.6,99.4,"Ferpicloz (FR)","Con il 99,4 per cento dei voti, l'Iniziativa ""No a una Svizzera da 10 milioni!"" viene respinta a Ferpicloz. NA"
2196,15.7,15.7,84.3,"Friburgo (FR)","La popolazione di Friburgo respinge l'Iniziativa ""No a una Svizzera da 10 milioni!"" con il 84,3 per cento. NA"
2197,80.9,80.9,19.1,"Givisiez (FR)","Sì all'Iniziativa ""No a una Svizzera da 10 milioni!"" a Givisiez: 80,9 per cento. NA"
2198,56.7,56.7,43.3,"Granges-Paccot (FR)","Sì all'Iniziativa ""No a una Svizzera da 10 milioni!"" a Granges-Paccot con il 56,7 per cento. NA"
2206,75.9,75.9,24.1,"Marly (FR)","Sì all'Iniziativa ""No a una Svizzera da 10 milioni!"" a Marly con il 75,9 per cento. NA"
2208,41.2,41.2,58.8,"Matran (FR)","A Matran, l'Iniziativa ""No a una Svizzera da 10 milioni!"" è stata respinta con il 58,8 per cento. NA"
2211,69.2,69.2,30.8,"Neyruz (FR)","La popolazione di Neyruz FR approva l'Iniziativa ""No a una Svizzera da 10 milioni!"" con il 69,2 per cento. NA"
2216,31.1,31.1,68.9,"Pierrafortscha (FR)","La popolazione di Pierrafortscha respinge l'Iniziativa ""No a una Svizzera da 10 milioni!"" con il 68,9 per cento. NA"
2220,27.8,27.8,72.2,"Le Mouret (FR)","La popolazione di Le Mouret respinge l'Iniziativa ""No a una Svizzera da 10 milioni!"" con il 72,2 per cento. NA"
2226,35.5,35.5,64.5,"Treyvaux (FR)","La popolazione di Treyvaux respinge l'Iniziativa ""No a una Svizzera da 10 milioni!"" con il 64,5 per cento. NA"
2228,52.4,52.4,47.6,"Villars-sur-Glâne (FR)","Sì all'Iniziativa ""No a una Svizzera da 10 milioni!"" a Villars-sur-Glâne con il 52,4 per cento. NA"
2230,41.7,41.7,58.3,"Villarsel-sur-Marly (FR)","Con il 58,3 per cento dei voti, Villarsel-sur-Marly ha respinto l'Iniziativa ""No a una Svizzera da 10 milioni!"". NA"
2233,71.9,71.9,28.1,"Hauterive (FR)","Sì all'Iniziativa ""No a una Svizzera da 10 milioni!"" a Hauterive FR, con il 71,9 per cento di voti favorevoli. NA"
2234,72.9,72.9,27.1,"La Brillaz (FR)","Sì all'Iniziativa ""No a una Svizzera da 10 milioni!"" a La Brillaz, con il 72,9 per cento di voti favorevoli. NA"
2235,74.4,74.4,25.6,"La Sonnaz (FR)","A La Sonnaz, l'Iniziativa ""No a una Svizzera da 10 milioni!"" è approvata con il 74,4 per cento. NA"
2236,4.9,4.9,95.1,"Gibloux (FR)","Con il 95,1 per cento dei voti, l'Iniziativa ""No a una Svizzera da 10 milioni!"" viene respinta a Gibloux. NA"
2237,34.8,34.8,65.2,"Prez (FR)","Con il 65,2 per cento dei voti, Prez ha respinto l'Iniziativa ""No a una Svizzera da 10 milioni!"". NA"
2238,9,9,91,"Bois-d'Amont (((FR)))","La popolazione di Bois-d'Amont respinge l'Iniziativa ""No a una Svizzera da 10 milioni!"" con il 91 per cento. NA"
2239,24.5,24.5,75.5,"Grolley-Ponthaux (FR)","Con il 75,5 per cento dei voti, Grolley-Ponthaux ha respinto l'Iniziativa ""No a una Svizzera da 10 milioni!"". NA"
2250,28.7,28.7,71.3,"Courgevaux (FR)","A Courgevaux l'Iniziativa ""No a una Svizzera da 10 milioni!"" è stata respinta con il 71,3 per cento. NA"
2254,41.8,41.8,58.2,"Courtepin (FR)","Con il 58,2 per cento dei voti, Courtepin ha respinto l'Iniziativa ""No a una Svizzera da 10 milioni!"". NA"
2257,47.2,47.2,52.8,"Cressier (FR)","La popolazione di Cressier FR respinge l'Iniziativa ""No a una Svizzera da 10 milioni!"" con il 52,8 per cento. NA"
2258,96.4,96.4,3.6,"Fräschels (FR)","A Fräschels, l'Iniziativa ""No a una Svizzera da 10 milioni!"" è approvata con il 96,4 per cento. NA"
2261,64.7,64.7,35.3,"Greng (FR)","Sì all'Iniziativa ""No a una Svizzera da 10 milioni!"" a Greng: 64,7 per cento. NA"
2262,73.9,73.9,26.1,"Cormondes (FR)","A Cormondes l'Iniziativa ""No a una Svizzera da 10 milioni!"" è stata approvata con il 73,9 per cento. NA"
2265,70,70,30,"Chiètres (FR)","A Chiètres, l'Iniziativa ""No a una Svizzera da 10 milioni!"" è approvata con il 70 per cento. NA"
2266,11.9,11.9,88.1,"Kleinbösingen (FR)","A Kleinbösingen, l'Iniziativa ""No a una Svizzera da 10 milioni!"" è stata respinta con il 88,1 per cento. NA"
2271,49.7,49.7,50.3,"Meyriez (FR)","La popolazione di Meyriez respinge l'Iniziativa ""No a una Svizzera da 10 milioni!"" con il 50,3 per cento. NA"
2272,72.4,72.4,27.6,"Misery-Courtion (FR)","Sì all'Iniziativa ""No a una Svizzera da 10 milioni!"" a Misery-Courtion con il 72,4 per cento. NA"
2274,18.6,18.6,81.4,"Montilier (FR)","Con il 81,4 per cento dei voti, Montilier ha respinto l'Iniziativa ""No a una Svizzera da 10 milioni!"". NA"
2275,62.1,62.1,37.9,"Morat (FR)","A Morat, l'Iniziativa ""No a una Svizzera da 10 milioni!"" è approvata con il 62,1 per cento. NA"
2276,49.5,49.5,50.5,"Ried bei Kerzers (FR)","A Ried bei Kerzers, l'Iniziativa ""No a una Svizzera da 10 milioni!"" è stata respinta con il 50,5 per cento. NA"
2284,83.4,83.4,16.6,"Mont-Vully (FR)","Sì all'Iniziativa ""No a una Svizzera da 10 milioni!"" a Mont-Vully con il 83,4 per cento. NA"
2292,42.2,42.2,57.8,"Brünisried (FR)","A Brünisried, l'Iniziativa ""No a una Svizzera da 10 milioni!"" è stata respinta con il 57,8 per cento. NA"
2293,6.3,6.3,93.7,"Guin (FR)","Con il 93,7 per cento dei voti, l'Iniziativa ""No a una Svizzera da 10 milioni!"" viene respinta a Guin. NA"
2294,66.5,66.5,33.5,"Chevrilles (FR)","A Chevrilles l'Iniziativa ""No a una Svizzera da 10 milioni!"" è stata approvata con il 66,5 per cento. NA"
2295,95.9,95.9,4.1,"Bösingen (FR)","A Bösingen, l'Iniziativa ""No a una Svizzera da 10 milioni!"" è stata approvata con il 95,9 per cento. NA"
2296,10.4,10.4,89.6,"Heitenried (FR)","A Heitenried l'Iniziativa ""No a una Svizzera da 10 milioni!"" non ottiene la maggioranza: 89,6 per cento di no. NA"
2299,6,6,94,"Planfayon (FR)","Con il 94 per cento dei voti, Planfayon ha respinto l'Iniziativa ""No a una Svizzera da 10 milioni!"". NA"
2300,56.8,56.8,43.2,"Plasselb (FR)","Sì all'Iniziativa ""No a una Svizzera da 10 milioni!"" a Plasselb, con il 56,8 per cento di voti favorevoli. NA"
2301,49.7,49.7,50.3,"Dirlaret (FR)","Con il 50,3 per cento dei voti, Dirlaret ha respinto l'Iniziativa ""No a una Svizzera da 10 milioni!"". NA"
2303,69.2,69.2,30.8,"Saint-Silvestre (FR)","A Saint-Silvestre, l'Iniziativa ""No a una Svizzera da 10 milioni!"" è approvata con il 69,2 per cento. NA"
2304,34.4,34.4,65.6,"Saint-Ours (FR)","Con il 65,6 per cento dei voti, l'Iniziativa ""No a una Svizzera da 10 milioni!"" viene respinta a Saint-Ours. NA"
2305,15.8,15.8,84.2,"Schmitten (FR)","La popolazione di Schmitten FR respinge l'Iniziativa ""No a una Svizzera da 10 milioni!"" con il 84,2 per cento. NA"
2306,27.6,27.6,72.4,"Tavel (FR)","Con il 72,4 per cento dei voti, Tavel ha respinto l'Iniziativa ""No a una Svizzera da 10 milioni!"". NA"
2307,89.3,89.3,10.7,"Tinterin (FR)","Sì all'Iniziativa ""No a una Svizzera da 10 milioni!"" a Tinterin, con il 89,3 per cento di voti favorevoli. NA"
2308,40.8,40.8,59.2,"Ueberstorf (FR)","A Ueberstorf l'Iniziativa ""No a una Svizzera da 10 milioni!"" non ottiene la maggioranza: 59,2 per cento di no. NA"
2309,77.4,77.4,22.6,"Wünnewil-Flamatt (FR)","Sì all'Iniziativa ""No a una Svizzera da 10 milioni!"" a Wünnewil-Flamatt: 77,4 per cento. NA"
2321,34.4,34.4,65.6,"Attalens (FR)","Con il 65,6 per cento dei voti, l'Iniziativa ""No a una Svizzera da 10 milioni!"" viene respinta a Attalens. NA"
2323,37.4,37.4,62.6,"Bossonnens (FR)","A Bossonnens l'Iniziativa ""No a una Svizzera da 10 milioni!"" è stata respinta con il 62,6 per cento. NA"
2325,73.8,73.8,26.2,"Châtel-Saint-Denis (FR)","Sì all'Iniziativa ""No a una Svizzera da 10 milioni!"" a Châtel-Saint-Denis: 73,8 per cento. NA"
2328,27.5,27.5,72.5,"Granges (Veveyse) (FR)","A Granges (Veveyse) l'Iniziativa ""No a una Svizzera da 10 milioni!"" non ottiene la maggioranza: 72,5 per cento di no. NA"
2333,62.2,62.2,37.8,"Remaufens (FR)","A Remaufens l'Iniziativa ""No a una Svizzera da 10 milioni!"" è stata approvata con il 62,2 per cento. NA"
2335,17.4,17.4,82.6,"Saint-Martin (FR)","Con il 82,6 per cento dei voti, l'Iniziativa ""No a una Svizzera da 10 milioni!"" viene respinta a Saint-Martin FR. NA"
2336,51.7,51.7,48.3,"Semsales (FR)","La popolazione di Semsales approva l'Iniziativa ""No a una Svizzera da 10 milioni!"" con il 51,7 per cento. NA"
2337,59.3,59.3,40.7,"Le Flon (FR)","A Le Flon, l'Iniziativa ""No a una Svizzera da 10 milioni!"" è stata approvata con il 59,3 per cento. NA"
2338,82.4,82.4,17.6,"La Verrerie (FR)","Sì all'Iniziativa ""No a una Svizzera da 10 milioni!"" a La Verrerie, con il 82,4 per cento di voti favorevoli. NA"
2401,96.5,96.5,3.5,"Egerkingen (SO)","A Egerkingen, l'Iniziativa ""No a una Svizzera da 10 milioni!"" è approvata con il 96,5 per cento. NA"
2402,21.8,21.8,78.2,"Härkingen (SO)","A Härkingen l'Iniziativa ""No a una Svizzera da 10 milioni!"" non ottiene la maggioranza: 78,2 per cento di no. NA"
2403,68.1,68.1,31.9,"Kestenholz (SO)","La popolazione di Kestenholz approva l'Iniziativa ""No a una Svizzera da 10 milioni!"" con il 68,1 per cento. NA"
2404,88,88,12,"Neuendorf (SO)","A Neuendorf, l'Iniziativa ""No a una Svizzera da 10 milioni!"" è stata approvata con il 88 per cento. NA"
2405,37,37,63,"Niederbuchsiten (SO)","Con il 63 per cento dei voti, Niederbuchsiten ha respinto l'Iniziativa ""No a una Svizzera da 10 milioni!"". NA"
2406,22.2,22.2,77.8,"Oberbuchsiten (SO)","Con il 77,8 per cento dei voti, Oberbuchsiten ha respinto l'Iniziativa ""No a una Svizzera da 10 milioni!"". NA"
2407,36.6,36.6,63.4,"Oensingen (SO)","La popolazione di Oensingen respinge l'Iniziativa ""No a una Svizzera da 10 milioni!"" con il 63,4 per cento. NA"
2408,10.7,10.7,89.3,"Wolfwil (SO)","A Wolfwil, l'Iniziativa ""No a una Svizzera da 10 milioni!"" è stata respinta con il 89,3 per cento. NA"
2421,62.1,62.1,37.9,"Aedermannsdorf (SO)","A Aedermannsdorf, l'Iniziativa ""No a una Svizzera da 10 milioni!"" è stata approvata con il 62,1 per cento. NA"
2422,55.5,55.5,44.5,"Balsthal (SO)","La popolazione di Balsthal approva l'Iniziativa ""No a una Svizzera da 10 milioni!"" con il 55,5 per cento. NA"
2424,17.6,17.6,82.4,"Herbetswil (SO)","A Herbetswil l'Iniziativa ""No a una Svizzera da 10 milioni!"" è stata respinta con il 82,4 per cento. NA"
2425,34.4,34.4,65.6,"Holderbank (SO)","La popolazione di Holderbank SO respinge l'Iniziativa ""No a una Svizzera da 10 milioni!"" con il 65,6 per cento. NA"
2426,54.7,54.7,45.3,"Laupersdorf (SO)","Sì all'Iniziativa ""No a una Svizzera da 10 milioni!"" a Laupersdorf, con il 54,7 per cento di voti favorevoli. NA"
2427,54.5,54.5,45.5,"Matzendorf (SO)","A Matzendorf, l'Iniziativa ""No a una Svizzera da 10 milioni!"" è stata approvata con il 54,5 per cento. NA"
2428,0.3,0.3,99.7,"Mümliswil-Ramiswil (SO)","Nel confronto svizzero, Mümliswil-Ramiswil è in testa per il no all'Iniziativa ""No a una Svizzera da 10 milioni!"" con il 99,7 per cento. NA"
2430,35.5,35.5,64.5,"Welschenrohr-Gänsbrunnen (((SO)))","A Welschenrohr-Gänsbrunnen l'Iniziativa ""No a una Svizzera da 10 milioni!"" è stata respinta con il 64,5 per cento. NA"
2445,52.2,52.2,47.8,"Biezwil (SO)","Sì all'Iniziativa ""No a una Svizzera da 10 milioni!"" a Biezwil, con il 52,2 per cento di voti favorevoli. NA"
2455,37.8,37.8,62.2,"Lüterkofen-Ichertswil (SO)","A Lüterkofen-Ichertswil l'Iniziativa ""No a una Svizzera da 10 milioni!"" è stata respinta con il 62,2 per cento. NA"
2457,12.3,12.3,87.7,"Messen (SO)","A Messen l'Iniziativa ""No a una Svizzera da 10 milioni!"" è stata respinta con il 87,7 per cento. NA"
2461,44.8,44.8,55.2,"Schnottwil (SO)","Con il 55,2 per cento dei voti, l'Iniziativa ""No a una Svizzera da 10 milioni!"" viene respinta a Schnottwil. NA"
2463,42.9,42.9,57.1,"Unterramsern (SO)","Con il 57,1 per cento dei voti, Unterramsern ha respinto l'Iniziativa ""No a una Svizzera da 10 milioni!"". NA"
2464,29.6,29.6,70.4,"Lüsslingen-Nennigkofen (SO)","La popolazione di Lüsslingen-Nennigkofen respinge l'Iniziativa ""No a una Svizzera da 10 milioni!"" con il 70,4 per cento. NA"
2465,43.3,43.3,56.7,"Buchegg (SO)","Con il 56,7 per cento dei voti, Buchegg ha respinto l'Iniziativa ""No a una Svizzera da 10 milioni!"". NA"
2471,8,8,92,"Bättwil (SO)","La popolazione di Bättwil respinge l'Iniziativa ""No a una Svizzera da 10 milioni!"" con il 92 per cento. NA"
2472,27.6,27.6,72.4,"Büren (SO)","A Büren SO, l'Iniziativa ""No a una Svizzera da 10 milioni!"" è stata respinta con il 72,4 per cento. NA"
2473,25.8,25.8,74.2,"Dornach (SO)","Con il 74,2 per cento dei voti, l'Iniziativa ""No a una Svizzera da 10 milioni!"" viene respinta a Dornach. NA"
2474,67.5,67.5,32.5,"Gempen (SO)","La popolazione di Gempen approva l'Iniziativa ""No a una Svizzera da 10 milioni!"" con il 67,5 per cento. NA"
2475,59.2,59.2,40.8,"Hochwald (SO)","Sì all'Iniziativa ""No a una Svizzera da 10 milioni!"" a Hochwald: 59,2 per cento. NA"
2476,62.1,62.1,37.9,"Hofstetten-Flüh (SO)","A Hofstetten-Flüh, l'Iniziativa ""No a una Svizzera da 10 milioni!"" è approvata con il 62,1 per cento. NA"
2477,39.4,39.4,60.6,"Metzerlen-Mariastein (SO)","A Metzerlen-Mariastein, l'Iniziativa ""No a una Svizzera da 10 milioni!"" è stata respinta con il 60,6 per cento. NA"
2478,46.8,46.8,53.2,"Nuglar-St. Pantaleon (SO)","La popolazione di Nuglar-St. Pantaleon respinge l'Iniziativa ""No a una Svizzera da 10 milioni!"" con il 53,2 per cento. NA"
2479,36.2,36.2,63.8,"Rodersdorf (SO)","Con il 63,8 per cento dei voti, l'Iniziativa ""No a una Svizzera da 10 milioni!"" viene respinta a Rodersdorf. NA"
2480,44.3,44.3,55.7,"Seewen (SO)","La popolazione di Seewen respinge l'Iniziativa ""No a una Svizzera da 10 milioni!"" con il 55,7 per cento. NA"
2481,61.4,61.4,38.6,"Witterswil (SO)","A Witterswil, l'Iniziativa ""No a una Svizzera da 10 milioni!"" è approvata con il 61,4 per cento. NA"
2491,49.9,49.9,50.1,"Hauenstein-Ifenthal (SO)","La popolazione di Hauenstein-Ifenthal respinge l'Iniziativa ""No a una Svizzera da 10 milioni!"" con il 50,1 per cento. NA"
2492,85.2,85.2,14.8,"Kienberg (SO)","A Kienberg, l'Iniziativa ""No a una Svizzera da 10 milioni!"" è stata approvata con il 85,2 per cento. NA"
2493,16.9,16.9,83.1,"Lostorf (SO)","Con il 83,1 per cento dei voti, Lostorf ha respinto l'Iniziativa ""No a una Svizzera da 10 milioni!"". NA"
2495,43.6,43.6,56.4,"Niedergösgen (SO)","La popolazione di Niedergösgen respinge l'Iniziativa ""No a una Svizzera da 10 milioni!"" con il 56,4 per cento. NA"
2497,15.2,15.2,84.8,"Obergösgen (SO)","A Obergösgen l'Iniziativa ""No a una Svizzera da 10 milioni!"" non ottiene la maggioranza: 84,8 per cento di no. NA"
2499,23.6,23.6,76.4,"Stüsslingen (SO)","La popolazione di Stüsslingen respinge l'Iniziativa ""No a una Svizzera da 10 milioni!"" con il 76,4 per cento. NA"
2500,39.8,39.8,60.2,"Trimbach (SO)","Con il 60,2 per cento dei voti, l'Iniziativa ""No a una Svizzera da 10 milioni!"" viene respinta a Trimbach. NA"
2501,56.8,56.8,43.2,"Winznau (SO)","A Winznau, l'Iniziativa ""No a una Svizzera da 10 milioni!"" è approvata con il 56,8 per cento. NA"
2502,43.6,43.6,56.4,"Wisen (SO)","La popolazione di Wisen SO respinge l'Iniziativa ""No a una Svizzera da 10 milioni!"" con il 56,4 per cento. NA"
2503,50,50,50,"Erlinsbach (SO)","A Erlinsbach SO, l'Iniziativa ""No a una Svizzera da 10 milioni!"" è stata approvata con il 50 per cento. NA"
2511,0.7,0.7,99.3,"Aeschi (SO)","La popolazione di Aeschi SO respinge l'Iniziativa ""No a una Svizzera da 10 milioni!"" con il 99,3 per cento. NA"
2513,40.4,40.4,59.6,"Biberist (SO)","A Biberist l'Iniziativa ""No a una Svizzera da 10 milioni!"" è stata respinta con il 59,6 per cento. NA"
2514,56.3,56.3,43.7,"Bolken (SO)","A Bolken, l'Iniziativa ""No a una Svizzera da 10 milioni!"" è approvata con il 56,3 per cento. NA"
2516,11.4,11.4,88.6,"Deitingen (SO)","Con il 88,6 per cento dei voti, l'Iniziativa ""No a una Svizzera da 10 milioni!"" viene respinta a Deitingen. NA"
2517,37.4,37.4,62.6,"Derendingen (SO)","Con il 62,6 per cento dei voti, l'Iniziativa ""No a una Svizzera da 10 milioni!"" viene respinta a Derendingen. NA"
2518,19,19,81,"Etziken (SO)","La popolazione di Etziken respinge l'Iniziativa ""No a una Svizzera da 10 milioni!"" con il 81 per cento. NA"
2519,45.2,45.2,54.8,"Gerlafingen (SO)","A Gerlafingen l'Iniziativa ""No a una Svizzera da 10 milioni!"" è stata respinta con il 54,8 per cento. NA"
2523,43.7,43.7,56.3,"Horriwil (SO)","La popolazione di Horriwil respinge l'Iniziativa ""No a una Svizzera da 10 milioni!"" con il 56,3 per cento. NA"
2524,28.1,28.1,71.9,"Hüniken (SO)","A Hüniken l'Iniziativa ""No a una Svizzera da 10 milioni!"" non ottiene la maggioranza: 71,9 per cento di no. NA"
2525,61.3,61.3,38.7,"Kriegstetten (SO)","Sì all'Iniziativa ""No a una Svizzera da 10 milioni!"" a Kriegstetten con il 61,3 per cento. NA"
2526,52,52,48,"Lohn-Ammannsegg (SO)","La popolazione di Lohn-Ammannsegg approva l'Iniziativa ""No a una Svizzera da 10 milioni!"" con il 52 per cento. NA"
2527,51.7,51.7,48.3,"Luterbach (SO)","A Luterbach, l'Iniziativa ""No a una Svizzera da 10 milioni!"" è approvata con il 51,7 per cento. NA"
2528,28.3,28.3,71.7,"Obergerlafingen (SO)","La popolazione di Obergerlafingen respinge l'Iniziativa ""No a una Svizzera da 10 milioni!"" con il 71,7 per cento."
2530,58.5,58.5,41.5,"Recherswil (SO)","Sì all'Iniziativa ""No a una Svizzera da 10 milioni!"" a Recherswil con il 58,5 per cento. NA"
2532,59.1,59.1,40.9,"Subingen (SO)","A Subingen, l'Iniziativa ""No a una Svizzera da 10 milioni!"" è stata approvata con il 59,1 per cento. NA"
2534,38.6,38.6,61.4,"Zuchwil (SO)","A Zuchwil l'Iniziativa ""No a una Svizzera da 10 milioni!"" è stata respinta con il 61,4 per cento. NA"
2535,31.4,31.4,68.6,"Drei Höfe (SO)","La popolazione di Drei Höfe respinge l'Iniziativa ""No a una Svizzera da 10 milioni!"" con il 68,6 per cento. NA"
2541,38.7,38.7,61.3,"Balm bei Günsberg (SO)","A Balm bei Günsberg, l'Iniziativa ""No a una Svizzera da 10 milioni!"" è stata respinta con il 61,3 per cento. NA"
2542,62.1,62.1,37.9,"Bellach (SO)","A Bellach l'Iniziativa ""No a una Svizzera da 10 milioni!"" è stata approvata con il 62,1 per cento. NA"
2543,58.8,58.8,41.2,"Bettlach (SO)","Sì all'Iniziativa ""No a una Svizzera da 10 milioni!"" a Bettlach: 58,8 per cento. NA"
2544,60,60,40,"Feldbrunnen-St. Niklaus (SO)","A Feldbrunnen-St. Niklaus, l'Iniziativa ""No a una Svizzera da 10 milioni!"" è approvata con il 60 per cento. NA"
2545,88.9,88.9,11.1,"Flumenthal (SO)","Sì all'Iniziativa ""No a una Svizzera da 10 milioni!"" a Flumenthal: 88,9 per cento. NA"
2546,58.4,58.4,41.6,"Granges (SO)","A Granges, l'Iniziativa ""No a una Svizzera da 10 milioni!"" è approvata con il 58,4 per cento. NA"
2547,1.1,1.1,98.9,"Günsberg (SO)","A Günsberg, l'Iniziativa ""No a una Svizzera da 10 milioni!"" è stata respinta con il 98,9 per cento. NA"
2548,57.5,57.5,42.5,"Hubersdorf (SO)","A Hubersdorf, l'Iniziativa ""No a una Svizzera da 10 milioni!"" è stata approvata con il 57,5 per cento. NA"
2549,39.5,39.5,60.5,"Kammersrohr (SO)","Con il 60,5 per cento dei voti, Kammersrohr ha respinto l'Iniziativa ""No a una Svizzera da 10 milioni!"". NA"
2550,10.8,10.8,89.2,"Langendorf (SO)","La popolazione di Langendorf respinge l'Iniziativa ""No a una Svizzera da 10 milioni!"" con il 89,2 per cento. NA"
2551,81.7,81.7,18.3,"Lommiswil (SO)","Sì all'Iniziativa ""No a una Svizzera da 10 milioni!"" a Lommiswil con il 81,7 per cento. NA"
2553,45.9,45.9,54.1,"Oberdorf (SO)","La popolazione di Oberdorf SO respinge l'Iniziativa ""No a una Svizzera da 10 milioni!"" con il 54,1 per cento. NA"
2554,21.9,21.9,78.1,"Riedholz (SO)","A Riedholz l'Iniziativa ""No a una Svizzera da 10 milioni!"" è stata respinta con il 78,1 per cento. NA"
2555,70.5,70.5,29.5,"Rüttenen (SO)","Sì all'Iniziativa ""No a una Svizzera da 10 milioni!"" a Rüttenen con il 70,5 per cento. NA"
2556,2.5,2.5,97.5,"Selzach (SO)","La popolazione di Selzach respinge l'Iniziativa ""No a una Svizzera da 10 milioni!"" con il 97,5 per cento. NA"
2571,91.2,91.2,8.8,"Boningen (SO)","Sì all'Iniziativa ""No a una Svizzera da 10 milioni!"" a Boningen, con il 91,2 per cento di voti favorevoli. NA"
2572,47.4,47.4,52.6,"Däniken (SO)","La popolazione di Däniken respinge l'Iniziativa ""No a una Svizzera da 10 milioni!"" con il 52,6 per cento. NA"
2573,83.5,83.5,16.5,"Dulliken (SO)","A Dulliken, l'Iniziativa ""No a una Svizzera da 10 milioni!"" è approvata con il 83,5 per cento. NA"
2574,47.6,47.6,52.4,"Eppenberg-Wöschnau (SO)","Con il 52,4 per cento dei voti, l'Iniziativa ""No a una Svizzera da 10 milioni!"" viene respinta a Eppenberg-Wöschnau. NA"
2575,41.5,41.5,58.5,"Fulenbach (SO)","A Fulenbach l'Iniziativa ""No a una Svizzera da 10 milioni!"" è stata respinta con il 58,5 per cento. NA"
2576,83.3,83.3,16.7,"Gretzenbach (SO)","Sì all'Iniziativa ""No a una Svizzera da 10 milioni!"" a Gretzenbach: 83,3 per cento. NA"
2578,68.2,68.2,31.8,"Gunzgen (SO)","A Gunzgen l'Iniziativa ""No a una Svizzera da 10 milioni!"" è stata approvata con il 68,2 per cento. NA"
2579,44.6,44.6,55.4,"Hägendorf (SO)","La popolazione di Hägendorf respinge l'Iniziativa ""No a una Svizzera da 10 milioni!"" con il 55,4 per cento. NA"
2580,78.3,78.3,21.7,"Kappel (SO)","A Kappel SO, l'Iniziativa ""No a una Svizzera da 10 milioni!"" è stata approvata con il 78,3 per cento. NA"
2581,84.5,84.5,15.5,"Olten (SO)","A Olten, l'Iniziativa ""No a una Svizzera da 10 milioni!"" è approvata con il 84,5 per cento. NA"
2582,94.2,94.2,5.8,"Rickenbach (SO)","Sì all'Iniziativa ""No a una Svizzera da 10 milioni!"" a Rickenbach SO: 94,2 per cento."
2583,9,9,91,"Schönenwerd (SO)","A Schönenwerd l'Iniziativa ""No a una Svizzera da 10 milioni!"" non ottiene la maggioranza: 91 per cento di no. NA"
2584,43.2,43.2,56.8,"Starrkirch-Wil (SO)","A Starrkirch-Wil, l'Iniziativa ""No a una Svizzera da 10 milioni!"" è stata respinta con il 56,8 per cento. NA"
2585,31.3,31.3,68.7,"Walterswil (SO)","Con il 68,7 per cento dei voti, l'Iniziativa ""No a una Svizzera da 10 milioni!"" viene respinta a Walterswil SO. NA"
2586,18.9,18.9,81.1,"Wangen bei Olten (SO)","Con il 81,1 per cento dei voti, Wangen bei Olten ha respinto l'Iniziativa ""No a una Svizzera da 10 milioni!"". NA"
2601,35.2,35.2,64.8,"Soletta (SO)","A Soletta l'Iniziativa ""No a una Svizzera da 10 milioni!"" è stata respinta con il 64,8 per cento. NA"
2611,97.4,97.4,2.6,"Bärschwil (SO)","Sì all'Iniziativa ""No a una Svizzera da 10 milioni!"" a Bärschwil con il 97,4 per cento. NA"
2612,74.6,74.6,25.4,"Beinwil (SO)","La popolazione di Beinwil SO approva l'Iniziativa ""No a una Svizzera da 10 milioni!"" con il 74,6 per cento. NA"
2613,44.3,44.3,55.7,"Breitenbach (SO)","La popolazione di Breitenbach respinge l'Iniziativa ""No a una Svizzera da 10 milioni!"" con il 55,7 per cento. NA"
2614,85.3,85.3,14.7,"Büsserach (SO)","A Büsserach, l'Iniziativa ""No a una Svizzera da 10 milioni!"" è stata approvata con il 85,3 per cento. NA"
2615,16,16,84,"Erschwil (SO)","Con il 84 per cento dei voti, Erschwil ha respinto l'Iniziativa ""No a una Svizzera da 10 milioni!"". NA"
2616,99.1,99.1,0.9,"Fehren (SO)","Sì all'Iniziativa ""No a una Svizzera da 10 milioni!"" a Fehren, con il 99,1 per cento di voti favorevoli. NA"
2617,69.2,69.2,30.8,"Grindel (SO)","Sì all'Iniziativa ""No a una Svizzera da 10 milioni!"" a Grindel, con il 69,2 per cento di voti favorevoli. NA"
2618,90.9,90.9,9.1,"Himmelried (SO)","Sì all'Iniziativa ""No a una Svizzera da 10 milioni!"" a Himmelried con il 90,9 per cento. NA"
2619,42.3,42.3,57.7,"Kleinlützel (SO)","A Kleinlützel, l'Iniziativa ""No a una Svizzera da 10 milioni!"" è stata respinta con il 57,7 per cento. NA"
2620,67.3,67.3,32.7,"Meltingen (SO)","A Meltingen, l'Iniziativa ""No a una Svizzera da 10 milioni!"" è stata approvata con il 67,3 per cento. NA"
2621,47.9,47.9,52.1,"Nunningen (SO)","La popolazione di Nunningen respinge l'Iniziativa ""No a una Svizzera da 10 milioni!"" con il 52,1 per cento. NA"
2622,33.6,33.6,66.4,"Zullwil (SO)","A Zullwil l'Iniziativa ""No a una Svizzera da 10 milioni!"" è stata respinta con il 66,4 per cento. NA"
2701,18.6,18.6,81.4,"Basilea (BS)","A Basilea l'Iniziativa ""No a una Svizzera da 10 milioni!"" non ottiene la maggioranza: 81,4 per cento di no. NA"
2702,88,88,12,"Bettingen (BS)","A Bettingen, l'Iniziativa ""No a una Svizzera da 10 milioni!"" è stata approvata con il 88 per cento. NA"
2703,88,88,12,"Riehen (BS)","Sì all'Iniziativa ""No a una Svizzera da 10 milioni!"" a Riehen con il 88 per cento. NA"
2761,92.6,92.6,7.4,"Aesch (BL)","Sì all'Iniziativa ""No a una Svizzera da 10 milioni!"" a Aesch BL: 92,6 per cento. NA"
2762,24.9,24.9,75.1,"Allschwil (BL)","La popolazione di Allschwil respinge l'Iniziativa ""No a una Svizzera da 10 milioni!"" con il 75,1 per cento. NA"
2763,68.6,68.6,31.4,"Arlesheim (BL)","Sì all'Iniziativa ""No a una Svizzera da 10 milioni!"" a Arlesheim con il 68,6 per cento. NA"
2764,27.7,27.7,72.3,"Biel-Benken (BL)","Con il 72,3 per cento dei voti, Biel-Benken ha respinto l'Iniziativa ""No a una Svizzera da 10 milioni!"". NA"
2765,91.3,91.3,8.7,"Binningen (BL)","Sì all'Iniziativa ""No a una Svizzera da 10 milioni!"" a Binningen con il 91,3 per cento. NA"
2766,74.1,74.1,25.9,"Birsfelden (BL)","Sì all'Iniziativa ""No a una Svizzera da 10 milioni!"" a Birsfelden, con il 74,1 per cento di voti favorevoli. NA"
2767,46.1,46.1,53.9,"Bottmingen (BL)","La popolazione di Bottmingen respinge l'Iniziativa ""No a una Svizzera da 10 milioni!"" con il 53,9 per cento. NA"
2768,68.8,68.8,31.2,"Ettingen (BL)","A Ettingen, l'Iniziativa ""No a una Svizzera da 10 milioni!"" è stata approvata con il 68,8 per cento. NA"
2769,84.1,84.1,15.9,"Münchenstein (BL)","Sì all'Iniziativa ""No a una Svizzera da 10 milioni!"" a Münchenstein con il 84,1 per cento. NA"
2770,51.6,51.6,48.4,"Muttenz (BL)","A Muttenz l'Iniziativa ""No a una Svizzera da 10 milioni!"" è stata approvata con il 51,6 per cento. NA"
2771,46.9,46.9,53.1,"Oberwil (BL)","La popolazione di Oberwil BL respinge l'Iniziativa ""No a una Svizzera da 10 milioni!"" con il 53,1 per cento. NA"
2772,19.8,19.8,80.2,"Pfeffingen (BL)","A Pfeffingen l'Iniziativa ""No a una Svizzera da 10 milioni!"" è stata respinta con il 80,2 per cento. NA"
2773,52.3,52.3,47.7,"Reinach (BL)","A Reinach BL, l'Iniziativa ""No a una Svizzera da 10 milioni!"" è approvata con il 52,3 per cento. NA"
2774,38.3,38.3,61.7,"Schönenbuch (BL)","La popolazione di Schönenbuch respinge l'Iniziativa ""No a una Svizzera da 10 milioni!"" con il 61,7 per cento. NA"
2775,57.8,57.8,42.2,"Therwil (BL)","Sì all'Iniziativa ""No a una Svizzera da 10 milioni!"" a Therwil, con il 57,8 per cento di voti favorevoli. NA"
2781,36.4,36.4,63.6,"Blauen (BL)","A Blauen l'Iniziativa ""No a una Svizzera da 10 milioni!"" non ottiene la maggioranza: 63,6 per cento di no. NA"
2782,70.7,70.7,29.3,"Brislach (BL)","La popolazione di Brislach approva l'Iniziativa ""No a una Svizzera da 10 milioni!"" con il 70,7 per cento. NA"
2783,23.1,23.1,76.9,"Burg im Leimental (BL)","A Burg im Leimental, l'Iniziativa ""No a una Svizzera da 10 milioni!"" è stata respinta con il 76,9 per cento. NA"
2784,74.3,74.3,25.7,"Dittingen (BL)","A Dittingen, l'Iniziativa ""No a una Svizzera da 10 milioni!"" è stata approvata con il 74,3 per cento. NA"
2785,37.1,37.1,62.9,"Duggingen (BL)","La popolazione di Duggingen respinge l'Iniziativa ""No a una Svizzera da 10 milioni!"" con il 62,9 per cento. NA"
2786,67.3,67.3,32.7,"Grellingen (BL)","La popolazione di Grellingen approva l'Iniziativa ""No a una Svizzera da 10 milioni!"" con il 67,3 per cento. NA"
2787,78.3,78.3,21.7,"Laufon (BL)","A Laufon, l'Iniziativa ""No a una Svizzera da 10 milioni!"" è stata approvata con il 78,3 per cento. NA"
2788,4,4,96,"Liesberg (BL)","La popolazione di Liesberg respinge l'Iniziativa ""No a una Svizzera da 10 milioni!"" con il 96 per cento. NA"
2789,61.3,61.3,38.7,"Nenzlingen (BL)","Sì all'Iniziativa ""No a una Svizzera da 10 milioni!"" a Nenzlingen con il 61,3 per cento. NA"
2790,84.3,84.3,15.7,"Roggenburg (BL)","La popolazione di Roggenburg approva l'Iniziativa ""No a una Svizzera da 10 milioni!"" con il 84,3 per cento. NA"
2791,46.9,46.9,53.1,"Röschenz (BL)","Con il 53,1 per cento dei voti, l'Iniziativa ""No a una Svizzera da 10 milioni!"" viene respinta a Röschenz. NA"
2792,61.3,61.3,38.7,"Wahlen (BL)","A Wahlen, l'Iniziativa ""No a una Svizzera da 10 milioni!"" è stata approvata con il 61,3 per cento. NA"
2793,56.5,56.5,43.5,"Zwingen (BL)","A Zwingen l'Iniziativa ""No a una Svizzera da 10 milioni!"" è stata approvata con il 56,5 per cento. NA"
2821,55,55,45,"Arisdorf (BL)","Sì all'Iniziativa ""No a una Svizzera da 10 milioni!"" a Arisdorf con il 55 per cento. NA"
2822,67,67,33,"Augst (BL)","A Augst, l'Iniziativa ""No a una Svizzera da 10 milioni!"" è approvata con il 67 per cento. NA"
2823,59.1,59.1,40.9,"Bubendorf (BL)","A Bubendorf, l'Iniziativa ""No a una Svizzera da 10 milioni!"" è stata approvata con il 59,1 per cento. NA"
2824,5.1,5.1,94.9,"Frenkendorf (BL)","A Frenkendorf l'Iniziativa ""No a una Svizzera da 10 milioni!"" non ottiene la maggioranza: 94,9 per cento di no. NA"
2825,46.4,46.4,53.6,"Füllinsdorf (BL)","A Füllinsdorf, l'Iniziativa ""No a una Svizzera da 10 milioni!"" è stata respinta con il 53,6 per cento. NA"
2826,42.3,42.3,57.7,"Giebenach (BL)","Con il 57,7 per cento dei voti, l'Iniziativa ""No a una Svizzera da 10 milioni!"" viene respinta a Giebenach. NA"
2827,24.8,24.8,75.2,"Hersberg (BL)","La popolazione di Hersberg respinge l'Iniziativa ""No a una Svizzera da 10 milioni!"" con il 75,2 per cento. NA"
2828,45.1,45.1,54.9,"Lausen (BL)","A Lausen l'Iniziativa ""No a una Svizzera da 10 milioni!"" non ottiene la maggioranza: 54,9 per cento di no. NA"
2829,23.6,23.6,76.4,"Liestal (BL)","Con il 76,4 per cento dei voti, Liestal ha respinto l'Iniziativa ""No a una Svizzera da 10 milioni!"". NA"
2830,27.8,27.8,72.2,"Lupsingen (BL)","A Lupsingen l'Iniziativa ""No a una Svizzera da 10 milioni!"" è stata respinta con il 72,2 per cento. NA"
2831,63.3,63.3,36.7,"Pratteln (BL)","Sì all'Iniziativa ""No a una Svizzera da 10 milioni!"" a Pratteln: 63,3 per cento. NA"
2832,6,6,94,"Ramlinsburg (BL)","La popolazione di Ramlinsburg respinge l'Iniziativa ""No a una Svizzera da 10 milioni!"" con il 94 per cento. NA"
2833,52.8,52.8,47.2,"Seltisberg (BL)","Sì all'Iniziativa ""No a una Svizzera da 10 milioni!"" a Seltisberg: 52,8 per cento. NA"
2834,14.3,14.3,85.7,"Ziefen (BL)","Con il 85,7 per cento dei voti, l'Iniziativa ""No a una Svizzera da 10 milioni!"" viene respinta a Ziefen. NA"
2841,26.1,26.1,73.9,"Anwil (BL)","La popolazione di Anwil respinge l'Iniziativa ""No a una Svizzera da 10 milioni!"" con il 73,9 per cento. NA"
2842,18.1,18.1,81.9,"Böckten (BL)","La popolazione di Böckten respinge l'Iniziativa ""No a una Svizzera da 10 milioni!"" con il 81,9 per cento. NA"
2843,36.2,36.2,63.8,"Buckten (BL)","Con il 63,8 per cento dei voti, Buckten ha respinto l'Iniziativa ""No a una Svizzera da 10 milioni!"". NA"
2844,45.5,45.5,54.5,"Buus (BL)","La popolazione di Buus respinge l'Iniziativa ""No a una Svizzera da 10 milioni!"" con il 54,5 per cento. NA"
2845,56.8,56.8,43.2,"Diepflingen (BL)","Sì all'Iniziativa ""No a una Svizzera da 10 milioni!"" a Diepflingen: 56,8 per cento. NA"
2846,25.2,25.2,74.8,"Gelterkinden (BL)","La popolazione di Gelterkinden respinge l'Iniziativa ""No a una Svizzera da 10 milioni!"" con il 74,8 per cento. NA"
2847,55.5,55.5,44.5,"Häfelfingen (BL)","A Häfelfingen l'Iniziativa ""No a una Svizzera da 10 milioni!"" è stata approvata con il 55,5 per cento. NA"
2848,66.8,66.8,33.2,"Hemmiken (BL)","Sì all'Iniziativa ""No a una Svizzera da 10 milioni!"" a Hemmiken: 66,8 per cento. NA"
2849,44.9,44.9,55.1,"Itingen (BL)","La popolazione di Itingen respinge l'Iniziativa ""No a una Svizzera da 10 milioni!"" con il 55,1 per cento. NA"
2850,90.9,90.9,9.1,"Känerkinden (BL)","La popolazione di Känerkinden approva l'Iniziativa ""No a una Svizzera da 10 milioni!"" con il 90,9 per cento. NA"
2851,15.4,15.4,84.6,"Kilchberg (BL)","La popolazione di Kilchberg BL respinge l'Iniziativa ""No a una Svizzera da 10 milioni!"" con il 84,6 per cento. NA"
2852,73,73,27,"Läufelfingen (BL)","Sì all'Iniziativa ""No a una Svizzera da 10 milioni!"" a Läufelfingen con il 73 per cento. NA"
2853,86.4,86.4,13.6,"Maisprach (BL)","A Maisprach, l'Iniziativa ""No a una Svizzera da 10 milioni!"" è stata approvata con il 86,4 per cento. NA"
2854,77.1,77.1,22.9,"Nusshof (BL)","A Nusshof, l'Iniziativa ""No a una Svizzera da 10 milioni!"" è approvata con il 77,1 per cento. NA"
2855,66.5,66.5,33.5,"Oltingen (BL)","Sì all'Iniziativa ""No a una Svizzera da 10 milioni!"" a Oltingen: 66,5 per cento. NA"
2856,38.3,38.3,61.7,"Ormalingen (BL)","La popolazione di Ormalingen respinge l'Iniziativa ""No a una Svizzera da 10 milioni!"" con il 61,7 per cento. NA"
2857,17.2,17.2,82.8,"Rickenbach (BL)","A Rickenbach BL l'Iniziativa ""No a una Svizzera da 10 milioni!"" è stata respinta con il 82,8 per cento. NA"
2858,85.7,85.7,14.3,"Rothenfluh (BL)","Sì all'Iniziativa ""No a una Svizzera da 10 milioni!"" a Rothenfluh, con il 85,7 per cento di voti favorevoli. NA"
2859,38.1,38.1,61.9,"Rümlingen (BL)","A Rümlingen, l'Iniziativa ""No a una Svizzera da 10 milioni!"" è stata respinta con il 61,9 per cento. NA"
2860,41,41,59,"Rünenberg (BL)","La popolazione di Rünenberg respinge l'Iniziativa ""No a una Svizzera da 10 milioni!"" con il 59 per cento. NA"
2861,58.4,58.4,41.6,"Sissach (BL)","Sì all'Iniziativa ""No a una Svizzera da 10 milioni!"" a Sissach con il 58,4 per cento. NA"
2862,98.9,98.9,1.1,"Tecknau (BL)","La popolazione di Tecknau approva l'Iniziativa ""No a una Svizzera da 10 milioni!"" con il 98,9 per cento. NA"
2863,90.8,90.8,9.2,"Tenniken (BL)","A Tenniken l'Iniziativa ""No a una Svizzera da 10 milioni!"" è stata approvata con il 90,8 per cento. NA"
2864,75.5,75.5,24.5,"Thürnen (BL)","A Thürnen, l'Iniziativa ""No a una Svizzera da 10 milioni!"" è stata approvata con il 75,5 per cento. NA"
2865,60.3,60.3,39.7,"Wenslingen (BL)","Sì all'Iniziativa ""No a una Svizzera da 10 milioni!"" a Wenslingen: 60,3 per cento. NA"
2866,21.3,21.3,78.7,"Wintersingen (BL)","La popolazione di Wintersingen respinge l'Iniziativa ""No a una Svizzera da 10 milioni!"" con il 78,7 per cento. NA"
2867,9.7,9.7,90.3,"Wittinsburg (BL)","A Wittinsburg l'Iniziativa ""No a una Svizzera da 10 milioni!"" non ottiene la maggioranza: 90,3 per cento di no. NA"
2868,78.9,78.9,21.1,"Zeglingen (BL)","La popolazione di Zeglingen approva l'Iniziativa ""No a una Svizzera da 10 milioni!"" con il 78,9 per cento. NA"
2869,58.4,58.4,41.6,"Zunzgen (BL)","Sì all'Iniziativa ""No a una Svizzera da 10 milioni!"" a Zunzgen, con il 58,4 per cento di voti favorevoli. NA"
2881,12.5,12.5,87.5,"Arboldswil (BL)","A Arboldswil l'Iniziativa ""No a una Svizzera da 10 milioni!"" è stata respinta con il 87,5 per cento. NA"
2882,52.8,52.8,47.2,"Bennwil (BL)","A Bennwil l'Iniziativa ""No a una Svizzera da 10 milioni!"" è stata approvata con il 52,8 per cento. NA"
2883,27.8,27.8,72.2,"Bretzwil (BL)","La popolazione di Bretzwil respinge l'Iniziativa ""No a una Svizzera da 10 milioni!"" con il 72,2 per cento. NA"
2884,52.7,52.7,47.3,"Diegten (BL)","Sì all'Iniziativa ""No a una Svizzera da 10 milioni!"" a Diegten, con il 52,7 per cento di voti favorevoli. NA"
2885,36.9,36.9,63.1,"Eptingen (BL)","A Eptingen l'Iniziativa ""No a una Svizzera da 10 milioni!"" è stata respinta con il 63,1 per cento. NA"
2886,25.6,25.6,74.4,"Hölstein (BL)","A Hölstein, l'Iniziativa ""No a una Svizzera da 10 milioni!"" è stata respinta con il 74,4 per cento. NA"
2887,58.1,58.1,41.9,"Lampenberg (BL)","Sì all'Iniziativa ""No a una Svizzera da 10 milioni!"" a Lampenberg: 58,1 per cento. NA"
2888,41.7,41.7,58.3,"Langenbruck (BL)","Con il 58,3 per cento dei voti, Langenbruck ha respinto l'Iniziativa ""No a una Svizzera da 10 milioni!"". NA"
2889,11.3,11.3,88.7,"Lauwil (BL)","Con il 88,7 per cento dei voti, Lauwil ha respinto l'Iniziativa ""No a una Svizzera da 10 milioni!"". NA"
2890,69.3,69.3,30.7,"Liedertswil (BL)","A Liedertswil l'Iniziativa ""No a una Svizzera da 10 milioni!"" è stata approvata con il 69,3 per cento. NA"
2891,95.1,95.1,4.9,"Niederdorf (BL)","A Niederdorf l'Iniziativa ""No a una Svizzera da 10 milioni!"" è stata approvata con il 95,1 per cento. NA"
2892,31.4,31.4,68.6,"Oberdorf (BL)","La popolazione di Oberdorf BL respinge l'Iniziativa ""No a una Svizzera da 10 milioni!"" con il 68,6 per cento. NA"
2893,43.4,43.4,56.6,"Reigoldswil (BL)","A Reigoldswil l'Iniziativa ""No a una Svizzera da 10 milioni!"" è stata respinta con il 56,6 per cento. NA"
2894,71.5,71.5,28.5,"Titterten (BL)","A Titterten, l'Iniziativa ""No a una Svizzera da 10 milioni!"" è stata approvata con il 71,5 per cento. NA"
2895,24.7,24.7,75.3,"Waldenburg (BL)","A Waldenburg l'Iniziativa ""No a una Svizzera da 10 milioni!"" è stata respinta con il 75,3 per cento. NA"
2901,44.8,44.8,55.2,"Gächlingen (SH)","La popolazione di Gächlingen respinge l'Iniziativa ""No a una Svizzera da 10 milioni!"" con il 55,2 per cento. NA"
2903,39,39,61,"Löhningen (SH)","Con il 61 per cento dei voti, l'Iniziativa ""No a una Svizzera da 10 milioni!"" viene respinta a Löhningen. NA"
2904,63.6,63.6,36.4,"Neunkirch (SH)","A Neunkirch, l'Iniziativa ""No a una Svizzera da 10 milioni!"" è approvata con il 63,6 per cento. NA"
2914,20.7,20.7,79.3,"Büttenhardt (SH)","A Büttenhardt, l'Iniziativa ""No a una Svizzera da 10 milioni!"" è stata respinta con il 79,3 per cento. NA"
2915,46.9,46.9,53.1,"Dörflingen (SH)","Con il 53,1 per cento dei voti, l'Iniziativa ""No a una Svizzera da 10 milioni!"" viene respinta a Dörflingen. NA"
2917,18.4,18.4,81.6,"Lohn (SH)","La popolazione di Lohn SH respinge l'Iniziativa ""No a una Svizzera da 10 milioni!"" con il 81,6 per cento. NA"
2919,70.6,70.6,29.4,"Stetten (SH)","La popolazione di Stetten SH approva l'Iniziativa ""No a una Svizzera da 10 milioni!"" con il 70,6 per cento. NA"
2920,89.8,89.8,10.2,"Thayngen (SH)","Sì all'Iniziativa ""No a una Svizzera da 10 milioni!"" a Thayngen con il 89,8 per cento. NA"
2931,26,26,74,"Bargen (SH)","A Bargen SH l'Iniziativa ""No a una Svizzera da 10 milioni!"" è stata respinta con il 74 per cento. NA"
2932,26.8,26.8,73.2,"Beringen (SH)","La popolazione di Beringen respinge l'Iniziativa ""No a una Svizzera da 10 milioni!"" con il 73,2 per cento. NA"
2933,49.1,49.1,50.9,"Buchberg (SH)","La popolazione di Buchberg respinge l'Iniziativa ""No a una Svizzera da 10 milioni!"" con il 50,9 per cento. NA"
2936,30.5,30.5,69.5,"Merishausen (SH)","Con il 69,5 per cento dei voti, Merishausen ha respinto l'Iniziativa ""No a una Svizzera da 10 milioni!"". NA"
2937,84.4,84.4,15.6,"Neuhausen am Rheinfall (SH)","Sì all'Iniziativa ""No a una Svizzera da 10 milioni!"" a Neuhausen am Rheinfall, con il 84,4 per cento di voti favorevoli. NA"
2938,44.3,44.3,55.7,"Rüdlingen (SH)","A Rüdlingen, l'Iniziativa ""No a una Svizzera da 10 milioni!"" è stata respinta con il 55,7 per cento. NA"
2939,59.8,59.8,40.2,"Sciaffusa (SH)","A Sciaffusa, l'Iniziativa ""No a una Svizzera da 10 milioni!"" è approvata con il 59,8 per cento. NA"
2951,27.5,27.5,72.5,"Beggingen (SH)","A Beggingen l'Iniziativa ""No a una Svizzera da 10 milioni!"" è stata respinta con il 72,5 per cento. NA"
2952,98.6,98.6,1.4,"Schleitheim (SH)","Sì all'Iniziativa ""No a una Svizzera da 10 milioni!"" a Schleitheim: 98,6 per cento. NA"
2953,57.1,57.1,42.9,"Siblingen (SH)","A Siblingen, l'Iniziativa ""No a una Svizzera da 10 milioni!"" è stata approvata con il 57,1 per cento. NA"
2961,82.1,82.1,17.9,"Buch (SH)","Sì all'Iniziativa ""No a una Svizzera da 10 milioni!"" a Buch SH con il 82,1 per cento. NA"
2962,63.1,63.1,36.9,"Hemishofen (SH)","A Hemishofen l'Iniziativa ""No a una Svizzera da 10 milioni!"" è stata approvata con il 63,1 per cento. NA"
2963,66.2,66.2,33.8,"Ramsen (SH)","A Ramsen, l'Iniziativa ""No a una Svizzera da 10 milioni!"" è stata approvata con il 66,2 per cento. NA"
2964,28.7,28.7,71.3,"Stein am Rhein (SH)","A Stein am Rhein l'Iniziativa ""No a una Svizzera da 10 milioni!"" non ottiene la maggioranza: 71,3 per cento di no. NA"
2971,56.8,56.8,43.2,"Hallau (SH)","La popolazione di Hallau approva l'Iniziativa ""No a una Svizzera da 10 milioni!"" con il 56,8 per cento. NA"
2972,45.3,45.3,54.7,"Oberhallau (SH)","La popolazione di Oberhallau respinge l'Iniziativa ""No a una Svizzera da 10 milioni!"" con il 54,7 per cento. NA"
2973,64.8,64.8,35.2,"Trasadingen (SH)","La popolazione di Trasadingen approva l'Iniziativa ""No a una Svizzera da 10 milioni!"" con il 64,8 per cento. NA"
2974,41.1,41.1,58.9,"Wilchingen (SH)","Con il 58,9 per cento dei voti, Wilchingen ha respinto l'Iniziativa ""No a una Svizzera da 10 milioni!"". NA"
3001,88.4,88.4,11.6,"Herisau (AR)","Sì all'Iniziativa ""No a una Svizzera da 10 milioni!"" a Herisau: 88,4 per cento. NA"
3002,38.1,38.1,61.9,"Hundwil (AR)","Con il 61,9 per cento dei voti, Hundwil ha respinto l'Iniziativa ""No a una Svizzera da 10 milioni!"". NA"
3003,24.3,24.3,75.7,"Schönengrund (AR)","A Schönengrund l'Iniziativa ""No a una Svizzera da 10 milioni!"" non ottiene la maggioranza: 75,7 per cento di no. NA"
3004,55.7,55.7,44.3,"Schwellbrunn (AR)","A Schwellbrunn, l'Iniziativa ""No a una Svizzera da 10 milioni!"" è approvata con il 55,7 per cento. NA"
3005,43.7,43.7,56.3,"Stein (AR)","A Stein AR l'Iniziativa ""No a una Svizzera da 10 milioni!"" non ottiene la maggioranza: 56,3 per cento di no. NA"
3006,44.5,44.5,55.5,"Urnäsch (AR)","A Urnäsch, l'Iniziativa ""No a una Svizzera da 10 milioni!"" è stata respinta con il 55,5 per cento. NA"
3007,94.9,94.9,5.1,"Waldstatt (AR)","La popolazione di Waldstatt approva l'Iniziativa ""No a una Svizzera da 10 milioni!"" con il 94,9 per cento. NA"
3021,53.2,53.2,46.8,"Bühler (AR)","A Bühler l'Iniziativa ""No a una Svizzera da 10 milioni!"" è stata approvata con il 53,2 per cento. NA"
3022,48.3,48.3,51.7,"Gais (AR)","La popolazione di Gais respinge l'Iniziativa ""No a una Svizzera da 10 milioni!"" con il 51,7 per cento. NA"
3023,95.2,95.2,4.8,"Speicher (AR)","A Speicher l'Iniziativa ""No a una Svizzera da 10 milioni!"" è stata approvata con il 95,2 per cento. NA"
3024,31.4,31.4,68.6,"Teufen (AR)","A Teufen AR l'Iniziativa ""No a una Svizzera da 10 milioni!"" non ottiene la maggioranza: 68,6 per cento di no. NA"
3025,22.9,22.9,77.1,"Trogen (AR)","A Trogen, l'Iniziativa ""No a una Svizzera da 10 milioni!"" è stata respinta con il 77,1 per cento. NA"
3031,38.9,38.9,61.1,"Grub (AR)","Con il 61,1 per cento dei voti, l'Iniziativa ""No a una Svizzera da 10 milioni!"" viene respinta a Grub AR. NA"
3032,41,41,59,"Heiden (AR)","Con il 59 per cento dei voti, Heiden ha respinto l'Iniziativa ""No a una Svizzera da 10 milioni!"". NA"
3033,91.9,91.9,8.1,"Lutzenberg (AR)","A Lutzenberg, l'Iniziativa ""No a una Svizzera da 10 milioni!"" è stata approvata con il 91,9 per cento. NA"
3034,38.1,38.1,61.9,"Rehetobel (AR)","La popolazione di Rehetobel respinge l'Iniziativa ""No a una Svizzera da 10 milioni!"" con il 61,9 per cento. NA"
3035,72.1,72.1,27.9,"Reute (AR)","Sì all'Iniziativa ""No a una Svizzera da 10 milioni!"" a Reute AR con il 72,1 per cento. NA"
3036,52,52,48,"Wald (AR)","La popolazione di Wald AR approva l'Iniziativa ""No a una Svizzera da 10 milioni!"" con il 52 per cento. NA"
3037,22.7,22.7,77.3,"Walzenhausen (AR)","A Walzenhausen l'Iniziativa ""No a una Svizzera da 10 milioni!"" non ottiene la maggioranza: 77,3 per cento di no. NA"
3038,70,70,30,"Wolfhalden (AR)","A Wolfhalden l'Iniziativa ""No a una Svizzera da 10 milioni!"" è stata approvata con il 70 per cento. NA"
3101,47.7,47.7,52.3,"Appenzello (AI)","La popolazione di Appenzello respinge l'Iniziativa ""No a una Svizzera da 10 milioni!"" con il 52,3 per cento. NA"
3102,41.9,41.9,58.1,"Gonten (AI)","A Gonten l'Iniziativa ""No a una Svizzera da 10 milioni!"" è stata respinta con il 58,1 per cento. NA"
3104,57.1,57.1,42.9,"Schlatt-Haslen (AI)","A Schlatt-Haslen, l'Iniziativa ""No a una Svizzera da 10 milioni!"" è stata approvata con il 57,1 per cento. NA"
3111,36,36,64,"Oberegg (AI)","La popolazione di Oberegg respinge l'Iniziativa ""No a una Svizzera da 10 milioni!"" con il 64 per cento. NA"
3112,20.3,20.3,79.7,"Schwende-Rüti (AI)","Con il 79,7 per cento dei voti, l'Iniziativa ""No a una Svizzera da 10 milioni!"" viene respinta a Schwende-Rüti. NA"
3201,40.6,40.6,59.4,"Häggenschwil (SG)","Con il 59,4 per cento dei voti, l'Iniziativa ""No a una Svizzera da 10 milioni!"" viene respinta a Häggenschwil. NA"
3202,49.9,49.9,50.1,"Muolen (SG)","A Muolen, l'Iniziativa ""No a una Svizzera da 10 milioni!"" è stata respinta con il 50,1 per cento. NA"
3203,12.5,12.5,87.5,"San Gallo (SG)","La popolazione di San Gallo respinge l'Iniziativa ""No a una Svizzera da 10 milioni!"" con il 87,5 per cento. NA"
3204,50.4,50.4,49.6,"Wittenbach (SG)","Sì all'Iniziativa ""No a una Svizzera da 10 milioni!"" a Wittenbach: 50,4 per cento. NA"
3211,27.7,27.7,72.3,"Berg (SG)","A Berg SG, l'Iniziativa ""No a una Svizzera da 10 milioni!"" è stata respinta con il 72,3 per cento. NA"
3212,57.5,57.5,42.5,"Eggersriet (SG)","A Eggersriet l'Iniziativa ""No a una Svizzera da 10 milioni!"" è stata approvata con il 57,5 per cento. NA"
3213,53.3,53.3,46.7,"Goldach (SG)","La popolazione di Goldach approva l'Iniziativa ""No a una Svizzera da 10 milioni!"" con il 53,3 per cento. NA"
3214,53.6,53.6,46.4,"Mörschwil (SG)","Sì all'Iniziativa ""No a una Svizzera da 10 milioni!"" a Mörschwil, con il 53,6 per cento di voti favorevoli. NA"
3215,54,54,46,"Rorschach (SG)","La popolazione di Rorschach approva l'Iniziativa ""No a una Svizzera da 10 milioni!"" con il 54 per cento. NA"
3216,58.5,58.5,41.5,"Rorschacherberg (SG)","A Rorschacherberg l'Iniziativa ""No a una Svizzera da 10 milioni!"" è stata approvata con il 58,5 per cento. NA"
3217,26.6,26.6,73.4,"Steinach (SG)","Con il 73,4 per cento dei voti, l'Iniziativa ""No a una Svizzera da 10 milioni!"" viene respinta a Steinach. NA"
3218,80.7,80.7,19.3,"Tübach (SG)","Sì all'Iniziativa ""No a una Svizzera da 10 milioni!"" a Tübach: 80,7 per cento. NA"
3219,56.6,56.6,43.4,"Untereggen (SG)","A Untereggen l'Iniziativa ""No a una Svizzera da 10 milioni!"" è stata approvata con il 56,6 per cento. NA"
3231,22.1,22.1,77.9,"Au (SG)","La popolazione di Au SG respinge l'Iniziativa ""No a una Svizzera da 10 milioni!"" con il 77,9 per cento. NA"
3232,58.3,58.3,41.7,"Balgach (SG)","La popolazione di Balgach approva l'Iniziativa ""No a una Svizzera da 10 milioni!"" con il 58,3 per cento. NA"
3233,40.3,40.3,59.7,"Berneck (SG)","A Berneck l'Iniziativa ""No a una Svizzera da 10 milioni!"" non ottiene la maggioranza: 59,7 per cento di no. NA"
3234,80.6,80.6,19.4,"Diepoldsau (SG)","A Diepoldsau, l'Iniziativa ""No a una Svizzera da 10 milioni!"" è approvata con il 80,6 per cento. NA"
3235,46,46,54,"Rheineck (SG)","A Rheineck l'Iniziativa ""No a una Svizzera da 10 milioni!"" è stata respinta con il 54 per cento. NA"
3236,18.2,18.2,81.8,"St. Margrethen (SG)","La popolazione di St. Margrethen respinge l'Iniziativa ""No a una Svizzera da 10 milioni!"" con il 81,8 per cento. NA"
3237,26,26,74,"Thal (SG)","A Thal l'Iniziativa ""No a una Svizzera da 10 milioni!"" è stata respinta con il 74 per cento. NA"
3238,16.4,16.4,83.6,"Widnau (SG)","A Widnau l'Iniziativa ""No a una Svizzera da 10 milioni!"" non ottiene la maggioranza: 83,6 per cento di no. NA"
3251,32.3,32.3,67.7,"Altstätten (SG)","A Altstätten l'Iniziativa ""No a una Svizzera da 10 milioni!"" è stata respinta con il 67,7 per cento. NA"
3252,7.2,7.2,92.8,"Eichberg (SG)","A Eichberg, l'Iniziativa ""No a una Svizzera da 10 milioni!"" è stata respinta con il 92,8 per cento. NA"
3253,49.7,49.7,50.3,"Marbach (SG)","Con il 50,3 per cento dei voti, l'Iniziativa ""No a una Svizzera da 10 milioni!"" viene respinta a Marbach SG. NA"
3254,47.1,47.1,52.9,"Oberriet (SG)","Con il 52,9 per cento dei voti, Oberriet SG ha respinto l'Iniziativa ""No a una Svizzera da 10 milioni!"". NA"
3255,97.6,97.6,2.4,"Rebstein (SG)","Sì all'Iniziativa ""No a una Svizzera da 10 milioni!"" a Rebstein con il 97,6 per cento. NA"
3256,42.2,42.2,57.8,"Rüthi (SG)","La popolazione di Rüthi SG respinge l'Iniziativa ""No a una Svizzera da 10 milioni!"" con il 57,8 per cento. NA"
3271,1.2,1.2,98.8,"Buchs (SG)","Con il 98,8 per cento dei voti, l'Iniziativa ""No a una Svizzera da 10 milioni!"" viene respinta a Buchs SG. NA"
3272,30.8,30.8,69.2,"Gams (SG)","La popolazione di Gams respinge l'Iniziativa ""No a una Svizzera da 10 milioni!"" con il 69,2 per cento. NA"
3273,68.4,68.4,31.6,"Grabs (SG)","A Grabs, l'Iniziativa ""No a una Svizzera da 10 milioni!"" è approvata con il 68,4 per cento. NA"
3274,73.1,73.1,26.9,"Sennwald (SG)","A Sennwald, l'Iniziativa ""No a una Svizzera da 10 milioni!"" è stata approvata con il 73,1 per cento. NA"
3275,61.4,61.4,38.6,"Sevelen (SG)","Sì all'Iniziativa ""No a una Svizzera da 10 milioni!"" a Sevelen: 61,4 per cento. NA"
3276,67.8,67.8,32.2,"Wartau (SG)","La popolazione di Wartau approva l'Iniziativa ""No a una Svizzera da 10 milioni!"" con il 67,8 per cento. NA"
3291,65.6,65.6,34.4,"Bad Ragaz (SG)","A Bad Ragaz l'Iniziativa ""No a una Svizzera da 10 milioni!"" è stata approvata con il 65,6 per cento. NA"
3292,12.3,12.3,87.7,"Flums (SG)","A Flums, l'Iniziativa ""No a una Svizzera da 10 milioni!"" è stata respinta con il 87,7 per cento. NA"
3293,67.4,67.4,32.6,"Mels (SG)","A Mels, l'Iniziativa ""No a una Svizzera da 10 milioni!"" è stata approvata con il 67,4 per cento. NA"
3294,68.7,68.7,31.3,"Pfäfers (SG)","A Pfäfers, l'Iniziativa ""No a una Svizzera da 10 milioni!"" è approvata con il 68,7 per cento. NA"
3295,64.5,64.5,35.5,"Quarten (SG)","A Quarten, l'Iniziativa ""No a una Svizzera da 10 milioni!"" è approvata con il 64,5 per cento. NA"
3296,28.3,28.3,71.7,"Sargans (SG)","A Sargans, l'Iniziativa ""No a una Svizzera da 10 milioni!"" è stata respinta con il 71,7 per cento. NA"
3297,41.9,41.9,58.1,"Vilters-Wangs (SG)","Con il 58,1 per cento dei voti, l'Iniziativa ""No a una Svizzera da 10 milioni!"" viene respinta a Vilters-Wangs. NA"
3298,75,75,25,"Walenstadt (SG)","A Walenstadt l'Iniziativa ""No a una Svizzera da 10 milioni!"" è stata approvata con il 75 per cento. NA"
3311,65.3,65.3,34.7,"Amden (SG)","Sì all'Iniziativa ""No a una Svizzera da 10 milioni!"" a Amden con il 65,3 per cento. NA"
3312,41.3,41.3,58.7,"Benken (SG)","A Benken SG l'Iniziativa ""No a una Svizzera da 10 milioni!"" è stata respinta con il 58,7 per cento. NA"
3313,35.7,35.7,64.3,"Kaltbrunn (SG)","La popolazione di Kaltbrunn respinge l'Iniziativa ""No a una Svizzera da 10 milioni!"" con il 64,3 per cento. NA"
3315,93.8,93.8,6.2,"Schänis (SG)","A Schänis, l'Iniziativa ""No a una Svizzera da 10 milioni!"" è approvata con il 93,8 per cento. NA"
3316,40.3,40.3,59.7,"Weesen (SG)","Con il 59,7 per cento dei voti, Weesen ha respinto l'Iniziativa ""No a una Svizzera da 10 milioni!"". NA"
3338,58.1,58.1,41.9,"Schmerikon (SG)","A Schmerikon, l'Iniziativa ""No a una Svizzera da 10 milioni!"" è stata approvata con il 58,1 per cento. NA"
3339,0.5,0.5,99.5,"Uznach (SG)","A Uznach l'Iniziativa ""No a una Svizzera da 10 milioni!"" non ottiene la maggioranza: 99,5 per cento di no. NA"
3340,35.2,35.2,64.8,"Rapperswil-Jona (SG)","A Rapperswil-Jona, l'Iniziativa ""No a una Svizzera da 10 milioni!"" è stata respinta con il 64,8 per cento. NA"
3341,53.7,53.7,46.3,"Gommiswald (SG)","A Gommiswald, l'Iniziativa ""No a una Svizzera da 10 milioni!"" è approvata con il 53,7 per cento. NA"
3342,61.5,61.5,38.5,"Eschenbach (SG)","A Eschenbach SG l'Iniziativa ""No a una Svizzera da 10 milioni!"" è stata approvata con il 61,5 per cento. NA"
3352,22.2,22.2,77.8,"Ebnat-Kappel (SG)","A Ebnat-Kappel l'Iniziativa ""No a una Svizzera da 10 milioni!"" non ottiene la maggioranza: 77,8 per cento di no. NA"
3359,48.1,48.1,51.9,"Wildhaus-Alt St. Johann (SG)","A Wildhaus-Alt St. Johann l'Iniziativa ""No a una Svizzera da 10 milioni!"" è stata respinta con il 51,9 per cento. NA"
3360,58.8,58.8,41.2,"Nesslau (SG)","Sì all'Iniziativa ""No a una Svizzera da 10 milioni!"" a Nesslau: 58,8 per cento. NA"
3374,42.1,42.1,57.9,"Lichtensteig (SG)","La popolazione di Lichtensteig respinge l'Iniziativa ""No a una Svizzera da 10 milioni!"" con il 57,9 per cento. NA"
3379,81.3,81.3,18.7,"Wattwil (SG)","Sì all'Iniziativa ""No a una Svizzera da 10 milioni!"" a Wattwil, con il 81,3 per cento di voti favorevoli. NA"
3392,49.2,49.2,50.8,"Kirchberg (SG)","Con il 50,8 per cento dei voti, l'Iniziativa ""No a una Svizzera da 10 milioni!"" viene respinta a Kirchberg SG. NA"
3393,69.4,69.4,30.6,"Lütisburg (SG)","Sì all'Iniziativa ""No a una Svizzera da 10 milioni!"" a Lütisburg, con il 69,4 per cento di voti favorevoli. NA"
3394,19.2,19.2,80.8,"Mosnang (SG)","A Mosnang l'Iniziativa ""No a una Svizzera da 10 milioni!"" non ottiene la maggioranza: 80,8 per cento di no. NA"
3395,26.5,26.5,73.5,"Bütschwil-Ganterschwil (SG)","Con il 73,5 per cento dei voti, l'Iniziativa ""No a una Svizzera da 10 milioni!"" viene respinta a Bütschwil-Ganterschwil. NA"
3396,13.6,13.6,86.4,"Neckertal (SG)","La popolazione di Neckertal respinge l'Iniziativa ""No a una Svizzera da 10 milioni!"" con il 86,4 per cento. NA"
3401,8.6,8.6,91.4,"Degersheim (SG)","A Degersheim l'Iniziativa ""No a una Svizzera da 10 milioni!"" è stata respinta con il 91,4 per cento. NA"
3402,63.1,63.1,36.9,"Flawil (SG)","Sì all'Iniziativa ""No a una Svizzera da 10 milioni!"" a Flawil: 63,1 per cento. NA"
3405,99.2,99.2,0.8,"Jonschwil (SG)","Sì all'Iniziativa ""No a una Svizzera da 10 milioni!"" a Jonschwil con il 99,2 per cento. NA"
3407,64.4,64.4,35.6,"Oberuzwil (SG)","Sì all'Iniziativa ""No a una Svizzera da 10 milioni!"" a Oberuzwil: 64,4 per cento. NA"
3408,36.5,36.5,63.5,"Uzwil (SG)","A Uzwil, l'Iniziativa ""No a una Svizzera da 10 milioni!"" è stata respinta con il 63,5 per cento. NA"
3422,43.7,43.7,56.3,"Niederbüren (SG)","A Niederbüren l'Iniziativa ""No a una Svizzera da 10 milioni!"" non ottiene la maggioranza: 56,3 per cento di no. NA"
3423,47.6,47.6,52.4,"Niederhelfenschwil (SG)","Con il 52,4 per cento dei voti, Niederhelfenschwil ha respinto l'Iniziativa ""No a una Svizzera da 10 milioni!"". NA"
3424,73.7,73.7,26.3,"Oberbüren (SG)","Sì all'Iniziativa ""No a una Svizzera da 10 milioni!"" a Oberbüren: 73,7 per cento. NA"
3426,83.5,83.5,16.5,"Zuzwil (SG)","A Zuzwil SG l'Iniziativa ""No a una Svizzera da 10 milioni!"" è stata approvata con il 83,5 per cento. NA"
3427,80.3,80.3,19.7,"Wil (SG)","A Wil SG, l'Iniziativa ""No a una Svizzera da 10 milioni!"" è stata approvata con il 80,3 per cento. NA"
3441,89.5,89.5,10.5,"Andwil (SG)","A Andwil SG, l'Iniziativa ""No a una Svizzera da 10 milioni!"" è approvata con il 89,5 per cento. NA"
3442,58.1,58.1,41.9,"Gaiserwald (SG)","Sì all'Iniziativa ""No a una Svizzera da 10 milioni!"" a Gaiserwald: 58,1 per cento. NA"
3443,45.4,45.4,54.6,"Gossau (SG)","Con il 54,6 per cento dei voti, l'Iniziativa ""No a una Svizzera da 10 milioni!"" viene respinta a Gossau SG. NA"
3444,33.3,33.3,66.7,"Waldkirch (SG)","A Waldkirch l'Iniziativa ""No a una Svizzera da 10 milioni!"" è stata respinta con il 66,7 per cento. NA"
3506,49.1,49.1,50.9,"Vaz/Obervaz (GR)","Con il 50,9 per cento dei voti, Vaz/Obervaz ha respinto l'Iniziativa ""No a una Svizzera da 10 milioni!"". NA"
3513,71.6,71.6,28.4,"Lantsch/Lenz (GR)","Sì all'Iniziativa ""No a una Svizzera da 10 milioni!"" a Lantsch/Lenz con il 71,6 per cento. NA"
3514,39.6,39.6,60.4,"Schmitten (GR)","Con il 60,4 per cento dei voti, Schmitten GR ha respinto l'Iniziativa ""No a una Svizzera da 10 milioni!"". NA"
3542,44.3,44.3,55.7,"Albula/Alvra (GR)","A Albula/Alvra l'Iniziativa ""No a una Svizzera da 10 milioni!"" è stata respinta con il 55,7 per cento. NA"
3543,87.6,87.6,12.4,"Surses (GR)","Sì all'Iniziativa ""No a una Svizzera da 10 milioni!"" a Surses con il 87,6 per cento. NA"
3544,44.8,44.8,55.2,"Bergün Filisur (GR)","A Bergün Filisur l'Iniziativa ""No a una Svizzera da 10 milioni!"" non ottiene la maggioranza: 55,2 per cento di no. NA"
3551,91.9,91.9,8.1,"Brusio (GR)","La popolazione di Brusio approva l'Iniziativa ""No a una Svizzera da 10 milioni!"" con il 91,9 per cento. NA"
3561,4,4,96,"Poschiavo (GR)","La popolazione di Poschiavo respinge l'Iniziativa ""No a una Svizzera da 10 milioni!"" con il 96 per cento. NA"
3572,28.4,28.4,71.6,"Falera (GR)","La popolazione di Falera respinge l'Iniziativa ""No a una Svizzera da 10 milioni!"" con il 71,6 per cento. NA"
3575,27.6,27.6,72.4,"Laax (GR)","A Laax, l'Iniziativa ""No a una Svizzera da 10 milioni!"" è stata respinta con il 72,4 per cento. NA"
3581,42.6,42.6,57.4,"Sagogn (GR)","A Sagogn l'Iniziativa ""No a una Svizzera da 10 milioni!"" non ottiene la maggioranza: 57,4 per cento di no. NA"
3582,3.9,3.9,96.1,"Schluein (GR)","La popolazione di Schluein respinge l'Iniziativa ""No a una Svizzera da 10 milioni!"" con il 96,1 per cento. NA"
3603,50.7,50.7,49.3,"Vals (GR)","Sì all'Iniziativa ""No a una Svizzera da 10 milioni!"" a Vals con il 50,7 per cento. NA"
3618,83.8,83.8,16.2,"Lumnezia (GR)","La popolazione di Lumnezia approva l'Iniziativa ""No a una Svizzera da 10 milioni!"" con il 83,8 per cento. NA"
3619,84.1,84.1,15.9,"Ilanz/Glion (GR)","A Ilanz/Glion, l'Iniziativa ""No a una Svizzera da 10 milioni!"" è approvata con il 84,1 per cento. NA"
3633,45.1,45.1,54.9,"Fürstenau (GR)","La popolazione di Fürstenau respinge l'Iniziativa ""No a una Svizzera da 10 milioni!"" con il 54,9 per cento. NA"
3637,65.3,65.3,34.7,"Rothenbrunnen (GR)","A Rothenbrunnen, l'Iniziativa ""No a una Svizzera da 10 milioni!"" è approvata con il 65,3 per cento. NA"
3638,59.6,59.6,40.4,"Scharans (GR)","Sì all'Iniziativa ""No a una Svizzera da 10 milioni!"" a Scharans: 59,6 per cento. NA"
3640,69.4,69.4,30.6,"Sils im Domleschg (GR)","A Sils im Domleschg, l'Iniziativa ""No a una Svizzera da 10 milioni!"" è approvata con il 69,4 per cento. NA"
3661,35.1,35.1,64.9,"Cazis (GR)","A Cazis l'Iniziativa ""No a una Svizzera da 10 milioni!"" è stata respinta con il 64,9 per cento. NA"
3662,42.8,42.8,57.2,"Flerden (GR)","A Flerden, l'Iniziativa ""No a una Svizzera da 10 milioni!"" è stata respinta con il 57,2 per cento. NA"
3663,46.8,46.8,53.2,"Masein (GR)","La popolazione di Masein respinge l'Iniziativa ""No a una Svizzera da 10 milioni!"" con il 53,2 per cento. NA"
3668,56.8,56.8,43.2,"Thusis (GR)","A Thusis, l'Iniziativa ""No a una Svizzera da 10 milioni!"" è approvata con il 56,8 per cento. NA"
3669,63.5,63.5,36.5,"Tschappina (GR)","Sì all'Iniziativa ""No a una Svizzera da 10 milioni!"" a Tschappina con il 63,5 per cento. NA"
3670,4.2,4.2,95.8,"Urmein (GR)","La popolazione di Urmein respinge l'Iniziativa ""No a una Svizzera da 10 milioni!"" con il 95,8 per cento. NA"
3672,36.2,36.2,63.8,"Safiental (GR)","A Safiental l'Iniziativa ""No a una Svizzera da 10 milioni!"" è stata respinta con il 63,8 per cento. NA"
3673,10.7,10.7,89.3,"Domleschg (GR)","La popolazione di Domleschg respinge l'Iniziativa ""No a una Svizzera da 10 milioni!"" con il 89,3 per cento. NA"
3681,36.9,36.9,63.1,"Avers (GR)","Con il 63,1 per cento dei voti, l'Iniziativa ""No a una Svizzera da 10 milioni!"" viene respinta a Avers. NA"
3695,43.2,43.2,56.8,"Sufers (GR)","Con il 56,8 per cento dei voti, l'Iniziativa ""No a una Svizzera da 10 milioni!"" viene respinta a Sufers. NA"
3701,63.2,63.2,36.8,"Andeer (GR)","Sì all'Iniziativa ""No a una Svizzera da 10 milioni!"" a Andeer, con il 63,2 per cento di voti favorevoli. NA"
3711,41.6,41.6,58.4,"Rongellen (GR)","La popolazione di Rongellen respinge l'Iniziativa ""No a una Svizzera da 10 milioni!"" con il 58,4 per cento. NA"
3712,21.5,21.5,78.5,"Zillis-Reischen (GR)","Con il 78,5 per cento dei voti, Zillis-Reischen ha respinto l'Iniziativa ""No a una Svizzera da 10 milioni!"". NA"
3713,30.7,30.7,69.3,"Ferrera (GR)","A Ferrera l'Iniziativa ""No a una Svizzera da 10 milioni!"" non ottiene la maggioranza: 69,3 per cento di no. NA"
3714,95,95,5,"Rheinwald (GR)","A Rheinwald, l'Iniziativa ""No a una Svizzera da 10 milioni!"" è approvata con il 95 per cento. NA"
3715,46.8,46.8,53.2,"Muntogna da Schons (GR)","A Muntogna da Schons l'Iniziativa ""No a una Svizzera da 10 milioni!"" non ottiene la maggioranza: 53,2 per cento di no. NA"
3721,15.6,15.6,84.4,"Bonaduz (GR)","A Bonaduz l'Iniziativa ""No a una Svizzera da 10 milioni!"" non ottiene la maggioranza: 84,4 per cento di no. NA"
3722,24.3,24.3,75.7,"Domat/Ems (GR)","A Domat/Ems, l'Iniziativa ""No a una Svizzera da 10 milioni!"" è stata respinta con il 75,7 per cento. NA"
3723,79.2,79.2,20.8,"Rhäzüns (GR)","A Rhäzüns, l'Iniziativa ""No a una Svizzera da 10 milioni!"" è stata approvata con il 79,2 per cento. NA"
3731,79,79,21,"Felsberg (GR)","A Felsberg, l'Iniziativa ""No a una Svizzera da 10 milioni!"" è approvata con il 79 per cento. NA"
3732,86.3,86.3,13.7,"Flims (GR)","A Flims, l'Iniziativa ""No a una Svizzera da 10 milioni!"" è approvata con il 86,3 per cento. NA"
3733,90.9,90.9,9.1,"Tamins (GR)","Sì all'Iniziativa ""No a una Svizzera da 10 milioni!"" a Tamins con il 90,9 per cento. NA"
3734,47.1,47.1,52.9,"Trin (GR)","A Trin l'Iniziativa ""No a una Svizzera da 10 milioni!"" è stata respinta con il 52,9 per cento. NA"
3746,51,51,49,"Zernez (GR)","Sì all'Iniziativa ""No a una Svizzera da 10 milioni!"" a Zernez con il 51 per cento. NA"
3752,65.9,65.9,34.1,"Samnaun (GR)","Sì all'Iniziativa ""No a una Svizzera da 10 milioni!"" a Samnaun: 65,9 per cento. NA"
3762,33.7,33.7,66.3,"Scuol (GR)","Con il 66,3 per cento dei voti, l'Iniziativa ""No a una Svizzera da 10 milioni!"" viene respinta a Scuol. NA"
3764,39.1,39.1,60.9,"Valsot (GR)","A Valsot, l'Iniziativa ""No a una Svizzera da 10 milioni!"" è stata respinta con il 60,9 per cento. NA"
3781,51,51,49,"Bever (GR)","A Bever l'Iniziativa ""No a una Svizzera da 10 milioni!"" è stata approvata con il 51 per cento. NA"
3782,50.8,50.8,49.2,"Celerina/Schlarigna (GR)","Sì all'Iniziativa ""No a una Svizzera da 10 milioni!"" a Celerina/Schlarigna con il 50,8 per cento. NA"
3783,49.1,49.1,50.9,"Madulain (GR)","A Madulain l'Iniziativa ""No a una Svizzera da 10 milioni!"" non ottiene la maggioranza: 50,9 per cento di no. NA"
3784,88.8,88.8,11.2,"Pontresina (GR)","A Pontresina, l'Iniziativa ""No a una Svizzera da 10 milioni!"" è stata approvata con il 88,8 per cento. NA"
3785,6.5,6.5,93.5,"La Punt-Chamues-ch (GR)","A La Punt-Chamues-ch, l'Iniziativa ""No a una Svizzera da 10 milioni!"" è stata respinta con il 93,5 per cento. NA"
3786,55.1,55.1,44.9,"Samedan (GR)","Sì all'Iniziativa ""No a una Svizzera da 10 milioni!"" a Samedan con il 55,1 per cento. NA"
3787,33.2,33.2,66.8,"St. Moritz (GR)","Con il 66,8 per cento dei voti, l'Iniziativa ""No a una Svizzera da 10 milioni!"" viene respinta a St. Moritz. NA"
3788,52.4,52.4,47.6,"S-chanf (GR)","Sì all'Iniziativa ""No a una Svizzera da 10 milioni!"" a S-chanf con il 52,4 per cento. NA"
3789,72.3,72.3,27.7,"Sils im Engadin/Segl (GR)","A Sils im Engadin/Segl, l'Iniziativa ""No a una Svizzera da 10 milioni!"" è approvata con il 72,3 per cento. NA"
3790,43.1,43.1,56.9,"Silvaplana (GR)","A Silvaplana l'Iniziativa ""No a una Svizzera da 10 milioni!"" non ottiene la maggioranza: 56,9 per cento di no. NA"
3791,38.4,38.4,61.6,"Zuoz (GR)","La popolazione di Zuoz respinge l'Iniziativa ""No a una Svizzera da 10 milioni!"" con il 61,6 per cento. NA"
3792,73.7,73.7,26.3,"Bregaglia (GR)","A Bregaglia, l'Iniziativa ""No a una Svizzera da 10 milioni!"" è stata approvata con il 73,7 per cento. NA"
3804,10.5,10.5,89.5,"Buseno (GR)","La popolazione di Buseno respinge l'Iniziativa ""No a una Svizzera da 10 milioni!"" con il 89,5 per cento. NA"
3805,98.5,98.5,1.5,"Castaneda (GR)","A Castaneda l'Iniziativa ""No a una Svizzera da 10 milioni!"" è stata approvata con il 98,5 per cento. NA"
3808,53.7,53.7,46.3,"Rossa (GR)","Sì all'Iniziativa ""No a una Svizzera da 10 milioni!"" a Rossa con il 53,7 per cento. NA"
3810,51.3,51.3,48.7,"Santa Maria in Calanca (GR)","La popolazione di Santa Maria in Calanca approva l'Iniziativa ""No a una Svizzera da 10 milioni!"" con il 51,3 per cento. NA"
3821,38.8,38.8,61.2,"Lostallo (GR)","A Lostallo l'Iniziativa ""No a una Svizzera da 10 milioni!"" è stata respinta con il 61,2 per cento. NA"
3822,48.9,48.9,51.1,"Mesocco (GR)","A Mesocco l'Iniziativa ""No a una Svizzera da 10 milioni!"" è stata respinta con il 51,1 per cento. NA"
3823,57.5,57.5,42.5,"Soazza (GR)","Sì all'Iniziativa ""No a una Svizzera da 10 milioni!"" a Soazza con il 57,5 per cento. NA"
3831,9.8,9.8,90.2,"Cama (GR)","A Cama l'Iniziativa ""No a una Svizzera da 10 milioni!"" è stata respinta con il 90,2 per cento. NA"
3832,33.8,33.8,66.2,"Grono (GR)","Con il 66,2 per cento dei voti, l'Iniziativa ""No a una Svizzera da 10 milioni!"" viene respinta a Grono. NA"
3834,57.4,57.4,42.6,"Roveredo (GR)","Sì all'Iniziativa ""No a una Svizzera da 10 milioni!"" a Roveredo GR, con il 57,4 per cento di voti favorevoli. NA"
3835,59.3,59.3,40.7,"San Vittore (GR)","La popolazione di San Vittore approva l'Iniziativa ""No a una Svizzera da 10 milioni!"" con il 59,3 per cento. NA"
3837,49.8,49.8,50.2,"Calanca (GR)","La popolazione di Calanca respinge l'Iniziativa ""No a una Svizzera da 10 milioni!"" con il 50,2 per cento. NA"
3847,42,42,58,"Val Müstair (GR)","A Val Müstair, l'Iniziativa ""No a una Svizzera da 10 milioni!"" è stata respinta con il 58 per cento. NA"
3851,81,81,19,"Davos (GR)","Sì all'Iniziativa ""No a una Svizzera da 10 milioni!"" a Davos, con il 81 per cento di voti favorevoli. NA"
3861,98.9,98.9,1.1,"Fideris (GR)","Sì all'Iniziativa ""No a una Svizzera da 10 milioni!"" a Fideris, con il 98,9 per cento di voti favorevoli. NA"
3862,70.2,70.2,29.8,"Furna (GR)","Sì all'Iniziativa ""No a una Svizzera da 10 milioni!"" a Furna con il 70,2 per cento. NA"
3863,5,5,95,"Jenaz (GR)","A Jenaz l'Iniziativa ""No a una Svizzera da 10 milioni!"" è stata respinta con il 95 per cento. NA"
3871,59.6,59.6,40.4,"Klosters-Serneus (GR)","A Klosters-Serneus, l'Iniziativa ""No a una Svizzera da 10 milioni!"" è stata approvata con il 59,6 per cento. NA"
3881,95.4,95.4,4.6,"Conters im Prättigau (GR)","A Conters im Prättigau, l'Iniziativa ""No a una Svizzera da 10 milioni!"" è stata approvata con il 95,4 per cento. NA"
3882,2.4,2.4,97.6,"Küblis (GR)","A Küblis l'Iniziativa ""No a una Svizzera da 10 milioni!"" non ottiene la maggioranza: 97,6 per cento di no. NA"
3891,87.9,87.9,12.1,"Luzein (GR)","Sì all'Iniziativa ""No a una Svizzera da 10 milioni!"" a Luzein, con il 87,9 per cento di voti favorevoli. NA"
3901,86.1,86.1,13.9,"Coira (GR)","A Coira, l'Iniziativa ""No a una Svizzera da 10 milioni!"" è stata approvata con il 86,1 per cento. NA"
3911,68.1,68.1,31.9,"Churwalden (GR)","A Churwalden, l'Iniziativa ""No a una Svizzera da 10 milioni!"" è stata approvata con il 68,1 per cento. NA"
3921,65.1,65.1,34.9,"Arosa (GR)","Sì all'Iniziativa ""No a una Svizzera da 10 milioni!"" a Arosa: 65,1 per cento. NA"
3945,39.8,39.8,60.2,"Trimmis (GR)","Con il 60,2 per cento dei voti, l'Iniziativa ""No a una Svizzera da 10 milioni!"" viene respinta a Trimmis. NA"
3946,41.7,41.7,58.3,"Untervaz (GR)","A Untervaz l'Iniziativa ""No a una Svizzera da 10 milioni!"" non ottiene la maggioranza: 58,3 per cento di no. NA"
3947,60.8,60.8,39.2,"Zizers (GR)","A Zizers l'Iniziativa ""No a una Svizzera da 10 milioni!"" è stata approvata con il 60,8 per cento. NA"
3951,22.5,22.5,77.5,"Fläsch (GR)","A Fläsch l'Iniziativa ""No a una Svizzera da 10 milioni!"" è stata respinta con il 77,5 per cento. NA"
3952,8.7,8.7,91.3,"Jenins (GR)","A Jenins l'Iniziativa ""No a una Svizzera da 10 milioni!"" non ottiene la maggioranza: 91,3 per cento di no. NA"
3953,86,86,14,"Maienfeld (GR)","A Maienfeld, l'Iniziativa ""No a una Svizzera da 10 milioni!"" è approvata con il 86 per cento. NA"
3954,64.4,64.4,35.6,"Malans (GR)","La popolazione di Malans approva l'Iniziativa ""No a una Svizzera da 10 milioni!"" con il 64,4 per cento. NA"
3955,70.9,70.9,29.1,"Landquart (GR)","Sì all'Iniziativa ""No a una Svizzera da 10 milioni!"" a Landquart, con il 70,9 per cento di voti favorevoli. NA"
3961,46.2,46.2,53.8,"Grüsch (GR)","A Grüsch, l'Iniziativa ""No a una Svizzera da 10 milioni!"" è stata respinta con il 53,8 per cento. NA"
3962,47.8,47.8,52.2,"Schiers (GR)","A Schiers l'Iniziativa ""No a una Svizzera da 10 milioni!"" non ottiene la maggioranza: 52,2 per cento di no. NA"
3972,51.2,51.2,48.8,"Seewis im Prättigau (GR)","La popolazione di Seewis im Prättigau approva l'Iniziativa ""No a una Svizzera da 10 milioni!"" con il 51,2 per cento. NA"
3981,82.2,82.2,17.8,"Breil/Brigels (GR)","A Breil/Brigels l'Iniziativa ""No a una Svizzera da 10 milioni!"" è stata approvata con il 82,2 per cento. NA"
3982,82.2,82.2,17.8,"Disentis/Mustér (GR)","Sì all'Iniziativa ""No a una Svizzera da 10 milioni!"" a Disentis/Mustér: 82,2 per cento. NA"
3983,27.9,27.9,72.1,"Medel (Lucmagn) (GR)","A Medel (Lucmagn), l'Iniziativa ""No a una Svizzera da 10 milioni!"" è stata respinta con il 72,1 per cento. NA"
3985,43.8,43.8,56.2,"Sumvitg (GR)","Con il 56,2 per cento dei voti, l'Iniziativa ""No a una Svizzera da 10 milioni!"" viene respinta a Sumvitg. NA"
3986,43.8,43.8,56.2,"Tujetsch (GR)","La popolazione di Tujetsch respinge l'Iniziativa ""No a una Svizzera da 10 milioni!"" con il 56,2 per cento. NA"
3987,31.4,31.4,68.6,"Trun (GR)","La popolazione di Trun respinge l'Iniziativa ""No a una Svizzera da 10 milioni!"" con il 68,6 per cento. NA"
3988,44.7,44.7,55.3,"Obersaxen Mundaun (GR)","A Obersaxen Mundaun, l'Iniziativa ""No a una Svizzera da 10 milioni!"" è stata respinta con il 55,3 per cento. NA"
4001,79.9,79.9,20.1,"Aarau (AG)","A Aarau, l'Iniziativa ""No a una Svizzera da 10 milioni!"" è approvata con il 79,9 per cento. NA"
4002,72.9,72.9,27.1,"Biberstein (AG)","Sì all'Iniziativa ""No a una Svizzera da 10 milioni!"" a Biberstein, con il 72,9 per cento di voti favorevoli. NA"
4003,62.2,62.2,37.8,"Buchs (AG)","Sì all'Iniziativa ""No a una Svizzera da 10 milioni!"" a Buchs AG con il 62,2 per cento. NA"
4004,11.5,11.5,88.5,"Densbüren (AG)","A Densbüren, l'Iniziativa ""No a una Svizzera da 10 milioni!"" è stata respinta con il 88,5 per cento. NA"
4005,95.3,95.3,4.7,"Erlinsbach (AG)","A Erlinsbach AG l'Iniziativa ""No a una Svizzera da 10 milioni!"" è stata approvata con il 95,3 per cento. NA"
4006,69.9,69.9,30.1,"Gränichen (AG)","A Gränichen, l'Iniziativa ""No a una Svizzera da 10 milioni!"" è stata approvata con il 69,9 per cento. NA"
4007,84.1,84.1,15.9,"Hirschthal (AG)","A Hirschthal, l'Iniziativa ""No a una Svizzera da 10 milioni!"" è stata approvata con il 84,1 per cento. NA"
4008,51,51,49,"Küttigen (AG)","Sì all'Iniziativa ""No a una Svizzera da 10 milioni!"" a Küttigen con il 51 per cento. NA"
4009,53,53,47,"Muhen (AG)","A Muhen, l'Iniziativa ""No a una Svizzera da 10 milioni!"" è stata approvata con il 53 per cento. NA"
4010,14.9,14.9,85.1,"Oberentfelden (AG)","A Oberentfelden l'Iniziativa ""No a una Svizzera da 10 milioni!"" è stata respinta con il 85,1 per cento. NA"
4012,27.4,27.4,72.6,"Suhr (AG)","A Suhr l'Iniziativa ""No a una Svizzera da 10 milioni!"" è stata respinta con il 72,6 per cento. NA"
4013,12.8,12.8,87.2,"Unterentfelden (AG)","La popolazione di Unterentfelden respinge l'Iniziativa ""No a una Svizzera da 10 milioni!"" con il 87,2 per cento. NA"
4021,53.6,53.6,46.4,"Baden (AG)","La popolazione di Baden approva l'Iniziativa ""No a una Svizzera da 10 milioni!"" con il 53,6 per cento. NA"
4022,2.9,2.9,97.1,"Bellikon (AG)","Con il 97,1 per cento dei voti, l'Iniziativa ""No a una Svizzera da 10 milioni!"" viene respinta a Bellikon. NA"
4023,48.8,48.8,51.2,"Bergdietikon (AG)","A Bergdietikon, l'Iniziativa ""No a una Svizzera da 10 milioni!"" è stata respinta con il 51,2 per cento. NA"
4024,61,61,39,"Birmenstorf (AG)","A Birmenstorf AG l'Iniziativa ""No a una Svizzera da 10 milioni!"" è stata approvata con il 61 per cento. NA"
4026,63.1,63.1,36.9,"Ennetbaden (AG)","Sì all'Iniziativa ""No a una Svizzera da 10 milioni!"" a Ennetbaden, con il 63,1 per cento di voti favorevoli. NA"
4027,44.6,44.6,55.4,"Fislisbach (AG)","A Fislisbach l'Iniziativa ""No a una Svizzera da 10 milioni!"" non ottiene la maggioranza: 55,4 per cento di no. NA"
4028,24,24,76,"Freienwil (AG)","La popolazione di Freienwil respinge l'Iniziativa ""No a una Svizzera da 10 milioni!"" con il 76 per cento. NA"
4029,62.5,62.5,37.5,"Gebenstorf (AG)","Sì all'Iniziativa ""No a una Svizzera da 10 milioni!"" a Gebenstorf con il 62,5 per cento. NA"
4030,39.8,39.8,60.2,"Killwangen (AG)","Con il 60,2 per cento dei voti, Killwangen ha respinto l'Iniziativa ""No a una Svizzera da 10 milioni!"". NA"
4031,53,53,47,"Künten (AG)","A Künten l'Iniziativa ""No a una Svizzera da 10 milioni!"" è stata approvata con il 53 per cento. NA"
4032,55,55,45,"Mägenwil (AG)","Sì all'Iniziativa ""No a una Svizzera da 10 milioni!"" a Mägenwil: 55 per cento. NA"
4033,17.5,17.5,82.5,"Mellingen (AG)","Con il 82,5 per cento dei voti, Mellingen ha respinto l'Iniziativa ""No a una Svizzera da 10 milioni!"". NA"
4034,11.4,11.4,88.6,"Neuenhof (AG)","Con il 88,6 per cento dei voti, Neuenhof ha respinto l'Iniziativa ""No a una Svizzera da 10 milioni!"". NA"
4035,74.9,74.9,25.1,"Niederrohrdorf (AG)","Sì all'Iniziativa ""No a una Svizzera da 10 milioni!"" a Niederrohrdorf: 74,9 per cento. NA"
4037,64.1,64.1,35.9,"Oberrohrdorf (AG)","A Oberrohrdorf, l'Iniziativa ""No a una Svizzera da 10 milioni!"" è stata approvata con il 64,1 per cento. NA"
4038,92.9,92.9,7.1,"Obersiggenthal (AG)","A Obersiggenthal l'Iniziativa ""No a una Svizzera da 10 milioni!"" è stata approvata con il 92,9 per cento. NA"
4039,64.3,64.3,35.7,"Remetschwil (AG)","La popolazione di Remetschwil approva l'Iniziativa ""No a una Svizzera da 10 milioni!"" con il 64,3 per cento. NA"
4040,45.7,45.7,54.3,"Spreitenbach (AG)","A Spreitenbach l'Iniziativa ""No a una Svizzera da 10 milioni!"" è stata respinta con il 54,3 per cento. NA"
4041,97.9,97.9,2.1,"Stetten (AG)","La popolazione di Stetten AG approva l'Iniziativa ""No a una Svizzera da 10 milioni!"" con il 97,9 per cento. NA"
4044,9.2,9.2,90.8,"Untersiggenthal (AG)","Con il 90,8 per cento dei voti, Untersiggenthal ha respinto l'Iniziativa ""No a una Svizzera da 10 milioni!"". NA"
4045,56.2,56.2,43.8,"Wettingen (AG)","Sì all'Iniziativa ""No a una Svizzera da 10 milioni!"" a Wettingen con il 56,2 per cento. NA"
4046,14.3,14.3,85.7,"Wohlenschwil (AG)","La popolazione di Wohlenschwil respinge l'Iniziativa ""No a una Svizzera da 10 milioni!"" con il 85,7 per cento. NA"
4047,84,84,16,"Würenlingen (AG)","Sì all'Iniziativa ""No a una Svizzera da 10 milioni!"" a Würenlingen: 84 per cento. NA"
4048,83.5,83.5,16.5,"Würenlos (AG)","La popolazione di Würenlos approva l'Iniziativa ""No a una Svizzera da 10 milioni!"" con il 83,5 per cento. NA"
4049,88.9,88.9,11.1,"Ehrendingen (AG)","Sì all'Iniziativa ""No a una Svizzera da 10 milioni!"" a Ehrendingen con il 88,9 per cento. NA"
4061,46.5,46.5,53.5,"Arni (AG)","A Arni AG l'Iniziativa ""No a una Svizzera da 10 milioni!"" è stata respinta con il 53,5 per cento. NA"
4062,1.8,1.8,98.2,"Berikon (AG)","A Berikon l'Iniziativa ""No a una Svizzera da 10 milioni!"" non ottiene la maggioranza: 98,2 per cento di no. NA"
4063,70.3,70.3,29.7,"Bremgarten (AG)","A Bremgarten AG, l'Iniziativa ""No a una Svizzera da 10 milioni!"" è stata approvata con il 70,3 per cento. NA"
4064,70.1,70.1,29.9,"Büttikon (AG)","Sì all'Iniziativa ""No a una Svizzera da 10 milioni!"" a Büttikon: 70,1 per cento. NA"
4065,49.2,49.2,50.8,"Dottikon (AG)","Con il 50,8 per cento dei voti, Dottikon ha respinto l'Iniziativa ""No a una Svizzera da 10 milioni!"". NA"
4066,2.4,2.4,97.6,"Eggenwil (AG)","Con il 97,6 per cento dei voti, Eggenwil ha respinto l'Iniziativa ""No a una Svizzera da 10 milioni!"". NA"
4067,66,66,34,"Fischbach-Göslikon (AG)","Sì all'Iniziativa ""No a una Svizzera da 10 milioni!"" a Fischbach-Göslikon con il 66 per cento. NA"
4068,37.6,37.6,62.4,"Hägglingen (AG)","La popolazione di Hägglingen respinge l'Iniziativa ""No a una Svizzera da 10 milioni!"" con il 62,4 per cento. NA"
4071,53.3,53.3,46.7,"Jonen (AG)","Sì all'Iniziativa ""No a una Svizzera da 10 milioni!"" a Jonen con il 53,3 per cento. NA"
4072,64.2,64.2,35.8,"Niederwil (AG)","La popolazione di Niederwil AG approva l'Iniziativa ""No a una Svizzera da 10 milioni!"" con il 64,2 per cento. NA"
4073,3.3,3.3,96.7,"Oberlunkhofen (AG)","La popolazione di Oberlunkhofen respinge l'Iniziativa ""No a una Svizzera da 10 milioni!"" con il 96,7 per cento. NA"
4074,87.9,87.9,12.1,"Oberwil-Lieli (AG)","A Oberwil-Lieli, l'Iniziativa ""No a una Svizzera da 10 milioni!"" è approvata con il 87,9 per cento. NA"
4075,76.7,76.7,23.3,"Rudolfstetten-Friedlisberg (AG)","Sì all'Iniziativa ""No a una Svizzera da 10 milioni!"" a Rudolfstetten-Friedlisberg, con il 76,7 per cento di voti favorevoli. NA"
4076,54.3,54.3,45.7,"Sarmenstorf (AG)","A Sarmenstorf l'Iniziativa ""No a una Svizzera da 10 milioni!"" è stata approvata con il 54,3 per cento. NA"
4077,17.2,17.2,82.8,"Tägerig (AG)","A Tägerig l'Iniziativa ""No a una Svizzera da 10 milioni!"" non ottiene la maggioranza: 82,8 per cento di no. NA"
4078,27.6,27.6,72.4,"Uezwil (AG)","A Uezwil, l'Iniziativa ""No a una Svizzera da 10 milioni!"" è stata respinta con il 72,4 per cento. NA"
4079,1.7,1.7,98.3,"Unterlunkhofen (AG)","A Unterlunkhofen l'Iniziativa ""No a una Svizzera da 10 milioni!"" è stata respinta con il 98,3 per cento. NA"
4080,0.9,0.9,99.1,"Villmergen (AG)","A Villmergen l'Iniziativa ""No a una Svizzera da 10 milioni!"" è stata respinta con il 99,1 per cento. NA"
4081,76.8,76.8,23.2,"Widen (AG)","Sì all'Iniziativa ""No a una Svizzera da 10 milioni!"" a Widen, con il 76,8 per cento di voti favorevoli. NA"
4082,46.3,46.3,53.7,"Wohlen (AG)","A Wohlen AG l'Iniziativa ""No a una Svizzera da 10 milioni!"" non ottiene la maggioranza: 53,7 per cento di no. NA"
4083,44.6,44.6,55.4,"Zufikon (AG)","La popolazione di Zufikon respinge l'Iniziativa ""No a una Svizzera da 10 milioni!"" con il 55,4 per cento. NA"
4084,76.6,76.6,23.4,"Islisberg (AG)","Sì all'Iniziativa ""No a una Svizzera da 10 milioni!"" a Islisberg, con il 76,6 per cento di voti favorevoli. NA"
4091,53.7,53.7,46.3,"Auenstein (AG)","Sì all'Iniziativa ""No a una Svizzera da 10 milioni!"" a Auenstein con il 53,7 per cento. NA"
4092,49,49,51,"Birr (AG)","La popolazione di Birr respinge l'Iniziativa ""No a una Svizzera da 10 milioni!"" con il 51 per cento. NA"
4093,65.9,65.9,34.1,"Birrhard (AG)","A Birrhard, l'Iniziativa ""No a una Svizzera da 10 milioni!"" è stata approvata con il 65,9 per cento. NA"
4095,83.4,83.4,16.6,"Brugg (AG)","A Brugg, l'Iniziativa ""No a una Svizzera da 10 milioni!"" è approvata con il 83,4 per cento. NA"
4099,28,28,72,"Habsburg (AG)","La popolazione di Habsburg respinge l'Iniziativa ""No a una Svizzera da 10 milioni!"" con il 72 per cento. NA"
4100,45.5,45.5,54.5,"Hausen (AG)","A Hausen AG l'Iniziativa ""No a una Svizzera da 10 milioni!"" non ottiene la maggioranza: 54,5 per cento di no. NA"
4104,28.3,28.3,71.7,"Lupfig (AG)","A Lupfig l'Iniziativa ""No a una Svizzera da 10 milioni!"" è stata respinta con il 71,7 per cento. NA"
4105,64.5,64.5,35.5,"Mandach (AG)","A Mandach, l'Iniziativa ""No a una Svizzera da 10 milioni!"" è approvata con il 64,5 per cento. NA"
4106,92.6,92.6,7.4,"Mönthal (AG)","A Mönthal l'Iniziativa ""No a una Svizzera da 10 milioni!"" è stata approvata con il 92,6 per cento. NA"
4107,76.9,76.9,23.1,"Mülligen (AG)","Sì all'Iniziativa ""No a una Svizzera da 10 milioni!"" a Mülligen, con il 76,9 per cento di voti favorevoli. NA"
4110,53.1,53.1,46.9,"Remigen (AG)","Sì all'Iniziativa ""No a una Svizzera da 10 milioni!"" a Remigen: 53,1 per cento. NA"
4111,68.6,68.6,31.4,"Riniken (AG)","A Riniken, l'Iniziativa ""No a una Svizzera da 10 milioni!"" è stata approvata con il 68,6 per cento. NA"
4112,18.4,18.4,81.6,"Rüfenach (AG)","La popolazione di Rüfenach respinge l'Iniziativa ""No a una Svizzera da 10 milioni!"" con il 81,6 per cento. NA"
4117,99.5,99.5,0.5,"Thalheim (AG)","Nel confronto svizzero, Thalheim AG è terza per il sì all'Iniziativa ""No a una Svizzera da 10 milioni!"" con il 99,5 per cento. NA"
4120,28.5,28.5,71.5,"Veltheim (AG)","A Veltheim AG l'Iniziativa ""No a una Svizzera da 10 milioni!"" è stata respinta con il 71,5 per cento. NA"
4121,78.7,78.7,21.3,"Villigen (AG)","A Villigen, l'Iniziativa ""No a una Svizzera da 10 milioni!"" è stata approvata con il 78,7 per cento. NA"
4123,46.2,46.2,53.8,"Windisch (AG)","A Windisch, l'Iniziativa ""No a una Svizzera da 10 milioni!"" è stata respinta con il 53,8 per cento. NA"
4124,52.5,52.5,47.5,"Bözberg (AG)","A Bözberg l'Iniziativa ""No a una Svizzera da 10 milioni!"" è stata approvata con il 52,5 per cento. NA"
4125,63.3,63.3,36.7,"Schinznach (AG)","Sì all'Iniziativa ""No a una Svizzera da 10 milioni!"" a Schinznach con il 63,3 per cento. NA"
4131,57.9,57.9,42.1,"Beinwil am See (AG)","A Beinwil am See, l'Iniziativa ""No a una Svizzera da 10 milioni!"" è approvata con il 57,9 per cento. NA"
4132,25.2,25.2,74.8,"Birrwil (AG)","La popolazione di Birrwil respinge l'Iniziativa ""No a una Svizzera da 10 milioni!"" con il 74,8 per cento. NA"
4134,49.2,49.2,50.8,"Dürrenäsch (AG)","Con il 50,8 per cento dei voti, Dürrenäsch ha respinto l'Iniziativa ""No a una Svizzera da 10 milioni!"". NA"
4135,56.4,56.4,43.6,"Gontenschwil (AG)","Sì all'Iniziativa ""No a una Svizzera da 10 milioni!"" a Gontenschwil: 56,4 per cento. NA"
4136,86.1,86.1,13.9,"Holziken (AG)","Sì all'Iniziativa ""No a una Svizzera da 10 milioni!"" a Holziken con il 86,1 per cento. NA"
4137,66.6,66.6,33.4,"Leimbach (AG)","Sì all'Iniziativa ""No a una Svizzera da 10 milioni!"" a Leimbach AG, con il 66,6 per cento di voti favorevoli. NA"
4138,44.2,44.2,55.8,"Leutwil (AG)","A Leutwil l'Iniziativa ""No a una Svizzera da 10 milioni!"" è stata respinta con il 55,8 per cento. NA"
4139,73.4,73.4,26.6,"Menziken (AG)","A Menziken, l'Iniziativa ""No a una Svizzera da 10 milioni!"" è approvata con il 73,4 per cento. NA"
4140,15.7,15.7,84.3,"Oberkulm (AG)","A Oberkulm, l'Iniziativa ""No a una Svizzera da 10 milioni!"" è stata respinta con il 84,3 per cento. NA"
4141,89.8,89.8,10.2,"Reinach (AG)","A Reinach AG, l'Iniziativa ""No a una Svizzera da 10 milioni!"" è stata approvata con il 89,8 per cento. NA"
4142,12.9,12.9,87.1,"Schlossrued (AG)","A Schlossrued, l'Iniziativa ""No a una Svizzera da 10 milioni!"" è stata respinta con il 87,1 per cento. NA"
4143,60.7,60.7,39.3,"Schmiedrued (AG)","A Schmiedrued l'Iniziativa ""No a una Svizzera da 10 milioni!"" è stata approvata con il 60,7 per cento. NA"
4144,87.4,87.4,12.6,"Schöftland (AG)","A Schöftland l'Iniziativa ""No a una Svizzera da 10 milioni!"" è stata approvata con il 87,4 per cento. NA"
4145,22.3,22.3,77.7,"Teufenthal (AG)","A Teufenthal AG, l'Iniziativa ""No a una Svizzera da 10 milioni!"" è stata respinta con il 77,7 per cento. NA"
4146,33.3,33.3,66.7,"Unterkulm (AG)","La popolazione di Unterkulm respinge l'Iniziativa ""No a una Svizzera da 10 milioni!"" con il 66,7 per cento. NA"
4147,69.2,69.2,30.8,"Zetzwil (AG)","A Zetzwil, l'Iniziativa ""No a una Svizzera da 10 milioni!"" è approvata con il 69,2 per cento. NA"
4161,37.8,37.8,62.2,"Eiken (AG)","A Eiken, l'Iniziativa ""No a una Svizzera da 10 milioni!"" è stata respinta con il 62,2 per cento. NA"
4163,93.6,93.6,6.4,"Frick (AG)","A Frick l'Iniziativa ""No a una Svizzera da 10 milioni!"" è stata approvata con il 93,6 per cento. NA"
4164,37.7,37.7,62.3,"Gansingen (AG)","La popolazione di Gansingen respinge l'Iniziativa ""No a una Svizzera da 10 milioni!"" con il 62,3 per cento. NA"
4165,9.8,9.8,90.2,"Gipf-Oberfrick (AG)","La popolazione di Gipf-Oberfrick respinge l'Iniziativa ""No a una Svizzera da 10 milioni!"" con il 90,2 per cento. NA"
4169,79.8,79.8,20.2,"Kaisten (AG)","Sì all'Iniziativa ""No a una Svizzera da 10 milioni!"" a Kaisten: 79,8 per cento. NA"
4170,98.1,98.1,1.9,"Laufenburg (AG)","Sì all'Iniziativa ""No a una Svizzera da 10 milioni!"" a Laufenburg con il 98,1 per cento. NA"
4172,58,58,42,"Münchwilen (AG)","A Münchwilen AG, l'Iniziativa ""No a una Svizzera da 10 milioni!"" è approvata con il 58 per cento. NA"
4173,29.9,29.9,70.1,"Oberhof (AG)","Con il 70,1 per cento dei voti, l'Iniziativa ""No a una Svizzera da 10 milioni!"" viene respinta a Oberhof. NA"
4175,52.1,52.1,47.9,"Oeschgen (AG)","Sì all'Iniziativa ""No a una Svizzera da 10 milioni!"" a Oeschgen con il 52,1 per cento. NA"
4176,68.4,68.4,31.6,"Schwaderloch (AG)","A Schwaderloch, l'Iniziativa ""No a una Svizzera da 10 milioni!"" è approvata con il 68,4 per cento. NA"
4177,13.4,13.4,86.6,"Sisseln (AG)","La popolazione di Sisseln respinge l'Iniziativa ""No a una Svizzera da 10 milioni!"" con il 86,6 per cento. NA"
4181,23.1,23.1,76.9,"Wittnau (AG)","A Wittnau, l'Iniziativa ""No a una Svizzera da 10 milioni!"" è stata respinta con il 76,9 per cento. NA"
4182,57.6,57.6,42.4,"Wölflinswil (AG)","Sì all'Iniziativa ""No a una Svizzera da 10 milioni!"" a Wölflinswil, con il 57,6 per cento di voti favorevoli. NA"
4183,75.2,75.2,24.8,"Zeihen (AG)","Sì all'Iniziativa ""No a una Svizzera da 10 milioni!"" a Zeihen con il 75,2 per cento. NA"
4184,34.7,34.7,65.3,"Mettauertal (AG)","La popolazione di Mettauertal respinge l'Iniziativa ""No a una Svizzera da 10 milioni!"" con il 65,3 per cento. NA"
4185,52.7,52.7,47.3,"Böztal (AG)","Sì all'Iniziativa ""No a una Svizzera da 10 milioni!"" a Böztal, con il 52,7 per cento di voti favorevoli. NA"
4186,88.9,88.9,11.1,"Herznach-Ueken (AG)","Sì all'Iniziativa ""No a una Svizzera da 10 milioni!"" a Herznach-Ueken con il 88,9 per cento. NA"
4191,82.4,82.4,17.6,"Ammerswil (AG)","Sì all'Iniziativa ""No a una Svizzera da 10 milioni!"" a Ammerswil: 82,4 per cento. NA"
4192,39.3,39.3,60.7,"Boniswil (AG)","La popolazione di Boniswil respinge l'Iniziativa ""No a una Svizzera da 10 milioni!"" con il 60,7 per cento. NA"
4193,59.4,59.4,40.6,"Brunegg (AG)","A Brunegg, l'Iniziativa ""No a una Svizzera da 10 milioni!"" è approvata con il 59,4 per cento. NA"
4194,63.6,63.6,36.4,"Dintikon (AG)","Sì all'Iniziativa ""No a una Svizzera da 10 milioni!"" a Dintikon con il 63,6 per cento. NA"
4195,59,59,41,"Egliswil (AG)","A Egliswil, l'Iniziativa ""No a una Svizzera da 10 milioni!"" è approvata con il 59 per cento. NA"
4196,67.1,67.1,32.9,"Fahrwangen (AG)","A Fahrwangen, l'Iniziativa ""No a una Svizzera da 10 milioni!"" è stata approvata con il 67,1 per cento. NA"
4197,22,22,78,"Hallwil (AG)","A Hallwil l'Iniziativa ""No a una Svizzera da 10 milioni!"" è stata respinta con il 78 per cento. NA"
4198,50.8,50.8,49.2,"Hendschiken (AG)","Sì all'Iniziativa ""No a una Svizzera da 10 milioni!"" a Hendschiken: 50,8 per cento. NA"
4199,25.7,25.7,74.3,"Holderbank (AG)","La popolazione di Holderbank AG respinge l'Iniziativa ""No a una Svizzera da 10 milioni!"" con il 74,3 per cento. NA"
4200,56.3,56.3,43.7,"Hunzenschwil (AG)","Sì all'Iniziativa ""No a una Svizzera da 10 milioni!"" a Hunzenschwil con il 56,3 per cento. NA"
4201,40.2,40.2,59.8,"Lenzburg (AG)","A Lenzburg, l'Iniziativa ""No a una Svizzera da 10 milioni!"" è stata respinta con il 59,8 per cento. NA"
4202,1,1,99,"Meisterschwanden (AG)","A Meisterschwanden, l'Iniziativa ""No a una Svizzera da 10 milioni!"" è stata respinta con il 99 per cento. NA"
4203,63.4,63.4,36.6,"Möriken-Wildegg (AG)","A Möriken-Wildegg, l'Iniziativa ""No a una Svizzera da 10 milioni!"" è stata approvata con il 63,4 per cento. NA"
4204,17.5,17.5,82.5,"Niederlenz (AG)","A Niederlenz l'Iniziativa ""No a una Svizzera da 10 milioni!"" è stata respinta con il 82,5 per cento. NA"
4205,15.4,15.4,84.6,"Othmarsingen (AG)","Con il 84,6 per cento dei voti, Othmarsingen ha respinto l'Iniziativa ""No a una Svizzera da 10 milioni!"". NA"
4206,52,52,48,"Rupperswil (AG)","A Rupperswil, l'Iniziativa ""No a una Svizzera da 10 milioni!"" è approvata con il 52 per cento. NA"
4207,47.9,47.9,52.1,"Schafisheim (AG)","Con il 52,1 per cento dei voti, l'Iniziativa ""No a una Svizzera da 10 milioni!"" viene respinta a Schafisheim. NA"
4208,88.6,88.6,11.4,"Seengen (AG)","A Seengen, l'Iniziativa ""No a una Svizzera da 10 milioni!"" è approvata con il 88,6 per cento. NA"
4209,32.3,32.3,67.7,"Seon (AG)","A Seon l'Iniziativa ""No a una Svizzera da 10 milioni!"" è stata respinta con il 67,7 per cento. NA"
4210,41.5,41.5,58.5,"Staufen (AG)","Con il 58,5 per cento dei voti, l'Iniziativa ""No a una Svizzera da 10 milioni!"" viene respinta a Staufen. NA"
4221,39.7,39.7,60.3,"Abtwil (AG)","A Abtwil l'Iniziativa ""No a una Svizzera da 10 milioni!"" è stata respinta con il 60,3 per cento. NA"
4222,67.7,67.7,32.3,"Aristau (AG)","Sì all'Iniziativa ""No a una Svizzera da 10 milioni!"" a Aristau, con il 67,7 per cento di voti favorevoli. NA"
4223,8.1,8.1,91.9,"Auw (AG)","A Auw, l'Iniziativa ""No a una Svizzera da 10 milioni!"" è stata respinta con il 91,9 per cento. NA"
4224,42.8,42.8,57.2,"Beinwil (Freiamt) (AG)","Con il 57,2 per cento dei voti, l'Iniziativa ""No a una Svizzera da 10 milioni!"" viene respinta a Beinwil (Freiamt). NA"
4226,12.4,12.4,87.6,"Besenbüren (AG)","La popolazione di Besenbüren respinge l'Iniziativa ""No a una Svizzera da 10 milioni!"" con il 87,6 per cento. NA"
4227,31.7,31.7,68.3,"Bettwil (AG)","A Bettwil l'Iniziativa ""No a una Svizzera da 10 milioni!"" è stata respinta con il 68,3 per cento. NA"
4228,17.1,17.1,82.9,"Boswil (AG)","Con il 82,9 per cento dei voti, l'Iniziativa ""No a una Svizzera da 10 milioni!"" viene respinta a Boswil. NA"
4229,89.1,89.1,10.9,"Bünzen (AG)","A Bünzen, l'Iniziativa ""No a una Svizzera da 10 milioni!"" è stata approvata con il 89,1 per cento. NA"
4230,97.8,97.8,2.2,"Buttwil (AG)","Sì all'Iniziativa ""No a una Svizzera da 10 milioni!"" a Buttwil con il 97,8 per cento. NA"
4231,58.8,58.8,41.2,"Dietwil (AG)","La popolazione di Dietwil approva l'Iniziativa ""No a una Svizzera da 10 milioni!"" con il 58,8 per cento. NA"
4232,74.7,74.7,25.3,"Geltwil (AG)","A Geltwil, l'Iniziativa ""No a una Svizzera da 10 milioni!"" è approvata con il 74,7 per cento. NA"
4233,50.9,50.9,49.1,"Kallern (AG)","Sì all'Iniziativa ""No a una Svizzera da 10 milioni!"" a Kallern con il 50,9 per cento. NA"
4234,65,65,35,"Merenschwand (AG)","A Merenschwand, l'Iniziativa ""No a una Svizzera da 10 milioni!"" è stata approvata con il 65 per cento. NA"
4235,44.2,44.2,55.8,"Mühlau (AG)","Con il 55,8 per cento dei voti, Mühlau ha respinto l'Iniziativa ""No a una Svizzera da 10 milioni!"". NA"
4236,75.3,75.3,24.7,"Muri (AG)","A Muri AG, l'Iniziativa ""No a una Svizzera da 10 milioni!"" è approvata con il 75,3 per cento. NA"
4237,44.9,44.9,55.1,"Oberrüti (AG)","La popolazione di Oberrüti respinge l'Iniziativa ""No a una Svizzera da 10 milioni!"" con il 55,1 per cento. NA"
4238,54,54,46,"Rottenschwil (AG)","Sì all'Iniziativa ""No a una Svizzera da 10 milioni!"" a Rottenschwil con il 54 per cento. NA"
4239,56.9,56.9,43.1,"Sins (AG)","Sì all'Iniziativa ""No a una Svizzera da 10 milioni!"" a Sins, con il 56,9 per cento di voti favorevoli. NA"
4240,57.9,57.9,42.1,"Waltenschwil (AG)","Sì all'Iniziativa ""No a una Svizzera da 10 milioni!"" a Waltenschwil con il 57,9 per cento. NA"
4251,60.3,60.3,39.7,"Hellikon (AG)","Sì all'Iniziativa ""No a una Svizzera da 10 milioni!"" a Hellikon, con il 60,3 per cento di voti favorevoli. NA"
4252,46.5,46.5,53.5,"Kaiseraugst (AG)","A Kaiseraugst, l'Iniziativa ""No a una Svizzera da 10 milioni!"" è stata respinta con il 53,5 per cento. NA"
4253,14.2,14.2,85.8,"Magden (AG)","Con il 85,8 per cento dei voti, l'Iniziativa ""No a una Svizzera da 10 milioni!"" viene respinta a Magden. NA"
4254,30.6,30.6,69.4,"Möhlin (AG)","A Möhlin l'Iniziativa ""No a una Svizzera da 10 milioni!"" è stata respinta con il 69,4 per cento. NA"
4255,60.8,60.8,39.2,"Mumpf (AG)","Sì all'Iniziativa ""No a una Svizzera da 10 milioni!"" a Mumpf con il 60,8 per cento. NA"
4256,60.2,60.2,39.8,"Obermumpf (AG)","Sì all'Iniziativa ""No a una Svizzera da 10 milioni!"" a Obermumpf, con il 60,2 per cento di voti favorevoli. NA"
4257,72.4,72.4,27.6,"Olsberg (AG)","A Olsberg, l'Iniziativa ""No a una Svizzera da 10 milioni!"" è approvata con il 72,4 per cento. NA"
4258,0.7,0.7,99.3,"Rheinfelden (AG)","Con il 99,3 per cento dei voti, Rheinfelden ha respinto l'Iniziativa ""No a una Svizzera da 10 milioni!"". NA"
4259,28.3,28.3,71.7,"Schupfart (AG)","La popolazione di Schupfart respinge l'Iniziativa ""No a una Svizzera da 10 milioni!"" con il 71,7 per cento. NA"
4260,44.6,44.6,55.4,"Stein (AG)","A Stein AG, l'Iniziativa ""No a una Svizzera da 10 milioni!"" è stata respinta con il 55,4 per cento. NA"
4261,35.8,35.8,64.2,"Wallbach (AG)","La popolazione di Wallbach respinge l'Iniziativa ""No a una Svizzera da 10 milioni!"" con il 64,2 per cento. NA"
4262,51.8,51.8,48.2,"Wegenstetten (AG)","A Wegenstetten, l'Iniziativa ""No a una Svizzera da 10 milioni!"" è stata approvata con il 51,8 per cento. NA"
4263,14.3,14.3,85.7,"Zeiningen (AG)","A Zeiningen l'Iniziativa ""No a una Svizzera da 10 milioni!"" è stata respinta con il 85,7 per cento. NA"
4264,58.4,58.4,41.6,"Zuzgen (AG)","Sì all'Iniziativa ""No a una Svizzera da 10 milioni!"" a Zuzgen: 58,4 per cento. NA"
4271,46.5,46.5,53.5,"Aarburg (AG)","Con il 53,5 per cento dei voti, l'Iniziativa ""No a una Svizzera da 10 milioni!"" viene respinta a Aarburg. NA"
4273,33.3,33.3,66.7,"Bottenwil (AG)","A Bottenwil l'Iniziativa ""No a una Svizzera da 10 milioni!"" non ottiene la maggioranza: 66,7 per cento di no. NA"
4274,56.5,56.5,43.5,"Brittnau (AG)","Sì all'Iniziativa ""No a una Svizzera da 10 milioni!"" a Brittnau: 56,5 per cento. NA"
4275,62.5,62.5,37.5,"Kirchleerau (AG)","La popolazione di Kirchleerau approva l'Iniziativa ""No a una Svizzera da 10 milioni!"" con il 62,5 per cento. NA"
4276,99.9,99.9,0.1,"Kölliken (AG)","A Kölliken, il sì all'Iniziativa ""No a una Svizzera da 10 milioni!"" raggiunge il 99,9 per cento, il valore più alto che in qualsiasi altro comune svizzero. NA"
4277,38.8,38.8,61.2,"Moosleerau (AG)","A Moosleerau, l'Iniziativa ""No a una Svizzera da 10 milioni!"" è stata respinta con il 61,2 per cento. NA"
4279,21.9,21.9,78.1,"Murgenthal (AG)","La popolazione di Murgenthal respinge l'Iniziativa ""No a una Svizzera da 10 milioni!"" con il 78,1 per cento. NA"
4280,32.9,32.9,67.1,"Oftringen (AG)","A Oftringen l'Iniziativa ""No a una Svizzera da 10 milioni!"" è stata respinta con il 67,1 per cento. NA"
4281,60.9,60.9,39.1,"Reitnau (AG)","Sì all'Iniziativa ""No a una Svizzera da 10 milioni!"" a Reitnau: 60,9 per cento. NA"
4282,81.7,81.7,18.3,"Rothrist (AG)","A Rothrist, l'Iniziativa ""No a una Svizzera da 10 milioni!"" è approvata con il 81,7 per cento. NA"
4283,22.4,22.4,77.6,"Safenwil (AG)","Con il 77,6 per cento dei voti, l'Iniziativa ""No a una Svizzera da 10 milioni!"" viene respinta a Safenwil. NA"
4284,42.5,42.5,57.5,"Staffelbach (AG)","A Staffelbach l'Iniziativa ""No a una Svizzera da 10 milioni!"" è stata respinta con il 57,5 per cento. NA"
4285,46.3,46.3,53.7,"Strengelbach (AG)","Con il 53,7 per cento dei voti, l'Iniziativa ""No a una Svizzera da 10 milioni!"" viene respinta a Strengelbach. NA"
4286,44,44,56,"Uerkheim (AG)","Con il 56 per cento dei voti, l'Iniziativa ""No a una Svizzera da 10 milioni!"" viene respinta a Uerkheim. NA"
4287,47.5,47.5,52.5,"Vordemwald (AG)","Con il 52,5 per cento dei voti, Vordemwald ha respinto l'Iniziativa ""No a una Svizzera da 10 milioni!"". NA"
4288,48.7,48.7,51.3,"Wiliberg (AG)","A Wiliberg l'Iniziativa ""No a una Svizzera da 10 milioni!"" non ottiene la maggioranza: 51,3 per cento di no. NA"
4289,35.5,35.5,64.5,"Zofingue (AG)","A Zofingue l'Iniziativa ""No a una Svizzera da 10 milioni!"" non ottiene la maggioranza: 64,5 per cento di no. NA"
4303,69.7,69.7,30.3,"Böttstein (AG)","A Böttstein, l'Iniziativa ""No a una Svizzera da 10 milioni!"" è stata approvata con il 69,7 per cento. NA"
4304,24.8,24.8,75.2,"Döttingen (AG)","Con il 75,2 per cento dei voti, Döttingen ha respinto l'Iniziativa ""No a una Svizzera da 10 milioni!"". NA"
4305,43,43,57,"Endingen (AG)","Con il 57 per cento dei voti, l'Iniziativa ""No a una Svizzera da 10 milioni!"" viene respinta a Endingen. NA"
4306,40.7,40.7,59.3,"Fisibach (AG)","La popolazione di Fisibach respinge l'Iniziativa ""No a una Svizzera da 10 milioni!"" con il 59,3 per cento. NA"
4307,84.8,84.8,15.2,"Full-Reuenthal (AG)","A Full-Reuenthal l'Iniziativa ""No a una Svizzera da 10 milioni!"" è stata approvata con il 84,8 per cento. NA"
4309,44.3,44.3,55.7,"Klingnau (AG)","Con il 55,7 per cento dei voti, Klingnau ha respinto l'Iniziativa ""No a una Svizzera da 10 milioni!"". NA"
4310,32.1,32.1,67.9,"Koblenz (AG)","La popolazione di Koblenz respinge l'Iniziativa ""No a una Svizzera da 10 milioni!"" con il 67,9 per cento. NA"
4311,51,51,49,"Leibstadt (AG)","A Leibstadt, l'Iniziativa ""No a una Svizzera da 10 milioni!"" è approvata con il 51 per cento. NA"
4312,38,38,62,"Lengnau (AG)","La popolazione di Lengnau AG respinge l'Iniziativa ""No a una Svizzera da 10 milioni!"" con il 62 per cento. NA"
4313,79.2,79.2,20.8,"Leuggern (AG)","Sì all'Iniziativa ""No a una Svizzera da 10 milioni!"" a Leuggern, con il 79,2 per cento di voti favorevoli. NA"
4314,43.5,43.5,56.5,"Mellikon (AG)","Con il 56,5 per cento dei voti, Mellikon ha respinto l'Iniziativa ""No a una Svizzera da 10 milioni!"". NA"
4318,38.4,38.4,61.6,"Schneisingen (AG)","A Schneisingen l'Iniziativa ""No a una Svizzera da 10 milioni!"" non ottiene la maggioranza: 61,6 per cento di no. NA"
4319,47.9,47.9,52.1,"Siglistorf (AG)","Con il 52,1 per cento dei voti, l'Iniziativa ""No a una Svizzera da 10 milioni!"" viene respinta a Siglistorf. NA"
4320,56.5,56.5,43.5,"Tegerfelden (AG)","A Tegerfelden, l'Iniziativa ""No a una Svizzera da 10 milioni!"" è approvata con il 56,5 per cento. NA"
4324,36.7,36.7,63.3,"Zurzach (AG)","A Zurzach l'Iniziativa ""No a una Svizzera da 10 milioni!"" è stata respinta con il 63,3 per cento. NA"
4401,81.6,81.6,18.4,"Arbon (TG)","A Arbon l'Iniziativa ""No a una Svizzera da 10 milioni!"" è stata approvata con il 81,6 per cento. NA"
4406,51.7,51.7,48.3,"Dozwil (TG)","A Dozwil l'Iniziativa ""No a una Svizzera da 10 milioni!"" è stata approvata con il 51,7 per cento. NA"
4411,46.4,46.4,53.6,"Egnach (TG)","A Egnach, l'Iniziativa ""No a una Svizzera da 10 milioni!"" è stata respinta con il 53,6 per cento. NA"
4416,93.6,93.6,6.4,"Hefenhofen (TG)","A Hefenhofen, l'Iniziativa ""No a una Svizzera da 10 milioni!"" è stata approvata con il 93,6 per cento. NA"
4421,37.1,37.1,62.9,"Horn (TG)","A Horn, l'Iniziativa ""No a una Svizzera da 10 milioni!"" è stata respinta con il 62,9 per cento. NA"
4426,83.3,83.3,16.7,"Kesswil (TG)","Sì all'Iniziativa ""No a una Svizzera da 10 milioni!"" a Kesswil: 83,3 per cento. NA"
4431,59.1,59.1,40.9,"Roggwil (TG)","Sì all'Iniziativa ""No a una Svizzera da 10 milioni!"" a Roggwil TG: 59,1 per cento. NA"
4436,49.7,49.7,50.3,"Romanshorn (TG)","Con il 50,3 per cento dei voti, l'Iniziativa ""No a una Svizzera da 10 milioni!"" viene respinta a Romanshorn. NA"
4441,27.9,27.9,72.1,"Salmsach (TG)","A Salmsach l'Iniziativa ""No a una Svizzera da 10 milioni!"" non ottiene la maggioranza: 72,1 per cento di no. NA"
4446,27.6,27.6,72.4,"Sommeri (TG)","La popolazione di Sommeri respinge l'Iniziativa ""No a una Svizzera da 10 milioni!"" con il 72,4 per cento. NA"
4451,95,95,5,"Uttwil (TG)","A Uttwil l'Iniziativa ""No a una Svizzera da 10 milioni!"" è stata approvata con il 95 per cento. NA"
4461,23.1,23.1,76.9,"Amriswil (TG)","A Amriswil, l'Iniziativa ""No a una Svizzera da 10 milioni!"" è stata respinta con il 76,9 per cento. NA"
4471,75.9,75.9,24.1,"Bischofszell (TG)","A Bischofszell, l'Iniziativa ""No a una Svizzera da 10 milioni!"" è approvata con il 75,9 per cento. NA"
4476,41.3,41.3,58.7,"Erlen (TG)","Con il 58,7 per cento dei voti, l'Iniziativa ""No a una Svizzera da 10 milioni!"" viene respinta a Erlen. NA"
4486,30.1,30.1,69.9,"Hauptwil-Gottshaus (TG)","A Hauptwil-Gottshaus l'Iniziativa ""No a una Svizzera da 10 milioni!"" è stata respinta con il 69,9 per cento. NA"
4495,16.5,16.5,83.5,"Hohentannen (TG)","A Hohentannen, l'Iniziativa ""No a una Svizzera da 10 milioni!"" è stata respinta con il 83,5 per cento. NA"
4501,3.6,3.6,96.4,"Kradolf-Schönenberg (TG)","Con il 96,4 per cento dei voti, l'Iniziativa ""No a una Svizzera da 10 milioni!"" viene respinta a Kradolf-Schönenberg. NA"
4506,1.5,1.5,98.5,"Sulgen (TG)","A Sulgen l'Iniziativa ""No a una Svizzera da 10 milioni!"" non ottiene la maggioranza: 98,5 per cento di no. NA"
4511,36.1,36.1,63.9,"Zihlschlacht-Sitterdorf (TG)","A Zihlschlacht-Sitterdorf l'Iniziativa ""No a una Svizzera da 10 milioni!"" è stata respinta con il 63,9 per cento. NA"
4536,80.1,80.1,19.9,"Basadingen-Schlattingen (TG)","Sì all'Iniziativa ""No a una Svizzera da 10 milioni!"" a Basadingen-Schlattingen: 80,1 per cento. NA"
4545,69.4,69.4,30.6,"Diessenhofen (TG)","La popolazione di Diessenhofen approva l'Iniziativa ""No a una Svizzera da 10 milioni!"" con il 69,4 per cento. NA"
4546,37.5,37.5,62.5,"Schlatt (TG)","A Schlatt TG l'Iniziativa ""No a una Svizzera da 10 milioni!"" non ottiene la maggioranza: 62,5 per cento di no. NA"
4551,42.6,42.6,57.4,"Aadorf (TG)","La popolazione di Aadorf respinge l'Iniziativa ""No a una Svizzera da 10 milioni!"" con il 57,4 per cento. NA"
4561,28.8,28.8,71.2,"Felben-Wellhausen (TG)","La popolazione di Felben-Wellhausen respinge l'Iniziativa ""No a una Svizzera da 10 milioni!"" con il 71,2 per cento. NA"
4566,8.6,8.6,91.4,"Frauenfeld (TG)","A Frauenfeld l'Iniziativa ""No a una Svizzera da 10 milioni!"" non ottiene la maggioranza: 91,4 per cento di no. NA"
4571,18.8,18.8,81.2,"Gachnang (TG)","A Gachnang, l'Iniziativa ""No a una Svizzera da 10 milioni!"" è stata respinta con il 81,2 per cento. NA"
4590,64,64,36,"Hüttlingen (TG)","Sì all'Iniziativa ""No a una Svizzera da 10 milioni!"" a Hüttlingen, con il 64 per cento di voti favorevoli. NA"
4591,19,19,81,"Matzingen (TG)","La popolazione di Matzingen respinge l'Iniziativa ""No a una Svizzera da 10 milioni!"" con il 81 per cento. NA"
4601,59,59,41,"Neunforn (TG)","Sì all'Iniziativa ""No a una Svizzera da 10 milioni!"" a Neunforn con il 59 per cento. NA"
4606,75.7,75.7,24.3,"Stettfurt (TG)","A Stettfurt, l'Iniziativa ""No a una Svizzera da 10 milioni!"" è stata approvata con il 75,7 per cento. NA"
4611,44,44,56,"Thundorf (TG)","A Thundorf l'Iniziativa ""No a una Svizzera da 10 milioni!"" non ottiene la maggioranza: 56 per cento di no. NA"
4616,45.4,45.4,54.6,"Uesslingen-Buch (TG)","A Uesslingen-Buch l'Iniziativa ""No a una Svizzera da 10 milioni!"" è stata respinta con il 54,6 per cento."
4621,15.3,15.3,84.7,"Warth-Weiningen (TG)","La popolazione di Warth-Weiningen respinge l'Iniziativa ""No a una Svizzera da 10 milioni!"" con il 84,7 per cento. NA"
4641,47.8,47.8,52.2,"Altnau (TG)","A Altnau l'Iniziativa ""No a una Svizzera da 10 milioni!"" è stata respinta con il 52,2 per cento. NA"
4643,40.9,40.9,59.1,"Bottighofen (TG)","La popolazione di Bottighofen respinge l'Iniziativa ""No a una Svizzera da 10 milioni!"" con il 59,1 per cento. NA"
4646,19.3,19.3,80.7,"Ermatingen (TG)","A Ermatingen l'Iniziativa ""No a una Svizzera da 10 milioni!"" non ottiene la maggioranza: 80,7 per cento di no. NA"
4651,92.1,92.1,7.9,"Gottlieben (TG)","A Gottlieben, l'Iniziativa ""No a una Svizzera da 10 milioni!"" è stata approvata con il 92,1 per cento. NA"
4656,29.2,29.2,70.8,"Güttingen (TG)","A Güttingen, l'Iniziativa ""No a una Svizzera da 10 milioni!"" è stata respinta con il 70,8 per cento. NA"
4666,61,61,39,"Kemmental (TG)","Sì all'Iniziativa ""No a una Svizzera da 10 milioni!"" a Kemmental, con il 61 per cento di voti favorevoli. NA"
4671,48.9,48.9,51.1,"Kreuzlingen (TG)","La popolazione di Kreuzlingen respinge l'Iniziativa ""No a una Svizzera da 10 milioni!"" con il 51,1 per cento. NA"
4681,76.6,76.6,23.4,"Langrickenbach (TG)","Sì all'Iniziativa ""No a una Svizzera da 10 milioni!"" a Langrickenbach, con il 76,6 per cento di voti favorevoli. NA"
4683,49.7,49.7,50.3,"Lengwil (TG)","Con il 50,3 per cento dei voti, l'Iniziativa ""No a una Svizzera da 10 milioni!"" viene respinta a Lengwil. NA"
4691,86.3,86.3,13.7,"Münsterlingen (TG)","A Münsterlingen l'Iniziativa ""No a una Svizzera da 10 milioni!"" è stata approvata con il 86,3 per cento. NA"
4696,37,37,63,"Tägerwilen (TG)","La popolazione di Tägerwilen respinge l'Iniziativa ""No a una Svizzera da 10 milioni!"" con il 63 per cento. NA"
4701,66,66,34,"Wäldi (TG)","Sì all'Iniziativa ""No a una Svizzera da 10 milioni!"" a Wäldi, con il 66 per cento di voti favorevoli. NA"
4711,95.1,95.1,4.9,"Affeltrangen (TG)","Sì all'Iniziativa ""No a una Svizzera da 10 milioni!"" a Affeltrangen, con il 95,1 per cento di voti favorevoli. NA"
4716,60.7,60.7,39.3,"Bettwiesen (TG)","A Bettwiesen, l'Iniziativa ""No a una Svizzera da 10 milioni!"" è stata approvata con il 60,7 per cento. NA"
4721,9.3,9.3,90.7,"Bichelsee-Balterswil (TG)","A Bichelsee-Balterswil l'Iniziativa ""No a una Svizzera da 10 milioni!"" è stata respinta con il 90,7 per cento. NA"
4723,61.7,61.7,38.3,"Braunau (TG)","Sì all'Iniziativa ""No a una Svizzera da 10 milioni!"" a Braunau, con il 61,7 per cento di voti favorevoli. NA"
4724,12.8,12.8,87.2,"Eschlikon (TG)","A Eschlikon, l'Iniziativa ""No a una Svizzera da 10 milioni!"" è stata respinta con il 87,2 per cento. NA"
4726,72.3,72.3,27.7,"Fischingen (TG)","Sì all'Iniziativa ""No a una Svizzera da 10 milioni!"" a Fischingen con il 72,3 per cento. NA"
4741,92.4,92.4,7.6,"Lommis (TG)","A Lommis l'Iniziativa ""No a una Svizzera da 10 milioni!"" è stata approvata con il 92,4 per cento. NA"
4746,51.3,51.3,48.7,"Münchwilen (TG)","La popolazione di Münchwilen TG approva l'Iniziativa ""No a una Svizzera da 10 milioni!"" con il 51,3 per cento. NA"
4751,48,48,52,"Rickenbach (TG)","Con il 52 per cento dei voti, Rickenbach TG ha respinto l'Iniziativa ""No a una Svizzera da 10 milioni!"". NA"
4756,61.3,61.3,38.7,"Schönholzerswilen (TG)","A Schönholzerswilen, l'Iniziativa ""No a una Svizzera da 10 milioni!"" è stata approvata con il 61,3 per cento. NA"
4761,31.5,31.5,68.5,"Sirnach (TG)","A Sirnach l'Iniziativa ""No a una Svizzera da 10 milioni!"" non ottiene la maggioranza: 68,5 per cento di no. NA"
4776,86.2,86.2,13.8,"Tobel-Tägerschen (TG)","Sì all'Iniziativa ""No a una Svizzera da 10 milioni!"" a Tobel-Tägerschen, con il 86,2 per cento di voti favorevoli. NA"
4781,93,93,7,"Wängi (TG)","La popolazione di Wängi approva l'Iniziativa ""No a una Svizzera da 10 milioni!"" con il 93 per cento. NA"
4786,48,48,52,"Wilen (TG)","Con il 52 per cento dei voti, l'Iniziativa ""No a una Svizzera da 10 milioni!"" viene respinta a Wilen TG. NA"
4791,77.3,77.3,22.7,"Wuppenau (TG)","Sì all'Iniziativa ""No a una Svizzera da 10 milioni!"" a Wuppenau con il 77,3 per cento. NA"
4801,61.7,61.7,38.3,"Berlingen (TG)","La popolazione di Berlingen approva l'Iniziativa ""No a una Svizzera da 10 milioni!"" con il 61,7 per cento. NA"
4806,46.2,46.2,53.8,"Eschenz (TG)","A Eschenz l'Iniziativa ""No a una Svizzera da 10 milioni!"" non ottiene la maggioranza: 53,8 per cento di no. NA"
4811,44.1,44.1,55.9,"Herdern (TG)","La popolazione di Herdern respinge l'Iniziativa ""No a una Svizzera da 10 milioni!"" con il 55,9 per cento. NA"
4816,54.8,54.8,45.2,"Homburg (TG)","A Homburg l'Iniziativa ""No a una Svizzera da 10 milioni!"" è stata approvata con il 54,8 per cento. NA"
4821,65,65,35,"Hüttwilen (TG)","A Hüttwilen, l'Iniziativa ""No a una Svizzera da 10 milioni!"" è approvata con il 65 per cento. NA"
4826,31.3,31.3,68.7,"Mammern (TG)","La popolazione di Mammern respinge l'Iniziativa ""No a una Svizzera da 10 milioni!"" con il 68,7 per cento. NA"
4831,55.8,55.8,44.2,"Müllheim (TG)","A Müllheim l'Iniziativa ""No a una Svizzera da 10 milioni!"" è stata approvata con il 55,8 per cento. NA"
4841,14.8,14.8,85.2,"Pfyn (TG)","A Pfyn, l'Iniziativa ""No a una Svizzera da 10 milioni!"" è stata respinta con il 85,2 per cento. NA"
4846,45.5,45.5,54.5,"Raperswilen (TG)","Con il 54,5 per cento dei voti, Raperswilen ha respinto l'Iniziativa ""No a una Svizzera da 10 milioni!"". NA"
4851,44.8,44.8,55.2,"Salenstein (TG)","A Salenstein l'Iniziativa ""No a una Svizzera da 10 milioni!"" non ottiene la maggioranza: 55,2 per cento di no. NA"
4864,48,48,52,"Steckborn (TG)","Con il 52 per cento dei voti, l'Iniziativa ""No a una Svizzera da 10 milioni!"" viene respinta a Steckborn. NA"
4871,53.7,53.7,46.3,"Wagenhausen (TG)","A Wagenhausen, l'Iniziativa ""No a una Svizzera da 10 milioni!"" è approvata con il 53,7 per cento. NA"
4881,41.6,41.6,58.4,"Amlikon-Bissegg (TG)","La popolazione di Amlikon-Bissegg respinge l'Iniziativa ""No a una Svizzera da 10 milioni!"" con il 58,4 per cento. NA"
4891,67.2,67.2,32.8,"Berg (TG)","Sì all'Iniziativa ""No a una Svizzera da 10 milioni!"" a Berg TG: 67,2 per cento. NA"
4901,21,21,79,"Birwinken (TG)","A Birwinken, l'Iniziativa ""No a una Svizzera da 10 milioni!"" è stata respinta con il 79 per cento. NA"
4911,75,75,25,"Bürglen (TG)","Sì all'Iniziativa ""No a una Svizzera da 10 milioni!"" a Bürglen TG: 75 per cento. NA"
4921,0.4,0.4,99.6,"Bussnang (TG)","Bussnang ottiene il secondo tasso più alto di no in Svizzera per l'Iniziativa ""No a una Svizzera da 10 milioni!"" con il 99,6 per cento. NA"
4941,44.8,44.8,55.2,"Märstetten (TG)","Con il 55,2 per cento dei voti, l'Iniziativa ""No a una Svizzera da 10 milioni!"" viene respinta a Märstetten. NA"
4946,41.9,41.9,58.1,"Weinfelden (TG)","A Weinfelden l'Iniziativa ""No a una Svizzera da 10 milioni!"" non ottiene la maggioranza: 58,1 per cento di no. NA"
4951,8.8,8.8,91.2,"Wigoltingen (TG)","A Wigoltingen l'Iniziativa ""No a una Svizzera da 10 milioni!"" è stata respinta con il 91,2 per cento. NA"
5001,33.4,33.4,66.6,"Arbedo-Castione (TI)","Con il 66,6 per cento dei voti, Arbedo-Castione ha respinto l'Iniziativa ""No a una Svizzera da 10 milioni!"". NA"
5002,64.9,64.9,35.1,"Bellinzona (TI)","Sì all'Iniziativa ""No a una Svizzera da 10 milioni!"" a Bellinzona: 64,9 per cento. NA"
5003,0.8,0.8,99.2,"Cadenazzo (TI)","A Cadenazzo l'Iniziativa ""No a una Svizzera da 10 milioni!"" non ottiene la maggioranza: 99,2 per cento di no. NA"
5009,42.4,42.4,57.6,"Isone (TI)","La popolazione di Isone respinge l'Iniziativa ""No a una Svizzera da 10 milioni!"" con il 57,6 per cento. NA"
5010,66,66,34,"Lumino (TI)","A Lumino, l'Iniziativa ""No a una Svizzera da 10 milioni!"" è approvata con il 66 per cento. NA"
5017,62,62,38,"Sant'Antonino (TI)","A Sant'Antonino, l'Iniziativa ""No a una Svizzera da 10 milioni!"" è approvata con il 62 per cento. NA"
5048,60.7,60.7,39.3,"Acquarossa (TI)","A Acquarossa l'Iniziativa ""No a una Svizzera da 10 milioni!"" è stata approvata con il 60,7 per cento. NA"
5049,76.1,76.1,23.9,"Blenio (TI)","A Blenio l'Iniziativa ""No a una Svizzera da 10 milioni!"" è stata approvata con il 76,1 per cento. NA"
5050,47.8,47.8,52.2,"Serravalle (TI)","A Serravalle, l'Iniziativa ""No a una Svizzera da 10 milioni!"" è stata respinta con il 52,2 per cento. NA"
5061,42.3,42.3,57.7,"Airolo (TI)","A Airolo l'Iniziativa ""No a una Svizzera da 10 milioni!"" non ottiene la maggioranza: 57,7 per cento di no. NA"
5063,25.9,25.9,74.1,"Bedretto (TI)","Con il 74,1 per cento dei voti, Bedretto ha respinto l'Iniziativa ""No a una Svizzera da 10 milioni!"". NA"
5071,42.6,42.6,57.4,"Dalpe (TI)","A Dalpe, l'Iniziativa ""No a una Svizzera da 10 milioni!"" è stata respinta con il 57,4 per cento. NA"
5072,54.4,54.4,45.6,"Faido (TI)","A Faido, l'Iniziativa ""No a una Svizzera da 10 milioni!"" è approvata con il 54,4 per cento. NA"
5073,76.1,76.1,23.9,"Giornico (TI)","Sì all'Iniziativa ""No a una Svizzera da 10 milioni!"" a Giornico: 76,1 per cento. NA"
5076,36.1,36.1,63.9,"Personico (TI)","A Personico l'Iniziativa ""No a una Svizzera da 10 milioni!"" è stata respinta con il 63,9 per cento. NA"
5077,82.7,82.7,17.3,"Pollegio (TI)","A Pollegio, l'Iniziativa ""No a una Svizzera da 10 milioni!"" è stata approvata con il 82,7 per cento. NA"
5079,79.5,79.5,20.5,"Quinto (TI)","La popolazione di Quinto approva l'Iniziativa ""No a una Svizzera da 10 milioni!"" con il 79,5 per cento. NA"
5091,45.1,45.1,54.9,"Ascona (TI)","Con il 54,9 per cento dei voti, l'Iniziativa ""No a una Svizzera da 10 milioni!"" viene respinta a Ascona. NA"
5096,21.7,21.7,78.3,"Brione sopra Minusio (TI)","La popolazione di Brione sopra Minusio respinge l'Iniziativa ""No a una Svizzera da 10 milioni!"" con il 78,3 per cento. NA"
5097,61,61,39,"Brissago (TI)","A Brissago l'Iniziativa ""No a una Svizzera da 10 milioni!"" è stata approvata con il 61 per cento. NA"
5108,37.9,37.9,62.1,"Gordola (TI)","A Gordola, l'Iniziativa ""No a una Svizzera da 10 milioni!"" è stata respinta con il 62,1 per cento. NA"
5112,80.5,80.5,19.5,"Lavertezzo (TI)","Sì all'Iniziativa ""No a una Svizzera da 10 milioni!"" a Lavertezzo, con il 80,5 per cento di voti favorevoli. NA"
5113,11.7,11.7,88.3,"Locarno (TI)","La popolazione di Locarno respinge l'Iniziativa ""No a una Svizzera da 10 milioni!"" con il 88,3 per cento. NA"
5115,5.9,5.9,94.1,"Losone (TI)","A Losone l'Iniziativa ""No a una Svizzera da 10 milioni!"" non ottiene la maggioranza: 94,1 per cento di no. NA"
5117,75.1,75.1,24.9,"Mergoscia (TI)","A Mergoscia, l'Iniziativa ""No a una Svizzera da 10 milioni!"" è approvata con il 75,1 per cento. NA"
5118,40.7,40.7,59.3,"Minusio (TI)","Con il 59,3 per cento dei voti, l'Iniziativa ""No a una Svizzera da 10 milioni!"" viene respinta a Minusio. NA"
5120,41.8,41.8,58.2,"Muralto (TI)","La popolazione di Muralto respinge l'Iniziativa ""No a una Svizzera da 10 milioni!"" con il 58,2 per cento. NA"
5121,72.5,72.5,27.5,"Orselina (TI)","Sì all'Iniziativa ""No a una Svizzera da 10 milioni!"" a Orselina con il 72,5 per cento. NA"
5125,3.4,3.4,96.6,"Ronco sopra Ascona (TI)","A Ronco sopra Ascona l'Iniziativa ""No a una Svizzera da 10 milioni!"" non ottiene la maggioranza: 96,6 per cento di no. NA"
5131,81.8,81.8,18.2,"Tenero-Contra (TI)","La popolazione di Tenero-Contra approva l'Iniziativa ""No a una Svizzera da 10 milioni!"" con il 81,8 per cento. NA"
5136,60.1,60.1,39.9,"Onsernone (TI)","Sì all'Iniziativa ""No a una Svizzera da 10 milioni!"" a Onsernone, con il 60,1 per cento di voti favorevoli. NA"
5138,76.3,76.3,23.7,"Cugnasco-Gerra (TI)","Sì all'Iniziativa ""No a una Svizzera da 10 milioni!"" a Cugnasco-Gerra, con il 76,3 per cento di voti favorevoli. NA"
5141,44.8,44.8,55.2,"Agno (TI)","A Agno l'Iniziativa ""No a una Svizzera da 10 milioni!"" è stata respinta con il 55,2 per cento. NA"
5143,55.4,55.4,44.6,"Aranno (TI)","A Aranno l'Iniziativa ""No a una Svizzera da 10 milioni!"" è stata approvata con il 55,4 per cento. NA"
5144,76.9,76.9,23.1,"Arogno (TI)","A Arogno, l'Iniziativa ""No a una Svizzera da 10 milioni!"" è stata approvata con il 76,9 per cento. NA"
5148,30.6,30.6,69.4,"Bedano (TI)","Con il 69,4 per cento dei voti, l'Iniziativa ""No a una Svizzera da 10 milioni!"" viene respinta a Bedano. NA"
5151,28.3,28.3,71.7,"Bioggio (TI)","A Bioggio, l'Iniziativa ""No a una Svizzera da 10 milioni!"" è stata respinta con il 71,7 per cento. NA"
5154,65.9,65.9,34.1,"Bissone (TI)","La popolazione di Bissone approva l'Iniziativa ""No a una Svizzera da 10 milioni!"" con il 65,9 per cento. NA"
5160,51,51,49,"Brusino Arsizio (TI)","Sì all'Iniziativa ""No a una Svizzera da 10 milioni!"" a Brusino Arsizio, con il 51 per cento di voti favorevoli. NA"
5161,31.6,31.6,68.4,"Cademario (TI)","Con il 68,4 per cento dei voti, Cademario ha respinto l'Iniziativa ""No a una Svizzera da 10 milioni!"". NA"
5162,39.9,39.9,60.1,"Cadempino (TI)","Con il 60,1 per cento dei voti, l'Iniziativa ""No a una Svizzera da 10 milioni!"" viene respinta a Cadempino. NA"
5167,98.3,98.3,1.7,"Canobbio (TI)","La popolazione di Canobbio approva l'Iniziativa ""No a una Svizzera da 10 milioni!"" con il 98,3 per cento. NA"
5171,46.3,46.3,53.7,"Caslano (TI)","Con il 53,7 per cento dei voti, Caslano ha respinto l'Iniziativa ""No a una Svizzera da 10 milioni!"". NA"
5176,25.5,25.5,74.5,"Comano (TI)","Con il 74,5 per cento dei voti, Comano ha respinto l'Iniziativa ""No a una Svizzera da 10 milioni!"". NA"
5180,96,96,4,"Cureglia (TI)","Sì all'Iniziativa ""No a una Svizzera da 10 milioni!"" a Cureglia: 96 per cento. NA"
5186,27.8,27.8,72.2,"Grancia (TI)","A Grancia, l'Iniziativa ""No a una Svizzera da 10 milioni!"" è stata respinta con il 72,2 per cento. NA"
5187,54.5,54.5,45.5,"Gravesano (TI)","Sì all'Iniziativa ""No a una Svizzera da 10 milioni!"" a Gravesano: 54,5 per cento. NA"
5189,4.4,4.4,95.6,"Lamone (TI)","Con il 95,6 per cento dei voti, l'Iniziativa ""No a una Svizzera da 10 milioni!"" viene respinta a Lamone. NA"
5192,84.1,84.1,15.9,"Lugano (TI)","La popolazione di Lugano approva l'Iniziativa ""No a una Svizzera da 10 milioni!"" con il 84,1 per cento. NA"
5193,76.7,76.7,23.3,"Magliaso (TI)","Sì all'Iniziativa ""No a una Svizzera da 10 milioni!"" a Magliaso: 76,7 per cento. NA"
5194,97.7,97.7,2.3,"Manno (TI)","Sì all'Iniziativa ""No a una Svizzera da 10 milioni!"" a Manno con il 97,7 per cento. NA"
5196,4.6,4.6,95.4,"Massagno (TI)","A Massagno, l'Iniziativa ""No a una Svizzera da 10 milioni!"" è stata respinta con il 95,4 per cento. NA"
5198,55.6,55.6,44.4,"Melide (TI)","A Melide l'Iniziativa ""No a una Svizzera da 10 milioni!"" è stata approvata con il 55,6 per cento. NA"
5199,16.2,16.2,83.8,"Mezzovico-Vira (TI)","La popolazione di Mezzovico-Vira respinge l'Iniziativa ""No a una Svizzera da 10 milioni!"" con il 83,8 per cento. NA"
5203,50.7,50.7,49.3,"Morcote (TI)","Sì all'Iniziativa ""No a una Svizzera da 10 milioni!"" a Morcote: 50,7 per cento. NA"
5205,48.2,48.2,51.8,"Muzzano (TI)","Con il 51,8 per cento dei voti, l'Iniziativa ""No a una Svizzera da 10 milioni!"" viene respinta a Muzzano. NA"
5206,62.7,62.7,37.3,"Neggio (TI)","Sì all'Iniziativa ""No a una Svizzera da 10 milioni!"" a Neggio, con il 62,7 per cento di voti favorevoli. NA"
5208,39,39,61,"Origlio (TI)","A Origlio l'Iniziativa ""No a una Svizzera da 10 milioni!"" non ottiene la maggioranza: 61 per cento di no. NA"
5210,45,45,55,"Paradiso (TI)","A Paradiso l'Iniziativa ""No a una Svizzera da 10 milioni!"" non ottiene la maggioranza: 55 per cento di no. NA"
5212,61.8,61.8,38.2,"Ponte Capriasca (TI)","A Ponte Capriasca, l'Iniziativa ""No a una Svizzera da 10 milioni!"" è stata approvata con il 61,8 per cento. NA"
5214,37,37,63,"Porza (TI)","La popolazione di Porza respinge l'Iniziativa ""No a una Svizzera da 10 milioni!"" con il 63 per cento. NA"
5216,55.2,55.2,44.8,"Pura (TI)","La popolazione di Pura approva l'Iniziativa ""No a una Svizzera da 10 milioni!"" con il 55,2 per cento. NA"
5221,34.3,34.3,65.7,"Savosa (TI)","A Savosa, l'Iniziativa ""No a una Svizzera da 10 milioni!"" è stata respinta con il 65,7 per cento. NA"
5225,26.3,26.3,73.7,"Sorengo (TI)","La popolazione di Sorengo respinge l'Iniziativa ""No a una Svizzera da 10 milioni!"" con il 73,7 per cento. NA"
5226,96.1,96.1,3.9,"Capriasca (TI)","A Capriasca, l'Iniziativa ""No a una Svizzera da 10 milioni!"" è stata approvata con il 96,1 per cento. NA"
5227,91.9,91.9,8.1,"Torricella-Taverne (TI)","Sì all'Iniziativa ""No a una Svizzera da 10 milioni!"" a Torricella-Taverne, con il 91,9 per cento di voti favorevoli. NA"
5230,52.4,52.4,47.6,"Vernate (TI)","A Vernate, l'Iniziativa ""No a una Svizzera da 10 milioni!"" è stata approvata con il 52,4 per cento. NA"
5231,34.5,34.5,65.5,"Vezia (TI)","A Vezia l'Iniziativa ""No a una Svizzera da 10 milioni!"" è stata respinta con il 65,5 per cento. NA"
5233,40.9,40.9,59.1,"Vico Morcote (TI)","A Vico Morcote l'Iniziativa ""No a una Svizzera da 10 milioni!"" è stata respinta con il 59,1 per cento. NA"
5236,2.9,2.9,97.1,"Collina d'Oro (TI)","A Collina d'Oro l'Iniziativa ""No a una Svizzera da 10 milioni!"" non ottiene la maggioranza: 97,1 per cento di no. NA"
5237,24.2,24.2,75.8,"Alto Malcantone (TI)","La popolazione di Alto Malcantone respinge l'Iniziativa ""No a una Svizzera da 10 milioni!"" con il 75,8 per cento. NA"
5238,53.8,53.8,46.2,"Monteceneri (TI)","Sì all'Iniziativa ""No a una Svizzera da 10 milioni!"" a Monteceneri con il 53,8 per cento. NA"
5239,69.9,69.9,30.1,"Tresa (TI)","La popolazione di Tresa approva l'Iniziativa ""No a una Svizzera da 10 milioni!"" con il 69,9 per cento. NA"
5240,23.9,23.9,76.1,"Val Mara (TI)","A Val Mara l'Iniziativa ""No a una Svizzera da 10 milioni!"" è stata respinta con il 76,1 per cento. NA"
5242,96.2,96.2,3.8,"Balerna (TI)","La popolazione di Balerna approva l'Iniziativa ""No a una Svizzera da 10 milioni!"" con il 96,2 per cento. NA"
5249,4.3,4.3,95.7,"Castel San Pietro (TI)","Con il 95,7 per cento dei voti, Castel San Pietro ha respinto l'Iniziativa ""No a una Svizzera da 10 milioni!"". NA"
5250,5.8,5.8,94.2,"Chiasso (TI)","La popolazione di Chiasso respinge l'Iniziativa ""No a una Svizzera da 10 milioni!"" con il 94,2 per cento. NA"
5251,51.7,51.7,48.3,"Coldrerio (TI)","La popolazione di Coldrerio approva l'Iniziativa ""No a una Svizzera da 10 milioni!"" con il 51,7 per cento. NA"
5254,84.1,84.1,15.9,"Mendrisio (TI)","Sì all'Iniziativa ""No a una Svizzera da 10 milioni!"" a Mendrisio, con il 84,1 per cento di voti favorevoli. NA"
5257,57.6,57.6,42.4,"Morbio Inferiore (TI)","La popolazione di Morbio Inferiore approva l'Iniziativa ""No a una Svizzera da 10 milioni!"" con il 57,6 per cento. NA"
5260,76.1,76.1,23.9,"Novazzano (TI)","La popolazione di Novazzano approva l'Iniziativa ""No a una Svizzera da 10 milioni!"" con il 76,1 per cento. NA"
5263,87.3,87.3,12.7,"Riva San Vitale (TI)","Sì all'Iniziativa ""No a una Svizzera da 10 milioni!"" a Riva San Vitale: 87,3 per cento. NA"
5266,70.4,70.4,29.6,"Stabio (TI)","A Stabio l'Iniziativa ""No a una Svizzera da 10 milioni!"" è stata approvata con il 70,4 per cento. NA"
5268,33.4,33.4,66.6,"Vacallo (TI)","Con il 66,6 per cento dei voti, Vacallo ha respinto l'Iniziativa ""No a una Svizzera da 10 milioni!"". NA"
5269,2.8,2.8,97.2,"Breggia (TI)","La popolazione di Breggia respinge l'Iniziativa ""No a una Svizzera da 10 milioni!"" con il 97,2 per cento. NA"
5281,43.5,43.5,56.5,"Biasca (TI)","Con il 56,5 per cento dei voti, Biasca ha respinto l'Iniziativa ""No a una Svizzera da 10 milioni!"". NA"
5287,54.8,54.8,45.2,"Riviera (TI)","A Riviera, l'Iniziativa ""No a una Svizzera da 10 milioni!"" è approvata con il 54,8 per cento. NA"
5304,1,1,99,"Bosco/Gurin (TI)","A Bosco/Gurin, l'Iniziativa ""No a una Svizzera da 10 milioni!"" è stata respinta con il 99 per cento. NA"
5307,55.3,55.3,44.7,"Campo (Vallemaggia) (TI)","Sì all'Iniziativa ""No a una Svizzera da 10 milioni!"" a Campo (Vallemaggia): 55,3 per cento. NA"
5309,3.4,3.4,96.6,"Cerentino (TI)","A Cerentino l'Iniziativa ""No a una Svizzera da 10 milioni!"" non ottiene la maggioranza: 96,6 per cento di no. NA"
5310,75.1,75.1,24.9,"Cevio (TI)","La popolazione di Cevio approva l'Iniziativa ""No a una Svizzera da 10 milioni!"" con il 75,1 per cento. NA"
5315,46.6,46.6,53.4,"Linescio (TI)","A Linescio l'Iniziativa ""No a una Svizzera da 10 milioni!"" non ottiene la maggioranza: 53,4 per cento di no. NA"
5317,46.1,46.1,53.9,"Maggia (TI)","A Maggia l'Iniziativa ""No a una Svizzera da 10 milioni!"" è stata respinta con il 53,9 per cento. NA"
5323,47.3,47.3,52.7,"Lavizzara (TI)","La popolazione di Lavizzara respinge l'Iniziativa ""No a una Svizzera da 10 milioni!"" con il 52,7 per cento. NA"
5324,56.8,56.8,43.2,"Avegno Gordevio (TI)","Sì all'Iniziativa ""No a una Svizzera da 10 milioni!"" a Avegno Gordevio, con il 56,8 per cento di voti favorevoli. NA"
5395,64,64,36,"Lema (TI)","Sì all'Iniziativa ""No a una Svizzera da 10 milioni!"" a Lema con il 64 per cento. NA"
5396,86,86,14,"Terre di Pedemonte (TI)","Sì all'Iniziativa ""No a una Svizzera da 10 milioni!"" a Terre di Pedemonte, con il 86 per cento di voti favorevoli. NA"
5397,16.6,16.6,83.4,"Centovalli (TI)","La popolazione di Centovalli respinge l'Iniziativa ""No a una Svizzera da 10 milioni!"" con il 83,4 per cento. NA"
5398,39.9,39.9,60.1,"Gambarogno (TI)","La popolazione di Gambarogno respinge l'Iniziativa ""No a una Svizzera da 10 milioni!"" con il 60,1 per cento. NA"
5399,37.1,37.1,62.9,"Verzasca (TI)","A Verzasca l'Iniziativa ""No a una Svizzera da 10 milioni!"" è stata respinta con il 62,9 per cento. NA"
5401,46.3,46.3,53.7,"Aigle (VD)","La popolazione di Aigle respinge l'Iniziativa ""No a una Svizzera da 10 milioni!"" con il 53,7 per cento. NA"
5402,87.9,87.9,12.1,"Bex (VD)","A Bex, l'Iniziativa ""No a una Svizzera da 10 milioni!"" è approvata con il 87,9 per cento. NA"
5403,56.2,56.2,43.8,"Chessel (VD)","Sì all'Iniziativa ""No a una Svizzera da 10 milioni!"" a Chessel, con il 56,2 per cento di voti favorevoli. NA"
5404,56.4,56.4,43.6,"Corbeyrier (VD)","A Corbeyrier l'Iniziativa ""No a una Svizzera da 10 milioni!"" è stata approvata con il 56,4 per cento. NA"
5405,5.9,5.9,94.1,"Gryon (VD)","Con il 94,1 per cento dei voti, l'Iniziativa ""No a una Svizzera da 10 milioni!"" viene respinta a Gryon. NA"
5406,90,90,10,"Lavey-Morcles (VD)","Sì all'Iniziativa ""No a una Svizzera da 10 milioni!"" a Lavey-Morcles con il 90 per cento. NA"
5407,72.9,72.9,27.1,"Leysin (VD)","A Leysin l'Iniziativa ""No a una Svizzera da 10 milioni!"" è stata approvata con il 72,9 per cento. NA"
5408,14.5,14.5,85.5,"Noville (VD)","Con il 85,5 per cento dei voti, l'Iniziativa ""No a una Svizzera da 10 milioni!"" viene respinta a Noville. NA"
5409,10.2,10.2,89.8,"Ollon (VD)","Con il 89,8 per cento dei voti, Ollon ha respinto l'Iniziativa ""No a una Svizzera da 10 milioni!"". NA"
5410,31.5,31.5,68.5,"Ormont-Dessous (VD)","A Ormont-Dessous, l'Iniziativa ""No a una Svizzera da 10 milioni!"" è stata respinta con il 68,5 per cento. NA"
5411,5.8,5.8,94.2,"Ormont-Dessus (VD)","Con il 94,2 per cento dei voti, Ormont-Dessus ha respinto l'Iniziativa ""No a una Svizzera da 10 milioni!"". NA"
5412,49.1,49.1,50.9,"Rennaz (VD)","Con il 50,9 per cento dei voti, l'Iniziativa ""No a una Svizzera da 10 milioni!"" viene respinta a Rennaz. NA"
5413,27.6,27.6,72.4,"Roche (VD)","A Roche VD l'Iniziativa ""No a una Svizzera da 10 milioni!"" non ottiene la maggioranza: 72,4 per cento di no. NA"
5414,19.2,19.2,80.8,"Villeneuve (VD)","A Villeneuve VD l'Iniziativa ""No a una Svizzera da 10 milioni!"" non ottiene la maggioranza: 80,8 per cento di no. NA"
5415,16.2,16.2,83.8,"Yvorne (VD)","Con il 83,8 per cento dei voti, l'Iniziativa ""No a una Svizzera da 10 milioni!"" viene respinta a Yvorne. NA"
5422,16.7,16.7,83.3,"Aubonne (VD)","Con il 83,3 per cento dei voti, l'Iniziativa ""No a una Svizzera da 10 milioni!"" viene respinta a Aubonne. NA"
5423,77.7,77.7,22.3,"Ballens (VD)","Sì all'Iniziativa ""No a una Svizzera da 10 milioni!"" a Ballens con il 77,7 per cento. NA"
5424,45.1,45.1,54.9,"Berolle (VD)","A Berolle, l'Iniziativa ""No a una Svizzera da 10 milioni!"" è stata respinta con il 54,9 per cento. NA"
5425,16.2,16.2,83.8,"Bière (VD)","La popolazione di Bière respinge l'Iniziativa ""No a una Svizzera da 10 milioni!"" con il 83,8 per cento. NA"
5426,43.6,43.6,56.4,"Bougy-Villars (VD)","A Bougy-Villars l'Iniziativa ""No a una Svizzera da 10 milioni!"" è stata respinta con il 56,4 per cento. NA"
5427,52.5,52.5,47.5,"Féchy (VD)","Sì all'Iniziativa ""No a una Svizzera da 10 milioni!"" a Féchy con il 52,5 per cento. NA"
5428,55.3,55.3,44.7,"Gimel (VD)","A Gimel, l'Iniziativa ""No a una Svizzera da 10 milioni!"" è stata approvata con il 55,3 per cento. NA"
5429,32.6,32.6,67.4,"Longirod (VD)","A Longirod, l'Iniziativa ""No a una Svizzera da 10 milioni!"" è stata respinta con il 67,4 per cento. NA"
5430,60.2,60.2,39.8,"Marchissy (VD)","Sì all'Iniziativa ""No a una Svizzera da 10 milioni!"" a Marchissy con il 60,2 per cento. NA"
5431,87.3,87.3,12.7,"Mollens (VD)","A Mollens VD l'Iniziativa ""No a una Svizzera da 10 milioni!"" è stata approvata con il 87,3 per cento. NA"
5434,1.8,1.8,98.2,"Saint-George (VD)","Con il 98,2 per cento dei voti, Saint-George ha respinto l'Iniziativa ""No a una Svizzera da 10 milioni!"". NA"
5435,27.3,27.3,72.7,"Saint-Livres (VD)","La popolazione di Saint-Livres respinge l'Iniziativa ""No a una Svizzera da 10 milioni!"" con il 72,7 per cento. NA"
5436,63,63,37,"Saint-Oyens (VD)","Sì all'Iniziativa ""No a una Svizzera da 10 milioni!"" a Saint-Oyens, con il 63 per cento di voti favorevoli. NA"
5437,94.5,94.5,5.5,"Saubraz (VD)","Sì all'Iniziativa ""No a una Svizzera da 10 milioni!"" a Saubraz con il 94,5 per cento. NA"
5451,45.2,45.2,54.8,"Avenches (VD)","Con il 54,8 per cento dei voti, Avenches ha respinto l'Iniziativa ""No a una Svizzera da 10 milioni!"". NA"
5456,20.7,20.7,79.3,"Cudrefin (VD)","A Cudrefin l'Iniziativa ""No a una Svizzera da 10 milioni!"" non ottiene la maggioranza: 79,3 per cento di no. NA"
5458,33.3,33.3,66.7,"Faoug (VD)","Con il 66,7 per cento dei voti, l'Iniziativa ""No a una Svizzera da 10 milioni!"" viene respinta a Faoug. NA"
5464,37.8,37.8,62.2,"Vully-les-Lacs (VD)","A Vully-les-Lacs l'Iniziativa ""No a una Svizzera da 10 milioni!"" non ottiene la maggioranza: 62,2 per cento di no. NA"
5471,56.2,56.2,43.8,"Bettens (VD)","A Bettens l'Iniziativa ""No a una Svizzera da 10 milioni!"" è stata approvata con il 56,2 per cento. NA"
5472,44.1,44.1,55.9,"Bournens (VD)","La popolazione di Bournens respinge l'Iniziativa ""No a una Svizzera da 10 milioni!"" con il 55,9 per cento. NA"
5473,88.3,88.3,11.7,"Boussens (VD)","A Boussens, l'Iniziativa ""No a una Svizzera da 10 milioni!"" è approvata con il 88,3 per cento. NA"
5474,5.8,5.8,94.2,"La Chaux (Cossonay) (VD)","La popolazione di La Chaux (Cossonay) respinge l'Iniziativa ""No a una Svizzera da 10 milioni!"" con il 94,2 per cento. NA"
5475,63.8,63.8,36.2,"Chavannes-le-Veyron (VD)","A Chavannes-le-Veyron, l'Iniziativa ""No a una Svizzera da 10 milioni!"" è approvata con il 63,8 per cento. NA"
5476,89.2,89.2,10.8,"Chevilly (VD)","Sì all'Iniziativa ""No a una Svizzera da 10 milioni!"" a Chevilly: 89,2 per cento. NA"
5477,49.4,49.4,50.6,"Cossonay (VD)","A Cossonay, l'Iniziativa ""No a una Svizzera da 10 milioni!"" è stata respinta con il 50,6 per cento. NA"
5479,86.7,86.7,13.3,"Cuarnens (VD)","Sì all'Iniziativa ""No a una Svizzera da 10 milioni!"" a Cuarnens: 86,7 per cento. NA"
5480,67.6,67.6,32.4,"Daillens (VD)","Sì all'Iniziativa ""No a una Svizzera da 10 milioni!"" a Daillens, con il 67,6 per cento di voti favorevoli. NA"
5481,29.3,29.3,70.7,"Dizy (VD)","A Dizy l'Iniziativa ""No a una Svizzera da 10 milioni!"" è stata respinta con il 70,7 per cento. NA"
5482,26.8,26.8,73.2,"Eclépens (VD)","A Eclépens, l'Iniziativa ""No a una Svizzera da 10 milioni!"" è stata respinta con il 73,2 per cento. NA"
5483,14.8,14.8,85.2,"Ferreyres (VD)","A Ferreyres l'Iniziativa ""No a una Svizzera da 10 milioni!"" non ottiene la maggioranza: 85,2 per cento di no. NA"
5484,99,99,1,"Gollion (VD)","A Gollion, l'Iniziativa ""No a una Svizzera da 10 milioni!"" è stata approvata con il 99 per cento. NA"
5485,81,81,19,"Grancy (VD)","La popolazione di Grancy approva l'Iniziativa ""No a una Svizzera da 10 milioni!"" con il 81 per cento. NA"
5486,53.6,53.6,46.4,"L'Isle (VD)","Sì all'Iniziativa ""No a una Svizzera da 10 milioni!"" a L'Isle: 53,6 per cento. NA"
5487,14.1,14.1,85.9,"Lussery-Villars (VD)","A Lussery-Villars, l'Iniziativa ""No a una Svizzera da 10 milioni!"" è stata respinta con il 85,9 per cento. NA"
5488,23.6,23.6,76.4,"Mauraz (VD)","A Mauraz l'Iniziativa ""No a una Svizzera da 10 milioni!"" è stata respinta con il 76,4 per cento. NA"
5489,52.1,52.1,47.9,"Mex (VD)","A Mex VD, l'Iniziativa ""No a una Svizzera da 10 milioni!"" è stata approvata con il 52,1 per cento. NA"
5490,7.2,7.2,92.8,"Moiry (VD)","A Moiry l'Iniziativa ""No a una Svizzera da 10 milioni!"" è stata respinta con il 92,8 per cento. NA"
5491,34.6,34.6,65.4,"Mont-la-Ville (VD)","A Mont-la-Ville l'Iniziativa ""No a una Svizzera da 10 milioni!"" è stata respinta con il 65,4 per cento. NA"
5492,87.2,87.2,12.8,"Montricher (VD)","Sì all'Iniziativa ""No a una Svizzera da 10 milioni!"" a Montricher: 87,2 per cento. NA"
5493,5.8,5.8,94.2,"Orny (VD)","La popolazione di Orny respinge l'Iniziativa ""No a una Svizzera da 10 milioni!"" con il 94,2 per cento. NA"
5495,76.1,76.1,23.9,"Penthalaz (VD)","Sì all'Iniziativa ""No a una Svizzera da 10 milioni!"" a Penthalaz con il 76,1 per cento. NA"
5496,39.1,39.1,60.9,"Penthaz (VD)","La popolazione di Penthaz respinge l'Iniziativa ""No a una Svizzera da 10 milioni!"" con il 60,9 per cento. NA"
5497,47.4,47.4,52.6,"Pompaples (VD)","Con il 52,6 per cento dei voti, Pompaples ha respinto l'Iniziativa ""No a una Svizzera da 10 milioni!"". NA"
5498,77.3,77.3,22.7,"La Sarraz (VD)","A La Sarraz l'Iniziativa ""No a una Svizzera da 10 milioni!"" è stata approvata con il 77,3 per cento. NA"
5499,83,83,17,"Senarclens (VD)","A Senarclens, l'Iniziativa ""No a una Svizzera da 10 milioni!"" è approvata con il 83 per cento. NA"
5501,89.2,89.2,10.8,"Sullens (VD)","A Sullens l'Iniziativa ""No a una Svizzera da 10 milioni!"" è stata approvata con il 89,2 per cento. NA"
5503,13.2,13.2,86.8,"Vufflens-la-Ville (VD)","A Vufflens-la-Ville l'Iniziativa ""No a una Svizzera da 10 milioni!"" non ottiene la maggioranza: 86,8 per cento di no. NA"
5511,33.8,33.8,66.2,"Assens (VD)","Con il 66,2 per cento dei voti, l'Iniziativa ""No a una Svizzera da 10 milioni!"" viene respinta a Assens. NA"
5512,49.8,49.8,50.2,"Bercher (VD)","Con il 50,2 per cento dei voti, l'Iniziativa ""No a una Svizzera da 10 milioni!"" viene respinta a Bercher. NA"
5514,89.3,89.3,10.7,"Bottens (VD)","A Bottens, l'Iniziativa ""No a una Svizzera da 10 milioni!"" è stata approvata con il 89,3 per cento. NA"
5515,56.9,56.9,43.1,"Bretigny-sur-Morrens (VD)","A Bretigny-sur-Morrens, l'Iniziativa ""No a una Svizzera da 10 milioni!"" è stata approvata con il 56,9 per cento. NA"
5516,61.2,61.2,38.8,"Cugy (VD)","Sì all'Iniziativa ""No a una Svizzera da 10 milioni!"" a Cugy VD con il 61,2 per cento. NA"
5518,44.9,44.9,55.1,"Echallens (VD)","Con il 55,1 per cento dei voti, Echallens ha respinto l'Iniziativa ""No a una Svizzera da 10 milioni!"". NA"
5520,47.5,47.5,52.5,"Essertines-sur-Yverdon (VD)","A Essertines-sur-Yverdon l'Iniziativa ""No a una Svizzera da 10 milioni!"" è stata respinta con il 52,5 per cento. NA"
5521,33.7,33.7,66.3,"Etagnières (VD)","A Etagnières l'Iniziativa ""No a una Svizzera da 10 milioni!"" non ottiene la maggioranza: 66,3 per cento di no. NA"
5522,46,46,54,"Fey (VD)","A Fey l'Iniziativa ""No a una Svizzera da 10 milioni!"" è stata respinta con il 54 per cento. NA"
5523,48.1,48.1,51.9,"Froideville (VD)","A Froideville l'Iniziativa ""No a una Svizzera da 10 milioni!"" non ottiene la maggioranza: 51,9 per cento di no. NA"
5527,85.7,85.7,14.3,"Morrens (VD)","La popolazione di Morrens VD approva l'Iniziativa ""No a una Svizzera da 10 milioni!"" con il 85,7 per cento. NA"
5529,35.5,35.5,64.5,"Oulens-sous-Echallens (VD)","Con il 64,5 per cento dei voti, l'Iniziativa ""No a una Svizzera da 10 milioni!"" viene respinta a Oulens-sous-Echallens. NA"
5530,34.4,34.4,65.6,"Pailly (VD)","A Pailly l'Iniziativa ""No a una Svizzera da 10 milioni!"" non ottiene la maggioranza: 65,6 per cento di no. NA"
5531,40.9,40.9,59.1,"Penthéréaz (VD)","A Penthéréaz l'Iniziativa ""No a una Svizzera da 10 milioni!"" è stata respinta con il 59,1 per cento. NA"
5533,88.3,88.3,11.7,"Poliez-Pittet (VD)","A Poliez-Pittet, l'Iniziativa ""No a una Svizzera da 10 milioni!"" è stata approvata con il 88,3 per cento. NA"
5534,39.7,39.7,60.3,"Rueyres (VD)","A Rueyres l'Iniziativa ""No a una Svizzera da 10 milioni!"" è stata respinta con il 60,3 per cento. NA"
5535,84.1,84.1,15.9,"Saint-Barthélemy (VD)","Sì all'Iniziativa ""No a una Svizzera da 10 milioni!"" a Saint-Barthélemy VD con il 84,1 per cento. NA"
5537,35,35,65,"Villars-le-Terroir (VD)","La popolazione di Villars-le-Terroir respinge l'Iniziativa ""No a una Svizzera da 10 milioni!"" con il 65 per cento. NA"
5539,49.8,49.8,50.2,"Vuarrens (VD)","La popolazione di Vuarrens respinge l'Iniziativa ""No a una Svizzera da 10 milioni!"" con il 50,2 per cento. NA"
5540,50.7,50.7,49.3,"Montilliez (VD)","La popolazione di Montilliez approva l'Iniziativa ""No a una Svizzera da 10 milioni!"" con il 50,7 per cento. NA"
5541,83,83,17,"Goumoëns (VD)","A Goumoëns, l'Iniziativa ""No a una Svizzera da 10 milioni!"" è stata approvata con il 83 per cento. NA"
5551,55.4,55.4,44.6,"Bonvillars (VD)","La popolazione di Bonvillars approva l'Iniziativa ""No a una Svizzera da 10 milioni!"" con il 55,4 per cento. NA"
5552,1.9,1.9,98.1,"Bullet (VD)","Con il 98,1 per cento dei voti, Bullet ha respinto l'Iniziativa ""No a una Svizzera da 10 milioni!"". NA"
5553,67.8,67.8,32.2,"Champagne (VD)","A Champagne, l'Iniziativa ""No a una Svizzera da 10 milioni!"" è stata approvata con il 67,8 per cento. NA"
5554,78.2,78.2,21.8,"Concise (VD)","A Concise l'Iniziativa ""No a una Svizzera da 10 milioni!"" è stata approvata con il 78,2 per cento. NA"
5555,16.7,16.7,83.3,"Corcelles-près-Concise (VD)","A Corcelles-près-Concise l'Iniziativa ""No a una Svizzera da 10 milioni!"" è stata respinta con il 83,3 per cento. NA"
5556,28,28,72,"Fiez (VD)","Con il 72 per cento dei voti, Fiez ha respinto l'Iniziativa ""No a una Svizzera da 10 milioni!"". NA"
5557,47.7,47.7,52.3,"Fontaines-sur-Grandson (VD)","La popolazione di Fontaines-sur-Grandson respinge l'Iniziativa ""No a una Svizzera da 10 milioni!"" con il 52,3 per cento. NA"
5559,69.6,69.6,30.4,"Giez (VD)","La popolazione di Giez approva l'Iniziativa ""No a una Svizzera da 10 milioni!"" con il 69,6 per cento. NA"
5560,37.3,37.3,62.7,"Grandevent (VD)","La popolazione di Grandevent respinge l'Iniziativa ""No a una Svizzera da 10 milioni!"" con il 62,7 per cento. NA"
5561,70.3,70.3,29.7,"Grandson (VD)","A Grandson, l'Iniziativa ""No a una Svizzera da 10 milioni!"" è approvata con il 70,3 per cento. NA"
5562,35.7,35.7,64.3,"Mauborget (VD)","La popolazione di Mauborget respinge l'Iniziativa ""No a una Svizzera da 10 milioni!"" con il 64,3 per cento. NA"
5563,49,49,51,"Mutrux (VD)","Con il 51 per cento dei voti, Mutrux ha respinto l'Iniziativa ""No a una Svizzera da 10 milioni!"". NA"
5564,41.3,41.3,58.7,"Novalles (VD)","La popolazione di Novalles respinge l'Iniziativa ""No a una Svizzera da 10 milioni!"" con il 58,7 per cento. NA"
5565,81.1,81.1,18.9,"Onnens (VD)","A Onnens VD, l'Iniziativa ""No a una Svizzera da 10 milioni!"" è stata approvata con il 81,1 per cento. NA"
5566,16.9,16.9,83.1,"Provence (VD)","A Provence, l'Iniziativa ""No a una Svizzera da 10 milioni!"" è stata respinta con il 83,1 per cento. NA"
5568,64,64,36,"Sainte-Croix (VD)","A Sainte-Croix, l'Iniziativa ""No a una Svizzera da 10 milioni!"" è approvata con il 64 per cento. NA"
5571,47.4,47.4,52.6,"Tévenon (VD)","Con il 52,6 per cento dei voti, Tévenon ha respinto l'Iniziativa ""No a una Svizzera da 10 milioni!"". NA"
5581,76.4,76.4,23.6,"Belmont-sur-Lausanne (VD)","A Belmont-sur-Lausanne l'Iniziativa ""No a una Svizzera da 10 milioni!"" è stata approvata con il 76,4 per cento. NA"
5582,30.7,30.7,69.3,"Cheseaux-sur-Lausanne (VD)","A Cheseaux-sur-Lausanne l'Iniziativa ""No a una Svizzera da 10 milioni!"" è stata respinta con il 69,3 per cento. NA"
5583,77.6,77.6,22.4,"Crissier (VD)","Sì all'Iniziativa ""No a una Svizzera da 10 milioni!"" a Crissier: 77,6 per cento. NA"
5584,87.9,87.9,12.1,"Epalinges (VD)","A Epalinges l'Iniziativa ""No a una Svizzera da 10 milioni!"" è stata approvata con il 87,9 per cento. NA"
5585,14.7,14.7,85.3,"Jouxtens-Mézery (VD)","A Jouxtens-Mézery, l'Iniziativa ""No a una Svizzera da 10 milioni!"" è stata respinta con il 85,3 per cento. NA"
5586,77.8,77.8,22.2,"Losanna (VD)","Sì all'Iniziativa ""No a una Svizzera da 10 milioni!"" a Losanna con il 77,8 per cento. NA"
5587,59.7,59.7,40.3,"Le Mont-sur-Lausanne (VD)","Sì all'Iniziativa ""No a una Svizzera da 10 milioni!"" a Le Mont-sur-Lausanne con il 59,7 per cento. NA"
5588,36.9,36.9,63.1,"Paudex (VD)","Con il 63,1 per cento dei voti, Paudex ha respinto l'Iniziativa ""No a una Svizzera da 10 milioni!"". NA"
5589,15,15,85,"Prilly (VD)","A Prilly l'Iniziativa ""No a una Svizzera da 10 milioni!"" non ottiene la maggioranza: 85 per cento di no. NA"
5590,45.4,45.4,54.6,"Pully (VD)","La popolazione di Pully respinge l'Iniziativa ""No a una Svizzera da 10 milioni!"" con il 54,6 per cento. NA"
5591,11.7,11.7,88.3,"Renens (VD)","A Renens VD l'Iniziativa ""No a una Svizzera da 10 milioni!"" non ottiene la maggioranza: 88,3 per cento di no. NA"
5592,7.3,7.3,92.7,"Romanel-sur-Lausanne (VD)","A Romanel-sur-Lausanne l'Iniziativa ""No a una Svizzera da 10 milioni!"" non ottiene la maggioranza: 92,7 per cento di no. NA"
5601,50.5,50.5,49.5,"Chexbres (VD)","A Chexbres, l'Iniziativa ""No a una Svizzera da 10 milioni!"" è approvata con il 50,5 per cento. NA"
5604,88.4,88.4,11.6,"Forel (Lavaux) (VD)","A Forel (Lavaux) l'Iniziativa ""No a una Svizzera da 10 milioni!"" è stata approvata con il 88,4 per cento. NA"
5606,51,51,49,"Lutry (VD)","Sì all'Iniziativa ""No a una Svizzera da 10 milioni!"" a Lutry, con il 51 per cento di voti favorevoli. NA"
5607,48.2,48.2,51.8,"Puidoux (VD)","La popolazione di Puidoux respinge l'Iniziativa ""No a una Svizzera da 10 milioni!"" con il 51,8 per cento. NA"
5609,59.9,59.9,40.1,"Rivaz (VD)","A Rivaz l'Iniziativa ""No a una Svizzera da 10 milioni!"" è stata approvata con il 59,9 per cento. NA"
5610,3.8,3.8,96.2,"Saint-Saphorin (Lavaux) (VD)","La popolazione di Saint-Saphorin (Lavaux) respinge l'Iniziativa ""No a una Svizzera da 10 milioni!"" con il 96,2 per cento. NA"
5611,32.7,32.7,67.3,"Savigny (VD)","Con il 67,3 per cento dei voti, Savigny ha respinto l'Iniziativa ""No a una Svizzera da 10 milioni!"". NA"
5613,41.3,41.3,58.7,"Bourg-en-Lavaux (VD)","A Bourg-en-Lavaux l'Iniziativa ""No a una Svizzera da 10 milioni!"" non ottiene la maggioranza: 58,7 per cento di no. NA"
5621,47.5,47.5,52.5,"Aclens (VD)","La popolazione di Aclens respinge l'Iniziativa ""No a una Svizzera da 10 milioni!"" con il 52,5 per cento. NA"
5622,88.6,88.6,11.4,"Bremblens (VD)","Sì all'Iniziativa ""No a una Svizzera da 10 milioni!"" a Bremblens, con il 88,6 per cento di voti favorevoli. NA"
5623,49.8,49.8,50.2,"Buchillon (VD)","A Buchillon l'Iniziativa ""No a una Svizzera da 10 milioni!"" non ottiene la maggioranza: 50,2 per cento di no. NA"
5624,47.6,47.6,52.4,"Bussigny (VD)","Con il 52,4 per cento dei voti, l'Iniziativa ""No a una Svizzera da 10 milioni!"" viene respinta a Bussigny. NA"
5627,43.5,43.5,56.5,"Chavannes-près-Renens (VD)","La popolazione di Chavannes-près-Renens respinge l'Iniziativa ""No a una Svizzera da 10 milioni!"" con il 56,5 per cento. NA"
5628,51.6,51.6,48.4,"Chigny (VD)","A Chigny, l'Iniziativa ""No a una Svizzera da 10 milioni!"" è approvata con il 51,6 per cento. NA"
5629,87.9,87.9,12.1,"Clarmont (VD)","A Clarmont l'Iniziativa ""No a una Svizzera da 10 milioni!"" è stata approvata con il 87,9 per cento. NA"
5631,91.1,91.1,8.9,"Denens (VD)","A Denens, l'Iniziativa ""No a una Svizzera da 10 milioni!"" è approvata con il 91,1 per cento. NA"
5632,48.4,48.4,51.6,"Denges (VD)","Con il 51,6 per cento dei voti, Denges ha respinto l'Iniziativa ""No a una Svizzera da 10 milioni!"". NA"
5633,47.9,47.9,52.1,"Echandens (VD)","Con il 52,1 per cento dei voti, Echandens ha respinto l'Iniziativa ""No a una Svizzera da 10 milioni!"". NA"
5634,81.7,81.7,18.3,"Echichens (VD)","Sì all'Iniziativa ""No a una Svizzera da 10 milioni!"" a Echichens: 81,7 per cento. NA"
5635,83.6,83.6,16.4,"Ecublens (VD)","Sì all'Iniziativa ""No a una Svizzera da 10 milioni!"" a Ecublens VD con il 83,6 per cento. NA"
5636,78.2,78.2,21.8,"Etoy (VD)","Sì all'Iniziativa ""No a una Svizzera da 10 milioni!"" a Etoy, con il 78,2 per cento di voti favorevoli. NA"
5637,75.7,75.7,24.3,"Lavigny (VD)","Sì all'Iniziativa ""No a una Svizzera da 10 milioni!"" a Lavigny con il 75,7 per cento. NA"
5638,64.4,64.4,35.6,"Lonay (VD)","Sì all'Iniziativa ""No a una Svizzera da 10 milioni!"" a Lonay con il 64,4 per cento. NA"
5639,30.9,30.9,69.1,"Lully (VD)","A Lully VD l'Iniziativa ""No a una Svizzera da 10 milioni!"" è stata respinta con il 69,1 per cento. NA"
5640,57,57,43,"Lussy-sur-Morges (VD)","A Lussy-sur-Morges, l'Iniziativa ""No a una Svizzera da 10 milioni!"" è stata approvata con il 57 per cento. NA"
5642,23.2,23.2,76.8,"Morges (VD)","A Morges l'Iniziativa ""No a una Svizzera da 10 milioni!"" non ottiene la maggioranza: 76,8 per cento di no. NA"
5643,36.3,36.3,63.7,"Préverenges (VD)","Con il 63,7 per cento dei voti, l'Iniziativa ""No a una Svizzera da 10 milioni!"" viene respinta a Préverenges. NA"
5645,72.8,72.8,27.2,"Romanel-sur-Morges (VD)","La popolazione di Romanel-sur-Morges approva l'Iniziativa ""No a una Svizzera da 10 milioni!"" con il 72,8 per cento. NA"
5646,46.1,46.1,53.9,"Saint-Prex (VD)","A Saint-Prex l'Iniziativa ""No a una Svizzera da 10 milioni!"" è stata respinta con il 53,9 per cento. NA"
5648,52.1,52.1,47.9,"Saint-Sulpice (VD)","A Saint-Sulpice VD l'Iniziativa ""No a una Svizzera da 10 milioni!"" è stata approvata con il 52,1 per cento. NA"
5649,18.5,18.5,81.5,"Tolochenaz (VD)","A Tolochenaz l'Iniziativa ""No a una Svizzera da 10 milioni!"" non ottiene la maggioranza: 81,5 per cento di no. NA"
5650,73.7,73.7,26.3,"Vaux-sur-Morges (VD)","Sì all'Iniziativa ""No a una Svizzera da 10 milioni!"" a Vaux-sur-Morges, con il 73,7 per cento di voti favorevoli. NA"
5651,56.5,56.5,43.5,"Villars-Sainte-Croix (VD)","Sì all'Iniziativa ""No a una Svizzera da 10 milioni!"" a Villars-Sainte-Croix con il 56,5 per cento. NA"
5652,55.2,55.2,44.8,"Villars-sous-Yens (VD)","Sì all'Iniziativa ""No a una Svizzera da 10 milioni!"" a Villars-sous-Yens, con il 55,2 per cento di voti favorevoli. NA"
5653,61,61,39,"Vufflens-le-Château (VD)","La popolazione di Vufflens-le-Château approva l'Iniziativa ""No a una Svizzera da 10 milioni!"" con il 61 per cento. NA"
5654,46.8,46.8,53.2,"Vullierens (VD)","La popolazione di Vullierens respinge l'Iniziativa ""No a una Svizzera da 10 milioni!"" con il 53,2 per cento. NA"
5655,43.1,43.1,56.9,"Yens (VD)","A Yens l'Iniziativa ""No a una Svizzera da 10 milioni!"" non ottiene la maggioranza: 56,9 per cento di no. NA"
5656,38.2,38.2,61.8,"Hautemorges (VD)","La popolazione di Hautemorges respinge l'Iniziativa ""No a una Svizzera da 10 milioni!"" con il 61,8 per cento. NA"
5661,70,70,30,"Boulens (VD)","A Boulens l'Iniziativa ""No a una Svizzera da 10 milioni!"" è stata approvata con il 70 per cento. NA"
5663,4.6,4.6,95.4,"Bussy-sur-Moudon (VD)","La popolazione di Bussy-sur-Moudon respinge l'Iniziativa ""No a una Svizzera da 10 milioni!"" con il 95,4 per cento. NA"
5665,50.9,50.9,49.1,"Chavannes-sur-Moudon (VD)","A Chavannes-sur-Moudon l'Iniziativa ""No a una Svizzera da 10 milioni!"" è stata approvata con il 50,9 per cento. NA"
5669,79.2,79.2,20.8,"Curtilles (VD)","A Curtilles l'Iniziativa ""No a una Svizzera da 10 milioni!"" è stata approvata con il 79,2 per cento. NA"
5671,50.9,50.9,49.1,"Dompierre (VD)","A Dompierre VD, l'Iniziativa ""No a una Svizzera da 10 milioni!"" è stata approvata con il 50,9 per cento. NA"
5673,9.8,9.8,90.2,"Hermenches (VD)","A Hermenches l'Iniziativa ""No a una Svizzera da 10 milioni!"" non ottiene la maggioranza: 90,2 per cento di no. NA"
5674,45.3,45.3,54.7,"Lovatens (VD)","Con il 54,7 per cento dei voti, l'Iniziativa ""No a una Svizzera da 10 milioni!"" viene respinta a Lovatens. NA"
5675,43.2,43.2,56.8,"Lucens (VD)","A Lucens, l'Iniziativa ""No a una Svizzera da 10 milioni!"" è stata respinta con il 56,8 per cento. NA"
5678,20.5,20.5,79.5,"Moudon (VD)","La popolazione di Moudon respinge l'Iniziativa ""No a una Svizzera da 10 milioni!"" con il 79,5 per cento. NA"
5680,54.7,54.7,45.3,"Ogens (VD)","A Ogens, l'Iniziativa ""No a una Svizzera da 10 milioni!"" è approvata con il 54,7 per cento. NA"
5683,34.5,34.5,65.5,"Prévonloup (VD)","La popolazione di Prévonloup respinge l'Iniziativa ""No a una Svizzera da 10 milioni!"" con il 65,5 per cento. NA"
5684,46.5,46.5,53.5,"Rossenges (VD)","A Rossenges, l'Iniziativa ""No a una Svizzera da 10 milioni!"" è stata respinta con il 53,5 per cento. NA"
5688,47.9,47.9,52.1,"Syens (VD)","A Syens l'Iniziativa ""No a una Svizzera da 10 milioni!"" è stata respinta con il 52,1 per cento. NA"
5690,74.4,74.4,25.6,"Villars-le-Comte (VD)","La popolazione di Villars-le-Comte approva l'Iniziativa ""No a una Svizzera da 10 milioni!"" con il 74,4 per cento. NA"
5692,80.6,80.6,19.4,"Vucherens (VD)","Sì all'Iniziativa ""No a una Svizzera da 10 milioni!"" a Vucherens con il 80,6 per cento. NA"
5693,0.9,0.9,99.1,"Montanaire (VD)","A Montanaire, l'Iniziativa ""No a una Svizzera da 10 milioni!"" è stata respinta con il 99,1 per cento. NA"
5701,47.1,47.1,52.9,"Arnex-sur-Nyon (VD)","A Arnex-sur-Nyon, l'Iniziativa ""No a una Svizzera da 10 milioni!"" è stata respinta con il 52,9 per cento. NA"
5702,52.2,52.2,47.8,"Arzier-Le Muids (VD)","A Arzier-Le Muids, l'Iniziativa ""No a una Svizzera da 10 milioni!"" è approvata con il 52,2 per cento. NA"
5703,42,42,58,"Bassins (VD)","A Bassins l'Iniziativa ""No a una Svizzera da 10 milioni!"" non ottiene la maggioranza: 58 per cento di no. NA"
5704,80.7,80.7,19.3,"Begnins (VD)","A Begnins, l'Iniziativa ""No a una Svizzera da 10 milioni!"" è stata approvata con il 80,7 per cento. NA"
5705,67.5,67.5,32.5,"Bogis-Bossey (VD)","La popolazione di Bogis-Bossey approva l'Iniziativa ""No a una Svizzera da 10 milioni!"" con il 67,5 per cento. NA"
5706,34,34,66,"Borex (VD)","A Borex l'Iniziativa ""No a una Svizzera da 10 milioni!"" non ottiene la maggioranza: 66 per cento di no. NA"
5707,35.7,35.7,64.3,"Chavannes-de-Bogis (VD)","La popolazione di Chavannes-de-Bogis respinge l'Iniziativa ""No a una Svizzera da 10 milioni!"" con il 64,3 per cento. NA"
5708,32,32,68,"Chavannes-des-Bois (VD)","Con il 68 per cento dei voti, l'Iniziativa ""No a una Svizzera da 10 milioni!"" viene respinta a Chavannes-des-Bois. NA"
5709,54.2,54.2,45.8,"Chéserex (VD)","Sì all'Iniziativa ""No a una Svizzera da 10 milioni!"" a Chéserex: 54,2 per cento. NA"
5710,7.7,7.7,92.3,"Coinsins (VD)","A Coinsins, l'Iniziativa ""No a una Svizzera da 10 milioni!"" è stata respinta con il 92,3 per cento. NA"
5711,74.8,74.8,25.2,"Commugny (VD)","La popolazione di Commugny approva l'Iniziativa ""No a una Svizzera da 10 milioni!"" con il 74,8 per cento. NA"
5712,84.6,84.6,15.4,"Coppet (VD)","A Coppet, l'Iniziativa ""No a una Svizzera da 10 milioni!"" è approvata con il 84,6 per cento. NA"
5713,52.3,52.3,47.7,"Crans-près-Céligny (VD)","La popolazione di Crans-près-Céligny approva l'Iniziativa ""No a una Svizzera da 10 milioni!"" con il 52,3 per cento. NA"
5714,88.2,88.2,11.8,"Crassier (VD)","Sì all'Iniziativa ""No a una Svizzera da 10 milioni!"" a Crassier: 88,2 per cento. NA"
5715,9.8,9.8,90.2,"Duillier (VD)","A Duillier l'Iniziativa ""No a una Svizzera da 10 milioni!"" è stata respinta con il 90,2 per cento. NA"
5716,26.8,26.8,73.2,"Eysins (VD)","A Eysins l'Iniziativa ""No a una Svizzera da 10 milioni!"" è stata respinta con il 73,2 per cento. NA"
5717,33.5,33.5,66.5,"Founex (VD)","La popolazione di Founex respinge l'Iniziativa ""No a una Svizzera da 10 milioni!"" con il 66,5 per cento. NA"
5718,21.9,21.9,78.1,"Genolier (VD)","Con il 78,1 per cento dei voti, Genolier ha respinto l'Iniziativa ""No a una Svizzera da 10 milioni!"". NA"
5719,48.5,48.5,51.5,"Gingins (VD)","Con il 51,5 per cento dei voti, l'Iniziativa ""No a una Svizzera da 10 milioni!"" viene respinta a Gingins. NA"
5720,57.6,57.6,42.4,"Givrins (VD)","A Givrins, l'Iniziativa ""No a una Svizzera da 10 milioni!"" è stata approvata con il 57,6 per cento. NA"
5721,87.3,87.3,12.7,"Gland (VD)","A Gland, l'Iniziativa ""No a una Svizzera da 10 milioni!"" è stata approvata con il 87,3 per cento. NA"
5722,66.4,66.4,33.6,"Grens (VD)","Sì all'Iniziativa ""No a una Svizzera da 10 milioni!"" a Grens con il 66,4 per cento. NA"
5723,17.8,17.8,82.2,"Mies (VD)","A Mies l'Iniziativa ""No a una Svizzera da 10 milioni!"" non ottiene la maggioranza: 82,2 per cento di no. NA"
5724,52.5,52.5,47.5,"Nyon (VD)","A Nyon l'Iniziativa ""No a una Svizzera da 10 milioni!"" è stata approvata con il 52,5 per cento. NA"
5725,39.4,39.4,60.6,"Prangins (VD)","A Prangins l'Iniziativa ""No a una Svizzera da 10 milioni!"" è stata respinta con il 60,6 per cento. NA"
5726,37.8,37.8,62.2,"La Rippe (VD)","A La Rippe, l'Iniziativa ""No a una Svizzera da 10 milioni!"" è stata respinta con il 62,2 per cento. NA"
5727,10.6,10.6,89.4,"Saint-Cergue (VD)","A Saint-Cergue, l'Iniziativa ""No a una Svizzera da 10 milioni!"" è stata respinta con il 89,4 per cento. NA"
5728,59.4,59.4,40.6,"Signy-Avenex (VD)","Sì all'Iniziativa ""No a una Svizzera da 10 milioni!"" a Signy-Avenex: 59,4 per cento. NA"
5729,74.1,74.1,25.9,"Tannay (VD)","A Tannay l'Iniziativa ""No a una Svizzera da 10 milioni!"" è stata approvata con il 74,1 per cento. NA"
5730,17.8,17.8,82.2,"Trélex (VD)","A Trélex l'Iniziativa ""No a una Svizzera da 10 milioni!"" è stata respinta con il 82,2 per cento. NA"
5731,54.2,54.2,45.8,"Le Vaud (VD)","Sì all'Iniziativa ""No a una Svizzera da 10 milioni!"" a Le Vaud, con il 54,2 per cento di voti favorevoli. NA"
5732,26.1,26.1,73.9,"Vich (VD)","A Vich, l'Iniziativa ""No a una Svizzera da 10 milioni!"" è stata respinta con il 73,9 per cento. NA"
5741,71.6,71.6,28.4,"L'Abergement (VD)","La popolazione di L'Abergement approva l'Iniziativa ""No a una Svizzera da 10 milioni!"" con il 71,6 per cento. NA"
5742,60.2,60.2,39.8,"Agiez (VD)","A Agiez, l'Iniziativa ""No a una Svizzera da 10 milioni!"" è stata approvata con il 60,2 per cento. NA"
5743,38.9,38.9,61.1,"Arnex-sur-Orbe (VD)","A Arnex-sur-Orbe l'Iniziativa ""No a una Svizzera da 10 milioni!"" non ottiene la maggioranza: 61,1 per cento di no. NA"
5744,54.1,54.1,45.9,"Ballaigues (VD)","Sì all'Iniziativa ""No a una Svizzera da 10 milioni!"" a Ballaigues, con il 54,1 per cento di voti favorevoli. NA"
5745,51.5,51.5,48.5,"Baulmes (VD)","A Baulmes l'Iniziativa ""No a una Svizzera da 10 milioni!"" è stata approvata con il 51,5 per cento. NA"
5746,48.8,48.8,51.2,"Bavois (VD)","La popolazione di Bavois respinge l'Iniziativa ""No a una Svizzera da 10 milioni!"" con il 51,2 per cento. NA"
5747,89.5,89.5,10.5,"Bofflens (VD)","La popolazione di Bofflens approva l'Iniziativa ""No a una Svizzera da 10 milioni!"" con il 89,5 per cento. NA"
5748,47.5,47.5,52.5,"Bretonnières (VD)","La popolazione di Bretonnières respinge l'Iniziativa ""No a una Svizzera da 10 milioni!"" con il 52,5 per cento. NA"
5749,36.5,36.5,63.5,"Chavornay (VD)","A Chavornay l'Iniziativa ""No a una Svizzera da 10 milioni!"" è stata respinta con il 63,5 per cento. NA"
5750,55.2,55.2,44.8,"Les Clées (VD)","A Les Clées, l'Iniziativa ""No a una Svizzera da 10 milioni!"" è approvata con il 55,2 per cento. NA"
5752,87.8,87.8,12.2,"Croy (VD)","Sì all'Iniziativa ""No a una Svizzera da 10 milioni!"" a Croy con il 87,8 per cento. NA"
5754,51.1,51.1,48.9,"Juriens (VD)","Sì all'Iniziativa ""No a una Svizzera da 10 milioni!"" a Juriens con il 51,1 per cento. NA"
5755,54.4,54.4,45.6,"Lignerolle (VD)","A Lignerolle, l'Iniziativa ""No a una Svizzera da 10 milioni!"" è stata approvata con il 54,4 per cento. NA"
5756,62.7,62.7,37.3,"Montcherand (VD)","Sì all'Iniziativa ""No a una Svizzera da 10 milioni!"" a Montcherand: 62,7 per cento. NA"
5757,66.5,66.5,33.5,"Orbe (VD)","A Orbe l'Iniziativa ""No a una Svizzera da 10 milioni!"" è stata approvata con il 66,5 per cento. NA"
5758,55.9,55.9,44.1,"La Praz (VD)","Sì all'Iniziativa ""No a una Svizzera da 10 milioni!"" a La Praz, con il 55,9 per cento di voti favorevoli. NA"
5759,45.9,45.9,54.1,"Premier (VD)","La popolazione di Premier respinge l'Iniziativa ""No a una Svizzera da 10 milioni!"" con il 54,1 per cento. NA"
5760,81.1,81.1,18.9,"Rances (VD)","Sì all'Iniziativa ""No a una Svizzera da 10 milioni!"" a Rances, con il 81,1 per cento di voti favorevoli. NA"
5761,89.3,89.3,10.7,"Romainmôtier-Envy (VD)","Sì all'Iniziativa ""No a una Svizzera da 10 milioni!"" a Romainmôtier-Envy: 89,3 per cento. NA"
5762,48,48,52,"Sergey (VD)","A Sergey l'Iniziativa ""No a una Svizzera da 10 milioni!"" è stata respinta con il 52 per cento. NA"
5763,9.5,9.5,90.5,"Valeyres-sous-Rances (VD)","A Valeyres-sous-Rances l'Iniziativa ""No a una Svizzera da 10 milioni!"" è stata respinta con il 90,5 per cento. NA"
5764,29.7,29.7,70.3,"Vallorbe (VD)","Con il 70,3 per cento dei voti, l'Iniziativa ""No a una Svizzera da 10 milioni!"" viene respinta a Vallorbe. NA"
5765,52.1,52.1,47.9,"Vaulion (VD)","Sì all'Iniziativa ""No a una Svizzera da 10 milioni!"" a Vaulion: 52,1 per cento. NA"
5766,27.5,27.5,72.5,"Vuiteboeuf (VD)","Con il 72,5 per cento dei voti, Vuiteboeuf ha respinto l'Iniziativa ""No a una Svizzera da 10 milioni!"". NA"
5785,48,48,52,"Corcelles-le-Jorat (VD)","La popolazione di Corcelles-le-Jorat respinge l'Iniziativa ""No a una Svizzera da 10 milioni!"" con il 52 per cento. NA"
5790,44.2,44.2,55.8,"Maracon (VD)","Con il 55,8 per cento dei voti, Maracon ha respinto l'Iniziativa ""No a una Svizzera da 10 milioni!"". NA"
5792,14.8,14.8,85.2,"Montpreveyres (VD)","A Montpreveyres, l'Iniziativa ""No a una Svizzera da 10 milioni!"" è stata respinta con il 85,2 per cento. NA"
5798,37.8,37.8,62.2,"Ropraz (VD)","A Ropraz, l'Iniziativa ""No a una Svizzera da 10 milioni!"" è stata respinta con il 62,2 per cento. NA"
5799,46.3,46.3,53.7,"Servion (VD)","La popolazione di Servion respinge l'Iniziativa ""No a una Svizzera da 10 milioni!"" con il 53,7 per cento. NA"
5803,84.6,84.6,15.4,"Vulliens (VD)","A Vulliens, l'Iniziativa ""No a una Svizzera da 10 milioni!"" è stata approvata con il 84,6 per cento. NA"
5804,43.1,43.1,56.9,"Jorat-Menthue (VD)","Con il 56,9 per cento dei voti, Jorat-Menthue ha respinto l'Iniziativa ""No a una Svizzera da 10 milioni!"". NA"
5805,58.1,58.1,41.9,"Oron (VD)","Sì all'Iniziativa ""No a una Svizzera da 10 milioni!"" a Oron, con il 58,1 per cento di voti favorevoli. NA"
5806,22.6,22.6,77.4,"Jorat-Mézières (VD)","A Jorat-Mézières l'Iniziativa ""No a una Svizzera da 10 milioni!"" è stata respinta con il 77,4 per cento. NA"
5812,79.9,79.9,20.1,"Champtauroz (VD)","A Champtauroz, l'Iniziativa ""No a una Svizzera da 10 milioni!"" è stata approvata con il 79,9 per cento. NA"
5813,8.5,8.5,91.5,"Chevroux (VD)","A Chevroux l'Iniziativa ""No a una Svizzera da 10 milioni!"" è stata respinta con il 91,5 per cento. NA"
5816,41.6,41.6,58.4,"Corcelles-près-Payerne (VD)","A Corcelles-près-Payerne l'Iniziativa ""No a una Svizzera da 10 milioni!"" è stata respinta con il 58,4 per cento. NA"
5817,34.9,34.9,65.1,"Grandcour (VD)","Con il 65,1 per cento dei voti, l'Iniziativa ""No a una Svizzera da 10 milioni!"" viene respinta a Grandcour. NA"
5819,49.1,49.1,50.9,"Henniez (VD)","La popolazione di Henniez respinge l'Iniziativa ""No a una Svizzera da 10 milioni!"" con il 50,9 per cento. NA"
5821,44.3,44.3,55.7,"Missy (VD)","Con il 55,7 per cento dei voti, Missy ha respinto l'Iniziativa ""No a una Svizzera da 10 milioni!"". NA"
5822,33.7,33.7,66.3,"Payerne (VD)","A Payerne, l'Iniziativa ""No a una Svizzera da 10 milioni!"" è stata respinta con il 66,3 per cento. NA"
5827,37.8,37.8,62.2,"Trey (VD)","A Trey l'Iniziativa ""No a una Svizzera da 10 milioni!"" non ottiene la maggioranza: 62,2 per cento di no. NA"
5828,69.7,69.7,30.3,"Treytorrens (Payerne) (VD)","A Treytorrens (Payerne), l'Iniziativa ""No a una Svizzera da 10 milioni!"" è approvata con il 69,7 per cento. NA"
5830,58.1,58.1,41.9,"Villarzel (VD)","A Villarzel, l'Iniziativa ""No a una Svizzera da 10 milioni!"" è approvata con il 58,1 per cento. NA"
5831,45.8,45.8,54.2,"Valbroye (VD)","La popolazione di Valbroye respinge l'Iniziativa ""No a una Svizzera da 10 milioni!"" con il 54,2 per cento. NA"
5841,47.5,47.5,52.5,"Château-d'Oex (VD)","A Château-d'Oex, l'Iniziativa ""No a una Svizzera da 10 milioni!"" è stata respinta con il 52,5 per cento. NA"
5842,60.9,60.9,39.1,"Rossinière (VD)","Sì all'Iniziativa ""No a una Svizzera da 10 milioni!"" a Rossinière, con il 60,9 per cento di voti favorevoli. NA"
5843,92.5,92.5,7.5,"Rougemont (VD)","Sì all'Iniziativa ""No a una Svizzera da 10 milioni!"" a Rougemont con il 92,5 per cento. NA"
5851,49.1,49.1,50.9,"Allaman (VD)","A Allaman l'Iniziativa ""No a una Svizzera da 10 milioni!"" è stata respinta con il 50,9 per cento. NA"
5852,70.2,70.2,29.8,"Bursinel (VD)","A Bursinel, l'Iniziativa ""No a una Svizzera da 10 milioni!"" è stata approvata con il 70,2 per cento. NA"
5853,28,28,72,"Bursins (VD)","A Bursins l'Iniziativa ""No a una Svizzera da 10 milioni!"" è stata respinta con il 72 per cento. NA"
5854,72.8,72.8,27.2,"Burtigny (VD)","A Burtigny l'Iniziativa ""No a una Svizzera da 10 milioni!"" è stata approvata con il 72,8 per cento. NA"
5855,26.5,26.5,73.5,"Dully (VD)","A Dully l'Iniziativa ""No a una Svizzera da 10 milioni!"" non ottiene la maggioranza: 73,5 per cento di no. NA"
5856,51,51,49,"Essertines-sur-Rolle (VD)","Sì all'Iniziativa ""No a una Svizzera da 10 milioni!"" a Essertines-sur-Rolle: 51 per cento. NA"
5857,41.5,41.5,58.5,"Gilly (VD)","La popolazione di Gilly respinge l'Iniziativa ""No a una Svizzera da 10 milioni!"" con il 58,5 per cento. NA"
5858,32.2,32.2,67.8,"Luins (VD)","A Luins l'Iniziativa ""No a una Svizzera da 10 milioni!"" non ottiene la maggioranza: 67,8 per cento di no. NA"
5859,91.3,91.3,8.7,"Mont-sur-Rolle (VD)","A Mont-sur-Rolle, l'Iniziativa ""No a una Svizzera da 10 milioni!"" è approvata con il 91,3 per cento. NA"
5860,39.3,39.3,60.7,"Perroy (VD)","A Perroy l'Iniziativa ""No a una Svizzera da 10 milioni!"" è stata respinta con il 60,7 per cento. NA"
5861,75.9,75.9,24.1,"Rolle (VD)","A Rolle l'Iniziativa ""No a una Svizzera da 10 milioni!"" è stata approvata con il 75,9 per cento. NA"
5862,84.2,84.2,15.8,"Tartegnin (VD)","Sì all'Iniziativa ""No a una Svizzera da 10 milioni!"" a Tartegnin: 84,2 per cento. NA"
5863,57.3,57.3,42.7,"Vinzel (VD)","A Vinzel, l'Iniziativa ""No a una Svizzera da 10 milioni!"" è approvata con il 57,3 per cento. NA"
5871,62.9,62.9,37.1,"L'Abbaye (VD)","A L'Abbaye, l'Iniziativa ""No a una Svizzera da 10 milioni!"" è approvata con il 62,9 per cento. NA"
5872,52.7,52.7,47.3,"Le Chenit (VD)","Sì all'Iniziativa ""No a una Svizzera da 10 milioni!"" a Le Chenit: 52,7 per cento. NA"
5873,16.8,16.8,83.2,"Le Lieu (VD)","Con il 83,2 per cento dei voti, l'Iniziativa ""No a una Svizzera da 10 milioni!"" viene respinta a Le Lieu. NA"
5882,81.2,81.2,18.8,"Chardonne (VD)","A Chardonne, l'Iniziativa ""No a una Svizzera da 10 milioni!"" è approvata con il 81,2 per cento. NA"
5883,11.3,11.3,88.7,"Corseaux (VD)","La popolazione di Corseaux respinge l'Iniziativa ""No a una Svizzera da 10 milioni!"" con il 88,7 per cento. NA"
5884,38.5,38.5,61.5,"Corsier-sur-Vevey (VD)","La popolazione di Corsier-sur-Vevey respinge l'Iniziativa ""No a una Svizzera da 10 milioni!"" con il 61,5 per cento. NA"
5885,77.9,77.9,22.1,"Jongny (VD)","Sì all'Iniziativa ""No a una Svizzera da 10 milioni!"" a Jongny con il 77,9 per cento. NA"
5886,81.6,81.6,18.4,"Montreux (VD)","Sì all'Iniziativa ""No a una Svizzera da 10 milioni!"" a Montreux: 81,6 per cento. NA"
5889,57.9,57.9,42.1,"La Tour-de-Peilz (VD)","A La Tour-de-Peilz, l'Iniziativa ""No a una Svizzera da 10 milioni!"" è approvata con il 57,9 per cento. NA"
5890,51.4,51.4,48.6,"Vevey (VD)","Sì all'Iniziativa ""No a una Svizzera da 10 milioni!"" a Vevey, con il 51,4 per cento di voti favorevoli. NA"
5891,0.9,0.9,99.1,"Veytaux (VD)","La popolazione di Veytaux respinge l'Iniziativa ""No a una Svizzera da 10 milioni!"" con il 99,1 per cento. NA"
5892,23.4,23.4,76.6,"Blonay-Saint-Légier (((VD)))","La popolazione di Blonay-Saint-Légier respinge l'Iniziativa ""No a una Svizzera da 10 milioni!"" con il 76,6 per cento. NA"
5902,35.9,35.9,64.1,"Belmont-sur-Yverdon (VD)","La popolazione di Belmont-sur-Yverdon respinge l'Iniziativa ""No a una Svizzera da 10 milioni!"" con il 64,1 per cento. NA"
5903,92.1,92.1,7.9,"Bioley-Magnoux (VD)","Sì all'Iniziativa ""No a una Svizzera da 10 milioni!"" a Bioley-Magnoux con il 92,1 per cento. NA"
5904,79.8,79.8,20.2,"Chamblon (VD)","A Chamblon, l'Iniziativa ""No a una Svizzera da 10 milioni!"" è stata approvata con il 79,8 per cento. NA"
5905,42,42,58,"Champvent (VD)","Con il 58 per cento dei voti, Champvent ha respinto l'Iniziativa ""No a una Svizzera da 10 milioni!"". NA"
5907,68,68,32,"Chavannes-le-Chêne (VD)","A Chavannes-le-Chêne, l'Iniziativa ""No a una Svizzera da 10 milioni!"" è approvata con il 68 per cento. NA"
5908,68,68,32,"Chêne-Pâquier (VD)","A Chêne-Pâquier l'Iniziativa ""No a una Svizzera da 10 milioni!"" è stata approvata con il 68 per cento. NA"
5909,51.4,51.4,48.6,"Cheseaux-Noréaz (VD)","Sì all'Iniziativa ""No a una Svizzera da 10 milioni!"" a Cheseaux-Noréaz, con il 51,4 per cento di voti favorevoli. NA"
5910,38.9,38.9,61.1,"Cronay (VD)","A Cronay l'Iniziativa ""No a una Svizzera da 10 milioni!"" non ottiene la maggioranza: 61,1 per cento di no. NA"
5911,73.3,73.3,26.7,"Cuarny (VD)","Sì all'Iniziativa ""No a una Svizzera da 10 milioni!"" a Cuarny, con il 73,3 per cento di voti favorevoli. NA"
5912,96.1,96.1,3.9,"Démoret (VD)","La popolazione di Démoret approva l'Iniziativa ""No a una Svizzera da 10 milioni!"" con il 96,1 per cento. NA"
5913,76.7,76.7,23.3,"Donneloye (VD)","Sì all'Iniziativa ""No a una Svizzera da 10 milioni!"" a Donneloye: 76,7 per cento. NA"
5914,71.4,71.4,28.6,"Ependes (VD)","Sì all'Iniziativa ""No a una Svizzera da 10 milioni!"" a Ependes VD: 71,4 per cento. NA"
5919,22.5,22.5,77.5,"Mathod (VD)","Con il 77,5 per cento dei voti, l'Iniziativa ""No a una Svizzera da 10 milioni!"" viene respinta a Mathod. NA"
5921,52.3,52.3,47.7,"Molondin (VD)","Sì all'Iniziativa ""No a una Svizzera da 10 milioni!"" a Molondin con il 52,3 per cento. NA"
5922,4.8,4.8,95.2,"Montagny-près-Yverdon (VD)","La popolazione di Montagny-près-Yverdon respinge l'Iniziativa ""No a una Svizzera da 10 milioni!"" con il 95,2 per cento. NA"
5923,69.1,69.1,30.9,"Oppens (VD)","Sì all'Iniziativa ""No a una Svizzera da 10 milioni!"" a Oppens, con il 69,1 per cento di voti favorevoli. NA"
5924,43,43,57,"Orges (VD)","Con il 57 per cento dei voti, l'Iniziativa ""No a una Svizzera da 10 milioni!"" viene respinta a Orges. NA"
5925,27.3,27.3,72.7,"Orzens (VD)","A Orzens l'Iniziativa ""No a una Svizzera da 10 milioni!"" non ottiene la maggioranza: 72,7 per cento di no. NA"
5926,40.7,40.7,59.3,"Pomy (VD)","Con il 59,3 per cento dei voti, l'Iniziativa ""No a una Svizzera da 10 milioni!"" viene respinta a Pomy. NA"
5928,51.7,51.7,48.3,"Rovray (VD)","La popolazione di Rovray approva l'Iniziativa ""No a una Svizzera da 10 milioni!"" con il 51,7 per cento. NA"
5929,68.1,68.1,31.9,"Suchy (VD)","A Suchy, l'Iniziativa ""No a una Svizzera da 10 milioni!"" è stata approvata con il 68,1 per cento. NA"
5930,50.9,50.9,49.1,"Suscévaz (VD)","Sì all'Iniziativa ""No a una Svizzera da 10 milioni!"" a Suscévaz, con il 50,9 per cento di voti favorevoli. NA"
5931,87.4,87.4,12.6,"Treycovagnes (VD)","Sì all'Iniziativa ""No a una Svizzera da 10 milioni!"" a Treycovagnes, con il 87,4 per cento di voti favorevoli. NA"
5932,37.1,37.1,62.9,"Ursins (VD)","Con il 62,9 per cento dei voti, Ursins ha respinto l'Iniziativa ""No a una Svizzera da 10 milioni!"". NA"
5933,23.6,23.6,76.4,"Valeyres-sous-Montagny (VD)","Con il 76,4 per cento dei voti, l'Iniziativa ""No a una Svizzera da 10 milioni!"" viene respinta a Valeyres-sous-Montagny. NA"
5934,92.5,92.5,7.5,"Valeyres-sous-Ursins (VD)","A Valeyres-sous-Ursins, l'Iniziativa ""No a una Svizzera da 10 milioni!"" è stata approvata con il 92,5 per cento. NA"
5935,36.3,36.3,63.7,"Villars-Epeney (VD)","A Villars-Epeney, l'Iniziativa ""No a una Svizzera da 10 milioni!"" è stata respinta con il 63,7 per cento. NA"
5937,53.1,53.1,46.9,"Vugelles-La Mothe (VD)","Sì all'Iniziativa ""No a una Svizzera da 10 milioni!"" a Vugelles-La Mothe: 53,1 per cento. NA"
5938,57.7,57.7,42.3,"Yverdon-les-Bains (VD)","Sì all'Iniziativa ""No a una Svizzera da 10 milioni!"" a Yverdon-les-Bains: 57,7 per cento. NA"
5939,31.1,31.1,68.9,"Yvonand (VD)","Con il 68,9 per cento dei voti, Yvonand ha respinto l'Iniziativa ""No a una Svizzera da 10 milioni!"". NA"
6002,64.5,64.5,35.5,"Briga-Glis (VS)","La popolazione di Briga-Glis approva l'Iniziativa ""No a una Svizzera da 10 milioni!"" con il 64,5 per cento. NA"
6004,58.3,58.3,41.7,"Eggerberg (VS)","Sì all'Iniziativa ""No a una Svizzera da 10 milioni!"" a Eggerberg, con il 58,3 per cento di voti favorevoli. NA"
6007,51.9,51.9,48.1,"Naters (VS)","Sì all'Iniziativa ""No a una Svizzera da 10 milioni!"" a Naters, con il 51,9 per cento di voti favorevoli. NA"
6008,79.6,79.6,20.4,"Ried-Brig (VS)","Sì all'Iniziativa ""No a una Svizzera da 10 milioni!"" a Ried-Brig: 79,6 per cento. NA"
6009,52.3,52.3,47.7,"Sempione (VS)","Sì all'Iniziativa ""No a una Svizzera da 10 milioni!"" a Sempione con il 52,3 per cento. NA"
6010,51.3,51.3,48.7,"Termen (VS)","A Termen, l'Iniziativa ""No a una Svizzera da 10 milioni!"" è approvata con il 51,3 per cento. NA"
6011,50.6,50.6,49.4,"Zwischbergen (VS)","A Zwischbergen, l'Iniziativa ""No a una Svizzera da 10 milioni!"" è stata approvata con il 50,6 per cento. NA"
6021,75.1,75.1,24.9,"Ardon (VS)","A Ardon, l'Iniziativa ""No a una Svizzera da 10 milioni!"" è approvata con il 75,1 per cento. NA"
6022,54.3,54.3,45.7,"Chamoson (VS)","La popolazione di Chamoson approva l'Iniziativa ""No a una Svizzera da 10 milioni!"" con il 54,3 per cento. NA"
6023,30.3,30.3,69.7,"Conthey (VS)","Con il 69,7 per cento dei voti, l'Iniziativa ""No a una Svizzera da 10 milioni!"" viene respinta a Conthey. NA"
6024,43.8,43.8,56.2,"Nendaz (VS)","A Nendaz l'Iniziativa ""No a una Svizzera da 10 milioni!"" non ottiene la maggioranza: 56,2 per cento di no. NA"
6025,79.5,79.5,20.5,"Vétroz (VS)","La popolazione di Vétroz approva l'Iniziativa ""No a una Svizzera da 10 milioni!"" con il 79,5 per cento. NA"
6032,37.5,37.5,62.5,"Bourg-Saint-Pierre (VS)","La popolazione di Bourg-Saint-Pierre respinge l'Iniziativa ""No a una Svizzera da 10 milioni!"" con il 62,5 per cento. NA"
6033,61.9,61.9,38.1,"Liddes (VS)","A Liddes, l'Iniziativa ""No a una Svizzera da 10 milioni!"" è approvata con il 61,9 per cento. NA"
6034,74.8,74.8,25.2,"Orsières (VS)","La popolazione di Orsières approva l'Iniziativa ""No a una Svizzera da 10 milioni!"" con il 74,8 per cento. NA"
6035,95.4,95.4,4.6,"Sembrancher (VS)","Sì all'Iniziativa ""No a una Svizzera da 10 milioni!"" a Sembrancher con il 95,4 per cento. NA"
6037,46.7,46.7,53.3,"Val de Bagnes (VS)","Con il 53,3 per cento dei voti, l'Iniziativa ""No a una Svizzera da 10 milioni!"" viene respinta a Val de Bagnes. NA"
6052,52.4,52.4,47.6,"Bellwald (VS)","Sì all'Iniziativa ""No a una Svizzera da 10 milioni!"" a Bellwald: 52,4 per cento. NA"
6054,81.8,81.8,18.2,"Binn (VS)","Sì all'Iniziativa ""No a una Svizzera da 10 milioni!"" a Binn, con il 81,8 per cento di voti favorevoli. NA"
6056,10.3,10.3,89.7,"Ernen (VS)","A Ernen l'Iniziativa ""No a una Svizzera da 10 milioni!"" non ottiene la maggioranza: 89,7 per cento di no. NA"
6057,88.2,88.2,11.8,"Fiesch (VS)","Sì all'Iniziativa ""No a una Svizzera da 10 milioni!"" a Fiesch con il 88,2 per cento. NA"
6058,13.6,13.6,86.4,"Fieschertal (VS)","Con il 86,4 per cento dei voti, l'Iniziativa ""No a una Svizzera da 10 milioni!"" viene respinta a Fieschertal. NA"
6061,4.4,4.4,95.6,"Lax (VS)","La popolazione di Lax respinge l'Iniziativa ""No a una Svizzera da 10 milioni!"" con il 95,6 per cento. NA"
6076,54.4,54.4,45.6,"Obergoms (VS)","A Obergoms, l'Iniziativa ""No a una Svizzera da 10 milioni!"" è approvata con il 54,4 per cento. NA"
6077,45.6,45.6,54.4,"Goms (VS)","La popolazione di Goms respinge l'Iniziativa ""No a una Svizzera da 10 milioni!"" con il 54,4 per cento. NA"
6082,55.3,55.3,44.7,"Ayent (VS)","A Ayent, l'Iniziativa ""No a una Svizzera da 10 milioni!"" è stata approvata con il 55,3 per cento. NA"
6083,74.3,74.3,25.7,"Evolène (VS)","A Evolène l'Iniziativa ""No a una Svizzera da 10 milioni!"" è stata approvata con il 74,3 per cento. NA"
6084,61,61,39,"Hérémence (VS)","Sì all'Iniziativa ""No a una Svizzera da 10 milioni!"" a Hérémence, con il 61 per cento di voti favorevoli. NA"
6087,59.3,59.3,40.7,"Saint-Martin (VS)","Sì all'Iniziativa ""No a una Svizzera da 10 milioni!"" a Saint-Martin VS, con il 59,3 per cento di voti favorevoli. NA"
6089,97.7,97.7,2.3,"Vex (VS)","Sì all'Iniziativa ""No a una Svizzera da 10 milioni!"" a Vex, con il 97,7 per cento di voti favorevoli. NA"
6090,38.3,38.3,61.7,"Mont-Noble (VS)","A Mont-Noble, l'Iniziativa ""No a una Svizzera da 10 milioni!"" è stata respinta con il 61,7 per cento. NA"
6101,33.2,33.2,66.8,"Agarn (VS)","Con il 66,8 per cento dei voti, l'Iniziativa ""No a una Svizzera da 10 milioni!"" viene respinta a Agarn. NA"
6102,2.1,2.1,97.9,"Albinen (VS)","La popolazione di Albinen respinge l'Iniziativa ""No a una Svizzera da 10 milioni!"" con il 97,9 per cento. NA"
6104,91.6,91.6,8.4,"Ergisch (VS)","Sì all'Iniziativa ""No a una Svizzera da 10 milioni!"" a Ergisch: 91,6 per cento. NA"
6109,54.6,54.6,45.4,"Inden (VS)","Sì all'Iniziativa ""No a una Svizzera da 10 milioni!"" a Inden: 54,6 per cento. NA"
6110,71,71,29,"Loèche (VS)","A Loèche l'Iniziativa ""No a una Svizzera da 10 milioni!"" è stata approvata con il 71 per cento. NA"
6111,85.3,85.3,14.7,"Loèche-les-Bains (VS)","A Loèche-les-Bains l'Iniziativa ""No a una Svizzera da 10 milioni!"" è stata approvata con il 85,3 per cento. NA"
6112,33.2,33.2,66.8,"Oberems (VS)","Con il 66,8 per cento dei voti, l'Iniziativa ""No a una Svizzera da 10 milioni!"" viene respinta a Oberems. NA"
6113,8.1,8.1,91.9,"Salquenen (VS)","La popolazione di Salquenen respinge l'Iniziativa ""No a una Svizzera da 10 milioni!"" con il 91,9 per cento. NA"
6116,45,45,55,"Varone (VS)","La popolazione di Varone respinge l'Iniziativa ""No a una Svizzera da 10 milioni!"" con il 55 per cento. NA"
6117,42.6,42.6,57.4,"Guttet-Feschel (VS)","A Guttet-Feschel, l'Iniziativa ""No a una Svizzera da 10 milioni!"" è stata respinta con il 57,4 per cento. NA"
6118,15.9,15.9,84.1,"Gampel-Bratsch (VS)","Con il 84,1 per cento dei voti, l'Iniziativa ""No a una Svizzera da 10 milioni!"" viene respinta a Gampel-Bratsch. NA"
6119,58.5,58.5,41.5,"Turtmann-Unterems (VS)","Sì all'Iniziativa ""No a una Svizzera da 10 milioni!"" a Turtmann-Unterems: 58,5 per cento. NA"
6131,72,72,28,"Bovernier (VS)","La popolazione di Bovernier approva l'Iniziativa ""No a una Svizzera da 10 milioni!"" con il 72 per cento. NA"
6133,41,41,59,"Fully (VS)","La popolazione di Fully respinge l'Iniziativa ""No a una Svizzera da 10 milioni!"" con il 59 per cento. NA"
6134,33.5,33.5,66.5,"Isérables (VS)","Con il 66,5 per cento dei voti, Isérables ha respinto l'Iniziativa ""No a una Svizzera da 10 milioni!"". NA"
6135,70.4,70.4,29.6,"Leytron (VS)","A Leytron l'Iniziativa ""No a una Svizzera da 10 milioni!"" è stata approvata con il 70,4 per cento. NA"
6136,83.2,83.2,16.8,"Martigny (VS)","A Martigny l'Iniziativa ""No a una Svizzera da 10 milioni!"" è stata approvata con il 83,2 per cento. NA"
6137,49.7,49.7,50.3,"Martigny-Combe (VS)","La popolazione di Martigny-Combe respinge l'Iniziativa ""No a una Svizzera da 10 milioni!"" con il 50,3 per cento. NA"
6139,90,90,10,"Riddes (VS)","Sì all'Iniziativa ""No a una Svizzera da 10 milioni!"" a Riddes: 90 per cento. NA"
6140,30.1,30.1,69.9,"Saillon (VS)","Con il 69,9 per cento dei voti, Saillon ha respinto l'Iniziativa ""No a una Svizzera da 10 milioni!"". NA"
6141,63.6,63.6,36.4,"Saxon (VS)","A Saxon, l'Iniziativa ""No a una Svizzera da 10 milioni!"" è stata approvata con il 63,6 per cento. NA"
6142,62.9,62.9,37.1,"Trient (VS)","A Trient, l'Iniziativa ""No a una Svizzera da 10 milioni!"" è approvata con il 62,9 per cento. NA"
6151,42.5,42.5,57.5,"Champéry (VS)","La popolazione di Champéry respinge l'Iniziativa ""No a una Svizzera da 10 milioni!"" con il 57,5 per cento. NA"
6152,61.2,61.2,38.8,"Collombey-Muraz (VS)","A Collombey-Muraz l'Iniziativa ""No a una Svizzera da 10 milioni!"" è stata approvata con il 61,2 per cento. NA"
6153,56.1,56.1,43.9,"Monthey (VS)","Sì all'Iniziativa ""No a una Svizzera da 10 milioni!"" a Monthey con il 56,1 per cento. NA"
6154,69.4,69.4,30.6,"Port-Valais (VS)","A Port-Valais, l'Iniziativa ""No a una Svizzera da 10 milioni!"" è stata approvata con il 69,4 per cento. NA"
6155,35.2,35.2,64.8,"Saint-Gingolph (VS)","A Saint-Gingolph l'Iniziativa ""No a una Svizzera da 10 milioni!"" non ottiene la maggioranza: 64,8 per cento di no. NA"
6156,63.2,63.2,36.8,"Troistorrents (VS)","A Troistorrents, l'Iniziativa ""No a una Svizzera da 10 milioni!"" è approvata con il 63,2 per cento. NA"
6157,31.9,31.9,68.1,"Val-d'Illiez (VS)","La popolazione di Val-d'Illiez respinge l'Iniziativa ""No a una Svizzera da 10 milioni!"" con il 68,1 per cento. NA"
6158,88.8,88.8,11.2,"Vionnaz (VS)","A Vionnaz, l'Iniziativa ""No a una Svizzera da 10 milioni!"" è stata approvata con il 88,8 per cento. NA"
6159,67.8,67.8,32.2,"Vouvry (VS)","A Vouvry, l'Iniziativa ""No a una Svizzera da 10 milioni!"" è stata approvata con il 67,8 per cento. NA"
6172,97.2,97.2,2.8,"Bister (VS)","Sì all'Iniziativa ""No a una Svizzera da 10 milioni!"" a Bister, con il 97,2 per cento di voti favorevoli. NA"
6173,81.3,81.3,18.7,"Bitsch (VS)","A Bitsch, l'Iniziativa ""No a una Svizzera da 10 milioni!"" è stata approvata con il 81,3 per cento. NA"
6177,94.7,94.7,5.3,"Grengiols (VS)","A Grengiols, l'Iniziativa ""No a una Svizzera da 10 milioni!"" è stata approvata con il 94,7 per cento. NA"
6181,48.6,48.6,51.4,"Riederalp (VS)","Con il 51,4 per cento dei voti, l'Iniziativa ""No a una Svizzera da 10 milioni!"" viene respinta a Riederalp. NA"
6191,25.8,25.8,74.2,"Ausserberg (VS)","A Ausserberg l'Iniziativa ""No a una Svizzera da 10 milioni!"" non ottiene la maggioranza: 74,2 per cento di no. NA"
6192,46.4,46.4,53.6,"Blatten (VS)","Con il 53,6 per cento dei voti, l'Iniziativa ""No a una Svizzera da 10 milioni!"" viene respinta a Blatten. NA"
6193,82.6,82.6,17.4,"Bürchen (VS)","Sì all'Iniziativa ""No a una Svizzera da 10 milioni!"" a Bürchen: 82,6 per cento. NA"
6194,61.8,61.8,38.2,"Eischoll (VS)","Sì all'Iniziativa ""No a una Svizzera da 10 milioni!"" a Eischoll con il 61,8 per cento. NA"
6195,37.4,37.4,62.6,"Ferden (VS)","La popolazione di Ferden respinge l'Iniziativa ""No a una Svizzera da 10 milioni!"" con il 62,6 per cento. NA"
6197,56.1,56.1,43.9,"Kippel (VS)","Sì all'Iniziativa ""No a una Svizzera da 10 milioni!"" a Kippel con il 56,1 per cento. NA"
6198,93.9,93.9,6.1,"Niedergesteln (VS)","Sì all'Iniziativa ""No a una Svizzera da 10 milioni!"" a Niedergesteln, con il 93,9 per cento di voti favorevoli. NA"
6199,76.4,76.4,23.6,"Rarogne (VS)","A Rarogne, l'Iniziativa ""No a una Svizzera da 10 milioni!"" è approvata con il 76,4 per cento. NA"
6201,49.2,49.2,50.8,"Unterbäch (VS)","La popolazione di Unterbäch respinge l'Iniziativa ""No a una Svizzera da 10 milioni!"" con il 50,8 per cento. NA"
6202,70.9,70.9,29.1,"Wiler (Lötschen) (VS)","A Wiler (Lötschen), l'Iniziativa ""No a una Svizzera da 10 milioni!"" è stata approvata con il 70,9 per cento. NA"
6203,63.1,63.1,36.9,"Mörel-Filet (VS)","Sì all'Iniziativa ""No a una Svizzera da 10 milioni!"" a Mörel-Filet, con il 63,1 per cento di voti favorevoli. NA"
6204,59.1,59.1,40.9,"Steg-Hohtenn (VS)","A Steg-Hohtenn l'Iniziativa ""No a una Svizzera da 10 milioni!"" è stata approvata con il 59,1 per cento. NA"
6205,48.6,48.6,51.4,"Bettmeralp (VS)","Con il 51,4 per cento dei voti, l'Iniziativa ""No a una Svizzera da 10 milioni!"" viene respinta a Bettmeralp. NA"
6211,49.9,49.9,50.1,"Collonges (VS)","Con il 50,1 per cento dei voti, l'Iniziativa ""No a una Svizzera da 10 milioni!"" viene respinta a Collonges. NA"
6212,49.9,49.9,50.1,"Dorénaz (VS)","A Dorénaz l'Iniziativa ""No a una Svizzera da 10 milioni!"" è stata respinta con il 50,1 per cento. NA"
6213,29.7,29.7,70.3,"Evionnaz (VS)","A Evionnaz l'Iniziativa ""No a una Svizzera da 10 milioni!"" non ottiene la maggioranza: 70,3 per cento di no. NA"
6214,64.3,64.3,35.7,"Finhaut (VS)","Sì all'Iniziativa ""No a una Svizzera da 10 milioni!"" a Finhaut: 64,3 per cento. NA"
6215,73.9,73.9,26.1,"Massongex (VS)","A Massongex, l'Iniziativa ""No a una Svizzera da 10 milioni!"" è approvata con il 73,9 per cento. NA"
6217,41,41,59,"Saint-Maurice (VS)","A Saint-Maurice l'Iniziativa ""No a una Svizzera da 10 milioni!"" non ottiene la maggioranza: 59 per cento di no. NA"
6218,7.9,7.9,92.1,"Salvan (VS)","Con il 92,1 per cento dei voti, l'Iniziativa ""No a una Svizzera da 10 milioni!"" viene respinta a Salvan. NA"
6219,70.6,70.6,29.4,"Vernayaz (VS)","Sì all'Iniziativa ""No a una Svizzera da 10 milioni!"" a Vernayaz con il 70,6 per cento. NA"
6220,8.3,8.3,91.7,"Vérossaz (VS)","A Vérossaz l'Iniziativa ""No a una Svizzera da 10 milioni!"" è stata respinta con il 91,7 per cento. NA"
6232,52.4,52.4,47.6,"Chalais (VS)","Sì all'Iniziativa ""No a una Svizzera da 10 milioni!"" a Chalais, con il 52,4 per cento di voti favorevoli. NA"
6235,29.1,29.1,70.9,"Chippis (VS)","A Chippis, l'Iniziativa ""No a una Svizzera da 10 milioni!"" è stata respinta con il 70,9 per cento. NA"
6238,66.5,66.5,33.5,"Grône (VS)","A Grône, l'Iniziativa ""No a una Svizzera da 10 milioni!"" è stata approvata con il 66,5 per cento. NA"
6239,52.9,52.9,47.1,"Icogne (VS)","A Icogne l'Iniziativa ""No a una Svizzera da 10 milioni!"" è stata approvata con il 52,9 per cento. NA"
6240,5.4,5.4,94.6,"Lens (VS)","Con il 94,6 per cento dei voti, Lens ha respinto l'Iniziativa ""No a una Svizzera da 10 milioni!"". NA"
6246,71,71,29,"Saint-Léonard (VS)","Sì all'Iniziativa ""No a una Svizzera da 10 milioni!"" a Saint-Léonard, con il 71 per cento di voti favorevoli. NA"
6248,39.8,39.8,60.2,"Sierre (VS)","A Sierre l'Iniziativa ""No a una Svizzera da 10 milioni!"" è stata respinta con il 60,2 per cento. NA"
6252,83.4,83.4,16.6,"Anniviers (VS)","Sì all'Iniziativa ""No a una Svizzera da 10 milioni!"" a Anniviers: 83,4 per cento. NA"
6253,45.6,45.6,54.4,"Crans-Montana (VS)","A Crans-Montana l'Iniziativa ""No a una Svizzera da 10 milioni!"" è stata respinta con il 54,4 per cento. NA"
6254,16.1,16.1,83.9,"Noble-Contrée (VS)","La popolazione di Noble-Contrée respinge l'Iniziativa ""No a una Svizzera da 10 milioni!"" con il 83,9 per cento. NA"
6261,59.8,59.8,40.2,"Arbaz (VS)","La popolazione di Arbaz approva l'Iniziativa ""No a una Svizzera da 10 milioni!"" con il 59,8 per cento. NA"
6263,2.2,2.2,97.8,"Grimisuat (VS)","Con il 97,8 per cento dei voti, l'Iniziativa ""No a una Svizzera da 10 milioni!"" viene respinta a Grimisuat. NA"
6265,67,67,33,"Savièse (VS)","A Savièse, l'Iniziativa ""No a una Svizzera da 10 milioni!"" è approvata con il 67 per cento. NA"
6266,34.8,34.8,65.2,"Sion (VS)","Con il 65,2 per cento dei voti, l'Iniziativa ""No a una Svizzera da 10 milioni!"" viene respinta a Sion. NA"
6267,82,82,18,"Veysonnaz (VS)","La popolazione di Veysonnaz approva l'Iniziativa ""No a una Svizzera da 10 milioni!"" con il 82 per cento. NA"
6281,1.3,1.3,98.7,"Baltschieder (VS)","Con il 98,7 per cento dei voti, Baltschieder ha respinto l'Iniziativa ""No a una Svizzera da 10 milioni!"". NA"
6282,35.4,35.4,64.6,"Eisten (VS)","La popolazione di Eisten respinge l'Iniziativa ""No a una Svizzera da 10 milioni!"" con il 64,6 per cento. NA"
6283,73.1,73.1,26.9,"Embd (VS)","A Embd, l'Iniziativa ""No a una Svizzera da 10 milioni!"" è approvata con il 73,1 per cento. NA"
6285,86.6,86.6,13.4,"Grächen (VS)","Sì all'Iniziativa ""No a una Svizzera da 10 milioni!"" a Grächen con il 86,6 per cento. NA"
6286,2.1,2.1,97.9,"Lalden (VS)","A Lalden l'Iniziativa ""No a una Svizzera da 10 milioni!"" non ottiene la maggioranza: 97,9 per cento di no. NA"
6287,30.7,30.7,69.3,"Randa (VS)","La popolazione di Randa respinge l'Iniziativa ""No a una Svizzera da 10 milioni!"" con il 69,3 per cento. NA"
6288,75.8,75.8,24.2,"Saas-Almagell (VS)","La popolazione di Saas-Almagell approva l'Iniziativa ""No a una Svizzera da 10 milioni!"" con il 75,8 per cento. NA"
6289,37.7,37.7,62.3,"Saas-Balen (VS)","La popolazione di Saas-Balen respinge l'Iniziativa ""No a una Svizzera da 10 milioni!"" con il 62,3 per cento. NA"
6290,80,80,20,"Saas-Fee (VS)","A Saas-Fee, l'Iniziativa ""No a una Svizzera da 10 milioni!"" è stata approvata con il 80 per cento. NA"
6291,12.1,12.1,87.9,"Saas-Grund (VS)","La popolazione di Saas-Grund respinge l'Iniziativa ""No a una Svizzera da 10 milioni!"" con il 87,9 per cento. NA"
6292,80.1,80.1,19.9,"Saint-Nicolas (VS)","Sì all'Iniziativa ""No a una Svizzera da 10 milioni!"" a Saint-Nicolas con il 80,1 per cento. NA"
6293,71.2,71.2,28.8,"Stalden (VS)","Sì all'Iniziativa ""No a una Svizzera da 10 milioni!"" a Stalden VS con il 71,2 per cento. NA"
6294,34.1,34.1,65.9,"Staldenried (VS)","A Staldenried, l'Iniziativa ""No a una Svizzera da 10 milioni!"" è stata respinta con il 65,9 per cento. NA"
6295,48.8,48.8,51.2,"Täsch (VS)","A Täsch l'Iniziativa ""No a una Svizzera da 10 milioni!"" è stata respinta con il 51,2 per cento. NA"
6296,85.2,85.2,14.8,"Törbel (VS)","La popolazione di Törbel approva l'Iniziativa ""No a una Svizzera da 10 milioni!"" con il 85,2 per cento. NA"
6297,71.2,71.2,28.8,"Viège (VS)","Sì all'Iniziativa ""No a una Svizzera da 10 milioni!"" a Viège: 71,2 per cento. NA"
6298,50.3,50.3,49.7,"Visperterminen (VS)","La popolazione di Visperterminen approva l'Iniziativa ""No a una Svizzera da 10 milioni!"" con il 50,3 per cento. NA"
6299,52.6,52.6,47.4,"Zeneggen (VS)","Sì all'Iniziativa ""No a una Svizzera da 10 milioni!"" a Zeneggen: 52,6 per cento. NA"
6300,58.8,58.8,41.2,"Zermatt (VS)","A Zermatt, l'Iniziativa ""No a una Svizzera da 10 milioni!"" è stata approvata con il 58,8 per cento. NA"
6404,63.3,63.3,36.7,"Boudry (NE)","Sì all'Iniziativa ""No a una Svizzera da 10 milioni!"" a Boudry, con il 63,3 per cento di voti favorevoli. NA"
6408,47.9,47.9,52.1,"Cortaillod (NE)","Con il 52,1 per cento dei voti, l'Iniziativa ""No a una Svizzera da 10 milioni!"" viene respinta a Cortaillod. NA"
6413,65.4,65.4,34.6,"Rochefort (NE)","A Rochefort l'Iniziativa ""No a una Svizzera da 10 milioni!"" è stata approvata con il 65,4 per cento. NA"
6416,77.6,77.6,22.4,"Milvignes (NE)","Sì all'Iniziativa ""No a una Svizzera da 10 milioni!"" a Milvignes: 77,6 per cento. NA"
6417,89.6,89.6,10.4,"La Grande Béroche (NE)","Sì all'Iniziativa ""No a una Svizzera da 10 milioni!"" a La Grande Béroche: 89,6 per cento. NA"
6421,51.2,51.2,48.8,"La Chaux-de-Fonds (NE)","Sì all'Iniziativa ""No a una Svizzera da 10 milioni!"" a La Chaux-de-Fonds: 51,2 per cento. NA"
6422,46.7,46.7,53.3,"Les Planchettes (NE)","A Les Planchettes l'Iniziativa ""No a una Svizzera da 10 milioni!"" non ottiene la maggioranza: 53,3 per cento di no. NA"
6423,46.5,46.5,53.5,"La Sagne (NE)","La popolazione di La Sagne respinge l'Iniziativa ""No a una Svizzera da 10 milioni!"" con il 53,5 per cento. NA"
6432,57.2,57.2,42.8,"La (BréviNE)","Sì all'Iniziativa ""No a una Svizzera da 10 milioni!"" a La Brévine, con il 57,2 per cento di voti favorevoli. NA"
6433,53.3,53.3,46.7,"Brot-Plamboz (NE)","Sì all'Iniziativa ""No a una Svizzera da 10 milioni!"" a Brot-Plamboz con il 53,3 per cento. NA"
6434,56,56,44,"Le Cerneux-Péquignot (NE)","Sì all'Iniziativa ""No a una Svizzera da 10 milioni!"" a Le Cerneux-Péquignot: 56 per cento. NA"
6435,69.8,69.8,30.2,"La Chaux-du-Milieu (NE)","Sì all'Iniziativa ""No a una Svizzera da 10 milioni!"" a La Chaux-du-Milieu, con il 69,8 per cento di voti favorevoli. NA"
6436,64.2,64.2,35.8,"Le Locle (NE)","A Le Locle, l'Iniziativa ""No a una Svizzera da 10 milioni!"" è stata approvata con il 64,2 per cento. NA"
6437,90.3,90.3,9.7,"Les Ponts-de-Martel (NE)","A Les Ponts-de-Martel l'Iniziativa ""No a una Svizzera da 10 milioni!"" è stata approvata con il 90,3 per cento. NA"
6451,49.9,49.9,50.1,"Cornaux (NE)","A Cornaux, l'Iniziativa ""No a una Svizzera da 10 milioni!"" è stata respinta con il 50,1 per cento. NA"
6452,52.6,52.6,47.4,"Cressier (NE)","La popolazione di Cressier NE approva l'Iniziativa ""No a una Svizzera da 10 milioni!"" con il 52,6 per cento. NA"
6455,40,40,60,"Le Landeron (NE)","La popolazione di Le Landeron respinge l'Iniziativa ""No a una Svizzera da 10 milioni!"" con il 60 per cento. NA"
6456,38.7,38.7,61.3,"Lignières (NE)","A Lignières l'Iniziativa ""No a una Svizzera da 10 milioni!"" non ottiene la maggioranza: 61,3 per cento di no. NA"
6458,58.9,58.9,41.1,"Neuchâtel (NE)","A Neuchâtel l'Iniziativa ""No a una Svizzera da 10 milioni!"" è stata approvata con il 58,9 per cento. NA"
6487,56,56,44,"Val-de-Ruz (NE)","La popolazione di Val-de-Ruz approva l'Iniziativa ""No a una Svizzera da 10 milioni!"" con il 56 per cento. NA"
6504,97,97,3,"La Côte-aux-Fées (NE)","Sì all'Iniziativa ""No a una Svizzera da 10 milioni!"" a La Côte-aux-Fées, con il 97 per cento di voti favorevoli. NA"
6511,55.3,55.3,44.7,"Les Verrières (NE)","A Les Verrières l'Iniziativa ""No a una Svizzera da 10 milioni!"" è stata approvata con il 55,3 per cento. NA"
6512,10.2,10.2,89.8,"Val-de-Travers (NE)","A Val-de-Travers, l'Iniziativa ""No a una Svizzera da 10 milioni!"" è stata respinta con il 89,8 per cento. NA"
6513,74,74,26,"Laténa (NE)","Sì all'Iniziativa ""No a una Svizzera da 10 milioni!"" a Laténa con il 74 per cento. NA"
6601,97.2,97.2,2.8,"Aire-la-Ville (GE)","A Aire-la-Ville, l'Iniziativa ""No a una Svizzera da 10 milioni!"" è approvata con il 97,2 per cento. NA"
6602,32.2,32.2,67.8,"Anières (GE)","La popolazione di Anières respinge l'Iniziativa ""No a una Svizzera da 10 milioni!"" con il 67,8 per cento. NA"
6603,69.8,69.8,30.2,"Avully (GE)","Sì all'Iniziativa ""No a una Svizzera da 10 milioni!"" a Avully, con il 69,8 per cento di voti favorevoli. NA"
6604,59.1,59.1,40.9,"Avusy (GE)","Sì all'Iniziativa ""No a una Svizzera da 10 milioni!"" a Avusy con il 59,1 per cento. NA"
6605,16.3,16.3,83.7,"Bardonnex (GE)","Con il 83,7 per cento dei voti, l'Iniziativa ""No a una Svizzera da 10 milioni!"" viene respinta a Bardonnex. NA"
6606,14.5,14.5,85.5,"Bellevue (GE)","La popolazione di Bellevue respinge l'Iniziativa ""No a una Svizzera da 10 milioni!"" con il 85,5 per cento. NA"
6607,61.5,61.5,38.5,"Bernex (GE)","Sì all'Iniziativa ""No a una Svizzera da 10 milioni!"" a Bernex, con il 61,5 per cento di voti favorevoli. NA"
6608,5,5,95,"Carouge (GE)","A Carouge l'Iniziativa ""No a una Svizzera da 10 milioni!"" è stata respinta con il 95 per cento. NA"
6609,43.4,43.4,56.6,"Cartigny (GE)","Con il 56,6 per cento dei voti, Cartigny ha respinto l'Iniziativa ""No a una Svizzera da 10 milioni!"". NA"
6610,64.7,64.7,35.3,"Céligny (GE)","A Céligny, l'Iniziativa ""No a una Svizzera da 10 milioni!"" è stata approvata con il 64,7 per cento. NA"
6611,71.7,71.7,28.3,"Chancy (GE)","La popolazione di Chancy approva l'Iniziativa ""No a una Svizzera da 10 milioni!"" con il 71,7 per cento. NA"
6612,9.2,9.2,90.8,"Chêne-Bougeries (GE)","A Chêne-Bougeries, l'Iniziativa ""No a una Svizzera da 10 milioni!"" è stata respinta con il 90,8 per cento. NA"
6613,53.3,53.3,46.7,"Chêne-Bourg (GE)","A Chêne-Bourg, l'Iniziativa ""No a una Svizzera da 10 milioni!"" è approvata con il 53,3 per cento. NA"
6614,31.2,31.2,68.8,"Choulex (GE)","La popolazione di Choulex respinge l'Iniziativa ""No a una Svizzera da 10 milioni!"" con il 68,8 per cento. NA"
6615,50.6,50.6,49.4,"Collex-Bossy (GE)","Sì all'Iniziativa ""No a una Svizzera da 10 milioni!"" a Collex-Bossy con il 50,6 per cento. NA"
6616,89.6,89.6,10.4,"Collonge-Bellerive (GE)","A Collonge-Bellerive, l'Iniziativa ""No a una Svizzera da 10 milioni!"" è stata approvata con il 89,6 per cento. NA"
6617,47.9,47.9,52.1,"Cologny (GE)","A Cologny l'Iniziativa ""No a una Svizzera da 10 milioni!"" non ottiene la maggioranza: 52,1 per cento di no. NA"
6618,60.5,60.5,39.5,"Confignon (GE)","A Confignon, l'Iniziativa ""No a una Svizzera da 10 milioni!"" è stata approvata con il 60,5 per cento. NA"
6619,94,94,6,"Corsier (GE)","Sì all'Iniziativa ""No a una Svizzera da 10 milioni!"" a Corsier GE, con il 94 per cento di voti favorevoli. NA"
6620,62.6,62.6,37.4,"Dardagny (GE)","Sì all'Iniziativa ""No a una Svizzera da 10 milioni!"" a Dardagny, con il 62,6 per cento di voti favorevoli. NA"
6621,18.9,18.9,81.1,"Ginevra (GE)","A Ginevra l'Iniziativa ""No a una Svizzera da 10 milioni!"" è stata respinta con il 81,1 per cento. NA"
6622,62.1,62.1,37.9,"Genthod (GE)","Sì all'Iniziativa ""No a una Svizzera da 10 milioni!"" a Genthod: 62,1 per cento. NA"
6623,16.6,16.6,83.4,"Le Grand-Saconnex (GE)","La popolazione di Le Grand-Saconnex respinge l'Iniziativa ""No a una Svizzera da 10 milioni!"" con il 83,4 per cento. NA"
6624,52.6,52.6,47.4,"Gy (GE)","A Gy, l'Iniziativa ""No a una Svizzera da 10 milioni!"" è approvata con il 52,6 per cento. NA"
6625,78.2,78.2,21.8,"Hermance (GE)","A Hermance l'Iniziativa ""No a una Svizzera da 10 milioni!"" è stata approvata con il 78,2 per cento. NA"
6626,58.4,58.4,41.6,"Jussy (GE)","A Jussy l'Iniziativa ""No a una Svizzera da 10 milioni!"" è stata approvata con il 58,4 per cento. NA"
6627,29.9,29.9,70.1,"Laconnex (GE)","La popolazione di Laconnex respinge l'Iniziativa ""No a una Svizzera da 10 milioni!"" con il 70,1 per cento. NA"
6628,68.8,68.8,31.2,"Lancy (GE)","A Lancy, l'Iniziativa ""No a una Svizzera da 10 milioni!"" è approvata con il 68,8 per cento. NA"
6629,30.4,30.4,69.6,"Meinier (GE)","A Meinier, l'Iniziativa ""No a una Svizzera da 10 milioni!"" è stata respinta con il 69,6 per cento. NA"
6630,53.8,53.8,46.2,"Meyrin (GE)","Sì all'Iniziativa ""No a una Svizzera da 10 milioni!"" a Meyrin: 53,8 per cento. NA"
6631,53.4,53.4,46.6,"Onex (GE)","A Onex, l'Iniziativa ""No a una Svizzera da 10 milioni!"" è approvata con il 53,4 per cento. NA"
6632,94,94,6,"Perly-Certoux (GE)","La popolazione di Perly-Certoux approva l'Iniziativa ""No a una Svizzera da 10 milioni!"" con il 94 per cento. NA"
6633,86.4,86.4,13.6,"Plan-les-Ouates (GE)","A Plan-les-Ouates, l'Iniziativa ""No a una Svizzera da 10 milioni!"" è approvata con il 86,4 per cento. NA"
6634,38.2,38.2,61.8,"Pregny-Chambésy (GE)","A Pregny-Chambésy, l'Iniziativa ""No a una Svizzera da 10 milioni!"" è stata respinta con il 61,8 per cento. NA"
6635,28.5,28.5,71.5,"Presinge (GE)","Con il 71,5 per cento dei voti, l'Iniziativa ""No a una Svizzera da 10 milioni!"" viene respinta a Presinge. NA"
6636,43.1,43.1,56.9,"Puplinge (GE)","La popolazione di Puplinge respinge l'Iniziativa ""No a una Svizzera da 10 milioni!"" con il 56,9 per cento. NA"
6637,44.2,44.2,55.8,"Russin (GE)","A Russin l'Iniziativa ""No a una Svizzera da 10 milioni!"" è stata respinta con il 55,8 per cento. NA"
6638,55.8,55.8,44.2,"Satigny (GE)","Sì all'Iniziativa ""No a una Svizzera da 10 milioni!"" a Satigny, con il 55,8 per cento di voti favorevoli. NA"
6639,82.3,82.3,17.7,"Soral (GE)","Sì all'Iniziativa ""No a una Svizzera da 10 milioni!"" a Soral: 82,3 per cento. NA"
6640,52.3,52.3,47.7,"Thônex (GE)","Sì all'Iniziativa ""No a una Svizzera da 10 milioni!"" a Thônex, con il 52,3 per cento di voti favorevoli. NA"
6641,28.9,28.9,71.1,"Troinex (GE)","Con il 71,1 per cento dei voti, Troinex ha respinto l'Iniziativa ""No a una Svizzera da 10 milioni!"". NA"
6642,19,19,81,"Vandoeuvres (GE)","La popolazione di Vandoeuvres respinge l'Iniziativa ""No a una Svizzera da 10 milioni!"" con il 81 per cento. NA"
6643,48.5,48.5,51.5,"Vernier (GE)","La popolazione di Vernier respinge l'Iniziativa ""No a una Svizzera da 10 milioni!"" con il 51,5 per cento. NA"
6644,24.5,24.5,75.5,"Versoix (GE)","A Versoix l'Iniziativa ""No a una Svizzera da 10 milioni!"" non ottiene la maggioranza: 75,5 per cento di no. NA"
6645,3.8,3.8,96.2,"Veyrier (GE)","La popolazione di Veyrier respinge l'Iniziativa ""No a una Svizzera da 10 milioni!"" con il 96,2 per cento. NA"
6702,89.8,89.8,10.2,"Boécourt (JU)","Sì all'Iniziativa ""No a una Svizzera da 10 milioni!"" a Boécourt con il 89,8 per cento. NA"
6703,28.3,28.3,71.7,"Bourrignon (JU)","La popolazione di Bourrignon respinge l'Iniziativa ""No a una Svizzera da 10 milioni!"" con il 71,7 per cento. NA"
6704,62.6,62.6,37.4,"Châtillon (JU)","A Châtillon JU, l'Iniziativa ""No a una Svizzera da 10 milioni!"" è approvata con il 62,6 per cento. NA"
6706,58.1,58.1,41.9,"Courchapoix (JU)","Sì all'Iniziativa ""No a una Svizzera da 10 milioni!"" a Courchapoix con il 58,1 per cento. NA"
6708,47.8,47.8,52.2,"Courrendlin (JU)","A Courrendlin, l'Iniziativa ""No a una Svizzera da 10 milioni!"" è stata respinta con il 52,2 per cento. NA"
6709,3.6,3.6,96.4,"Courroux (JU)","La popolazione di Courroux respinge l'Iniziativa ""No a una Svizzera da 10 milioni!"" con il 96,4 per cento. NA"
6710,35.2,35.2,64.8,"Courtételle (JU)","La popolazione di Courtételle respinge l'Iniziativa ""No a una Svizzera da 10 milioni!"" con il 64,8 per cento. NA"
6711,1.7,1.7,98.3,"Delémont (JU)","A Delémont, l'Iniziativa ""No a una Svizzera da 10 milioni!"" è stata respinta con il 98,3 per cento. NA"
6712,6.5,6.5,93.5,"Develier (JU)","Con il 93,5 per cento dei voti, l'Iniziativa ""No a una Svizzera da 10 milioni!"" viene respinta a Develier. NA"
6713,25.6,25.6,74.4,"Ederswiler (JU)","La popolazione di Ederswiler respinge l'Iniziativa ""No a una Svizzera da 10 milioni!"" con il 74,4 per cento. NA"
6715,54.6,54.6,45.4,"Mervelier (JU)","La popolazione di Mervelier approva l'Iniziativa ""No a una Svizzera da 10 milioni!"" con il 54,6 per cento. NA"
6716,52,52,48,"Mettembert (JU)","Sì all'Iniziativa ""No a una Svizzera da 10 milioni!"" a Mettembert, con il 52 per cento di voti favorevoli. NA"
6718,25.2,25.2,74.8,"Movelier (JU)","Con il 74,8 per cento dei voti, Movelier ha respinto l'Iniziativa ""No a una Svizzera da 10 milioni!"". NA"
6719,29.5,29.5,70.5,"Pleigne (JU)","Con il 70,5 per cento dei voti, Pleigne ha respinto l'Iniziativa ""No a una Svizzera da 10 milioni!"". NA"
6721,38.9,38.9,61.1,"Rossemaison (JU)","La popolazione di Rossemaison respinge l'Iniziativa ""No a una Svizzera da 10 milioni!"" con il 61,1 per cento. NA"
6722,16,16,84,"Saulcy (JU)","A Saulcy l'Iniziativa ""No a una Svizzera da 10 milioni!"" non ottiene la maggioranza: 84 per cento di no. NA"
6724,68.2,68.2,31.8,"Soyhières (JU)","Sì all'Iniziativa ""No a una Svizzera da 10 milioni!"" a Soyhières: 68,2 per cento. NA"
6729,32.1,32.1,67.9,"Haute-Sorne (JU)","Con il 67,9 per cento dei voti, Haute-Sorne ha respinto l'Iniziativa ""No a una Svizzera da 10 milioni!"". NA"
6730,55.4,55.4,44.6,"Val Terbi (JU)","La popolazione di Val Terbi approva l'Iniziativa ""No a una Svizzera da 10 milioni!"" con il 55,4 per cento. NA"
6741,36.6,36.6,63.4,"Le Bémont (JU)","La popolazione di Le Bémont JU respinge l'Iniziativa ""No a una Svizzera da 10 milioni!"" con il 63,4 per cento. NA"
6742,80.5,80.5,19.5,"Les Bois (JU)","A Les Bois l'Iniziativa ""No a una Svizzera da 10 milioni!"" è stata approvata con il 80,5 per cento. NA"
6743,62.3,62.3,37.7,"Les Breuleux (JU)","Sì all'Iniziativa ""No a una Svizzera da 10 milioni!"" a Les Breuleux con il 62,3 per cento. NA"
6745,37.1,37.1,62.9,"Les Enfers (JU)","A Les Enfers l'Iniziativa ""No a una Svizzera da 10 milioni!"" non ottiene la maggioranza: 62,9 per cento di no. NA"
6748,51.4,51.4,48.6,"Les Genevez (JU)","La popolazione di Les Genevez JU approva l'Iniziativa ""No a una Svizzera da 10 milioni!"" con il 51,4 per cento. NA"
6750,10.4,10.4,89.6,"Lajoux (JU)","Con il 89,6 per cento dei voti, Lajoux JU ha respinto l'Iniziativa ""No a una Svizzera da 10 milioni!"". NA"
6751,98.2,98.2,1.8,"Montfaucon (JU)","Sì all'Iniziativa ""No a una Svizzera da 10 milioni!"" a Montfaucon, con il 98,2 per cento di voti favorevoli. NA"
6753,85,85,15,"Muriaux (JU)","A Muriaux, l'Iniziativa ""No a una Svizzera da 10 milioni!"" è approvata con il 85 per cento. NA"
6754,98.2,98.2,1.8,"Le Noirmont (JU)","A Le Noirmont, l'Iniziativa ""No a una Svizzera da 10 milioni!"" è approvata con il 98,2 per cento. NA"
6757,64.8,64.8,35.2,"Saignelégier (JU)","Sì all'Iniziativa ""No a una Svizzera da 10 milioni!"" a Saignelégier con il 64,8 per cento. NA"
6758,36.6,36.6,63.4,"Saint-Brais (JU)","Con il 63,4 per cento dei voti, Saint-Brais ha respinto l'Iniziativa ""No a una Svizzera da 10 milioni!"". NA"
6759,37,37,63,"Soubey (JU)","A Soubey, l'Iniziativa ""No a una Svizzera da 10 milioni!"" è stata respinta con il 63 per cento. NA"
6771,54.5,54.5,45.5,"Alle (JU)","A Alle, l'Iniziativa ""No a una Svizzera da 10 milioni!"" è approvata con il 54,5 per cento. NA"
6774,52.4,52.4,47.6,"Boncourt (JU)","Sì all'Iniziativa ""No a una Svizzera da 10 milioni!"" a Boncourt, con il 52,4 per cento di voti favorevoli. NA"
6778,59.6,59.6,40.4,"Bure (JU)","Sì all'Iniziativa ""No a una Svizzera da 10 milioni!"" a Bure: 59,6 per cento. NA"
6781,30.1,30.1,69.9,"Coeuve (JU)","La popolazione di Coeuve respinge l'Iniziativa ""No a una Svizzera da 10 milioni!"" con il 69,9 per cento. NA"
6782,16.3,16.3,83.7,"Cornol (JU)","A Cornol, l'Iniziativa ""No a una Svizzera da 10 milioni!"" è stata respinta con il 83,7 per cento. NA"
6783,27.1,27.1,72.9,"Courchavon (JU)","La popolazione di Courchavon respinge l'Iniziativa ""No a una Svizzera da 10 milioni!"" con il 72,9 per cento. NA"
6784,51.2,51.2,48.8,"Courgenay (JU)","A Courgenay, l'Iniziativa ""No a una Svizzera da 10 milioni!"" è approvata con il 51,2 per cento. NA"
6785,30.3,30.3,69.7,"Courtedoux (JU)","La popolazione di Courtedoux respinge l'Iniziativa ""No a una Svizzera da 10 milioni!"" con il 69,7 per cento. NA"
6789,46.5,46.5,53.5,"Fahy (JU)","A Fahy l'Iniziativa ""No a una Svizzera da 10 milioni!"" è stata respinta con il 53,5 per cento. NA"
6790,42.1,42.1,57.9,"Fontenais (JU)","A Fontenais, l'Iniziativa ""No a una Svizzera da 10 milioni!"" è stata respinta con il 57,9 per cento. NA"
6792,88.4,88.4,11.6,"Grandfontaine (JU)","La popolazione di Grandfontaine approva l'Iniziativa ""No a una Svizzera da 10 milioni!"" con il 88,4 per cento. NA"
6800,53.2,53.2,46.8,"Porrentruy (JU)","A Porrentruy, l'Iniziativa ""No a una Svizzera da 10 milioni!"" è stata approvata con il 53,2 per cento. NA"
6806,50.2,50.2,49.8,"Vendlincourt (JU)","La popolazione di Vendlincourt approva l'Iniziativa ""No a una Svizzera da 10 milioni!"" con il 50,2 per cento. NA"
6807,69.8,69.8,30.2,"Basse-Allaine (JU)","A Basse-Allaine, l'Iniziativa ""No a una Svizzera da 10 milioni!"" è approvata con il 69,8 per cento. NA"
6808,51.9,51.9,48.1,"Clos du Doubs (JU)","Sì all'Iniziativa ""No a una Svizzera da 10 milioni!"" a Clos du Doubs: 51,9 per cento. NA"
6809,48.6,48.6,51.4,"Haute-Ajoie (JU)","A Haute-Ajoie l'Iniziativa ""No a una Svizzera da 10 milioni!"" è stata respinta con il 51,4 per cento. NA"
6810,19.1,19.1,80.9,"La Baroche (JU)","A La Baroche, l'Iniziativa ""No a una Svizzera da 10 milioni!"" è stata respinta con il 80,9 per cento. NA"
6811,26.7,26.7,73.3,"Damphreux-Lugnez (JU)","A Damphreux-Lugnez, l'Iniziativa ""No a una Svizzera da 10 milioni!"" è stata respinta con il 73,3 per cento. NA"
6812,61.5,61.5,38.5,"Basse-Vendline (JU)","Sì all'Iniziativa ""No a una Svizzera da 10 milioni!"" a Basse-Vendline: 61,5 per cento. NA"
6831,49.7,49.7,50.3,"Moutier (JU)","La popolazione di Moutier respinge l'Iniziativa ""No a una Svizzera da 10 milioni!"" con il 50,3 per cento. NA"
